solid ASCII
  facet normal 0.000000e+00 1.000000e+00 0.000000e+00
    outer loop
      vertex   4.951024e+00 1.845000e+02 6.142639e-01
      vertex   2.732484e+00 1.845000e+02 2.391982e-01
      vertex   4.716794e+00 1.845000e+02 1.506722e+00
    endloop
  endfacet
  facet normal 0.000000e+00 1.000000e+00 0.000000e+00
    outer loop
      vertex   4.716794e+00 1.845000e+02 1.506722e+00
      vertex   2.732484e+00 1.845000e+02 2.391982e-01
      vertex   2.537318e+00 1.845000e+02 8.998913e-01
    endloop
  endfacet
  facet normal 0.000000e+00 1.000000e+00 0.000000e+00
    outer loop
      vertex   4.716794e+00 1.845000e+02 1.506722e+00
      vertex   2.537318e+00 1.845000e+02 8.998913e-01
      vertex   4.322564e+00 1.845000e+02 2.340945e+00
    endloop
  endfacet
  facet normal 0.000000e+00 1.000000e+00 0.000000e+00
    outer loop
      vertex   4.322564e+00 1.845000e+02 2.340945e+00
      vertex   2.537318e+00 1.845000e+02 8.998913e-01
      vertex   2.184066e+00 1.845000e+02 1.491346e+00
    endloop
  endfacet
  facet normal 0.000000e+00 1.000000e+00 0.000000e+00
    outer loop
      vertex   4.322564e+00 1.845000e+02 2.340945e+00
      vertex   2.184066e+00 1.845000e+02 1.491346e+00
      vertex   3.781758e+00 1.845000e+02 3.088523e+00
    endloop
  endfacet
  facet normal 0.000000e+00 1.000000e+00 0.000000e+00
    outer loop
      vertex   3.781758e+00 1.845000e+02 3.088523e+00
      vertex   2.184066e+00 1.845000e+02 1.491346e+00
      vertex   1.694898e+00 1.845000e+02 1.976443e+00
    endloop
  endfacet
  facet normal 0.000000e+00 1.000000e+00 0.000000e+00
    outer loop
      vertex   3.781758e+00 1.845000e+02 3.088523e+00
      vertex   1.694898e+00 1.845000e+02 1.976443e+00
      vertex   3.112793e+00 1.845000e+02 3.724000e+00
    endloop
  endfacet
  facet normal 0.000000e+00 1.000000e+00 0.000000e+00
    outer loop
      vertex   3.112793e+00 1.845000e+02 3.724000e+00
      vertex   1.694898e+00 1.845000e+02 1.976443e+00
      vertex   2.338450e+00 1.845000e+02 4.225735e+00
    endloop
  endfacet
  facet normal 0.000000e+00 1.000000e+00 0.000000e+00
    outer loop
      vertex   2.338450e+00 1.845000e+02 4.225735e+00
      vertex   1.694898e+00 1.845000e+02 1.976443e+00
      vertex   1.100512e+00 1.845000e+02 2.324740e+00
    endloop
  endfacet
  facet normal 0.000000e+00 1.000000e+00 0.000000e+00
    outer loop
      vertex   2.338450e+00 1.845000e+02 4.225735e+00
      vertex   1.100512e+00 1.845000e+02 2.324740e+00
      vertex   1.485098e+00 1.845000e+02 4.576642e+00
    endloop
  endfacet
  facet normal 0.000000e+00 1.000000e+00 0.000000e+00
    outer loop
      vertex   1.485098e+00 1.845000e+02 4.576642e+00
      vertex   1.100512e+00 1.845000e+02 2.324740e+00
      vertex   4.382113e-01 1.845000e+02 2.514378e+00
    endloop
  endfacet
  facet normal 0.000000e+00 1.000000e+00 0.000000e+00
    outer loop
      vertex   1.485098e+00 1.845000e+02 4.576642e+00
      vertex   4.382113e-01 1.845000e+02 2.514378e+00
      vertex   5.817967e-01 1.845000e+02 4.764770e+00
    endloop
  endfacet
  facet normal 0.000000e+00 1.000000e+00 0.000000e+00
    outer loop
      vertex   5.817967e-01 1.845000e+02 4.764770e+00
      vertex   4.382113e-01 1.845000e+02 2.514378e+00
      vertex   -2.504403e-01 1.845000e+02 2.533456e+00
    endloop
  endfacet
  facet normal 0.000000e+00 1.000000e+00 0.000000e+00
    outer loop
      vertex   5.817967e-01 1.845000e+02 4.764770e+00
      vertex   -2.504403e-01 1.845000e+02 2.533456e+00
      vertex   -3.406924e-01 1.845000e+02 4.783715e+00
    endloop
  endfacet
  facet normal 0.000000e+00 1.000000e+00 0.000000e+00
    outer loop
      vertex   -3.406924e-01 1.845000e+02 4.783715e+00
      vertex   -2.504403e-01 1.845000e+02 2.533456e+00
      vertex   -1.250955e+00 1.845000e+02 4.632830e+00
    endloop
  endfacet
  facet normal 0.000000e+00 1.000000e+00 0.000000e+00
    outer loop
      vertex   -1.250955e+00 1.845000e+02 4.632830e+00
      vertex   -2.504403e-01 1.845000e+02 2.533456e+00
      vertex   -9.222245e-01 1.845000e+02 2.380776e+00
    endloop
  endfacet
  facet normal 0.000000e+00 1.000000e+00 0.000000e+00
    outer loop
      vertex   -1.250955e+00 1.845000e+02 4.632830e+00
      vertex   -9.222245e-01 1.845000e+02 2.380776e+00
      vertex   -2.117994e+00 1.845000e+02 4.317253e+00
    endloop
  endfacet
  facet normal 0.000000e+00 1.000000e+00 0.000000e+00
    outer loop
      vertex   -2.117994e+00 1.845000e+02 4.317253e+00
      vertex   -9.222245e-01 1.845000e+02 2.380776e+00
      vertex   -1.534982e+00 1.845000e+02 2.065921e+00
    endloop
  endfacet
  facet normal 0.000000e+00 1.000000e+00 0.000000e+00
    outer loop
      vertex   -2.117994e+00 1.845000e+02 4.317253e+00
      vertex   -1.534982e+00 1.845000e+02 2.065921e+00
      vertex   -2.912283e+00 1.845000e+02 3.847732e+00
    endloop
  endfacet
  facet normal 0.000000e+00 1.000000e+00 0.000000e+00
    outer loop
      vertex   -2.912283e+00 1.845000e+02 3.847732e+00
      vertex   -1.534982e+00 1.845000e+02 2.065921e+00
      vertex   -3.606774e+00 1.845000e+02 3.240255e+00
    endloop
  endfacet
  facet normal 0.000000e+00 1.000000e+00 0.000000e+00
    outer loop
      vertex   -3.606774e+00 1.845000e+02 3.240255e+00
      vertex   -1.534982e+00 1.845000e+02 2.065921e+00
      vertex   -2.050256e+00 1.845000e+02 1.608650e+00
    endloop
  endfacet
  facet normal 0.000000e+00 1.000000e+00 0.000000e+00
    outer loop
      vertex   -3.606774e+00 1.845000e+02 3.240255e+00
      vertex   -2.050256e+00 1.845000e+02 1.608650e+00
      vertex   -4.177816e+00 1.845000e+02 2.515510e+00
    endloop
  endfacet
  facet normal 0.000000e+00 1.000000e+00 0.000000e+00
    outer loop
      vertex   -4.177816e+00 1.845000e+02 2.515510e+00
      vertex   -2.050256e+00 1.845000e+02 1.608650e+00
      vertex   -2.435711e+00 1.845000e+02 1.037660e+00
    endloop
  endfacet
  facet normal 0.000000e+00 1.000000e+00 0.000000e+00
    outer loop
      vertex   -4.177816e+00 1.845000e+02 2.515510e+00
      vertex   -2.435711e+00 1.845000e+02 1.037660e+00
      vertex   -4.605963e+00 1.845000e+02 1.698176e+00
    endloop
  endfacet
  facet normal 0.000000e+00 1.000000e+00 0.000000e+00
    outer loop
      vertex   -4.605963e+00 1.845000e+02 1.698176e+00
      vertex   -2.435711e+00 1.845000e+02 1.037660e+00
      vertex   -2.667156e+00 1.845000e+02 3.887851e-01
    endloop
  endfacet
  facet normal 0.000000e+00 1.000000e+00 0.000000e+00
    outer loop
      vertex   -4.605963e+00 1.845000e+02 1.698176e+00
      vertex   -2.667156e+00 1.845000e+02 3.887851e-01
      vertex   -4.876635e+00 1.845000e+02 8.160864e-01
    endloop
  endfacet
  facet normal 0.000000e+00 1.000000e+00 0.000000e+00
    outer loop
      vertex   -4.876635e+00 1.845000e+02 8.160864e-01
      vertex   -2.667156e+00 1.845000e+02 3.887851e-01
      vertex   -4.980615e+00 1.845000e+02 -1.007195e-01
    endloop
  endfacet
  facet normal -0.000000e+00 1.000000e+00 0.000000e+00
    outer loop
      vertex   -4.980615e+00 1.845000e+02 -1.007195e-01
      vertex   -2.667156e+00 1.845000e+02 3.887851e-01
      vertex   -2.730066e+00 1.845000e+02 -2.972523e-01
    endloop
  endfacet
  facet normal 0.000000e+00 1.000000e+00 0.000000e+00
    outer loop
      vertex   -4.980615e+00 1.845000e+02 -1.007195e-01
      vertex   -2.730066e+00 1.845000e+02 -2.972523e-01
      vertex   -4.914362e+00 1.845000e+02 -1.021021e+00
    endloop
  endfacet
  facet normal 0.000000e+00 1.000000e+00 0.000000e+00
    outer loop
      vertex   -4.914362e+00 1.845000e+02 -1.021021e+00
      vertex   -2.730066e+00 1.845000e+02 -2.972523e-01
      vertex   -2.620493e+00 1.845000e+02 -9.773985e-01
    endloop
  endfacet
  facet normal -0.000000e+00 1.000000e+00 0.000000e+00
    outer loop
      vertex   -4.914362e+00 1.845000e+02 -1.021021e+00
      vertex   -2.620493e+00 1.845000e+02 -9.773985e-01
      vertex   -4.680132e+00 1.845000e+02 -1.913479e+00
    endloop
  endfacet
  facet normal 0.000000e+00 1.000000e+00 0.000000e+00
    outer loop
      vertex   -4.680132e+00 1.845000e+02 -1.913479e+00
      vertex   -2.620493e+00 1.845000e+02 -9.773985e-01
      vertex   -2.345314e+00 1.845000e+02 -1.608969e+00
    endloop
  endfacet
  facet normal -0.000000e+00 1.000000e+00 0.000000e+00
    outer loop
      vertex   -4.680132e+00 1.845000e+02 -1.913479e+00
      vertex   -2.345314e+00 1.845000e+02 -1.608969e+00
      vertex   -4.285902e+00 1.845000e+02 -2.747702e+00
    endloop
  endfacet
  facet normal -0.000000e+00 1.000000e+00 0.000000e+00
    outer loop
      vertex   -4.285902e+00 1.845000e+02 -2.747702e+00
      vertex   -2.345314e+00 1.845000e+02 -1.608969e+00
      vertex   -3.745096e+00 1.845000e+02 -3.495281e+00
    endloop
  endfacet
  facet normal 0.000000e+00 1.000000e+00 0.000000e+00
    outer loop
      vertex   -3.745096e+00 1.845000e+02 -3.495281e+00
      vertex   -2.345314e+00 1.845000e+02 -1.608969e+00
      vertex   -1.921797e+00 1.845000e+02 -2.152328e+00
    endloop
  endfacet
  facet normal -0.000000e+00 1.000000e+00 0.000000e+00
    outer loop
      vertex   -3.745096e+00 1.845000e+02 -3.495281e+00
      vertex   -1.921797e+00 1.845000e+02 -2.152328e+00
      vertex   -3.076131e+00 1.845000e+02 -4.130758e+00
    endloop
  endfacet
  facet normal 0.000000e+00 1.000000e+00 0.000000e+00
    outer loop
      vertex   -3.076131e+00 1.845000e+02 -4.130758e+00
      vertex   -1.921797e+00 1.845000e+02 -2.152328e+00
      vertex   -1.376523e+00 1.845000e+02 -2.573375e+00
    endloop
  endfacet
  facet normal -0.000000e+00 1.000000e+00 0.000000e+00
    outer loop
      vertex   -3.076131e+00 1.845000e+02 -4.130758e+00
      vertex   -1.376523e+00 1.845000e+02 -2.573375e+00
      vertex   -2.301788e+00 1.845000e+02 -4.632493e+00
    endloop
  endfacet
  facet normal -0.000000e+00 1.000000e+00 0.000000e+00
    outer loop
      vertex   -2.301788e+00 1.845000e+02 -4.632493e+00
      vertex   -1.376523e+00 1.845000e+02 -2.573375e+00
      vertex   -1.448436e+00 1.845000e+02 -4.983399e+00
    endloop
  endfacet
  facet normal -0.000000e+00 1.000000e+00 0.000000e+00
    outer loop
      vertex   -1.448436e+00 1.845000e+02 -4.983399e+00
      vertex   -1.376523e+00 1.845000e+02 -2.573375e+00
      vertex   -5.451349e-01 1.845000e+02 -5.171528e+00
    endloop
  endfacet
  facet normal -0.000000e+00 1.000000e+00 -0.000000e+00
    outer loop
      vertex   -5.451349e-01 1.845000e+02 -5.171528e+00
      vertex   -1.376523e+00 1.845000e+02 -2.573375e+00
      vertex   3.773541e-01 1.845000e+02 -5.190472e+00
    endloop
  endfacet
  facet normal 0.000000e+00 1.000000e+00 -0.000000e+00
    outer loop
      vertex   3.773541e-01 1.845000e+02 -5.190472e+00
      vertex   -1.376523e+00 1.845000e+02 -2.573375e+00
      vertex   1.287617e+00 1.845000e+02 -5.039587e+00
    endloop
  endfacet
  facet normal 0.000000e+00 1.000000e+00 -0.000000e+00
    outer loop
      vertex   1.287617e+00 1.845000e+02 -5.039587e+00
      vertex   -1.376523e+00 1.845000e+02 -2.573375e+00
      vertex   2.610255e+00 1.845000e+02 -1.122307e+00
    endloop
  endfacet
  facet normal 0.000000e+00 1.000000e+00 0.000000e+00
    outer loop
      vertex   1.287617e+00 1.845000e+02 -5.039587e+00
      vertex   2.610255e+00 1.845000e+02 -1.122307e+00
      vertex   2.154656e+00 1.845000e+02 -4.724011e+00
    endloop
  endfacet
  facet normal 0.000000e+00 1.000000e+00 0.000000e+00
    outer loop
      vertex   2.154656e+00 1.845000e+02 -4.724011e+00
      vertex   2.610255e+00 1.845000e+02 -1.122307e+00
      vertex   2.948945e+00 1.845000e+02 -4.254490e+00
    endloop
  endfacet
  facet normal 0.000000e+00 1.000000e+00 -0.000000e+00
    outer loop
      vertex   2.948945e+00 1.845000e+02 -4.254490e+00
      vertex   2.610255e+00 1.845000e+02 -1.122307e+00
      vertex   3.643435e+00 1.845000e+02 -3.647013e+00
    endloop
  endfacet
  facet normal 0.000000e+00 1.000000e+00 -0.000000e+00
    outer loop
      vertex   3.643435e+00 1.845000e+02 -3.647013e+00
      vertex   2.610255e+00 1.845000e+02 -1.122307e+00
      vertex   4.214477e+00 1.845000e+02 -2.922267e+00
    endloop
  endfacet
  facet normal 0.000000e+00 1.000000e+00 -0.000000e+00
    outer loop
      vertex   4.214477e+00 1.845000e+02 -2.922267e+00
      vertex   2.610255e+00 1.845000e+02 -1.122307e+00
      vertex   4.642624e+00 1.845000e+02 -2.104933e+00
    endloop
  endfacet
  facet normal 0.000000e+00 1.000000e+00 -0.000000e+00
    outer loop
      vertex   4.642624e+00 1.845000e+02 -2.104933e+00
      vertex   2.610255e+00 1.845000e+02 -1.122307e+00
      vertex   4.913297e+00 1.845000e+02 -1.222844e+00
    endloop
  endfacet
  facet normal 0.000000e+00 1.000000e+00 0.000000e+00
    outer loop
      vertex   4.913297e+00 1.845000e+02 -1.222844e+00
      vertex   2.610255e+00 1.845000e+02 -1.122307e+00
      vertex   2.757316e+00 1.845000e+02 -4.492700e-01
    endloop
  endfacet
  facet normal 0.000000e+00 1.000000e+00 -0.000000e+00
    outer loop
      vertex   4.913297e+00 1.845000e+02 -1.222844e+00
      vertex   2.757316e+00 1.845000e+02 -4.492700e-01
      vertex   5.017277e+00 1.845000e+02 -3.060380e-01
    endloop
  endfacet
  facet normal 0.000000e+00 1.000000e+00 0.000000e+00
    outer loop
      vertex   5.017277e+00 1.845000e+02 -3.060380e-01
      vertex   2.757316e+00 1.845000e+02 -4.492700e-01
      vertex   2.732484e+00 1.845000e+02 2.391982e-01
    endloop
  endfacet
  facet normal 0.000000e+00 1.000000e+00 0.000000e+00
    outer loop
      vertex   5.017277e+00 1.845000e+02 -3.060380e-01
      vertex   2.732484e+00 1.845000e+02 2.391982e-01
      vertex   4.951024e+00 1.845000e+02 6.142639e-01
    endloop
  endfacet
  facet normal -9.256877e-02 -4.737500e-16 -9.957063e-01
    outer loop
      vertex   3.004569e+00 8.576435e+01 1.944353e+01
      vertex   3.004569e+00 1.002644e+02 1.944353e+01
      vertex   4.401907e+00 8.576435e+01 1.931362e+01
    endloop
  endfacet
  facet normal -9.256877e-02 -4.709149e-16 -9.957063e-01
    outer loop
      vertex   4.401907e+00 8.576435e+01 1.931362e+01
      vertex   3.004569e+00 1.002644e+02 1.944353e+01
      vertex   4.401907e+00 1.002644e+02 1.931362e+01
    endloop
  endfacet
  facet normal -1.454278e-01 -4.580959e-16 -9.893689e-01
    outer loop
      vertex   4.401907e+00 8.576435e+01 1.931362e+01
      vertex   4.401907e+00 1.002644e+02 1.931362e+01
      vertex   5.790350e+00 1.002644e+02 1.910953e+01
    endloop
  endfacet
  facet normal -1.978747e-01 5.288225e-16 -9.802273e-01
    outer loop
      vertex   7.165965e+00 1.002644e+02 1.883184e+01
      vertex   7.165965e+00 8.576435e+01 1.883184e+01
      vertex   5.790350e+00 1.002644e+02 1.910953e+01
    endloop
  endfacet
  facet normal -1.978747e-01 -4.439786e-16 -9.802273e-01
    outer loop
      vertex   5.790350e+00 1.002644e+02 1.910953e+01
      vertex   7.165965e+00 8.576435e+01 1.883184e+01
      vertex   5.790350e+00 8.576435e+01 1.910953e+01
    endloop
  endfacet
  facet normal -1.454278e-01 -4.580959e-16 -9.893689e-01
    outer loop
      vertex   5.790350e+00 1.002644e+02 1.910953e+01
      vertex   5.790350e+00 8.576435e+01 1.910953e+01
      vertex   4.401907e+00 8.576435e+01 1.931362e+01
    endloop
  endfacet
  facet normal -9.227048e-02 8.021348e-02 -9.924978e-01
    outer loop
      vertex   3.004569e+00 1.002644e+02 1.944353e+01
      vertex   3.003504e+00 1.004249e+02 1.945661e+01
      vertex   4.401907e+00 1.002644e+02 1.931362e+01
    endloop
  endfacet
  facet normal -9.740658e-02 3.730771e-02 -9.945452e-01
    outer loop
      vertex   4.401907e+00 1.002644e+02 1.931362e+01
      vertex   3.003504e+00 1.004249e+02 1.945661e+01
      vertex   5.098590e+00 1.005232e+02 1.925510e+01
    endloop
  endfacet
  facet normal -1.434240e-01 1.654295e-01 -9.757370e-01
    outer loop
      vertex   4.401907e+00 1.002644e+02 1.931362e+01
      vertex   5.098590e+00 1.005232e+02 1.925510e+01
      vertex   5.790350e+00 1.002644e+02 1.910953e+01
    endloop
  endfacet
  facet normal -1.844168e-01 5.887272e-02 -9.810833e-01
    outer loop
      vertex   5.790350e+00 1.002644e+02 1.910953e+01
      vertex   5.098590e+00 1.005232e+02 1.925510e+01
      vertex   7.173594e+00 1.005232e+02 1.886505e+01
    endloop
  endfacet
  facet normal -1.961830e-01 1.304807e-01 -9.718472e-01
    outer loop
      vertex   5.790350e+00 1.002644e+02 1.910953e+01
      vertex   7.173594e+00 1.005232e+02 1.886505e+01
      vertex   7.165965e+00 1.002644e+02 1.883184e+01
    endloop
  endfacet
  facet normal -1.040392e-01 2.379224e-01 -9.656960e-01
    outer loop
      vertex   3.003504e+00 1.004249e+02 1.945661e+01
      vertex   3.000200e+00 1.005813e+02 1.949549e+01
      vertex   5.098590e+00 1.005232e+02 1.925510e+01
    endloop
  endfacet
  facet normal -9.276200e-02 4.078043e-01 -9.083451e-01
    outer loop
      vertex   5.098590e+00 1.005232e+02 1.925510e+01
      vertex   3.000200e+00 1.005813e+02 1.949549e+01
      vertex   3.064921e+00 1.007402e+02 1.956021e+01
    endloop
  endfacet
  facet normal -6.610718e-02 5.505297e-01 -8.321940e-01
    outer loop
      vertex   5.098590e+00 1.005232e+02 1.925510e+01
      vertex   3.064921e+00 1.007402e+02 1.956021e+01
      vertex   3.149926e+00 1.008794e+02 1.964556e+01
    endloop
  endfacet
  facet normal -1.137762e-01 3.826019e-01 -9.168810e-01
    outer loop
      vertex   5.098590e+00 1.005232e+02 1.925510e+01
      vertex   3.149926e+00 1.008794e+02 1.964556e+01
      vertex   5.113104e+00 1.007644e+02 1.935394e+01
    endloop
  endfacet
  facet normal -6.810938e-02 6.824382e-01 -7.277632e-01
    outer loop
      vertex   5.113104e+00 1.007644e+02 1.935394e+01
      vertex   3.149926e+00 1.008794e+02 1.964556e+01
      vertex   3.250113e+00 1.009973e+02 1.974669e+01
    endloop
  endfacet
  facet normal -9.012166e-02 6.085655e-01 -7.883693e-01
    outer loop
      vertex   5.113104e+00 1.007644e+02 1.935394e+01
      vertex   3.250113e+00 1.009973e+02 1.974669e+01
      vertex   5.136192e+00 1.009715e+02 1.951117e+01
    endloop
  endfacet
  facet normal -6.519578e-02 7.907079e-01 -6.087122e-01
    outer loop
      vertex   5.136192e+00 1.009715e+02 1.951117e+01
      vertex   3.250113e+00 1.009973e+02 1.974669e+01
      vertex   3.361259e+00 1.010933e+02 1.985952e+01
    endloop
  endfacet
  facet normal -6.442881e-02 7.931201e-01 -6.056479e-01
    outer loop
      vertex   5.136192e+00 1.009715e+02 1.951117e+01
      vertex   3.361259e+00 1.010933e+02 1.985952e+01
      vertex   5.166281e+00 1.011304e+02 1.971608e+01
    endloop
  endfacet
  facet normal -5.168885e-02 9.080757e-01 -4.156040e-01
    outer loop
      vertex   5.166281e+00 1.011304e+02 1.971608e+01
      vertex   3.361259e+00 1.010933e+02 1.985952e+01
      vertex   3.603938e+00 1.012209e+02 2.010822e+01
    endloop
  endfacet
  facet normal -4.198843e-02 9.237922e-01 -3.805850e-01
    outer loop
      vertex   5.166281e+00 1.011304e+02 1.971608e+01
      vertex   3.603938e+00 1.012209e+02 2.010822e+01
      vertex   5.201320e+00 1.012303e+02 1.995470e+01
    endloop
  endfacet
  facet normal -1.956802e-02 9.894869e-01 -1.432923e-01
    outer loop
      vertex   5.201320e+00 1.012303e+02 1.995470e+01
      vertex   3.603938e+00 1.012209e+02 2.010822e+01
      vertex   3.859233e+00 1.012643e+02 2.037320e+01
    endloop
  endfacet
  facet normal -1.443954e-02 9.917933e-01 -1.270336e-01
    outer loop
      vertex   5.201320e+00 1.012303e+02 1.995470e+01
      vertex   3.859233e+00 1.012643e+02 2.037320e+01
      vertex   5.046655e+00 1.012644e+02 2.023831e+01
    endloop
  endfacet
  facet normal -2.563873e-04 9.999976e-01 -2.182826e-03
    outer loop
      vertex   5.046655e+00 1.012644e+02 2.023831e+01
      vertex   3.859233e+00 1.012643e+02 2.037320e+01
      vertex   3.863172e+00 1.012644e+02 2.037732e+01
    endloop
  endfacet
  facet normal -2.114315e-02 9.912072e-01 -1.306190e-01
    outer loop
      vertex   5.046655e+00 1.012644e+02 2.023831e+01
      vertex   6.222961e+00 1.012644e+02 2.004790e+01
      vertex   5.201320e+00 1.012303e+02 1.995470e+01
    endloop
  endfacet
  facet normal -2.229061e-02 9.926937e-01 -1.185843e-01
    outer loop
      vertex   5.201320e+00 1.012303e+02 1.995470e+01
      vertex   6.222961e+00 1.012644e+02 2.004790e+01
      vertex   7.331913e+00 1.012303e+02 1.955421e+01
    endloop
  endfacet
  facet normal -7.074420e-02 9.237712e-01 -3.763537e-01
    outer loop
      vertex   5.201320e+00 1.012303e+02 1.995470e+01
      vertex   7.331913e+00 1.012303e+02 1.955421e+01
      vertex   7.277913e+00 1.011304e+02 1.931915e+01
    endloop
  endfacet
  facet normal -2.645344e-02 9.914409e-01 -1.278485e-01
    outer loop
      vertex   6.222961e+00 1.012644e+02 2.004790e+01
      vertex   7.389862e+00 1.012644e+02 1.980646e+01
      vertex   7.331913e+00 1.012303e+02 1.955421e+01
    endloop
  endfacet
  facet normal -7.074420e-02 9.237712e-01 -3.763537e-01
    outer loop
      vertex   5.201320e+00 1.012303e+02 1.995470e+01
      vertex   7.277913e+00 1.011304e+02 1.931915e+01
      vertex   5.166281e+00 1.011304e+02 1.971608e+01
    endloop
  endfacet
  facet normal -1.125176e-01 7.931179e-01 -5.985848e-01
    outer loop
      vertex   5.166281e+00 1.011304e+02 1.971608e+01
      vertex   7.277913e+00 1.011304e+02 1.931915e+01
      vertex   7.231543e+00 1.009715e+02 1.911730e+01
    endloop
  endfacet
  facet normal -1.125176e-01 7.931179e-01 -5.985848e-01
    outer loop
      vertex   5.166281e+00 1.011304e+02 1.971608e+01
      vertex   7.231543e+00 1.009715e+02 1.911730e+01
      vertex   5.136192e+00 1.009715e+02 1.951117e+01
    endloop
  endfacet
  facet normal -1.466054e-01 6.084547e-01 -7.799293e-01
    outer loop
      vertex   5.136192e+00 1.009715e+02 1.951117e+01
      vertex   7.231543e+00 1.009715e+02 1.911730e+01
      vertex   7.195961e+00 1.007644e+02 1.896242e+01
    endloop
  endfacet
  facet normal -1.466054e-01 6.084547e-01 -7.799293e-01
    outer loop
      vertex   5.136192e+00 1.009715e+02 1.951117e+01
      vertex   7.195961e+00 1.007644e+02 1.896242e+01
      vertex   5.113104e+00 1.007644e+02 1.935394e+01
    endloop
  endfacet
  facet normal -1.706950e-01 3.824220e-01 -9.080840e-01
    outer loop
      vertex   5.113104e+00 1.007644e+02 1.935394e+01
      vertex   7.195961e+00 1.007644e+02 1.896242e+01
      vertex   7.173594e+00 1.005232e+02 1.886505e+01
    endloop
  endfacet
  facet normal -1.706950e-01 3.824220e-01 -9.080840e-01
    outer loop
      vertex   5.113104e+00 1.007644e+02 1.935394e+01
      vertex   7.173594e+00 1.005232e+02 1.886505e+01
      vertex   5.098590e+00 1.005232e+02 1.925510e+01
    endloop
  endfacet
  facet normal -9.394955e-03 9.951752e-01 -9.766274e-02
    outer loop
      vertex   3.035738e+00 8.476435e+01 1.843909e+01
      vertex   3.037581e+00 8.478353e+01 1.863435e+01
      vertex   4.347345e+00 8.476435e+01 1.831292e+01
    endloop
  endfacet
  facet normal -1.732345e-02 9.913962e-01 -1.297438e-01
    outer loop
      vertex   4.347345e+00 8.476435e+01 1.831292e+01
      vertex   3.037581e+00 8.478353e+01 1.863435e+01
      vertex   4.989698e+00 8.479843e+01 1.848752e+01
    endloop
  endfacet
  facet normal -1.862780e-02 9.919746e-01 -1.250579e-01
    outer loop
      vertex   4.347345e+00 8.476435e+01 1.831292e+01
      vertex   4.989698e+00 8.479843e+01 1.848752e+01
      vertex   5.650627e+00 8.476435e+01 1.811879e+01
    endloop
  endfacet
  facet normal -2.595357e-02 9.900900e-01 -1.380149e-01
    outer loop
      vertex   5.650627e+00 8.476435e+01 1.811879e+01
      vertex   4.989698e+00 8.479843e+01 1.848752e+01
      vertex   7.000017e+00 8.479843e+01 1.810948e+01
    endloop
  endfacet
  facet normal -2.591834e-02 9.914392e-01 -1.279712e-01
    outer loop
      vertex   5.650627e+00 8.476435e+01 1.811879e+01
      vertex   7.000017e+00 8.479843e+01 1.810948e+01
      vertex   6.942068e+00 8.476435e+01 1.785723e+01
    endloop
  endfacet
  facet normal -2.907056e-02 9.567575e-01 -2.894304e-01
    outer loop
      vertex   3.037581e+00 8.478353e+01 1.863435e+01
      vertex   3.035763e+00 8.484040e+01 1.882252e+01
      vertex   4.989698e+00 8.479843e+01 1.848752e+01
    endloop
  endfacet
  facet normal -4.532512e-02 9.238292e-01 -3.801121e-01
    outer loop
      vertex   4.989698e+00 8.479843e+01 1.848752e+01
      vertex   3.035763e+00 8.484040e+01 1.882252e+01
      vertex   5.024773e+00 8.489833e+01 1.872614e+01
    endloop
  endfacet
  facet normal -7.077178e-02 9.237716e-01 -3.763475e-01
    outer loop
      vertex   4.989698e+00 8.479843e+01 1.848752e+01
      vertex   5.024773e+00 8.489833e+01 1.872614e+01
      vertex   7.000017e+00 8.479843e+01 1.810948e+01
    endloop
  endfacet
  facet normal -7.077178e-02 9.237716e-01 -3.763475e-01
    outer loop
      vertex   7.000017e+00 8.479843e+01 1.810948e+01
      vertex   5.024773e+00 8.489833e+01 1.872614e+01
      vertex   7.054016e+00 8.489833e+01 1.834454e+01
    endloop
  endfacet
  facet normal -1.125615e-01 7.931188e-01 -5.985754e-01
    outer loop
      vertex   7.054016e+00 8.489833e+01 1.834454e+01
      vertex   5.024773e+00 8.489833e+01 1.872614e+01
      vertex   5.054892e+00 8.505725e+01 1.893104e+01
    endloop
  endfacet
  facet normal -1.125615e-01 7.931188e-01 -5.985754e-01
    outer loop
      vertex   7.054016e+00 8.489833e+01 1.834454e+01
      vertex   5.054892e+00 8.505725e+01 1.893104e+01
      vertex   7.100387e+00 8.505725e+01 1.854639e+01
    endloop
  endfacet
  facet normal -1.466627e-01 6.084558e-01 -7.799176e-01
    outer loop
      vertex   7.100387e+00 8.505725e+01 1.854639e+01
      vertex   5.054892e+00 8.505725e+01 1.893104e+01
      vertex   5.078003e+00 8.526435e+01 1.908827e+01
    endloop
  endfacet
  facet normal -1.466627e-01 6.084558e-01 -7.799176e-01
    outer loop
      vertex   7.100387e+00 8.505725e+01 1.854639e+01
      vertex   5.078003e+00 8.526435e+01 1.908827e+01
      vertex   7.135968e+00 8.526435e+01 1.870127e+01
    endloop
  endfacet
  facet normal -1.707619e-01 3.824230e-01 -9.080711e-01
    outer loop
      vertex   7.135968e+00 8.526435e+01 1.870127e+01
      vertex   5.078003e+00 8.526435e+01 1.908827e+01
      vertex   5.092531e+00 8.550553e+01 1.918711e+01
    endloop
  endfacet
  facet normal -1.707619e-01 3.824230e-01 -9.080711e-01
    outer loop
      vertex   7.135968e+00 8.526435e+01 1.870127e+01
      vertex   5.092531e+00 8.550553e+01 1.918711e+01
      vertex   7.158336e+00 8.550553e+01 1.879864e+01
    endloop
  endfacet
  facet normal -1.810902e-01 1.996197e-01 -9.629945e-01
    outer loop
      vertex   7.158336e+00 8.550553e+01 1.879864e+01
      vertex   5.092531e+00 8.550553e+01 1.918711e+01
      vertex   5.790350e+00 8.576435e+01 1.910953e+01
    endloop
  endfacet
  facet normal -1.961830e-01 1.304807e-01 -9.718472e-01
    outer loop
      vertex   7.158336e+00 8.550553e+01 1.879864e+01
      vertex   5.790350e+00 8.576435e+01 1.910953e+01
      vertex   7.165965e+00 8.576435e+01 1.883184e+01
    endloop
  endfacet
  facet normal -4.844089e-02 8.813748e-01 -4.699277e-01
    outer loop
      vertex   3.035763e+00 8.484040e+01 1.882252e+01
      vertex   3.030949e+00 8.493248e+01 1.899571e+01
      vertex   5.024773e+00 8.489833e+01 1.872614e+01
    endloop
  endfacet
  facet normal -6.823350e-02 7.931867e-01 -6.051439e-01
    outer loop
      vertex   5.024773e+00 8.489833e+01 1.872614e+01
      vertex   3.030949e+00 8.493248e+01 1.899571e+01
      vertex   5.054892e+00 8.505725e+01 1.893104e+01
    endloop
  endfacet
  facet normal -6.778398e-02 7.719324e-01 -6.320805e-01
    outer loop
      vertex   3.030949e+00 8.493248e+01 1.899571e+01
      vertex   3.024245e+00 8.505660e+01 1.914802e+01
      vertex   5.054892e+00 8.505725e+01 1.893104e+01
    endloop
  endfacet
  facet normal -8.244579e-02 6.330434e-01 -7.697134e-01
    outer loop
      vertex   5.054892e+00 8.505725e+01 1.893104e+01
      vertex   3.024245e+00 8.505660e+01 1.914802e+01
      vertex   3.016990e+00 8.520776e+01 1.927311e+01
    endloop
  endfacet
  facet normal -8.744497e-02 6.085196e-01 -7.887061e-01
    outer loop
      vertex   5.054892e+00 8.505725e+01 1.893104e+01
      vertex   3.016990e+00 8.520776e+01 1.927311e+01
      vertex   5.078003e+00 8.526435e+01 1.908827e+01
    endloop
  endfacet
  facet normal -9.163447e-02 4.702720e-01 -8.777513e-01
    outer loop
      vertex   5.078003e+00 8.526435e+01 1.908827e+01
      vertex   3.016990e+00 8.520776e+01 1.927311e+01
      vertex   3.010554e+00 8.538072e+01 1.936645e+01
    endloop
  endfacet
  facet normal -1.020334e-01 3.824800e-01 -9.183127e-01
    outer loop
      vertex   5.078003e+00 8.526435e+01 1.908827e+01
      vertex   3.010554e+00 8.538072e+01 1.936645e+01
      vertex   5.092531e+00 8.550553e+01 1.918711e+01
    endloop
  endfacet
  facet normal -9.936198e-02 2.895089e-01 -9.520041e-01
    outer loop
      vertex   5.092531e+00 8.550553e+01 1.918711e+01
      vertex   3.010554e+00 8.538072e+01 1.936645e+01
      vertex   3.006140e+00 8.556851e+01 1.942402e+01
    endloop
  endfacet
  facet normal -1.047418e-01 1.970029e-01 -9.747918e-01
    outer loop
      vertex   5.092531e+00 8.550553e+01 1.918711e+01
      vertex   3.006140e+00 8.556851e+01 1.942402e+01
      vertex   4.401907e+00 8.576435e+01 1.931362e+01
    endloop
  endfacet
  facet normal -9.212334e-02 9.798201e-02 -9.909151e-01
    outer loop
      vertex   4.401907e+00 8.576435e+01 1.931362e+01
      vertex   3.006140e+00 8.556851e+01 1.942402e+01
      vertex   3.004569e+00 8.576435e+01 1.944353e+01
    endloop
  endfacet
  facet normal -1.447683e-01 9.512976e-02 -9.848820e-01
    outer loop
      vertex   4.401907e+00 8.576435e+01 1.931362e+01
      vertex   5.790350e+00 8.576435e+01 1.910953e+01
      vertex   5.092531e+00 8.550553e+01 1.918711e+01
    endloop
  endfacet
  facet normal -0.000000e+00 1.000000e+00 0.000000e+00
    outer loop
      vertex   -3.273637e+01 8.476435e+01 -9.683927e+00
      vertex   -5.773545e+00 8.476435e+01 -1.769958e+00
      vertex   -3.197850e+01 8.476435e+01 -1.202600e+01
    endloop
  endfacet
  facet normal 0.000000e+00 1.000000e+00 0.000000e+00
    outer loop
      vertex   -3.197850e+01 8.476435e+01 -1.202600e+01
      vertex   -5.773545e+00 8.476435e+01 -1.769958e+00
      vertex   -5.425481e+00 8.476435e+01 -2.726256e+00
    endloop
  endfacet
  facet normal -0.000000e+00 1.000000e+00 0.000000e+00
    outer loop
      vertex   -3.197850e+01 8.476435e+01 -1.202600e+01
      vertex   -5.425481e+00 8.476435e+01 -2.726256e+00
      vertex   -3.105361e+01 8.476435e+01 -1.430728e+01
    endloop
  endfacet
  facet normal -0.000000e+00 1.000000e+00 0.000000e+00
    outer loop
      vertex   -3.105361e+01 8.476435e+01 -1.430728e+01
      vertex   -5.425481e+00 8.476435e+01 -2.726256e+00
      vertex   -2.996651e+01 8.476435e+01 -1.651587e+01
    endloop
  endfacet
  facet normal 0.000000e+00 1.000000e+00 0.000000e+00
    outer loop
      vertex   -2.996651e+01 8.476435e+01 -1.651587e+01
      vertex   -5.425481e+00 8.476435e+01 -2.726256e+00
      vertex   -4.920809e+00 8.476435e+01 -3.609975e+00
    endloop
  endfacet
  facet normal -0.000000e+00 1.000000e+00 0.000000e+00
    outer loop
      vertex   -2.996651e+01 8.476435e+01 -1.651587e+01
      vertex   -4.920809e+00 8.476435e+01 -3.609975e+00
      vertex   -2.872289e+01 8.476435e+01 -1.864027e+01
    endloop
  endfacet
  facet normal -0.000000e+00 1.000000e+00 0.000000e+00
    outer loop
      vertex   -2.872289e+01 8.476435e+01 -1.864027e+01
      vertex   -4.920809e+00 8.476435e+01 -3.609975e+00
      vertex   -2.732921e+01 8.476435e+01 -2.066938e+01
    endloop
  endfacet
  facet normal -0.000000e+00 1.000000e+00 0.000000e+00
    outer loop
      vertex   -2.732921e+01 8.476435e+01 -2.066938e+01
      vertex   -4.920809e+00 8.476435e+01 -3.609975e+00
      vertex   -2.579275e+01 8.476435e+01 -2.259265e+01
    endloop
  endfacet
  facet normal 0.000000e+00 1.000000e+00 0.000000e+00
    outer loop
      vertex   -2.579275e+01 8.476435e+01 -2.259265e+01
      vertex   -4.920809e+00 8.476435e+01 -3.609975e+00
      vertex   -4.274046e+00 8.476435e+01 -4.395693e+00
    endloop
  endfacet
  facet normal -0.000000e+00 1.000000e+00 0.000000e+00
    outer loop
      vertex   -2.579275e+01 8.476435e+01 -2.259265e+01
      vertex   -4.274046e+00 8.476435e+01 -4.395693e+00
      vertex   -2.412152e+01 8.476435e+01 -2.440004e+01
    endloop
  endfacet
  facet normal -0.000000e+00 1.000000e+00 0.000000e+00
    outer loop
      vertex   -2.412152e+01 8.476435e+01 -2.440004e+01
      vertex   -4.274046e+00 8.476435e+01 -4.395693e+00
      vertex   -2.232422e+01 8.476435e+01 -2.608212e+01
    endloop
  endfacet
  facet normal 0.000000e+00 1.000000e+00 0.000000e+00
    outer loop
      vertex   -2.232422e+01 8.476435e+01 -2.608212e+01
      vertex   -4.274046e+00 8.476435e+01 -4.395693e+00
      vertex   -3.503800e+00 8.476435e+01 -5.060806e+00
    endloop
  endfacet
  facet normal -0.000000e+00 1.000000e+00 0.000000e+00
    outer loop
      vertex   -2.232422e+01 8.476435e+01 -2.608212e+01
      vertex   -3.503800e+00 8.476435e+01 -5.060806e+00
      vertex   -2.041024e+01 8.476435e+01 -2.763012e+01
    endloop
  endfacet
  facet normal -0.000000e+00 1.000000e+00 0.000000e+00
    outer loop
      vertex   -2.041024e+01 8.476435e+01 -2.763012e+01
      vertex   -3.503800e+00 8.476435e+01 -5.060806e+00
      vertex   -1.838954e+01 8.476435e+01 -2.903599e+01
    endloop
  endfacet
  facet normal 0.000000e+00 1.000000e+00 0.000000e+00
    outer loop
      vertex   -1.838954e+01 8.476435e+01 -2.903599e+01
      vertex   -3.503800e+00 8.476435e+01 -5.060806e+00
      vertex   -2.632228e+00 8.476435e+01 -5.586179e+00
    endloop
  endfacet
  facet normal -0.000000e+00 1.000000e+00 0.000000e+00
    outer loop
      vertex   -1.838954e+01 8.476435e+01 -2.903599e+01
      vertex   -2.632228e+00 8.476435e+01 -5.586179e+00
      vertex   -1.627267e+01 8.476435e+01 -3.029238e+01
    endloop
  endfacet
  facet normal -0.000000e+00 1.000000e+00 0.000000e+00
    outer loop
      vertex   -1.627267e+01 8.476435e+01 -3.029238e+01
      vertex   -2.632228e+00 8.476435e+01 -5.586179e+00
      vertex   -1.407066e+01 8.476435e+01 -3.139274e+01
    endloop
  endfacet
  facet normal -0.000000e+00 1.000000e+00 0.000000e+00
    outer loop
      vertex   -1.407066e+01 8.476435e+01 -3.139274e+01
      vertex   -2.632228e+00 8.476435e+01 -5.586179e+00
      vertex   -1.179499e+01 8.476435e+01 -3.233135e+01
    endloop
  endfacet
  facet normal 0.000000e+00 1.000000e+00 0.000000e+00
    outer loop
      vertex   -1.179499e+01 8.476435e+01 -3.233135e+01
      vertex   -2.632228e+00 8.476435e+01 -5.586179e+00
      vertex   -1.684404e+00 8.476435e+01 -5.956699e+00
    endloop
  endfacet
  facet normal -0.000000e+00 1.000000e+00 0.000000e+00
    outer loop
      vertex   -1.179499e+01 8.476435e+01 -3.233135e+01
      vertex   -1.684404e+00 8.476435e+01 -5.956699e+00
      vertex   -9.457521e+00 8.476435e+01 -3.310330e+01
    endloop
  endfacet
  facet normal -0.000000e+00 1.000000e+00 0.000000e+00
    outer loop
      vertex   -9.457521e+00 8.476435e+01 -3.310330e+01
      vertex   -1.684404e+00 8.476435e+01 -5.956699e+00
      vertex   -7.070445e+00 8.476435e+01 -3.370457e+01
    endloop
  endfacet
  facet normal 0.000000e+00 1.000000e+00 0.000000e+00
    outer loop
      vertex   -7.070445e+00 8.476435e+01 -3.370457e+01
      vertex   -1.684404e+00 8.476435e+01 -5.956699e+00
      vertex   -6.875962e-01 8.476435e+01 -6.161706e+00
    endloop
  endfacet
  facet normal -0.000000e+00 1.000000e+00 0.000000e+00
    outer loop
      vertex   -7.070445e+00 8.476435e+01 -3.370457e+01
      vertex   -6.875962e-01 8.476435e+01 -6.161706e+00
      vertex   -4.646205e+00 8.476435e+01 -3.413203e+01
    endloop
  endfacet
  facet normal -0.000000e+00 1.000000e+00 0.000000e+00
    outer loop
      vertex   -4.646205e+00 8.476435e+01 -3.413203e+01
      vertex   -6.875962e-01 8.476435e+01 -6.161706e+00
      vertex   -2.197440e+00 8.476435e+01 -3.438345e+01
    endloop
  endfacet
  facet normal 0.000000e+00 1.000000e+00 0.000000e+00
    outer loop
      vertex   -2.197440e+00 8.476435e+01 -3.438345e+01
      vertex   -6.875962e-01 8.476435e+01 -6.161706e+00
      vertex   3.295202e-01 8.476435e+01 -6.195303e+00
    endloop
  endfacet
  facet normal -0.000000e+00 1.000000e+00 0.000000e+00
    outer loop
      vertex   -2.197440e+00 8.476435e+01 -3.438345e+01
      vertex   3.295202e-01 8.476435e+01 -6.195303e+00
      vertex   2.630836e-01 8.476435e+01 -3.445751e+01
    endloop
  endfacet
  facet normal 0.000000e+00 1.000000e+00 0.000000e+00
    outer loop
      vertex   2.630836e-01 8.476435e+01 -3.445751e+01
      vertex   3.295202e-01 8.476435e+01 -6.195303e+00
      vertex   2.722537e+00 8.476435e+01 -3.435384e+01
    endloop
  endfacet
  facet normal 0.000000e+00 1.000000e+00 -0.000000e+00
    outer loop
      vertex   2.722537e+00 8.476435e+01 -3.435384e+01
      vertex   3.295202e-01 8.476435e+01 -6.195303e+00
      vertex   5.168099e+00 8.476435e+01 -3.407296e+01
    endloop
  endfacet
  facet normal 0.000000e+00 1.000000e+00 0.000000e+00
    outer loop
      vertex   5.168099e+00 8.476435e+01 -3.407296e+01
      vertex   3.295202e-01 8.476435e+01 -6.195303e+00
      vertex   1.337684e+00 8.476435e+01 -6.056524e+00
    endloop
  endfacet
  facet normal 0.000000e+00 1.000000e+00 -0.000000e+00
    outer loop
      vertex   5.168099e+00 8.476435e+01 -3.407296e+01
      vertex   1.337684e+00 8.476435e+01 -6.056524e+00
      vertex   7.587018e+00 8.476435e+01 -3.361635e+01
    endloop
  endfacet
  facet normal 0.000000e+00 1.000000e+00 -0.000000e+00
    outer loop
      vertex   7.587018e+00 8.476435e+01 -3.361635e+01
      vertex   1.337684e+00 8.476435e+01 -6.056524e+00
      vertex   9.966684e+00 8.476435e+01 -3.298639e+01
    endloop
  endfacet
  facet normal 0.000000e+00 1.000000e+00 0.000000e+00
    outer loop
      vertex   9.966684e+00 8.476435e+01 -3.298639e+01
      vertex   1.337684e+00 8.476435e+01 -6.056524e+00
      vertex   2.307893e+00 8.476435e+01 -5.749360e+00
    endloop
  endfacet
  facet normal 0.000000e+00 1.000000e+00 -0.000000e+00
    outer loop
      vertex   9.966684e+00 8.476435e+01 -3.298639e+01
      vertex   2.307893e+00 8.476435e+01 -5.749360e+00
      vertex   1.229469e+01 8.476435e+01 -3.218636e+01
    endloop
  endfacet
  facet normal 0.000000e+00 1.000000e+00 -0.000000e+00
    outer loop
      vertex   1.229469e+01 8.476435e+01 -3.218636e+01
      vertex   2.307893e+00 8.476435e+01 -5.749360e+00
      vertex   1.455890e+01 8.476435e+01 -3.122044e+01
    endloop
  endfacet
  facet normal 0.000000e+00 1.000000e+00 -0.000000e+00
    outer loop
      vertex   1.455890e+01 8.476435e+01 -3.122044e+01
      vertex   2.307893e+00 8.476435e+01 -5.749360e+00
      vertex   1.674751e+01 8.476435e+01 -3.009365e+01
    endloop
  endfacet
  facet normal 0.000000e+00 1.000000e+00 0.000000e+00
    outer loop
      vertex   1.674751e+01 8.476435e+01 -3.009365e+01
      vertex   2.307893e+00 8.476435e+01 -5.749360e+00
      vertex   3.212235e+00 8.476435e+01 -5.282648e+00
    endloop
  endfacet
  facet normal 0.000000e+00 1.000000e+00 -0.000000e+00
    outer loop
      vertex   1.674751e+01 8.476435e+01 -3.009365e+01
      vertex   3.212235e+00 8.476435e+01 -5.282648e+00
      vertex   1.884910e+01 8.476435e+01 -2.881187e+01
    endloop
  endfacet
  facet normal 0.000000e+00 1.000000e+00 -0.000000e+00
    outer loop
      vertex   1.884910e+01 8.476435e+01 -2.881187e+01
      vertex   3.212235e+00 8.476435e+01 -5.282648e+00
      vertex   2.085273e+01 8.476435e+01 -2.738178e+01
    endloop
  endfacet
  facet normal 0.000000e+00 1.000000e+00 0.000000e+00
    outer loop
      vertex   2.085273e+01 8.476435e+01 -2.738178e+01
      vertex   3.212235e+00 8.476435e+01 -5.282648e+00
      vertex   4.024694e+00 8.476435e+01 -4.669815e+00
    endloop
  endfacet
  facet normal 0.000000e+00 1.000000e+00 -0.000000e+00
    outer loop
      vertex   2.085273e+01 8.476435e+01 -2.738178e+01
      vertex   4.024694e+00 8.476435e+01 -4.669815e+00
      vertex   2.274794e+01 8.476435e+01 -2.581085e+01
    endloop
  endfacet
  facet normal 0.000000e+00 1.000000e+00 -0.000000e+00
    outer loop
      vertex   2.274794e+01 8.476435e+01 -2.581085e+01
      vertex   4.024694e+00 8.476435e+01 -4.669815e+00
      vertex   2.452486e+01 8.476435e+01 -2.410726e+01
    endloop
  endfacet
  facet normal 0.000000e+00 1.000000e+00 0.000000e+00
    outer loop
      vertex   2.452486e+01 8.476435e+01 -2.410726e+01
      vertex   4.024694e+00 8.476435e+01 -4.669815e+00
      vertex   4.721898e+00 8.476435e+01 -3.928491e+00
    endloop
  endfacet
  facet normal 0.000000e+00 1.000000e+00 -0.000000e+00
    outer loop
      vertex   2.452486e+01 8.476435e+01 -2.410726e+01
      vertex   4.721898e+00 8.476435e+01 -3.928491e+00
      vertex   2.617422e+01 8.476435e+01 -2.227989e+01
    endloop
  endfacet
  facet normal 0.000000e+00 1.000000e+00 -0.000000e+00
    outer loop
      vertex   2.617422e+01 8.476435e+01 -2.227989e+01
      vertex   4.721898e+00 8.476435e+01 -3.928491e+00
      vertex   2.768742e+01 8.476435e+01 -2.033827e+01
    endloop
  endfacet
  facet normal 0.000000e+00 1.000000e+00 -0.000000e+00
    outer loop
      vertex   2.768742e+01 8.476435e+01 -2.033827e+01
      vertex   4.721898e+00 8.476435e+01 -3.928491e+00
      vertex   2.905657e+01 8.476435e+01 -1.829252e+01
    endloop
  endfacet
  facet normal 0.000000e+00 1.000000e+00 0.000000e+00
    outer loop
      vertex   2.905657e+01 8.476435e+01 -1.829252e+01
      vertex   4.721898e+00 8.476435e+01 -3.928491e+00
      vertex   5.283788e+00 8.476435e+01 -3.080002e+00
    endloop
  endfacet
  facet normal 0.000000e+00 1.000000e+00 -0.000000e+00
    outer loop
      vertex   2.905657e+01 8.476435e+01 -1.829252e+01
      vertex   5.283788e+00 8.476435e+01 -3.080002e+00
      vertex   3.027454e+01 8.476435e+01 -1.615331e+01
    endloop
  endfacet
  facet normal 0.000000e+00 1.000000e+00 -0.000000e+00
    outer loop
      vertex   3.027454e+01 8.476435e+01 -1.615331e+01
      vertex   5.283788e+00 8.476435e+01 -3.080002e+00
      vertex   3.133497e+01 8.476435e+01 -1.393179e+01
    endloop
  endfacet
  facet normal 0.000000e+00 1.000000e+00 0.000000e+00
    outer loop
      vertex   3.133497e+01 8.476435e+01 -1.393179e+01
      vertex   5.283788e+00 8.476435e+01 -3.080002e+00
      vertex   5.694201e+00 8.476435e+01 -2.148758e+00
    endloop
  endfacet
  facet normal 0.000000e+00 1.000000e+00 -0.000000e+00
    outer loop
      vertex   3.133497e+01 8.476435e+01 -1.393179e+01
      vertex   5.694201e+00 8.476435e+01 -2.148758e+00
      vertex   3.223233e+01 8.476435e+01 -1.163955e+01
    endloop
  endfacet
  facet normal 0.000000e+00 1.000000e+00 -0.000000e+00
    outer loop
      vertex   3.223233e+01 8.476435e+01 -1.163955e+01
      vertex   5.694201e+00 8.476435e+01 -2.148758e+00
      vertex   3.296196e+01 8.476435e+01 -9.288524e+00
    endloop
  endfacet
  facet normal 0.000000e+00 1.000000e+00 0.000000e+00
    outer loop
      vertex   3.296196e+01 8.476435e+01 -9.288524e+00
      vertex   5.694201e+00 8.476435e+01 -2.148758e+00
      vertex   5.941329e+00 8.476435e+01 -1.161548e+00
    endloop
  endfacet
  facet normal 0.000000e+00 1.000000e+00 -0.000000e+00
    outer loop
      vertex   3.296196e+01 8.476435e+01 -9.288524e+00
      vertex   5.941329e+00 8.476435e+01 -1.161548e+00
      vertex   3.352004e+01 8.476435e+01 -6.890982e+00
    endloop
  endfacet
  facet normal 0.000000e+00 1.000000e+00 -0.000000e+00
    outer loop
      vertex   3.352004e+01 8.476435e+01 -6.890982e+00
      vertex   5.941329e+00 8.476435e+01 -1.161548e+00
      vertex   3.390366e+01 8.476435e+01 -4.459420e+00
    endloop
  endfacet
  facet normal 0.000000e+00 1.000000e+00 -0.000000e+00
    outer loop
      vertex   3.390366e+01 8.476435e+01 -4.459420e+00
      vertex   5.941329e+00 8.476435e+01 -1.161548e+00
      vertex   3.411082e+01 8.476435e+01 -2.006515e+00
    endloop
  endfacet
  facet normal 0.000000e+00 1.000000e+00 0.000000e+00
    outer loop
      vertex   3.411082e+01 8.476435e+01 -2.006515e+00
      vertex   5.941329e+00 8.476435e+01 -1.161548e+00
      vertex   6.018064e+00 8.476435e+01 -1.467743e-01
    endloop
  endfacet
  facet normal 0.000000e+00 1.000000e+00 -0.000000e+00
    outer loop
      vertex   3.411082e+01 8.476435e+01 -2.006515e+00
      vertex   6.018064e+00 8.476435e+01 -1.467743e-01
      vertex   3.414045e+01 8.476435e+01 4.549447e-01
    endloop
  endfacet
  facet normal 0.000000e+00 1.000000e+00 0.000000e+00
    outer loop
      vertex   3.414045e+01 8.476435e+01 4.549447e-01
      vertex   6.018064e+00 8.476435e+01 -1.467743e-01
      vertex   3.399239e+01 8.476435e+01 2.912126e+00
    endloop
  endfacet
  facet normal 0.000000e+00 1.000000e+00 0.000000e+00
    outer loop
      vertex   3.399239e+01 8.476435e+01 2.912126e+00
      vertex   6.018064e+00 8.476435e+01 -1.467743e-01
      vertex   5.922197e+00 8.476435e+01 8.663713e-01
    endloop
  endfacet
  facet normal 0.000000e+00 1.000000e+00 0.000000e+00
    outer loop
      vertex   3.399239e+01 8.476435e+01 2.912126e+00
      vertex   5.922197e+00 8.476435e+01 8.663713e-01
      vertex   3.366741e+01 8.476435e+01 5.352218e+00
    endloop
  endfacet
  facet normal 0.000000e+00 1.000000e+00 0.000000e+00
    outer loop
      vertex   3.366741e+01 8.476435e+01 5.352218e+00
      vertex   5.922197e+00 8.476435e+01 8.663713e-01
      vertex   3.316721e+01 8.476435e+01 7.762499e+00
    endloop
  endfacet
  facet normal 0.000000e+00 1.000000e+00 0.000000e+00
    outer loop
      vertex   3.316721e+01 8.476435e+01 7.762499e+00
      vertex   5.922197e+00 8.476435e+01 8.663713e-01
      vertex   5.656487e+00 8.476435e+01 1.848742e+00
    endloop
  endfacet
  facet normal 0.000000e+00 1.000000e+00 0.000000e+00
    outer loop
      vertex   3.316721e+01 8.476435e+01 7.762499e+00
      vertex   5.656487e+00 8.476435e+01 1.848742e+00
      vertex   3.249439e+01 8.476435e+01 1.013040e+01
    endloop
  endfacet
  facet normal 0.000000e+00 1.000000e+00 0.000000e+00
    outer loop
      vertex   3.249439e+01 8.476435e+01 1.013040e+01
      vertex   5.656487e+00 8.476435e+01 1.848742e+00
      vertex   3.165246e+01 8.476435e+01 1.244359e+01
    endloop
  endfacet
  facet normal 0.000000e+00 1.000000e+00 0.000000e+00
    outer loop
      vertex   3.165246e+01 8.476435e+01 1.244359e+01
      vertex   5.656487e+00 8.476435e+01 1.848742e+00
      vertex   3.064581e+01 8.476435e+01 1.468999e+01
    endloop
  endfacet
  facet normal 0.000000e+00 1.000000e+00 0.000000e+00
    outer loop
      vertex   3.064581e+01 8.476435e+01 1.468999e+01
      vertex   5.656487e+00 8.476435e+01 1.848742e+00
      vertex   8.720351e+00 8.476435e+01 1.831321e+01
    endloop
  endfacet
  facet normal 0.000000e+00 1.000000e+00 0.000000e+00
    outer loop
      vertex   3.064581e+01 8.476435e+01 1.468999e+01
      vertex   8.720351e+00 8.476435e+01 1.831321e+01
      vertex   2.947969e+01 8.476435e+01 1.685790e+01
    endloop
  endfacet
  facet normal 0.000000e+00 1.000000e+00 0.000000e+00
    outer loop
      vertex   2.947969e+01 8.476435e+01 1.685790e+01
      vertex   8.720351e+00 8.476435e+01 1.831321e+01
      vertex   9.035359e+00 8.476435e+01 1.866965e+01
    endloop
  endfacet
  facet normal 0.000000e+00 1.000000e+00 0.000000e+00
    outer loop
      vertex   2.947969e+01 8.476435e+01 1.685790e+01
      vertex   9.035359e+00 8.476435e+01 1.866965e+01
      vertex   2.816018e+01 8.476435e+01 1.893601e+01
    endloop
  endfacet
  facet normal 0.000000e+00 1.000000e+00 0.000000e+00
    outer loop
      vertex   2.816018e+01 8.476435e+01 1.893601e+01
      vertex   9.035359e+00 8.476435e+01 1.866965e+01
      vertex   2.669415e+01 8.476435e+01 2.091349e+01
    endloop
  endfacet
  facet normal 0.000000e+00 1.000000e+00 0.000000e+00
    outer loop
      vertex   2.669415e+01 8.476435e+01 2.091349e+01
      vertex   9.035359e+00 8.476435e+01 1.866965e+01
      vertex   9.257281e+00 8.476435e+01 1.909040e+01
    endloop
  endfacet
  facet normal 0.000000e+00 1.000000e+00 0.000000e+00
    outer loop
      vertex   2.669415e+01 8.476435e+01 2.091349e+01
      vertex   9.257281e+00 8.476435e+01 1.909040e+01
      vertex   2.508926e+01 8.476435e+01 2.278003e+01
    endloop
  endfacet
  facet normal 0.000000e+00 1.000000e+00 0.000000e+00
    outer loop
      vertex   2.508926e+01 8.476435e+01 2.278003e+01
      vertex   9.257281e+00 8.476435e+01 1.909040e+01
      vertex   9.373564e+00 8.476435e+01 1.955165e+01
    endloop
  endfacet
  facet normal 0.000000e+00 1.000000e+00 0.000000e+00
    outer loop
      vertex   2.508926e+01 8.476435e+01 2.278003e+01
      vertex   9.373564e+00 8.476435e+01 1.955165e+01
      vertex   2.335386e+01 8.476435e+01 2.452590e+01
    endloop
  endfacet
  facet normal 0.000000e+00 1.000000e+00 0.000000e+00
    outer loop
      vertex   2.335386e+01 8.476435e+01 2.452590e+01
      vertex   9.373564e+00 8.476435e+01 1.955165e+01
      vertex   2.149701e+01 8.476435e+01 2.614200e+01
    endloop
  endfacet
  facet normal 0.000000e+00 1.000000e+00 0.000000e+00
    outer loop
      vertex   2.149701e+01 8.476435e+01 2.614200e+01
      vertex   9.373564e+00 8.476435e+01 1.955165e+01
      vertex   9.377629e+00 8.476435e+01 2.002732e+01
    endloop
  endfacet
  facet normal 0.000000e+00 1.000000e+00 0.000000e+00
    outer loop
      vertex   2.149701e+01 8.476435e+01 2.614200e+01
      vertex   9.377629e+00 8.476435e+01 2.002732e+01
      vertex   1.952839e+01 8.476435e+01 2.761990e+01
    endloop
  endfacet
  facet normal 0.000000e+00 1.000000e+00 0.000000e+00
    outer loop
      vertex   1.952839e+01 8.476435e+01 2.761990e+01
      vertex   9.377629e+00 8.476435e+01 2.002732e+01
      vertex   9.269247e+00 8.476435e+01 2.049050e+01
    endloop
  endfacet
  facet normal 0.000000e+00 1.000000e+00 0.000000e+00
    outer loop
      vertex   1.952839e+01 8.476435e+01 2.761990e+01
      vertex   9.269247e+00 8.476435e+01 2.049050e+01
      vertex   1.745826e+01 8.476435e+01 2.895189e+01
    endloop
  endfacet
  facet normal 0.000000e+00 1.000000e+00 0.000000e+00
    outer loop
      vertex   1.745826e+01 8.476435e+01 2.895189e+01
      vertex   9.269247e+00 8.476435e+01 2.049050e+01
      vertex   8.528151e+00 8.476435e+01 2.252664e+01
    endloop
  endfacet
  facet normal 0.000000e+00 1.000000e+00 0.000000e+00
    outer loop
      vertex   1.745826e+01 8.476435e+01 2.895189e+01
      vertex   8.528151e+00 8.476435e+01 2.252664e+01
      vertex   1.529741e+01 8.476435e+01 3.013104e+01
    endloop
  endfacet
  facet normal 0.000000e+00 1.000000e+00 0.000000e+00
    outer loop
      vertex   1.529741e+01 8.476435e+01 3.013104e+01
      vertex   8.528151e+00 8.476435e+01 2.252664e+01
      vertex   8.290196e+00 8.476435e+01 2.298528e+01
    endloop
  endfacet
  facet normal 0.000000e+00 1.000000e+00 0.000000e+00
    outer loop
      vertex   1.529741e+01 8.476435e+01 3.013104e+01
      vertex   8.290196e+00 8.476435e+01 2.298528e+01
      vertex   1.305711e+01 8.476435e+01 3.115119e+01
    endloop
  endfacet
  facet normal 0.000000e+00 1.000000e+00 0.000000e+00
    outer loop
      vertex   1.305711e+01 8.476435e+01 3.115119e+01
      vertex   8.290196e+00 8.476435e+01 2.298528e+01
      vertex   7.942689e+00 8.476435e+01 2.336765e+01
    endloop
  endfacet
  facet normal 0.000000e+00 1.000000e+00 0.000000e+00
    outer loop
      vertex   1.305711e+01 8.476435e+01 3.115119e+01
      vertex   7.942689e+00 8.476435e+01 2.336765e+01
      vertex   1.074903e+01 8.476435e+01 3.200703e+01
    endloop
  endfacet
  facet normal 0.000000e+00 1.000000e+00 0.000000e+00
    outer loop
      vertex   1.074903e+01 8.476435e+01 3.200703e+01
      vertex   7.942689e+00 8.476435e+01 2.336765e+01
      vertex   7.508823e+00 8.476435e+01 2.364823e+01
    endloop
  endfacet
  facet normal 0.000000e+00 1.000000e+00 0.000000e+00
    outer loop
      vertex   1.074903e+01 8.476435e+01 3.200703e+01
      vertex   7.508823e+00 8.476435e+01 2.364823e+01
      vertex   7.017554e+00 8.476435e+01 2.380831e+01
    endloop
  endfacet
  facet normal 0.000000e+00 1.000000e+00 -0.000000e+00
    outer loop
      vertex   -3.273637e+01 8.476435e+01 -9.683927e+00
      vertex   -3.332326e+01 8.476435e+01 -7.293275e+00
      vertex   -5.773545e+00 8.476435e+01 -1.769958e+00
    endloop
  endfacet
  facet normal 0.000000e+00 1.000000e+00 0.000000e+00
    outer loop
      vertex   -5.773545e+00 8.476435e+01 -1.769958e+00
      vertex   -3.332326e+01 8.476435e+01 -7.293275e+00
      vertex   -5.954988e+00 8.476435e+01 -7.685922e-01
    endloop
  endfacet
  facet normal 0.000000e+00 1.000000e+00 0.000000e+00
    outer loop
      vertex   -5.954988e+00 8.476435e+01 -7.685922e-01
      vertex   -3.332326e+01 8.476435e+01 -7.293275e+00
      vertex   -3.373612e+01 8.476435e+01 -4.866506e+00
    endloop
  endfacet
  facet normal 0.000000e+00 1.000000e+00 0.000000e+00
    outer loop
      vertex   -5.954988e+00 8.476435e+01 -7.685922e-01
      vertex   -3.373612e+01 8.476435e+01 -4.866506e+00
      vertex   -3.397280e+01 8.476435e+01 -2.416273e+00
    endloop
  endfacet
  facet normal 0.000000e+00 1.000000e+00 0.000000e+00
    outer loop
      vertex   -5.954988e+00 8.476435e+01 -7.685922e-01
      vertex   -3.397280e+01 8.476435e+01 -2.416273e+00
      vertex   -1.232059e+01 8.476435e+01 1.018821e+01
    endloop
  endfacet
  facet normal 0.000000e+00 1.000000e+00 0.000000e+00
    outer loop
      vertex   -1.232059e+01 8.476435e+01 1.018821e+01
      vertex   -3.397280e+01 8.476435e+01 -2.416273e+00
      vertex   -3.403205e+01 8.476435e+01 4.465190e-02
    endloop
  endfacet
  facet normal 0.000000e+00 1.000000e+00 0.000000e+00
    outer loop
      vertex   -1.232059e+01 8.476435e+01 1.018821e+01
      vertex   -3.403205e+01 8.476435e+01 4.465190e-02
      vertex   -1.338767e+01 8.476435e+01 1.096891e+01
    endloop
  endfacet
  facet normal 0.000000e+00 1.000000e+00 0.000000e+00
    outer loop
      vertex   -1.338767e+01 8.476435e+01 1.096891e+01
      vertex   -3.403205e+01 8.476435e+01 4.465190e-02
      vertex   -3.391358e+01 8.476435e+01 2.503437e+00
    endloop
  endfacet
  facet normal 0.000000e+00 1.000000e+00 0.000000e+00
    outer loop
      vertex   -1.338767e+01 8.476435e+01 1.096891e+01
      vertex   -3.391358e+01 8.476435e+01 2.503437e+00
      vertex   -3.361799e+01 8.476435e+01 4.947264e+00
    endloop
  endfacet
  facet normal 0.000000e+00 1.000000e+00 0.000000e+00
    outer loop
      vertex   -1.338767e+01 8.476435e+01 1.096891e+01
      vertex   -3.361799e+01 8.476435e+01 4.947264e+00
      vertex   -1.434243e+01 8.476435e+01 1.188356e+01
    endloop
  endfacet
  facet normal 0.000000e+00 1.000000e+00 0.000000e+00
    outer loop
      vertex   -1.434243e+01 8.476435e+01 1.188356e+01
      vertex   -3.361799e+01 8.476435e+01 4.947264e+00
      vertex   -3.314684e+01 8.476435e+01 7.363391e+00
    endloop
  endfacet
  facet normal 0.000000e+00 1.000000e+00 0.000000e+00
    outer loop
      vertex   -1.434243e+01 8.476435e+01 1.188356e+01
      vertex   -3.314684e+01 8.476435e+01 7.363391e+00
      vertex   -3.250256e+01 8.476435e+01 9.739223e+00
    endloop
  endfacet
  facet normal 0.000000e+00 1.000000e+00 0.000000e+00
    outer loop
      vertex   -1.434243e+01 8.476435e+01 1.188356e+01
      vertex   -3.250256e+01 8.476435e+01 9.739223e+00
      vertex   -1.516817e+01 8.476435e+01 1.291617e+01
    endloop
  endfacet
  facet normal 0.000000e+00 1.000000e+00 0.000000e+00
    outer loop
      vertex   -1.516817e+01 8.476435e+01 1.291617e+01
      vertex   -3.250256e+01 8.476435e+01 9.739223e+00
      vertex   -3.168854e+01 8.476435e+01 1.206237e+01
    endloop
  endfacet
  facet normal 0.000000e+00 1.000000e+00 0.000000e+00
    outer loop
      vertex   -1.516817e+01 8.476435e+01 1.291617e+01
      vertex   -3.168854e+01 8.476435e+01 1.206237e+01
      vertex   -1.585047e+01 8.476435e+01 1.404870e+01
    endloop
  endfacet
  facet normal 0.000000e+00 1.000000e+00 0.000000e+00
    outer loop
      vertex   -1.585047e+01 8.476435e+01 1.404870e+01
      vertex   -3.168854e+01 8.476435e+01 1.206237e+01
      vertex   -3.070900e+01 8.476435e+01 1.432073e+01
    endloop
  endfacet
  facet normal 0.000000e+00 1.000000e+00 0.000000e+00
    outer loop
      vertex   -1.585047e+01 8.476435e+01 1.404870e+01
      vertex   -3.070900e+01 8.476435e+01 1.432073e+01
      vertex   -1.637739e+01 8.476435e+01 1.526135e+01
    endloop
  endfacet
  facet normal 0.000000e+00 1.000000e+00 0.000000e+00
    outer loop
      vertex   -1.637739e+01 8.476435e+01 1.526135e+01
      vertex   -3.070900e+01 8.476435e+01 1.432073e+01
      vertex   -2.956906e+01 8.476435e+01 1.650251e+01
    endloop
  endfacet
  facet normal 0.000000e+00 1.000000e+00 0.000000e+00
    outer loop
      vertex   -1.637739e+01 8.476435e+01 1.526135e+01
      vertex   -2.956906e+01 8.476435e+01 1.650251e+01
      vertex   -1.673972e+01 8.476435e+01 1.653291e+01
    endloop
  endfacet
  facet normal 0.000000e+00 1.000000e+00 0.000000e+00
    outer loop
      vertex   -1.673972e+01 8.476435e+01 1.653291e+01
      vertex   -2.956906e+01 8.476435e+01 1.650251e+01
      vertex   -2.827466e+01 8.476435e+01 1.859636e+01
    endloop
  endfacet
  facet normal 0.000000e+00 1.000000e+00 0.000000e+00
    outer loop
      vertex   -1.673972e+01 8.476435e+01 1.653291e+01
      vertex   -2.827466e+01 8.476435e+01 1.859636e+01
      vertex   -2.683254e+01 8.476435e+01 2.059134e+01
    endloop
  endfacet
  facet normal 0.000000e+00 1.000000e+00 0.000000e+00
    outer loop
      vertex   -1.673972e+01 8.476435e+01 1.653291e+01
      vertex   -2.683254e+01 8.476435e+01 2.059134e+01
      vertex   -1.693113e+01 8.476435e+01 1.784116e+01
    endloop
  endfacet
  facet normal 0.000000e+00 1.000000e+00 0.000000e+00
    outer loop
      vertex   -1.693113e+01 8.476435e+01 1.784116e+01
      vertex   -2.683254e+01 8.476435e+01 2.059134e+01
      vertex   -2.525023e+01 8.476435e+01 2.247707e+01
    endloop
  endfacet
  facet normal 0.000000e+00 1.000000e+00 0.000000e+00
    outer loop
      vertex   -1.693113e+01 8.476435e+01 1.784116e+01
      vertex   -2.525023e+01 8.476435e+01 2.247707e+01
      vertex   -1.694827e+01 8.476435e+01 1.916322e+01
    endloop
  endfacet
  facet normal 0.000000e+00 1.000000e+00 -0.000000e+00
    outer loop
      vertex   -1.694827e+01 8.476435e+01 1.916322e+01
      vertex   -2.525023e+01 8.476435e+01 2.247707e+01
      vertex   -1.679084e+01 8.476435e+01 2.047599e+01
    endloop
  endfacet
  facet normal 0.000000e+00 1.000000e+00 0.000000e+00
    outer loop
      vertex   -1.679084e+01 8.476435e+01 2.047599e+01
      vertex   -2.525023e+01 8.476435e+01 2.247707e+01
      vertex   -2.353597e+01 8.476435e+01 2.424370e+01
    endloop
  endfacet
  facet normal 0.000000e+00 1.000000e+00 -0.000000e+00
    outer loop
      vertex   -1.679084e+01 8.476435e+01 2.047599e+01
      vertex   -2.353597e+01 8.476435e+01 2.424370e+01
      vertex   -1.646160e+01 8.476435e+01 2.175652e+01
    endloop
  endfacet
  facet normal 0.000000e+00 1.000000e+00 0.000000e+00
    outer loop
      vertex   -1.646160e+01 8.476435e+01 2.175652e+01
      vertex   -2.353597e+01 8.476435e+01 2.424370e+01
      vertex   -2.169871e+01 8.476435e+01 2.588203e+01
    endloop
  endfacet
  facet normal 0.000000e+00 1.000000e+00 -0.000000e+00
    outer loop
      vertex   -1.646160e+01 8.476435e+01 2.175652e+01
      vertex   -2.169871e+01 8.476435e+01 2.588203e+01
      vertex   -1.596629e+01 8.476435e+01 2.298242e+01
    endloop
  endfacet
  facet normal 0.000000e+00 1.000000e+00 0.000000e+00
    outer loop
      vertex   -1.596629e+01 8.476435e+01 2.298242e+01
      vertex   -2.169871e+01 8.476435e+01 2.588203e+01
      vertex   -1.974802e+01 8.476435e+01 2.738351e+01
    endloop
  endfacet
  facet normal 0.000000e+00 1.000000e+00 -0.000000e+00
    outer loop
      vertex   -1.596629e+01 8.476435e+01 2.298242e+01
      vertex   -1.974802e+01 8.476435e+01 2.738351e+01
      vertex   -1.531359e+01 8.476435e+01 2.413226e+01
    endloop
  endfacet
  facet normal 0.000000e+00 1.000000e+00 0.000000e+00
    outer loop
      vertex   -1.531359e+01 8.476435e+01 2.413226e+01
      vertex   -1.974802e+01 8.476435e+01 2.738351e+01
      vertex   -1.769407e+01 8.476435e+01 2.874033e+01
    endloop
  endfacet
  facet normal 0.000000e+00 1.000000e+00 -0.000000e+00
    outer loop
      vertex   -1.531359e+01 8.476435e+01 2.413226e+01
      vertex   -1.769407e+01 8.476435e+01 2.874033e+01
      vertex   -1.451489e+01 8.476435e+01 2.518593e+01
    endloop
  endfacet
  facet normal 0.000000e+00 1.000000e+00 -0.000000e+00
    outer loop
      vertex   -1.451489e+01 8.476435e+01 2.518593e+01
      vertex   -1.769407e+01 8.476435e+01 2.874033e+01
      vertex   -1.358417e+01 8.476435e+01 2.612503e+01
    endloop
  endfacet
  facet normal 0.000000e+00 1.000000e+00 0.000000e+00
    outer loop
      vertex   -1.358417e+01 8.476435e+01 2.612503e+01
      vertex   -1.769407e+01 8.476435e+01 2.874033e+01
      vertex   -1.554757e+01 8.476435e+01 2.994540e+01
    endloop
  endfacet
  facet normal 0.000000e+00 1.000000e+00 -0.000000e+00
    outer loop
      vertex   -1.358417e+01 8.476435e+01 2.612503e+01
      vertex   -1.554757e+01 8.476435e+01 2.994540e+01
      vertex   -1.253768e+01 8.476435e+01 2.693313e+01
    endloop
  endfacet
  facet normal 0.000000e+00 1.000000e+00 0.000000e+00
    outer loop
      vertex   -1.253768e+01 8.476435e+01 2.693313e+01
      vertex   -1.554757e+01 8.476435e+01 2.994540e+01
      vertex   -1.331971e+01 8.476435e+01 3.099244e+01
    endloop
  endfacet
  facet normal 0.000000e+00 1.000000e+00 -0.000000e+00
    outer loop
      vertex   -1.253768e+01 8.476435e+01 2.693313e+01
      vertex   -1.331971e+01 8.476435e+01 3.099244e+01
      vertex   -1.139374e+01 8.476435e+01 2.759610e+01
    endloop
  endfacet
  facet normal 0.000000e+00 1.000000e+00 -0.000000e+00
    outer loop
      vertex   -1.139374e+01 8.476435e+01 2.759610e+01
      vertex   -1.331971e+01 8.476435e+01 3.099244e+01
      vertex   -1.017232e+01 8.476435e+01 2.810237e+01
    endloop
  endfacet
  facet normal 0.000000e+00 1.000000e+00 0.000000e+00
    outer loop
      vertex   -1.017232e+01 8.476435e+01 2.810237e+01
      vertex   -1.331971e+01 8.476435e+01 3.099244e+01
      vertex   -1.102210e+01 8.476435e+01 3.187600e+01
    endloop
  endfacet
  facet normal 0.000000e+00 1.000000e+00 -0.000000e+00
    outer loop
      vertex   -1.017232e+01 8.476435e+01 2.810237e+01
      vertex   -1.102210e+01 8.476435e+01 3.187600e+01
      vertex   -8.894796e+00 8.476435e+01 2.844306e+01
    endloop
  endfacet
  facet normal 0.000000e+00 1.000000e+00 -0.000000e+00
    outer loop
      vertex   -8.894796e+00 8.476435e+01 2.844306e+01
      vertex   -1.102210e+01 8.476435e+01 3.187600e+01
      vertex   -8.666731e+00 8.476435e+01 3.259146e+01
    endloop
  endfacet
  facet normal 0.000000e+00 1.000000e+00 0.000000e+00
    outer loop
      vertex   -8.894796e+00 8.476435e+01 2.844306e+01
      vertex   -8.666731e+00 8.476435e+01 3.259146e+01
      vertex   -7.583487e+00 8.476435e+01 2.861224e+01
    endloop
  endfacet
  facet normal 0.000000e+00 1.000000e+00 -0.000000e+00
    outer loop
      vertex   -7.583487e+00 8.476435e+01 2.861224e+01
      vertex   -8.666731e+00 8.476435e+01 3.259146e+01
      vertex   -6.265873e+00 8.476435e+01 3.313510e+01
    endloop
  endfacet
  facet normal -0.000000e+00 1.000000e+00 0.000000e+00
    outer loop
      vertex   -7.583487e+00 8.476435e+01 2.861224e+01
      vertex   -6.265873e+00 8.476435e+01 3.313510e+01
      vertex   -6.261322e+00 8.476435e+01 2.860694e+01
    endloop
  endfacet
  facet normal -0.000000e+00 1.000000e+00 -0.000000e+00
    outer loop
      vertex   -6.261322e+00 8.476435e+01 2.860694e+01
      vertex   -6.265873e+00 8.476435e+01 3.313510e+01
      vertex   -4.951412e+00 8.476435e+01 2.842725e+01
    endloop
  endfacet
  facet normal 0.000000e+00 1.000000e+00 -0.000000e+00
    outer loop
      vertex   -4.951412e+00 8.476435e+01 2.842725e+01
      vertex   -6.265873e+00 8.476435e+01 3.313510e+01
      vertex   -3.832046e+00 8.476435e+01 3.350408e+01
    endloop
  endfacet
  facet normal -0.000000e+00 1.000000e+00 0.000000e+00
    outer loop
      vertex   -4.951412e+00 8.476435e+01 2.842725e+01
      vertex   -3.832046e+00 8.476435e+01 3.350408e+01
      vertex   -3.676657e+00 8.476435e+01 2.807632e+01
    endloop
  endfacet
  facet normal 0.000000e+00 1.000000e+00 -0.000000e+00
    outer loop
      vertex   -3.676657e+00 8.476435e+01 2.807632e+01
      vertex   -3.832046e+00 8.476435e+01 3.350408e+01
      vertex   -1.377939e+00 8.476435e+01 3.369648e+01
    endloop
  endfacet
  facet normal -0.000000e+00 1.000000e+00 0.000000e+00
    outer loop
      vertex   -3.676657e+00 8.476435e+01 2.807632e+01
      vertex   -1.377939e+00 8.476435e+01 3.369648e+01
      vertex   -2.459343e+00 8.476435e+01 2.756028e+01
    endloop
  endfacet
  facet normal 0.000000e+00 1.000000e+00 0.000000e+00
    outer loop
      vertex   -2.459343e+00 8.476435e+01 2.756028e+01
      vertex   -1.377939e+00 8.476435e+01 3.369648e+01
      vertex   1.083654e+00 8.476435e+01 3.371129e+01
    endloop
  endfacet
  facet normal -0.000000e+00 1.000000e+00 0.000000e+00
    outer loop
      vertex   -2.459343e+00 8.476435e+01 2.756028e+01
      vertex   1.083654e+00 8.476435e+01 3.371129e+01
      vertex   -1.320749e+00 8.476435e+01 2.688816e+01
    endloop
  endfacet
  facet normal -0.000000e+00 1.000000e+00 0.000000e+00
    outer loop
      vertex   -1.320749e+00 8.476435e+01 2.688816e+01
      vertex   1.083654e+00 8.476435e+01 3.371129e+01
      vertex   -2.807793e-01 8.476435e+01 2.607169e+01
    endloop
  endfacet
  facet normal 0.000000e+00 1.000000e+00 0.000000e+00
    outer loop
      vertex   -2.807793e-01 8.476435e+01 2.607169e+01
      vertex   1.083654e+00 8.476435e+01 3.371129e+01
      vertex   3.539900e+00 8.476435e+01 3.354845e+01
    endloop
  endfacet
  facet normal -0.000000e+00 1.000000e+00 0.000000e+00
    outer loop
      vertex   -2.807793e-01 8.476435e+01 2.607169e+01
      vertex   3.539900e+00 8.476435e+01 3.354845e+01
      vertex   6.423852e-01 8.476435e+01 2.512516e+01
    endloop
  endfacet
  facet normal -0.000000e+00 1.000000e+00 0.000000e+00
    outer loop
      vertex   6.423852e-01 8.476435e+01 2.512516e+01
      vertex   3.539900e+00 8.476435e+01 3.354845e+01
      vertex   3.234282e+00 8.476435e+01 2.428109e+01
    endloop
  endfacet
  facet normal 0.000000e+00 1.000000e+00 0.000000e+00
    outer loop
      vertex   6.423852e-01 8.476435e+01 2.512516e+01
      vertex   3.234282e+00 8.476435e+01 2.428109e+01
      vertex   1.328056e+00 8.476435e+01 2.434329e+01
    endloop
  endfacet
  facet normal 0.000000e+00 1.000000e+00 0.000000e+00
    outer loop
      vertex   3.539900e+00 8.476435e+01 3.354845e+01
      vertex   5.977992e+00 8.476435e+01 3.320879e+01
      vertex   3.234282e+00 8.476435e+01 2.428109e+01
    endloop
  endfacet
  facet normal -0.000000e+00 1.000000e+00 0.000000e+00
    outer loop
      vertex   3.234282e+00 8.476435e+01 2.428109e+01
      vertex   5.977992e+00 8.476435e+01 3.320879e+01
      vertex   5.133146e+00 8.476435e+01 2.410254e+01
    endloop
  endfacet
  facet normal 0.000000e+00 1.000000e+00 0.000000e+00
    outer loop
      vertex   5.133146e+00 8.476435e+01 2.410254e+01
      vertex   5.977992e+00 8.476435e+01 3.320879e+01
      vertex   8.385219e+00 8.476435e+01 3.269408e+01
    endloop
  endfacet
  facet normal -0.000000e+00 1.000000e+00 0.000000e+00
    outer loop
      vertex   5.133146e+00 8.476435e+01 2.410254e+01
      vertex   8.385219e+00 8.476435e+01 3.269408e+01
      vertex   7.017554e+00 8.476435e+01 2.380831e+01
    endloop
  endfacet
  facet normal 0.000000e+00 1.000000e+00 0.000000e+00
    outer loop
      vertex   7.017554e+00 8.476435e+01 2.380831e+01
      vertex   8.385219e+00 8.476435e+01 3.269408e+01
      vertex   1.074903e+01 8.476435e+01 3.200703e+01
    endloop
  endfacet
  facet normal 0.000000e+00 1.000000e+00 0.000000e+00
    outer loop
      vertex   6.423852e-01 8.476435e+01 2.512516e+01
      vertex   1.328056e+00 8.476435e+01 2.434329e+01
      vertex   1.432606e+00 8.476435e+01 2.406512e+01
    endloop
  endfacet
  facet normal -0.000000e+00 1.000000e+00 -0.000000e+00
    outer loop
      vertex   1.432606e+00 8.476435e+01 2.406512e+01
      vertex   1.328056e+00 8.476435e+01 2.434329e+01
      vertex   1.825846e+00 8.476435e+01 2.349748e+01
    endloop
  endfacet
  facet normal 0.000000e+00 1.000000e+00 0.000000e+00
    outer loop
      vertex   1.432606e+00 8.476435e+01 2.406512e+01
      vertex   1.825846e+00 8.476435e+01 2.349748e+01
      vertex   2.076070e+00 8.476435e+01 2.291008e+01
    endloop
  endfacet
  facet normal -0.000000e+00 1.000000e+00 -0.000000e+00
    outer loop
      vertex   2.076070e+00 8.476435e+01 2.291008e+01
      vertex   1.825846e+00 8.476435e+01 2.349748e+01
      vertex   2.238328e+00 8.476435e+01 2.260694e+01
    endloop
  endfacet
  facet normal 0.000000e+00 1.000000e+00 0.000000e+00
    outer loop
      vertex   2.076070e+00 8.476435e+01 2.291008e+01
      vertex   2.238328e+00 8.476435e+01 2.260694e+01
      vertex   2.561528e+00 8.476435e+01 2.168025e+01
    endloop
  endfacet
  facet normal 0.000000e+00 1.000000e+00 0.000000e+00
    outer loop
      vertex   -5.954988e+00 8.476435e+01 -7.685922e-01
      vertex   -1.232059e+01 8.476435e+01 1.018821e+01
      vertex   -5.964588e+00 8.476435e+01 2.490336e-01
    endloop
  endfacet
  facet normal 0.000000e+00 1.000000e+00 0.000000e+00
    outer loop
      vertex   -5.964588e+00 8.476435e+01 2.490336e-01
      vertex   -1.232059e+01 8.476435e+01 1.018821e+01
      vertex   -1.115984e+01 8.476435e+01 9.555114e+00
    endloop
  endfacet
  facet normal 0.000000e+00 1.000000e+00 -0.000000e+00
    outer loop
      vertex   -5.964588e+00 8.476435e+01 2.490336e-01
      vertex   -1.115984e+01 8.476435e+01 9.555114e+00
      vertex   -5.802071e+00 8.476435e+01 1.253644e+00
    endloop
  endfacet
  facet normal 0.000000e+00 1.000000e+00 0.000000e+00
    outer loop
      vertex   -5.802071e+00 8.476435e+01 1.253644e+00
      vertex   -1.115984e+01 8.476435e+01 9.555114e+00
      vertex   -9.925712e+00 8.476435e+01 9.080689e+00
    endloop
  endfacet
  facet normal 0.000000e+00 1.000000e+00 -0.000000e+00
    outer loop
      vertex   -5.802071e+00 8.476435e+01 1.253644e+00
      vertex   -9.925712e+00 8.476435e+01 9.080689e+00
      vertex   -5.472112e+00 8.476435e+01 2.216339e+00
    endloop
  endfacet
  facet normal 0.000000e+00 1.000000e+00 0.000000e+00
    outer loop
      vertex   -5.472112e+00 8.476435e+01 2.216339e+00
      vertex   -9.925712e+00 8.476435e+01 9.080689e+00
      vertex   -8.639781e+00 8.476435e+01 8.773227e+00
    endloop
  endfacet
  facet normal 0.000000e+00 1.000000e+00 -0.000000e+00
    outer loop
      vertex   -5.472112e+00 8.476435e+01 2.216339e+00
      vertex   -8.639781e+00 8.476435e+01 8.773227e+00
      vertex   -4.984203e+00 8.476435e+01 3.109423e+00
    endloop
  endfacet
  facet normal 0.000000e+00 1.000000e+00 0.000000e+00
    outer loop
      vertex   -4.984203e+00 8.476435e+01 3.109423e+00
      vertex   -8.639781e+00 8.476435e+01 8.773227e+00
      vertex   -7.324527e+00 8.476435e+01 8.638103e+00
    endloop
  endfacet
  facet normal 0.000000e+00 1.000000e+00 -0.000000e+00
    outer loop
      vertex   -4.984203e+00 8.476435e+01 3.109423e+00
      vertex   -7.324527e+00 8.476435e+01 8.638103e+00
      vertex   -4.352380e+00 8.476435e+01 3.907204e+00
    endloop
  endfacet
  facet normal 0.000000e+00 1.000000e+00 0.000000e+00
    outer loop
      vertex   -4.352380e+00 8.476435e+01 3.907204e+00
      vertex   -7.324527e+00 8.476435e+01 8.638103e+00
      vertex   -6.002943e+00 8.476435e+01 8.677679e+00
    endloop
  endfacet
  facet normal 0.000000e+00 1.000000e+00 -0.000000e+00
    outer loop
      vertex   -4.352380e+00 8.476435e+01 3.907204e+00
      vertex   -6.002943e+00 8.476435e+01 8.677679e+00
      vertex   -3.594819e+00 8.476435e+01 4.586730e+00
    endloop
  endfacet
  facet normal 0.000000e+00 1.000000e+00 0.000000e+00
    outer loop
      vertex   -3.594819e+00 8.476435e+01 4.586730e+00
      vertex   -6.002943e+00 8.476435e+01 8.677679e+00
      vertex   -4.698132e+00 8.476435e+01 8.891265e+00
    endloop
  endfacet
  facet normal 0.000000e+00 1.000000e+00 -0.000000e+00
    outer loop
      vertex   -3.594819e+00 8.476435e+01 4.586730e+00
      vertex   -4.698132e+00 8.476435e+01 8.891265e+00
      vertex   -2.733315e+00 8.476435e+01 5.128454e+00
    endloop
  endfacet
  facet normal 0.000000e+00 1.000000e+00 0.000000e+00
    outer loop
      vertex   -2.733315e+00 8.476435e+01 5.128454e+00
      vertex   -4.698132e+00 8.476435e+01 8.891265e+00
      vertex   -3.432904e+00 8.476435e+01 9.275124e+00
    endloop
  endfacet
  facet normal 0.000000e+00 1.000000e+00 -0.000000e+00
    outer loop
      vertex   -2.733315e+00 8.476435e+01 5.128454e+00
      vertex   -3.432904e+00 8.476435e+01 9.275124e+00
      vertex   -1.792651e+00 8.476435e+01 5.516791e+00
    endloop
  endfacet
  facet normal 0.000000e+00 1.000000e+00 0.000000e+00
    outer loop
      vertex   -1.792651e+00 8.476435e+01 5.516791e+00
      vertex   -3.432904e+00 8.476435e+01 9.275124e+00
      vertex   -2.229377e+00 8.476435e+01 9.822549e+00
    endloop
  endfacet
  facet normal 0.000000e+00 1.000000e+00 -0.000000e+00
    outer loop
      vertex   -1.792651e+00 8.476435e+01 5.516791e+00
      vertex   -2.229377e+00 8.476435e+01 9.822549e+00
      vertex   -7.998881e-01 8.476435e+01 5.740569e+00
    endloop
  endfacet
  facet normal 0.000000e+00 1.000000e+00 0.000000e+00
    outer loop
      vertex   -7.998881e-01 8.476435e+01 5.740569e+00
      vertex   -2.229377e+00 8.476435e+01 9.822549e+00
      vertex   -1.108591e+00 8.476435e+01 1.052397e+01
    endloop
  endfacet
  facet normal 0.000000e+00 1.000000e+00 -0.000000e+00
    outer loop
      vertex   -7.998881e-01 8.476435e+01 5.740569e+00
      vertex   -1.108591e+00 8.476435e+01 1.052397e+01
      vertex   2.164133e-01 8.476435e+01 5.793351e+00
    endloop
  endfacet
  facet normal -0.000000e+00 1.000000e+00 -0.000000e+00
    outer loop
      vertex   2.164133e-01 8.476435e+01 5.793351e+00
      vertex   -1.108591e+00 8.476435e+01 1.052397e+01
      vertex   1.227016e+00 8.476435e+01 5.673617e+00
    endloop
  endfacet
  facet normal 0.000000e+00 1.000000e+00 0.000000e+00
    outer loop
      vertex   1.227016e+00 8.476435e+01 5.673617e+00
      vertex   -1.108591e+00 8.476435e+01 1.052397e+01
      vertex   -9.013787e-02 8.476435e+01 1.136712e+01
    endloop
  endfacet
  facet normal -0.000000e+00 1.000000e+00 -0.000000e+00
    outer loop
      vertex   1.227016e+00 8.476435e+01 5.673617e+00
      vertex   -9.013787e-02 8.476435e+01 1.136712e+01
      vertex   2.202848e+00 8.476435e+01 5.384813e+00
    endloop
  endfacet
  facet normal 0.000000e+00 1.000000e+00 0.000000e+00
    outer loop
      vertex   2.202848e+00 8.476435e+01 5.384813e+00
      vertex   -9.013787e-02 8.476435e+01 1.136712e+01
      vertex   8.081774e-01 8.476435e+01 1.233726e+01
    endloop
  endfacet
  facet normal -0.000000e+00 1.000000e+00 -0.000000e+00
    outer loop
      vertex   2.202848e+00 8.476435e+01 5.384813e+00
      vertex   8.081774e-01 8.476435e+01 1.233726e+01
      vertex   3.115834e+00 8.476435e+01 4.935247e+00
    endloop
  endfacet
  facet normal 0.000000e+00 1.000000e+00 0.000000e+00
    outer loop
      vertex   3.115834e+00 8.476435e+01 4.935247e+00
      vertex   8.081774e-01 8.476435e+01 1.233726e+01
      vertex   1.570651e+00 8.476435e+01 1.341744e+01
    endloop
  endfacet
  facet normal -0.000000e+00 1.000000e+00 -0.000000e+00
    outer loop
      vertex   3.115834e+00 8.476435e+01 4.935247e+00
      vertex   1.570651e+00 8.476435e+01 1.341744e+01
      vertex   3.939711e+00 8.476435e+01 4.337852e+00
    endloop
  endfacet
  facet normal 0.000000e+00 1.000000e+00 -0.000000e+00
    outer loop
      vertex   3.939711e+00 8.476435e+01 4.337852e+00
      vertex   1.570651e+00 8.476435e+01 1.341744e+01
      vertex   7.415055e+00 8.476435e+01 1.780662e+01
    endloop
  endfacet
  facet normal 0.000000e+00 1.000000e+00 0.000000e+00
    outer loop
      vertex   3.939711e+00 8.476435e+01 4.337852e+00
      vertex   7.415055e+00 8.476435e+01 1.780662e+01
      vertex   7.886617e+00 8.476435e+01 1.786913e+01
    endloop
  endfacet
  facet normal 0.000000e+00 1.000000e+00 0.000000e+00
    outer loop
      vertex   1.570651e+00 8.476435e+01 1.341744e+01
      vertex   2.183954e+00 8.476435e+01 1.458877e+01
      vertex   7.415055e+00 8.476435e+01 1.780662e+01
    endloop
  endfacet
  facet normal 0.000000e+00 1.000000e+00 0.000000e+00
    outer loop
      vertex   7.415055e+00 8.476435e+01 1.780662e+01
      vertex   2.183954e+00 8.476435e+01 1.458877e+01
      vertex   6.942068e+00 8.476435e+01 1.785723e+01
    endloop
  endfacet
  facet normal 0.000000e+00 1.000000e+00 0.000000e+00
    outer loop
      vertex   6.942068e+00 8.476435e+01 1.785723e+01
      vertex   2.183954e+00 8.476435e+01 1.458877e+01
      vertex   2.637365e+00 8.476435e+01 1.583077e+01
    endloop
  endfacet
  facet normal 0.000000e+00 1.000000e+00 0.000000e+00
    outer loop
      vertex   6.942068e+00 8.476435e+01 1.785723e+01
      vertex   2.637365e+00 8.476435e+01 1.583077e+01
      vertex   5.650627e+00 8.476435e+01 1.811879e+01
    endloop
  endfacet
  facet normal 0.000000e+00 1.000000e+00 0.000000e+00
    outer loop
      vertex   5.650627e+00 8.476435e+01 1.811879e+01
      vertex   2.637365e+00 8.476435e+01 1.583077e+01
      vertex   2.922957e+00 8.476435e+01 1.712174e+01
    endloop
  endfacet
  facet normal 0.000000e+00 1.000000e+00 0.000000e+00
    outer loop
      vertex   5.650627e+00 8.476435e+01 1.811879e+01
      vertex   2.922957e+00 8.476435e+01 1.712174e+01
      vertex   4.347345e+00 8.476435e+01 1.831292e+01
    endloop
  endfacet
  facet normal 0.000000e+00 1.000000e+00 0.000000e+00
    outer loop
      vertex   4.347345e+00 8.476435e+01 1.831292e+01
      vertex   2.922957e+00 8.476435e+01 1.712174e+01
      vertex   3.035738e+00 8.476435e+01 1.843909e+01
    endloop
  endfacet
  facet normal -0.000000e+00 1.000000e+00 0.000000e+00
    outer loop
      vertex   3.939711e+00 8.476435e+01 4.337852e+00
      vertex   7.886617e+00 8.476435e+01 1.786913e+01
      vertex   4.650778e+00 8.476435e+01 3.609814e+00
    endloop
  endfacet
  facet normal 0.000000e+00 1.000000e+00 0.000000e+00
    outer loop
      vertex   4.650778e+00 8.476435e+01 3.609814e+00
      vertex   7.886617e+00 8.476435e+01 1.786913e+01
      vertex   8.330078e+00 8.476435e+01 1.804124e+01
    endloop
  endfacet
  facet normal -0.000000e+00 1.000000e+00 0.000000e+00
    outer loop
      vertex   4.650778e+00 8.476435e+01 3.609814e+00
      vertex   8.330078e+00 8.476435e+01 1.804124e+01
      vertex   5.228577e+00 8.476435e+01 2.772077e+00
    endloop
  endfacet
  facet normal 0.000000e+00 1.000000e+00 0.000000e+00
    outer loop
      vertex   5.228577e+00 8.476435e+01 2.772077e+00
      vertex   8.330078e+00 8.476435e+01 1.804124e+01
      vertex   8.720351e+00 8.476435e+01 1.831321e+01
    endloop
  endfacet
  facet normal -0.000000e+00 1.000000e+00 0.000000e+00
    outer loop
      vertex   5.228577e+00 8.476435e+01 2.772077e+00
      vertex   8.720351e+00 8.476435e+01 1.831321e+01
      vertex   5.656487e+00 8.476435e+01 1.848742e+00
    endloop
  endfacet
  facet normal -6.540211e-02 5.571803e-03 9.978434e-01
    outer loop
      vertex   -5.657148e+00 8.176435e+01 8.717096e+00
      vertex   -6.002943e+00 8.476435e+01 8.677679e+00
      vertex   -6.962410e+00 8.176435e+01 8.631544e+00
    endloop
  endfacet
  facet normal -2.993243e-02 -5.798203e-03 9.995351e-01
    outer loop
      vertex   -6.962410e+00 8.176435e+01 8.631544e+00
      vertex   -6.002943e+00 8.476435e+01 8.677679e+00
      vertex   -7.324527e+00 8.476435e+01 8.638103e+00
    endloop
  endfacet
  facet normal 6.540206e-02 5.712924e-03 9.978426e-01
    outer loop
      vertex   -6.962410e+00 8.176435e+01 8.631544e+00
      vertex   -7.324527e+00 8.476435e+01 8.638103e+00
      vertex   -8.267672e+00 8.176435e+01 8.717096e+00
    endloop
  endfacet
  facet normal 1.021962e-01 -5.935992e-03 9.947466e-01
    outer loop
      vertex   -8.267672e+00 8.176435e+01 8.717096e+00
      vertex   -7.324527e+00 8.476435e+01 8.638103e+00
      vertex   -8.639781e+00 8.476435e+01 8.773227e+00
    endloop
  endfacet
  facet normal 1.950870e-01 5.847380e-03 9.807685e-01
    outer loop
      vertex   -8.267672e+00 8.176435e+01 8.717096e+00
      vertex   -8.639781e+00 8.476435e+01 8.773227e+00
      vertex   -9.550600e+00 8.176435e+01 8.972286e+00
    endloop
  endfacet
  facet normal 2.325381e-01 -6.067114e-03 9.725684e-01
    outer loop
      vertex   -9.550600e+00 8.176435e+01 8.972286e+00
      vertex   -8.639781e+00 8.476435e+01 8.773227e+00
      vertex   -9.925712e+00 8.476435e+01 9.080689e+00
    endloop
  endfacet
  facet normal 3.214337e-01 5.975170e-03 9.469132e-01
    outer loop
      vertex   -9.550600e+00 8.176435e+01 8.972286e+00
      vertex   -9.925712e+00 8.476435e+01 9.080689e+00
      vertex   -1.078924e+01 8.176435e+01 9.392749e+00
    endloop
  endfacet
  facet normal 3.588146e-01 -6.191570e-03 9.333883e-01
    outer loop
      vertex   -1.078924e+01 8.176435e+01 9.392749e+00
      vertex   -9.925712e+00 8.476435e+01 9.080689e+00
      vertex   -1.115984e+01 8.476435e+01 9.555114e+00
    endloop
  endfacet
  facet normal 4.422805e-01 6.096293e-03 8.968561e-01
    outer loop
      vertex   -1.078924e+01 8.176435e+01 9.392749e+00
      vertex   -1.115984e+01 8.476435e+01 9.555114e+00
      vertex   -1.196241e+01 8.176435e+01 9.971290e+00
    endloop
  endfacet
  facet normal 4.788184e-01 -6.309359e-03 8.778913e-01
    outer loop
      vertex   -1.196241e+01 8.176435e+01 9.971290e+00
      vertex   -1.115984e+01 8.476435e+01 9.555114e+00
      vertex   -1.232059e+01 8.476435e+01 1.018821e+01
    endloop
  endfacet
  facet normal 5.555595e-01 6.210749e-03 8.314536e-01
    outer loop
      vertex   -1.196241e+01 8.176435e+01 9.971290e+00
      vertex   -1.232059e+01 8.476435e+01 1.018821e+01
      vertex   -1.305002e+01 8.176435e+01 1.069801e+01
    endloop
  endfacet
  facet normal 5.904515e-01 -6.420482e-03 8.070475e-01
    outer loop
      vertex   -1.305002e+01 8.176435e+01 1.069801e+01
      vertex   -1.232059e+01 8.476435e+01 1.018821e+01
      vertex   -1.338767e+01 8.476435e+01 1.096891e+01
    endloop
  endfacet
  facet normal 6.593327e-01 6.318539e-03 7.518248e-01
    outer loop
      vertex   -1.305002e+01 8.176435e+01 1.069801e+01
      vertex   -1.338767e+01 8.476435e+01 1.096891e+01
      vertex   -1.403348e+01 8.176435e+01 1.156048e+01
    endloop
  endfacet
  facet normal 6.917626e-01 -6.524937e-03 7.220955e-01
    outer loop
      vertex   -1.403348e+01 8.176435e+01 1.156048e+01
      vertex   -1.338767e+01 8.476435e+01 1.096891e+01
      vertex   -1.434243e+01 8.476435e+01 1.188356e+01
    endloop
  endfacet
  facet normal 7.518243e-01 6.419661e-03 6.593322e-01
    outer loop
      vertex   -1.403348e+01 8.176435e+01 1.156048e+01
      vertex   -1.434243e+01 8.476435e+01 1.188356e+01
      vertex   -1.489594e+01 8.176435e+01 1.254393e+01
    endloop
  endfacet
  facet normal 7.809805e-01 -6.622726e-03 6.245203e-01
    outer loop
      vertex   -1.489594e+01 8.176435e+01 1.254393e+01
      vertex   -1.434243e+01 8.476435e+01 1.188356e+01
      vertex   -1.516817e+01 8.476435e+01 1.291617e+01
    endloop
  endfacet
  facet normal 8.314520e-01 6.514116e-03 5.555584e-01
    outer loop
      vertex   -1.489594e+01 8.176435e+01 1.254393e+01
      vertex   -1.516817e+01 8.476435e+01 1.291617e+01
      vertex   -1.562266e+01 8.176435e+01 1.363154e+01
    endloop
  endfacet
  facet normal 8.565456e-01 -6.713847e-03 5.160277e-01
    outer loop
      vertex   -1.562266e+01 8.176435e+01 1.363154e+01
      vertex   -1.516817e+01 8.476435e+01 1.291617e+01
      vertex   -1.585047e+01 8.476435e+01 1.404870e+01
    endloop
  endfacet
  facet normal 8.968532e-01 6.601904e-03 4.422791e-01
    outer loop
      vertex   -1.562266e+01 8.176435e+01 1.363154e+01
      vertex   -1.585047e+01 8.476435e+01 1.404870e+01
      vertex   -1.620121e+01 8.176435e+01 1.480471e+01
    endloop
  endfacet
  facet normal 9.171369e-01 -6.798301e-03 3.985143e-01
    outer loop
      vertex   -1.620121e+01 8.176435e+01 1.480471e+01
      vertex   -1.585047e+01 8.476435e+01 1.404870e+01
      vertex   -1.637739e+01 8.476435e+01 1.526135e+01
    endloop
  endfacet
  facet normal 9.469090e-01 6.683025e-03 3.214323e-01
    outer loop
      vertex   -1.620121e+01 8.176435e+01 1.480471e+01
      vertex   -1.637739e+01 8.476435e+01 1.526135e+01
      vertex   -1.662167e+01 8.176435e+01 1.604335e+01
    endloop
  endfacet
  facet normal 9.616953e-01 -6.876088e-03 2.740345e-01
    outer loop
      vertex   -1.662167e+01 8.176435e+01 1.604335e+01
      vertex   -1.637739e+01 8.476435e+01 1.526135e+01
      vertex   -1.673972e+01 8.476435e+01 1.653291e+01
    endloop
  endfacet
  facet normal 9.807629e-01 6.757477e-03 1.950859e-01
    outer loop
      vertex   -1.662167e+01 8.176435e+01 1.604335e+01
      vertex   -1.673972e+01 8.476435e+01 1.653291e+01
      vertex   -1.687686e+01 8.176435e+01 1.732628e+01
    endloop
  endfacet
  facet normal 9.894418e-01 -6.947206e-03 1.447642e-01
    outer loop
      vertex   -1.687686e+01 8.176435e+01 1.732628e+01
      vertex   -1.673972e+01 8.476435e+01 1.653291e+01
      vertex   -1.693113e+01 8.476435e+01 1.784116e+01
    endloop
  endfacet
  facet normal 9.978357e-01 6.825262e-03 6.540161e-02
    outer loop
      vertex   -1.687686e+01 8.176435e+01 1.732628e+01
      vertex   -1.693113e+01 8.476435e+01 1.784116e+01
      vertex   -1.696241e+01 8.176435e+01 1.863154e+01
    endloop
  endfacet
  facet normal 9.998914e-01 -7.011657e-03 1.296336e-02
    outer loop
      vertex   -1.696241e+01 8.176435e+01 1.863154e+01
      vertex   -1.693113e+01 8.476435e+01 1.784116e+01
      vertex   -1.694827e+01 8.476435e+01 1.916322e+01
    endloop
  endfacet
  facet normal 9.978353e-01 6.886380e-03 -6.540158e-02
    outer loop
      vertex   -1.696241e+01 8.176435e+01 1.863154e+01
      vertex   -1.694827e+01 8.476435e+01 1.916322e+01
      vertex   -1.687686e+01 8.176435e+01 1.993681e+01
    endloop
  endfacet
  facet normal 9.928614e-01 -7.069440e-03 -1.190640e-01
    outer loop
      vertex   -1.687686e+01 8.176435e+01 1.993681e+01
      vertex   -1.694827e+01 8.476435e+01 1.916322e+01
      vertex   -1.679084e+01 8.476435e+01 2.047599e+01
    endloop
  endfacet
  facet normal 9.807617e-01 6.940829e-03 -1.950856e-01
    outer loop
      vertex   -1.687686e+01 8.176435e+01 1.993681e+01
      vertex   -1.679084e+01 8.476435e+01 2.047599e+01
      vertex   -1.662167e+01 8.176435e+01 2.121973e+01
    endloop
  endfacet
  facet normal 9.684748e-01 -7.120555e-03 -2.490098e-01
    outer loop
      vertex   -1.662167e+01 8.176435e+01 2.121973e+01
      vertex   -1.679084e+01 8.476435e+01 2.047599e+01
      vertex   -1.646160e+01 8.476435e+01 2.175652e+01
    endloop
  endfacet
  facet normal 9.469070e-01 6.988610e-03 -3.214316e-01
    outer loop
      vertex   -1.662167e+01 8.176435e+01 2.121973e+01
      vertex   -1.646160e+01 8.476435e+01 2.175652e+01
      vertex   -1.620121e+01 8.176435e+01 2.245838e+01
    endloop
  endfacet
  facet normal 9.271578e-01 -7.165002e-03 -3.746025e-01
    outer loop
      vertex   -1.620121e+01 8.176435e+01 2.245838e+01
      vertex   -1.646160e+01 8.476435e+01 2.175652e+01
      vertex   -1.596629e+01 8.476435e+01 2.298242e+01
    endloop
  endfacet
  facet normal 8.968506e-01 7.029723e-03 -4.422778e-01
    outer loop
      vertex   -1.620121e+01 8.176435e+01 2.245838e+01
      vertex   -1.596629e+01 8.476435e+01 2.298242e+01
      vertex   -1.562266e+01 8.176435e+01 2.363154e+01
    endloop
  endfacet
  facet normal 8.696328e-01 -7.202781e-03 -4.936465e-01
    outer loop
      vertex   -1.562266e+01 8.176435e+01 2.363154e+01
      vertex   -1.596629e+01 8.476435e+01 2.298242e+01
      vertex   -1.531359e+01 8.476435e+01 2.413226e+01
    endloop
  endfacet
  facet normal 8.314489e-01 7.064168e-03 -5.555564e-01
    outer loop
      vertex   -1.562266e+01 8.176435e+01 2.363154e+01
      vertex   -1.531359e+01 8.476435e+01 2.413226e+01
      vertex   -1.489594e+01 8.176435e+01 2.471916e+01
    endloop
  endfacet
  facet normal 7.969054e-01 -7.233892e-03 -6.040608e-01
    outer loop
      vertex   -1.489594e+01 8.176435e+01 2.471916e+01
      vertex   -1.531359e+01 8.476435e+01 2.413226e+01
      vertex   -1.451489e+01 8.476435e+01 2.518593e+01
    endloop
  endfacet
  facet normal 7.518209e-01 7.091944e-03 -6.593292e-01
    outer loop
      vertex   -1.489594e+01 8.176435e+01 2.471916e+01
      vertex   -1.451489e+01 8.476435e+01 2.518593e+01
      vertex   -1.403348e+01 8.176435e+01 2.570261e+01
    endloop
  endfacet
  facet normal 7.102469e-01 -7.258334e-03 -7.039152e-01
    outer loop
      vertex   -1.403348e+01 8.176435e+01 2.570261e+01
      vertex   -1.451489e+01 8.476435e+01 2.518593e+01
      vertex   -1.358417e+01 8.476435e+01 2.612503e+01
    endloop
  endfacet
  facet normal 6.593291e-01 7.113053e-03 -7.518208e-01
    outer loop
      vertex   -1.403348e+01 8.176435e+01 2.570261e+01
      vertex   -1.358417e+01 8.476435e+01 2.612503e+01
      vertex   -1.305002e+01 8.176435e+01 2.656508e+01
    endloop
  endfacet
  facet normal 6.111724e-01 -7.276108e-03 -7.914641e-01
    outer loop
      vertex   -1.305002e+01 8.176435e+01 2.656508e+01
      vertex   -1.358417e+01 8.476435e+01 2.612503e+01
      vertex   -1.253768e+01 8.476435e+01 2.693313e+01
    endloop
  endfacet
  facet normal 5.555561e-01 7.127493e-03 -8.314485e-01
    outer loop
      vertex   -1.305002e+01 8.176435e+01 2.656508e+01
      vertex   -1.253768e+01 8.476435e+01 2.693313e+01
      vertex   -1.196241e+01 8.176435e+01 2.729180e+01
    endloop
  endfacet
  facet normal 5.014136e-01 -7.287214e-03 -8.651770e-01
    outer loop
      vertex   -1.196241e+01 8.176435e+01 2.729180e+01
      vertex   -1.253768e+01 8.476435e+01 2.693313e+01
      vertex   -1.139374e+01 8.476435e+01 2.759610e+01
    endloop
  endfacet
  facet normal 4.422774e-01 7.135264e-03 -8.968499e-01
    outer loop
      vertex   -1.196241e+01 8.176435e+01 2.729180e+01
      vertex   -1.139374e+01 8.476435e+01 2.759610e+01
      vertex   -1.078924e+01 8.176435e+01 2.787034e+01
    endloop
  endfacet
  facet normal 3.828894e-01 -7.291651e-03 -9.237654e-01
    outer loop
      vertex   -1.078924e+01 8.176435e+01 2.787034e+01
      vertex   -1.139374e+01 8.476435e+01 2.759610e+01
      vertex   -1.017232e+01 8.476435e+01 2.810237e+01
    endloop
  endfacet
  facet normal 3.214313e-01 7.136368e-03 -9.469060e-01
    outer loop
      vertex   -1.078924e+01 8.176435e+01 2.787034e+01
      vertex   -1.017232e+01 8.476435e+01 2.810237e+01
      vertex   -9.550600e+00 8.176435e+01 2.829080e+01
    endloop
  endfacet
  facet normal 2.576718e-01 -7.289420e-03 -9.662050e-01
    outer loop
      vertex   -9.550600e+00 8.176435e+01 2.829080e+01
      vertex   -1.017232e+01 8.476435e+01 2.810237e+01
      vertex   -8.894796e+00 8.476435e+01 2.844306e+01
    endloop
  endfacet
  facet normal 1.950854e-01 7.130803e-03 -9.807603e-01
    outer loop
      vertex   -9.550600e+00 8.176435e+01 2.829080e+01
      vertex   -8.894796e+00 8.476435e+01 2.844306e+01
      vertex   -8.267672e+00 8.176435e+01 2.854599e+01
    endloop
  endfacet
  facet normal 1.279497e-01 -7.280521e-03 -9.917539e-01
    outer loop
      vertex   -8.267672e+00 8.176435e+01 2.854599e+01
      vertex   -8.894796e+00 8.476435e+01 2.844306e+01
      vertex   -7.583487e+00 8.476435e+01 2.861224e+01
    endloop
  endfacet
  facet normal 6.540147e-02 7.118569e-03 -9.978336e-01
    outer loop
      vertex   -8.267672e+00 8.176435e+01 2.854599e+01
      vertex   -7.583487e+00 8.476435e+01 2.861224e+01
      vertex   -6.962410e+00 8.176435e+01 2.863154e+01
    endloop
  endfacet
  facet normal -4.009204e-03 -7.264954e-03 -9.999656e-01
    outer loop
      vertex   -6.962410e+00 8.176435e+01 2.863154e+01
      vertex   -7.583487e+00 8.476435e+01 2.861224e+01
      vertex   -6.261322e+00 8.476435e+01 2.860694e+01
    endloop
  endfacet
  facet normal -6.540148e-02 7.099667e-03 -9.978338e-01
    outer loop
      vertex   -6.962410e+00 8.176435e+01 2.863154e+01
      vertex   -6.261322e+00 8.476435e+01 2.860694e+01
      vertex   -5.657148e+00 8.176435e+01 2.854599e+01
    endloop
  endfacet
  facet normal -1.358980e-01 -7.242718e-03 -9.906964e-01
    outer loop
      vertex   -5.657148e+00 8.176435e+01 2.854599e+01
      vertex   -6.261322e+00 8.476435e+01 2.860694e+01
      vertex   -4.951412e+00 8.476435e+01 2.842725e+01
    endloop
  endfacet
  facet normal -1.950854e-01 7.074097e-03 -9.807607e-01
    outer loop
      vertex   -5.657148e+00 8.176435e+01 2.854599e+01
      vertex   -4.951412e+00 8.476435e+01 2.842725e+01
      vertex   -4.374220e+00 8.176435e+01 2.829080e+01
    endloop
  endfacet
  facet normal -2.654112e-01 -7.213814e-03 -9.641083e-01
    outer loop
      vertex   -4.374220e+00 8.176435e+01 2.829080e+01
      vertex   -4.951412e+00 8.476435e+01 2.842725e+01
      vertex   -3.676657e+00 8.476435e+01 2.807632e+01
    endloop
  endfacet
  facet normal -3.214315e-01 7.041859e-03 -9.469067e-01
    outer loop
      vertex   -4.374220e+00 8.176435e+01 2.829080e+01
      vertex   -3.676657e+00 8.476435e+01 2.807632e+01
      vertex   -3.135576e+00 8.176435e+01 2.787034e+01
    endloop
  endfacet
  facet normal -3.902847e-01 -7.178241e-03 -9.206662e-01
    outer loop
      vertex   -3.135576e+00 8.176435e+01 2.787034e+01
      vertex   -3.676657e+00 8.476435e+01 2.807632e+01
      vertex   -2.459343e+00 8.476435e+01 2.756028e+01
    endloop
  endfacet
  facet normal -4.422778e-01 7.002952e-03 -8.968507e-01
    outer loop
      vertex   -3.135576e+00 8.176435e+01 2.787034e+01
      vertex   -2.459343e+00 8.476435e+01 2.756028e+01
      vertex   -1.962410e+00 8.176435e+01 2.729180e+01
    endloop
  endfacet
  facet normal -5.083355e-01 -7.136001e-03 -8.611295e-01
    outer loop
      vertex   -1.962410e+00 8.176435e+01 2.729180e+01
      vertex   -2.459343e+00 8.476435e+01 2.756028e+01
      vertex   -1.320749e+00 8.476435e+01 2.688816e+01
    endloop
  endfacet
  facet normal -5.555568e-01 6.957378e-03 -8.314495e-01
    outer loop
      vertex   -1.962410e+00 8.176435e+01 2.729180e+01
      vertex   -1.320749e+00 8.476435e+01 2.688816e+01
      vertex   -8.747957e-01 8.176435e+01 2.656508e+01
    endloop
  endfacet
  facet normal -6.175000e-01 -7.087092e-03 -7.865390e-01
    outer loop
      vertex   -8.747957e-01 8.176435e+01 2.656508e+01
      vertex   -1.320749e+00 8.476435e+01 2.688816e+01
      vertex   -2.807793e-01 8.476435e+01 2.607169e+01
    endloop
  endfacet
  facet normal -6.593301e-01 6.905135e-03 -7.518219e-01
    outer loop
      vertex   -8.747957e-01 8.176435e+01 2.656508e+01
      vertex   -2.807793e-01 8.476435e+01 2.607169e+01
      vertex   1.086578e-01 8.176435e+01 2.570261e+01
    endloop
  endfacet
  facet normal -7.158697e-01 -7.031516e-03 -6.981985e-01
    outer loop
      vertex   1.086578e-01 8.176435e+01 2.570261e+01
      vertex   -2.807793e-01 8.476435e+01 2.607169e+01
      vertex   6.423852e-01 8.476435e+01 2.512516e+01
    endloop
  endfacet
  facet normal -7.518222e-01 6.846224e-03 -6.593304e-01
    outer loop
      vertex   1.086578e-01 8.176435e+01 2.570261e+01
      vertex   6.423852e-01 8.476435e+01 2.512516e+01
      vertex   9.711234e-01 8.176435e+01 2.471916e+01
    endloop
  endfacet
  facet normal -8.017250e-01 -6.969271e-03 -5.976525e-01
    outer loop
      vertex   9.711234e-01 8.176435e+01 2.471916e+01
      vertex   6.423852e-01 8.476435e+01 2.512516e+01
      vertex   1.432606e+00 8.476435e+01 2.406512e+01
    endloop
  endfacet
  facet normal -8.314505e-01 6.780646e-03 -5.555575e-01
    outer loop
      vertex   9.711234e-01 8.176435e+01 2.471916e+01
      vertex   1.432606e+00 8.476435e+01 2.406512e+01
      vertex   1.697844e+00 8.176435e+01 2.363154e+01
    endloop
  endfacet
  facet normal -8.735651e-01 -6.900359e-03 -4.866585e-01
    outer loop
      vertex   1.697844e+00 8.176435e+01 2.363154e+01
      vertex   1.432606e+00 8.476435e+01 2.406512e+01
      vertex   2.076070e+00 8.476435e+01 2.291008e+01
    endloop
  endfacet
  facet normal -8.968526e-01 6.708399e-03 -4.422787e-01
    outer loop
      vertex   1.697844e+00 8.176435e+01 2.363154e+01
      vertex   2.076070e+00 8.476435e+01 2.291008e+01
      vertex   2.276385e+00 8.176435e+01 2.245838e+01
    endloop
  endfacet
  facet normal -9.301340e-01 -6.824779e-03 -3.671569e-01
    outer loop
      vertex   2.276385e+00 8.176435e+01 2.245838e+01
      vertex   2.076070e+00 8.476435e+01 2.291008e+01
      vertex   2.561528e+00 8.476435e+01 2.168025e+01
    endloop
  endfacet
  facet normal -9.469093e-01 6.629485e-03 -3.214324e-01
    outer loop
      vertex   2.276385e+00 8.176435e+01 2.245838e+01
      vertex   2.561528e+00 8.476435e+01 2.168025e+01
      vertex   2.696848e+00 8.176435e+01 2.121973e+01
    endloop
  endfacet
  facet normal -9.591673e-01 1.522986e-04 -2.828392e-01
    outer loop
      vertex   2.696848e+00 8.176435e+01 2.121973e+01
      vertex   2.561528e+00 8.476435e+01 2.168025e+01
      vertex   2.617836e+00 1.003587e+02 2.149769e+01
    endloop
  endfacet
  facet normal -9.610453e-01 4.792703e-05 -2.763910e-01
    outer loop
      vertex   2.696848e+00 8.176435e+01 2.121973e+01
      vertex   2.617836e+00 1.003587e+02 2.149769e+01
      vertex   2.681745e+00 1.004043e+02 2.127548e+01
    endloop
  endfacet
  facet normal -1.615380e-01 -5.653749e-03 9.868503e-01
    outer loop
      vertex   -6.002943e+00 8.476435e+01 8.677679e+00
      vertex   -5.657148e+00 8.176435e+01 8.717096e+00
      vertex   -4.698132e+00 8.476435e+01 8.891265e+00
    endloop
  endfacet
  facet normal -1.950875e-01 5.424015e-03 9.807709e-01
    outer loop
      vertex   -4.698132e+00 8.476435e+01 8.891265e+00
      vertex   -5.657148e+00 8.176435e+01 8.717096e+00
      vertex   -4.374220e+00 8.176435e+01 8.972286e+00
    endloop
  endfacet
  facet normal -2.903199e-01 -5.502629e-03 9.569138e-01
    outer loop
      vertex   -4.698132e+00 8.476435e+01 8.891265e+00
      vertex   -4.374220e+00 8.176435e+01 8.972286e+00
      vertex   -3.432904e+00 8.476435e+01 9.275124e+00
    endloop
  endfacet
  facet normal -3.214350e-01 5.269562e-03 9.469170e-01
    outer loop
      vertex   -3.432904e+00 8.476435e+01 9.275124e+00
      vertex   -4.374220e+00 8.176435e+01 8.972286e+00
      vertex   -3.135576e+00 8.176435e+01 9.392749e+00
    endloop
  endfacet
  facet normal -4.140267e-01 -5.344844e-03 9.102490e-01
    outer loop
      vertex   -3.432904e+00 8.476435e+01 9.275124e+00
      vertex   -3.135576e+00 8.176435e+01 9.392749e+00
      vertex   -2.229377e+00 8.476435e+01 9.822549e+00
    endloop
  endfacet
  facet normal -4.422829e-01 5.108444e-03 8.968610e-01
    outer loop
      vertex   -2.229377e+00 8.476435e+01 9.822549e+00
      vertex   -3.135576e+00 8.176435e+01 9.392749e+00
      vertex   -1.962410e+00 8.176435e+01 9.971290e+00
    endloop
  endfacet
  facet normal -5.304960e-01 -5.180393e-03 8.476716e-01
    outer loop
      vertex   -2.229377e+00 8.476435e+01 9.822549e+00
      vertex   -1.962410e+00 8.176435e+01 9.971290e+00
      vertex   -1.108591e+00 8.476435e+01 1.052397e+01
    endloop
  endfacet
  facet normal -5.555635e-01 4.940660e-03 8.314595e-01
    outer loop
      vertex   -1.108591e+00 8.476435e+01 1.052397e+01
      vertex   -1.962410e+00 8.176435e+01 9.971290e+00
      vertex   -8.747957e-01 8.176435e+01 1.069801e+01
    endloop
  endfacet
  facet normal -6.376916e-01 -5.009278e-03 7.702755e-01
    outer loop
      vertex   -1.108591e+00 8.476435e+01 1.052397e+01
      vertex   -8.747957e-01 8.176435e+01 1.069801e+01
      vertex   -9.013787e-02 8.476435e+01 1.136712e+01
    endloop
  endfacet
  facet normal -6.593383e-01 4.766213e-03 7.518313e-01
    outer loop
      vertex   -9.013787e-02 8.476435e+01 1.136712e+01
      vertex   -8.747957e-01 8.176435e+01 1.069801e+01
      vertex   1.086578e-01 8.176435e+01 1.156048e+01
    endloop
  endfacet
  facet normal -7.337395e-01 -4.831498e-03 6.794137e-01
    outer loop
      vertex   -9.013787e-02 8.476435e+01 1.136712e+01
      vertex   1.086578e-01 8.176435e+01 1.156048e+01
      vertex   8.081774e-01 8.476435e+01 1.233726e+01
    endloop
  endfacet
  facet normal -7.518319e-01 4.585100e-03 6.593389e-01
    outer loop
      vertex   8.081774e-01 8.476435e+01 1.233726e+01
      vertex   1.086578e-01 8.176435e+01 1.156048e+01
      vertex   9.711234e-01 8.176435e+01 1.254393e+01
    endloop
  endfacet
  facet normal -8.169608e-01 -4.647054e-03 5.766745e-01
    outer loop
      vertex   8.081774e-01 8.476435e+01 1.233726e+01
      vertex   9.711234e-01 8.176435e+01 1.254393e+01
      vertex   1.570651e+00 8.476435e+01 1.341744e+01
    endloop
  endfacet
  facet normal -8.314616e-01 4.397324e-03 5.555649e-01
    outer loop
      vertex   1.570651e+00 8.476435e+01 1.341744e+01
      vertex   9.711234e-01 8.176435e+01 1.254393e+01
      vertex   1.697844e+00 8.176435e+01 1.363154e+01
    endloop
  endfacet
  facet normal -8.859005e-01 -4.455946e-03 4.638540e-01
    outer loop
      vertex   1.570651e+00 8.476435e+01 1.341744e+01
      vertex   1.697844e+00 8.176435e+01 1.363154e+01
      vertex   2.183954e+00 8.476435e+01 1.458877e+01
    endloop
  endfacet
  facet normal -8.968648e-01 4.202884e-03 4.422848e-01
    outer loop
      vertex   2.183954e+00 8.476435e+01 1.458877e+01
      vertex   1.697844e+00 8.176435e+01 1.363154e+01
      vertex   2.276385e+00 8.176435e+01 1.480471e+01
    endloop
  endfacet
  facet normal -9.393533e-01 -4.258175e-03 3.429244e-01
    outer loop
      vertex   2.183954e+00 8.476435e+01 1.458877e+01
      vertex   2.276385e+00 8.176435e+01 1.480471e+01
      vertex   2.637365e+00 8.476435e+01 1.583077e+01
    endloop
  endfacet
  facet normal -9.469225e-01 4.001781e-03 3.214369e-01
    outer loop
      vertex   2.637365e+00 8.476435e+01 1.583077e+01
      vertex   2.276385e+00 8.176435e+01 1.480471e+01
      vertex   2.696848e+00 8.176435e+01 1.604335e+01
    endloop
  endfacet
  facet normal -9.763850e-01 -4.053741e-03 2.159998e-01
    outer loop
      vertex   2.637365e+00 8.476435e+01 1.583077e+01
      vertex   2.696848e+00 8.176435e+01 1.604335e+01
      vertex   2.922957e+00 8.476435e+01 1.712174e+01
    endloop
  endfacet
  facet normal -9.807782e-01 3.794014e-03 1.950889e-01
    outer loop
      vertex   2.922957e+00 8.476435e+01 1.712174e+01
      vertex   2.696848e+00 8.176435e+01 1.604335e+01
      vertex   2.952039e+00 8.176435e+01 1.732628e+01
    endloop
  endfacet
  facet normal -9.963480e-01 -3.842644e-03 8.529896e-02
    outer loop
      vertex   2.922957e+00 8.476435e+01 1.712174e+01
      vertex   2.952039e+00 8.176435e+01 1.732628e+01
      vertex   3.035738e+00 8.476435e+01 1.843909e+01
    endloop
  endfacet
  facet normal -9.978525e-01 3.579586e-03 6.540271e-02
    outer loop
      vertex   3.035738e+00 8.476435e+01 1.843909e+01
      vertex   2.952039e+00 8.176435e+01 1.732628e+01
      vertex   3.037590e+00 8.176435e+01 1.863154e+01
    endloop
  endfacet
  facet normal -9.999554e-01 -1.161534e-05 9.441952e-03
    outer loop
      vertex   3.035738e+00 8.476435e+01 1.843909e+01
      vertex   3.037590e+00 8.176435e+01 1.863154e+01
      vertex   3.037581e+00 8.478353e+01 1.863435e+01
    endloop
  endfacet
  facet normal -9.999533e-01 6.167165e-06 -9.663197e-03
    outer loop
      vertex   3.037581e+00 8.478353e+01 1.863435e+01
      vertex   3.037590e+00 8.176435e+01 1.863154e+01
      vertex   3.035763e+00 8.484040e+01 1.882252e+01
    endloop
  endfacet
  facet normal -9.995958e-01 1.170072e-03 -2.840698e-02
    outer loop
      vertex   3.035763e+00 8.484040e+01 1.882252e+01
      vertex   3.037590e+00 8.176435e+01 1.863154e+01
      vertex   3.030949e+00 8.493248e+01 1.899571e+01
    endloop
  endfacet
  facet normal -9.989066e-01 3.266992e-03 -4.663676e-02
    outer loop
      vertex   3.030949e+00 8.493248e+01 1.899571e+01
      vertex   3.037590e+00 8.176435e+01 1.863154e+01
      vertex   3.024245e+00 8.505660e+01 1.914802e+01
    endloop
  endfacet
  facet normal -9.978397e-01 6.215096e-03 -6.540187e-02
    outer loop
      vertex   3.024245e+00 8.505660e+01 1.914802e+01
      vertex   3.037590e+00 8.176435e+01 1.863154e+01
      vertex   2.952039e+00 8.176435e+01 1.993681e+01
    endloop
  endfacet
  facet normal -9.978408e-01 6.219591e-03 -6.538321e-02
    outer loop
      vertex   3.024245e+00 8.505660e+01 1.914802e+01
      vertex   2.952039e+00 8.176435e+01 1.993681e+01
      vertex   3.016990e+00 8.520776e+01 1.927311e+01
    endloop
  endfacet
  facet normal -9.970734e-01 4.093276e-03 -7.633991e-02
    outer loop
      vertex   3.016990e+00 8.520776e+01 1.927311e+01
      vertex   2.952039e+00 8.176435e+01 1.993681e+01
      vertex   3.010554e+00 8.538072e+01 1.936645e+01
    endloop
  endfacet
  facet normal -9.963633e-01 2.690069e-03 -8.516414e-02
    outer loop
      vertex   3.010554e+00 8.538072e+01 1.936645e+01
      vertex   2.952039e+00 8.176435e+01 1.993681e+01
      vertex   3.006140e+00 8.556851e+01 1.942402e+01
    endloop
  endfacet
  facet normal -9.955286e-01 1.426548e-03 -9.444964e-02
    outer loop
      vertex   3.006140e+00 8.556851e+01 1.942402e+01
      vertex   2.952039e+00 8.176435e+01 1.993681e+01
      vertex   3.004569e+00 8.576435e+01 1.944353e+01
    endloop
  endfacet
  facet normal -9.944420e-01 7.596160e-05 -1.052859e-01
    outer loop
      vertex   3.004569e+00 8.576435e+01 1.944353e+01
      vertex   2.952039e+00 8.176435e+01 1.993681e+01
      vertex   3.000200e+00 1.005813e+02 1.949549e+01
    endloop
  endfacet
  facet normal -9.964089e-01 3.089022e-06 -8.467163e-02
    outer loop
      vertex   3.004569e+00 8.576435e+01 1.944353e+01
      vertex   3.000200e+00 1.005813e+02 1.949549e+01
      vertex   3.003504e+00 1.004249e+02 1.945661e+01
    endloop
  endfacet
  facet normal -9.807848e-01 9.930765e-04 -1.950902e-01
    outer loop
      vertex   2.696848e+00 8.176435e+01 2.121973e+01
      vertex   2.795604e+00 1.004672e+02 2.081846e+01
      vertex   2.952039e+00 8.176435e+01 1.993681e+01
    endloop
  endfacet
  facet normal -9.820756e-01 6.709701e-04 -1.884863e-01
    outer loop
      vertex   2.952039e+00 8.176435e+01 1.993681e+01
      vertex   2.795604e+00 1.004672e+02 2.081846e+01
      vertex   2.911247e+00 1.005265e+02 2.021613e+01
    endloop
  endfacet
  facet normal -9.924646e-01 -3.335473e-04 -1.225310e-01
    outer loop
      vertex   2.952039e+00 8.176435e+01 1.993681e+01
      vertex   2.911247e+00 1.005265e+02 2.021613e+01
      vertex   3.000200e+00 1.005813e+02 1.949549e+01
    endloop
  endfacet
  facet normal -9.525947e-01 -0.000000e+00 -3.042423e-01
    outer loop
      vertex   2.561528e+00 1.002644e+02 2.168025e+01
      vertex   2.565542e+00 1.002892e+02 2.166768e+01
      vertex   2.561528e+00 8.476435e+01 2.168025e+01
    endloop
  endfacet
  facet normal -9.529182e-01 9.052706e-07 -3.032275e-01
    outer loop
      vertex   2.561528e+00 8.476435e+01 2.168025e+01
      vertex   2.565542e+00 1.002892e+02 2.166768e+01
      vertex   2.567885e+00 1.002956e+02 2.166032e+01
    endloop
  endfacet
  facet normal -9.536937e-01 4.364069e-06 -3.007796e-01
    outer loop
      vertex   2.561528e+00 8.476435e+01 2.168025e+01
      vertex   2.567885e+00 1.002956e+02 2.166032e+01
      vertex   2.581115e+00 1.003193e+02 2.161837e+01
    endloop
  endfacet
  facet normal -9.524461e-01 1.620388e-05 -3.047070e-01
    outer loop
      vertex   2.561676e+00 1.002691e+02 2.167979e+01
      vertex   2.562094e+00 1.002737e+02 2.167848e+01
      vertex   2.561528e+00 1.002644e+02 2.168025e+01
    endloop
  endfacet
  facet normal -9.525275e-01 6.956397e-05 -3.044524e-01
    outer loop
      vertex   2.561528e+00 1.002644e+02 2.168025e+01
      vertex   2.562094e+00 1.002737e+02 2.167848e+01
      vertex   2.562738e+00 1.002780e+02 2.167647e+01
    endloop
  endfacet
  facet normal -9.526417e-01 1.791029e-04 -3.040950e-01
    outer loop
      vertex   2.561528e+00 1.002644e+02 2.168025e+01
      vertex   2.562738e+00 1.002780e+02 2.167647e+01
      vertex   2.563560e+00 1.002820e+02 2.167390e+01
    endloop
  endfacet
  facet normal -9.528331e-01 4.174806e-04 -3.034946e-01
    outer loop
      vertex   2.563560e+00 1.002820e+02 2.167390e+01
      vertex   2.565542e+00 1.002892e+02 2.166768e+01
      vertex   2.561528e+00 1.002644e+02 2.168025e+01
    endloop
  endfacet
  facet normal -9.566923e-01 4.664361e-05 -2.911010e-01
    outer loop
      vertex   2.581115e+00 1.003193e+02 2.161837e+01
      vertex   2.617836e+00 1.003587e+02 2.149769e+01
      vertex   2.561528e+00 8.476435e+01 2.168025e+01
    endloop
  endfacet
  facet normal -9.703383e-01 -6.320480e-05 -2.417511e-01
    outer loop
      vertex   2.681745e+00 1.004043e+02 2.127548e+01
      vertex   2.795604e+00 1.004672e+02 2.081846e+01
      vertex   2.696848e+00 8.176435e+01 2.121973e+01
    endloop
  endfacet
  facet normal -9.966952e-01 1.128242e-16 -8.123180e-02
    outer loop
      vertex   3.003504e+00 1.004249e+02 1.945661e+01
      vertex   3.004569e+00 1.002644e+02 1.944353e+01
      vertex   3.004569e+00 8.576435e+01 1.944353e+01
    endloop
  endfacet
  facet normal -9.514278e-01 0.000000e+00 -3.078720e-01
    outer loop
      vertex   -3.273637e+01 8.176435e+01 -9.683927e+00
      vertex   -3.273637e+01 8.476435e+01 -9.683927e+00
      vertex   -3.197850e+01 8.176435e+01 -1.202600e+01
    endloop
  endfacet
  facet normal -9.514278e-01 0.000000e+00 -3.078720e-01
    outer loop
      vertex   -3.197850e+01 8.176435e+01 -1.202600e+01
      vertex   -3.273637e+01 8.476435e+01 -9.683927e+00
      vertex   -3.197850e+01 8.476435e+01 -1.202600e+01
    endloop
  endfacet
  facet normal -9.267323e-01 0.000000e+00 -3.757224e-01
    outer loop
      vertex   -3.197850e+01 8.176435e+01 -1.202600e+01
      vertex   -3.197850e+01 8.476435e+01 -1.202600e+01
      vertex   -3.105361e+01 8.176435e+01 -1.430728e+01
    endloop
  endfacet
  facet normal -9.267323e-01 0.000000e+00 -3.757224e-01
    outer loop
      vertex   -3.105361e+01 8.176435e+01 -1.430728e+01
      vertex   -3.197850e+01 8.476435e+01 -1.202600e+01
      vertex   -3.105361e+01 8.476435e+01 -1.430728e+01
    endloop
  endfacet
  facet normal -8.972052e-01 0.000000e+00 -4.416139e-01
    outer loop
      vertex   -3.105361e+01 8.176435e+01 -1.430728e+01
      vertex   -3.105361e+01 8.476435e+01 -1.430728e+01
      vertex   -2.996651e+01 8.176435e+01 -1.651587e+01
    endloop
  endfacet
  facet normal -8.972052e-01 0.000000e+00 -4.416139e-01
    outer loop
      vertex   -2.996651e+01 8.176435e+01 -1.651587e+01
      vertex   -3.105361e+01 8.476435e+01 -1.430728e+01
      vertex   -2.996651e+01 8.476435e+01 -1.651587e+01
    endloop
  endfacet
  facet normal -8.630005e-01 0.000000e+00 -5.052030e-01
    outer loop
      vertex   -2.996651e+01 8.176435e+01 -1.651587e+01
      vertex   -2.996651e+01 8.476435e+01 -1.651587e+01
      vertex   -2.872289e+01 8.176435e+01 -1.864027e+01
    endloop
  endfacet
  facet normal -8.630005e-01 0.000000e+00 -5.052030e-01
    outer loop
      vertex   -2.872289e+01 8.176435e+01 -1.864027e+01
      vertex   -2.996651e+01 8.476435e+01 -1.651587e+01
      vertex   -2.872289e+01 8.476435e+01 -1.864027e+01
    endloop
  endfacet
  facet normal -8.242966e-01 0.000000e+00 -5.661582e-01
    outer loop
      vertex   -2.872289e+01 8.176435e+01 -1.864027e+01
      vertex   -2.872289e+01 8.476435e+01 -1.864027e+01
      vertex   -2.732921e+01 8.176435e+01 -2.066938e+01
    endloop
  endfacet
  facet normal -8.242966e-01 0.000000e+00 -5.661582e-01
    outer loop
      vertex   -2.732921e+01 8.176435e+01 -2.066938e+01
      vertex   -2.872289e+01 8.476435e+01 -1.864027e+01
      vertex   -2.732921e+01 8.476435e+01 -2.066938e+01
    endloop
  endfacet
  facet normal -7.812951e-01 0.000000e+00 -6.241618e-01
    outer loop
      vertex   -2.732921e+01 8.176435e+01 -2.066938e+01
      vertex   -2.732921e+01 8.476435e+01 -2.066938e+01
      vertex   -2.579275e+01 8.176435e+01 -2.259265e+01
    endloop
  endfacet
  facet normal -7.812951e-01 0.000000e+00 -6.241618e-01
    outer loop
      vertex   -2.579275e+01 8.176435e+01 -2.259265e+01
      vertex   -2.732921e+01 8.476435e+01 -2.066938e+01
      vertex   -2.579275e+01 8.476435e+01 -2.259265e+01
    endloop
  endfacet
  facet normal -7.342204e-01 0.000000e+00 -6.789112e-01
    outer loop
      vertex   -2.579275e+01 8.176435e+01 -2.259265e+01
      vertex   -2.579275e+01 8.476435e+01 -2.259265e+01
      vertex   -2.412152e+01 8.176435e+01 -2.440004e+01
    endloop
  endfacet
  facet normal -7.342204e-01 0.000000e+00 -6.789112e-01
    outer loop
      vertex   -2.412152e+01 8.176435e+01 -2.440004e+01
      vertex   -2.579275e+01 8.476435e+01 -2.259265e+01
      vertex   -2.412152e+01 8.476435e+01 -2.440004e+01
    endloop
  endfacet
  facet normal -6.833177e-01 0.000000e+00 -7.301212e-01
    outer loop
      vertex   -2.412152e+01 8.176435e+01 -2.440004e+01
      vertex   -2.412152e+01 8.476435e+01 -2.440004e+01
      vertex   -2.232422e+01 8.176435e+01 -2.608212e+01
    endloop
  endfacet
  facet normal -6.833177e-01 0.000000e+00 -7.301212e-01
    outer loop
      vertex   -2.232422e+01 8.176435e+01 -2.608212e+01
      vertex   -2.412152e+01 8.476435e+01 -2.440004e+01
      vertex   -2.232422e+01 8.476435e+01 -2.608212e+01
    endloop
  endfacet
  facet normal -6.288526e-01 0.000000e+00 -7.775246e-01
    outer loop
      vertex   -2.232422e+01 8.176435e+01 -2.608212e+01
      vertex   -2.232422e+01 8.476435e+01 -2.608212e+01
      vertex   -2.041024e+01 8.176435e+01 -2.763012e+01
    endloop
  endfacet
  facet normal -6.288526e-01 0.000000e+00 -7.775246e-01
    outer loop
      vertex   -2.041024e+01 8.176435e+01 -2.763012e+01
      vertex   -2.232422e+01 8.476435e+01 -2.608212e+01
      vertex   -2.041024e+01 8.476435e+01 -2.763012e+01
    endloop
  endfacet
  facet normal -5.711089e-01 0.000000e+00 -8.208743e-01
    outer loop
      vertex   -2.041024e+01 8.176435e+01 -2.763012e+01
      vertex   -2.041024e+01 8.476435e+01 -2.763012e+01
      vertex   -1.838954e+01 8.176435e+01 -2.903599e+01
    endloop
  endfacet
  facet normal -5.711089e-01 0.000000e+00 -8.208743e-01
    outer loop
      vertex   -1.838954e+01 8.176435e+01 -2.903599e+01
      vertex   -2.041024e+01 8.476435e+01 -2.763012e+01
      vertex   -1.838954e+01 8.476435e+01 -2.903599e+01
    endloop
  endfacet
  facet normal -5.103877e-01 0.000000e+00 -8.599444e-01
    outer loop
      vertex   -1.838954e+01 8.176435e+01 -2.903599e+01
      vertex   -1.838954e+01 8.476435e+01 -2.903599e+01
      vertex   -1.627267e+01 8.176435e+01 -3.029238e+01
    endloop
  endfacet
  facet normal -5.103877e-01 0.000000e+00 -8.599444e-01
    outer loop
      vertex   -1.627267e+01 8.176435e+01 -3.029238e+01
      vertex   -1.838954e+01 8.476435e+01 -2.903599e+01
      vertex   -1.627267e+01 8.476435e+01 -3.029238e+01
    endloop
  endfacet
  facet normal -4.470055e-01 0.000000e+00 -8.945312e-01
    outer loop
      vertex   -1.627267e+01 8.176435e+01 -3.029238e+01
      vertex   -1.627267e+01 8.476435e+01 -3.029238e+01
      vertex   -1.407066e+01 8.176435e+01 -3.139274e+01
    endloop
  endfacet
  facet normal -4.470055e-01 0.000000e+00 -8.945312e-01
    outer loop
      vertex   -1.407066e+01 8.176435e+01 -3.139274e+01
      vertex   -1.627267e+01 8.476435e+01 -3.029238e+01
      vertex   -1.407066e+01 8.476435e+01 -3.139274e+01
    endloop
  endfacet
  facet normal -3.812929e-01 0.000000e+00 -9.244543e-01
    outer loop
      vertex   -1.407066e+01 8.176435e+01 -3.139274e+01
      vertex   -1.407066e+01 8.476435e+01 -3.139274e+01
      vertex   -1.179499e+01 8.176435e+01 -3.233135e+01
    endloop
  endfacet
  facet normal -3.812929e-01 0.000000e+00 -9.244543e-01
    outer loop
      vertex   -1.179499e+01 8.176435e+01 -3.233135e+01
      vertex   -1.407066e+01 8.476435e+01 -3.139274e+01
      vertex   -1.179499e+01 8.476435e+01 -3.233135e+01
    endloop
  endfacet
  facet normal -3.135924e-01 0.000000e+00 -9.495577e-01
    outer loop
      vertex   -1.179499e+01 8.176435e+01 -3.233135e+01
      vertex   -1.179499e+01 8.476435e+01 -3.233135e+01
      vertex   -9.457521e+00 8.176435e+01 -3.310330e+01
    endloop
  endfacet
  facet normal -3.135924e-01 0.000000e+00 -9.495577e-01
    outer loop
      vertex   -9.457521e+00 8.176435e+01 -3.310330e+01
      vertex   -1.179499e+01 8.476435e+01 -3.233135e+01
      vertex   -9.457521e+00 8.476435e+01 -3.310330e+01
    endloop
  endfacet
  facet normal -2.442570e-01 0.000000e+00 -9.697105e-01
    outer loop
      vertex   -9.457521e+00 8.176435e+01 -3.310330e+01
      vertex   -9.457521e+00 8.476435e+01 -3.310330e+01
      vertex   -7.070445e+00 8.176435e+01 -3.370457e+01
    endloop
  endfacet
  facet normal -2.442570e-01 0.000000e+00 -9.697105e-01
    outer loop
      vertex   -7.070445e+00 8.176435e+01 -3.370457e+01
      vertex   -9.457521e+00 8.476435e+01 -3.310330e+01
      vertex   -7.070445e+00 8.476435e+01 -3.370457e+01
    endloop
  endfacet
  facet normal -1.736482e-01 0.000000e+00 -9.848078e-01
    outer loop
      vertex   -7.070445e+00 8.176435e+01 -3.370457e+01
      vertex   -7.070445e+00 8.476435e+01 -3.370457e+01
      vertex   -4.646205e+00 8.176435e+01 -3.413203e+01
    endloop
  endfacet
  facet normal -1.736482e-01 0.000000e+00 -9.848078e-01
    outer loop
      vertex   -4.646205e+00 8.176435e+01 -3.413203e+01
      vertex   -7.070445e+00 8.476435e+01 -3.370457e+01
      vertex   -4.646205e+00 8.476435e+01 -3.413203e+01
    endloop
  endfacet
  facet normal -1.021340e-01 0.000000e+00 -9.947707e-01
    outer loop
      vertex   -4.646205e+00 8.176435e+01 -3.413203e+01
      vertex   -4.646205e+00 8.476435e+01 -3.413203e+01
      vertex   -2.197440e+00 8.176435e+01 -3.438345e+01
    endloop
  endfacet
  facet normal -1.021340e-01 0.000000e+00 -9.947707e-01
    outer loop
      vertex   -2.197440e+00 8.176435e+01 -3.438345e+01
      vertex   -4.646205e+00 8.476435e+01 -3.413203e+01
      vertex   -2.197440e+00 8.476435e+01 -3.438345e+01
    endloop
  endfacet
  facet normal -3.008734e-02 0.000000e+00 -9.995473e-01
    outer loop
      vertex   -2.197440e+00 8.176435e+01 -3.438345e+01
      vertex   -2.197440e+00 8.476435e+01 -3.438345e+01
      vertex   2.630836e-01 8.176435e+01 -3.445751e+01
    endloop
  endfacet
  facet normal -3.008734e-02 0.000000e+00 -9.995473e-01
    outer loop
      vertex   2.630836e-01 8.176435e+01 -3.445751e+01
      vertex   -2.197440e+00 8.476435e+01 -3.438345e+01
      vertex   2.630836e-01 8.476435e+01 -3.445751e+01
    endloop
  endfacet
  facet normal 4.211618e-02 0.000000e+00 -9.991127e-01
    outer loop
      vertex   2.630836e-01 8.176435e+01 -3.445751e+01
      vertex   2.630836e-01 8.476435e+01 -3.445751e+01
      vertex   2.722537e+00 8.176435e+01 -3.435384e+01
    endloop
  endfacet
  facet normal 4.211618e-02 0.000000e+00 -9.991127e-01
    outer loop
      vertex   2.722537e+00 8.176435e+01 -3.435384e+01
      vertex   2.630836e-01 8.476435e+01 -3.445751e+01
      vertex   2.722537e+00 8.476435e+01 -3.435384e+01
    endloop
  endfacet
  facet normal 1.141001e-01 0.000000e+00 -9.934693e-01
    outer loop
      vertex   2.722537e+00 8.176435e+01 -3.435384e+01
      vertex   2.722537e+00 8.476435e+01 -3.435384e+01
      vertex   5.168099e+00 8.176435e+01 -3.407296e+01
    endloop
  endfacet
  facet normal 1.141001e-01 0.000000e+00 -9.934693e-01
    outer loop
      vertex   5.168099e+00 8.176435e+01 -3.407296e+01
      vertex   2.722537e+00 8.476435e+01 -3.435384e+01
      vertex   5.168099e+00 8.476435e+01 -3.407296e+01
    endloop
  endfacet
  facet normal 1.854892e-01 0.000000e+00 -9.826463e-01
    outer loop
      vertex   5.168099e+00 8.176435e+01 -3.407296e+01
      vertex   5.168099e+00 8.476435e+01 -3.407296e+01
      vertex   7.587018e+00 8.176435e+01 -3.361635e+01
    endloop
  endfacet
  facet normal 1.854892e-01 0.000000e+00 -9.826463e-01
    outer loop
      vertex   7.587018e+00 8.176435e+01 -3.361635e+01
      vertex   5.168099e+00 8.476435e+01 -3.407296e+01
      vertex   7.587018e+00 8.476435e+01 -3.361635e+01
    endloop
  endfacet
  facet normal 2.559112e-01 0.000000e+00 -9.667003e-01
    outer loop
      vertex   7.587018e+00 8.176435e+01 -3.361635e+01
      vertex   7.587018e+00 8.476435e+01 -3.361635e+01
      vertex   9.966684e+00 8.176435e+01 -3.298639e+01
    endloop
  endfacet
  facet normal 2.559112e-01 0.000000e+00 -9.667003e-01
    outer loop
      vertex   9.966684e+00 8.176435e+01 -3.298639e+01
      vertex   7.587018e+00 8.476435e+01 -3.361635e+01
      vertex   9.966684e+00 8.476435e+01 -3.298639e+01
    endloop
  endfacet
  facet normal 3.249990e-01 0.000000e+00 -9.457143e-01
    outer loop
      vertex   9.966684e+00 8.176435e+01 -3.298639e+01
      vertex   9.966684e+00 8.476435e+01 -3.298639e+01
      vertex   1.229469e+01 8.176435e+01 -3.218636e+01
    endloop
  endfacet
  facet normal 3.249990e-01 0.000000e+00 -9.457143e-01
    outer loop
      vertex   1.229469e+01 8.176435e+01 -3.218636e+01
      vertex   9.966684e+00 8.476435e+01 -3.298639e+01
      vertex   1.229469e+01 8.476435e+01 -3.218636e+01
    endloop
  endfacet
  facet normal 3.923925e-01 0.000000e+00 -9.197979e-01
    outer loop
      vertex   1.229469e+01 8.176435e+01 -3.218636e+01
      vertex   1.229469e+01 8.476435e+01 -3.218636e+01
      vertex   1.455890e+01 8.176435e+01 -3.122044e+01
    endloop
  endfacet
  facet normal 3.923925e-01 0.000000e+00 -9.197979e-01
    outer loop
      vertex   1.455890e+01 8.176435e+01 -3.122044e+01
      vertex   1.229469e+01 8.476435e+01 -3.218636e+01
      vertex   1.455890e+01 8.476435e+01 -3.122044e+01
    endloop
  endfacet
  facet normal 4.577401e-01 0.000000e+00 -8.890860e-01
    outer loop
      vertex   1.455890e+01 8.176435e+01 -3.122044e+01
      vertex   1.455890e+01 8.476435e+01 -3.122044e+01
      vertex   1.674751e+01 8.176435e+01 -3.009365e+01
    endloop
  endfacet
  facet normal 4.577401e-01 0.000000e+00 -8.890860e-01
    outer loop
      vertex   1.674751e+01 8.176435e+01 -3.009365e+01
      vertex   1.455890e+01 8.476435e+01 -3.122044e+01
      vertex   1.674751e+01 8.476435e+01 -3.009365e+01
    endloop
  endfacet
  facet normal 5.207014e-01 0.000000e+00 -8.537389e-01
    outer loop
      vertex   1.674751e+01 8.176435e+01 -3.009365e+01
      vertex   1.674751e+01 8.476435e+01 -3.009365e+01
      vertex   1.884910e+01 8.176435e+01 -2.881187e+01
    endloop
  endfacet
  facet normal 5.207014e-01 0.000000e+00 -8.537389e-01
    outer loop
      vertex   1.884910e+01 8.176435e+01 -2.881187e+01
      vertex   1.674751e+01 8.476435e+01 -3.009365e+01
      vertex   1.884910e+01 8.476435e+01 -2.881187e+01
    endloop
  endfacet
  facet normal 5.809479e-01 0.000000e+00 -8.139407e-01
    outer loop
      vertex   1.884910e+01 8.176435e+01 -2.881187e+01
      vertex   1.884910e+01 8.476435e+01 -2.881187e+01
      vertex   2.085273e+01 8.176435e+01 -2.738178e+01
    endloop
  endfacet
  facet normal 5.809479e-01 0.000000e+00 -8.139407e-01
    outer loop
      vertex   2.085273e+01 8.176435e+01 -2.738178e+01
      vertex   1.884910e+01 8.476435e+01 -2.881187e+01
      vertex   2.085273e+01 8.476435e+01 -2.738178e+01
    endloop
  endfacet
  facet normal 6.381657e-01 0.000000e+00 -7.698991e-01
    outer loop
      vertex   2.085273e+01 8.176435e+01 -2.738178e+01
      vertex   2.085273e+01 8.476435e+01 -2.738178e+01
      vertex   2.274794e+01 8.176435e+01 -2.581085e+01
    endloop
  endfacet
  facet normal 6.381657e-01 0.000000e+00 -7.698991e-01
    outer loop
      vertex   2.274794e+01 8.176435e+01 -2.581085e+01
      vertex   2.085273e+01 8.476435e+01 -2.738178e+01
      vertex   2.274794e+01 8.476435e+01 -2.581085e+01
    endloop
  endfacet
  facet normal 6.920563e-01 0.000000e+00 -7.218435e-01
    outer loop
      vertex   2.274794e+01 8.176435e+01 -2.581085e+01
      vertex   2.274794e+01 8.476435e+01 -2.581085e+01
      vertex   2.452486e+01 8.176435e+01 -2.410726e+01
    endloop
  endfacet
  facet normal 6.920563e-01 0.000000e+00 -7.218435e-01
    outer loop
      vertex   2.452486e+01 8.176435e+01 -2.410726e+01
      vertex   2.274794e+01 8.476435e+01 -2.581085e+01
      vertex   2.452486e+01 8.476435e+01 -2.410726e+01
    endloop
  endfacet
  facet normal 7.423389e-01 0.000000e+00 -6.700246e-01
    outer loop
      vertex   2.452486e+01 8.176435e+01 -2.410726e+01
      vertex   2.452486e+01 8.476435e+01 -2.410726e+01
      vertex   2.617422e+01 8.176435e+01 -2.227989e+01
    endloop
  endfacet
  facet normal 7.423389e-01 0.000000e+00 -6.700246e-01
    outer loop
      vertex   2.617422e+01 8.176435e+01 -2.227989e+01
      vertex   2.452486e+01 8.476435e+01 -2.410726e+01
      vertex   2.617422e+01 8.476435e+01 -2.227989e+01
    endloop
  endfacet
  facet normal 7.887512e-01 0.000000e+00 -6.147125e-01
    outer loop
      vertex   2.617422e+01 8.176435e+01 -2.227989e+01
      vertex   2.617422e+01 8.476435e+01 -2.227989e+01
      vertex   2.768742e+01 8.176435e+01 -2.033827e+01
    endloop
  endfacet
  facet normal 7.887512e-01 0.000000e+00 -6.147125e-01
    outer loop
      vertex   2.768742e+01 8.176435e+01 -2.033827e+01
      vertex   2.617422e+01 8.476435e+01 -2.227989e+01
      vertex   2.768742e+01 8.476435e+01 -2.033827e+01
    endloop
  endfacet
  facet normal 8.310514e-01 0.000000e+00 -5.561956e-01
    outer loop
      vertex   2.768742e+01 8.176435e+01 -2.033827e+01
      vertex   2.768742e+01 8.476435e+01 -2.033827e+01
      vertex   2.905657e+01 8.176435e+01 -1.829252e+01
    endloop
  endfacet
  facet normal 8.310514e-01 0.000000e+00 -5.561956e-01
    outer loop
      vertex   2.905657e+01 8.176435e+01 -1.829252e+01
      vertex   2.768742e+01 8.476435e+01 -2.033827e+01
      vertex   2.905657e+01 8.476435e+01 -1.829252e+01
    endloop
  endfacet
  facet normal 8.690189e-01 0.000000e+00 -4.947789e-01
    outer loop
      vertex   2.905657e+01 8.176435e+01 -1.829252e+01
      vertex   2.905657e+01 8.476435e+01 -1.829252e+01
      vertex   3.027454e+01 8.176435e+01 -1.615331e+01
    endloop
  endfacet
  facet normal 8.690189e-01 0.000000e+00 -4.947789e-01
    outer loop
      vertex   3.027454e+01 8.176435e+01 -1.615331e+01
      vertex   2.905657e+01 8.476435e+01 -1.829252e+01
      vertex   3.027454e+01 8.476435e+01 -1.615331e+01
    endloop
  endfacet
  facet normal 9.024557e-01 0.000000e+00 -4.307827e-01
    outer loop
      vertex   3.027454e+01 8.176435e+01 -1.615331e+01
      vertex   3.027454e+01 8.476435e+01 -1.615331e+01
      vertex   3.133497e+01 8.176435e+01 -1.393179e+01
    endloop
  endfacet
  facet normal 9.024557e-01 0.000000e+00 -4.307827e-01
    outer loop
      vertex   3.133497e+01 8.176435e+01 -1.393179e+01
      vertex   3.027454e+01 8.476435e+01 -1.615331e+01
      vertex   3.133497e+01 8.476435e+01 -1.393179e+01
    endloop
  endfacet
  facet normal 9.311875e-01 0.000000e+00 -3.645406e-01
    outer loop
      vertex   3.133497e+01 8.176435e+01 -1.393179e+01
      vertex   3.133497e+01 8.476435e+01 -1.393179e+01
      vertex   3.223233e+01 8.176435e+01 -1.163955e+01
    endloop
  endfacet
  facet normal 9.311875e-01 0.000000e+00 -3.645406e-01
    outer loop
      vertex   3.223233e+01 8.176435e+01 -1.163955e+01
      vertex   3.133497e+01 8.476435e+01 -1.393179e+01
      vertex   3.223233e+01 8.476435e+01 -1.163955e+01
    endloop
  endfacet
  facet normal 9.550646e-01 0.000000e+00 -2.963979e-01
    outer loop
      vertex   3.223233e+01 8.176435e+01 -1.163955e+01
      vertex   3.223233e+01 8.476435e+01 -1.163955e+01
      vertex   3.296196e+01 8.176435e+01 -9.288524e+00
    endloop
  endfacet
  facet normal 9.550646e-01 0.000000e+00 -2.963979e-01
    outer loop
      vertex   3.296196e+01 8.176435e+01 -9.288524e+00
      vertex   3.223233e+01 8.476435e+01 -1.163955e+01
      vertex   3.296196e+01 8.476435e+01 -9.288524e+00
    endloop
  endfacet
  facet normal 9.739623e-01 0.000000e+00 -2.267099e-01
    outer loop
      vertex   3.296196e+01 8.176435e+01 -9.288524e+00
      vertex   3.296196e+01 8.476435e+01 -9.288524e+00
      vertex   3.352004e+01 8.176435e+01 -6.890982e+00
    endloop
  endfacet
  facet normal 9.739623e-01 0.000000e+00 -2.267099e-01
    outer loop
      vertex   3.352004e+01 8.176435e+01 -6.890982e+00
      vertex   3.296196e+01 8.476435e+01 -9.288524e+00
      vertex   3.352004e+01 8.476435e+01 -6.890982e+00
    endloop
  endfacet
  facet normal 9.877823e-01 0.000000e+00 -1.558400e-01
    outer loop
      vertex   3.352004e+01 8.176435e+01 -6.890982e+00
      vertex   3.352004e+01 8.476435e+01 -6.890982e+00
      vertex   3.390366e+01 8.176435e+01 -4.459420e+00
    endloop
  endfacet
  facet normal 9.877823e-01 0.000000e+00 -1.558400e-01
    outer loop
      vertex   3.390366e+01 8.176435e+01 -4.459420e+00
      vertex   3.352004e+01 8.476435e+01 -6.890982e+00
      vertex   3.390366e+01 8.476435e+01 -4.459420e+00
    endloop
  endfacet
  facet normal 9.964525e-01 0.000000e+00 -8.415762e-02
    outer loop
      vertex   3.390366e+01 8.176435e+01 -4.459420e+00
      vertex   3.390366e+01 8.476435e+01 -4.459420e+00
      vertex   3.411082e+01 8.176435e+01 -2.006515e+00
    endloop
  endfacet
  facet normal 9.964525e-01 0.000000e+00 -8.415762e-02
    outer loop
      vertex   3.411082e+01 8.176435e+01 -2.006515e+00
      vertex   3.390366e+01 8.476435e+01 -4.459420e+00
      vertex   3.411082e+01 8.476435e+01 -2.006515e+00
    endloop
  endfacet
  facet normal 9.999276e-01 0.000000e+00 -1.203646e-02
    outer loop
      vertex   3.411082e+01 8.176435e+01 -2.006515e+00
      vertex   3.411082e+01 8.476435e+01 -2.006515e+00
      vertex   3.414045e+01 8.176435e+01 4.549447e-01
    endloop
  endfacet
  facet normal 9.999276e-01 0.000000e+00 -1.203646e-02
    outer loop
      vertex   3.414045e+01 8.176435e+01 4.549447e-01
      vertex   3.411082e+01 8.476435e+01 -2.006515e+00
      vertex   3.414045e+01 8.476435e+01 4.549447e-01
    endloop
  endfacet
  facet normal 9.981895e-01 -0.000000e+00 6.014744e-02
    outer loop
      vertex   3.414045e+01 8.176435e+01 4.549447e-01
      vertex   3.414045e+01 8.476435e+01 4.549447e-01
      vertex   3.399239e+01 8.176435e+01 2.912126e+00
    endloop
  endfacet
  facet normal 9.981895e-01 -0.000000e+00 6.014744e-02
    outer loop
      vertex   3.399239e+01 8.176435e+01 2.912126e+00
      vertex   3.414045e+01 8.476435e+01 4.549447e-01
      vertex   3.399239e+01 8.476435e+01 2.912126e+00
    endloop
  endfacet
  facet normal 9.912474e-01 -0.000000e+00 1.320178e-01
    outer loop
      vertex   3.399239e+01 8.176435e+01 2.912126e+00
      vertex   3.399239e+01 8.476435e+01 2.912126e+00
      vertex   3.366741e+01 8.176435e+01 5.352218e+00
    endloop
  endfacet
  facet normal 9.912474e-01 -0.000000e+00 1.320178e-01
    outer loop
      vertex   3.366741e+01 8.176435e+01 5.352218e+00
      vertex   3.399239e+01 8.476435e+01 2.912126e+00
      vertex   3.366741e+01 8.476435e+01 5.352218e+00
    endloop
  endfacet
  facet normal 9.791373e-01 -0.000000e+00 2.031998e-01
    outer loop
      vertex   3.366741e+01 8.176435e+01 5.352218e+00
      vertex   3.366741e+01 8.476435e+01 5.352218e+00
      vertex   3.316721e+01 8.176435e+01 7.762499e+00
    endloop
  endfacet
  facet normal 9.791373e-01 -0.000000e+00 2.031998e-01
    outer loop
      vertex   3.316721e+01 8.176435e+01 7.762499e+00
      vertex   3.366741e+01 8.476435e+01 5.352218e+00
      vertex   3.316721e+01 8.476435e+01 7.762499e+00
    endloop
  endfacet
  facet normal 9.619225e-01 -0.000000e+00 2.733225e-01
    outer loop
      vertex   3.316721e+01 8.176435e+01 7.762499e+00
      vertex   3.316721e+01 8.476435e+01 7.762499e+00
      vertex   3.249439e+01 8.176435e+01 1.013040e+01
    endloop
  endfacet
  facet normal 9.619225e-01 -0.000000e+00 2.733225e-01
    outer loop
      vertex   3.249439e+01 8.176435e+01 1.013040e+01
      vertex   3.316721e+01 8.476435e+01 7.762499e+00
      vertex   3.249439e+01 8.476435e+01 1.013040e+01
    endloop
  endfacet
  facet normal 9.396926e-01 -0.000000e+00 3.420201e-01
    outer loop
      vertex   3.249439e+01 8.176435e+01 1.013040e+01
      vertex   3.249439e+01 8.476435e+01 1.013040e+01
      vertex   3.165246e+01 8.176435e+01 1.244359e+01
    endloop
  endfacet
  facet normal 9.396926e-01 -0.000000e+00 3.420201e-01
    outer loop
      vertex   3.165246e+01 8.176435e+01 1.244359e+01
      vertex   3.249439e+01 8.476435e+01 1.013040e+01
      vertex   3.165246e+01 8.476435e+01 1.244359e+01
    endloop
  endfacet
  facet normal 9.125637e-01 -0.000000e+00 4.089347e-01
    outer loop
      vertex   3.165246e+01 8.176435e+01 1.244359e+01
      vertex   3.165246e+01 8.476435e+01 1.244359e+01
      vertex   3.064581e+01 8.176435e+01 1.468999e+01
    endloop
  endfacet
  facet normal 9.125637e-01 -0.000000e+00 4.089347e-01
    outer loop
      vertex   3.064581e+01 8.176435e+01 1.468999e+01
      vertex   3.165246e+01 8.476435e+01 1.244359e+01
      vertex   3.064581e+01 8.476435e+01 1.468999e+01
    endloop
  endfacet
  facet normal 8.806770e-01 -0.000000e+00 4.737172e-01
    outer loop
      vertex   3.064581e+01 8.176435e+01 1.468999e+01
      vertex   3.064581e+01 8.476435e+01 1.468999e+01
      vertex   2.947969e+01 8.176435e+01 1.685790e+01
    endloop
  endfacet
  facet normal 8.806770e-01 -0.000000e+00 4.737172e-01
    outer loop
      vertex   2.947969e+01 8.176435e+01 1.685790e+01
      vertex   3.064581e+01 8.476435e+01 1.468999e+01
      vertex   2.947969e+01 8.476435e+01 1.685790e+01
    endloop
  endfacet
  facet normal 8.441989e-01 -0.000000e+00 5.360300e-01
    outer loop
      vertex   2.947969e+01 8.176435e+01 1.685790e+01
      vertex   2.947969e+01 8.476435e+01 1.685790e+01
      vertex   2.816018e+01 8.176435e+01 1.893601e+01
    endloop
  endfacet
  facet normal 8.441989e-01 -0.000000e+00 5.360300e-01
    outer loop
      vertex   2.816018e+01 8.176435e+01 1.893601e+01
      vertex   2.947969e+01 8.476435e+01 1.685790e+01
      vertex   2.816018e+01 8.476435e+01 1.893601e+01
    endloop
  endfacet
  facet normal 8.033196e-01 -0.000000e+00 5.955482e-01
    outer loop
      vertex   2.816018e+01 8.176435e+01 1.893601e+01
      vertex   2.816018e+01 8.476435e+01 1.893601e+01
      vertex   2.669415e+01 8.176435e+01 2.091349e+01
    endloop
  endfacet
  facet normal 8.033196e-01 -0.000000e+00 5.955482e-01
    outer loop
      vertex   2.669415e+01 8.176435e+01 2.091349e+01
      vertex   2.816018e+01 8.476435e+01 1.893601e+01
      vertex   2.669415e+01 8.476435e+01 2.091349e+01
    endloop
  endfacet
  facet normal 7.582521e-01 -0.000000e+00 6.519615e-01
    outer loop
      vertex   2.669415e+01 8.176435e+01 2.091349e+01
      vertex   2.669415e+01 8.476435e+01 2.091349e+01
      vertex   2.508926e+01 8.176435e+01 2.278003e+01
    endloop
  endfacet
  facet normal 7.582521e-01 -0.000000e+00 6.519615e-01
    outer loop
      vertex   2.508926e+01 8.176435e+01 2.278003e+01
      vertex   2.669415e+01 8.476435e+01 2.091349e+01
      vertex   2.508926e+01 8.476435e+01 2.278003e+01
    endloop
  endfacet
  facet normal 7.092314e-01 -0.000000e+00 7.049758e-01
    outer loop
      vertex   2.508926e+01 8.176435e+01 2.278003e+01
      vertex   2.508926e+01 8.476435e+01 2.278003e+01
      vertex   2.335386e+01 8.176435e+01 2.452590e+01
    endloop
  endfacet
  facet normal 7.092314e-01 -0.000000e+00 7.049758e-01
    outer loop
      vertex   2.335386e+01 8.176435e+01 2.452590e+01
      vertex   2.508926e+01 8.476435e+01 2.278003e+01
      vertex   2.335386e+01 8.476435e+01 2.452590e+01
    endloop
  endfacet
  facet normal 6.565131e-01 -0.000000e+00 7.543146e-01
    outer loop
      vertex   2.335386e+01 8.176435e+01 2.452590e+01
      vertex   2.335386e+01 8.476435e+01 2.452590e+01
      vertex   2.149701e+01 8.176435e+01 2.614200e+01
    endloop
  endfacet
  facet normal 6.565131e-01 -0.000000e+00 7.543146e-01
    outer loop
      vertex   2.149701e+01 8.176435e+01 2.614200e+01
      vertex   2.335386e+01 8.476435e+01 2.452590e+01
      vertex   2.149701e+01 8.476435e+01 2.614200e+01
    endloop
  endfacet
  facet normal 6.003721e-01 -0.000000e+00 7.997208e-01
    outer loop
      vertex   2.149701e+01 8.176435e+01 2.614200e+01
      vertex   2.149701e+01 8.476435e+01 2.614200e+01
      vertex   1.952839e+01 8.176435e+01 2.761990e+01
    endloop
  endfacet
  facet normal 6.003721e-01 -0.000000e+00 7.997208e-01
    outer loop
      vertex   1.952839e+01 8.176435e+01 2.761990e+01
      vertex   2.149701e+01 8.476435e+01 2.614200e+01
      vertex   1.952839e+01 8.476435e+01 2.761990e+01
    endloop
  endfacet
  facet normal 5.411010e-01 -0.000000e+00 8.409576e-01
    outer loop
      vertex   1.952839e+01 8.176435e+01 2.761990e+01
      vertex   1.952839e+01 8.476435e+01 2.761990e+01
      vertex   1.745826e+01 8.176435e+01 2.895189e+01
    endloop
  endfacet
  facet normal 5.411010e-01 -0.000000e+00 8.409576e-01
    outer loop
      vertex   1.745826e+01 8.176435e+01 2.895189e+01
      vertex   1.952839e+01 8.476435e+01 2.761990e+01
      vertex   1.745826e+01 8.476435e+01 2.895189e+01
    endloop
  endfacet
  facet normal 4.790089e-01 -0.000000e+00 8.778101e-01
    outer loop
      vertex   1.745826e+01 8.176435e+01 2.895189e+01
      vertex   1.745826e+01 8.476435e+01 2.895189e+01
      vertex   1.529741e+01 8.176435e+01 3.013104e+01
    endloop
  endfacet
  facet normal 4.790089e-01 -0.000000e+00 8.778101e-01
    outer loop
      vertex   1.529741e+01 8.176435e+01 3.013104e+01
      vertex   1.745826e+01 8.476435e+01 2.895189e+01
      vertex   1.529741e+01 8.476435e+01 3.013104e+01
    endloop
  endfacet
  facet normal 4.144194e-01 -0.000000e+00 9.100860e-01
    outer loop
      vertex   1.529741e+01 8.176435e+01 3.013104e+01
      vertex   1.529741e+01 8.476435e+01 3.013104e+01
      vertex   1.305711e+01 8.176435e+01 3.115119e+01
    endloop
  endfacet
  facet normal 4.144194e-01 -0.000000e+00 9.100860e-01
    outer loop
      vertex   1.305711e+01 8.176435e+01 3.115119e+01
      vertex   1.529741e+01 8.476435e+01 3.013104e+01
      vertex   1.305711e+01 8.476435e+01 3.115119e+01
    endloop
  endfacet
  facet normal 3.476693e-01 -0.000000e+00 9.376172e-01
    outer loop
      vertex   1.305711e+01 8.176435e+01 3.115119e+01
      vertex   1.305711e+01 8.476435e+01 3.115119e+01
      vertex   1.074903e+01 8.176435e+01 3.200703e+01
    endloop
  endfacet
  facet normal 3.476693e-01 -0.000000e+00 9.376172e-01
    outer loop
      vertex   1.074903e+01 8.176435e+01 3.200703e+01
      vertex   1.305711e+01 8.476435e+01 3.115119e+01
      vertex   1.074903e+01 8.476435e+01 3.200703e+01
    endloop
  endfacet
  facet normal 2.791067e-01 -0.000000e+00 9.602601e-01
    outer loop
      vertex   1.074903e+01 8.176435e+01 3.200703e+01
      vertex   1.074903e+01 8.476435e+01 3.200703e+01
      vertex   8.385219e+00 8.176435e+01 3.269408e+01
    endloop
  endfacet
  facet normal 2.791067e-01 -0.000000e+00 9.602601e-01
    outer loop
      vertex   8.385219e+00 8.176435e+01 3.269408e+01
      vertex   1.074903e+01 8.476435e+01 3.200703e+01
      vertex   8.385219e+00 8.476435e+01 3.269408e+01
    endloop
  endfacet
  facet normal 2.090889e-01 -0.000000e+00 9.778966e-01
    outer loop
      vertex   8.385219e+00 8.176435e+01 3.269408e+01
      vertex   8.385219e+00 8.476435e+01 3.269408e+01
      vertex   5.977992e+00 8.176435e+01 3.320879e+01
    endloop
  endfacet
  facet normal 2.090889e-01 -0.000000e+00 9.778966e-01
    outer loop
      vertex   5.977992e+00 8.176435e+01 3.320879e+01
      vertex   8.385219e+00 8.476435e+01 3.269408e+01
      vertex   5.977992e+00 8.476435e+01 3.320879e+01
    endloop
  endfacet
  facet normal 1.379810e-01 -0.000000e+00 9.904349e-01
    outer loop
      vertex   5.977992e+00 8.176435e+01 3.320879e+01
      vertex   5.977992e+00 8.476435e+01 3.320879e+01
      vertex   3.539900e+00 8.176435e+01 3.354845e+01
    endloop
  endfacet
  facet normal 1.379810e-01 -0.000000e+00 9.904349e-01
    outer loop
      vertex   3.539900e+00 8.176435e+01 3.354845e+01
      vertex   5.977992e+00 8.476435e+01 3.320879e+01
      vertex   3.539900e+00 8.476435e+01 3.354845e+01
    endloop
  endfacet
  facet normal 6.615380e-02 -0.000000e+00 9.978094e-01
    outer loop
      vertex   3.539900e+00 8.176435e+01 3.354845e+01
      vertex   3.539900e+00 8.476435e+01 3.354845e+01
      vertex   1.083654e+00 8.176435e+01 3.371129e+01
    endloop
  endfacet
  facet normal 6.615380e-02 -0.000000e+00 9.978094e-01
    outer loop
      vertex   1.083654e+00 8.176435e+01 3.371129e+01
      vertex   3.539900e+00 8.476435e+01 3.354845e+01
      vertex   1.083654e+00 8.476435e+01 3.371129e+01
    endloop
  endfacet
  facet normal -6.018340e-03 0.000000e+00 9.999819e-01
    outer loop
      vertex   1.083654e+00 8.176435e+01 3.371129e+01
      vertex   1.083654e+00 8.476435e+01 3.371129e+01
      vertex   -1.377939e+00 8.176435e+01 3.369648e+01
    endloop
  endfacet
  facet normal -6.018340e-03 0.000000e+00 9.999819e-01
    outer loop
      vertex   -1.377939e+00 8.176435e+01 3.369648e+01
      vertex   1.083654e+00 8.476435e+01 3.371129e+01
      vertex   -1.377939e+00 8.476435e+01 3.369648e+01
    endloop
  endfacet
  facet normal -7.815910e-02 0.000000e+00 9.969409e-01
    outer loop
      vertex   -1.377939e+00 8.176435e+01 3.369648e+01
      vertex   -1.377939e+00 8.476435e+01 3.369648e+01
      vertex   -3.832046e+00 8.176435e+01 3.350408e+01
    endloop
  endfacet
  facet normal -7.815910e-02 0.000000e+00 9.969409e-01
    outer loop
      vertex   -3.832046e+00 8.176435e+01 3.350408e+01
      vertex   -1.377939e+00 8.476435e+01 3.369648e+01
      vertex   -3.832046e+00 8.476435e+01 3.350408e+01
    endloop
  endfacet
  facet normal -1.498924e-01 0.000000e+00 9.887023e-01
    outer loop
      vertex   -3.832046e+00 8.176435e+01 3.350408e+01
      vertex   -3.832046e+00 8.476435e+01 3.350408e+01
      vertex   -6.265873e+00 8.176435e+01 3.313510e+01
    endloop
  endfacet
  facet normal -1.498924e-01 0.000000e+00 9.887023e-01
    outer loop
      vertex   -6.265873e+00 8.176435e+01 3.313510e+01
      vertex   -3.832046e+00 8.476435e+01 3.350408e+01
      vertex   -6.265873e+00 8.476435e+01 3.313510e+01
    endloop
  endfacet
  facet normal -2.208442e-01 0.000000e+00 9.753091e-01
    outer loop
      vertex   -6.265873e+00 8.176435e+01 3.313510e+01
      vertex   -6.265873e+00 8.476435e+01 3.313510e+01
      vertex   -8.666731e+00 8.176435e+01 3.259146e+01
    endloop
  endfacet
  facet normal -2.208442e-01 0.000000e+00 9.753091e-01
    outer loop
      vertex   -8.666731e+00 8.176435e+01 3.259146e+01
      vertex   -6.265873e+00 8.476435e+01 3.313510e+01
      vertex   -8.666731e+00 8.476435e+01 3.259146e+01
    endloop
  endfacet
  facet normal -2.906446e-01 0.000000e+00 9.568311e-01
    outer loop
      vertex   -8.666731e+00 8.176435e+01 3.259146e+01
      vertex   -8.666731e+00 8.476435e+01 3.259146e+01
      vertex   -1.102210e+01 8.176435e+01 3.187600e+01
    endloop
  endfacet
  facet normal -2.906446e-01 0.000000e+00 9.568311e-01
    outer loop
      vertex   -1.102210e+01 8.176435e+01 3.187600e+01
      vertex   -8.666731e+00 8.476435e+01 3.259146e+01
      vertex   -1.102210e+01 8.476435e+01 3.187600e+01
    endloop
  endfacet
  facet normal -3.589297e-01 0.000000e+00 9.333646e-01
    outer loop
      vertex   -1.102210e+01 8.176435e+01 3.187600e+01
      vertex   -1.102210e+01 8.476435e+01 3.187600e+01
      vertex   -1.331971e+01 8.176435e+01 3.099244e+01
    endloop
  endfacet
  facet normal -3.589297e-01 0.000000e+00 9.333646e-01
    outer loop
      vertex   -1.331971e+01 8.176435e+01 3.099244e+01
      vertex   -1.102210e+01 8.476435e+01 3.187600e+01
      vertex   -1.331971e+01 8.476435e+01 3.099244e+01
    endloop
  endfacet
  facet normal -4.253436e-01 0.000000e+00 9.050319e-01
    outer loop
      vertex   -1.331971e+01 8.176435e+01 3.099244e+01
      vertex   -1.331971e+01 8.476435e+01 3.099244e+01
      vertex   -1.554757e+01 8.176435e+01 2.994540e+01
    endloop
  endfacet
  facet normal -4.253436e-01 0.000000e+00 9.050319e-01
    outer loop
      vertex   -1.554757e+01 8.176435e+01 2.994540e+01
      vertex   -1.331971e+01 8.476435e+01 3.099244e+01
      vertex   -1.554757e+01 8.476435e+01 2.994540e+01
    endloop
  endfacet
  facet normal -4.895399e-01 0.000000e+00 8.719809e-01
    outer loop
      vertex   -1.554757e+01 8.176435e+01 2.994540e+01
      vertex   -1.554757e+01 8.476435e+01 2.994540e+01
      vertex   -1.769407e+01 8.176435e+01 2.874033e+01
    endloop
  endfacet
  facet normal -4.895399e-01 0.000000e+00 8.719809e-01
    outer loop
      vertex   -1.769407e+01 8.176435e+01 2.874033e+01
      vertex   -1.554757e+01 8.476435e+01 2.994540e+01
      vertex   -1.769407e+01 8.476435e+01 2.874033e+01
    endloop
  endfacet
  facet normal -5.511840e-01 0.000000e+00 8.343837e-01
    outer loop
      vertex   -1.769407e+01 8.176435e+01 2.874033e+01
      vertex   -1.769407e+01 8.476435e+01 2.874033e+01
      vertex   -1.974802e+01 8.176435e+01 2.738351e+01
    endloop
  endfacet
  facet normal -5.511840e-01 0.000000e+00 8.343837e-01
    outer loop
      vertex   -1.974802e+01 8.176435e+01 2.738351e+01
      vertex   -1.769407e+01 8.476435e+01 2.874033e+01
      vertex   -1.974802e+01 8.476435e+01 2.738351e+01
    endloop
  endfacet
  facet normal -6.099544e-01 0.000000e+00 7.924365e-01
    outer loop
      vertex   -1.974802e+01 8.176435e+01 2.738351e+01
      vertex   -1.974802e+01 8.476435e+01 2.738351e+01
      vertex   -2.169871e+01 8.176435e+01 2.588203e+01
    endloop
  endfacet
  facet normal -6.099544e-01 0.000000e+00 7.924365e-01
    outer loop
      vertex   -2.169871e+01 8.176435e+01 2.588203e+01
      vertex   -1.974802e+01 8.476435e+01 2.738351e+01
      vertex   -2.169871e+01 8.476435e+01 2.588203e+01
    endloop
  endfacet
  facet normal -6.655448e-01 0.000000e+00 7.463579e-01
    outer loop
      vertex   -2.169871e+01 8.176435e+01 2.588203e+01
      vertex   -2.169871e+01 8.476435e+01 2.588203e+01
      vertex   -2.353597e+01 8.176435e+01 2.424370e+01
    endloop
  endfacet
  facet normal -6.655448e-01 0.000000e+00 7.463579e-01
    outer loop
      vertex   -2.353597e+01 8.176435e+01 2.424370e+01
      vertex   -2.169871e+01 8.476435e+01 2.588203e+01
      vertex   -2.353597e+01 8.476435e+01 2.424370e+01
    endloop
  endfacet
  facet normal -7.176654e-01 0.000000e+00 6.963881e-01
    outer loop
      vertex   -2.353597e+01 8.176435e+01 2.424370e+01
      vertex   -2.353597e+01 8.476435e+01 2.424370e+01
      vertex   -2.525023e+01 8.176435e+01 2.247707e+01
    endloop
  endfacet
  facet normal -7.176654e-01 0.000000e+00 6.963881e-01
    outer loop
      vertex   -2.525023e+01 8.176435e+01 2.247707e+01
      vertex   -2.353597e+01 8.476435e+01 2.424370e+01
      vertex   -2.525023e+01 8.476435e+01 2.247707e+01
    endloop
  endfacet
  facet normal -7.660444e-01 0.000000e+00 6.427876e-01
    outer loop
      vertex   -2.525023e+01 8.176435e+01 2.247707e+01
      vertex   -2.525023e+01 8.476435e+01 2.247707e+01
      vertex   -2.683254e+01 8.176435e+01 2.059134e+01
    endloop
  endfacet
  facet normal -7.660444e-01 0.000000e+00 6.427876e-01
    outer loop
      vertex   -2.683254e+01 8.176435e+01 2.059134e+01
      vertex   -2.525023e+01 8.476435e+01 2.247707e+01
      vertex   -2.683254e+01 8.476435e+01 2.059134e+01
    endloop
  endfacet
  facet normal -8.104297e-01 0.000000e+00 5.858360e-01
    outer loop
      vertex   -2.683254e+01 8.176435e+01 2.059134e+01
      vertex   -2.683254e+01 8.476435e+01 2.059134e+01
      vertex   -2.827466e+01 8.176435e+01 1.859636e+01
    endloop
  endfacet
  facet normal -8.104297e-01 0.000000e+00 5.858360e-01
    outer loop
      vertex   -2.827466e+01 8.176435e+01 1.859636e+01
      vertex   -2.683254e+01 8.476435e+01 2.059134e+01
      vertex   -2.827466e+01 8.476435e+01 1.859636e+01
    endloop
  endfacet
  facet normal -8.505897e-01 0.000000e+00 5.258300e-01
    outer loop
      vertex   -2.827466e+01 8.176435e+01 1.859636e+01
      vertex   -2.827466e+01 8.476435e+01 1.859636e+01
      vertex   -2.956906e+01 8.176435e+01 1.650251e+01
    endloop
  endfacet
  facet normal -8.505897e-01 0.000000e+00 5.258300e-01
    outer loop
      vertex   -2.956906e+01 8.176435e+01 1.650251e+01
      vertex   -2.827466e+01 8.476435e+01 1.859636e+01
      vertex   -2.956906e+01 8.476435e+01 1.650251e+01
    endloop
  endfacet
  facet normal -8.863151e-01 0.000000e+00 4.630827e-01
    outer loop
      vertex   -2.956906e+01 8.176435e+01 1.650251e+01
      vertex   -2.956906e+01 8.476435e+01 1.650251e+01
      vertex   -3.070900e+01 8.176435e+01 1.432073e+01
    endloop
  endfacet
  facet normal -8.863151e-01 0.000000e+00 4.630827e-01
    outer loop
      vertex   -3.070900e+01 8.176435e+01 1.432073e+01
      vertex   -2.956906e+01 8.476435e+01 1.650251e+01
      vertex   -3.070900e+01 8.476435e+01 1.432073e+01
    endloop
  endfacet
  facet normal -9.174197e-01 0.000000e+00 3.979210e-01
    outer loop
      vertex   -3.070900e+01 8.176435e+01 1.432073e+01
      vertex   -3.070900e+01 8.476435e+01 1.432073e+01
      vertex   -3.168854e+01 8.176435e+01 1.206237e+01
    endloop
  endfacet
  facet normal -9.174197e-01 0.000000e+00 3.979210e-01
    outer loop
      vertex   -3.168854e+01 8.176435e+01 1.206237e+01
      vertex   -3.070900e+01 8.476435e+01 1.432073e+01
      vertex   -3.168854e+01 8.476435e+01 1.206237e+01
    endloop
  endfacet
  facet normal -9.437413e-01 0.000000e+00 3.306848e-01
    outer loop
      vertex   -3.168854e+01 8.176435e+01 1.206237e+01
      vertex   -3.168854e+01 8.476435e+01 1.206237e+01
      vertex   -3.250256e+01 8.176435e+01 9.739223e+00
    endloop
  endfacet
  facet normal -9.437413e-01 0.000000e+00 3.306848e-01
    outer loop
      vertex   -3.250256e+01 8.176435e+01 9.739223e+00
      vertex   -3.168854e+01 8.476435e+01 1.206237e+01
      vertex   -3.250256e+01 8.476435e+01 9.739223e+00
    endloop
  endfacet
  facet normal -9.651426e-01 0.000000e+00 2.617245e-01
    outer loop
      vertex   -3.250256e+01 8.176435e+01 9.739223e+00
      vertex   -3.250256e+01 8.476435e+01 9.739223e+00
      vertex   -3.314684e+01 8.176435e+01 7.363391e+00
    endloop
  endfacet
  facet normal -9.651426e-01 0.000000e+00 2.617245e-01
    outer loop
      vertex   -3.314684e+01 8.176435e+01 7.363391e+00
      vertex   -3.250256e+01 8.476435e+01 9.739223e+00
      vertex   -3.314684e+01 8.476435e+01 7.363391e+00
    endloop
  endfacet
  facet normal -9.815122e-01 0.000000e+00 1.913997e-01
    outer loop
      vertex   -3.314684e+01 8.176435e+01 7.363391e+00
      vertex   -3.314684e+01 8.476435e+01 7.363391e+00
      vertex   -3.361799e+01 8.176435e+01 4.947264e+00
    endloop
  endfacet
  facet normal -9.815122e-01 0.000000e+00 1.913997e-01
    outer loop
      vertex   -3.361799e+01 8.176435e+01 4.947264e+00
      vertex   -3.314684e+01 8.476435e+01 7.363391e+00
      vertex   -3.361799e+01 8.476435e+01 4.947264e+00
    endloop
  endfacet
  facet normal -9.927646e-01 0.000000e+00 1.200771e-01
    outer loop
      vertex   -3.361799e+01 8.176435e+01 4.947264e+00
      vertex   -3.361799e+01 8.476435e+01 4.947264e+00
      vertex   -3.391358e+01 8.176435e+01 2.503437e+00
    endloop
  endfacet
  facet normal -9.927646e-01 0.000000e+00 1.200771e-01
    outer loop
      vertex   -3.391358e+01 8.176435e+01 2.503437e+00
      vertex   -3.361799e+01 8.476435e+01 4.947264e+00
      vertex   -3.391358e+01 8.476435e+01 2.503437e+00
    endloop
  endfacet
  facet normal -9.988412e-01 0.000000e+00 4.812841e-02
    outer loop
      vertex   -3.391358e+01 8.176435e+01 2.503437e+00
      vertex   -3.391358e+01 8.476435e+01 2.503437e+00
      vertex   -3.403205e+01 8.176435e+01 4.465190e-02
    endloop
  endfacet
  facet normal -9.988412e-01 0.000000e+00 4.812841e-02
    outer loop
      vertex   -3.403205e+01 8.176435e+01 4.465190e-02
      vertex   -3.391358e+01 8.476435e+01 2.503437e+00
      vertex   -3.403205e+01 8.476435e+01 4.465190e-02
    endloop
  endfacet
  facet normal -9.997102e-01 0.000000e+00 -2.407118e-02
    outer loop
      vertex   -3.403205e+01 8.176435e+01 4.465190e-02
      vertex   -3.403205e+01 8.476435e+01 4.465190e-02
      vertex   -3.397280e+01 8.176435e+01 -2.416273e+00
    endloop
  endfacet
  facet normal -9.997102e-01 0.000000e+00 -2.407118e-02
    outer loop
      vertex   -3.397280e+01 8.176435e+01 -2.416273e+00
      vertex   -3.403205e+01 8.476435e+01 4.465190e-02
      vertex   -3.397280e+01 8.476435e+01 -2.416273e+00
    endloop
  endfacet
  facet normal -9.953673e-01 0.000000e+00 -9.614528e-02
    outer loop
      vertex   -3.397280e+01 8.176435e+01 -2.416273e+00
      vertex   -3.397280e+01 8.476435e+01 -2.416273e+00
      vertex   -3.373612e+01 8.176435e+01 -4.866506e+00
    endloop
  endfacet
  facet normal -9.953673e-01 0.000000e+00 -9.614528e-02
    outer loop
      vertex   -3.373612e+01 8.176435e+01 -4.866506e+00
      vertex   -3.397280e+01 8.476435e+01 -2.416273e+00
      vertex   -3.373612e+01 8.476435e+01 -4.866506e+00
    endloop
  endfacet
  facet normal -9.858350e-01 0.000000e+00 -1.677181e-01
    outer loop
      vertex   -3.373612e+01 8.176435e+01 -4.866506e+00
      vertex   -3.373612e+01 8.476435e+01 -4.866506e+00
      vertex   -3.332326e+01 8.176435e+01 -7.293275e+00
    endloop
  endfacet
  facet normal -9.858350e-01 0.000000e+00 -1.677181e-01
    outer loop
      vertex   -3.332326e+01 8.176435e+01 -7.293275e+00
      vertex   -3.373612e+01 8.476435e+01 -4.866506e+00
      vertex   -3.332326e+01 8.476435e+01 -7.293275e+00
    endloop
  endfacet
  facet normal -9.711630e-01 0.000000e+00 -2.384166e-01
    outer loop
      vertex   -3.332326e+01 8.176435e+01 -7.293275e+00
      vertex   -3.332326e+01 8.476435e+01 -7.293275e+00
      vertex   -3.273637e+01 8.176435e+01 -9.683927e+00
    endloop
  endfacet
  facet normal -9.711630e-01 0.000000e+00 -2.384166e-01
    outer loop
      vertex   -3.273637e+01 8.176435e+01 -9.683927e+00
      vertex   -3.332326e+01 8.476435e+01 -7.293275e+00
      vertex   -3.273637e+01 8.476435e+01 -9.683927e+00
    endloop
  endfacet
  facet normal 0.000000e+00 -1.000000e+00 -0.000000e+00
    outer loop
      vertex   -8.267672e+00 8.176435e+01 8.717096e+00
      vertex   -2.232422e+01 8.176435e+01 -2.608212e+01
      vertex   -6.962410e+00 8.176435e+01 8.631544e+00
    endloop
  endfacet
  facet normal 0.000000e+00 -1.000000e+00 0.000000e+00
    outer loop
      vertex   -6.962410e+00 8.176435e+01 8.631544e+00
      vertex   -2.232422e+01 8.176435e+01 -2.608212e+01
      vertex   -2.041024e+01 8.176435e+01 -2.763012e+01
    endloop
  endfacet
  facet normal 0.000000e+00 -1.000000e+00 0.000000e+00
    outer loop
      vertex   -6.962410e+00 8.176435e+01 8.631544e+00
      vertex   -2.041024e+01 8.176435e+01 -2.763012e+01
      vertex   -1.838954e+01 8.176435e+01 -2.903599e+01
    endloop
  endfacet
  facet normal 0.000000e+00 -1.000000e+00 -0.000000e+00
    outer loop
      vertex   -9.550600e+00 8.176435e+01 8.972286e+00
      vertex   -2.732921e+01 8.176435e+01 -2.066938e+01
      vertex   -8.267672e+00 8.176435e+01 8.717096e+00
    endloop
  endfacet
  facet normal 0.000000e+00 -1.000000e+00 0.000000e+00
    outer loop
      vertex   -8.267672e+00 8.176435e+01 8.717096e+00
      vertex   -2.732921e+01 8.176435e+01 -2.066938e+01
      vertex   -2.579275e+01 8.176435e+01 -2.259265e+01
    endloop
  endfacet
  facet normal 0.000000e+00 -1.000000e+00 0.000000e+00
    outer loop
      vertex   -8.267672e+00 8.176435e+01 8.717096e+00
      vertex   -2.579275e+01 8.176435e+01 -2.259265e+01
      vertex   -2.412152e+01 8.176435e+01 -2.440004e+01
    endloop
  endfacet
  facet normal 0.000000e+00 -1.000000e+00 -0.000000e+00
    outer loop
      vertex   -1.078924e+01 8.176435e+01 9.392749e+00
      vertex   -3.105361e+01 8.176435e+01 -1.430728e+01
      vertex   -9.550600e+00 8.176435e+01 8.972286e+00
    endloop
  endfacet
  facet normal 0.000000e+00 -1.000000e+00 0.000000e+00
    outer loop
      vertex   -9.550600e+00 8.176435e+01 8.972286e+00
      vertex   -3.105361e+01 8.176435e+01 -1.430728e+01
      vertex   -2.996651e+01 8.176435e+01 -1.651587e+01
    endloop
  endfacet
  facet normal 0.000000e+00 -1.000000e+00 0.000000e+00
    outer loop
      vertex   -9.550600e+00 8.176435e+01 8.972286e+00
      vertex   -2.996651e+01 8.176435e+01 -1.651587e+01
      vertex   -2.872289e+01 8.176435e+01 -1.864027e+01
    endloop
  endfacet
  facet normal 0.000000e+00 -1.000000e+00 -0.000000e+00
    outer loop
      vertex   -1.196241e+01 8.176435e+01 9.971290e+00
      vertex   -3.332326e+01 8.176435e+01 -7.293275e+00
      vertex   -1.078924e+01 8.176435e+01 9.392749e+00
    endloop
  endfacet
  facet normal 0.000000e+00 -1.000000e+00 0.000000e+00
    outer loop
      vertex   -1.078924e+01 8.176435e+01 9.392749e+00
      vertex   -3.332326e+01 8.176435e+01 -7.293275e+00
      vertex   -3.273637e+01 8.176435e+01 -9.683927e+00
    endloop
  endfacet
  facet normal 0.000000e+00 -1.000000e+00 0.000000e+00
    outer loop
      vertex   -1.078924e+01 8.176435e+01 9.392749e+00
      vertex   -3.273637e+01 8.176435e+01 -9.683927e+00
      vertex   -3.197850e+01 8.176435e+01 -1.202600e+01
    endloop
  endfacet
  facet normal 0.000000e+00 -1.000000e+00 -0.000000e+00
    outer loop
      vertex   -1.305002e+01 8.176435e+01 1.069801e+01
      vertex   -3.397280e+01 8.176435e+01 -2.416273e+00
      vertex   -1.196241e+01 8.176435e+01 9.971290e+00
    endloop
  endfacet
  facet normal 0.000000e+00 -1.000000e+00 0.000000e+00
    outer loop
      vertex   -1.196241e+01 8.176435e+01 9.971290e+00
      vertex   -3.397280e+01 8.176435e+01 -2.416273e+00
      vertex   -3.373612e+01 8.176435e+01 -4.866506e+00
    endloop
  endfacet
  facet normal 0.000000e+00 -1.000000e+00 0.000000e+00
    outer loop
      vertex   -1.196241e+01 8.176435e+01 9.971290e+00
      vertex   -3.373612e+01 8.176435e+01 -4.866506e+00
      vertex   -3.332326e+01 8.176435e+01 -7.293275e+00
    endloop
  endfacet
  facet normal 0.000000e+00 -1.000000e+00 -0.000000e+00
    outer loop
      vertex   -1.403348e+01 8.176435e+01 1.156048e+01
      vertex   -3.391358e+01 8.176435e+01 2.503437e+00
      vertex   -1.305002e+01 8.176435e+01 1.069801e+01
    endloop
  endfacet
  facet normal 0.000000e+00 -1.000000e+00 0.000000e+00
    outer loop
      vertex   -1.305002e+01 8.176435e+01 1.069801e+01
      vertex   -3.391358e+01 8.176435e+01 2.503437e+00
      vertex   -3.403205e+01 8.176435e+01 4.465190e-02
    endloop
  endfacet
  facet normal 0.000000e+00 -1.000000e+00 0.000000e+00
    outer loop
      vertex   -1.305002e+01 8.176435e+01 1.069801e+01
      vertex   -3.403205e+01 8.176435e+01 4.465190e-02
      vertex   -3.397280e+01 8.176435e+01 -2.416273e+00
    endloop
  endfacet
  facet normal 0.000000e+00 -1.000000e+00 -0.000000e+00
    outer loop
      vertex   -1.489594e+01 8.176435e+01 1.254393e+01
      vertex   -3.314684e+01 8.176435e+01 7.363391e+00
      vertex   -1.403348e+01 8.176435e+01 1.156048e+01
    endloop
  endfacet
  facet normal 0.000000e+00 -1.000000e+00 0.000000e+00
    outer loop
      vertex   -1.403348e+01 8.176435e+01 1.156048e+01
      vertex   -3.314684e+01 8.176435e+01 7.363391e+00
      vertex   -3.361799e+01 8.176435e+01 4.947264e+00
    endloop
  endfacet
  facet normal 0.000000e+00 -1.000000e+00 0.000000e+00
    outer loop
      vertex   -1.403348e+01 8.176435e+01 1.156048e+01
      vertex   -3.361799e+01 8.176435e+01 4.947264e+00
      vertex   -3.391358e+01 8.176435e+01 2.503437e+00
    endloop
  endfacet
  facet normal 0.000000e+00 -1.000000e+00 0.000000e+00
    outer loop
      vertex   -3.314684e+01 8.176435e+01 7.363391e+00
      vertex   -1.489594e+01 8.176435e+01 1.254393e+01
      vertex   -3.250256e+01 8.176435e+01 9.739223e+00
    endloop
  endfacet
  facet normal 0.000000e+00 -1.000000e+00 0.000000e+00
    outer loop
      vertex   -3.250256e+01 8.176435e+01 9.739223e+00
      vertex   -1.489594e+01 8.176435e+01 1.254393e+01
      vertex   -1.562266e+01 8.176435e+01 1.363154e+01
    endloop
  endfacet
  facet normal 0.000000e+00 -1.000000e+00 0.000000e+00
    outer loop
      vertex   -3.250256e+01 8.176435e+01 9.739223e+00
      vertex   -1.562266e+01 8.176435e+01 1.363154e+01
      vertex   -3.168854e+01 8.176435e+01 1.206237e+01
    endloop
  endfacet
  facet normal 0.000000e+00 -1.000000e+00 0.000000e+00
    outer loop
      vertex   -3.168854e+01 8.176435e+01 1.206237e+01
      vertex   -1.562266e+01 8.176435e+01 1.363154e+01
      vertex   -3.070900e+01 8.176435e+01 1.432073e+01
    endloop
  endfacet
  facet normal 0.000000e+00 -1.000000e+00 0.000000e+00
    outer loop
      vertex   -3.070900e+01 8.176435e+01 1.432073e+01
      vertex   -1.562266e+01 8.176435e+01 1.363154e+01
      vertex   -1.620121e+01 8.176435e+01 1.480471e+01
    endloop
  endfacet
  facet normal 0.000000e+00 -1.000000e+00 0.000000e+00
    outer loop
      vertex   -3.070900e+01 8.176435e+01 1.432073e+01
      vertex   -1.620121e+01 8.176435e+01 1.480471e+01
      vertex   -2.956906e+01 8.176435e+01 1.650251e+01
    endloop
  endfacet
  facet normal 0.000000e+00 -1.000000e+00 0.000000e+00
    outer loop
      vertex   -2.956906e+01 8.176435e+01 1.650251e+01
      vertex   -1.620121e+01 8.176435e+01 1.480471e+01
      vertex   -1.662167e+01 8.176435e+01 1.604335e+01
    endloop
  endfacet
  facet normal 0.000000e+00 -1.000000e+00 0.000000e+00
    outer loop
      vertex   -2.956906e+01 8.176435e+01 1.650251e+01
      vertex   -1.662167e+01 8.176435e+01 1.604335e+01
      vertex   -2.827466e+01 8.176435e+01 1.859636e+01
    endloop
  endfacet
  facet normal 0.000000e+00 -1.000000e+00 0.000000e+00
    outer loop
      vertex   -2.827466e+01 8.176435e+01 1.859636e+01
      vertex   -1.662167e+01 8.176435e+01 1.604335e+01
      vertex   -1.687686e+01 8.176435e+01 1.732628e+01
    endloop
  endfacet
  facet normal 0.000000e+00 -1.000000e+00 0.000000e+00
    outer loop
      vertex   -2.827466e+01 8.176435e+01 1.859636e+01
      vertex   -1.687686e+01 8.176435e+01 1.732628e+01
      vertex   -2.683254e+01 8.176435e+01 2.059134e+01
    endloop
  endfacet
  facet normal 0.000000e+00 -1.000000e+00 0.000000e+00
    outer loop
      vertex   -2.683254e+01 8.176435e+01 2.059134e+01
      vertex   -1.687686e+01 8.176435e+01 1.732628e+01
      vertex   -1.696241e+01 8.176435e+01 1.863154e+01
    endloop
  endfacet
  facet normal 0.000000e+00 -1.000000e+00 0.000000e+00
    outer loop
      vertex   -2.683254e+01 8.176435e+01 2.059134e+01
      vertex   -1.696241e+01 8.176435e+01 1.863154e+01
      vertex   -2.525023e+01 8.176435e+01 2.247707e+01
    endloop
  endfacet
  facet normal 0.000000e+00 -1.000000e+00 0.000000e+00
    outer loop
      vertex   -2.525023e+01 8.176435e+01 2.247707e+01
      vertex   -1.696241e+01 8.176435e+01 1.863154e+01
      vertex   -1.687686e+01 8.176435e+01 1.993681e+01
    endloop
  endfacet
  facet normal 0.000000e+00 -1.000000e+00 0.000000e+00
    outer loop
      vertex   -2.525023e+01 8.176435e+01 2.247707e+01
      vertex   -1.687686e+01 8.176435e+01 1.993681e+01
      vertex   -2.353597e+01 8.176435e+01 2.424370e+01
    endloop
  endfacet
  facet normal 0.000000e+00 -1.000000e+00 0.000000e+00
    outer loop
      vertex   -2.353597e+01 8.176435e+01 2.424370e+01
      vertex   -1.687686e+01 8.176435e+01 1.993681e+01
      vertex   -1.662167e+01 8.176435e+01 2.121973e+01
    endloop
  endfacet
  facet normal 0.000000e+00 -1.000000e+00 0.000000e+00
    outer loop
      vertex   -2.353597e+01 8.176435e+01 2.424370e+01
      vertex   -1.662167e+01 8.176435e+01 2.121973e+01
      vertex   -2.169871e+01 8.176435e+01 2.588203e+01
    endloop
  endfacet
  facet normal 0.000000e+00 -1.000000e+00 0.000000e+00
    outer loop
      vertex   -2.169871e+01 8.176435e+01 2.588203e+01
      vertex   -1.662167e+01 8.176435e+01 2.121973e+01
      vertex   -1.620121e+01 8.176435e+01 2.245838e+01
    endloop
  endfacet
  facet normal 0.000000e+00 -1.000000e+00 0.000000e+00
    outer loop
      vertex   -2.169871e+01 8.176435e+01 2.588203e+01
      vertex   -1.620121e+01 8.176435e+01 2.245838e+01
      vertex   -1.974802e+01 8.176435e+01 2.738351e+01
    endloop
  endfacet
  facet normal 0.000000e+00 -1.000000e+00 0.000000e+00
    outer loop
      vertex   -1.974802e+01 8.176435e+01 2.738351e+01
      vertex   -1.620121e+01 8.176435e+01 2.245838e+01
      vertex   -1.562266e+01 8.176435e+01 2.363154e+01
    endloop
  endfacet
  facet normal 0.000000e+00 -1.000000e+00 0.000000e+00
    outer loop
      vertex   -1.974802e+01 8.176435e+01 2.738351e+01
      vertex   -1.562266e+01 8.176435e+01 2.363154e+01
      vertex   -1.489594e+01 8.176435e+01 2.471916e+01
    endloop
  endfacet
  facet normal 0.000000e+00 -1.000000e+00 0.000000e+00
    outer loop
      vertex   -1.974802e+01 8.176435e+01 2.738351e+01
      vertex   -1.489594e+01 8.176435e+01 2.471916e+01
      vertex   -1.769407e+01 8.176435e+01 2.874033e+01
    endloop
  endfacet
  facet normal 0.000000e+00 -1.000000e+00 0.000000e+00
    outer loop
      vertex   -1.769407e+01 8.176435e+01 2.874033e+01
      vertex   -1.489594e+01 8.176435e+01 2.471916e+01
      vertex   -1.403348e+01 8.176435e+01 2.570261e+01
    endloop
  endfacet
  facet normal 0.000000e+00 -1.000000e+00 0.000000e+00
    outer loop
      vertex   -1.769407e+01 8.176435e+01 2.874033e+01
      vertex   -1.403348e+01 8.176435e+01 2.570261e+01
      vertex   -1.554757e+01 8.176435e+01 2.994540e+01
    endloop
  endfacet
  facet normal 0.000000e+00 -1.000000e+00 0.000000e+00
    outer loop
      vertex   -1.554757e+01 8.176435e+01 2.994540e+01
      vertex   -1.403348e+01 8.176435e+01 2.570261e+01
      vertex   -1.305002e+01 8.176435e+01 2.656508e+01
    endloop
  endfacet
  facet normal 0.000000e+00 -1.000000e+00 0.000000e+00
    outer loop
      vertex   -1.554757e+01 8.176435e+01 2.994540e+01
      vertex   -1.305002e+01 8.176435e+01 2.656508e+01
      vertex   -1.196241e+01 8.176435e+01 2.729180e+01
    endloop
  endfacet
  facet normal 0.000000e+00 -1.000000e+00 0.000000e+00
    outer loop
      vertex   -1.554757e+01 8.176435e+01 2.994540e+01
      vertex   -1.196241e+01 8.176435e+01 2.729180e+01
      vertex   -1.331971e+01 8.176435e+01 3.099244e+01
    endloop
  endfacet
  facet normal 0.000000e+00 -1.000000e+00 0.000000e+00
    outer loop
      vertex   -1.331971e+01 8.176435e+01 3.099244e+01
      vertex   -1.196241e+01 8.176435e+01 2.729180e+01
      vertex   -1.078924e+01 8.176435e+01 2.787034e+01
    endloop
  endfacet
  facet normal 0.000000e+00 -1.000000e+00 0.000000e+00
    outer loop
      vertex   -1.331971e+01 8.176435e+01 3.099244e+01
      vertex   -1.078924e+01 8.176435e+01 2.787034e+01
      vertex   -1.102210e+01 8.176435e+01 3.187600e+01
    endloop
  endfacet
  facet normal 0.000000e+00 -1.000000e+00 0.000000e+00
    outer loop
      vertex   -1.102210e+01 8.176435e+01 3.187600e+01
      vertex   -1.078924e+01 8.176435e+01 2.787034e+01
      vertex   -9.550600e+00 8.176435e+01 2.829080e+01
    endloop
  endfacet
  facet normal 0.000000e+00 -1.000000e+00 0.000000e+00
    outer loop
      vertex   -1.102210e+01 8.176435e+01 3.187600e+01
      vertex   -9.550600e+00 8.176435e+01 2.829080e+01
      vertex   -8.666731e+00 8.176435e+01 3.259146e+01
    endloop
  endfacet
  facet normal 0.000000e+00 -1.000000e+00 -0.000000e+00
    outer loop
      vertex   -8.666731e+00 8.176435e+01 3.259146e+01
      vertex   -9.550600e+00 8.176435e+01 2.829080e+01
      vertex   -8.267672e+00 8.176435e+01 2.854599e+01
    endloop
  endfacet
  facet normal 0.000000e+00 -1.000000e+00 0.000000e+00
    outer loop
      vertex   -8.666731e+00 8.176435e+01 3.259146e+01
      vertex   -8.267672e+00 8.176435e+01 2.854599e+01
      vertex   -6.962410e+00 8.176435e+01 2.863154e+01
    endloop
  endfacet
  facet normal 0.000000e+00 -1.000000e+00 0.000000e+00
    outer loop
      vertex   -8.666731e+00 8.176435e+01 3.259146e+01
      vertex   -6.962410e+00 8.176435e+01 2.863154e+01
      vertex   -6.265873e+00 8.176435e+01 3.313510e+01
    endloop
  endfacet
  facet normal 0.000000e+00 -1.000000e+00 -0.000000e+00
    outer loop
      vertex   -6.265873e+00 8.176435e+01 3.313510e+01
      vertex   -6.962410e+00 8.176435e+01 2.863154e+01
      vertex   -5.657148e+00 8.176435e+01 2.854599e+01
    endloop
  endfacet
  facet normal 0.000000e+00 -1.000000e+00 0.000000e+00
    outer loop
      vertex   -6.265873e+00 8.176435e+01 3.313510e+01
      vertex   -5.657148e+00 8.176435e+01 2.854599e+01
      vertex   -3.832046e+00 8.176435e+01 3.350408e+01
    endloop
  endfacet
  facet normal 0.000000e+00 -1.000000e+00 0.000000e+00
    outer loop
      vertex   -3.832046e+00 8.176435e+01 3.350408e+01
      vertex   -5.657148e+00 8.176435e+01 2.854599e+01
      vertex   -4.374220e+00 8.176435e+01 2.829080e+01
    endloop
  endfacet
  facet normal 0.000000e+00 -1.000000e+00 -0.000000e+00
    outer loop
      vertex   -3.832046e+00 8.176435e+01 3.350408e+01
      vertex   -4.374220e+00 8.176435e+01 2.829080e+01
      vertex   -3.135576e+00 8.176435e+01 2.787034e+01
    endloop
  endfacet
  facet normal 0.000000e+00 -1.000000e+00 0.000000e+00
    outer loop
      vertex   -3.832046e+00 8.176435e+01 3.350408e+01
      vertex   -3.135576e+00 8.176435e+01 2.787034e+01
      vertex   -1.377939e+00 8.176435e+01 3.369648e+01
    endloop
  endfacet
  facet normal 0.000000e+00 -1.000000e+00 0.000000e+00
    outer loop
      vertex   -1.377939e+00 8.176435e+01 3.369648e+01
      vertex   -3.135576e+00 8.176435e+01 2.787034e+01
      vertex   -1.962410e+00 8.176435e+01 2.729180e+01
    endloop
  endfacet
  facet normal 0.000000e+00 -1.000000e+00 -0.000000e+00
    outer loop
      vertex   -1.377939e+00 8.176435e+01 3.369648e+01
      vertex   -1.962410e+00 8.176435e+01 2.729180e+01
      vertex   1.083654e+00 8.176435e+01 3.371129e+01
    endloop
  endfacet
  facet normal 0.000000e+00 -1.000000e+00 0.000000e+00
    outer loop
      vertex   1.083654e+00 8.176435e+01 3.371129e+01
      vertex   -1.962410e+00 8.176435e+01 2.729180e+01
      vertex   -8.747957e-01 8.176435e+01 2.656508e+01
    endloop
  endfacet
  facet normal 0.000000e+00 -1.000000e+00 -0.000000e+00
    outer loop
      vertex   1.083654e+00 8.176435e+01 3.371129e+01
      vertex   -8.747957e-01 8.176435e+01 2.656508e+01
      vertex   3.539900e+00 8.176435e+01 3.354845e+01
    endloop
  endfacet
  facet normal 0.000000e+00 -1.000000e+00 0.000000e+00
    outer loop
      vertex   3.539900e+00 8.176435e+01 3.354845e+01
      vertex   -8.747957e-01 8.176435e+01 2.656508e+01
      vertex   1.086578e-01 8.176435e+01 2.570261e+01
    endloop
  endfacet
  facet normal 0.000000e+00 -1.000000e+00 -0.000000e+00
    outer loop
      vertex   3.539900e+00 8.176435e+01 3.354845e+01
      vertex   1.086578e-01 8.176435e+01 2.570261e+01
      vertex   5.977992e+00 8.176435e+01 3.320879e+01
    endloop
  endfacet
  facet normal 0.000000e+00 -1.000000e+00 0.000000e+00
    outer loop
      vertex   5.977992e+00 8.176435e+01 3.320879e+01
      vertex   1.086578e-01 8.176435e+01 2.570261e+01
      vertex   9.711234e-01 8.176435e+01 2.471916e+01
    endloop
  endfacet
  facet normal 0.000000e+00 -1.000000e+00 -0.000000e+00
    outer loop
      vertex   5.977992e+00 8.176435e+01 3.320879e+01
      vertex   9.711234e-01 8.176435e+01 2.471916e+01
      vertex   8.385219e+00 8.176435e+01 3.269408e+01
    endloop
  endfacet
  facet normal 0.000000e+00 -1.000000e+00 0.000000e+00
    outer loop
      vertex   8.385219e+00 8.176435e+01 3.269408e+01
      vertex   9.711234e-01 8.176435e+01 2.471916e+01
      vertex   1.697844e+00 8.176435e+01 2.363154e+01
    endloop
  endfacet
  facet normal 0.000000e+00 -1.000000e+00 -0.000000e+00
    outer loop
      vertex   8.385219e+00 8.176435e+01 3.269408e+01
      vertex   1.697844e+00 8.176435e+01 2.363154e+01
      vertex   1.074903e+01 8.176435e+01 3.200703e+01
    endloop
  endfacet
  facet normal 0.000000e+00 -1.000000e+00 0.000000e+00
    outer loop
      vertex   1.074903e+01 8.176435e+01 3.200703e+01
      vertex   1.697844e+00 8.176435e+01 2.363154e+01
      vertex   2.276385e+00 8.176435e+01 2.245838e+01
    endloop
  endfacet
  facet normal 0.000000e+00 -1.000000e+00 -0.000000e+00
    outer loop
      vertex   1.074903e+01 8.176435e+01 3.200703e+01
      vertex   2.276385e+00 8.176435e+01 2.245838e+01
      vertex   1.305711e+01 8.176435e+01 3.115119e+01
    endloop
  endfacet
  facet normal 0.000000e+00 -1.000000e+00 0.000000e+00
    outer loop
      vertex   1.305711e+01 8.176435e+01 3.115119e+01
      vertex   2.276385e+00 8.176435e+01 2.245838e+01
      vertex   2.696848e+00 8.176435e+01 2.121973e+01
    endloop
  endfacet
  facet normal 0.000000e+00 -1.000000e+00 -0.000000e+00
    outer loop
      vertex   1.305711e+01 8.176435e+01 3.115119e+01
      vertex   2.696848e+00 8.176435e+01 2.121973e+01
      vertex   1.529741e+01 8.176435e+01 3.013104e+01
    endloop
  endfacet
  facet normal 0.000000e+00 -1.000000e+00 0.000000e+00
    outer loop
      vertex   1.529741e+01 8.176435e+01 3.013104e+01
      vertex   2.696848e+00 8.176435e+01 2.121973e+01
      vertex   2.952039e+00 8.176435e+01 1.993681e+01
    endloop
  endfacet
  facet normal 0.000000e+00 -1.000000e+00 -0.000000e+00
    outer loop
      vertex   1.529741e+01 8.176435e+01 3.013104e+01
      vertex   2.952039e+00 8.176435e+01 1.993681e+01
      vertex   1.745826e+01 8.176435e+01 2.895189e+01
    endloop
  endfacet
  facet normal 0.000000e+00 -1.000000e+00 0.000000e+00
    outer loop
      vertex   1.745826e+01 8.176435e+01 2.895189e+01
      vertex   2.952039e+00 8.176435e+01 1.993681e+01
      vertex   3.037590e+00 8.176435e+01 1.863154e+01
    endloop
  endfacet
  facet normal 0.000000e+00 -1.000000e+00 -0.000000e+00
    outer loop
      vertex   1.745826e+01 8.176435e+01 2.895189e+01
      vertex   3.037590e+00 8.176435e+01 1.863154e+01
      vertex   1.952839e+01 8.176435e+01 2.761990e+01
    endloop
  endfacet
  facet normal 0.000000e+00 -1.000000e+00 -0.000000e+00
    outer loop
      vertex   1.952839e+01 8.176435e+01 2.761990e+01
      vertex   3.037590e+00 8.176435e+01 1.863154e+01
      vertex   2.149701e+01 8.176435e+01 2.614200e+01
    endloop
  endfacet
  facet normal 0.000000e+00 -1.000000e+00 0.000000e+00
    outer loop
      vertex   2.149701e+01 8.176435e+01 2.614200e+01
      vertex   3.037590e+00 8.176435e+01 1.863154e+01
      vertex   2.952039e+00 8.176435e+01 1.732628e+01
    endloop
  endfacet
  facet normal 0.000000e+00 -1.000000e+00 -0.000000e+00
    outer loop
      vertex   2.149701e+01 8.176435e+01 2.614200e+01
      vertex   2.952039e+00 8.176435e+01 1.732628e+01
      vertex   2.335386e+01 8.176435e+01 2.452590e+01
    endloop
  endfacet
  facet normal 0.000000e+00 -1.000000e+00 -0.000000e+00
    outer loop
      vertex   2.335386e+01 8.176435e+01 2.452590e+01
      vertex   2.952039e+00 8.176435e+01 1.732628e+01
      vertex   2.508926e+01 8.176435e+01 2.278003e+01
    endloop
  endfacet
  facet normal 0.000000e+00 -1.000000e+00 0.000000e+00
    outer loop
      vertex   2.508926e+01 8.176435e+01 2.278003e+01
      vertex   2.952039e+00 8.176435e+01 1.732628e+01
      vertex   2.696848e+00 8.176435e+01 1.604335e+01
    endloop
  endfacet
  facet normal 0.000000e+00 -1.000000e+00 -0.000000e+00
    outer loop
      vertex   2.508926e+01 8.176435e+01 2.278003e+01
      vertex   2.696848e+00 8.176435e+01 1.604335e+01
      vertex   2.669415e+01 8.176435e+01 2.091349e+01
    endloop
  endfacet
  facet normal 0.000000e+00 -1.000000e+00 -0.000000e+00
    outer loop
      vertex   2.669415e+01 8.176435e+01 2.091349e+01
      vertex   2.696848e+00 8.176435e+01 1.604335e+01
      vertex   2.816018e+01 8.176435e+01 1.893601e+01
    endloop
  endfacet
  facet normal 0.000000e+00 -1.000000e+00 0.000000e+00
    outer loop
      vertex   2.816018e+01 8.176435e+01 1.893601e+01
      vertex   2.696848e+00 8.176435e+01 1.604335e+01
      vertex   2.276385e+00 8.176435e+01 1.480471e+01
    endloop
  endfacet
  facet normal 0.000000e+00 -1.000000e+00 -0.000000e+00
    outer loop
      vertex   2.816018e+01 8.176435e+01 1.893601e+01
      vertex   2.276385e+00 8.176435e+01 1.480471e+01
      vertex   2.947969e+01 8.176435e+01 1.685790e+01
    endloop
  endfacet
  facet normal 0.000000e+00 -1.000000e+00 -0.000000e+00
    outer loop
      vertex   2.947969e+01 8.176435e+01 1.685790e+01
      vertex   2.276385e+00 8.176435e+01 1.480471e+01
      vertex   3.064581e+01 8.176435e+01 1.468999e+01
    endloop
  endfacet
  facet normal -0.000000e+00 -1.000000e+00 0.000000e+00
    outer loop
      vertex   3.064581e+01 8.176435e+01 1.468999e+01
      vertex   2.276385e+00 8.176435e+01 1.480471e+01
      vertex   1.697844e+00 8.176435e+01 1.363154e+01
    endloop
  endfacet
  facet normal 0.000000e+00 -1.000000e+00 -0.000000e+00
    outer loop
      vertex   3.064581e+01 8.176435e+01 1.468999e+01
      vertex   1.697844e+00 8.176435e+01 1.363154e+01
      vertex   3.165246e+01 8.176435e+01 1.244359e+01
    endloop
  endfacet
  facet normal -0.000000e+00 -1.000000e+00 -0.000000e+00
    outer loop
      vertex   3.165246e+01 8.176435e+01 1.244359e+01
      vertex   1.697844e+00 8.176435e+01 1.363154e+01
      vertex   3.249439e+01 8.176435e+01 1.013040e+01
    endloop
  endfacet
  facet normal -0.000000e+00 -1.000000e+00 -0.000000e+00
    outer loop
      vertex   3.249439e+01 8.176435e+01 1.013040e+01
      vertex   1.697844e+00 8.176435e+01 1.363154e+01
      vertex   3.316721e+01 8.176435e+01 7.762499e+00
    endloop
  endfacet
  facet normal 0.000000e+00 -1.000000e+00 0.000000e+00
    outer loop
      vertex   3.316721e+01 8.176435e+01 7.762499e+00
      vertex   1.697844e+00 8.176435e+01 1.363154e+01
      vertex   9.711234e-01 8.176435e+01 1.254393e+01
    endloop
  endfacet
  facet normal -0.000000e+00 -1.000000e+00 -0.000000e+00
    outer loop
      vertex   3.316721e+01 8.176435e+01 7.762499e+00
      vertex   9.711234e-01 8.176435e+01 1.254393e+01
      vertex   3.366741e+01 8.176435e+01 5.352218e+00
    endloop
  endfacet
  facet normal -0.000000e+00 -1.000000e+00 -0.000000e+00
    outer loop
      vertex   3.366741e+01 8.176435e+01 5.352218e+00
      vertex   9.711234e-01 8.176435e+01 1.254393e+01
      vertex   3.399239e+01 8.176435e+01 2.912126e+00
    endloop
  endfacet
  facet normal -0.000000e+00 -1.000000e+00 -0.000000e+00
    outer loop
      vertex   3.399239e+01 8.176435e+01 2.912126e+00
      vertex   9.711234e-01 8.176435e+01 1.254393e+01
      vertex   3.414045e+01 8.176435e+01 4.549447e-01
    endloop
  endfacet
  facet normal -0.000000e+00 -1.000000e+00 0.000000e+00
    outer loop
      vertex   3.414045e+01 8.176435e+01 4.549447e-01
      vertex   9.711234e-01 8.176435e+01 1.254393e+01
      vertex   3.411082e+01 8.176435e+01 -2.006515e+00
    endloop
  endfacet
  facet normal 0.000000e+00 -1.000000e+00 0.000000e+00
    outer loop
      vertex   3.411082e+01 8.176435e+01 -2.006515e+00
      vertex   9.711234e-01 8.176435e+01 1.254393e+01
      vertex   1.086578e-01 8.176435e+01 1.156048e+01
    endloop
  endfacet
  facet normal -0.000000e+00 -1.000000e+00 0.000000e+00
    outer loop
      vertex   3.411082e+01 8.176435e+01 -2.006515e+00
      vertex   1.086578e-01 8.176435e+01 1.156048e+01
      vertex   3.390366e+01 8.176435e+01 -4.459420e+00
    endloop
  endfacet
  facet normal -0.000000e+00 -1.000000e+00 0.000000e+00
    outer loop
      vertex   3.390366e+01 8.176435e+01 -4.459420e+00
      vertex   1.086578e-01 8.176435e+01 1.156048e+01
      vertex   3.352004e+01 8.176435e+01 -6.890982e+00
    endloop
  endfacet
  facet normal -0.000000e+00 -1.000000e+00 0.000000e+00
    outer loop
      vertex   3.352004e+01 8.176435e+01 -6.890982e+00
      vertex   1.086578e-01 8.176435e+01 1.156048e+01
      vertex   3.296196e+01 8.176435e+01 -9.288524e+00
    endloop
  endfacet
  facet normal 0.000000e+00 -1.000000e+00 0.000000e+00
    outer loop
      vertex   3.296196e+01 8.176435e+01 -9.288524e+00
      vertex   1.086578e-01 8.176435e+01 1.156048e+01
      vertex   -8.747957e-01 8.176435e+01 1.069801e+01
    endloop
  endfacet
  facet normal -0.000000e+00 -1.000000e+00 0.000000e+00
    outer loop
      vertex   3.296196e+01 8.176435e+01 -9.288524e+00
      vertex   -8.747957e-01 8.176435e+01 1.069801e+01
      vertex   3.223233e+01 8.176435e+01 -1.163955e+01
    endloop
  endfacet
  facet normal -0.000000e+00 -1.000000e+00 0.000000e+00
    outer loop
      vertex   3.223233e+01 8.176435e+01 -1.163955e+01
      vertex   -8.747957e-01 8.176435e+01 1.069801e+01
      vertex   3.133497e+01 8.176435e+01 -1.393179e+01
    endloop
  endfacet
  facet normal -0.000000e+00 -1.000000e+00 0.000000e+00
    outer loop
      vertex   3.133497e+01 8.176435e+01 -1.393179e+01
      vertex   -8.747957e-01 8.176435e+01 1.069801e+01
      vertex   3.027454e+01 8.176435e+01 -1.615331e+01
    endloop
  endfacet
  facet normal -0.000000e+00 -1.000000e+00 0.000000e+00
    outer loop
      vertex   3.027454e+01 8.176435e+01 -1.615331e+01
      vertex   -8.747957e-01 8.176435e+01 1.069801e+01
      vertex   2.905657e+01 8.176435e+01 -1.829252e+01
    endloop
  endfacet
  facet normal -0.000000e+00 -1.000000e+00 0.000000e+00
    outer loop
      vertex   2.905657e+01 8.176435e+01 -1.829252e+01
      vertex   -8.747957e-01 8.176435e+01 1.069801e+01
      vertex   2.768742e+01 8.176435e+01 -2.033827e+01
    endloop
  endfacet
  facet normal 0.000000e+00 -1.000000e+00 0.000000e+00
    outer loop
      vertex   2.768742e+01 8.176435e+01 -2.033827e+01
      vertex   -8.747957e-01 8.176435e+01 1.069801e+01
      vertex   -1.962410e+00 8.176435e+01 9.971290e+00
    endloop
  endfacet
  facet normal -0.000000e+00 -1.000000e+00 0.000000e+00
    outer loop
      vertex   2.768742e+01 8.176435e+01 -2.033827e+01
      vertex   -1.962410e+00 8.176435e+01 9.971290e+00
      vertex   2.617422e+01 8.176435e+01 -2.227989e+01
    endloop
  endfacet
  facet normal -0.000000e+00 -1.000000e+00 0.000000e+00
    outer loop
      vertex   2.617422e+01 8.176435e+01 -2.227989e+01
      vertex   -1.962410e+00 8.176435e+01 9.971290e+00
      vertex   2.452486e+01 8.176435e+01 -2.410726e+01
    endloop
  endfacet
  facet normal -0.000000e+00 -1.000000e+00 0.000000e+00
    outer loop
      vertex   2.452486e+01 8.176435e+01 -2.410726e+01
      vertex   -1.962410e+00 8.176435e+01 9.971290e+00
      vertex   2.274794e+01 8.176435e+01 -2.581085e+01
    endloop
  endfacet
  facet normal -0.000000e+00 -1.000000e+00 0.000000e+00
    outer loop
      vertex   2.274794e+01 8.176435e+01 -2.581085e+01
      vertex   -1.962410e+00 8.176435e+01 9.971290e+00
      vertex   2.085273e+01 8.176435e+01 -2.738178e+01
    endloop
  endfacet
  facet normal 0.000000e+00 -1.000000e+00 0.000000e+00
    outer loop
      vertex   2.085273e+01 8.176435e+01 -2.738178e+01
      vertex   -1.962410e+00 8.176435e+01 9.971290e+00
      vertex   -3.135576e+00 8.176435e+01 9.392749e+00
    endloop
  endfacet
  facet normal -0.000000e+00 -1.000000e+00 0.000000e+00
    outer loop
      vertex   2.085273e+01 8.176435e+01 -2.738178e+01
      vertex   -3.135576e+00 8.176435e+01 9.392749e+00
      vertex   1.884910e+01 8.176435e+01 -2.881187e+01
    endloop
  endfacet
  facet normal -0.000000e+00 -1.000000e+00 0.000000e+00
    outer loop
      vertex   1.884910e+01 8.176435e+01 -2.881187e+01
      vertex   -3.135576e+00 8.176435e+01 9.392749e+00
      vertex   1.674751e+01 8.176435e+01 -3.009365e+01
    endloop
  endfacet
  facet normal -0.000000e+00 -1.000000e+00 0.000000e+00
    outer loop
      vertex   1.674751e+01 8.176435e+01 -3.009365e+01
      vertex   -3.135576e+00 8.176435e+01 9.392749e+00
      vertex   1.455890e+01 8.176435e+01 -3.122044e+01
    endloop
  endfacet
  facet normal -0.000000e+00 -1.000000e+00 0.000000e+00
    outer loop
      vertex   1.455890e+01 8.176435e+01 -3.122044e+01
      vertex   -3.135576e+00 8.176435e+01 9.392749e+00
      vertex   1.229469e+01 8.176435e+01 -3.218636e+01
    endloop
  endfacet
  facet normal -0.000000e+00 -1.000000e+00 0.000000e+00
    outer loop
      vertex   1.229469e+01 8.176435e+01 -3.218636e+01
      vertex   -3.135576e+00 8.176435e+01 9.392749e+00
      vertex   9.966684e+00 8.176435e+01 -3.298639e+01
    endloop
  endfacet
  facet normal 0.000000e+00 -1.000000e+00 0.000000e+00
    outer loop
      vertex   9.966684e+00 8.176435e+01 -3.298639e+01
      vertex   -3.135576e+00 8.176435e+01 9.392749e+00
      vertex   -4.374220e+00 8.176435e+01 8.972286e+00
    endloop
  endfacet
  facet normal -0.000000e+00 -1.000000e+00 0.000000e+00
    outer loop
      vertex   9.966684e+00 8.176435e+01 -3.298639e+01
      vertex   -4.374220e+00 8.176435e+01 8.972286e+00
      vertex   7.587018e+00 8.176435e+01 -3.361635e+01
    endloop
  endfacet
  facet normal -0.000000e+00 -1.000000e+00 0.000000e+00
    outer loop
      vertex   7.587018e+00 8.176435e+01 -3.361635e+01
      vertex   -4.374220e+00 8.176435e+01 8.972286e+00
      vertex   5.168099e+00 8.176435e+01 -3.407296e+01
    endloop
  endfacet
  facet normal -0.000000e+00 -1.000000e+00 0.000000e+00
    outer loop
      vertex   5.168099e+00 8.176435e+01 -3.407296e+01
      vertex   -4.374220e+00 8.176435e+01 8.972286e+00
      vertex   2.722537e+00 8.176435e+01 -3.435384e+01
    endloop
  endfacet
  facet normal -0.000000e+00 -1.000000e+00 0.000000e+00
    outer loop
      vertex   2.722537e+00 8.176435e+01 -3.435384e+01
      vertex   -4.374220e+00 8.176435e+01 8.972286e+00
      vertex   2.630836e-01 8.176435e+01 -3.445751e+01
    endloop
  endfacet
  facet normal 0.000000e+00 -1.000000e+00 0.000000e+00
    outer loop
      vertex   2.630836e-01 8.176435e+01 -3.445751e+01
      vertex   -4.374220e+00 8.176435e+01 8.972286e+00
      vertex   -2.197440e+00 8.176435e+01 -3.438345e+01
    endloop
  endfacet
  facet normal 0.000000e+00 -1.000000e+00 0.000000e+00
    outer loop
      vertex   -2.197440e+00 8.176435e+01 -3.438345e+01
      vertex   -4.374220e+00 8.176435e+01 8.972286e+00
      vertex   -5.657148e+00 8.176435e+01 8.717096e+00
    endloop
  endfacet
  facet normal 0.000000e+00 -1.000000e+00 0.000000e+00
    outer loop
      vertex   -2.197440e+00 8.176435e+01 -3.438345e+01
      vertex   -5.657148e+00 8.176435e+01 8.717096e+00
      vertex   -4.646205e+00 8.176435e+01 -3.413203e+01
    endloop
  endfacet
  facet normal 0.000000e+00 -1.000000e+00 0.000000e+00
    outer loop
      vertex   -4.646205e+00 8.176435e+01 -3.413203e+01
      vertex   -5.657148e+00 8.176435e+01 8.717096e+00
      vertex   -7.070445e+00 8.176435e+01 -3.370457e+01
    endloop
  endfacet
  facet normal 0.000000e+00 -1.000000e+00 0.000000e+00
    outer loop
      vertex   -7.070445e+00 8.176435e+01 -3.370457e+01
      vertex   -5.657148e+00 8.176435e+01 8.717096e+00
      vertex   -9.457521e+00 8.176435e+01 -3.310330e+01
    endloop
  endfacet
  facet normal 0.000000e+00 -1.000000e+00 0.000000e+00
    outer loop
      vertex   -9.457521e+00 8.176435e+01 -3.310330e+01
      vertex   -5.657148e+00 8.176435e+01 8.717096e+00
      vertex   -1.179499e+01 8.176435e+01 -3.233135e+01
    endloop
  endfacet
  facet normal 0.000000e+00 -1.000000e+00 0.000000e+00
    outer loop
      vertex   -1.179499e+01 8.176435e+01 -3.233135e+01
      vertex   -5.657148e+00 8.176435e+01 8.717096e+00
      vertex   -1.407066e+01 8.176435e+01 -3.139274e+01
    endloop
  endfacet
  facet normal 0.000000e+00 -1.000000e+00 0.000000e+00
    outer loop
      vertex   -1.407066e+01 8.176435e+01 -3.139274e+01
      vertex   -5.657148e+00 8.176435e+01 8.717096e+00
      vertex   -6.962410e+00 8.176435e+01 8.631544e+00
    endloop
  endfacet
  facet normal 0.000000e+00 -1.000000e+00 0.000000e+00
    outer loop
      vertex   -1.407066e+01 8.176435e+01 -3.139274e+01
      vertex   -6.962410e+00 8.176435e+01 8.631544e+00
      vertex   -1.627267e+01 8.176435e+01 -3.029238e+01
    endloop
  endfacet
  facet normal 0.000000e+00 -1.000000e+00 0.000000e+00
    outer loop
      vertex   -1.627267e+01 8.176435e+01 -3.029238e+01
      vertex   -6.962410e+00 8.176435e+01 8.631544e+00
      vertex   -1.838954e+01 8.176435e+01 -2.903599e+01
    endloop
  endfacet
  facet normal 0.000000e+00 -1.000000e+00 0.000000e+00
    outer loop
      vertex   -3.197850e+01 8.176435e+01 -1.202600e+01
      vertex   -3.105361e+01 8.176435e+01 -1.430728e+01
      vertex   -1.078924e+01 8.176435e+01 9.392749e+00
    endloop
  endfacet
  facet normal 0.000000e+00 -1.000000e+00 0.000000e+00
    outer loop
      vertex   -2.872289e+01 8.176435e+01 -1.864027e+01
      vertex   -2.732921e+01 8.176435e+01 -2.066938e+01
      vertex   -9.550600e+00 8.176435e+01 8.972286e+00
    endloop
  endfacet
  facet normal 0.000000e+00 -1.000000e+00 0.000000e+00
    outer loop
      vertex   -2.412152e+01 8.176435e+01 -2.440004e+01
      vertex   -2.232422e+01 8.176435e+01 -2.608212e+01
      vertex   -8.267672e+00 8.176435e+01 8.717096e+00
    endloop
  endfacet
  facet normal 1.226545e-01 9.914449e-01 4.464259e-02
    outer loop
      vertex   7.389862e+00 1.012644e+02 1.980646e+01
      vertex   6.648766e+00 1.012644e+02 2.184260e+01
      vertex   7.633072e+00 1.012303e+02 1.989498e+01
    endloop
  endfacet
  facet normal 1.226545e-01 9.914449e-01 4.464259e-02
    outer loop
      vertex   7.633072e+00 1.012303e+02 1.989498e+01
      vertex   6.648766e+00 1.012644e+02 2.184260e+01
      vertex   6.891976e+00 1.012303e+02 2.193112e+01
    endloop
  endfacet
  facet normal 3.596048e-01 9.238795e-01 1.308854e-01
    outer loop
      vertex   7.633072e+00 1.012303e+02 1.989498e+01
      vertex   6.891976e+00 1.012303e+02 2.193112e+01
      vertex   7.859708e+00 1.011304e+02 1.997747e+01
    endloop
  endfacet
  facet normal 3.596048e-01 9.238795e-01 1.308854e-01
    outer loop
      vertex   7.859708e+00 1.011304e+02 1.997747e+01
      vertex   6.891976e+00 1.012303e+02 2.193112e+01
      vertex   7.118612e+00 1.011304e+02 2.201361e+01
    endloop
  endfacet
  facet normal 5.720486e-01 7.933533e-01 2.082087e-01
    outer loop
      vertex   7.859708e+00 1.011304e+02 1.997747e+01
      vertex   7.118612e+00 1.011304e+02 2.201361e+01
      vertex   8.054325e+00 1.009715e+02 2.004830e+01
    endloop
  endfacet
  facet normal 5.720486e-01 7.933533e-01 2.082087e-01
    outer loop
      vertex   8.054325e+00 1.009715e+02 2.004830e+01
      vertex   7.118612e+00 1.011304e+02 2.201361e+01
      vertex   7.313229e+00 1.009715e+02 2.208445e+01
    endloop
  endfacet
  facet normal 7.455083e-01 6.087614e-01 2.713428e-01
    outer loop
      vertex   8.054325e+00 1.009715e+02 2.004830e+01
      vertex   7.313229e+00 1.009715e+02 2.208445e+01
      vertex   8.203659e+00 1.007644e+02 2.010266e+01
    endloop
  endfacet
  facet normal 7.455083e-01 6.087614e-01 2.713428e-01
    outer loop
      vertex   8.203659e+00 1.007644e+02 2.010266e+01
      vertex   7.313229e+00 1.009715e+02 2.208445e+01
      vertex   7.462563e+00 1.007644e+02 2.213880e+01
    endloop
  endfacet
  facet normal 8.681628e-01 3.826834e-01 3.159854e-01
    outer loop
      vertex   8.203659e+00 1.007644e+02 2.010266e+01
      vertex   7.462563e+00 1.007644e+02 2.213880e+01
      vertex   8.297535e+00 1.005232e+02 2.013682e+01
    endloop
  endfacet
  facet normal 8.681628e-01 3.826834e-01 3.159854e-01
    outer loop
      vertex   8.297535e+00 1.005232e+02 2.013682e+01
      vertex   7.462563e+00 1.007644e+02 2.213880e+01
      vertex   7.556439e+00 1.005232e+02 2.217297e+01
    endloop
  endfacet
  facet normal 9.316534e-01 1.305262e-01 3.390941e-01
    outer loop
      vertex   8.297535e+00 1.005232e+02 2.013682e+01
      vertex   7.556439e+00 1.005232e+02 2.217297e+01
      vertex   8.329554e+00 1.002644e+02 2.014848e+01
    endloop
  endfacet
  facet normal 9.316534e-01 1.305262e-01 3.390941e-01
    outer loop
      vertex   8.329554e+00 1.002644e+02 2.014848e+01
      vertex   7.556439e+00 1.005232e+02 2.217297e+01
      vertex   7.588458e+00 1.002644e+02 2.218462e+01
    endloop
  endfacet
  facet normal 4.858187e-02 6.097292e-02 9.969564e-01
    outer loop
      vertex   1.908397e+00 1.002644e+02 2.333648e+01
      vertex   3.558489e+00 1.002644e+02 2.325608e+01
      vertex   1.921752e+00 1.003918e+02 2.332804e+01
    endloop
  endfacet
  facet normal 5.369093e-02 1.304955e-01 9.899940e-01
    outer loop
      vertex   1.921752e+00 1.003918e+02 2.332804e+01
      vertex   3.558489e+00 1.002644e+02 2.325608e+01
      vertex   3.555900e+00 1.005232e+02 2.322210e+01
    endloop
  endfacet
  facet normal 4.921842e-02 1.800422e-01 9.824268e-01
    outer loop
      vertex   1.921752e+00 1.003918e+02 2.332804e+01
      vertex   3.555900e+00 1.005232e+02 2.322210e+01
      vertex   1.959705e+00 1.005130e+02 2.330393e+01
    endloop
  endfacet
  facet normal 4.709560e-02 2.928076e-01 9.550109e-01
    outer loop
      vertex   1.959705e+00 1.005130e+02 2.330393e+01
      vertex   3.555900e+00 1.005232e+02 2.322210e+01
      vertex   2.017120e+00 1.006236e+02 2.326720e+01
    endloop
  endfacet
  facet normal 5.200100e-02 3.826199e-01 9.224413e-01
    outer loop
      vertex   2.017120e+00 1.006236e+02 2.326720e+01
      vertex   3.555900e+00 1.005232e+02 2.322210e+01
      vertex   3.548310e+00 1.007644e+02 2.312249e+01
    endloop
  endfacet
  facet normal 5.068216e-02 3.926829e-01 9.182764e-01
    outer loop
      vertex   2.017120e+00 1.006236e+02 2.326720e+01
      vertex   3.548310e+00 1.007644e+02 2.312249e+01
      vertex   2.088623e+00 1.007223e+02 2.322102e+01
    endloop
  endfacet
  facet normal 4.181321e-02 5.314469e-01 8.460590e-01
    outer loop
      vertex   2.088623e+00 1.007223e+02 2.322102e+01
      vertex   3.548310e+00 1.007644e+02 2.312249e+01
      vertex   2.259911e+00 1.008881e+02 2.310841e+01
    endloop
  endfacet
  facet normal 4.983098e-02 6.087281e-01 7.918125e-01
    outer loop
      vertex   2.259911e+00 1.008881e+02 2.310841e+01
      vertex   3.548310e+00 1.007644e+02 2.312249e+01
      vertex   3.536237e+00 1.009715e+02 2.296403e+01
    endloop
  endfacet
  facet normal 3.805238e-02 6.822567e-01 7.301218e-01
    outer loop
      vertex   2.259911e+00 1.008881e+02 2.310841e+01
      vertex   3.536237e+00 1.009715e+02 2.296403e+01
      vertex   2.454445e+00 1.010178e+02 2.297706e+01
    endloop
  endfacet
  facet normal 4.133716e-02 7.933437e-01 6.073689e-01
    outer loop
      vertex   2.454445e+00 1.010178e+02 2.297706e+01
      vertex   3.536237e+00 1.009715e+02 2.296403e+01
      vertex   3.520503e+00 1.011304e+02 2.275752e+01
    endloop
  endfacet
  facet normal 1.076637e-02 8.676722e-01 4.970201e-01
    outer loop
      vertex   2.454445e+00 1.010178e+02 2.297706e+01
      vertex   3.520503e+00 1.011304e+02 2.275752e+01
      vertex   2.920342e+00 1.012010e+02 2.264732e+01
    endloop
  endfacet
  facet normal 3.870677e-02 9.238364e-01 3.808255e-01
    outer loop
      vertex   2.920342e+00 1.012010e+02 2.264732e+01
      vertex   3.520503e+00 1.011304e+02 2.275752e+01
      vertex   3.502180e+00 1.012303e+02 2.251704e+01
    endloop
  endfacet
  facet normal -1.824247e-02 9.897937e-01 1.413351e-01
    outer loop
      vertex   2.920342e+00 1.012010e+02 2.264732e+01
      vertex   3.502180e+00 1.012303e+02 2.251704e+01
      vertex   3.421320e+00 1.012643e+02 2.226804e+01
    endloop
  endfacet
  facet normal 1.274278e-02 9.912382e-01 1.314704e-01
    outer loop
      vertex   3.421320e+00 1.012643e+02 2.226804e+01
      vertex   3.502180e+00 1.012303e+02 2.251704e+01
      vertex   4.506299e+00 1.012644e+02 2.216281e+01
    endloop
  endfacet
  facet normal 2.127148e-04 9.999974e-01 2.287857e-03
    outer loop
      vertex   3.421320e+00 1.012643e+02 2.226804e+01
      vertex   4.506299e+00 1.012644e+02 2.216281e+01
      vertex   3.427633e+00 1.012644e+02 2.226310e+01
    endloop
  endfacet
  facet normal 1.023308e-01 1.304782e-01 9.861561e-01
    outer loop
      vertex   3.555900e+00 1.005232e+02 2.322210e+01
      vertex   3.558489e+00 1.002644e+02 2.325608e+01
      vertex   5.197273e+00 1.005232e+02 2.305178e+01
    endloop
  endfacet
  facet normal 1.023308e-01 1.304782e-01 9.861561e-01
    outer loop
      vertex   5.197273e+00 1.005232e+02 2.305178e+01
      vertex   3.558489e+00 1.002644e+02 2.325608e+01
      vertex   5.201715e+00 1.002644e+02 2.308556e+01
    endloop
  endfacet
  facet normal 1.560991e-01 1.304782e-01 9.790856e-01
    outer loop
      vertex   5.197273e+00 1.005232e+02 2.305178e+01
      vertex   5.201715e+00 1.002644e+02 2.308556e+01
      vertex   6.826877e+00 1.005232e+02 2.279197e+01
    endloop
  endfacet
  facet normal 1.560991e-01 1.304782e-01 9.790856e-01
    outer loop
      vertex   6.826877e+00 1.005232e+02 2.279197e+01
      vertex   5.201715e+00 1.002644e+02 2.308556e+01
      vertex   6.833160e+00 1.002644e+02 2.282546e+01
    endloop
  endfacet
  facet normal 1.454682e-01 3.825612e-01 9.124067e-01
    outer loop
      vertex   6.826877e+00 1.005232e+02 2.279197e+01
      vertex   6.808456e+00 1.007644e+02 2.269378e+01
      vertex   5.197273e+00 1.005232e+02 2.305178e+01
    endloop
  endfacet
  facet normal 1.454682e-01 3.825612e-01 9.124067e-01
    outer loop
      vertex   5.197273e+00 1.005232e+02 2.305178e+01
      vertex   6.808456e+00 1.007644e+02 2.269378e+01
      vertex   5.184248e+00 1.007644e+02 2.295273e+01
    endloop
  endfacet
  facet normal 9.536172e-02 3.825612e-01 9.189957e-01
    outer loop
      vertex   5.197273e+00 1.005232e+02 2.305178e+01
      vertex   5.184248e+00 1.007644e+02 2.295273e+01
      vertex   3.555900e+00 1.005232e+02 2.322210e+01
    endloop
  endfacet
  facet normal 9.536172e-02 3.825612e-01 9.189957e-01
    outer loop
      vertex   3.555900e+00 1.005232e+02 2.322210e+01
      vertex   5.184248e+00 1.007644e+02 2.295273e+01
      vertex   3.548310e+00 1.007644e+02 2.312249e+01
    endloop
  endfacet
  facet normal 1.249269e-01 6.086181e-01 7.835671e-01
    outer loop
      vertex   6.808456e+00 1.007644e+02 2.269378e+01
      vertex   6.779152e+00 1.009715e+02 2.253758e+01
      vertex   5.184248e+00 1.007644e+02 2.295273e+01
    endloop
  endfacet
  facet normal 1.249269e-01 6.086181e-01 7.835671e-01
    outer loop
      vertex   5.184248e+00 1.007644e+02 2.295273e+01
      vertex   6.779152e+00 1.009715e+02 2.253758e+01
      vertex   5.163528e+00 1.009715e+02 2.279517e+01
    endloop
  endfacet
  facet normal 8.189583e-02 6.086181e-01 7.892256e-01
    outer loop
      vertex   5.184248e+00 1.007644e+02 2.295273e+01
      vertex   5.163528e+00 1.009715e+02 2.279517e+01
      vertex   3.548310e+00 1.007644e+02 2.312249e+01
    endloop
  endfacet
  facet normal 8.189583e-02 6.086181e-01 7.892256e-01
    outer loop
      vertex   3.548310e+00 1.007644e+02 2.312249e+01
      vertex   5.163528e+00 1.009715e+02 2.279517e+01
      vertex   3.536237e+00 1.009715e+02 2.296403e+01
    endloop
  endfacet
  facet normal 9.586903e-02 7.932433e-01 6.013104e-01
    outer loop
      vertex   6.779152e+00 1.009715e+02 2.253758e+01
      vertex   6.740963e+00 1.011304e+02 2.233403e+01
      vertex   5.163528e+00 1.009715e+02 2.279517e+01
    endloop
  endfacet
  facet normal 9.586903e-02 7.932433e-01 6.013104e-01
    outer loop
      vertex   5.163528e+00 1.009715e+02 2.279517e+01
      vertex   6.740963e+00 1.011304e+02 2.233403e+01
      vertex   5.136526e+00 1.011304e+02 2.258983e+01
    endloop
  endfacet
  facet normal 6.284697e-02 7.932433e-01 6.056528e-01
    outer loop
      vertex   5.163528e+00 1.009715e+02 2.279517e+01
      vertex   5.136526e+00 1.011304e+02 2.258983e+01
      vertex   3.536237e+00 1.009715e+02 2.296403e+01
    endloop
  endfacet
  facet normal 6.284697e-02 7.932433e-01 6.056528e-01
    outer loop
      vertex   3.536237e+00 1.009715e+02 2.296403e+01
      vertex   5.136526e+00 1.011304e+02 2.258983e+01
      vertex   3.520503e+00 1.011304e+02 2.275752e+01
    endloop
  endfacet
  facet normal 6.027085e-02 9.238289e-01 3.780312e-01
    outer loop
      vertex   6.740963e+00 1.011304e+02 2.233403e+01
      vertex   6.696490e+00 1.012303e+02 2.209698e+01
      vertex   5.136526e+00 1.011304e+02 2.258983e+01
    endloop
  endfacet
  facet normal 6.027085e-02 9.238289e-01 3.780312e-01
    outer loop
      vertex   5.136526e+00 1.011304e+02 2.258983e+01
      vertex   6.696490e+00 1.012303e+02 2.209698e+01
      vertex   5.105082e+00 1.012303e+02 2.235071e+01
    endloop
  endfacet
  facet normal 3.951057e-02 9.238289e-01 3.807612e-01
    outer loop
      vertex   5.136526e+00 1.011304e+02 2.258983e+01
      vertex   5.105082e+00 1.012303e+02 2.235071e+01
      vertex   3.520503e+00 1.011304e+02 2.275752e+01
    endloop
  endfacet
  facet normal 3.951057e-02 9.238289e-01 3.807612e-01
    outer loop
      vertex   3.520503e+00 1.011304e+02 2.275752e+01
      vertex   5.105082e+00 1.012303e+02 2.235071e+01
      vertex   3.502180e+00 1.012303e+02 2.251704e+01
    endloop
  endfacet
  facet normal 2.168831e-02 9.914420e-01 1.287341e-01
    outer loop
      vertex   6.648766e+00 1.012644e+02 2.184260e+01
      vertex   5.580502e+00 1.012644e+02 2.202258e+01
      vertex   6.696490e+00 1.012303e+02 2.209698e+01
    endloop
  endfacet
  facet normal 2.133089e-02 9.907799e-01 1.337917e-01
    outer loop
      vertex   6.696490e+00 1.012303e+02 2.209698e+01
      vertex   5.580502e+00 1.012644e+02 2.202258e+01
      vertex   5.105082e+00 1.012303e+02 2.235071e+01
    endloop
  endfacet
  facet normal 1.658019e-02 9.917628e-01 1.270106e-01
    outer loop
      vertex   5.580502e+00 1.012644e+02 2.202258e+01
      vertex   4.506299e+00 1.012644e+02 2.216281e+01
      vertex   5.105082e+00 1.012303e+02 2.235071e+01
    endloop
  endfacet
  facet normal 1.401021e-02 9.907444e-01 1.350156e-01
    outer loop
      vertex   5.105082e+00 1.012303e+02 2.235071e+01
      vertex   4.506299e+00 1.012644e+02 2.216281e+01
      vertex   3.502180e+00 1.012303e+02 2.251704e+01
    endloop
  endfacet
  facet normal -9.109407e-01 4.043745e-01 -8.165939e-02
    outer loop
      vertex   3.000200e+00 1.005813e+02 1.949549e+01
      vertex   2.911247e+00 1.005265e+02 2.021613e+01
      vertex   3.064921e+00 1.007402e+02 1.956021e+01
    endloop
  endfacet
  facet normal -9.589052e-01 2.437340e-01 -1.452400e-01
    outer loop
      vertex   3.064921e+00 1.007402e+02 1.956021e+01
      vertex   2.911247e+00 1.005265e+02 2.021613e+01
      vertex   2.868448e+00 1.005232e+02 2.049319e+01
    endloop
  endfacet
  facet normal -9.181337e-01 3.822619e-01 -1.044331e-01
    outer loop
      vertex   3.064921e+00 1.007402e+02 1.956021e+01
      vertex   2.868448e+00 1.005232e+02 2.049319e+01
      vertex   2.967007e+00 1.007644e+02 2.050951e+01
    endloop
  endfacet
  facet normal -9.029369e-01 3.822732e-01 -1.963981e-01
    outer loop
      vertex   2.967007e+00 1.007644e+02 2.050951e+01
      vertex   2.868448e+00 1.005232e+02 2.049319e+01
      vertex   2.751205e+00 1.007644e+02 2.150166e+01
    endloop
  endfacet
  facet normal -7.755877e-01 6.082800e-01 -1.686984e-01
    outer loop
      vertex   2.967007e+00 1.007644e+02 2.050951e+01
      vertex   2.751205e+00 1.007644e+02 2.150166e+01
      vertex   2.904606e+00 1.009715e+02 2.154317e+01
    endloop
  endfacet
  facet normal -7.548419e-01 6.082823e-01 -2.453699e-01
    outer loop
      vertex   2.904606e+00 1.009715e+02 2.154317e+01
      vertex   2.751205e+00 1.007644e+02 2.150166e+01
      vertex   2.586571e+00 1.009715e+02 2.252155e+01
    endloop
  endfacet
  facet normal -5.793234e-01 7.930458e-01 -1.883156e-01
    outer loop
      vertex   2.904606e+00 1.009715e+02 2.154317e+01
      vertex   2.586571e+00 1.009715e+02 2.252155e+01
      vertex   2.780390e+00 1.011304e+02 2.259455e+01
    endloop
  endfacet
  facet normal -5.587475e-01 7.929911e-01 -2.428300e-01
    outer loop
      vertex   2.780390e+00 1.011304e+02 2.259455e+01
      vertex   2.586571e+00 1.009715e+02 2.252155e+01
      vertex   2.454445e+00 1.010178e+02 2.297706e+01
    endloop
  endfacet
  facet normal -4.202787e-01 9.026602e-01 -9.257599e-02
    outer loop
      vertex   2.780390e+00 1.011304e+02 2.259455e+01
      vertex   2.454445e+00 1.010178e+02 2.297706e+01
      vertex   2.920342e+00 1.012010e+02 2.264732e+01
    endloop
  endfacet
  facet normal -9.091082e-01 3.938131e-01 -1.357700e-01
    outer loop
      vertex   2.911247e+00 1.005265e+02 2.021613e+01
      vertex   2.795604e+00 1.004672e+02 2.081846e+01
      vertex   2.868448e+00 1.005232e+02 2.049319e+01
    endloop
  endfacet
  facet normal -9.532368e-01 2.495375e-01 -1.705013e-01
    outer loop
      vertex   2.868448e+00 1.005232e+02 2.049319e+01
      vertex   2.795604e+00 1.004672e+02 2.081846e+01
      vertex   2.751205e+00 1.007644e+02 2.150166e+01
    endloop
  endfacet
  facet normal -8.961651e-01 3.826267e-01 -2.246886e-01
    outer loop
      vertex   2.751205e+00 1.007644e+02 2.150166e+01
      vertex   2.795604e+00 1.004672e+02 2.081846e+01
      vertex   2.654773e+00 1.005232e+02 2.147556e+01
    endloop
  endfacet
  facet normal -9.639348e-01 1.505975e-01 -2.194314e-01
    outer loop
      vertex   2.654773e+00 1.005232e+02 2.147556e+01
      vertex   2.795604e+00 1.004672e+02 2.081846e+01
      vertex   2.681745e+00 1.004043e+02 2.127548e+01
    endloop
  endfacet
  facet normal -9.542346e-01 1.823806e-01 -2.370097e-01
    outer loop
      vertex   2.654773e+00 1.005232e+02 2.147556e+01
      vertex   2.681745e+00 1.004043e+02 2.127548e+01
      vertex   2.617836e+00 1.003587e+02 2.149769e+01
    endloop
  endfacet
  facet normal -9.555082e-01 1.834818e-01 -2.309513e-01
    outer loop
      vertex   2.617836e+00 1.003587e+02 2.149769e+01
      vertex   2.581115e+00 1.003193e+02 2.161837e+01
      vertex   2.654773e+00 1.005232e+02 2.147556e+01
    endloop
  endfacet
  facet normal -9.434125e-01 1.260022e-01 -3.067512e-01
    outer loop
      vertex   2.654773e+00 1.005232e+02 2.147556e+01
      vertex   2.581115e+00 1.003193e+02 2.161837e+01
      vertex   2.344158e+00 1.005232e+02 2.243086e+01
    endloop
  endfacet
  facet normal -8.787105e-01 3.824078e-01 -2.857133e-01
    outer loop
      vertex   2.654773e+00 1.005232e+02 2.147556e+01
      vertex   2.344158e+00 1.005232e+02 2.243086e+01
      vertex   2.437789e+00 1.007644e+02 2.246570e+01
    endloop
  endfacet
  facet normal -8.467119e-01 3.821842e-01 -3.701542e-01
    outer loop
      vertex   2.437789e+00 1.007644e+02 2.246570e+01
      vertex   2.344158e+00 1.005232e+02 2.243086e+01
      vertex   2.088623e+00 1.007223e+02 2.322102e+01
    endloop
  endfacet
  facet normal -7.590744e-01 5.672964e-01 -3.193445e-01
    outer loop
      vertex   2.437789e+00 1.007644e+02 2.246570e+01
      vertex   2.088623e+00 1.007223e+02 2.322102e+01
      vertex   2.259911e+00 1.008881e+02 2.310841e+01
    endloop
  endfacet
  facet normal -9.577365e-01 2.782200e-02 -2.862982e-01
    outer loop
      vertex   2.581115e+00 1.003193e+02 2.161837e+01
      vertex   2.567885e+00 1.002956e+02 2.166032e+01
      vertex   2.344158e+00 1.005232e+02 2.243086e+01
    endloop
  endfacet
  facet normal -9.582608e-01 2.284705e-02 -2.849810e-01
    outer loop
      vertex   2.344158e+00 1.005232e+02 2.243086e+01
      vertex   2.567885e+00 1.002956e+02 2.166032e+01
      vertex   2.565542e+00 1.002892e+02 2.166768e+01
    endloop
  endfacet
  facet normal -9.586596e-01 1.900914e-02 -2.839198e-01
    outer loop
      vertex   2.344158e+00 1.005232e+02 2.243086e+01
      vertex   2.565542e+00 1.002892e+02 2.166768e+01
      vertex   2.563560e+00 1.002820e+02 2.167390e+01
    endloop
  endfacet
  facet normal -9.465157e-01 1.008751e-01 -3.064838e-01
    outer loop
      vertex   2.344158e+00 1.005232e+02 2.243086e+01
      vertex   2.563560e+00 1.002820e+02 2.167390e+01
      vertex   2.376772e+00 1.002644e+02 2.224495e+01
    endloop
  endfacet
  facet normal -9.503940e-01 -4.696406e-03 -3.110132e-01
    outer loop
      vertex   2.376772e+00 1.002644e+02 2.224495e+01
      vertex   2.563560e+00 1.002820e+02 2.167390e+01
      vertex   2.562738e+00 1.002780e+02 2.167647e+01
    endloop
  endfacet
  facet normal -9.504091e-01 -3.306665e-03 -3.109849e-01
    outer loop
      vertex   2.376772e+00 1.002644e+02 2.224495e+01
      vertex   2.562738e+00 1.002780e+02 2.167647e+01
      vertex   2.562094e+00 1.002737e+02 2.167848e+01
    endloop
  endfacet
  facet normal -9.504189e-01 -1.969602e-03 -3.109662e-01
    outer loop
      vertex   2.562094e+00 1.002737e+02 2.167848e+01
      vertex   2.561676e+00 1.002691e+02 2.167979e+01
      vertex   2.376772e+00 1.002644e+02 2.224495e+01
    endloop
  endfacet
  facet normal -9.504239e-01 -6.546495e-04 -3.109567e-01
    outer loop
      vertex   2.376772e+00 1.002644e+02 2.224495e+01
      vertex   2.561676e+00 1.002691e+02 2.167979e+01
      vertex   2.561528e+00 1.002644e+02 2.168025e+01
    endloop
  endfacet
  facet normal -9.204825e-01 1.447429e-01 -3.629895e-01
    outer loop
      vertex   2.376772e+00 1.002644e+02 2.224495e+01
      vertex   2.158805e+00 1.002644e+02 2.279768e+01
      vertex   2.344158e+00 1.005232e+02 2.243086e+01
    endloop
  endfacet
  facet normal -9.122224e-01 8.538108e-02 -4.006998e-01
    outer loop
      vertex   2.344158e+00 1.005232e+02 2.243086e+01
      vertex   2.158805e+00 1.002644e+02 2.279768e+01
      vertex   1.959705e+00 1.005130e+02 2.330393e+01
    endloop
  endfacet
  facet normal -8.670004e-01 3.246903e-01 -3.780033e-01
    outer loop
      vertex   2.344158e+00 1.005232e+02 2.243086e+01
      vertex   1.959705e+00 1.005130e+02 2.330393e+01
      vertex   2.017120e+00 1.006236e+02 2.326720e+01
    endloop
  endfacet
  facet normal -9.048171e-01 6.691949e-02 -4.205089e-01
    outer loop
      vertex   1.908397e+00 1.002644e+02 2.333648e+01
      vertex   1.921752e+00 1.003918e+02 2.332804e+01
      vertex   2.158805e+00 1.002644e+02 2.279768e+01
    endloop
  endfacet
  facet normal -8.790102e-01 1.881429e-01 -4.381134e-01
    outer loop
      vertex   2.158805e+00 1.002644e+02 2.279768e+01
      vertex   1.921752e+00 1.003918e+02 2.332804e+01
      vertex   1.959705e+00 1.005130e+02 2.330393e+01
    endloop
  endfacet
  facet normal -8.255403e-01 4.229815e-01 -3.735906e-01
    outer loop
      vertex   2.017120e+00 1.006236e+02 2.326720e+01
      vertex   2.088623e+00 1.007223e+02 2.322102e+01
      vertex   2.344158e+00 1.005232e+02 2.243086e+01
    endloop
  endfacet
  facet normal -7.271216e-01 6.082162e-01 -3.183823e-01
    outer loop
      vertex   2.437789e+00 1.007644e+02 2.246570e+01
      vertex   2.259911e+00 1.008881e+02 2.310841e+01
      vertex   2.586571e+00 1.009715e+02 2.252155e+01
    endloop
  endfacet
  facet normal -6.514401e-01 7.122139e-01 -2.614902e-01
    outer loop
      vertex   2.586571e+00 1.009715e+02 2.252155e+01
      vertex   2.259911e+00 1.008881e+02 2.310841e+01
      vertex   2.454445e+00 1.010178e+02 2.297706e+01
    endloop
  endfacet
  facet normal -1.511139e-01 9.879146e-01 -3.448693e-02
    outer loop
      vertex   3.421320e+00 1.012643e+02 2.226804e+01
      vertex   3.337328e+00 1.012303e+02 2.166027e+01
      vertex   2.920342e+00 1.012010e+02 2.264732e+01
    endloop
  endfacet
  facet normal -3.623125e-01 9.235523e-01 -1.256221e-01
    outer loop
      vertex   2.920342e+00 1.012010e+02 2.264732e+01
      vertex   3.337328e+00 1.012303e+02 2.166027e+01
      vertex   3.104521e+00 1.011304e+02 2.159727e+01
    endloop
  endfacet
  facet normal -4.061859e-01 9.042038e-01 -1.320172e-01
    outer loop
      vertex   2.920342e+00 1.012010e+02 2.264732e+01
      vertex   3.104521e+00 1.011304e+02 2.159727e+01
      vertex   2.780390e+00 1.011304e+02 2.259455e+01
    endloop
  endfacet
  facet normal -5.794049e-01 7.929861e-01 -1.883162e-01
    outer loop
      vertex   2.780390e+00 1.011304e+02 2.259455e+01
      vertex   3.104521e+00 1.011304e+02 2.159727e+01
      vertex   2.904606e+00 1.009715e+02 2.154317e+01
    endloop
  endfacet
  facet normal -2.052938e-03 9.999977e-01 -6.030332e-04
    outer loop
      vertex   3.427633e+00 1.012644e+02 2.226310e+01
      vertex   3.609665e+00 1.012644e+02 2.164340e+01
      vertex   3.421320e+00 1.012643e+02 2.226804e+01
    endloop
  endfacet
  facet normal -1.263838e-01 9.912498e-01 -3.809152e-02
    outer loop
      vertex   3.421320e+00 1.012643e+02 2.226804e+01
      vertex   3.609665e+00 1.012644e+02 2.164340e+01
      vertex   3.337328e+00 1.012303e+02 2.166027e+01
    endloop
  endfacet
  facet normal -1.258711e-01 9.916206e-01 -2.907124e-02
    outer loop
      vertex   3.609665e+00 1.012644e+02 2.164340e+01
      vertex   3.755011e+00 1.012644e+02 2.101408e+01
      vertex   3.337328e+00 1.012303e+02 2.166027e+01
    endloop
  endfacet
  facet normal -1.219919e-01 9.921763e-01 -2.653450e-02
    outer loop
      vertex   3.337328e+00 1.012303e+02 2.166027e+01
      vertex   3.755011e+00 1.012644e+02 2.101408e+01
      vertex   3.566060e+00 1.012303e+02 2.060868e+01
    endloop
  endfacet
  facet normal -3.743411e-01 9.237094e-01 -8.142308e-02
    outer loop
      vertex   3.337328e+00 1.012303e+02 2.166027e+01
      vertex   3.566060e+00 1.012303e+02 2.060868e+01
      vertex   3.328118e+00 1.011304e+02 2.056929e+01
    endloop
  endfacet
  facet normal -3.802145e-01 9.237512e-01 -4.605022e-02
    outer loop
      vertex   3.328118e+00 1.011304e+02 2.056929e+01
      vertex   3.566060e+00 1.012303e+02 2.060868e+01
      vertex   3.603938e+00 1.012209e+02 2.010822e+01
    endloop
  endfacet
  facet normal -4.100695e-01 9.096130e-01 -6.668649e-02
    outer loop
      vertex   3.328118e+00 1.011304e+02 2.056929e+01
      vertex   3.603938e+00 1.012209e+02 2.010822e+01
      vertex   3.361259e+00 1.010933e+02 1.985952e+01
    endloop
  endfacet
  facet normal -2.154367e-03 9.999976e-01 -3.659436e-04
    outer loop
      vertex   3.863172e+00 1.012644e+02 2.037732e+01
      vertex   3.859233e+00 1.012643e+02 2.037320e+01
      vertex   3.755011e+00 1.012644e+02 2.101408e+01
    endloop
  endfacet
  facet normal -1.324539e-01 9.909548e-01 -2.155564e-02
    outer loop
      vertex   3.755011e+00 1.012644e+02 2.101408e+01
      vertex   3.859233e+00 1.012643e+02 2.037320e+01
      vertex   3.566060e+00 1.012303e+02 2.060868e+01
    endloop
  endfacet
  facet normal -1.383013e-01 9.899662e-01 -2.897878e-02
    outer loop
      vertex   3.859233e+00 1.012643e+02 2.037320e+01
      vertex   3.603938e+00 1.012209e+02 2.010822e+01
      vertex   3.566060e+00 1.012303e+02 2.060868e+01
    endloop
  endfacet
  facet normal -6.052283e-01 7.929944e-01 -6.970418e-02
    outer loop
      vertex   3.328118e+00 1.011304e+02 2.056929e+01
      vertex   3.361259e+00 1.010933e+02 1.985952e+01
      vertex   3.123792e+00 1.009715e+02 2.053546e+01
    endloop
  endfacet
  facet normal -6.093594e-01 7.896402e-01 -7.175999e-02
    outer loop
      vertex   3.123792e+00 1.009715e+02 2.053546e+01
      vertex   3.361259e+00 1.010933e+02 1.985952e+01
      vertex   3.250113e+00 1.009973e+02 1.974669e+01
    endloop
  endfacet
  facet normal -7.180680e-01 6.898073e-01 -9.243490e-02
    outer loop
      vertex   3.123792e+00 1.009715e+02 2.053546e+01
      vertex   3.250113e+00 1.009973e+02 1.974669e+01
      vertex   3.149926e+00 1.008794e+02 1.964556e+01
    endloop
  endfacet
  facet normal -8.275843e-01 5.553576e-01 -8.174488e-02
    outer loop
      vertex   3.149926e+00 1.008794e+02 1.964556e+01
      vertex   3.064921e+00 1.007402e+02 1.956021e+01
      vertex   3.123792e+00 1.009715e+02 2.053546e+01
    endloop
  endfacet
  facet normal -7.876928e-01 6.084257e-01 -9.673780e-02
    outer loop
      vertex   3.123792e+00 1.009715e+02 2.053546e+01
      vertex   3.064921e+00 1.007402e+02 1.956021e+01
      vertex   2.967007e+00 1.007644e+02 2.050951e+01
    endloop
  endfacet
  facet normal -7.755877e-01 6.082800e-01 -1.686984e-01
    outer loop
      vertex   3.123792e+00 1.009715e+02 2.053546e+01
      vertex   2.967007e+00 1.007644e+02 2.050951e+01
      vertex   2.904606e+00 1.009715e+02 2.154317e+01
    endloop
  endfacet
  facet normal -5.953229e-01 7.929837e-01 -1.294889e-01
    outer loop
      vertex   2.904606e+00 1.009715e+02 2.154317e+01
      vertex   3.104521e+00 1.011304e+02 2.159727e+01
      vertex   3.123792e+00 1.009715e+02 2.053546e+01
    endloop
  endfacet
  facet normal -5.953229e-01 7.929837e-01 -1.294889e-01
    outer loop
      vertex   3.123792e+00 1.009715e+02 2.053546e+01
      vertex   3.104521e+00 1.011304e+02 2.159727e+01
      vertex   3.328118e+00 1.011304e+02 2.056929e+01
    endloop
  endfacet
  facet normal -3.743411e-01 9.237094e-01 -8.142308e-02
    outer loop
      vertex   3.104521e+00 1.011304e+02 2.159727e+01
      vertex   3.337328e+00 1.012303e+02 2.166027e+01
      vertex   3.328118e+00 1.011304e+02 2.056929e+01
    endloop
  endfacet
  facet normal -7.547594e-01 6.083819e-01 -2.453768e-01
    outer loop
      vertex   2.586571e+00 1.009715e+02 2.252155e+01
      vertex   2.751205e+00 1.007644e+02 2.150166e+01
      vertex   2.437789e+00 1.007644e+02 2.246570e+01
    endloop
  endfacet
  facet normal -8.787745e-01 3.822745e-01 -2.856948e-01
    outer loop
      vertex   2.437789e+00 1.007644e+02 2.246570e+01
      vertex   2.751205e+00 1.007644e+02 2.150166e+01
      vertex   2.654773e+00 1.005232e+02 2.147556e+01
    endloop
  endfacet
  facet normal -1.058970e-01 9.762986e-02 -9.895728e-01
    outer loop
      vertex   7.402458e+00 1.002644e+02 1.880654e+01
      vertex   7.165965e+00 1.002644e+02 1.883184e+01
      vertex   7.335479e+00 1.005055e+02 1.883750e+01
    endloop
  endfacet
  facet normal -1.525628e-01 1.302000e-01 -9.796798e-01
    outer loop
      vertex   7.335479e+00 1.005055e+02 1.883750e+01
      vertex   7.165965e+00 1.002644e+02 1.883184e+01
      vertex   7.173594e+00 1.005232e+02 1.886505e+01
    endloop
  endfacet
  facet normal -1.146104e-01 3.809994e-01 -9.174442e-01
    outer loop
      vertex   7.335479e+00 1.005055e+02 1.883750e+01
      vertex   7.173594e+00 1.005232e+02 1.886505e+01
      vertex   7.195961e+00 1.007644e+02 1.896242e+01
    endloop
  endfacet
  facet normal -1.123931e-01 3.821050e-01 -9.172587e-01
    outer loop
      vertex   7.335479e+00 1.005055e+02 1.883750e+01
      vertex   7.195961e+00 1.007644e+02 1.896242e+01
      vertex   7.400987e+00 1.007421e+02 1.892801e+01
    endloop
  endfacet
  facet normal -6.738626e-02 6.049334e-01 -7.934196e-01
    outer loop
      vertex   7.400987e+00 1.007421e+02 1.892801e+01
      vertex   7.195961e+00 1.007644e+02 1.896242e+01
      vertex   7.231543e+00 1.009715e+02 1.911730e+01
    endloop
  endfacet
  facet normal -6.471870e-02 6.062546e-01 -7.926329e-01
    outer loop
      vertex   7.400987e+00 1.007421e+02 1.892801e+01
      vertex   7.231543e+00 1.009715e+02 1.911730e+01
      vertex   7.465735e+00 1.009459e+02 1.907865e+01
    endloop
  endfacet
  facet normal -1.585606e-02 7.873755e-01 -6.162697e-01
    outer loop
      vertex   7.465735e+00 1.009459e+02 1.907865e+01
      vertex   7.231543e+00 1.009715e+02 1.911730e+01
      vertex   7.277913e+00 1.011304e+02 1.931915e+01
    endloop
  endfacet
  facet normal -1.267888e-02 7.886235e-01 -6.147457e-01
    outer loop
      vertex   7.465735e+00 1.009459e+02 1.907865e+01
      vertex   7.277913e+00 1.011304e+02 1.931915e+01
      vertex   7.525289e+00 1.011031e+02 1.927909e+01
    endloop
  endfacet
  facet normal 3.652674e-02 9.166675e-01 -3.979779e-01
    outer loop
      vertex   7.525289e+00 1.011031e+02 1.927909e+01
      vertex   7.277913e+00 1.011304e+02 1.931915e+01
      vertex   7.331913e+00 1.012303e+02 1.955421e+01
    endloop
  endfacet
  facet normal 4.032572e-02 9.174978e-01 -3.956913e-01
    outer loop
      vertex   7.525289e+00 1.011031e+02 1.927909e+01
      vertex   7.331913e+00 1.012303e+02 1.955421e+01
      vertex   7.575575e+00 1.012029e+02 1.951563e+01
    endloop
  endfacet
  facet normal 8.629528e-02 9.844807e-01 -1.528100e-01
    outer loop
      vertex   7.575575e+00 1.012029e+02 1.951563e+01
      vertex   7.331913e+00 1.012303e+02 1.955421e+01
      vertex   7.389862e+00 1.012644e+02 1.980646e+01
    endloop
  endfacet
  facet normal 9.092041e-02 9.845172e-01 -1.498642e-01
    outer loop
      vertex   7.575575e+00 1.012029e+02 1.951563e+01
      vertex   7.389862e+00 1.012644e+02 1.980646e+01
      vertex   7.613150e+00 1.012385e+02 1.977208e+01
    endloop
  endfacet
  facet normal 1.219629e-01 9.914428e-01 4.654193e-02
    outer loop
      vertex   7.613150e+00 1.012385e+02 1.977208e+01
      vertex   7.389862e+00 1.012644e+02 1.980646e+01
      vertex   7.633072e+00 1.012303e+02 1.989498e+01
    endloop
  endfacet
  facet normal 3.402765e-01 9.402936e-01 7.732674e-03
    outer loop
      vertex   7.613150e+00 1.012385e+02 1.977208e+01
      vertex   7.633072e+00 1.012303e+02 1.989498e+01
      vertex   7.837168e+00 1.011575e+02 1.976006e+01
    endloop
  endfacet
  facet normal 3.789270e-01 9.223091e-01 7.589627e-02
    outer loop
      vertex   7.837168e+00 1.011575e+02 1.976006e+01
      vertex   7.633072e+00 1.012303e+02 1.989498e+01
      vertex   7.859708e+00 1.011304e+02 1.997747e+01
    endloop
  endfacet
  facet normal 5.451396e-01 8.369697e-01 4.800614e-02
    outer loop
      vertex   7.837168e+00 1.011575e+02 1.976006e+01
      vertex   7.859708e+00 1.011304e+02 1.997747e+01
      vertex   8.035770e+00 1.010272e+02 1.977704e+01
    endloop
  endfacet
  facet normal 6.009812e-01 7.900158e-01 1.212293e-01
    outer loop
      vertex   8.035770e+00 1.010272e+02 1.977704e+01
      vertex   7.859708e+00 1.011304e+02 1.997747e+01
      vertex   8.054325e+00 1.009715e+02 2.004830e+01
    endloop
  endfacet
  facet normal 7.146196e-01 6.932271e-01 9.356765e-02
    outer loop
      vertex   8.035770e+00 1.010272e+02 1.977704e+01
      vertex   8.054325e+00 1.009715e+02 2.004830e+01
      vertex   8.195705e+00 1.008563e+02 1.982185e+01
    endloop
  endfacet
  facet normal 7.758881e-01 6.057295e-01 1.763219e-01
    outer loop
      vertex   8.195705e+00 1.008563e+02 1.982185e+01
      vertex   8.054325e+00 1.009715e+02 2.004830e+01
      vertex   8.203659e+00 1.007644e+02 2.010266e+01
    endloop
  endfacet
  facet normal 8.442351e-01 5.159849e-01 1.450056e-01
    outer loop
      vertex   8.195705e+00 1.008563e+02 1.982185e+01
      vertex   8.203659e+00 1.007644e+02 2.010266e+01
      vertex   8.305767e+00 1.006567e+02 1.989140e+01
    endloop
  endfacet
  facet normal 8.934164e-01 3.813793e-01 2.373961e-01
    outer loop
      vertex   8.305767e+00 1.006567e+02 1.989140e+01
      vertex   8.203659e+00 1.007644e+02 2.010266e+01
      vertex   8.297535e+00 1.005232e+02 2.013682e+01
    endloop
  endfacet
  facet normal 9.289233e-01 3.113061e-01 2.004745e-01
    outer loop
      vertex   8.305767e+00 1.006567e+02 1.989140e+01
      vertex   8.297535e+00 1.005232e+02 2.013682e+01
      vertex   8.358354e+00 1.004421e+02 1.998088e+01
    endloop
  endfacet
  facet normal 9.447674e-01 1.304186e-01 3.006752e-01
    outer loop
      vertex   8.358354e+00 1.004421e+02 1.998088e+01
      vertex   8.297535e+00 1.005232e+02 2.013682e+01
      vertex   8.329554e+00 1.002644e+02 2.014848e+01
    endloop
  endfacet
  facet normal 9.721164e-01 5.697127e-02 2.274729e-01
    outer loop
      vertex   8.358354e+00 1.004421e+02 1.998088e+01
      vertex   8.329554e+00 1.002644e+02 2.014848e+01
      vertex   8.383745e+00 1.002644e+02 1.991689e+01
    endloop
  endfacet
  facet normal 9.909895e-01 1.205046e-01 5.846787e-02
    outer loop
      vertex   8.358354e+00 1.004421e+02 1.998088e+01
      vertex   8.383745e+00 1.002644e+02 1.991689e+01
      vertex   8.385105e+00 1.003378e+02 1.974246e+01
    endloop
  endfacet
  facet normal 9.992115e-01 -3.877331e-02 -8.539843e-03
    outer loop
      vertex   8.385105e+00 1.003378e+02 1.974246e+01
      vertex   8.383745e+00 1.002644e+02 1.991689e+01
      vertex   8.381713e+00 1.002644e+02 1.967905e+01
    endloop
  endfacet
  facet normal 9.565354e-01 1.639821e-01 -2.411429e-01
    outer loop
      vertex   8.385105e+00 1.003378e+02 1.974246e+01
      vertex   8.381713e+00 1.002644e+02 1.967905e+01
      vertex   8.323571e+00 1.002644e+02 1.944843e+01
    endloop
  endfacet
  facet normal 8.818937e-01 7.679625e-02 -4.651514e-01
    outer loop
      vertex   8.212610e+00 1.002644e+02 1.923805e+01
      vertex   8.285985e+00 1.004641e+02 1.941014e+01
      vertex   8.323571e+00 1.002644e+02 1.944843e+01
    endloop
  endfacet
  facet normal 9.626670e-01 1.363275e-01 -2.338528e-01
    outer loop
      vertex   8.323571e+00 1.002644e+02 1.944843e+01
      vertex   8.285985e+00 1.004641e+02 1.941014e+01
      vertex   8.327978e+00 1.005709e+02 1.964525e+01
    endloop
  endfacet
  facet normal 9.620513e-01 1.375129e-01 -2.356850e-01
    outer loop
      vertex   8.323571e+00 1.002644e+02 1.944843e+01
      vertex   8.327978e+00 1.005709e+02 1.964525e+01
      vertex   8.385105e+00 1.003378e+02 1.974246e+01
    endloop
  endfacet
  facet normal 9.708466e-01 2.396672e-01 4.073572e-03
    outer loop
      vertex   8.385105e+00 1.003378e+02 1.974246e+01
      vertex   8.327978e+00 1.005709e+02 1.964525e+01
      vertex   8.305767e+00 1.006567e+02 1.989140e+01
    endloop
  endfacet
  facet normal 9.708466e-01 2.396672e-01 4.073572e-03
    outer loop
      vertex   8.385105e+00 1.003378e+02 1.974246e+01
      vertex   8.305767e+00 1.006567e+02 1.989140e+01
      vertex   8.358354e+00 1.004421e+02 1.998088e+01
    endloop
  endfacet
  facet normal 8.651553e-01 1.047368e-01 -4.904452e-01
    outer loop
      vertex   8.285985e+00 1.004641e+02 1.941014e+01
      vertex   8.212610e+00 1.002644e+02 1.923805e+01
      vertex   8.182660e+00 1.003437e+02 1.920215e+01
    endloop
  endfacet
  facet normal 7.492087e-01 -1.676067e-02 -6.621219e-01
    outer loop
      vertex   8.182660e+00 1.003437e+02 1.920215e+01
      vertex   8.212610e+00 1.002644e+02 1.923805e+01
      vertex   8.055106e+00 1.002644e+02 1.905983e+01
    endloop
  endfacet
  facet normal 6.974523e-01 1.396505e-01 -7.028926e-01
    outer loop
      vertex   8.182660e+00 1.003437e+02 1.920215e+01
      vertex   8.055106e+00 1.002644e+02 1.905983e+01
      vertex   8.068735e+00 1.005503e+02 1.913016e+01
    endloop
  endfacet
  facet normal 6.545104e-01 1.510253e-01 -7.408154e-01
    outer loop
      vertex   8.068735e+00 1.005503e+02 1.913016e+01
      vertex   8.055106e+00 1.002644e+02 1.905983e+01
      vertex   7.925903e+00 1.003977e+02 1.897286e+01
    endloop
  endfacet
  facet normal 5.419323e-01 3.014163e-01 -7.845111e-01
    outer loop
      vertex   8.068735e+00 1.005503e+02 1.913016e+01
      vertex   7.925903e+00 1.003977e+02 1.897286e+01
      vertex   7.903187e+00 1.007272e+02 1.908378e+01
    endloop
  endfacet
  facet normal 5.419323e-01 3.014163e-01 -7.845111e-01
    outer loop
      vertex   7.903187e+00 1.007272e+02 1.908378e+01
      vertex   7.925903e+00 1.003977e+02 1.897286e+01
      vertex   7.781792e+00 1.005517e+02 1.893248e+01
    endloop
  endfacet
  facet normal 3.653736e-01 4.497839e-01 -8.149826e-01
    outer loop
      vertex   7.903187e+00 1.007272e+02 1.908378e+01
      vertex   7.781792e+00 1.005517e+02 1.893248e+01
      vertex   7.603575e+00 1.006687e+02 1.891719e+01
    endloop
  endfacet
  facet normal 2.458663e-01 2.520476e-01 -9.359604e-01
    outer loop
      vertex   7.603575e+00 1.006687e+02 1.891719e+01
      vertex   7.781792e+00 1.005517e+02 1.893248e+01
      vertex   7.494208e+00 1.004480e+02 1.882903e+01
    endloop
  endfacet
  facet normal 7.259677e-02 3.387540e-01 -9.380701e-01
    outer loop
      vertex   7.603575e+00 1.006687e+02 1.891719e+01
      vertex   7.494208e+00 1.004480e+02 1.882903e+01
      vertex   7.335479e+00 1.005055e+02 1.883750e+01
    endloop
  endfacet
  facet normal -7.587221e-03 1.252582e-01 -9.920952e-01
    outer loop
      vertex   7.335479e+00 1.005055e+02 1.883750e+01
      vertex   7.494208e+00 1.004480e+02 1.882903e+01
      vertex   7.402458e+00 1.002644e+02 1.880654e+01
    endloop
  endfacet
  facet normal 5.716321e-01 1.884830e-02 -8.202936e-01
    outer loop
      vertex   8.055106e+00 1.002644e+02 1.905983e+01
      vertex   7.859970e+00 1.002644e+02 1.892385e+01
      vertex   7.925903e+00 1.003977e+02 1.897286e+01
    endloop
  endfacet
  facet normal 3.570533e-01 1.616275e-01 -9.199943e-01
    outer loop
      vertex   7.925903e+00 1.003977e+02 1.897286e+01
      vertex   7.859970e+00 1.002644e+02 1.892385e+01
      vertex   7.638240e+00 1.002644e+02 1.883779e+01
    endloop
  endfacet
  facet normal 4.044992e-01 5.220872e-02 -9.130469e-01
    outer loop
      vertex   7.925903e+00 1.003977e+02 1.897286e+01
      vertex   7.638240e+00 1.002644e+02 1.883779e+01
      vertex   7.633574e+00 1.003565e+02 1.884100e+01
    endloop
  endfacet
  facet normal 1.313089e-01 4.106333e-02 -9.904907e-01
    outer loop
      vertex   7.633574e+00 1.003565e+02 1.884100e+01
      vertex   7.638240e+00 1.002644e+02 1.883779e+01
      vertex   7.402458e+00 1.002644e+02 1.880654e+01
    endloop
  endfacet
  facet normal 1.240337e-01 5.932039e-02 -9.905033e-01
    outer loop
      vertex   7.633574e+00 1.003565e+02 1.884100e+01
      vertex   7.402458e+00 1.002644e+02 1.880654e+01
      vertex   7.494208e+00 1.004480e+02 1.882903e+01
    endloop
  endfacet
  facet normal 3.261831e-01 9.286660e-01 -1.765900e-01
    outer loop
      vertex   7.613150e+00 1.012385e+02 1.977208e+01
      vertex   7.837168e+00 1.011575e+02 1.976006e+01
      vertex   7.575575e+00 1.012029e+02 1.951563e+01
    endloop
  endfacet
  facet normal 3.262836e-01 9.286082e-01 -1.767084e-01
    outer loop
      vertex   7.575575e+00 1.012029e+02 1.951563e+01
      vertex   7.837168e+00 1.011575e+02 1.976006e+01
      vertex   7.819151e+00 1.011149e+02 1.950258e+01
    endloop
  endfacet
  facet normal 2.878479e-01 8.589038e-01 -4.235892e-01
    outer loop
      vertex   7.575575e+00 1.012029e+02 1.951563e+01
      vertex   7.819151e+00 1.011149e+02 1.950258e+01
      vertex   7.525289e+00 1.011031e+02 1.927909e+01
    endloop
  endfacet
  facet normal 2.879424e-01 8.588132e-01 -4.237087e-01
    outer loop
      vertex   7.525289e+00 1.011031e+02 1.927909e+01
      vertex   7.819151e+00 1.011149e+02 1.950258e+01
      vertex   7.771773e+00 1.010140e+02 1.926590e+01
    endloop
  endfacet
  facet normal 2.301566e-01 7.313595e-01 -6.419822e-01
    outer loop
      vertex   7.525289e+00 1.011031e+02 1.927909e+01
      vertex   7.771773e+00 1.010140e+02 1.926590e+01
      vertex   7.465735e+00 1.009459e+02 1.907865e+01
    endloop
  endfacet
  facet normal 2.302414e-01 7.312471e-01 -6.420799e-01
    outer loop
      vertex   7.465735e+00 1.009459e+02 1.907865e+01
      vertex   7.771773e+00 1.010140e+02 1.926590e+01
      vertex   7.698247e+00 1.008618e+02 1.906621e+01
    endloop
  endfacet
  facet normal 1.568153e-01 5.542346e-01 -8.174552e-01
    outer loop
      vertex   7.465735e+00 1.009459e+02 1.907865e+01
      vertex   7.698247e+00 1.008618e+02 1.906621e+01
      vertex   7.400987e+00 1.007421e+02 1.892801e+01
    endloop
  endfacet
  facet normal 1.568898e-01 5.541216e-01 -8.175175e-01
    outer loop
      vertex   7.400987e+00 1.007421e+02 1.892801e+01
      vertex   7.698247e+00 1.008618e+02 1.906621e+01
      vertex   7.603575e+00 1.006687e+02 1.891719e+01
    endloop
  endfacet
  facet normal 7.253269e-02 3.388455e-01 -9.380420e-01
    outer loop
      vertex   7.400987e+00 1.007421e+02 1.892801e+01
      vertex   7.603575e+00 1.006687e+02 1.891719e+01
      vertex   7.335479e+00 1.005055e+02 1.883750e+01
    endloop
  endfacet
  facet normal 5.506370e-01 8.164466e-01 -1.738212e-01
    outer loop
      vertex   7.837168e+00 1.011575e+02 1.976006e+01
      vertex   8.035770e+00 1.010272e+02 1.977704e+01
      vertex   7.819151e+00 1.011149e+02 1.950258e+01
    endloop
  endfacet
  facet normal 5.507329e-01 8.163599e-01 -1.739245e-01
    outer loop
      vertex   7.819151e+00 1.011149e+02 1.950258e+01
      vertex   8.035770e+00 1.010272e+02 1.977704e+01
      vertex   8.034675e+00 1.009734e+02 1.952102e+01
    endloop
  endfacet
  facet normal 5.227025e-01 7.414859e-01 -4.206908e-01
    outer loop
      vertex   7.819151e+00 1.011149e+02 1.950258e+01
      vertex   8.034675e+00 1.009734e+02 1.952102e+01
      vertex   7.771773e+00 1.010140e+02 1.926590e+01
    endloop
  endfacet
  facet normal 5.227851e-01 7.413688e-01 -4.207945e-01
    outer loop
      vertex   7.771773e+00 1.010140e+02 1.926590e+01
      vertex   8.034675e+00 1.009734e+02 1.952102e+01
      vertex   7.989449e+00 1.008711e+02 1.928454e+01
    endloop
  endfacet
  facet normal 4.595909e-01 6.166289e-01 -6.391753e-01
    outer loop
      vertex   7.771773e+00 1.010140e+02 1.926590e+01
      vertex   7.989449e+00 1.008711e+02 1.928454e+01
      vertex   7.698247e+00 1.008618e+02 1.906621e+01
    endloop
  endfacet
  facet normal 4.596568e-01 6.164945e-01 -6.392575e-01
    outer loop
      vertex   7.698247e+00 1.008618e+02 1.906621e+01
      vertex   7.989449e+00 1.008711e+02 1.928454e+01
      vertex   7.903187e+00 1.007272e+02 1.908378e+01
    endloop
  endfacet
  facet normal 3.653213e-01 4.499141e-01 -8.149341e-01
    outer loop
      vertex   7.698247e+00 1.008618e+02 1.906621e+01
      vertex   7.903187e+00 1.007272e+02 1.908378e+01
      vertex   7.603575e+00 1.006687e+02 1.891719e+01
    endloop
  endfacet
  facet normal 2.459101e-01 2.519428e-01 -9.359771e-01
    outer loop
      vertex   7.633574e+00 1.003565e+02 1.884100e+01
      vertex   7.494208e+00 1.004480e+02 1.882903e+01
      vertex   7.781792e+00 1.005517e+02 1.893248e+01
    endloop
  endfacet
  facet normal 7.410627e-01 6.564365e-01 -1.411282e-01
    outer loop
      vertex   8.034675e+00 1.009734e+02 1.952102e+01
      vertex   8.035770e+00 1.010272e+02 1.977704e+01
      vertex   8.208416e+00 1.007877e+02 1.956970e+01
    endloop
  endfacet
  facet normal 7.410627e-01 6.564365e-01 -1.411282e-01
    outer loop
      vertex   8.208416e+00 1.007877e+02 1.956970e+01
      vertex   8.035770e+00 1.010272e+02 1.977704e+01
      vertex   8.195705e+00 1.008563e+02 1.982185e+01
    endloop
  endfacet
  facet normal 8.844614e-01 4.596363e-01 -8.038929e-02
    outer loop
      vertex   8.208416e+00 1.007877e+02 1.956970e+01
      vertex   8.195705e+00 1.008563e+02 1.982185e+01
      vertex   8.327978e+00 1.005709e+02 1.964525e+01
    endloop
  endfacet
  facet normal 8.844614e-01 4.596363e-01 -8.038929e-02
    outer loop
      vertex   8.327978e+00 1.005709e+02 1.964525e+01
      vertex   8.195705e+00 1.008563e+02 1.982185e+01
      vertex   8.305767e+00 1.006567e+02 1.989140e+01
    endloop
  endfacet
  facet normal 6.540104e-01 4.531653e-01 -6.057322e-01
    outer loop
      vertex   8.068735e+00 1.005503e+02 1.913016e+01
      vertex   7.903187e+00 1.007272e+02 1.908378e+01
      vertex   7.989449e+00 1.008711e+02 1.928454e+01
    endloop
  endfacet
  facet normal 7.218260e-01 5.741076e-01 -3.864812e-01
    outer loop
      vertex   7.989449e+00 1.008711e+02 1.928454e+01
      vertex   8.034675e+00 1.009734e+02 1.952102e+01
      vertex   8.165104e+00 1.006833e+02 1.933376e+01
    endloop
  endfacet
  facet normal 7.218260e-01 5.741076e-01 -3.864812e-01
    outer loop
      vertex   8.165104e+00 1.006833e+02 1.933376e+01
      vertex   8.034675e+00 1.009734e+02 1.952102e+01
      vertex   8.208416e+00 1.007877e+02 1.956970e+01
    endloop
  endfacet
  facet normal 8.718668e-01 3.681918e-01 -3.229289e-01
    outer loop
      vertex   8.165104e+00 1.006833e+02 1.933376e+01
      vertex   8.208416e+00 1.007877e+02 1.956970e+01
      vertex   8.285985e+00 1.004641e+02 1.941014e+01
    endloop
  endfacet
  facet normal 8.718668e-01 3.681918e-01 -3.229289e-01
    outer loop
      vertex   8.285985e+00 1.004641e+02 1.941014e+01
      vertex   8.208416e+00 1.007877e+02 1.956970e+01
      vertex   8.327978e+00 1.005709e+02 1.964525e+01
    endloop
  endfacet
  facet normal 3.926454e-01 1.286520e-01 -9.106472e-01
    outer loop
      vertex   7.925903e+00 1.003977e+02 1.897286e+01
      vertex   7.633574e+00 1.003565e+02 1.884100e+01
      vertex   7.781792e+00 1.005517e+02 1.893248e+01
    endloop
  endfacet
  facet normal 8.005917e-01 2.519974e-01 -5.436453e-01
    outer loop
      vertex   8.182660e+00 1.003437e+02 1.920215e+01
      vertex   8.068735e+00 1.005503e+02 1.913016e+01
      vertex   8.165104e+00 1.006833e+02 1.933376e+01
    endloop
  endfacet
  facet normal 6.540104e-01 4.531653e-01 -6.057322e-01
    outer loop
      vertex   8.165104e+00 1.006833e+02 1.933376e+01
      vertex   8.068735e+00 1.005503e+02 1.913016e+01
      vertex   7.989449e+00 1.008711e+02 1.928454e+01
    endloop
  endfacet
  facet normal 8.005917e-01 2.519974e-01 -5.436453e-01
    outer loop
      vertex   8.182660e+00 1.003437e+02 1.920215e+01
      vertex   8.165104e+00 1.006833e+02 1.933376e+01
      vertex   8.285985e+00 1.004641e+02 1.941014e+01
    endloop
  endfacet
  facet normal 8.863978e-01 5.289521e-02 4.598924e-01
    outer loop
      vertex   7.469481e+00 1.002644e+02 2.241394e+01
      vertex   7.588458e+00 1.002644e+02 2.218462e+01
      vertex   7.469403e+00 1.003938e+02 2.239921e+01
    endloop
  endfacet
  facet normal 8.981969e-01 1.300267e-01 4.199230e-01
    outer loop
      vertex   7.469403e+00 1.003938e+02 2.239921e+01
      vertex   7.588458e+00 1.002644e+02 2.218462e+01
      vertex   7.556439e+00 1.005232e+02 2.217297e+01
    endloop
  endfacet
  facet normal 8.934049e-01 1.434246e-01 4.257430e-01
    outer loop
      vertex   7.469403e+00 1.003938e+02 2.239921e+01
      vertex   7.556439e+00 1.005232e+02 2.217297e+01
      vertex   7.473756e+00 1.005144e+02 2.234945e+01
    endloop
  endfacet
  facet normal 8.685402e-01 2.630191e-01 4.200700e-01
    outer loop
      vertex   7.473756e+00 1.005144e+02 2.234945e+01
      vertex   7.556439e+00 1.005232e+02 2.217297e+01
      vertex   7.480681e+00 1.006179e+02 2.227029e+01
    endloop
  endfacet
  facet normal 7.454878e-01 3.725936e-01 5.526499e-01
    outer loop
      vertex   7.473756e+00 1.005144e+02 2.234945e+01
      vertex   7.480681e+00 1.006179e+02 2.227029e+01
      vertex   7.309604e+00 1.007644e+02 2.240233e+01
    endloop
  endfacet
  facet normal 7.553346e-01 4.855734e-01 4.401000e-01
    outer loop
      vertex   7.309604e+00 1.007644e+02 2.240233e+01
      vertex   7.480681e+00 1.006179e+02 2.227029e+01
      vertex   7.322367e+00 1.008767e+02 2.225644e+01
    endloop
  endfacet
  facet normal 5.609373e-01 6.314060e-01 5.354212e-01
    outer loop
      vertex   7.309604e+00 1.007644e+02 2.240233e+01
      vertex   7.322367e+00 1.008767e+02 2.225644e+01
      vertex   7.109123e+00 1.010144e+02 2.231755e+01
    endloop
  endfacet
  facet normal 5.762954e-01 7.283906e-01 3.705817e-01
    outer loop
      vertex   7.109123e+00 1.010144e+02 2.231755e+01
      vertex   7.322367e+00 1.008767e+02 2.225644e+01
      vertex   7.313229e+00 1.009715e+02 2.208445e+01
    endloop
  endfacet
  facet normal 5.653909e-01 7.429061e-01 3.583625e-01
    outer loop
      vertex   7.109123e+00 1.010144e+02 2.231755e+01
      vertex   7.313229e+00 1.009715e+02 2.208445e+01
      vertex   7.127328e+00 1.011009e+02 2.210947e+01
    endloop
  endfacet
  facet normal 5.779799e-01 7.932304e-01 1.916369e-01
    outer loop
      vertex   7.127328e+00 1.011009e+02 2.210947e+01
      vertex   7.313229e+00 1.009715e+02 2.208445e+01
      vertex   7.118612e+00 1.011304e+02 2.201361e+01
    endloop
  endfacet
  facet normal 3.626484e-01 8.994407e-01 2.439108e-01
    outer loop
      vertex   7.127328e+00 1.011009e+02 2.210947e+01
      vertex   7.118612e+00 1.011304e+02 2.201361e+01
      vertex   6.884811e+00 1.011974e+02 2.211421e+01
    endloop
  endfacet
  facet normal 3.414666e-01 9.226473e-01 1.792275e-01
    outer loop
      vertex   6.884811e+00 1.011974e+02 2.211421e+01
      vertex   7.118612e+00 1.011304e+02 2.201361e+01
      vertex   6.891976e+00 1.012303e+02 2.193112e+01
    endloop
  endfacet
  facet normal 1.532726e-01 9.715313e-01 1.806503e-01
    outer loop
      vertex   6.884811e+00 1.011974e+02 2.211421e+01
      vertex   6.891976e+00 1.012303e+02 2.193112e+01
      vertex   6.696490e+00 1.012303e+02 2.209698e+01
    endloop
  endfacet
  facet normal 9.693615e-02 9.887113e-01 1.142510e-01
    outer loop
      vertex   6.696490e+00 1.012303e+02 2.209698e+01
      vertex   6.891976e+00 1.012303e+02 2.193112e+01
      vertex   6.648766e+00 1.012644e+02 2.184260e+01
    endloop
  endfacet
  facet normal 8.732917e-01 3.460464e-01 3.429482e-01
    outer loop
      vertex   7.480681e+00 1.006179e+02 2.227029e+01
      vertex   7.556439e+00 1.005232e+02 2.217297e+01
      vertex   7.489707e+00 1.006974e+02 2.216713e+01
    endloop
  endfacet
  facet normal 9.331016e-01 3.556893e-01 -5.297614e-02
    outer loop
      vertex   7.489707e+00 1.006974e+02 2.216713e+01
      vertex   7.556439e+00 1.005232e+02 2.217297e+01
      vertex   7.462563e+00 1.007644e+02 2.213880e+01
    endloop
  endfacet
  facet normal 7.563881e-01 4.898307e-01 4.335238e-01
    outer loop
      vertex   7.489707e+00 1.006974e+02 2.216713e+01
      vertex   7.462563e+00 1.007644e+02 2.213880e+01
      vertex   7.322367e+00 1.008767e+02 2.225644e+01
    endloop
  endfacet
  facet normal 7.362119e-01 6.085489e-01 2.960748e-01
    outer loop
      vertex   7.322367e+00 1.008767e+02 2.225644e+01
      vertex   7.462563e+00 1.007644e+02 2.213880e+01
      vertex   7.313229e+00 1.009715e+02 2.208445e+01
    endloop
  endfacet
  facet normal 1.278331e-01 9.223033e-01 3.647128e-01
    outer loop
      vertex   6.696490e+00 1.012303e+02 2.209698e+01
      vertex   6.740963e+00 1.011304e+02 2.233403e+01
      vertex   6.884811e+00 1.011974e+02 2.211421e+01
    endloop
  endfacet
  facet normal 1.769428e-01 9.032088e-01 3.910309e-01
    outer loop
      vertex   6.884811e+00 1.011974e+02 2.211421e+01
      vertex   6.740963e+00 1.011304e+02 2.233403e+01
      vertex   6.864507e+00 1.011009e+02 2.234629e+01
    endloop
  endfacet
  facet normal 3.475854e-01 8.546202e-01 3.857573e-01
    outer loop
      vertex   6.884811e+00 1.011974e+02 2.211421e+01
      vertex   6.864507e+00 1.011009e+02 2.234629e+01
      vertex   7.109123e+00 1.010144e+02 2.231755e+01
    endloop
  endfacet
  facet normal 3.293586e-01 7.338790e-01 5.940914e-01
    outer loop
      vertex   7.109123e+00 1.010144e+02 2.231755e+01
      vertex   6.864507e+00 1.011009e+02 2.234629e+01
      vertex   7.093491e+00 1.008767e+02 2.249622e+01
    endloop
  endfacet
  facet normal 5.609373e-01 6.314060e-01 5.354212e-01
    outer loop
      vertex   7.109123e+00 1.010144e+02 2.231755e+01
      vertex   7.093491e+00 1.008767e+02 2.249622e+01
      vertex   7.309604e+00 1.007644e+02 2.240233e+01
    endloop
  endfacet
  facet normal 5.481332e-01 4.844948e-01 6.817733e-01
    outer loop
      vertex   7.309604e+00 1.007644e+02 2.240233e+01
      vertex   7.093491e+00 1.008767e+02 2.249622e+01
      vertex   7.299810e+00 1.006179e+02 2.251427e+01
    endloop
  endfacet
  facet normal 7.454878e-01 3.725936e-01 5.526499e-01
    outer loop
      vertex   7.309604e+00 1.007644e+02 2.240233e+01
      vertex   7.299810e+00 1.006179e+02 2.251427e+01
      vertex   7.473756e+00 1.005144e+02 2.234945e+01
    endloop
  endfacet
  facet normal 7.385250e-01 2.342221e-01 6.322347e-01
    outer loop
      vertex   7.473756e+00 1.005144e+02 2.234945e+01
      vertex   7.299810e+00 1.006179e+02 2.251427e+01
      vertex   7.469403e+00 1.003938e+02 2.239921e+01
    endloop
  endfacet
  facet normal 1.304551e-01 7.932170e-01 5.948010e-01
    outer loop
      vertex   6.740963e+00 1.011304e+02 2.233403e+01
      vertex   6.779152e+00 1.009715e+02 2.253758e+01
      vertex   6.864507e+00 1.011009e+02 2.234629e+01
    endloop
  endfacet
  facet normal 2.006732e-01 7.675494e-01 6.087677e-01
    outer loop
      vertex   6.864507e+00 1.011009e+02 2.234629e+01
      vertex   6.779152e+00 1.009715e+02 2.253758e+01
      vertex   6.847071e+00 1.009474e+02 2.254557e+01
    endloop
  endfacet
  facet normal 3.293586e-01 7.338790e-01 5.940914e-01
    outer loop
      vertex   6.864507e+00 1.011009e+02 2.234629e+01
      vertex   6.847071e+00 1.009474e+02 2.254557e+01
      vertex   7.093491e+00 1.008767e+02 2.249622e+01
    endloop
  endfacet
  facet normal 3.144764e-01 5.631252e-01 7.641954e-01
    outer loop
      vertex   7.093491e+00 1.008767e+02 2.249622e+01
      vertex   6.847071e+00 1.009474e+02 2.254557e+01
      vertex   7.081496e+00 1.006974e+02 2.263333e+01
    endloop
  endfacet
  facet normal 5.481332e-01 4.844948e-01 6.817733e-01
    outer loop
      vertex   7.093491e+00 1.008767e+02 2.249622e+01
      vertex   7.081496e+00 1.006974e+02 2.263333e+01
      vertex   7.299810e+00 1.006179e+02 2.251427e+01
    endloop
  endfacet
  facet normal 5.390793e-01 3.045662e-01 7.852598e-01
    outer loop
      vertex   7.299810e+00 1.006179e+02 2.251427e+01
      vertex   7.081496e+00 1.006974e+02 2.263333e+01
      vertex   7.293653e+00 1.004474e+02 2.258464e+01
    endloop
  endfacet
  facet normal 7.385250e-01 2.342221e-01 6.322347e-01
    outer loop
      vertex   7.299810e+00 1.006179e+02 2.251427e+01
      vertex   7.293653e+00 1.004474e+02 2.258464e+01
      vertex   7.469403e+00 1.003938e+02 2.239921e+01
    endloop
  endfacet
  facet normal 7.352263e-01 8.360650e-02 6.726457e-01
    outer loop
      vertex   7.469403e+00 1.003938e+02 2.239921e+01
      vertex   7.293653e+00 1.004474e+02 2.258464e+01
      vertex   7.295727e+00 1.002644e+02 2.260513e+01
    endloop
  endfacet
  facet normal 7.378532e-01 7.679193e-02 6.705786e-01
    outer loop
      vertex   7.469403e+00 1.003938e+02 2.239921e+01
      vertex   7.295727e+00 1.002644e+02 2.260513e+01
      vertex   7.469481e+00 1.002644e+02 2.241394e+01
    endloop
  endfacet
  facet normal 1.237000e-01 6.086012e-01 7.837748e-01
    outer loop
      vertex   6.779152e+00 1.009715e+02 2.253758e+01
      vertex   6.808456e+00 1.007644e+02 2.269378e+01
      vertex   6.847071e+00 1.009474e+02 2.254557e+01
    endloop
  endfacet
  facet normal 2.450728e-01 5.783824e-01 7.780830e-01
    outer loop
      vertex   6.847071e+00 1.009474e+02 2.254557e+01
      vertex   6.808456e+00 1.007644e+02 2.269378e+01
      vertex   6.833693e+00 1.007473e+02 2.269849e+01
    endloop
  endfacet
  facet normal 3.144764e-01 5.631252e-01 7.641954e-01
    outer loop
      vertex   6.847071e+00 1.009474e+02 2.254557e+01
      vertex   6.833693e+00 1.007473e+02 2.269849e+01
      vertex   7.081496e+00 1.006974e+02 2.263333e+01
    endloop
  endfacet
  facet normal 3.043678e-01 3.587308e-01 8.824242e-01
    outer loop
      vertex   7.081496e+00 1.006974e+02 2.263333e+01
      vertex   6.833693e+00 1.007473e+02 2.269849e+01
      vertex   6.826877e+00 1.005232e+02 2.279197e+01
    endloop
  endfacet
  facet normal 3.085534e-01 3.532882e-01 8.831660e-01
    outer loop
      vertex   7.081496e+00 1.006974e+02 2.263333e+01
      vertex   6.826877e+00 1.005232e+02 2.279197e+01
      vertex   7.073956e+00 1.004885e+02 2.271951e+01
    endloop
  endfacet
  facet normal 2.957199e-01 1.296430e-01 9.464367e-01
    outer loop
      vertex   7.073956e+00 1.004885e+02 2.271951e+01
      vertex   6.826877e+00 1.005232e+02 2.279197e+01
      vertex   6.833160e+00 1.002644e+02 2.282546e+01
    endloop
  endfacet
  facet normal 3.077232e-01 1.157874e-01 9.444044e-01
    outer loop
      vertex   7.073956e+00 1.004885e+02 2.271951e+01
      vertex   6.833160e+00 1.002644e+02 2.282546e+01
      vertex   7.078794e+00 1.002644e+02 2.274542e+01
    endloop
  endfacet
  facet normal 8.539202e-02 3.812719e-01 9.205107e-01
    outer loop
      vertex   6.808456e+00 1.007644e+02 2.269378e+01
      vertex   6.826877e+00 1.005232e+02 2.279197e+01
      vertex   6.833693e+00 1.007473e+02 2.269849e+01
    endloop
  endfacet
  facet normal 5.347478e-01 1.083944e-01 8.380307e-01
    outer loop
      vertex   7.073956e+00 1.004885e+02 2.271951e+01
      vertex   7.078794e+00 1.002644e+02 2.274542e+01
      vertex   7.293653e+00 1.004474e+02 2.258464e+01
    endloop
  endfacet
  facet normal 5.403430e-01 9.962540e-02 8.355263e-01
    outer loop
      vertex   7.293653e+00 1.004474e+02 2.258464e+01
      vertex   7.078794e+00 1.002644e+02 2.274542e+01
      vertex   7.295727e+00 1.002644e+02 2.260513e+01
    endloop
  endfacet
  facet normal 5.390793e-01 3.045662e-01 7.852598e-01
    outer loop
      vertex   7.081496e+00 1.006974e+02 2.263333e+01
      vertex   7.073956e+00 1.004885e+02 2.271951e+01
      vertex   7.293653e+00 1.004474e+02 2.258464e+01
    endloop
  endfacet
  facet normal 7.553346e-01 4.855734e-01 4.401000e-01
    outer loop
      vertex   7.489707e+00 1.006974e+02 2.216713e+01
      vertex   7.322367e+00 1.008767e+02 2.225644e+01
      vertex   7.480681e+00 1.006179e+02 2.227029e+01
    endloop
  endfacet
  facet normal 3.475854e-01 8.546202e-01 3.857573e-01
    outer loop
      vertex   7.127328e+00 1.011009e+02 2.210947e+01
      vertex   6.884811e+00 1.011974e+02 2.211421e+01
      vertex   7.109123e+00 1.010144e+02 2.231755e+01
    endloop
  endfacet
  facet normal 1.574450e-01 -0.000000e+00 9.875278e-01
    outer loop
      vertex   6.833160e+00 8.576435e+01 2.282546e+01
      vertex   6.833160e+00 1.002644e+02 2.282546e+01
      vertex   5.201715e+00 8.576435e+01 2.308556e+01
    endloop
  endfacet
  facet normal 1.574450e-01 -4.839177e-16 9.875278e-01
    outer loop
      vertex   5.201715e+00 8.576435e+01 2.308556e+01
      vertex   6.833160e+00 1.002644e+02 2.282546e+01
      vertex   5.201715e+00 1.002644e+02 2.308556e+01
    endloop
  endfacet
  facet normal 1.032131e-01 -4.874124e-16 9.946593e-01
    outer loop
      vertex   5.201715e+00 8.576435e+01 2.308556e+01
      vertex   5.201715e+00 1.002644e+02 2.308556e+01
      vertex   3.558489e+00 8.576435e+01 2.325608e+01
    endloop
  endfacet
  facet normal 1.032131e-01 -7.216353e-16 9.946593e-01
    outer loop
      vertex   3.558489e+00 8.576435e+01 2.325608e+01
      vertex   5.201715e+00 1.002644e+02 2.308556e+01
      vertex   3.558489e+00 1.002644e+02 2.325608e+01
    endloop
  endfacet
  facet normal 4.867243e-02 -7.297010e-16 9.988148e-01
    outer loop
      vertex   3.558489e+00 8.576435e+01 2.325608e+01
      vertex   3.558489e+00 1.002644e+02 2.325608e+01
      vertex   1.908397e+00 8.576435e+01 2.333648e+01
    endloop
  endfacet
  facet normal 4.867243e-02 -0.000000e+00 9.988148e-01
    outer loop
      vertex   1.908397e+00 8.576435e+01 2.333648e+01
      vertex   3.558489e+00 1.002644e+02 2.325608e+01
      vertex   1.908397e+00 1.002644e+02 2.333648e+01
    endloop
  endfacet
  facet normal -9.504241e-01 -0.000000e+00 -3.109568e-01
    outer loop
      vertex   2.561528e+00 1.002644e+02 2.168025e+01
      vertex   2.561528e+00 8.476435e+01 2.168025e+01
      vertex   2.376772e+00 1.002644e+02 2.224495e+01
    endloop
  endfacet
  facet normal -9.442196e-01 7.428036e-04 -3.293155e-01
    outer loop
      vertex   2.376772e+00 1.002644e+02 2.224495e+01
      vertex   2.561528e+00 8.476435e+01 2.168025e+01
      vertex   2.238328e+00 8.476435e+01 2.260694e+01
    endloop
  endfacet
  facet normal -9.302790e-01 -2.583566e-04 -3.668527e-01
    outer loop
      vertex   2.376772e+00 1.002644e+02 2.224495e+01
      vertex   2.238328e+00 8.476435e+01 2.260694e+01
      vertex   2.158805e+00 1.002644e+02 2.279768e+01
    endloop
  endfacet
  facet normal -9.109488e-01 4.027816e-04 -4.125192e-01
    outer loop
      vertex   2.158805e+00 1.002644e+02 2.279768e+01
      vertex   2.238328e+00 8.476435e+01 2.260694e+01
      vertex   1.908397e+00 8.576435e+01 2.333648e+01
    endloop
  endfacet
  facet normal -9.068500e-01 0.000000e+00 -4.214536e-01
    outer loop
      vertex   2.158805e+00 1.002644e+02 2.279768e+01
      vertex   1.908397e+00 8.576435e+01 2.333648e+01
      vertex   1.908397e+00 1.002644e+02 2.333648e+01
    endloop
  endfacet
  facet normal -9.089578e-01 4.231411e-03 -4.168667e-01
    outer loop
      vertex   1.908397e+00 8.576435e+01 2.333648e+01
      vertex   2.238328e+00 8.476435e+01 2.260694e+01
      vertex   1.897258e+00 8.555609e+01 2.335866e+01
    endloop
  endfacet
  facet normal -9.073613e-01 8.152860e-03 -4.202725e-01
    outer loop
      vertex   1.897258e+00 8.555609e+01 2.335866e+01
      vertex   2.238328e+00 8.476435e+01 2.260694e+01
      vertex   1.825846e+00 8.476435e+01 2.349748e+01
    endloop
  endfacet
  facet normal -8.932420e-01 1.741960e-03 -4.495728e-01
    outer loop
      vertex   1.897258e+00 8.555609e+01 2.335866e+01
      vertex   1.825846e+00 8.476435e+01 2.349748e+01
      vertex   1.864219e+00 8.535836e+01 2.342354e+01
    endloop
  endfacet
  facet normal -8.866632e-01 -2.816977e-04 -4.624157e-01
    outer loop
      vertex   1.864219e+00 8.535836e+01 2.342354e+01
      vertex   1.825846e+00 8.476435e+01 2.349748e+01
      vertex   1.810945e+00 8.518159e+01 2.352579e+01
    endloop
  endfacet
  facet normal -8.809153e-01 6.604757e-04 -4.732735e-01
    outer loop
      vertex   1.810945e+00 8.518159e+01 2.352579e+01
      vertex   1.825846e+00 8.476435e+01 2.349748e+01
      vertex   1.739431e+00 8.503202e+01 2.365870e+01
    endloop
  endfacet
  facet normal -8.754259e-01 8.458616e-03 -4.832783e-01
    outer loop
      vertex   1.739431e+00 8.503202e+01 2.365870e+01
      vertex   1.825846e+00 8.476435e+01 2.349748e+01
      vertex   1.652701e+00 8.491458e+01 2.381375e+01
    endloop
  endfacet
  facet normal -8.699521e-01 3.317032e-02 -4.920195e-01
    outer loop
      vertex   1.652701e+00 8.491458e+01 2.381375e+01
      vertex   1.825846e+00 8.476435e+01 2.349748e+01
      vertex   1.553235e+00 8.483064e+01 2.398396e+01
    endloop
  endfacet
  facet normal -8.611454e-01 1.065058e-01 -4.970767e-01
    outer loop
      vertex   1.553235e+00 8.483064e+01 2.398396e+01
      vertex   1.825846e+00 8.476435e+01 2.349748e+01
      vertex   1.444181e+00 8.478080e+01 2.416221e+01
    endloop
  endfacet
  facet normal -7.707268e-01 4.474715e-01 -4.535962e-01
    outer loop
      vertex   1.444181e+00 8.478080e+01 2.416221e+01
      vertex   1.825846e+00 8.476435e+01 2.349748e+01
      vertex   1.328056e+00 8.476435e+01 2.434329e+01
    endloop
  endfacet
  facet normal 0.000000e+00 1.000000e+00 0.000000e+00
    outer loop
      vertex   7.389862e+00 1.012644e+02 1.980646e+01
      vertex   6.222961e+00 1.012644e+02 2.004790e+01
      vertex   6.648766e+00 1.012644e+02 2.184260e+01
    endloop
  endfacet
  facet normal 0.000000e+00 1.000000e+00 0.000000e+00
    outer loop
      vertex   6.648766e+00 1.012644e+02 2.184260e+01
      vertex   6.222961e+00 1.012644e+02 2.004790e+01
      vertex   5.580502e+00 1.012644e+02 2.202258e+01
    endloop
  endfacet
  facet normal 0.000000e+00 1.000000e+00 0.000000e+00
    outer loop
      vertex   5.580502e+00 1.012644e+02 2.202258e+01
      vertex   6.222961e+00 1.012644e+02 2.004790e+01
      vertex   5.046655e+00 1.012644e+02 2.023831e+01
    endloop
  endfacet
  facet normal 0.000000e+00 1.000000e+00 0.000000e+00
    outer loop
      vertex   5.580502e+00 1.012644e+02 2.202258e+01
      vertex   5.046655e+00 1.012644e+02 2.023831e+01
      vertex   4.506299e+00 1.012644e+02 2.216281e+01
    endloop
  endfacet
  facet normal 0.000000e+00 1.000000e+00 0.000000e+00
    outer loop
      vertex   4.506299e+00 1.012644e+02 2.216281e+01
      vertex   5.046655e+00 1.012644e+02 2.023831e+01
      vertex   3.755011e+00 1.012644e+02 2.101408e+01
    endloop
  endfacet
  facet normal 0.000000e+00 1.000000e+00 0.000000e+00
    outer loop
      vertex   4.506299e+00 1.012644e+02 2.216281e+01
      vertex   3.755011e+00 1.012644e+02 2.101408e+01
      vertex   3.609665e+00 1.012644e+02 2.164340e+01
    endloop
  endfacet
  facet normal 0.000000e+00 1.000000e+00 0.000000e+00
    outer loop
      vertex   5.046655e+00 1.012644e+02 2.023831e+01
      vertex   3.863172e+00 1.012644e+02 2.037732e+01
      vertex   3.755011e+00 1.012644e+02 2.101408e+01
    endloop
  endfacet
  facet normal 0.000000e+00 1.000000e+00 -0.000000e+00
    outer loop
      vertex   3.609665e+00 1.012644e+02 2.164340e+01
      vertex   3.427633e+00 1.012644e+02 2.226310e+01
      vertex   4.506299e+00 1.012644e+02 2.216281e+01
    endloop
  endfacet
  facet normal -1.064053e-01 7.308712e-16 -9.943228e-01
    outer loop
      vertex   7.402458e+00 1.002644e+02 1.880654e+01
      vertex   7.402458e+00 9.543102e+01 1.880654e+01
      vertex   7.165965e+00 1.002644e+02 1.883184e+01
    endloop
  endfacet
  facet normal -1.064053e-01 0.000000e+00 -9.943228e-01
    outer loop
      vertex   7.165965e+00 1.002644e+02 1.883184e+01
      vertex   7.402458e+00 9.543102e+01 1.880654e+01
      vertex   7.402458e+00 9.059769e+01 1.880654e+01
    endloop
  endfacet
  facet normal -1.064053e-01 5.133184e-16 -9.943228e-01
    outer loop
      vertex   7.165965e+00 1.002644e+02 1.883184e+01
      vertex   7.402458e+00 9.059769e+01 1.880654e+01
      vertex   7.165965e+00 8.576435e+01 1.883184e+01
    endloop
  endfacet
  facet normal -1.064053e-01 0.000000e+00 -9.943228e-01
    outer loop
      vertex   7.165965e+00 8.576435e+01 1.883184e+01
      vertex   7.402458e+00 9.059769e+01 1.880654e+01
      vertex   7.402458e+00 8.576435e+01 1.880654e+01
    endloop
  endfacet
  facet normal 1.314198e-01 0.000000e+00 -9.913268e-01
    outer loop
      vertex   7.402458e+00 8.576435e+01 1.880654e+01
      vertex   7.402458e+00 9.059769e+01 1.880654e+01
      vertex   7.638240e+00 8.576435e+01 1.883779e+01
    endloop
  endfacet
  facet normal 1.314198e-01 0.000000e+00 -9.913268e-01
    outer loop
      vertex   7.638240e+00 8.576435e+01 1.883779e+01
      vertex   7.402458e+00 9.059769e+01 1.880654e+01
      vertex   7.638240e+00 9.059769e+01 1.883779e+01
    endloop
  endfacet
  facet normal 3.618105e-01 0.000000e+00 -9.322517e-01
    outer loop
      vertex   7.638240e+00 8.576435e+01 1.883779e+01
      vertex   7.638240e+00 9.059769e+01 1.883779e+01
      vertex   7.859970e+00 8.576435e+01 1.892385e+01
    endloop
  endfacet
  facet normal 3.618105e-01 0.000000e+00 -9.322517e-01
    outer loop
      vertex   7.859970e+00 8.576435e+01 1.892385e+01
      vertex   7.638240e+00 9.059769e+01 1.883779e+01
      vertex   7.859970e+00 9.059769e+01 1.892385e+01
    endloop
  endfacet
  facet normal 5.717336e-01 0.000000e+00 -8.204393e-01
    outer loop
      vertex   7.859970e+00 8.576435e+01 1.892385e+01
      vertex   7.859970e+00 9.059769e+01 1.892385e+01
      vertex   8.055106e+00 8.576435e+01 1.905983e+01
    endloop
  endfacet
  facet normal 5.717336e-01 0.000000e+00 -8.204393e-01
    outer loop
      vertex   8.055106e+00 8.576435e+01 1.905983e+01
      vertex   7.859970e+00 9.059769e+01 1.892385e+01
      vertex   8.055106e+00 9.059769e+01 1.905983e+01
    endloop
  endfacet
  facet normal 7.493140e-01 0.000000e+00 -6.622149e-01
    outer loop
      vertex   8.055106e+00 8.576435e+01 1.905983e+01
      vertex   8.055106e+00 9.059769e+01 1.905983e+01
      vertex   8.212610e+00 8.576435e+01 1.923805e+01
    endloop
  endfacet
  facet normal 7.493140e-01 0.000000e+00 -6.622149e-01
    outer loop
      vertex   8.212610e+00 8.576435e+01 1.923805e+01
      vertex   8.055106e+00 9.059769e+01 1.905983e+01
      vertex   8.212610e+00 9.059769e+01 1.923805e+01
    endloop
  endfacet
  facet normal 8.845058e-01 0.000000e+00 -4.665292e-01
    outer loop
      vertex   8.212610e+00 8.576435e+01 1.923805e+01
      vertex   8.212610e+00 9.059769e+01 1.923805e+01
      vertex   8.323571e+00 8.576435e+01 1.944843e+01
    endloop
  endfacet
  facet normal 8.845058e-01 0.000000e+00 -4.665292e-01
    outer loop
      vertex   8.323571e+00 8.576435e+01 1.944843e+01
      vertex   8.212610e+00 9.059769e+01 1.923805e+01
      vertex   8.323571e+00 9.059769e+01 1.944843e+01
    endloop
  endfacet
  facet normal 9.696614e-01 0.000000e+00 -2.444520e-01
    outer loop
      vertex   8.323571e+00 8.576435e+01 1.944843e+01
      vertex   8.323571e+00 9.059769e+01 1.944843e+01
      vertex   8.381713e+00 8.576435e+01 1.967905e+01
    endloop
  endfacet
  facet normal 9.696614e-01 0.000000e+00 -2.444520e-01
    outer loop
      vertex   8.381713e+00 8.576435e+01 1.967905e+01
      vertex   8.323571e+00 9.059769e+01 1.944843e+01
      vertex   8.381713e+00 9.059769e+01 1.967905e+01
    endloop
  endfacet
  facet normal 9.999635e-01 0.000000e+00 -8.546270e-03
    outer loop
      vertex   8.381713e+00 8.576435e+01 1.967905e+01
      vertex   8.381713e+00 9.059769e+01 1.967905e+01
      vertex   8.383745e+00 8.576435e+01 1.991689e+01
    endloop
  endfacet
  facet normal 9.999635e-01 0.000000e+00 -8.546270e-03
    outer loop
      vertex   8.383745e+00 8.576435e+01 1.991689e+01
      vertex   8.381713e+00 9.059769e+01 1.967905e+01
      vertex   8.383745e+00 9.059769e+01 1.991689e+01
    endloop
  endfacet
  facet normal 9.736979e-01 -0.000000e+00 2.278429e-01
    outer loop
      vertex   8.383745e+00 8.576435e+01 1.991689e+01
      vertex   8.383745e+00 9.059769e+01 1.991689e+01
      vertex   8.329554e+00 8.576435e+01 2.014848e+01
    endloop
  endfacet
  facet normal 9.736979e-01 0.000000e+00 2.278429e-01
    outer loop
      vertex   8.329554e+00 8.576435e+01 2.014848e+01
      vertex   8.383745e+00 9.059769e+01 1.991689e+01
      vertex   8.383745e+00 9.543102e+01 1.991689e+01
    endloop
  endfacet
  facet normal 9.736979e-01 -0.000000e+00 2.278429e-01
    outer loop
      vertex   8.329554e+00 8.576435e+01 2.014848e+01
      vertex   8.383745e+00 9.543102e+01 1.991689e+01
      vertex   8.329554e+00 1.002644e+02 2.014848e+01
    endloop
  endfacet
  facet normal 9.736979e-01 -3.591438e-16 2.278429e-01
    outer loop
      vertex   8.329554e+00 1.002644e+02 2.014848e+01
      vertex   8.383745e+00 9.543102e+01 1.991689e+01
      vertex   8.383745e+00 1.002644e+02 1.991689e+01
    endloop
  endfacet
  facet normal 9.999635e-01 -3.675087e-16 -8.546270e-03
    outer loop
      vertex   8.383745e+00 1.002644e+02 1.991689e+01
      vertex   8.383745e+00 9.543102e+01 1.991689e+01
      vertex   8.381713e+00 1.002644e+02 1.967905e+01
    endloop
  endfacet
  facet normal 9.999635e-01 0.000000e+00 -8.546270e-03
    outer loop
      vertex   8.381713e+00 1.002644e+02 1.967905e+01
      vertex   8.383745e+00 9.543102e+01 1.991689e+01
      vertex   8.381713e+00 9.543102e+01 1.967905e+01
    endloop
  endfacet
  facet normal 9.696614e-01 0.000000e+00 -2.444520e-01
    outer loop
      vertex   8.381713e+00 1.002644e+02 1.967905e+01
      vertex   8.381713e+00 9.543102e+01 1.967905e+01
      vertex   8.323571e+00 1.002644e+02 1.944843e+01
    endloop
  endfacet
  facet normal 9.696614e-01 7.127440e-16 -2.444520e-01
    outer loop
      vertex   8.323571e+00 1.002644e+02 1.944843e+01
      vertex   8.381713e+00 9.543102e+01 1.967905e+01
      vertex   8.323571e+00 9.543102e+01 1.944843e+01
    endloop
  endfacet
  facet normal 8.845058e-01 6.501509e-16 -4.665292e-01
    outer loop
      vertex   8.323571e+00 1.002644e+02 1.944843e+01
      vertex   8.323571e+00 9.543102e+01 1.944843e+01
      vertex   8.212610e+00 1.002644e+02 1.923805e+01
    endloop
  endfacet
  facet normal 8.845058e-01 0.000000e+00 -4.665292e-01
    outer loop
      vertex   8.212610e+00 1.002644e+02 1.923805e+01
      vertex   8.323571e+00 9.543102e+01 1.944843e+01
      vertex   8.212610e+00 9.543102e+01 1.923805e+01
    endloop
  endfacet
  facet normal 7.493140e-01 0.000000e+00 -6.622149e-01
    outer loop
      vertex   8.212610e+00 1.002644e+02 1.923805e+01
      vertex   8.212610e+00 9.543102e+01 1.923805e+01
      vertex   8.055106e+00 1.002644e+02 1.905983e+01
    endloop
  endfacet
  facet normal 7.493140e-01 0.000000e+00 -6.622149e-01
    outer loop
      vertex   8.055106e+00 1.002644e+02 1.905983e+01
      vertex   8.212610e+00 9.543102e+01 1.923805e+01
      vertex   8.055106e+00 9.543102e+01 1.905983e+01
    endloop
  endfacet
  facet normal 5.717336e-01 0.000000e+00 -8.204393e-01
    outer loop
      vertex   8.055106e+00 1.002644e+02 1.905983e+01
      vertex   8.055106e+00 9.543102e+01 1.905983e+01
      vertex   7.859970e+00 1.002644e+02 1.892385e+01
    endloop
  endfacet
  facet normal 5.717336e-01 0.000000e+00 -8.204393e-01
    outer loop
      vertex   7.859970e+00 1.002644e+02 1.892385e+01
      vertex   8.055106e+00 9.543102e+01 1.905983e+01
      vertex   7.859970e+00 9.543102e+01 1.892385e+01
    endloop
  endfacet
  facet normal 3.618105e-01 0.000000e+00 -9.322517e-01
    outer loop
      vertex   7.859970e+00 1.002644e+02 1.892385e+01
      vertex   7.859970e+00 9.543102e+01 1.892385e+01
      vertex   7.638240e+00 1.002644e+02 1.883779e+01
    endloop
  endfacet
  facet normal 3.618105e-01 6.648667e-17 -9.322517e-01
    outer loop
      vertex   7.638240e+00 1.002644e+02 1.883779e+01
      vertex   7.859970e+00 9.543102e+01 1.892385e+01
      vertex   7.638240e+00 9.543102e+01 1.883779e+01
    endloop
  endfacet
  facet normal 1.314198e-01 2.414984e-17 -9.913268e-01
    outer loop
      vertex   7.638240e+00 1.002644e+02 1.883779e+01
      vertex   7.638240e+00 9.543102e+01 1.883779e+01
      vertex   7.402458e+00 1.002644e+02 1.880654e+01
    endloop
  endfacet
  facet normal 1.314198e-01 7.286690e-16 -9.913268e-01
    outer loop
      vertex   7.402458e+00 1.002644e+02 1.880654e+01
      vertex   7.638240e+00 9.543102e+01 1.883779e+01
      vertex   7.402458e+00 9.543102e+01 1.880654e+01
    endloop
  endfacet
  facet normal 1.314198e-01 0.000000e+00 -9.913268e-01
    outer loop
      vertex   7.638240e+00 9.059769e+01 1.883779e+01
      vertex   7.402458e+00 9.059769e+01 1.880654e+01
      vertex   7.402458e+00 9.543102e+01 1.880654e+01
    endloop
  endfacet
  facet normal 1.314198e-01 0.000000e+00 -9.913268e-01
    outer loop
      vertex   7.638240e+00 9.059769e+01 1.883779e+01
      vertex   7.402458e+00 9.543102e+01 1.880654e+01
      vertex   7.638240e+00 9.543102e+01 1.883779e+01
    endloop
  endfacet
  facet normal 3.618105e-01 0.000000e+00 -9.322517e-01
    outer loop
      vertex   7.859970e+00 9.059769e+01 1.892385e+01
      vertex   7.638240e+00 9.059769e+01 1.883779e+01
      vertex   7.638240e+00 9.543102e+01 1.883779e+01
    endloop
  endfacet
  facet normal 3.618105e-01 0.000000e+00 -9.322517e-01
    outer loop
      vertex   7.859970e+00 9.059769e+01 1.892385e+01
      vertex   7.638240e+00 9.543102e+01 1.883779e+01
      vertex   7.859970e+00 9.543102e+01 1.892385e+01
    endloop
  endfacet
  facet normal 5.717336e-01 0.000000e+00 -8.204393e-01
    outer loop
      vertex   8.055106e+00 9.059769e+01 1.905983e+01
      vertex   7.859970e+00 9.059769e+01 1.892385e+01
      vertex   7.859970e+00 9.543102e+01 1.892385e+01
    endloop
  endfacet
  facet normal 5.717336e-01 0.000000e+00 -8.204393e-01
    outer loop
      vertex   8.055106e+00 9.059769e+01 1.905983e+01
      vertex   7.859970e+00 9.543102e+01 1.892385e+01
      vertex   8.055106e+00 9.543102e+01 1.905983e+01
    endloop
  endfacet
  facet normal 7.493140e-01 0.000000e+00 -6.622149e-01
    outer loop
      vertex   8.212610e+00 9.059769e+01 1.923805e+01
      vertex   8.055106e+00 9.059769e+01 1.905983e+01
      vertex   8.055106e+00 9.543102e+01 1.905983e+01
    endloop
  endfacet
  facet normal 7.493140e-01 0.000000e+00 -6.622149e-01
    outer loop
      vertex   8.212610e+00 9.059769e+01 1.923805e+01
      vertex   8.055106e+00 9.543102e+01 1.905983e+01
      vertex   8.212610e+00 9.543102e+01 1.923805e+01
    endloop
  endfacet
  facet normal 8.845058e-01 0.000000e+00 -4.665292e-01
    outer loop
      vertex   8.323571e+00 9.059769e+01 1.944843e+01
      vertex   8.212610e+00 9.059769e+01 1.923805e+01
      vertex   8.212610e+00 9.543102e+01 1.923805e+01
    endloop
  endfacet
  facet normal 8.845058e-01 -3.429196e-16 -4.665292e-01
    outer loop
      vertex   8.323571e+00 9.059769e+01 1.944843e+01
      vertex   8.212610e+00 9.543102e+01 1.923805e+01
      vertex   8.323571e+00 9.543102e+01 1.944843e+01
    endloop
  endfacet
  facet normal 9.696614e-01 -1.810809e-16 -2.444520e-01
    outer loop
      vertex   8.381713e+00 9.059769e+01 1.967905e+01
      vertex   8.323571e+00 9.059769e+01 1.944843e+01
      vertex   8.323571e+00 9.543102e+01 1.944843e+01
    endloop
  endfacet
  facet normal 9.696614e-01 0.000000e+00 -2.444520e-01
    outer loop
      vertex   8.381713e+00 9.059769e+01 1.967905e+01
      vertex   8.323571e+00 9.543102e+01 1.944843e+01
      vertex   8.381713e+00 9.543102e+01 1.967905e+01
    endloop
  endfacet
  facet normal 9.999635e-01 0.000000e+00 -8.546270e-03
    outer loop
      vertex   8.383745e+00 9.059769e+01 1.991689e+01
      vertex   8.381713e+00 9.059769e+01 1.967905e+01
      vertex   8.381713e+00 9.543102e+01 1.967905e+01
    endloop
  endfacet
  facet normal 9.999635e-01 0.000000e+00 -8.546270e-03
    outer loop
      vertex   8.383745e+00 9.059769e+01 1.991689e+01
      vertex   8.381713e+00 9.543102e+01 1.967905e+01
      vertex   8.383745e+00 9.543102e+01 1.991689e+01
    endloop
  endfacet
  facet normal 8.876405e-01 0.000000e+00 4.605371e-01
    outer loop
      vertex   7.469481e+00 1.002644e+02 2.241394e+01
      vertex   7.469481e+00 9.543102e+01 2.241394e+01
      vertex   7.588458e+00 1.002644e+02 2.218462e+01
    endloop
  endfacet
  facet normal 8.876405e-01 0.000000e+00 4.605371e-01
    outer loop
      vertex   7.588458e+00 1.002644e+02 2.218462e+01
      vertex   7.469481e+00 9.543102e+01 2.241394e+01
      vertex   7.469481e+00 9.059769e+01 2.241394e+01
    endloop
  endfacet
  facet normal 8.876405e-01 0.000000e+00 4.605371e-01
    outer loop
      vertex   7.588458e+00 1.002644e+02 2.218462e+01
      vertex   7.469481e+00 9.059769e+01 2.241394e+01
      vertex   7.588458e+00 8.576435e+01 2.218462e+01
    endloop
  endfacet
  facet normal 8.876405e-01 0.000000e+00 4.605371e-01
    outer loop
      vertex   7.588458e+00 8.576435e+01 2.218462e+01
      vertex   7.469481e+00 9.059769e+01 2.241394e+01
      vertex   7.469481e+00 8.576435e+01 2.241394e+01
    endloop
  endfacet
  facet normal 7.400384e-01 -0.000000e+00 6.725646e-01
    outer loop
      vertex   7.469481e+00 8.576435e+01 2.241394e+01
      vertex   7.469481e+00 9.059769e+01 2.241394e+01
      vertex   7.295727e+00 8.576435e+01 2.260513e+01
    endloop
  endfacet
  facet normal 7.400384e-01 -0.000000e+00 6.725646e-01
    outer loop
      vertex   7.295727e+00 8.576435e+01 2.260513e+01
      vertex   7.469481e+00 9.059769e+01 2.241394e+01
      vertex   7.295727e+00 9.059769e+01 2.260513e+01
    endloop
  endfacet
  facet normal 5.430446e-01 -0.000000e+00 8.397038e-01
    outer loop
      vertex   7.295727e+00 8.576435e+01 2.260513e+01
      vertex   7.295727e+00 9.059769e+01 2.260513e+01
      vertex   7.078794e+00 8.576435e+01 2.274542e+01
    endloop
  endfacet
  facet normal 5.430446e-01 -0.000000e+00 8.397038e-01
    outer loop
      vertex   7.078794e+00 8.576435e+01 2.274542e+01
      vertex   7.295727e+00 9.059769e+01 2.260513e+01
      vertex   7.078794e+00 9.059769e+01 2.274542e+01
    endloop
  endfacet
  facet normal 3.098070e-01 -0.000000e+00 9.507995e-01
    outer loop
      vertex   7.078794e+00 8.576435e+01 2.274542e+01
      vertex   7.078794e+00 9.059769e+01 2.274542e+01
      vertex   6.833160e+00 8.576435e+01 2.282546e+01
    endloop
  endfacet
  facet normal 3.098070e-01 0.000000e+00 9.507995e-01
    outer loop
      vertex   6.833160e+00 8.576435e+01 2.282546e+01
      vertex   7.078794e+00 9.059769e+01 2.274542e+01
      vertex   7.078794e+00 9.543102e+01 2.274542e+01
    endloop
  endfacet
  facet normal 3.098070e-01 -0.000000e+00 9.507995e-01
    outer loop
      vertex   6.833160e+00 8.576435e+01 2.282546e+01
      vertex   7.078794e+00 9.543102e+01 2.274542e+01
      vertex   6.833160e+00 1.002644e+02 2.282546e+01
    endloop
  endfacet
  facet normal 3.098070e-01 1.139194e-16 9.507995e-01
    outer loop
      vertex   6.833160e+00 1.002644e+02 2.282546e+01
      vertex   7.078794e+00 9.543102e+01 2.274542e+01
      vertex   7.078794e+00 1.002644e+02 2.274542e+01
    endloop
  endfacet
  facet normal 5.430446e-01 1.995809e-16 8.397038e-01
    outer loop
      vertex   7.078794e+00 1.002644e+02 2.274542e+01
      vertex   7.078794e+00 9.543102e+01 2.274542e+01
      vertex   7.295727e+00 1.002644e+02 2.260513e+01
    endloop
  endfacet
  facet normal 5.430446e-01 0.000000e+00 8.397038e-01
    outer loop
      vertex   7.295727e+00 1.002644e+02 2.260513e+01
      vertex   7.078794e+00 9.543102e+01 2.274542e+01
      vertex   7.295727e+00 9.543102e+01 2.260513e+01
    endloop
  endfacet
  facet normal 7.400384e-01 0.000000e+00 6.725646e-01
    outer loop
      vertex   7.295727e+00 1.002644e+02 2.260513e+01
      vertex   7.295727e+00 9.543102e+01 2.260513e+01
      vertex   7.469481e+00 1.002644e+02 2.241394e+01
    endloop
  endfacet
  facet normal 7.400384e-01 0.000000e+00 6.725646e-01
    outer loop
      vertex   7.469481e+00 1.002644e+02 2.241394e+01
      vertex   7.295727e+00 9.543102e+01 2.260513e+01
      vertex   7.469481e+00 9.543102e+01 2.241394e+01
    endloop
  endfacet
  facet normal 7.400384e-01 0.000000e+00 6.725646e-01
    outer loop
      vertex   7.295727e+00 9.059769e+01 2.260513e+01
      vertex   7.469481e+00 9.059769e+01 2.241394e+01
      vertex   7.469481e+00 9.543102e+01 2.241394e+01
    endloop
  endfacet
  facet normal 7.400384e-01 -0.000000e+00 6.725646e-01
    outer loop
      vertex   7.295727e+00 9.059769e+01 2.260513e+01
      vertex   7.469481e+00 9.543102e+01 2.241394e+01
      vertex   7.295727e+00 9.543102e+01 2.260513e+01
    endloop
  endfacet
  facet normal 5.430446e-01 0.000000e+00 8.397038e-01
    outer loop
      vertex   7.078794e+00 9.059769e+01 2.274542e+01
      vertex   7.295727e+00 9.059769e+01 2.260513e+01
      vertex   7.295727e+00 9.543102e+01 2.260513e+01
    endloop
  endfacet
  facet normal 5.430446e-01 -0.000000e+00 8.397038e-01
    outer loop
      vertex   7.078794e+00 9.059769e+01 2.274542e+01
      vertex   7.295727e+00 9.543102e+01 2.260513e+01
      vertex   7.078794e+00 9.543102e+01 2.274542e+01
    endloop
  endfacet
  facet normal 9.396926e-01 0.000000e+00 3.420201e-01
    outer loop
      vertex   8.329554e+00 1.002644e+02 2.014848e+01
      vertex   7.588458e+00 1.002644e+02 2.218462e+01
      vertex   8.329554e+00 8.576435e+01 2.014848e+01
    endloop
  endfacet
  facet normal 9.396926e-01 0.000000e+00 3.420201e-01
    outer loop
      vertex   8.329554e+00 8.576435e+01 2.014848e+01
      vertex   7.588458e+00 1.002644e+02 2.218462e+01
      vertex   7.588458e+00 8.576435e+01 2.218462e+01
    endloop
  endfacet
  facet normal 9.654841e-01 1.296155e-01 2.259209e-01
    outer loop
      vertex   8.329554e+00 8.576435e+01 2.014848e+01
      vertex   8.361574e+00 8.550553e+01 2.016013e+01
      vertex   8.383745e+00 8.576435e+01 1.991689e+01
    endloop
  endfacet
  facet normal 9.654841e-01 1.296155e-01 2.259209e-01
    outer loop
      vertex   8.383745e+00 8.576435e+01 1.991689e+01
      vertex   8.361574e+00 8.550553e+01 2.016013e+01
      vertex   8.417611e+00 8.550553e+01 1.992065e+01
    endloop
  endfacet
  facet normal 9.915281e-01 1.296155e-01 -8.474176e-03
    outer loop
      vertex   8.383745e+00 8.576435e+01 1.991689e+01
      vertex   8.417611e+00 8.550553e+01 1.992065e+01
      vertex   8.381713e+00 8.576435e+01 1.967905e+01
    endloop
  endfacet
  facet normal 9.915281e-01 1.296155e-01 -8.474176e-03
    outer loop
      vertex   8.381713e+00 8.576435e+01 1.967905e+01
      vertex   8.417611e+00 8.550553e+01 1.992065e+01
      vertex   8.415509e+00 8.550553e+01 1.967471e+01
    endloop
  endfacet
  facet normal 9.614816e-01 1.296155e-01 -2.423899e-01
    outer loop
      vertex   8.381713e+00 8.576435e+01 1.967905e+01
      vertex   8.415509e+00 8.550553e+01 1.967471e+01
      vertex   8.323571e+00 8.576435e+01 1.944843e+01
    endloop
  endfacet
  facet normal 9.614816e-01 1.296155e-01 -2.423899e-01
    outer loop
      vertex   8.323571e+00 8.576435e+01 1.944843e+01
      vertex   8.415509e+00 8.550553e+01 1.967471e+01
      vertex   8.355387e+00 8.550553e+01 1.943623e+01
    endloop
  endfacet
  facet normal 8.770444e-01 1.296155e-01 -4.625937e-01
    outer loop
      vertex   8.323571e+00 8.576435e+01 1.944843e+01
      vertex   8.355387e+00 8.550553e+01 1.943623e+01
      vertex   8.212610e+00 8.576435e+01 1.923805e+01
    endloop
  endfacet
  facet normal 8.770444e-01 1.296155e-01 -4.625937e-01
    outer loop
      vertex   8.212610e+00 8.576435e+01 1.923805e+01
      vertex   8.355387e+00 8.550553e+01 1.943623e+01
      vertex   8.240645e+00 8.550553e+01 1.921868e+01
    endloop
  endfacet
  facet normal 7.429930e-01 1.296155e-01 -6.566287e-01
    outer loop
      vertex   8.212610e+00 8.576435e+01 1.923805e+01
      vertex   8.240645e+00 8.550553e+01 1.921868e+01
      vertex   8.055106e+00 8.576435e+01 1.905983e+01
    endloop
  endfacet
  facet normal 7.429930e-01 1.296155e-01 -6.566287e-01
    outer loop
      vertex   8.055106e+00 8.576435e+01 1.905983e+01
      vertex   8.240645e+00 8.550553e+01 1.921868e+01
      vertex   8.077774e+00 8.550553e+01 1.903439e+01
    endloop
  endfacet
  facet normal 5.669107e-01 1.296155e-01 -8.135183e-01
    outer loop
      vertex   8.055106e+00 8.576435e+01 1.905983e+01
      vertex   8.077774e+00 8.550553e+01 1.903439e+01
      vertex   7.859970e+00 8.576435e+01 1.892385e+01
    endloop
  endfacet
  facet normal 5.669107e-01 1.296155e-01 -8.135183e-01
    outer loop
      vertex   7.859970e+00 8.576435e+01 1.892385e+01
      vertex   8.077774e+00 8.550553e+01 1.903439e+01
      vertex   7.875988e+00 8.550553e+01 1.889377e+01
    endloop
  endfacet
  facet normal 3.587584e-01 1.296155e-01 -9.243875e-01
    outer loop
      vertex   7.859970e+00 8.576435e+01 1.892385e+01
      vertex   7.875988e+00 8.550553e+01 1.889377e+01
      vertex   7.638240e+00 8.576435e+01 1.883779e+01
    endloop
  endfacet
  facet normal 3.587584e-01 1.296155e-01 -9.243875e-01
    outer loop
      vertex   7.638240e+00 8.576435e+01 1.883779e+01
      vertex   7.875988e+00 8.550553e+01 1.889377e+01
      vertex   7.646703e+00 8.550553e+01 1.880479e+01
    endloop
  endfacet
  facet normal 1.303112e-01 1.296155e-01 -9.829643e-01
    outer loop
      vertex   7.638240e+00 8.576435e+01 1.883779e+01
      vertex   7.646703e+00 8.550553e+01 1.880479e+01
      vertex   7.402458e+00 8.576435e+01 1.880654e+01
    endloop
  endfacet
  facet normal 1.303112e-01 1.296155e-01 -9.829643e-01
    outer loop
      vertex   7.402458e+00 8.576435e+01 1.880654e+01
      vertex   7.646703e+00 8.550553e+01 1.880479e+01
      vertex   7.402888e+00 8.550553e+01 1.877247e+01
    endloop
  endfacet
  facet normal -1.055077e-01 1.296155e-01 -9.859351e-01
    outer loop
      vertex   7.402458e+00 8.576435e+01 1.880654e+01
      vertex   7.402888e+00 8.550553e+01 1.877247e+01
      vertex   7.165965e+00 8.576435e+01 1.883184e+01
    endloop
  endfacet
  facet normal -1.055077e-01 1.296155e-01 -9.859351e-01
    outer loop
      vertex   7.165965e+00 8.576435e+01 1.883184e+01
      vertex   7.402888e+00 8.550553e+01 1.877247e+01
      vertex   7.158336e+00 8.550553e+01 1.879864e+01
    endloop
  endfacet
  facet normal -9.840762e-02 3.803618e-01 -9.195873e-01
    outer loop
      vertex   7.158336e+00 8.550553e+01 1.879864e+01
      vertex   7.402888e+00 8.550553e+01 1.877247e+01
      vertex   7.404146e+00 8.526435e+01 1.867257e+01
    endloop
  endfacet
  facet normal -9.840762e-02 3.803618e-01 -9.195873e-01
    outer loop
      vertex   7.158336e+00 8.550553e+01 1.879864e+01
      vertex   7.404146e+00 8.526435e+01 1.867257e+01
      vertex   7.135968e+00 8.526435e+01 1.870127e+01
    endloop
  endfacet
  facet normal -8.463907e-02 6.060316e-01 -7.909247e-01
    outer loop
      vertex   7.135968e+00 8.526435e+01 1.870127e+01
      vertex   7.404146e+00 8.526435e+01 1.867257e+01
      vertex   7.406148e+00 8.505725e+01 1.851367e+01
    endloop
  endfacet
  facet normal -8.463907e-02 6.060316e-01 -7.909247e-01
    outer loop
      vertex   7.135968e+00 8.526435e+01 1.870127e+01
      vertex   7.406148e+00 8.505725e+01 1.851367e+01
      vertex   7.100387e+00 8.505725e+01 1.854639e+01
    endloop
  endfacet
  facet normal -6.506566e-02 7.912529e-01 -6.080175e-01
    outer loop
      vertex   7.100387e+00 8.505725e+01 1.854639e+01
      vertex   7.406148e+00 8.505725e+01 1.851367e+01
      vertex   7.408757e+00 8.489833e+01 1.830658e+01
    endloop
  endfacet
  facet normal -6.506566e-02 7.912529e-01 -6.080175e-01
    outer loop
      vertex   7.100387e+00 8.505725e+01 1.854639e+01
      vertex   7.408757e+00 8.489833e+01 1.830658e+01
      vertex   7.054016e+00 8.489833e+01 1.834454e+01
    endloop
  endfacet
  facet normal -4.096755e-02 9.229106e-01 -3.828285e-01
    outer loop
      vertex   7.054016e+00 8.489833e+01 1.834454e+01
      vertex   7.408757e+00 8.489833e+01 1.830658e+01
      vertex   7.411795e+00 8.479843e+01 1.806541e+01
    endloop
  endfacet
  facet normal -4.096755e-02 9.229106e-01 -3.828285e-01
    outer loop
      vertex   7.054016e+00 8.489833e+01 1.834454e+01
      vertex   7.411795e+00 8.479843e+01 1.806541e+01
      vertex   7.000017e+00 8.479843e+01 1.810948e+01
    endloop
  endfacet
  facet normal -1.398623e-02 9.913237e-01 -1.306968e-01
    outer loop
      vertex   7.000017e+00 8.479843e+01 1.810948e+01
      vertex   7.411795e+00 8.479843e+01 1.806541e+01
      vertex   7.415055e+00 8.476435e+01 1.780662e+01
    endloop
  endfacet
  facet normal -1.398623e-02 9.913237e-01 -1.306968e-01
    outer loop
      vertex   7.000017e+00 8.479843e+01 1.810948e+01
      vertex   7.415055e+00 8.476435e+01 1.780662e+01
      vertex   6.942068e+00 8.476435e+01 1.785723e+01
    endloop
  endfacet
  facet normal 9.005126e-01 3.803618e-01 2.107177e-01
    outer loop
      vertex   8.361574e+00 8.550553e+01 2.016013e+01
      vertex   8.455449e+00 8.526435e+01 2.019430e+01
      vertex   8.417611e+00 8.550553e+01 1.992065e+01
    endloop
  endfacet
  facet normal 9.005126e-01 3.803618e-01 2.107177e-01
    outer loop
      vertex   8.417611e+00 8.550553e+01 1.992065e+01
      vertex   8.455449e+00 8.526435e+01 2.019430e+01
      vertex   8.516901e+00 8.526435e+01 1.993168e+01
    endloop
  endfacet
  facet normal 9.248040e-01 3.803618e-01 -7.903913e-03
    outer loop
      vertex   8.417611e+00 8.550553e+01 1.992065e+01
      vertex   8.516901e+00 8.526435e+01 1.993168e+01
      vertex   8.415509e+00 8.550553e+01 1.967471e+01
    endloop
  endfacet
  facet normal 9.248040e-01 3.803618e-01 -7.903913e-03
    outer loop
      vertex   8.415509e+00 8.550553e+01 1.967471e+01
      vertex   8.516901e+00 8.526435e+01 1.993168e+01
      vertex   8.514596e+00 8.526435e+01 1.966199e+01
    endloop
  endfacet
  facet normal 8.967795e-01 3.803618e-01 -2.260785e-01
    outer loop
      vertex   8.415509e+00 8.550553e+01 1.967471e+01
      vertex   8.514596e+00 8.526435e+01 1.966199e+01
      vertex   8.355387e+00 8.550553e+01 1.943623e+01
    endloop
  endfacet
  facet normal 8.967795e-01 3.803618e-01 -2.260785e-01
    outer loop
      vertex   8.355387e+00 8.550553e+01 1.943623e+01
      vertex   8.514596e+00 8.526435e+01 1.966199e+01
      vertex   8.448665e+00 8.526435e+01 1.940046e+01
    endloop
  endfacet
  facet normal 8.180244e-01 3.803618e-01 -4.314638e-01
    outer loop
      vertex   8.355387e+00 8.550553e+01 1.943623e+01
      vertex   8.448665e+00 8.526435e+01 1.940046e+01
      vertex   8.240645e+00 8.550553e+01 1.921868e+01
    endloop
  endfacet
  facet normal 8.180244e-01 3.803618e-01 -4.314638e-01
    outer loop
      vertex   8.240645e+00 8.550553e+01 1.921868e+01
      vertex   8.448665e+00 8.526435e+01 1.940046e+01
      vertex   8.322838e+00 8.526435e+01 1.916190e+01
    endloop
  endfacet
  facet normal 6.929938e-01 3.803618e-01 -6.124413e-01
    outer loop
      vertex   8.240645e+00 8.550553e+01 1.921868e+01
      vertex   8.322838e+00 8.526435e+01 1.916190e+01
      vertex   8.077774e+00 8.550553e+01 1.903439e+01
    endloop
  endfacet
  facet normal 6.929938e-01 3.803618e-01 -6.124413e-01
    outer loop
      vertex   8.077774e+00 8.550553e+01 1.903439e+01
      vertex   8.322838e+00 8.526435e+01 1.916190e+01
      vertex   8.144232e+00 8.526435e+01 1.895980e+01
    endloop
  endfacet
  facet normal 5.287608e-01 3.803618e-01 -7.587732e-01
    outer loop
      vertex   8.077774e+00 8.550553e+01 1.903439e+01
      vertex   8.144232e+00 8.526435e+01 1.895980e+01
      vertex   7.875988e+00 8.550553e+01 1.889377e+01
    endloop
  endfacet
  facet normal 5.287608e-01 3.803618e-01 -7.587732e-01
    outer loop
      vertex   7.875988e+00 8.550553e+01 1.889377e+01
      vertex   8.144232e+00 8.526435e+01 1.895980e+01
      vertex   7.922952e+00 8.526435e+01 1.880560e+01
    endloop
  endfacet
  facet normal 3.346160e-01 3.803618e-01 -8.621815e-01
    outer loop
      vertex   7.875988e+00 8.550553e+01 1.889377e+01
      vertex   7.922952e+00 8.526435e+01 1.880560e+01
      vertex   7.646703e+00 8.550553e+01 1.880479e+01
    endloop
  endfacet
  facet normal 3.346160e-01 3.803618e-01 -8.621815e-01
    outer loop
      vertex   7.646703e+00 8.550553e+01 1.880479e+01
      vertex   7.922952e+00 8.526435e+01 1.880560e+01
      vertex   7.671516e+00 8.526435e+01 1.870802e+01
    endloop
  endfacet
  facet normal 1.215420e-01 3.803618e-01 -9.168165e-01
    outer loop
      vertex   7.646703e+00 8.550553e+01 1.880479e+01
      vertex   7.671516e+00 8.526435e+01 1.870802e+01
      vertex   7.402888e+00 8.550553e+01 1.877247e+01
    endloop
  endfacet
  facet normal 1.215420e-01 3.803618e-01 -9.168165e-01
    outer loop
      vertex   7.402888e+00 8.550553e+01 1.877247e+01
      vertex   7.671516e+00 8.526435e+01 1.870802e+01
      vertex   7.404146e+00 8.526435e+01 1.867257e+01
    endloop
  endfacet
  facet normal 7.745188e-01 6.060316e-01 1.812355e-01
    outer loop
      vertex   8.455449e+00 8.526435e+01 2.019430e+01
      vertex   8.604784e+00 8.505725e+01 2.024865e+01
      vertex   8.516901e+00 8.526435e+01 1.993168e+01
    endloop
  endfacet
  facet normal 7.745188e-01 6.060316e-01 1.812355e-01
    outer loop
      vertex   8.516901e+00 8.526435e+01 1.993168e+01
      vertex   8.604784e+00 8.505725e+01 2.024865e+01
      vertex   8.674847e+00 8.505725e+01 1.994923e+01
    endloop
  endfacet
  facet normal 7.954115e-01 6.060316e-01 -6.798050e-03
    outer loop
      vertex   8.516901e+00 8.526435e+01 1.993168e+01
      vertex   8.674847e+00 8.505725e+01 1.994923e+01
      vertex   8.514596e+00 8.526435e+01 1.966199e+01
    endloop
  endfacet
  facet normal 7.954115e-01 6.060316e-01 -6.798050e-03
    outer loop
      vertex   8.514596e+00 8.526435e+01 1.966199e+01
      vertex   8.674847e+00 8.505725e+01 1.994923e+01
      vertex   8.672219e+00 8.505725e+01 1.964174e+01
    endloop
  endfacet
  facet normal 7.713080e-01 6.060316e-01 -1.944470e-01
    outer loop
      vertex   8.514596e+00 8.526435e+01 1.966199e+01
      vertex   8.672219e+00 8.505725e+01 1.964174e+01
      vertex   8.448665e+00 8.526435e+01 1.940046e+01
    endloop
  endfacet
  facet normal 7.713080e-01 6.060316e-01 -1.944470e-01
    outer loop
      vertex   8.448665e+00 8.526435e+01 1.940046e+01
      vertex   8.672219e+00 8.505725e+01 1.964174e+01
      vertex   8.597049e+00 8.505725e+01 1.934356e+01
    endloop
  endfacet
  facet normal 7.035718e-01 6.060316e-01 -3.710962e-01
    outer loop
      vertex   8.448665e+00 8.526435e+01 1.940046e+01
      vertex   8.597049e+00 8.505725e+01 1.934356e+01
      vertex   8.322838e+00 8.526435e+01 1.916190e+01
    endloop
  endfacet
  facet normal 7.035718e-01 6.060316e-01 -3.710962e-01
    outer loop
      vertex   8.322838e+00 8.526435e+01 1.916190e+01
      vertex   8.597049e+00 8.505725e+01 1.934356e+01
      vertex   8.453588e+00 8.505725e+01 1.907157e+01
    endloop
  endfacet
  facet normal 5.960347e-01 6.060316e-01 -5.267526e-01
    outer loop
      vertex   8.322838e+00 8.526435e+01 1.916190e+01
      vertex   8.453588e+00 8.505725e+01 1.907157e+01
      vertex   8.144232e+00 8.526435e+01 1.895980e+01
    endloop
  endfacet
  facet normal 5.960347e-01 6.060316e-01 -5.267526e-01
    outer loop
      vertex   8.144232e+00 8.526435e+01 1.895980e+01
      vertex   8.453588e+00 8.505725e+01 1.907157e+01
      vertex   8.249952e+00 8.505725e+01 1.884115e+01
    endloop
  endfacet
  facet normal 4.547801e-01 6.060316e-01 -6.526107e-01
    outer loop
      vertex   8.144232e+00 8.526435e+01 1.895980e+01
      vertex   8.249952e+00 8.505725e+01 1.884115e+01
      vertex   7.922952e+00 8.526435e+01 1.880560e+01
    endloop
  endfacet
  facet normal 4.547801e-01 6.060316e-01 -6.526107e-01
    outer loop
      vertex   7.922952e+00 8.526435e+01 1.880560e+01
      vertex   8.249952e+00 8.505725e+01 1.884115e+01
      vertex   7.997661e+00 8.505725e+01 1.866534e+01
    endloop
  endfacet
  facet normal 2.877987e-01 6.060316e-01 -7.415508e-01
    outer loop
      vertex   7.922952e+00 8.526435e+01 1.880560e+01
      vertex   7.997661e+00 8.505725e+01 1.866534e+01
      vertex   7.671516e+00 8.526435e+01 1.870802e+01
    endloop
  endfacet
  facet normal 2.877987e-01 6.060316e-01 -7.415508e-01
    outer loop
      vertex   7.671516e+00 8.526435e+01 1.870802e+01
      vertex   7.997661e+00 8.505725e+01 1.866534e+01
      vertex   7.710988e+00 8.505725e+01 1.855408e+01
    endloop
  endfacet
  facet normal 1.045366e-01 6.060316e-01 -7.885415e-01
    outer loop
      vertex   7.671516e+00 8.526435e+01 1.870802e+01
      vertex   7.710988e+00 8.505725e+01 1.855408e+01
      vertex   7.404146e+00 8.526435e+01 1.867257e+01
    endloop
  endfacet
  facet normal 1.045366e-01 6.060316e-01 -7.885415e-01
    outer loop
      vertex   7.404146e+00 8.526435e+01 1.867257e+01
      vertex   7.710988e+00 8.505725e+01 1.855408e+01
      vertex   7.406148e+00 8.505725e+01 1.851367e+01
    endloop
  endfacet
  facet normal 5.954056e-01 7.912529e-01 1.393235e-01
    outer loop
      vertex   8.604784e+00 8.505725e+01 2.024865e+01
      vertex   8.799401e+00 8.489833e+01 2.031949e+01
      vertex   8.674847e+00 8.505725e+01 1.994923e+01
    endloop
  endfacet
  facet normal 5.954056e-01 7.912529e-01 1.393235e-01
    outer loop
      vertex   8.674847e+00 8.505725e+01 1.994923e+01
      vertex   8.799401e+00 8.489833e+01 2.031949e+01
      vertex   8.880687e+00 8.489833e+01 1.997211e+01
    endloop
  endfacet
  facet normal 6.114667e-01 7.912529e-01 -5.225951e-03
    outer loop
      vertex   8.674847e+00 8.505725e+01 1.994923e+01
      vertex   8.880687e+00 8.489833e+01 1.997211e+01
      vertex   8.672219e+00 8.505725e+01 1.964174e+01
    endloop
  endfacet
  facet normal 6.114667e-01 7.912529e-01 -5.225951e-03
    outer loop
      vertex   8.672219e+00 8.505725e+01 1.964174e+01
      vertex   8.880687e+00 8.489833e+01 1.997211e+01
      vertex   8.877638e+00 8.489833e+01 1.961535e+01
    endloop
  endfacet
  facet normal 5.929373e-01 7.912529e-01 -1.494797e-01
    outer loop
      vertex   8.672219e+00 8.505725e+01 1.964174e+01
      vertex   8.877638e+00 8.489833e+01 1.961535e+01
      vertex   8.597049e+00 8.505725e+01 1.934356e+01
    endloop
  endfacet
  facet normal 5.929373e-01 7.912529e-01 -1.494797e-01
    outer loop
      vertex   8.597049e+00 8.505725e+01 1.934356e+01
      vertex   8.877638e+00 8.489833e+01 1.961535e+01
      vertex   8.790426e+00 8.489833e+01 1.926941e+01
    endloop
  endfacet
  facet normal 5.408656e-01 7.912529e-01 -2.852775e-01
    outer loop
      vertex   8.597049e+00 8.505725e+01 1.934356e+01
      vertex   8.790426e+00 8.489833e+01 1.926941e+01
      vertex   8.453588e+00 8.505725e+01 1.907157e+01
    endloop
  endfacet
  facet normal 5.408656e-01 7.912529e-01 -2.852775e-01
    outer loop
      vertex   8.453588e+00 8.505725e+01 1.907157e+01
      vertex   8.790426e+00 8.489833e+01 1.926941e+01
      vertex   8.623984e+00 8.489833e+01 1.895385e+01
    endloop
  endfacet
  facet normal 4.581973e-01 7.912529e-01 -4.049372e-01
    outer loop
      vertex   8.453588e+00 8.505725e+01 1.907157e+01
      vertex   8.623984e+00 8.489833e+01 1.895385e+01
      vertex   8.249952e+00 8.505725e+01 1.884115e+01
    endloop
  endfacet
  facet normal 4.581973e-01 7.912529e-01 -4.049372e-01
    outer loop
      vertex   8.249952e+00 8.505725e+01 1.884115e+01
      vertex   8.623984e+00 8.489833e+01 1.895385e+01
      vertex   8.387729e+00 8.489833e+01 1.868652e+01
    endloop
  endfacet
  facet normal 3.496089e-01 7.912529e-01 -5.016897e-01
    outer loop
      vertex   8.249952e+00 8.505725e+01 1.884115e+01
      vertex   8.387729e+00 8.489833e+01 1.868652e+01
      vertex   7.997661e+00 8.505725e+01 1.866534e+01
    endloop
  endfacet
  facet normal 3.496089e-01 7.912529e-01 -5.016897e-01
    outer loop
      vertex   7.997661e+00 8.505725e+01 1.866534e+01
      vertex   8.387729e+00 8.489833e+01 1.868652e+01
      vertex   8.095024e+00 8.489833e+01 1.848254e+01
    endloop
  endfacet
  facet normal 2.212431e-01 7.912529e-01 -5.700617e-01
    outer loop
      vertex   7.997661e+00 8.505725e+01 1.866534e+01
      vertex   8.095024e+00 8.489833e+01 1.848254e+01
      vertex   7.710988e+00 8.505725e+01 1.855408e+01
    endloop
  endfacet
  facet normal 2.212431e-01 7.912529e-01 -5.700617e-01
    outer loop
      vertex   7.710988e+00 8.505725e+01 1.855408e+01
      vertex   8.095024e+00 8.489833e+01 1.848254e+01
      vertex   7.762428e+00 8.489833e+01 1.835346e+01
    endloop
  endfacet
  facet normal 8.036176e-02 7.912529e-01 -6.061855e-01
    outer loop
      vertex   7.710988e+00 8.505725e+01 1.855408e+01
      vertex   7.762428e+00 8.489833e+01 1.835346e+01
      vertex   7.406148e+00 8.505725e+01 1.851367e+01
    endloop
  endfacet
  facet normal 8.036176e-02 7.912529e-01 -6.061855e-01
    outer loop
      vertex   7.406148e+00 8.505725e+01 1.851367e+01
      vertex   7.762428e+00 8.489833e+01 1.835346e+01
      vertex   7.408757e+00 8.489833e+01 1.830658e+01
    endloop
  endfacet
  facet normal 3.748876e-01 9.229106e-01 8.772279e-02
    outer loop
      vertex   8.799401e+00 8.489833e+01 2.031949e+01
      vertex   9.026037e+00 8.479843e+01 2.040198e+01
      vertex   8.880687e+00 8.489833e+01 1.997211e+01
    endloop
  endfacet
  facet normal 3.748876e-01 9.229106e-01 8.772279e-02
    outer loop
      vertex   8.880687e+00 8.489833e+01 1.997211e+01
      vertex   9.026037e+00 8.479843e+01 2.040198e+01
      vertex   9.120393e+00 8.479843e+01 1.999874e+01
    endloop
  endfacet
  facet normal 3.850002e-01 9.229106e-01 -3.290436e-03
    outer loop
      vertex   8.880687e+00 8.489833e+01 1.997211e+01
      vertex   9.120393e+00 8.479843e+01 1.999874e+01
      vertex   8.877638e+00 8.489833e+01 1.961535e+01
    endloop
  endfacet
  facet normal 3.850002e-01 9.229106e-01 -3.290436e-03
    outer loop
      vertex   8.877638e+00 8.489833e+01 1.961535e+01
      vertex   9.120393e+00 8.479843e+01 1.999874e+01
      vertex   9.116854e+00 8.479843e+01 1.958463e+01
    endloop
  endfacet
  facet normal 3.733335e-01 9.229106e-01 -9.411752e-02
    outer loop
      vertex   8.877638e+00 8.489833e+01 1.961535e+01
      vertex   9.116854e+00 8.479843e+01 1.958463e+01
      vertex   8.790426e+00 8.489833e+01 1.926941e+01
    endloop
  endfacet
  facet normal 3.733335e-01 9.229106e-01 -9.411752e-02
    outer loop
      vertex   8.790426e+00 8.489833e+01 1.926941e+01
      vertex   9.116854e+00 8.479843e+01 1.958463e+01
      vertex   9.015619e+00 8.479843e+01 1.918306e+01
    endloop
  endfacet
  facet normal 3.405474e-01 9.229106e-01 -1.796204e-01
    outer loop
      vertex   8.790426e+00 8.489833e+01 1.926941e+01
      vertex   9.015619e+00 8.479843e+01 1.918306e+01
      vertex   8.623984e+00 8.489833e+01 1.895385e+01
    endloop
  endfacet
  facet normal 3.405474e-01 9.229106e-01 -1.796204e-01
    outer loop
      vertex   8.623984e+00 8.489833e+01 1.895385e+01
      vertex   9.015619e+00 8.479843e+01 1.918306e+01
      vertex   8.822416e+00 8.479843e+01 1.881676e+01
    endloop
  endfacet
  facet normal 2.884966e-01 9.229106e-01 -2.549622e-01
    outer loop
      vertex   8.623984e+00 8.489833e+01 1.895385e+01
      vertex   8.822416e+00 8.479843e+01 1.881676e+01
      vertex   8.387729e+00 8.489833e+01 1.868652e+01
    endloop
  endfacet
  facet normal 2.884966e-01 9.229106e-01 -2.549622e-01
    outer loop
      vertex   8.387729e+00 8.489833e+01 1.868652e+01
      vertex   8.822416e+00 8.479843e+01 1.881676e+01
      vertex   8.548173e+00 8.479843e+01 1.850645e+01
    endloop
  endfacet
  facet normal 2.201256e-01 9.229106e-01 -3.158809e-01
    outer loop
      vertex   8.387729e+00 8.489833e+01 1.868652e+01
      vertex   8.548173e+00 8.479843e+01 1.850645e+01
      vertex   8.095024e+00 8.489833e+01 1.848254e+01
    endloop
  endfacet
  facet normal 2.201256e-01 9.229106e-01 -3.158809e-01
    outer loop
      vertex   8.095024e+00 8.489833e+01 1.848254e+01
      vertex   8.548173e+00 8.479843e+01 1.850645e+01
      vertex   8.208405e+00 8.479843e+01 1.826968e+01
    endloop
  endfacet
  facet normal 1.393022e-01 9.229106e-01 -3.589302e-01
    outer loop
      vertex   8.095024e+00 8.489833e+01 1.848254e+01
      vertex   8.208405e+00 8.479843e+01 1.826968e+01
      vertex   7.762428e+00 8.489833e+01 1.835346e+01
    endloop
  endfacet
  facet normal 1.393022e-01 9.229106e-01 -3.589302e-01
    outer loop
      vertex   7.762428e+00 8.489833e+01 1.835346e+01
      vertex   8.208405e+00 8.479843e+01 1.826968e+01
      vertex   7.822332e+00 8.479843e+01 1.811984e+01
    endloop
  endfacet
  facet normal 5.059850e-02 9.229106e-01 -3.816750e-01
    outer loop
      vertex   7.762428e+00 8.489833e+01 1.835346e+01
      vertex   7.822332e+00 8.479843e+01 1.811984e+01
      vertex   7.408757e+00 8.489833e+01 1.830658e+01
    endloop
  endfacet
  facet normal 5.059850e-02 9.229106e-01 -3.816750e-01
    outer loop
      vertex   7.408757e+00 8.489833e+01 1.830658e+01
      vertex   7.822332e+00 8.479843e+01 1.811984e+01
      vertex   7.411795e+00 8.479843e+01 1.806541e+01
    endloop
  endfacet
  facet normal 1.279858e-01 9.913237e-01 2.994836e-02
    outer loop
      vertex   9.026037e+00 8.479843e+01 2.040198e+01
      vertex   9.269247e+00 8.476435e+01 2.049050e+01
      vertex   9.120393e+00 8.479843e+01 1.999874e+01
    endloop
  endfacet
  facet normal 1.279858e-01 9.913237e-01 2.994836e-02
    outer loop
      vertex   9.120393e+00 8.479843e+01 1.999874e+01
      vertex   9.269247e+00 8.476435e+01 2.049050e+01
      vertex   9.377629e+00 8.476435e+01 2.002732e+01
    endloop
  endfacet
  facet normal 1.314382e-01 9.913237e-01 -1.123347e-03
    outer loop
      vertex   9.120393e+00 8.479843e+01 1.999874e+01
      vertex   9.377629e+00 8.476435e+01 2.002732e+01
      vertex   9.116854e+00 8.479843e+01 1.958463e+01
    endloop
  endfacet
  facet normal 1.314382e-01 9.913237e-01 -1.123347e-03
    outer loop
      vertex   9.116854e+00 8.479843e+01 1.958463e+01
      vertex   9.377629e+00 8.476435e+01 2.002732e+01
      vertex   9.373564e+00 8.476435e+01 1.955165e+01
    endloop
  endfacet
  facet normal 1.274552e-01 9.913237e-01 -3.213151e-02
    outer loop
      vertex   9.116854e+00 8.479843e+01 1.958463e+01
      vertex   9.373564e+00 8.476435e+01 1.955165e+01
      vertex   9.015619e+00 8.479843e+01 1.918306e+01
    endloop
  endfacet
  facet normal 1.274552e-01 9.913237e-01 -3.213151e-02
    outer loop
      vertex   9.015619e+00 8.479843e+01 1.918306e+01
      vertex   9.373564e+00 8.476435e+01 1.955165e+01
      vertex   9.257281e+00 8.476435e+01 1.909040e+01
    endloop
  endfacet
  facet normal 1.162621e-01 9.913237e-01 -6.132200e-02
    outer loop
      vertex   9.015619e+00 8.479843e+01 1.918306e+01
      vertex   9.257281e+00 8.476435e+01 1.909040e+01
      vertex   8.822416e+00 8.479843e+01 1.881676e+01
    endloop
  endfacet
  facet normal 1.162621e-01 9.913237e-01 -6.132200e-02
    outer loop
      vertex   8.822416e+00 8.479843e+01 1.881676e+01
      vertex   9.257281e+00 8.476435e+01 1.909040e+01
      vertex   9.035359e+00 8.476435e+01 1.866965e+01
    endloop
  endfacet
  facet normal 9.849209e-02 9.913237e-01 -8.704352e-02
    outer loop
      vertex   8.822416e+00 8.479843e+01 1.881676e+01
      vertex   9.035359e+00 8.476435e+01 1.866965e+01
      vertex   8.548173e+00 8.479843e+01 1.850645e+01
    endloop
  endfacet
  facet normal 9.849209e-02 9.913237e-01 -8.704352e-02
    outer loop
      vertex   8.548173e+00 8.479843e+01 1.850645e+01
      vertex   9.035359e+00 8.476435e+01 1.866965e+01
      vertex   8.720351e+00 8.476435e+01 1.831321e+01
    endloop
  endfacet
  facet normal 7.515039e-02 9.913237e-01 -1.078410e-01
    outer loop
      vertex   8.548173e+00 8.479843e+01 1.850645e+01
      vertex   8.720351e+00 8.476435e+01 1.831321e+01
      vertex   8.208405e+00 8.479843e+01 1.826968e+01
    endloop
  endfacet
  facet normal 7.515039e-02 9.913237e-01 -1.078410e-01
    outer loop
      vertex   8.208405e+00 8.479843e+01 1.826968e+01
      vertex   8.720351e+00 8.476435e+01 1.831321e+01
      vertex   8.330078e+00 8.476435e+01 1.804124e+01
    endloop
  endfacet
  facet normal 4.755746e-02 9.913237e-01 -1.225380e-01
    outer loop
      vertex   8.208405e+00 8.479843e+01 1.826968e+01
      vertex   8.330078e+00 8.476435e+01 1.804124e+01
      vertex   7.822332e+00 8.479843e+01 1.811984e+01
    endloop
  endfacet
  facet normal 4.755746e-02 9.913237e-01 -1.225380e-01
    outer loop
      vertex   7.822332e+00 8.479843e+01 1.811984e+01
      vertex   8.330078e+00 8.476435e+01 1.804124e+01
      vertex   7.886617e+00 8.476435e+01 1.786913e+01
    endloop
  endfacet
  facet normal 1.727421e-02 9.913237e-01 -1.303030e-01
    outer loop
      vertex   7.822332e+00 8.479843e+01 1.811984e+01
      vertex   7.886617e+00 8.476435e+01 1.786913e+01
      vertex   7.411795e+00 8.479843e+01 1.806541e+01
    endloop
  endfacet
  facet normal 1.727421e-02 9.913237e-01 -1.303030e-01
    outer loop
      vertex   7.411795e+00 8.479843e+01 1.806541e+01
      vertex   7.886617e+00 8.476435e+01 1.786913e+01
      vertex   7.415055e+00 8.476435e+01 1.780662e+01
    endloop
  endfacet
  facet normal 9.316534e-01 1.305262e-01 3.390941e-01
    outer loop
      vertex   8.329554e+00 8.576435e+01 2.014848e+01
      vertex   7.588458e+00 8.576435e+01 2.218462e+01
      vertex   8.361574e+00 8.550553e+01 2.016013e+01
    endloop
  endfacet
  facet normal 9.316534e-01 1.305262e-01 3.390941e-01
    outer loop
      vertex   8.361574e+00 8.550553e+01 2.016013e+01
      vertex   7.588458e+00 8.576435e+01 2.218462e+01
      vertex   7.620477e+00 8.550553e+01 2.219628e+01
    endloop
  endfacet
  facet normal 8.681628e-01 3.826834e-01 3.159854e-01
    outer loop
      vertex   8.361574e+00 8.550553e+01 2.016013e+01
      vertex   7.620477e+00 8.550553e+01 2.219628e+01
      vertex   8.455449e+00 8.526435e+01 2.019430e+01
    endloop
  endfacet
  facet normal 8.681628e-01 3.826834e-01 3.159854e-01
    outer loop
      vertex   8.455449e+00 8.526435e+01 2.019430e+01
      vertex   7.620477e+00 8.550553e+01 2.219628e+01
      vertex   7.714353e+00 8.526435e+01 2.223044e+01
    endloop
  endfacet
  facet normal 7.455083e-01 6.087614e-01 2.713428e-01
    outer loop
      vertex   8.455449e+00 8.526435e+01 2.019430e+01
      vertex   7.714353e+00 8.526435e+01 2.223044e+01
      vertex   8.604784e+00 8.505725e+01 2.024865e+01
    endloop
  endfacet
  facet normal 7.455083e-01 6.087614e-01 2.713428e-01
    outer loop
      vertex   8.604784e+00 8.505725e+01 2.024865e+01
      vertex   7.714353e+00 8.526435e+01 2.223044e+01
      vertex   7.863688e+00 8.505725e+01 2.228480e+01
    endloop
  endfacet
  facet normal 5.720486e-01 7.933533e-01 2.082087e-01
    outer loop
      vertex   8.604784e+00 8.505725e+01 2.024865e+01
      vertex   7.863688e+00 8.505725e+01 2.228480e+01
      vertex   8.799401e+00 8.489833e+01 2.031949e+01
    endloop
  endfacet
  facet normal 5.720486e-01 7.933533e-01 2.082087e-01
    outer loop
      vertex   8.799401e+00 8.489833e+01 2.031949e+01
      vertex   7.863688e+00 8.505725e+01 2.228480e+01
      vertex   8.058305e+00 8.489833e+01 2.235563e+01
    endloop
  endfacet
  facet normal 3.596048e-01 9.238795e-01 1.308854e-01
    outer loop
      vertex   8.799401e+00 8.489833e+01 2.031949e+01
      vertex   8.058305e+00 8.489833e+01 2.235563e+01
      vertex   9.026037e+00 8.479843e+01 2.040198e+01
    endloop
  endfacet
  facet normal 3.596048e-01 9.238795e-01 1.308854e-01
    outer loop
      vertex   9.026037e+00 8.479843e+01 2.040198e+01
      vertex   8.058305e+00 8.489833e+01 2.235563e+01
      vertex   8.284941e+00 8.479843e+01 2.243812e+01
    endloop
  endfacet
  facet normal 1.226545e-01 9.914449e-01 4.464259e-02
    outer loop
      vertex   9.026037e+00 8.479843e+01 2.040198e+01
      vertex   8.284941e+00 8.479843e+01 2.243812e+01
      vertex   9.269247e+00 8.476435e+01 2.049050e+01
    endloop
  endfacet
  facet normal 1.226545e-01 9.914449e-01 4.464259e-02
    outer loop
      vertex   9.269247e+00 8.476435e+01 2.049050e+01
      vertex   8.284941e+00 8.479843e+01 2.243812e+01
      vertex   8.528151e+00 8.476435e+01 2.252664e+01
    endloop
  endfacet
  facet normal 3.062907e-01 1.502364e-01 9.400080e-01
    outer loop
      vertex   7.078794e+00 8.576435e+01 2.274542e+01
      vertex   6.833160e+00 8.576435e+01 2.282546e+01
      vertex   7.044500e+00 8.550553e+01 2.279796e+01
    endloop
  endfacet
  facet normal 2.826605e-01 1.298378e-01 9.503921e-01
    outer loop
      vertex   7.044500e+00 8.550553e+01 2.279796e+01
      vertex   6.833160e+00 8.576435e+01 2.282546e+01
      vertex   6.839443e+00 8.550553e+01 2.285894e+01
    endloop
  endfacet
  facet normal 2.635802e-01 3.809291e-01 8.862384e-01
    outer loop
      vertex   7.044500e+00 8.550553e+01 2.279796e+01
      vertex   6.839443e+00 8.550553e+01 2.285894e+01
      vertex   6.857864e+00 8.526435e+01 2.295713e+01
    endloop
  endfacet
  facet normal 2.635802e-01 3.809291e-01 8.862384e-01
    outer loop
      vertex   7.044500e+00 8.550553e+01 2.279796e+01
      vertex   6.857864e+00 8.526435e+01 2.295713e+01
      vertex   7.082731e+00 8.526435e+01 2.289025e+01
    endloop
  endfacet
  facet normal 2.266138e-01 6.066998e-01 7.619459e-01
    outer loop
      vertex   7.082731e+00 8.526435e+01 2.289025e+01
      vertex   6.857864e+00 8.526435e+01 2.295713e+01
      vertex   6.887168e+00 8.505725e+01 2.311333e+01
    endloop
  endfacet
  facet normal 2.266138e-01 6.066998e-01 7.619459e-01
    outer loop
      vertex   7.082731e+00 8.526435e+01 2.289025e+01
      vertex   6.887168e+00 8.505725e+01 2.311333e+01
      vertex   7.143548e+00 8.505725e+01 2.303707e+01
    endloop
  endfacet
  facet normal 1.741291e-01 7.917681e-01 5.854761e-01
    outer loop
      vertex   7.143548e+00 8.505725e+01 2.303707e+01
      vertex   6.887168e+00 8.505725e+01 2.311333e+01
      vertex   6.925357e+00 8.489833e+01 2.331688e+01
    endloop
  endfacet
  facet normal 1.741291e-01 7.917681e-01 5.854761e-01
    outer loop
      vertex   7.143548e+00 8.505725e+01 2.303707e+01
      vertex   6.925357e+00 8.489833e+01 2.331688e+01
      vertex   7.222807e+00 8.489833e+01 2.322842e+01
    endloop
  endfacet
  facet normal 1.095945e-01 9.231487e-01 3.684909e-01
    outer loop
      vertex   7.222807e+00 8.489833e+01 2.322842e+01
      vertex   6.925357e+00 8.489833e+01 2.331688e+01
      vertex   6.969830e+00 8.479843e+01 2.355393e+01
    endloop
  endfacet
  facet normal 1.095945e-01 9.231487e-01 3.684909e-01
    outer loop
      vertex   7.222807e+00 8.489833e+01 2.322842e+01
      vertex   6.969830e+00 8.479843e+01 2.355393e+01
      vertex   7.315105e+00 8.479843e+01 2.345124e+01
    endloop
  endfacet
  facet normal 3.740681e-02 9.913535e-01 1.257733e-01
    outer loop
      vertex   7.315105e+00 8.479843e+01 2.345124e+01
      vertex   6.969830e+00 8.479843e+01 2.355393e+01
      vertex   7.017554e+00 8.476435e+01 2.380831e+01
    endloop
  endfacet
  facet normal 4.228390e-02 9.906422e-01 1.297695e-01
    outer loop
      vertex   7.315105e+00 8.479843e+01 2.345124e+01
      vertex   7.017554e+00 8.476435e+01 2.380831e+01
      vertex   7.508823e+00 8.476435e+01 2.364823e+01
    endloop
  endfacet
  facet normal 6.062475e-02 9.918634e-01 1.119452e-01
    outer loop
      vertex   7.315105e+00 8.479843e+01 2.345124e+01
      vertex   7.508823e+00 8.476435e+01 2.364823e+01
      vertex   7.631861e+00 8.479843e+01 2.327970e+01
    endloop
  endfacet
  facet normal 7.551695e-02 9.902837e-01 1.167710e-01
    outer loop
      vertex   7.631861e+00 8.479843e+01 2.327970e+01
      vertex   7.508823e+00 8.476435e+01 2.364823e+01
      vertex   7.942689e+00 8.476435e+01 2.336765e+01
    endloop
  endfacet
  facet normal 8.155158e-02 9.920235e-01 9.611840e-02
    outer loop
      vertex   7.631861e+00 8.479843e+01 2.327970e+01
      vertex   7.942689e+00 8.476435e+01 2.336765e+01
      vertex   7.906539e+00 8.479843e+01 2.304664e+01
    endloop
  endfacet
  facet normal 1.029113e-01 9.902837e-01 9.352828e-02
    outer loop
      vertex   7.906539e+00 8.479843e+01 2.304664e+01
      vertex   7.942689e+00 8.476435e+01 2.336765e+01
      vertex   8.290196e+00 8.476435e+01 2.298528e+01
    endloop
  endfacet
  facet normal 1.005756e-01 9.918634e-01 7.804892e-02
    outer loop
      vertex   7.906539e+00 8.479843e+01 2.304664e+01
      vertex   8.290196e+00 8.476435e+01 2.298528e+01
      vertex   8.127383e+00 8.479843e+01 2.276206e+01
    endloop
  endfacet
  facet normal 1.211493e-01 9.906422e-01 6.285624e-02
    outer loop
      vertex   8.127383e+00 8.479843e+01 2.276206e+01
      vertex   8.290196e+00 8.476435e+01 2.298528e+01
      vertex   8.528151e+00 8.476435e+01 2.252664e+01
    endloop
  endfacet
  facet normal 1.180008e-01 9.913535e-01 5.739337e-02
    outer loop
      vertex   8.127383e+00 8.479843e+01 2.276206e+01
      vertex   8.528151e+00 8.476435e+01 2.252664e+01
      vertex   8.284941e+00 8.479843e+01 2.243812e+01
    endloop
  endfacet
  facet normal 3.457190e-01 9.231487e-01 1.681512e-01
    outer loop
      vertex   8.284941e+00 8.479843e+01 2.243812e+01
      vertex   8.058305e+00 8.489833e+01 2.235563e+01
      vertex   8.127383e+00 8.479843e+01 2.276206e+01
    endloop
  endfacet
  facet normal 3.457190e-01 9.231487e-01 1.681512e-01
    outer loop
      vertex   8.127383e+00 8.479843e+01 2.276206e+01
      vertex   8.058305e+00 8.489833e+01 2.235563e+01
      vertex   7.922571e+00 8.489833e+01 2.263470e+01
    endloop
  endfacet
  facet normal 3.037192e-01 9.231487e-01 2.356928e-01
    outer loop
      vertex   8.127383e+00 8.479843e+01 2.276206e+01
      vertex   7.922571e+00 8.489833e+01 2.263470e+01
      vertex   7.906539e+00 8.479843e+01 2.304664e+01
    endloop
  endfacet
  facet normal 3.037192e-01 9.231487e-01 2.356928e-01
    outer loop
      vertex   7.906539e+00 8.479843e+01 2.304664e+01
      vertex   7.922571e+00 8.489833e+01 2.263470e+01
      vertex   7.732318e+00 8.489833e+01 2.287987e+01
    endloop
  endfacet
  facet normal 2.487199e-01 9.231487e-01 2.931465e-01
    outer loop
      vertex   7.906539e+00 8.479843e+01 2.304664e+01
      vertex   7.732318e+00 8.489833e+01 2.287987e+01
      vertex   7.631861e+00 8.479843e+01 2.327970e+01
    endloop
  endfacet
  facet normal 2.487199e-01 9.231487e-01 2.931465e-01
    outer loop
      vertex   7.631861e+00 8.479843e+01 2.327970e+01
      vertex   7.732318e+00 8.489833e+01 2.287987e+01
      vertex   7.495687e+00 8.489833e+01 2.308064e+01
    endloop
  endfacet
  facet normal 1.830751e-01 9.231487e-01 3.380532e-01
    outer loop
      vertex   7.631861e+00 8.479843e+01 2.327970e+01
      vertex   7.495687e+00 8.489833e+01 2.308064e+01
      vertex   7.315105e+00 8.479843e+01 2.345124e+01
    endloop
  endfacet
  facet normal 1.830751e-01 9.231487e-01 3.380532e-01
    outer loop
      vertex   7.315105e+00 8.479843e+01 2.345124e+01
      vertex   7.495687e+00 8.489833e+01 2.308064e+01
      vertex   7.222807e+00 8.489833e+01 2.322842e+01
    endloop
  endfacet
  facet normal 5.492951e-01 7.917681e-01 2.671668e-01
    outer loop
      vertex   8.058305e+00 8.489833e+01 2.235563e+01
      vertex   7.863688e+00 8.505725e+01 2.228480e+01
      vertex   7.922571e+00 8.489833e+01 2.263470e+01
    endloop
  endfacet
  facet normal 5.492951e-01 7.917681e-01 2.671668e-01
    outer loop
      vertex   7.922571e+00 8.489833e+01 2.263470e+01
      vertex   7.863688e+00 8.505725e+01 2.228480e+01
      vertex   7.746695e+00 8.505725e+01 2.252533e+01
    endloop
  endfacet
  facet normal 4.825638e-01 7.917681e-01 3.744802e-01
    outer loop
      vertex   7.922571e+00 8.489833e+01 2.263470e+01
      vertex   7.746695e+00 8.505725e+01 2.252533e+01
      vertex   7.732318e+00 8.489833e+01 2.287987e+01
    endloop
  endfacet
  facet normal 4.825638e-01 7.917681e-01 3.744802e-01
    outer loop
      vertex   7.732318e+00 8.489833e+01 2.287987e+01
      vertex   7.746695e+00 8.505725e+01 2.252533e+01
      vertex   7.582710e+00 8.505725e+01 2.273665e+01
    endloop
  endfacet
  facet normal 3.951783e-01 7.917681e-01 4.657654e-01
    outer loop
      vertex   7.732318e+00 8.489833e+01 2.287987e+01
      vertex   7.582710e+00 8.505725e+01 2.273665e+01
      vertex   7.495687e+00 8.489833e+01 2.308064e+01
    endloop
  endfacet
  facet normal 3.951783e-01 7.917681e-01 4.657654e-01
    outer loop
      vertex   7.495687e+00 8.489833e+01 2.308064e+01
      vertex   7.582710e+00 8.505725e+01 2.273665e+01
      vertex   7.378751e+00 8.505725e+01 2.290970e+01
    endloop
  endfacet
  facet normal 2.908787e-01 7.917681e-01 5.371153e-01
    outer loop
      vertex   7.495687e+00 8.489833e+01 2.308064e+01
      vertex   7.378751e+00 8.505725e+01 2.290970e+01
      vertex   7.222807e+00 8.489833e+01 2.322842e+01
    endloop
  endfacet
  facet normal 2.908787e-01 7.917681e-01 5.371153e-01
    outer loop
      vertex   7.222807e+00 8.489833e+01 2.322842e+01
      vertex   7.378751e+00 8.505725e+01 2.290970e+01
      vertex   7.143548e+00 8.505725e+01 2.303707e+01
    endloop
  endfacet
  facet normal 7.148595e-01 6.066998e-01 3.476942e-01
    outer loop
      vertex   7.863688e+00 8.505725e+01 2.228480e+01
      vertex   7.714353e+00 8.526435e+01 2.223044e+01
      vertex   7.746695e+00 8.505725e+01 2.252533e+01
    endloop
  endfacet
  facet normal 7.148595e-01 6.066998e-01 3.476942e-01
    outer loop
      vertex   7.746695e+00 8.505725e+01 2.252533e+01
      vertex   7.714353e+00 8.526435e+01 2.223044e+01
      vertex   7.611741e+00 8.526435e+01 2.244142e+01
    endloop
  endfacet
  facet normal 6.280145e-01 6.066998e-01 4.873531e-01
    outer loop
      vertex   7.746695e+00 8.505725e+01 2.252533e+01
      vertex   7.611741e+00 8.526435e+01 2.244142e+01
      vertex   7.582710e+00 8.505725e+01 2.273665e+01
    endloop
  endfacet
  facet normal 6.280145e-01 6.066998e-01 4.873531e-01
    outer loop
      vertex   7.582710e+00 8.505725e+01 2.273665e+01
      vertex   7.611741e+00 8.526435e+01 2.244142e+01
      vertex   7.467913e+00 8.526435e+01 2.262676e+01
    endloop
  endfacet
  facet normal 5.142899e-01 6.066998e-01 6.061528e-01
    outer loop
      vertex   7.582710e+00 8.505725e+01 2.273665e+01
      vertex   7.467913e+00 8.526435e+01 2.262676e+01
      vertex   7.378751e+00 8.505725e+01 2.290970e+01
    endloop
  endfacet
  facet normal 5.142899e-01 6.066998e-01 6.061528e-01
    outer loop
      vertex   7.378751e+00 8.505725e+01 2.290970e+01
      vertex   7.467913e+00 8.526435e+01 2.262676e+01
      vertex   7.289024e+00 8.526435e+01 2.277853e+01
    endloop
  endfacet
  facet normal 3.785531e-01 6.066998e-01 6.990085e-01
    outer loop
      vertex   7.378751e+00 8.505725e+01 2.290970e+01
      vertex   7.289024e+00 8.526435e+01 2.277853e+01
      vertex   7.143548e+00 8.505725e+01 2.303707e+01
    endloop
  endfacet
  facet normal 3.785531e-01 6.066998e-01 6.990085e-01
    outer loop
      vertex   7.143548e+00 8.505725e+01 2.303707e+01
      vertex   7.289024e+00 8.526435e+01 2.277853e+01
      vertex   7.082731e+00 8.526435e+01 2.289025e+01
    endloop
  endfacet
  facet normal 8.314710e-01 3.809291e-01 4.044119e-01
    outer loop
      vertex   7.714353e+00 8.526435e+01 2.223044e+01
      vertex   7.620477e+00 8.550553e+01 2.219628e+01
      vertex   7.611741e+00 8.526435e+01 2.244142e+01
    endloop
  endfacet
  facet normal 8.314710e-01 3.809291e-01 4.044119e-01
    outer loop
      vertex   7.611741e+00 8.526435e+01 2.244142e+01
      vertex   7.620477e+00 8.550553e+01 2.219628e+01
      vertex   7.526905e+00 8.550553e+01 2.238866e+01
    endloop
  endfacet
  facet normal 7.304595e-01 3.809291e-01 5.668527e-01
    outer loop
      vertex   7.611741e+00 8.526435e+01 2.244142e+01
      vertex   7.526905e+00 8.550553e+01 2.238866e+01
      vertex   7.467913e+00 8.526435e+01 2.262676e+01
    endloop
  endfacet
  facet normal 7.304595e-01 3.809291e-01 5.668527e-01
    outer loop
      vertex   7.467913e+00 8.526435e+01 2.262676e+01
      vertex   7.526905e+00 8.550553e+01 2.238866e+01
      vertex   7.395748e+00 8.550553e+01 2.255767e+01
    endloop
  endfacet
  facet normal 5.981835e-01 3.809291e-01 7.050316e-01
    outer loop
      vertex   7.467913e+00 8.526435e+01 2.262676e+01
      vertex   7.395748e+00 8.550553e+01 2.255767e+01
      vertex   7.289024e+00 8.526435e+01 2.277853e+01
    endloop
  endfacet
  facet normal 5.981835e-01 3.809291e-01 7.050316e-01
    outer loop
      vertex   7.289024e+00 8.526435e+01 2.277853e+01
      vertex   7.395748e+00 8.550553e+01 2.255767e+01
      vertex   7.232618e+00 8.550553e+01 2.269608e+01
    endloop
  endfacet
  facet normal 4.403046e-01 3.809291e-01 8.130344e-01
    outer loop
      vertex   7.289024e+00 8.526435e+01 2.277853e+01
      vertex   7.232618e+00 8.550553e+01 2.269608e+01
      vertex   7.082731e+00 8.526435e+01 2.289025e+01
    endloop
  endfacet
  facet normal 4.403046e-01 3.809291e-01 8.130344e-01
    outer loop
      vertex   7.082731e+00 8.526435e+01 2.289025e+01
      vertex   7.232618e+00 8.550553e+01 2.269608e+01
      vertex   7.044500e+00 8.550553e+01 2.279796e+01
    endloop
  endfacet
  facet normal 8.916602e-01 1.298378e-01 4.336868e-01
    outer loop
      vertex   7.620477e+00 8.550553e+01 2.219628e+01
      vertex   7.588458e+00 8.576435e+01 2.218462e+01
      vertex   7.526905e+00 8.550553e+01 2.238866e+01
    endloop
  endfacet
  facet normal 8.775658e-01 1.502364e-01 4.553101e-01
    outer loop
      vertex   7.526905e+00 8.550553e+01 2.238866e+01
      vertex   7.588458e+00 8.576435e+01 2.218462e+01
      vertex   7.469481e+00 8.576435e+01 2.241394e+01
    endloop
  endfacet
  facet normal 7.848151e-01 1.146436e-01 6.090338e-01
    outer loop
      vertex   7.526905e+00 8.550553e+01 2.238866e+01
      vertex   7.469481e+00 8.576435e+01 2.241394e+01
      vertex   7.395748e+00 8.550553e+01 2.255767e+01
    endloop
  endfacet
  facet normal 7.304359e-01 1.605704e-01 6.638377e-01
    outer loop
      vertex   7.395748e+00 8.550553e+01 2.255767e+01
      vertex   7.469481e+00 8.576435e+01 2.241394e+01
      vertex   7.295727e+00 8.576435e+01 2.260513e+01
    endloop
  endfacet
  facet normal 6.430674e-01 1.095559e-01 7.579326e-01
    outer loop
      vertex   7.395748e+00 8.550553e+01 2.255767e+01
      vertex   7.295727e+00 8.576435e+01 2.260513e+01
      vertex   7.232618e+00 8.550553e+01 2.269608e+01
    endloop
  endfacet
  facet normal 5.359983e-01 1.605704e-01 8.288082e-01
    outer loop
      vertex   7.232618e+00 8.550553e+01 2.269608e+01
      vertex   7.295727e+00 8.576435e+01 2.260513e+01
      vertex   7.078794e+00 8.576435e+01 2.274542e+01
    endloop
  endfacet
  facet normal 4.730689e-01 1.146436e-01 8.735346e-01
    outer loop
      vertex   7.232618e+00 8.550553e+01 2.269608e+01
      vertex   7.078794e+00 8.576435e+01 2.274542e+01
      vertex   7.044500e+00 8.550553e+01 2.279796e+01
    endloop
  endfacet
  facet normal 4.803822e-02 1.609043e-01 9.858003e-01
    outer loop
      vertex   3.558489e+00 8.576435e+01 2.325608e+01
      vertex   1.908397e+00 8.576435e+01 2.333648e+01
      vertex   3.173288e+00 8.550553e+01 2.331709e+01
    endloop
  endfacet
  facet normal 3.649166e-02 1.038658e-01 9.939217e-01
    outer loop
      vertex   3.173288e+00 8.550553e+01 2.331709e+01
      vertex   1.908397e+00 8.576435e+01 2.333648e+01
      vertex   1.897258e+00 8.555609e+01 2.335866e+01
    endloop
  endfacet
  facet normal 4.307343e-02 3.049668e-01 9.513884e-01
    outer loop
      vertex   3.173288e+00 8.550553e+01 2.331709e+01
      vertex   1.897258e+00 8.555609e+01 2.335866e+01
      vertex   1.864219e+00 8.535836e+01 2.342354e+01
    endloop
  endfacet
  facet normal 3.207308e-02 3.825511e-01 9.233775e-01
    outer loop
      vertex   3.173288e+00 8.550553e+01 2.331709e+01
      vertex   1.864219e+00 8.535836e+01 2.342354e+01
      vertex   3.179596e+00 8.526435e+01 2.341679e+01
    endloop
  endfacet
  facet normal 3.957785e-02 4.913895e-01 8.700402e-01
    outer loop
      vertex   3.179596e+00 8.526435e+01 2.341679e+01
      vertex   1.864219e+00 8.535836e+01 2.342354e+01
      vertex   1.810945e+00 8.518159e+01 2.352579e+01
    endloop
  endfacet
  facet normal 2.635911e-02 6.085894e-01 7.930474e-01
    outer loop
      vertex   3.179596e+00 8.526435e+01 2.341679e+01
      vertex   1.810945e+00 8.518159e+01 2.352579e+01
      vertex   3.189631e+00 8.505725e+01 2.357539e+01
    endloop
  endfacet
  facet normal 3.195257e-02 6.553056e-01 7.546878e-01
    outer loop
      vertex   3.189631e+00 8.505725e+01 2.357539e+01
      vertex   1.810945e+00 8.518159e+01 2.352579e+01
      vertex   1.739431e+00 8.503202e+01 2.365870e+01
    endloop
  endfacet
  facet normal 2.115895e-02 7.932345e-01 6.085486e-01
    outer loop
      vertex   3.189631e+00 8.505725e+01 2.357539e+01
      vertex   1.739431e+00 8.503202e+01 2.365870e+01
      vertex   3.202709e+00 8.489833e+01 2.378209e+01
    endloop
  endfacet
  facet normal 2.077748e-02 7.913414e-01 6.110213e-01
    outer loop
      vertex   3.202709e+00 8.489833e+01 2.378209e+01
      vertex   1.739431e+00 8.503202e+01 2.365870e+01
      vertex   1.652701e+00 8.491458e+01 2.381375e+01
    endloop
  endfacet
  facet normal 1.856692e-02 8.923642e-01 4.509340e-01
    outer loop
      vertex   3.202709e+00 8.489833e+01 2.378209e+01
      vertex   1.652701e+00 8.491458e+01 2.381375e+01
      vertex   1.553235e+00 8.483064e+01 2.398396e+01
    endloop
  endfacet
  facet normal 8.944207e-03 9.237721e-01 3.828382e-01
    outer loop
      vertex   3.202709e+00 8.489833e+01 2.378209e+01
      vertex   1.553235e+00 8.483064e+01 2.398396e+01
      vertex   3.217939e+00 8.479843e+01 2.402279e+01
    endloop
  endfacet
  facet normal 1.215378e-02 9.610369e-01 2.761526e-01
    outer loop
      vertex   3.217939e+00 8.479843e+01 2.402279e+01
      vertex   1.553235e+00 8.483064e+01 2.398396e+01
      vertex   1.444181e+00 8.478080e+01 2.416221e+01
    endloop
  endfacet
  facet normal 4.236386e-04 9.914144e-01 1.307564e-01
    outer loop
      vertex   3.217939e+00 8.479843e+01 2.402279e+01
      vertex   1.444181e+00 8.478080e+01 2.416221e+01
      vertex   3.234282e+00 8.476435e+01 2.428109e+01
    endloop
  endfacet
  facet normal 3.013711e-03 9.957218e-01 9.235216e-02
    outer loop
      vertex   3.234282e+00 8.476435e+01 2.428109e+01
      vertex   1.444181e+00 8.478080e+01 2.416221e+01
      vertex   1.328056e+00 8.476435e+01 2.434329e+01
    endloop
  endfacet
  facet normal 1.222518e-02 9.914370e-01 1.300126e-01
    outer loop
      vertex   3.217939e+00 8.479843e+01 2.402279e+01
      vertex   3.234282e+00 8.476435e+01 2.428109e+01
      vertex   5.101052e+00 8.479843e+01 2.384572e+01
    endloop
  endfacet
  facet normal 1.222518e-02 9.914370e-01 1.300126e-01
    outer loop
      vertex   5.101052e+00 8.479843e+01 2.384572e+01
      vertex   3.234282e+00 8.476435e+01 2.428109e+01
      vertex   5.133146e+00 8.476435e+01 2.410254e+01
    endloop
  endfacet
  facet normal 2.014555e-02 9.914370e-01 1.290229e-01
    outer loop
      vertex   5.101052e+00 8.479843e+01 2.384572e+01
      vertex   5.133146e+00 8.476435e+01 2.410254e+01
      vertex   6.969830e+00 8.479843e+01 2.355393e+01
    endloop
  endfacet
  facet normal 2.014555e-02 9.914370e-01 1.290229e-01
    outer loop
      vertex   6.969830e+00 8.479843e+01 2.355393e+01
      vertex   5.133146e+00 8.476435e+01 2.410254e+01
      vertex   7.017554e+00 8.476435e+01 2.380831e+01
    endloop
  endfacet
  facet normal 5.906020e-02 9.238163e-01 3.782530e-01
    outer loop
      vertex   6.969830e+00 8.479843e+01 2.355393e+01
      vertex   6.925357e+00 8.489833e+01 2.331688e+01
      vertex   5.101052e+00 8.479843e+01 2.384572e+01
    endloop
  endfacet
  facet normal 5.906020e-02 9.238163e-01 3.782530e-01
    outer loop
      vertex   5.101052e+00 8.479843e+01 2.384572e+01
      vertex   6.925357e+00 8.489833e+01 2.331688e+01
      vertex   5.071145e+00 8.489833e+01 2.360640e+01
    endloop
  endfacet
  facet normal 3.584024e-02 9.238163e-01 3.811547e-01
    outer loop
      vertex   5.101052e+00 8.479843e+01 2.384572e+01
      vertex   5.071145e+00 8.489833e+01 2.360640e+01
      vertex   3.217939e+00 8.479843e+01 2.402279e+01
    endloop
  endfacet
  facet normal 3.584024e-02 9.238163e-01 3.811547e-01
    outer loop
      vertex   3.217939e+00 8.479843e+01 2.402279e+01
      vertex   5.071145e+00 8.489833e+01 2.360640e+01
      vertex   3.202709e+00 8.489833e+01 2.378209e+01
    endloop
  endfacet
  facet normal 9.394138e-02 7.932159e-01 6.016506e-01
    outer loop
      vertex   6.925357e+00 8.489833e+01 2.331688e+01
      vertex   6.887168e+00 8.505725e+01 2.311333e+01
      vertex   5.071145e+00 8.489833e+01 2.360640e+01
    endloop
  endfacet
  facet normal 9.394138e-02 7.932159e-01 6.016506e-01
    outer loop
      vertex   5.071145e+00 8.489833e+01 2.360640e+01
      vertex   6.887168e+00 8.505725e+01 2.311333e+01
      vertex   5.045464e+00 8.505725e+01 2.340089e+01
    endloop
  endfacet
  facet normal 5.700762e-02 7.932159e-01 6.062661e-01
    outer loop
      vertex   5.071145e+00 8.489833e+01 2.360640e+01
      vertex   5.045464e+00 8.505725e+01 2.340089e+01
      vertex   3.202709e+00 8.489833e+01 2.378209e+01
    endloop
  endfacet
  facet normal 5.700762e-02 7.932159e-01 6.062661e-01
    outer loop
      vertex   3.202709e+00 8.489833e+01 2.378209e+01
      vertex   5.045464e+00 8.505725e+01 2.340089e+01
      vertex   3.189631e+00 8.505725e+01 2.357539e+01
    endloop
  endfacet
  facet normal 1.224120e-01 6.085824e-01 7.839916e-01
    outer loop
      vertex   6.887168e+00 8.505725e+01 2.311333e+01
      vertex   6.857864e+00 8.526435e+01 2.295713e+01
      vertex   5.045464e+00 8.505725e+01 2.340089e+01
    endloop
  endfacet
  facet normal 1.224120e-01 6.085824e-01 7.839916e-01
    outer loop
      vertex   5.045464e+00 8.505725e+01 2.340089e+01
      vertex   6.857864e+00 8.526435e+01 2.295713e+01
      vertex   5.025757e+00 8.526435e+01 2.324320e+01
    endloop
  endfacet
  facet normal 7.428479e-02 6.085824e-01 7.900058e-01
    outer loop
      vertex   5.045464e+00 8.505725e+01 2.340089e+01
      vertex   5.025757e+00 8.526435e+01 2.324320e+01
      vertex   3.189631e+00 8.505725e+01 2.357539e+01
    endloop
  endfacet
  facet normal 7.428479e-02 6.085824e-01 7.900058e-01
    outer loop
      vertex   3.189631e+00 8.505725e+01 2.357539e+01
      vertex   5.025757e+00 8.526435e+01 2.324320e+01
      vertex   3.179596e+00 8.526435e+01 2.341679e+01
    endloop
  endfacet
  facet normal 1.425368e-01 3.825308e-01 9.128819e-01
    outer loop
      vertex   6.857864e+00 8.526435e+01 2.295713e+01
      vertex   6.839443e+00 8.550553e+01 2.285894e+01
      vertex   5.025757e+00 8.526435e+01 2.324320e+01
    endloop
  endfacet
  facet normal 1.425368e-01 3.825308e-01 9.128819e-01
    outer loop
      vertex   5.025757e+00 8.526435e+01 2.324320e+01
      vertex   6.839443e+00 8.550553e+01 2.285894e+01
      vertex   5.013370e+00 8.550553e+01 2.314407e+01
    endloop
  endfacet
  facet normal 8.649741e-02 3.825308e-01 9.198850e-01
    outer loop
      vertex   5.025757e+00 8.526435e+01 2.324320e+01
      vertex   5.013370e+00 8.550553e+01 2.314407e+01
      vertex   3.179596e+00 8.526435e+01 2.341679e+01
    endloop
  endfacet
  facet normal 8.649741e-02 3.825308e-01 9.198850e-01
    outer loop
      vertex   3.179596e+00 8.526435e+01 2.341679e+01
      vertex   5.013370e+00 8.550553e+01 2.314407e+01
      vertex   3.173288e+00 8.550553e+01 2.331709e+01
    endloop
  endfacet
  facet normal 1.560991e-01 1.304782e-01 9.790856e-01
    outer loop
      vertex   6.833160e+00 8.576435e+01 2.282546e+01
      vertex   5.201715e+00 8.576435e+01 2.308556e+01
      vertex   6.839443e+00 8.550553e+01 2.285894e+01
    endloop
  endfacet
  facet normal 1.533273e-01 1.103965e-01 9.819895e-01
    outer loop
      vertex   6.839443e+00 8.550553e+01 2.285894e+01
      vertex   5.201715e+00 8.576435e+01 2.308556e+01
      vertex   5.013370e+00 8.550553e+01 2.314407e+01
    endloop
  endfacet
  facet normal 1.020753e-01 1.480784e-01 9.836938e-01
    outer loop
      vertex   5.201715e+00 8.576435e+01 2.308556e+01
      vertex   3.558489e+00 8.576435e+01 2.325608e+01
      vertex   5.013370e+00 8.550553e+01 2.314407e+01
    endloop
  endfacet
  facet normal 9.319477e-02 9.494949e-02 9.911102e-01
    outer loop
      vertex   5.013370e+00 8.550553e+01 2.314407e+01
      vertex   3.558489e+00 8.576435e+01 2.325608e+01
      vertex   3.173288e+00 8.550553e+01 2.331709e+01
    endloop
  endfacet
  facet normal 9.041264e-01 0.000000e+00 4.272650e-01
    outer loop
      vertex   4.322564e+00 1.845000e+02 2.340945e+00
      vertex   4.322564e+00 1.647529e+02 2.340945e+00
      vertex   4.716794e+00 1.845000e+02 1.506722e+00
    endloop
  endfacet
  facet normal 9.041264e-01 0.000000e+00 4.272650e-01
    outer loop
      vertex   4.716794e+00 1.845000e+02 1.506722e+00
      vertex   4.322564e+00 1.647529e+02 2.340945e+00
      vertex   4.716794e+00 1.647529e+02 1.506722e+00
    endloop
  endfacet
  facet normal 9.672417e-01 0.000000e+00 2.538572e-01
    outer loop
      vertex   4.716794e+00 1.845000e+02 1.506722e+00
      vertex   4.716794e+00 1.647529e+02 1.506722e+00
      vertex   4.951024e+00 1.845000e+02 6.142639e-01
    endloop
  endfacet
  facet normal 9.672417e-01 -1.427236e-18 2.538572e-01
    outer loop
      vertex   4.951024e+00 1.845000e+02 6.142639e-01
      vertex   4.716794e+00 1.647529e+02 1.506722e+00
      vertex   4.951024e+00 1.647529e+02 6.142639e-01
    endloop
  endfacet
  facet normal 9.974187e-01 -4.037001e-19 7.180465e-02
    outer loop
      vertex   4.951024e+00 1.845000e+02 6.142639e-01
      vertex   4.951024e+00 1.647529e+02 6.142639e-01
      vertex   5.017277e+00 1.845000e+02 -3.060380e-01
    endloop
  endfacet
  facet normal 9.974187e-01 4.037001e-19 7.180465e-02
    outer loop
      vertex   5.017277e+00 1.845000e+02 -3.060380e-01
      vertex   4.951024e+00 1.647529e+02 6.142639e-01
      vertex   5.017277e+00 1.647529e+02 -3.060380e-01
    endloop
  endfacet
  facet normal 9.936298e-01 -6.335835e-19 -1.126932e-01
    outer loop
      vertex   5.017277e+00 1.845000e+02 -3.060380e-01
      vertex   5.017277e+00 1.647529e+02 -3.060380e-01
      vertex   4.913297e+00 1.845000e+02 -1.222844e+00
    endloop
  endfacet
  facet normal 9.936298e-01 1.267167e-18 -1.126932e-01
    outer loop
      vertex   4.913297e+00 1.845000e+02 -1.222844e+00
      vertex   5.017277e+00 1.647529e+02 -3.060380e-01
      vertex   4.913297e+00 1.647529e+02 -1.222844e+00
    endloop
  endfacet
  facet normal 9.560041e-01 3.298582e-18 -2.933534e-01
    outer loop
      vertex   4.913297e+00 1.845000e+02 -1.222844e+00
      vertex   4.913297e+00 1.647529e+02 -1.222844e+00
      vertex   4.642624e+00 1.845000e+02 -2.104933e+00
    endloop
  endfacet
  facet normal 9.560041e-01 0.000000e+00 -2.933534e-01
    outer loop
      vertex   4.642624e+00 1.845000e+02 -2.104933e+00
      vertex   4.913297e+00 1.647529e+02 -1.222844e+00
      vertex   4.642624e+00 1.647529e+02 -2.104933e+00
    endloop
  endfacet
  facet normal 8.858228e-01 0.000000e+00 -4.640237e-01
    outer loop
      vertex   4.642624e+00 1.845000e+02 -2.104933e+00
      vertex   4.642624e+00 1.647529e+02 -2.104933e+00
      vertex   4.214477e+00 1.845000e+02 -2.922267e+00
    endloop
  endfacet
  facet normal 8.858228e-01 0.000000e+00 -4.640237e-01
    outer loop
      vertex   4.214477e+00 1.845000e+02 -2.922267e+00
      vertex   4.642624e+00 1.647529e+02 -2.104933e+00
      vertex   4.214477e+00 1.647529e+02 -2.922267e+00
    endloop
  endfacet
  facet normal 7.854758e-01 0.000000e+00 -6.188924e-01
    outer loop
      vertex   4.214477e+00 1.845000e+02 -2.922267e+00
      vertex   4.214477e+00 1.647529e+02 -2.922267e+00
      vertex   3.643435e+00 1.845000e+02 -3.647013e+00
    endloop
  endfacet
  facet normal 7.854758e-01 2.783629e-17 -6.188924e-01
    outer loop
      vertex   3.643435e+00 1.845000e+02 -3.647013e+00
      vertex   4.214477e+00 1.647529e+02 -2.922267e+00
      vertex   3.643435e+00 1.647529e+02 -3.647013e+00
    endloop
  endfacet
  facet normal 6.583804e-01 3.385398e-17 -7.526853e-01
    outer loop
      vertex   3.643435e+00 1.845000e+02 -3.647013e+00
      vertex   3.643435e+00 1.647529e+02 -3.647013e+00
      vertex   2.948945e+00 1.845000e+02 -4.254490e+00
    endloop
  endfacet
  facet normal 6.583804e-01 0.000000e+00 -7.526853e-01
    outer loop
      vertex   2.948945e+00 1.845000e+02 -4.254490e+00
      vertex   3.643435e+00 1.647529e+02 -3.647013e+00
      vertex   2.948945e+00 1.647529e+02 -4.254490e+00
    endloop
  endfacet
  facet normal 5.088647e-01 0.000000e+00 -8.608465e-01
    outer loop
      vertex   2.948945e+00 1.845000e+02 -4.254490e+00
      vertex   2.948945e+00 1.647529e+02 -4.254490e+00
      vertex   2.154656e+00 1.845000e+02 -4.724011e+00
    endloop
  endfacet
  facet normal 5.088647e-01 0.000000e+00 -8.608465e-01
    outer loop
      vertex   2.154656e+00 1.845000e+02 -4.724011e+00
      vertex   2.948945e+00 1.647529e+02 -4.254490e+00
      vertex   2.154656e+00 1.647529e+02 -4.724011e+00
    endloop
  endfacet
  facet normal 3.420201e-01 0.000000e+00 -9.396926e-01
    outer loop
      vertex   2.154656e+00 1.845000e+02 -4.724011e+00
      vertex   2.154656e+00 1.647529e+02 -4.724011e+00
      vertex   1.287617e+00 1.845000e+02 -5.039587e+00
    endloop
  endfacet
  facet normal 3.420201e-01 0.000000e+00 -9.396926e-01
    outer loop
      vertex   1.287617e+00 1.845000e+02 -5.039587e+00
      vertex   2.154656e+00 1.647529e+02 -4.724011e+00
      vertex   1.287617e+00 1.647529e+02 -5.039587e+00
    endloop
  endfacet
  facet normal 1.635285e-01 0.000000e+00 -9.865386e-01
    outer loop
      vertex   1.287617e+00 1.845000e+02 -5.039587e+00
      vertex   1.287617e+00 1.647529e+02 -5.039587e+00
      vertex   3.773541e-01 1.845000e+02 -5.190472e+00
    endloop
  endfacet
  facet normal 1.635285e-01 0.000000e+00 -9.865386e-01
    outer loop
      vertex   3.773541e-01 1.845000e+02 -5.190472e+00
      vertex   1.287617e+00 1.647529e+02 -5.039587e+00
      vertex   3.773541e-01 1.647529e+02 -5.190472e+00
    endloop
  endfacet
  facet normal -2.053184e-02 -0.000000e+00 -9.997892e-01
    outer loop
      vertex   3.773541e-01 1.845000e+02 -5.190472e+00
      vertex   3.773541e-01 1.647529e+02 -5.190472e+00
      vertex   -5.451349e-01 1.845000e+02 -5.171528e+00
    endloop
  endfacet
  facet normal -2.053184e-02 -0.000000e+00 -9.997892e-01
    outer loop
      vertex   -5.451349e-01 1.845000e+02 -5.171528e+00
      vertex   3.773541e-01 1.647529e+02 -5.190472e+00
      vertex   -5.451349e-01 1.647529e+02 -5.171528e+00
    endloop
  endfacet
  facet normal -2.038930e-01 -0.000000e+00 -9.789932e-01
    outer loop
      vertex   -5.451349e-01 1.845000e+02 -5.171528e+00
      vertex   -5.451349e-01 1.647529e+02 -5.171528e+00
      vertex   -1.448436e+00 1.845000e+02 -4.983399e+00
    endloop
  endfacet
  facet normal -2.038930e-01 4.403276e-17 -9.789932e-01
    outer loop
      vertex   -1.448436e+00 1.845000e+02 -4.983399e+00
      vertex   -5.451349e-01 1.647529e+02 -5.171528e+00
      vertex   -1.448436e+00 1.647529e+02 -4.983399e+00
    endloop
  endfacet
  facet normal -3.803109e-01 4.159792e-17 -9.248587e-01
    outer loop
      vertex   -1.448436e+00 1.845000e+02 -4.983399e+00
      vertex   -1.448436e+00 1.647529e+02 -4.983399e+00
      vertex   -2.301788e+00 1.845000e+02 -4.632493e+00
    endloop
  endfacet
  facet normal -3.803109e-01 -0.000000e+00 -9.248587e-01
    outer loop
      vertex   -2.301788e+00 1.845000e+02 -4.632493e+00
      vertex   -1.448436e+00 1.647529e+02 -4.983399e+00
      vertex   -2.301788e+00 1.647529e+02 -4.632493e+00
    endloop
  endfacet
  facet normal -5.437777e-01 -0.000000e+00 -8.392293e-01
    outer loop
      vertex   -2.301788e+00 1.845000e+02 -4.632493e+00
      vertex   -2.301788e+00 1.647529e+02 -4.632493e+00
      vertex   -3.076131e+00 1.845000e+02 -4.130758e+00
    endloop
  endfacet
  facet normal -5.437777e-01 1.222891e-17 -8.392293e-01
    outer loop
      vertex   -3.076131e+00 1.845000e+02 -4.130758e+00
      vertex   -2.301788e+00 1.647529e+02 -4.632493e+00
      vertex   -3.076131e+00 1.647529e+02 -4.130758e+00
    endloop
  endfacet
  facet normal -6.887268e-01 1.548864e-17 -7.250209e-01
    outer loop
      vertex   -3.076131e+00 1.845000e+02 -4.130758e+00
      vertex   -3.076131e+00 1.647529e+02 -4.130758e+00
      vertex   -3.745096e+00 1.845000e+02 -3.495281e+00
    endloop
  endfacet
  facet normal -6.887268e-01 1.630485e-17 -7.250209e-01
    outer loop
      vertex   -3.745096e+00 1.845000e+02 -3.495281e+00
      vertex   -3.076131e+00 1.647529e+02 -4.130758e+00
      vertex   -3.745096e+00 1.647529e+02 -3.495281e+00
    endloop
  endfacet
  facet normal -8.102222e-01 1.318120e-17 -5.861228e-01
    outer loop
      vertex   -3.745096e+00 1.845000e+02 -3.495281e+00
      vertex   -3.745096e+00 1.647529e+02 -3.495281e+00
      vertex   -4.285902e+00 1.845000e+02 -2.747702e+00
    endloop
  endfacet
  facet normal -8.102222e-01 -0.000000e+00 -5.861228e-01
    outer loop
      vertex   -4.285902e+00 1.845000e+02 -2.747702e+00
      vertex   -3.745096e+00 1.647529e+02 -3.495281e+00
      vertex   -4.285902e+00 1.647529e+02 -2.747702e+00
    endloop
  endfacet
  facet normal -9.041264e-01 -0.000000e+00 -4.272650e-01
    outer loop
      vertex   -4.285902e+00 1.845000e+02 -2.747702e+00
      vertex   -4.285902e+00 1.647529e+02 -2.747702e+00
      vertex   -4.680132e+00 1.845000e+02 -1.913479e+00
    endloop
  endfacet
  facet normal -9.041264e-01 -0.000000e+00 -4.272650e-01
    outer loop
      vertex   -4.680132e+00 1.845000e+02 -1.913479e+00
      vertex   -4.285902e+00 1.647529e+02 -2.747702e+00
      vertex   -4.680132e+00 1.647529e+02 -1.913479e+00
    endloop
  endfacet
  facet normal -9.672417e-01 -0.000000e+00 -2.538572e-01
    outer loop
      vertex   -4.680132e+00 1.845000e+02 -1.913479e+00
      vertex   -4.680132e+00 1.647529e+02 -1.913479e+00
      vertex   -4.914362e+00 1.845000e+02 -1.021021e+00
    endloop
  endfacet
  facet normal -9.672417e-01 -0.000000e+00 -2.538572e-01
    outer loop
      vertex   -4.914362e+00 1.845000e+02 -1.021021e+00
      vertex   -4.680132e+00 1.647529e+02 -1.913479e+00
      vertex   -4.914362e+00 1.647529e+02 -1.021021e+00
    endloop
  endfacet
  facet normal -9.974187e-01 -0.000000e+00 -7.180465e-02
    outer loop
      vertex   -4.914362e+00 1.845000e+02 -1.021021e+00
      vertex   -4.914362e+00 1.647529e+02 -1.021021e+00
      vertex   -4.980615e+00 1.845000e+02 -1.007195e-01
    endloop
  endfacet
  facet normal -9.974187e-01 1.513875e-18 -7.180465e-02
    outer loop
      vertex   -4.980615e+00 1.845000e+02 -1.007195e-01
      vertex   -4.914362e+00 1.647529e+02 -1.021021e+00
      vertex   -4.980615e+00 1.647529e+02 -1.007195e-01
    endloop
  endfacet
  facet normal -9.936298e-01 -2.375938e-18 1.126932e-01
    outer loop
      vertex   -4.980615e+00 1.845000e+02 -1.007195e-01
      vertex   -4.980615e+00 1.647529e+02 -1.007195e-01
      vertex   -4.876635e+00 1.845000e+02 8.160864e-01
    endloop
  endfacet
  facet normal -9.936298e-01 -3.801501e-18 1.126932e-01
    outer loop
      vertex   -4.876635e+00 1.845000e+02 8.160864e-01
      vertex   -4.980615e+00 1.647529e+02 -1.007195e-01
      vertex   -4.876635e+00 1.647529e+02 8.160864e-01
    endloop
  endfacet
  facet normal -9.560041e-01 -9.895747e-18 2.933534e-01
    outer loop
      vertex   -4.876635e+00 1.845000e+02 8.160864e-01
      vertex   -4.876635e+00 1.647529e+02 8.160864e-01
      vertex   -4.605963e+00 1.845000e+02 1.698176e+00
    endloop
  endfacet
  facet normal -9.560041e-01 0.000000e+00 2.933534e-01
    outer loop
      vertex   -4.605963e+00 1.845000e+02 1.698176e+00
      vertex   -4.876635e+00 1.647529e+02 8.160864e-01
      vertex   -4.605963e+00 1.647529e+02 1.698176e+00
    endloop
  endfacet
  facet normal -8.858228e-01 0.000000e+00 4.640237e-01
    outer loop
      vertex   -4.605963e+00 1.845000e+02 1.698176e+00
      vertex   -4.605963e+00 1.647529e+02 1.698176e+00
      vertex   -4.177816e+00 1.845000e+02 2.515510e+00
    endloop
  endfacet
  facet normal -8.858228e-01 -2.087067e-17 4.640237e-01
    outer loop
      vertex   -4.177816e+00 1.845000e+02 2.515510e+00
      vertex   -4.605963e+00 1.647529e+02 1.698176e+00
      vertex   -4.177816e+00 1.647529e+02 2.515510e+00
    endloop
  endfacet
  facet normal -7.854758e-01 -2.783629e-17 6.188924e-01
    outer loop
      vertex   -4.177816e+00 1.845000e+02 2.515510e+00
      vertex   -4.177816e+00 1.647529e+02 2.515510e+00
      vertex   -3.606774e+00 1.845000e+02 3.240255e+00
    endloop
  endfacet
  facet normal -7.854758e-01 -1.391815e-17 6.188924e-01
    outer loop
      vertex   -3.606774e+00 1.845000e+02 3.240255e+00
      vertex   -4.177816e+00 1.647529e+02 2.515510e+00
      vertex   -3.606774e+00 1.647529e+02 3.240255e+00
    endloop
  endfacet
  facet normal -6.583804e-01 -1.692699e-17 7.526853e-01
    outer loop
      vertex   -3.606774e+00 1.845000e+02 3.240255e+00
      vertex   -3.606774e+00 1.647529e+02 3.240255e+00
      vertex   -2.912283e+00 1.845000e+02 3.847732e+00
    endloop
  endfacet
  facet normal -6.583804e-01 -1.692699e-17 7.526853e-01
    outer loop
      vertex   -2.912283e+00 1.845000e+02 3.847732e+00
      vertex   -3.606774e+00 1.647529e+02 3.240255e+00
      vertex   -2.912283e+00 1.647529e+02 3.847732e+00
    endloop
  endfacet
  facet normal -5.088647e-01 -1.935940e-17 8.608465e-01
    outer loop
      vertex   -2.912283e+00 1.845000e+02 3.847732e+00
      vertex   -2.912283e+00 1.647529e+02 3.847732e+00
      vertex   -2.117994e+00 1.845000e+02 4.317253e+00
    endloop
  endfacet
  facet normal -5.088647e-01 0.000000e+00 8.608465e-01
    outer loop
      vertex   -2.117994e+00 1.845000e+02 4.317253e+00
      vertex   -2.912283e+00 1.647529e+02 3.847732e+00
      vertex   -2.117994e+00 1.647529e+02 4.317253e+00
    endloop
  endfacet
  facet normal -3.420201e-01 0.000000e+00 9.396926e-01
    outer loop
      vertex   -2.117994e+00 1.845000e+02 4.317253e+00
      vertex   -2.117994e+00 1.647529e+02 4.317253e+00
      vertex   -1.250955e+00 1.845000e+02 4.632830e+00
    endloop
  endfacet
  facet normal -3.420201e-01 0.000000e+00 9.396926e-01
    outer loop
      vertex   -1.250955e+00 1.845000e+02 4.632830e+00
      vertex   -2.117994e+00 1.647529e+02 4.317253e+00
      vertex   -1.250955e+00 1.647529e+02 4.632830e+00
    endloop
  endfacet
  facet normal -1.635285e-01 0.000000e+00 9.865386e-01
    outer loop
      vertex   -1.250955e+00 1.845000e+02 4.632830e+00
      vertex   -1.250955e+00 1.647529e+02 4.632830e+00
      vertex   -3.406924e-01 1.845000e+02 4.783715e+00
    endloop
  endfacet
  facet normal -1.635285e-01 0.000000e+00 9.865386e-01
    outer loop
      vertex   -3.406924e-01 1.845000e+02 4.783715e+00
      vertex   -1.250955e+00 1.647529e+02 4.632830e+00
      vertex   -3.406924e-01 1.647529e+02 4.783715e+00
    endloop
  endfacet
  facet normal 2.053184e-02 0.000000e+00 9.997892e-01
    outer loop
      vertex   -3.406924e-01 1.845000e+02 4.783715e+00
      vertex   -3.406924e-01 1.647529e+02 4.783715e+00
      vertex   5.817967e-01 1.845000e+02 4.764770e+00
    endloop
  endfacet
  facet normal 2.053184e-02 0.000000e+00 9.997892e-01
    outer loop
      vertex   5.817967e-01 1.845000e+02 4.764770e+00
      vertex   -3.406924e-01 1.647529e+02 4.783715e+00
      vertex   5.817967e-01 1.647529e+02 4.764770e+00
    endloop
  endfacet
  facet normal 2.038930e-01 0.000000e+00 9.789932e-01
    outer loop
      vertex   5.817967e-01 1.845000e+02 4.764770e+00
      vertex   5.817967e-01 1.647529e+02 4.764770e+00
      vertex   1.485098e+00 1.845000e+02 4.576642e+00
    endloop
  endfacet
  facet normal 2.038930e-01 0.000000e+00 9.789932e-01
    outer loop
      vertex   1.485098e+00 1.845000e+02 4.576642e+00
      vertex   5.817967e-01 1.647529e+02 4.764770e+00
      vertex   1.485098e+00 1.647529e+02 4.576642e+00
    endloop
  endfacet
  facet normal 3.803109e-01 0.000000e+00 9.248587e-01
    outer loop
      vertex   1.485098e+00 1.845000e+02 4.576642e+00
      vertex   1.485098e+00 1.647529e+02 4.576642e+00
      vertex   2.338450e+00 1.845000e+02 4.225735e+00
    endloop
  endfacet
  facet normal 3.803109e-01 -4.159792e-17 9.248587e-01
    outer loop
      vertex   2.338450e+00 1.845000e+02 4.225735e+00
      vertex   1.485098e+00 1.647529e+02 4.576642e+00
      vertex   2.338450e+00 1.647529e+02 4.225735e+00
    endloop
  endfacet
  facet normal 5.437777e-01 -3.774652e-17 8.392293e-01
    outer loop
      vertex   2.338450e+00 1.845000e+02 4.225735e+00
      vertex   2.338450e+00 1.647529e+02 4.225735e+00
      vertex   3.112793e+00 1.845000e+02 3.724000e+00
    endloop
  endfacet
  facet normal 5.437777e-01 0.000000e+00 8.392293e-01
    outer loop
      vertex   3.112793e+00 1.845000e+02 3.724000e+00
      vertex   2.338450e+00 1.647529e+02 4.225735e+00
      vertex   3.112793e+00 1.647529e+02 3.724000e+00
    endloop
  endfacet
  facet normal 6.887268e-01 0.000000e+00 7.250209e-01
    outer loop
      vertex   3.112793e+00 1.845000e+02 3.724000e+00
      vertex   3.112793e+00 1.647529e+02 3.724000e+00
      vertex   3.781758e+00 1.845000e+02 3.088523e+00
    endloop
  endfacet
  facet normal 6.887268e-01 0.000000e+00 7.250209e-01
    outer loop
      vertex   3.781758e+00 1.845000e+02 3.088523e+00
      vertex   3.112793e+00 1.647529e+02 3.724000e+00
      vertex   3.781758e+00 1.647529e+02 3.088523e+00
    endloop
  endfacet
  facet normal 8.102222e-01 0.000000e+00 5.861228e-01
    outer loop
      vertex   3.781758e+00 1.845000e+02 3.088523e+00
      vertex   3.781758e+00 1.647529e+02 3.088523e+00
      vertex   4.322564e+00 1.845000e+02 2.340945e+00
    endloop
  endfacet
  facet normal 8.102222e-01 0.000000e+00 5.861228e-01
    outer loop
      vertex   4.322564e+00 1.845000e+02 2.340945e+00
      vertex   3.781758e+00 1.647529e+02 3.088523e+00
      vertex   4.322564e+00 1.647529e+02 2.340945e+00
    endloop
  endfacet
  facet normal 9.672417e-01 -5.064039e-17 2.538572e-01
    outer loop
      vertex   4.951024e+00 8.576435e+01 6.142639e-01
      vertex   4.951024e+00 1.055115e+02 6.142639e-01
      vertex   4.716794e+00 8.576435e+01 1.506722e+00
    endloop
  endfacet
  facet normal 9.672417e-01 -7.273605e-17 2.538572e-01
    outer loop
      vertex   4.716794e+00 8.576435e+01 1.506722e+00
      vertex   4.951024e+00 1.055115e+02 6.142639e-01
      vertex   4.716794e+00 1.055115e+02 1.506722e+00
    endloop
  endfacet
  facet normal 9.041264e-01 -5.730917e-17 4.272650e-01
    outer loop
      vertex   4.716794e+00 8.576435e+01 1.506722e+00
      vertex   4.716794e+00 1.055115e+02 1.506722e+00
      vertex   4.322564e+00 8.576435e+01 2.340945e+00
    endloop
  endfacet
  facet normal 9.041264e-01 -5.250483e-17 4.272650e-01
    outer loop
      vertex   4.322564e+00 8.576435e+01 2.340945e+00
      vertex   4.716794e+00 1.055115e+02 1.506722e+00
      vertex   4.322564e+00 1.055115e+02 2.340945e+00
    endloop
  endfacet
  facet normal 8.102222e-01 -3.334010e-17 5.861228e-01
    outer loop
      vertex   4.322564e+00 8.576435e+01 2.340945e+00
      vertex   4.322564e+00 1.055115e+02 2.340945e+00
      vertex   3.781758e+00 8.576435e+01 3.088523e+00
    endloop
  endfacet
  facet normal 8.102222e-01 -9.420637e-17 5.861228e-01
    outer loop
      vertex   3.781758e+00 8.576435e+01 3.088523e+00
      vertex   4.322564e+00 1.055115e+02 2.340945e+00
      vertex   3.781758e+00 1.055115e+02 3.088523e+00
    endloop
  endfacet
  facet normal 6.887268e-01 -9.538047e-17 7.250209e-01
    outer loop
      vertex   3.781758e+00 8.576435e+01 3.088523e+00
      vertex   3.781758e+00 1.055115e+02 3.088523e+00
      vertex   3.112793e+00 8.576435e+01 3.724000e+00
    endloop
  endfacet
  facet normal 6.887268e-01 -3.260970e-17 7.250209e-01
    outer loop
      vertex   3.112793e+00 8.576435e+01 3.724000e+00
      vertex   3.781758e+00 1.055115e+02 3.088523e+00
      vertex   3.112793e+00 1.055115e+02 3.724000e+00
    endloop
  endfacet
  facet normal 5.437777e-01 -3.774652e-17 8.392293e-01
    outer loop
      vertex   3.112793e+00 8.576435e+01 3.724000e+00
      vertex   3.112793e+00 1.055115e+02 3.724000e+00
      vertex   2.338450e+00 8.576435e+01 4.225735e+00
    endloop
  endfacet
  facet normal 5.437777e-01 -2.339802e-17 8.392293e-01
    outer loop
      vertex   2.338450e+00 8.576435e+01 4.225735e+00
      vertex   3.112793e+00 1.055115e+02 3.724000e+00
      vertex   2.338450e+00 1.055115e+02 4.225735e+00
    endloop
  endfacet
  facet normal 3.803109e-01 -1.165753e-18 9.248587e-01
    outer loop
      vertex   2.338450e+00 8.576435e+01 4.225735e+00
      vertex   2.338450e+00 1.055115e+02 4.225735e+00
      vertex   1.485098e+00 8.576435e+01 4.576642e+00
    endloop
  endfacet
  facet normal 3.803109e-01 -4.159792e-17 9.248587e-01
    outer loop
      vertex   1.485098e+00 8.576435e+01 4.576642e+00
      vertex   2.338450e+00 1.055115e+02 4.225735e+00
      vertex   1.485098e+00 1.055115e+02 4.576642e+00
    endloop
  endfacet
  facet normal 2.038930e-01 -4.403276e-17 9.789932e-01
    outer loop
      vertex   1.485098e+00 8.576435e+01 4.576642e+00
      vertex   1.485098e+00 1.055115e+02 4.576642e+00
      vertex   5.817967e-01 8.576435e+01 4.764770e+00
    endloop
  endfacet
  facet normal 2.038930e-01 -6.695931e-17 9.789932e-01
    outer loop
      vertex   5.817967e-01 8.576435e+01 4.764770e+00
      vertex   1.485098e+00 1.055115e+02 4.576642e+00
      vertex   5.817967e-01 1.055115e+02 4.764770e+00
    endloop
  endfacet
  facet normal 2.053184e-02 -4.727680e-17 9.997892e-01
    outer loop
      vertex   5.817967e-01 8.576435e+01 4.764770e+00
      vertex   5.817967e-01 1.055115e+02 4.764770e+00
      vertex   -3.406924e-01 8.576435e+01 4.783715e+00
    endloop
  endfacet
  facet normal 2.053184e-02 -4.612246e-17 9.997892e-01
    outer loop
      vertex   -3.406924e-01 8.576435e+01 4.783715e+00
      vertex   5.817967e-01 1.055115e+02 4.764770e+00
      vertex   -3.406924e-01 1.055115e+02 4.783715e+00
    endloop
  endfacet
  facet normal -1.635285e-01 -3.517823e-17 9.865386e-01
    outer loop
      vertex   -3.406924e-01 8.576435e+01 4.783715e+00
      vertex   -3.406924e-01 1.055115e+02 4.783715e+00
      vertex   -1.250955e+00 8.576435e+01 4.632830e+00
    endloop
  endfacet
  facet normal -1.635285e-01 -1.471024e-17 9.865386e-01
    outer loop
      vertex   -1.250955e+00 8.576435e+01 4.632830e+00
      vertex   -3.406924e-01 1.055115e+02 4.783715e+00
      vertex   -1.250955e+00 1.055115e+02 4.632830e+00
    endloop
  endfacet
  facet normal -3.420201e-01 -3.076649e-17 9.396926e-01
    outer loop
      vertex   -1.250955e+00 8.576435e+01 4.632830e+00
      vertex   -1.250955e+00 1.055115e+02 4.632830e+00
      vertex   -2.117994e+00 8.576435e+01 4.317253e+00
    endloop
  endfacet
  facet normal -3.420201e-01 -8.453023e-17 9.396926e-01
    outer loop
      vertex   -2.117994e+00 8.576435e+01 4.317253e+00
      vertex   -1.250955e+00 1.055115e+02 4.632830e+00
      vertex   -2.117994e+00 1.055115e+02 4.317253e+00
    endloop
  endfacet
  facet normal -5.088647e-01 -7.743762e-17 8.608465e-01
    outer loop
      vertex   -2.117994e+00 8.576435e+01 4.317253e+00
      vertex   -2.117994e+00 1.055115e+02 4.317253e+00
      vertex   -2.912283e+00 8.576435e+01 3.847732e+00
    endloop
  endfacet
  facet normal -5.088647e-01 -3.080316e-17 8.608465e-01
    outer loop
      vertex   -2.912283e+00 8.576435e+01 3.847732e+00
      vertex   -2.117994e+00 1.055115e+02 4.317253e+00
      vertex   -2.912283e+00 1.055115e+02 3.847732e+00
    endloop
  endfacet
  facet normal -6.583804e-01 -3.173317e-17 7.526853e-01
    outer loop
      vertex   -2.912283e+00 8.576435e+01 3.847732e+00
      vertex   -2.912283e+00 1.055115e+02 3.847732e+00
      vertex   -3.606774e+00 8.576435e+01 3.240255e+00
    endloop
  endfacet
  facet normal -6.583804e-01 -3.809559e-17 7.526853e-01
    outer loop
      vertex   -3.606774e+00 8.576435e+01 3.240255e+00
      vertex   -2.912283e+00 1.055115e+02 3.847732e+00
      vertex   -3.606774e+00 1.055115e+02 3.240255e+00
    endloop
  endfacet
  facet normal -7.854758e-01 -2.034377e-17 6.188924e-01
    outer loop
      vertex   -3.606774e+00 8.576435e+01 3.240255e+00
      vertex   -3.606774e+00 1.055115e+02 3.240255e+00
      vertex   -4.177816e+00 8.576435e+01 2.515510e+00
    endloop
  endfacet
  facet normal -7.854758e-01 -7.065763e-17 6.188924e-01
    outer loop
      vertex   -4.177816e+00 8.576435e+01 2.515510e+00
      vertex   -3.606774e+00 1.055115e+02 3.240255e+00
      vertex   -4.177816e+00 1.055115e+02 2.515510e+00
    endloop
  endfacet
  facet normal -8.858228e-01 -7.968436e-17 4.640237e-01
    outer loop
      vertex   -4.177816e+00 8.576435e+01 2.515510e+00
      vertex   -4.177816e+00 1.055115e+02 2.515510e+00
      vertex   -4.605963e+00 8.576435e+01 1.698176e+00
    endloop
  endfacet
  facet normal -8.858228e-01 -9.533736e-17 4.640237e-01
    outer loop
      vertex   -4.605963e+00 8.576435e+01 1.698176e+00
      vertex   -4.177816e+00 1.055115e+02 2.515510e+00
      vertex   -4.605963e+00 1.055115e+02 1.698176e+00
    endloop
  endfacet
  facet normal -9.560041e-01 -9.589328e-17 2.933534e-01
    outer loop
      vertex   -4.605963e+00 8.576435e+01 1.698176e+00
      vertex   -4.605963e+00 1.055115e+02 1.698176e+00
      vertex   -4.876635e+00 8.576435e+01 8.160864e-01
    endloop
  endfacet
  facet normal -9.560041e-01 -5.289451e-17 2.933534e-01
    outer loop
      vertex   -4.876635e+00 8.576435e+01 8.160864e-01
      vertex   -4.605963e+00 1.055115e+02 1.698176e+00
      vertex   -4.876635e+00 1.055115e+02 8.160864e-01
    endloop
  endfacet
  facet normal -9.936298e-01 -4.849258e-17 1.126932e-01
    outer loop
      vertex   -4.876635e+00 8.576435e+01 8.160864e-01
      vertex   -4.876635e+00 1.055115e+02 8.160864e-01
      vertex   -4.980615e+00 8.576435e+01 -1.007195e-01
    endloop
  endfacet
  facet normal -9.936298e-01 -9.175810e-17 1.126932e-01
    outer loop
      vertex   -4.980615e+00 8.576435e+01 -1.007195e-01
      vertex   -4.876635e+00 1.055115e+02 8.160864e-01
      vertex   -4.980615e+00 1.055115e+02 -1.007195e-01
    endloop
  endfacet
  facet normal -9.974187e-01 -8.820912e-17 -7.180465e-02
    outer loop
      vertex   -4.980615e+00 8.576435e+01 -1.007195e-01
      vertex   -4.980615e+00 1.055115e+02 -1.007195e-01
      vertex   -4.914362e+00 8.576435e+01 -1.021021e+00
    endloop
  endfacet
  facet normal -9.974187e-01 -4.566890e-17 -7.180465e-02
    outer loop
      vertex   -4.914362e+00 8.576435e+01 -1.021021e+00
      vertex   -4.980615e+00 1.055115e+02 -1.007195e-01
      vertex   -4.914362e+00 1.055115e+02 -1.021021e+00
    endloop
  endfacet
  facet normal -9.672417e-01 -4.635868e-17 -2.538572e-01
    outer loop
      vertex   -4.914362e+00 8.576435e+01 -1.021021e+00
      vertex   -4.914362e+00 1.055115e+02 -1.021021e+00
      vertex   -4.680132e+00 8.576435e+01 -1.913479e+00
    endloop
  endfacet
  facet normal -9.672417e-01 -4.350421e-17 -2.538572e-01
    outer loop
      vertex   -4.680132e+00 8.576435e+01 -1.913479e+00
      vertex   -4.914362e+00 1.055115e+02 -1.021021e+00
      vertex   -4.680132e+00 1.055115e+02 -1.913479e+00
    endloop
  endfacet
  facet normal -9.041264e-01 -4.066543e-17 -4.272650e-01
    outer loop
      vertex   -4.680132e+00 8.576435e+01 -1.913479e+00
      vertex   -4.680132e+00 1.055115e+02 -1.913479e+00
      vertex   -4.285902e+00 8.576435e+01 -2.747702e+00
    endloop
  endfacet
  facet normal -9.041264e-01 -5.027411e-17 -4.272650e-01
    outer loop
      vertex   -4.285902e+00 8.576435e+01 -2.747702e+00
      vertex   -4.680132e+00 1.055115e+02 -1.913479e+00
      vertex   -4.285902e+00 1.055115e+02 -2.747702e+00
    endloop
  endfacet
  facet normal -8.102222e-01 -4.962305e-17 -5.861228e-01
    outer loop
      vertex   -4.285902e+00 8.576435e+01 -2.747702e+00
      vertex   -4.285902e+00 1.055115e+02 -2.747702e+00
      vertex   -3.745096e+00 8.576435e+01 -3.495281e+00
    endloop
  endfacet
  facet normal -8.102222e-01 -8.102517e-17 -5.861228e-01
    outer loop
      vertex   -3.745096e+00 8.576435e+01 -3.495281e+00
      vertex   -4.285902e+00 1.055115e+02 -2.747702e+00
      vertex   -3.745096e+00 1.055115e+02 -3.495281e+00
    endloop
  endfacet
  facet normal -6.887268e-01 -7.907562e-17 -7.250209e-01
    outer loop
      vertex   -3.745096e+00 8.576435e+01 -3.495281e+00
      vertex   -3.745096e+00 1.055115e+02 -3.495281e+00
      vertex   -3.076131e+00 8.576435e+01 -4.130758e+00
    endloop
  endfacet
  facet normal -6.887268e-01 -9.456426e-17 -7.250209e-01
    outer loop
      vertex   -3.076131e+00 8.576435e+01 -4.130758e+00
      vertex   -3.745096e+00 1.055115e+02 -3.495281e+00
      vertex   -3.076131e+00 1.055115e+02 -4.130758e+00
    endloop
  endfacet
  facet normal -5.437777e-01 -8.666215e-17 -8.392293e-01
    outer loop
      vertex   -3.076131e+00 8.576435e+01 -4.130758e+00
      vertex   -3.076131e+00 1.055115e+02 -4.130758e+00
      vertex   -2.301788e+00 8.576435e+01 -4.632493e+00
    endloop
  endfacet
  facet normal -5.437777e-01 -8.772194e-17 -8.392293e-01
    outer loop
      vertex   -2.301788e+00 8.576435e+01 -4.632493e+00
      vertex   -3.076131e+00 1.055115e+02 -4.130758e+00
      vertex   -2.301788e+00 1.055115e+02 -4.632493e+00
    endloop
  endfacet
  facet normal -3.803109e-01 -9.174858e-17 -9.248587e-01
    outer loop
      vertex   -2.301788e+00 8.576435e+01 -4.632493e+00
      vertex   -2.301788e+00 1.055115e+02 -4.632493e+00
      vertex   -1.448436e+00 8.576435e+01 -4.983399e+00
    endloop
  endfacet
  facet normal -3.803109e-01 -4.159792e-17 -9.248587e-01
    outer loop
      vertex   -1.448436e+00 8.576435e+01 -4.983399e+00
      vertex   -2.301788e+00 1.055115e+02 -4.632493e+00
      vertex   -1.448436e+00 1.055115e+02 -4.983399e+00
    endloop
  endfacet
  facet normal -2.038930e-01 -4.403276e-17 -9.789932e-01
    outer loop
      vertex   -1.448436e+00 8.576435e+01 -4.983399e+00
      vertex   -1.448436e+00 1.055115e+02 -4.983399e+00
      vertex   -5.451349e-01 8.576435e+01 -5.171528e+00
    endloop
  endfacet
  facet normal -2.038930e-01 -4.403276e-17 -9.789932e-01
    outer loop
      vertex   -5.451349e-01 8.576435e+01 -5.171528e+00
      vertex   -1.448436e+00 1.055115e+02 -4.983399e+00
      vertex   -5.451349e-01 1.055115e+02 -5.171528e+00
    endloop
  endfacet
  facet normal -2.053184e-02 -4.496812e-17 -9.997892e-01
    outer loop
      vertex   -5.451349e-01 8.576435e+01 -5.171528e+00
      vertex   -5.451349e-01 1.055115e+02 -5.171528e+00
      vertex   3.773541e-01 8.576435e+01 -5.190472e+00
    endloop
  endfacet
  facet normal -2.053184e-02 -8.993623e-17 -9.997892e-01
    outer loop
      vertex   3.773541e-01 8.576435e+01 -5.190472e+00
      vertex   -5.451349e-01 1.055115e+02 -5.171528e+00
      vertex   3.773541e-01 1.055115e+02 -5.190472e+00
    endloop
  endfacet
  facet normal 1.635285e-01 -8.874427e-17 -9.865386e-01
    outer loop
      vertex   3.773541e-01 8.576435e+01 -5.190472e+00
      vertex   3.773541e-01 1.055115e+02 -5.190472e+00
      vertex   1.287617e+00 8.576435e+01 -5.039587e+00
    endloop
  endfacet
  facet normal 1.635285e-01 -4.988848e-17 -9.865386e-01
    outer loop
      vertex   1.287617e+00 8.576435e+01 -5.039587e+00
      vertex   3.773541e-01 1.055115e+02 -5.190472e+00
      vertex   1.287617e+00 1.055115e+02 -5.039587e+00
    endloop
  endfacet
  facet normal 3.420201e-01 -5.380255e-17 -9.396926e-01
    outer loop
      vertex   1.287617e+00 8.576435e+01 -5.039587e+00
      vertex   1.287617e+00 1.055115e+02 -5.039587e+00
      vertex   2.154656e+00 8.576435e+01 -4.724011e+00
    endloop
  endfacet
  facet normal 3.420201e-01 -4.995674e-17 -9.396926e-01
    outer loop
      vertex   2.154656e+00 8.576435e+01 -4.724011e+00
      vertex   1.287617e+00 1.055115e+02 -5.039587e+00
      vertex   2.154656e+00 1.055115e+02 -4.724011e+00
    endloop
  endfacet
  facet normal 5.088647e-01 -5.016256e-17 -8.608465e-01
    outer loop
      vertex   2.154656e+00 8.576435e+01 -4.724011e+00
      vertex   2.154656e+00 1.055115e+02 -4.724011e+00
      vertex   2.948945e+00 8.576435e+01 -4.254490e+00
    endloop
  endfacet
  facet normal 5.088647e-01 -5.016256e-17 -8.608465e-01
    outer loop
      vertex   2.948945e+00 8.576435e+01 -4.254490e+00
      vertex   2.154656e+00 1.055115e+02 -4.724011e+00
      vertex   2.948945e+00 1.055115e+02 -4.254490e+00
    endloop
  endfacet
  facet normal 6.583804e-01 -4.866016e-17 -7.526853e-01
    outer loop
      vertex   2.948945e+00 8.576435e+01 -4.254490e+00
      vertex   2.948945e+00 1.055115e+02 -4.254490e+00
      vertex   3.643435e+00 8.576435e+01 -3.647013e+00
    endloop
  endfacet
  facet normal 6.583804e-01 -7.827253e-17 -7.526853e-01
    outer loop
      vertex   3.643435e+00 8.576435e+01 -3.647013e+00
      vertex   2.948945e+00 1.055115e+02 -4.254490e+00
      vertex   3.643435e+00 1.055115e+02 -3.647013e+00
    endloop
  endfacet
  facet normal 7.854758e-01 -8.082951e-17 -6.188924e-01
    outer loop
      vertex   3.643435e+00 8.576435e+01 -3.647013e+00
      vertex   3.643435e+00 1.055115e+02 -3.647013e+00
      vertex   4.214477e+00 8.576435e+01 -2.922267e+00
    endloop
  endfacet
  facet normal 7.854758e-01 -4.924696e-17 -6.188924e-01
    outer loop
      vertex   4.214477e+00 8.576435e+01 -2.922267e+00
      vertex   3.643435e+00 1.055115e+02 -3.647013e+00
      vertex   4.214477e+00 1.055115e+02 -2.922267e+00
    endloop
  endfacet
  facet normal 8.858228e-01 -5.027752e-17 -4.640237e-01
    outer loop
      vertex   4.214477e+00 8.576435e+01 -2.922267e+00
      vertex   4.214477e+00 1.055115e+02 -2.922267e+00
      vertex   4.642624e+00 8.576435e+01 -2.104933e+00
    endloop
  endfacet
  facet normal 8.858228e-01 0.000000e+00 -4.640237e-01
    outer loop
      vertex   4.642624e+00 8.576435e+01 -2.104933e+00
      vertex   4.214477e+00 1.055115e+02 -2.922267e+00
      vertex   4.642624e+00 1.055115e+02 -2.104933e+00
    endloop
  endfacet
  facet normal 9.560041e-01 0.000000e+00 -2.933534e-01
    outer loop
      vertex   4.642624e+00 8.576435e+01 -2.104933e+00
      vertex   4.642624e+00 1.055115e+02 -2.104933e+00
      vertex   4.913297e+00 8.576435e+01 -1.222844e+00
    endloop
  endfacet
  facet normal 9.560041e-01 -4.629735e-17 -2.933534e-01
    outer loop
      vertex   4.913297e+00 8.576435e+01 -1.222844e+00
      vertex   4.642624e+00 1.055115e+02 -2.104933e+00
      vertex   4.913297e+00 1.055115e+02 -1.222844e+00
    endloop
  endfacet
  facet normal 9.936298e-01 -4.595825e-17 -1.126932e-01
    outer loop
      vertex   4.913297e+00 8.576435e+01 -1.222844e+00
      vertex   4.913297e+00 1.055115e+02 -1.222844e+00
      vertex   5.017277e+00 8.576435e+01 -3.060380e-01
    endloop
  endfacet
  facet normal 9.936298e-01 -4.247354e-17 -1.126932e-01
    outer loop
      vertex   5.017277e+00 8.576435e+01 -3.060380e-01
      vertex   4.913297e+00 1.055115e+02 -1.222844e+00
      vertex   5.017277e+00 1.055115e+02 -3.060380e-01
    endloop
  endfacet
  facet normal 9.974187e-01 -4.627445e-17 7.180465e-02
    outer loop
      vertex   5.017277e+00 8.576435e+01 -3.060380e-01
      vertex   5.017277e+00 1.055115e+02 -3.060380e-01
      vertex   4.951024e+00 8.576435e+01 6.142639e-01
    endloop
  endfacet
  facet normal 9.974187e-01 -4.688000e-17 7.180465e-02
    outer loop
      vertex   4.951024e+00 8.576435e+01 6.142639e-01
      vertex   5.017277e+00 1.055115e+02 -3.060380e-01
      vertex   4.951024e+00 1.055115e+02 6.142639e-01
    endloop
  endfacet
  facet normal 9.672417e-01 0.000000e+00 2.538572e-01
    outer loop
      vertex   4.716794e+00 1.647529e+02 1.506722e+00
      vertex   4.716794e+00 1.450057e+02 1.506722e+00
      vertex   4.951024e+00 1.647529e+02 6.142639e-01
    endloop
  endfacet
  facet normal 9.672417e-01 0.000000e+00 2.538572e-01
    outer loop
      vertex   4.951024e+00 1.647529e+02 6.142639e-01
      vertex   4.716794e+00 1.450057e+02 1.506722e+00
      vertex   4.951024e+00 1.450057e+02 6.142639e-01
    endloop
  endfacet
  facet normal 9.974187e-01 0.000000e+00 7.180465e-02
    outer loop
      vertex   4.951024e+00 1.647529e+02 6.142639e-01
      vertex   4.951024e+00 1.450057e+02 6.142639e-01
      vertex   5.017277e+00 1.647529e+02 -3.060380e-01
    endloop
  endfacet
  facet normal 9.974187e-01 0.000000e+00 7.180465e-02
    outer loop
      vertex   5.017277e+00 1.647529e+02 -3.060380e-01
      vertex   4.951024e+00 1.450057e+02 6.142639e-01
      vertex   5.017277e+00 1.450057e+02 -3.060380e-01
    endloop
  endfacet
  facet normal 9.936298e-01 0.000000e+00 -1.126932e-01
    outer loop
      vertex   5.017277e+00 1.647529e+02 -3.060380e-01
      vertex   5.017277e+00 1.450057e+02 -3.060380e-01
      vertex   4.913297e+00 1.647529e+02 -1.222844e+00
    endloop
  endfacet
  facet normal 9.936298e-01 0.000000e+00 -1.126932e-01
    outer loop
      vertex   4.913297e+00 1.647529e+02 -1.222844e+00
      vertex   5.017277e+00 1.450057e+02 -3.060380e-01
      vertex   4.913297e+00 1.450057e+02 -1.222844e+00
    endloop
  endfacet
  facet normal 9.560041e-01 0.000000e+00 -2.933534e-01
    outer loop
      vertex   4.913297e+00 1.647529e+02 -1.222844e+00
      vertex   4.913297e+00 1.450057e+02 -1.222844e+00
      vertex   4.642624e+00 1.647529e+02 -2.104933e+00
    endloop
  endfacet
  facet normal 9.560041e-01 0.000000e+00 -2.933534e-01
    outer loop
      vertex   4.642624e+00 1.647529e+02 -2.104933e+00
      vertex   4.913297e+00 1.450057e+02 -1.222844e+00
      vertex   4.642624e+00 1.450057e+02 -2.104933e+00
    endloop
  endfacet
  facet normal 8.858228e-01 0.000000e+00 -4.640237e-01
    outer loop
      vertex   4.642624e+00 1.647529e+02 -2.104933e+00
      vertex   4.642624e+00 1.450057e+02 -2.104933e+00
      vertex   4.214477e+00 1.647529e+02 -2.922267e+00
    endloop
  endfacet
  facet normal 8.858228e-01 0.000000e+00 -4.640237e-01
    outer loop
      vertex   4.214477e+00 1.647529e+02 -2.922267e+00
      vertex   4.642624e+00 1.450057e+02 -2.104933e+00
      vertex   4.214477e+00 1.450057e+02 -2.922267e+00
    endloop
  endfacet
  facet normal 7.854758e-01 0.000000e+00 -6.188924e-01
    outer loop
      vertex   4.214477e+00 1.647529e+02 -2.922267e+00
      vertex   4.214477e+00 1.450057e+02 -2.922267e+00
      vertex   3.643435e+00 1.647529e+02 -3.647013e+00
    endloop
  endfacet
  facet normal 7.854758e-01 0.000000e+00 -6.188924e-01
    outer loop
      vertex   3.643435e+00 1.647529e+02 -3.647013e+00
      vertex   4.214477e+00 1.450057e+02 -2.922267e+00
      vertex   3.643435e+00 1.450057e+02 -3.647013e+00
    endloop
  endfacet
  facet normal 6.583804e-01 0.000000e+00 -7.526853e-01
    outer loop
      vertex   3.643435e+00 1.647529e+02 -3.647013e+00
      vertex   3.643435e+00 1.450057e+02 -3.647013e+00
      vertex   2.948945e+00 1.647529e+02 -4.254490e+00
    endloop
  endfacet
  facet normal 6.583804e-01 0.000000e+00 -7.526853e-01
    outer loop
      vertex   2.948945e+00 1.647529e+02 -4.254490e+00
      vertex   3.643435e+00 1.450057e+02 -3.647013e+00
      vertex   2.948945e+00 1.450057e+02 -4.254490e+00
    endloop
  endfacet
  facet normal 5.088647e-01 0.000000e+00 -8.608465e-01
    outer loop
      vertex   2.948945e+00 1.647529e+02 -4.254490e+00
      vertex   2.948945e+00 1.450057e+02 -4.254490e+00
      vertex   2.154656e+00 1.647529e+02 -4.724011e+00
    endloop
  endfacet
  facet normal 5.088647e-01 0.000000e+00 -8.608465e-01
    outer loop
      vertex   2.154656e+00 1.647529e+02 -4.724011e+00
      vertex   2.948945e+00 1.450057e+02 -4.254490e+00
      vertex   2.154656e+00 1.450057e+02 -4.724011e+00
    endloop
  endfacet
  facet normal 3.420201e-01 0.000000e+00 -9.396926e-01
    outer loop
      vertex   2.154656e+00 1.647529e+02 -4.724011e+00
      vertex   2.154656e+00 1.450057e+02 -4.724011e+00
      vertex   1.287617e+00 1.647529e+02 -5.039587e+00
    endloop
  endfacet
  facet normal 3.420201e-01 0.000000e+00 -9.396926e-01
    outer loop
      vertex   1.287617e+00 1.647529e+02 -5.039587e+00
      vertex   2.154656e+00 1.450057e+02 -4.724011e+00
      vertex   1.287617e+00 1.450057e+02 -5.039587e+00
    endloop
  endfacet
  facet normal 1.635285e-01 0.000000e+00 -9.865386e-01
    outer loop
      vertex   1.287617e+00 1.647529e+02 -5.039587e+00
      vertex   1.287617e+00 1.450057e+02 -5.039587e+00
      vertex   3.773541e-01 1.647529e+02 -5.190472e+00
    endloop
  endfacet
  facet normal 1.635285e-01 0.000000e+00 -9.865386e-01
    outer loop
      vertex   3.773541e-01 1.647529e+02 -5.190472e+00
      vertex   1.287617e+00 1.450057e+02 -5.039587e+00
      vertex   3.773541e-01 1.450057e+02 -5.190472e+00
    endloop
  endfacet
  facet normal -2.053184e-02 -0.000000e+00 -9.997892e-01
    outer loop
      vertex   3.773541e-01 1.647529e+02 -5.190472e+00
      vertex   3.773541e-01 1.450057e+02 -5.190472e+00
      vertex   -5.451349e-01 1.647529e+02 -5.171528e+00
    endloop
  endfacet
  facet normal -2.053184e-02 -0.000000e+00 -9.997892e-01
    outer loop
      vertex   -5.451349e-01 1.647529e+02 -5.171528e+00
      vertex   3.773541e-01 1.450057e+02 -5.190472e+00
      vertex   -5.451349e-01 1.450057e+02 -5.171528e+00
    endloop
  endfacet
  facet normal -2.038930e-01 -0.000000e+00 -9.789932e-01
    outer loop
      vertex   -5.451349e-01 1.647529e+02 -5.171528e+00
      vertex   -5.451349e-01 1.450057e+02 -5.171528e+00
      vertex   -1.448436e+00 1.647529e+02 -4.983399e+00
    endloop
  endfacet
  facet normal -2.038930e-01 -0.000000e+00 -9.789932e-01
    outer loop
      vertex   -1.448436e+00 1.647529e+02 -4.983399e+00
      vertex   -5.451349e-01 1.450057e+02 -5.171528e+00
      vertex   -1.448436e+00 1.450057e+02 -4.983399e+00
    endloop
  endfacet
  facet normal -3.803109e-01 -0.000000e+00 -9.248587e-01
    outer loop
      vertex   -1.448436e+00 1.647529e+02 -4.983399e+00
      vertex   -1.448436e+00 1.450057e+02 -4.983399e+00
      vertex   -2.301788e+00 1.647529e+02 -4.632493e+00
    endloop
  endfacet
  facet normal -3.803109e-01 -0.000000e+00 -9.248587e-01
    outer loop
      vertex   -2.301788e+00 1.647529e+02 -4.632493e+00
      vertex   -1.448436e+00 1.450057e+02 -4.983399e+00
      vertex   -2.301788e+00 1.450057e+02 -4.632493e+00
    endloop
  endfacet
  facet normal -5.437777e-01 -0.000000e+00 -8.392293e-01
    outer loop
      vertex   -2.301788e+00 1.647529e+02 -4.632493e+00
      vertex   -2.301788e+00 1.450057e+02 -4.632493e+00
      vertex   -3.076131e+00 1.647529e+02 -4.130758e+00
    endloop
  endfacet
  facet normal -5.437777e-01 -0.000000e+00 -8.392293e-01
    outer loop
      vertex   -3.076131e+00 1.647529e+02 -4.130758e+00
      vertex   -2.301788e+00 1.450057e+02 -4.632493e+00
      vertex   -3.076131e+00 1.450057e+02 -4.130758e+00
    endloop
  endfacet
  facet normal -6.887268e-01 -0.000000e+00 -7.250209e-01
    outer loop
      vertex   -3.076131e+00 1.647529e+02 -4.130758e+00
      vertex   -3.076131e+00 1.450057e+02 -4.130758e+00
      vertex   -3.745096e+00 1.647529e+02 -3.495281e+00
    endloop
  endfacet
  facet normal -6.887268e-01 -0.000000e+00 -7.250209e-01
    outer loop
      vertex   -3.745096e+00 1.647529e+02 -3.495281e+00
      vertex   -3.076131e+00 1.450057e+02 -4.130758e+00
      vertex   -3.745096e+00 1.450057e+02 -3.495281e+00
    endloop
  endfacet
  facet normal -8.102222e-01 -0.000000e+00 -5.861228e-01
    outer loop
      vertex   -3.745096e+00 1.647529e+02 -3.495281e+00
      vertex   -3.745096e+00 1.450057e+02 -3.495281e+00
      vertex   -4.285902e+00 1.647529e+02 -2.747702e+00
    endloop
  endfacet
  facet normal -8.102222e-01 -0.000000e+00 -5.861228e-01
    outer loop
      vertex   -4.285902e+00 1.647529e+02 -2.747702e+00
      vertex   -3.745096e+00 1.450057e+02 -3.495281e+00
      vertex   -4.285902e+00 1.450057e+02 -2.747702e+00
    endloop
  endfacet
  facet normal -9.041264e-01 -0.000000e+00 -4.272650e-01
    outer loop
      vertex   -4.285902e+00 1.647529e+02 -2.747702e+00
      vertex   -4.285902e+00 1.450057e+02 -2.747702e+00
      vertex   -4.680132e+00 1.647529e+02 -1.913479e+00
    endloop
  endfacet
  facet normal -9.041264e-01 -0.000000e+00 -4.272650e-01
    outer loop
      vertex   -4.680132e+00 1.647529e+02 -1.913479e+00
      vertex   -4.285902e+00 1.450057e+02 -2.747702e+00
      vertex   -4.680132e+00 1.450057e+02 -1.913479e+00
    endloop
  endfacet
  facet normal -9.672417e-01 -0.000000e+00 -2.538572e-01
    outer loop
      vertex   -4.680132e+00 1.647529e+02 -1.913479e+00
      vertex   -4.680132e+00 1.450057e+02 -1.913479e+00
      vertex   -4.914362e+00 1.647529e+02 -1.021021e+00
    endloop
  endfacet
  facet normal -9.672417e-01 -0.000000e+00 -2.538572e-01
    outer loop
      vertex   -4.914362e+00 1.647529e+02 -1.021021e+00
      vertex   -4.680132e+00 1.450057e+02 -1.913479e+00
      vertex   -4.914362e+00 1.450057e+02 -1.021021e+00
    endloop
  endfacet
  facet normal -9.974187e-01 -0.000000e+00 -7.180465e-02
    outer loop
      vertex   -4.914362e+00 1.647529e+02 -1.021021e+00
      vertex   -4.914362e+00 1.450057e+02 -1.021021e+00
      vertex   -4.980615e+00 1.647529e+02 -1.007195e-01
    endloop
  endfacet
  facet normal -9.974187e-01 1.009250e-18 -7.180465e-02
    outer loop
      vertex   -4.980615e+00 1.647529e+02 -1.007195e-01
      vertex   -4.914362e+00 1.450057e+02 -1.021021e+00
      vertex   -4.980615e+00 1.450057e+02 -1.007195e-01
    endloop
  endfacet
  facet normal -9.936298e-01 -1.583959e-18 1.126932e-01
    outer loop
      vertex   -4.980615e+00 1.647529e+02 -1.007195e-01
      vertex   -4.980615e+00 1.450057e+02 -1.007195e-01
      vertex   -4.876635e+00 1.647529e+02 8.160864e-01
    endloop
  endfacet
  facet normal -9.936298e-01 0.000000e+00 1.126932e-01
    outer loop
      vertex   -4.876635e+00 1.647529e+02 8.160864e-01
      vertex   -4.980615e+00 1.450057e+02 -1.007195e-01
      vertex   -4.876635e+00 1.450057e+02 8.160864e-01
    endloop
  endfacet
  facet normal -9.560041e-01 0.000000e+00 2.933534e-01
    outer loop
      vertex   -4.876635e+00 1.647529e+02 8.160864e-01
      vertex   -4.876635e+00 1.450057e+02 8.160864e-01
      vertex   -4.605963e+00 1.647529e+02 1.698176e+00
    endloop
  endfacet
  facet normal -9.560041e-01 0.000000e+00 2.933534e-01
    outer loop
      vertex   -4.605963e+00 1.647529e+02 1.698176e+00
      vertex   -4.876635e+00 1.450057e+02 8.160864e-01
      vertex   -4.605963e+00 1.450057e+02 1.698176e+00
    endloop
  endfacet
  facet normal -8.858228e-01 0.000000e+00 4.640237e-01
    outer loop
      vertex   -4.605963e+00 1.647529e+02 1.698176e+00
      vertex   -4.605963e+00 1.450057e+02 1.698176e+00
      vertex   -4.177816e+00 1.647529e+02 2.515510e+00
    endloop
  endfacet
  facet normal -8.858228e-01 0.000000e+00 4.640237e-01
    outer loop
      vertex   -4.177816e+00 1.647529e+02 2.515510e+00
      vertex   -4.605963e+00 1.450057e+02 1.698176e+00
      vertex   -4.177816e+00 1.450057e+02 2.515510e+00
    endloop
  endfacet
  facet normal -7.854758e-01 0.000000e+00 6.188924e-01
    outer loop
      vertex   -4.177816e+00 1.647529e+02 2.515510e+00
      vertex   -4.177816e+00 1.450057e+02 2.515510e+00
      vertex   -3.606774e+00 1.647529e+02 3.240255e+00
    endloop
  endfacet
  facet normal -7.854758e-01 0.000000e+00 6.188924e-01
    outer loop
      vertex   -3.606774e+00 1.647529e+02 3.240255e+00
      vertex   -4.177816e+00 1.450057e+02 2.515510e+00
      vertex   -3.606774e+00 1.450057e+02 3.240255e+00
    endloop
  endfacet
  facet normal -6.583804e-01 0.000000e+00 7.526853e-01
    outer loop
      vertex   -3.606774e+00 1.647529e+02 3.240255e+00
      vertex   -3.606774e+00 1.450057e+02 3.240255e+00
      vertex   -2.912283e+00 1.647529e+02 3.847732e+00
    endloop
  endfacet
  facet normal -6.583804e-01 0.000000e+00 7.526853e-01
    outer loop
      vertex   -2.912283e+00 1.647529e+02 3.847732e+00
      vertex   -3.606774e+00 1.450057e+02 3.240255e+00
      vertex   -2.912283e+00 1.450057e+02 3.847732e+00
    endloop
  endfacet
  facet normal -5.088647e-01 0.000000e+00 8.608465e-01
    outer loop
      vertex   -2.912283e+00 1.647529e+02 3.847732e+00
      vertex   -2.912283e+00 1.450057e+02 3.847732e+00
      vertex   -2.117994e+00 1.647529e+02 4.317253e+00
    endloop
  endfacet
  facet normal -5.088647e-01 0.000000e+00 8.608465e-01
    outer loop
      vertex   -2.117994e+00 1.647529e+02 4.317253e+00
      vertex   -2.912283e+00 1.450057e+02 3.847732e+00
      vertex   -2.117994e+00 1.450057e+02 4.317253e+00
    endloop
  endfacet
  facet normal -3.420201e-01 0.000000e+00 9.396926e-01
    outer loop
      vertex   -2.117994e+00 1.647529e+02 4.317253e+00
      vertex   -2.117994e+00 1.450057e+02 4.317253e+00
      vertex   -1.250955e+00 1.647529e+02 4.632830e+00
    endloop
  endfacet
  facet normal -3.420201e-01 0.000000e+00 9.396926e-01
    outer loop
      vertex   -1.250955e+00 1.647529e+02 4.632830e+00
      vertex   -2.117994e+00 1.450057e+02 4.317253e+00
      vertex   -1.250955e+00 1.450057e+02 4.632830e+00
    endloop
  endfacet
  facet normal -1.635285e-01 0.000000e+00 9.865386e-01
    outer loop
      vertex   -1.250955e+00 1.647529e+02 4.632830e+00
      vertex   -1.250955e+00 1.450057e+02 4.632830e+00
      vertex   -3.406924e-01 1.647529e+02 4.783715e+00
    endloop
  endfacet
  facet normal -1.635285e-01 0.000000e+00 9.865386e-01
    outer loop
      vertex   -3.406924e-01 1.647529e+02 4.783715e+00
      vertex   -1.250955e+00 1.450057e+02 4.632830e+00
      vertex   -3.406924e-01 1.450057e+02 4.783715e+00
    endloop
  endfacet
  facet normal 2.053184e-02 0.000000e+00 9.997892e-01
    outer loop
      vertex   -3.406924e-01 1.647529e+02 4.783715e+00
      vertex   -3.406924e-01 1.450057e+02 4.783715e+00
      vertex   5.817967e-01 1.647529e+02 4.764770e+00
    endloop
  endfacet
  facet normal 2.053184e-02 0.000000e+00 9.997892e-01
    outer loop
      vertex   5.817967e-01 1.647529e+02 4.764770e+00
      vertex   -3.406924e-01 1.450057e+02 4.783715e+00
      vertex   5.817967e-01 1.450057e+02 4.764770e+00
    endloop
  endfacet
  facet normal 2.038930e-01 0.000000e+00 9.789932e-01
    outer loop
      vertex   5.817967e-01 1.647529e+02 4.764770e+00
      vertex   5.817967e-01 1.450057e+02 4.764770e+00
      vertex   1.485098e+00 1.647529e+02 4.576642e+00
    endloop
  endfacet
  facet normal 2.038930e-01 0.000000e+00 9.789932e-01
    outer loop
      vertex   1.485098e+00 1.647529e+02 4.576642e+00
      vertex   5.817967e-01 1.450057e+02 4.764770e+00
      vertex   1.485098e+00 1.450057e+02 4.576642e+00
    endloop
  endfacet
  facet normal 3.803109e-01 0.000000e+00 9.248587e-01
    outer loop
      vertex   1.485098e+00 1.647529e+02 4.576642e+00
      vertex   1.485098e+00 1.450057e+02 4.576642e+00
      vertex   2.338450e+00 1.647529e+02 4.225735e+00
    endloop
  endfacet
  facet normal 3.803109e-01 0.000000e+00 9.248587e-01
    outer loop
      vertex   2.338450e+00 1.647529e+02 4.225735e+00
      vertex   1.485098e+00 1.450057e+02 4.576642e+00
      vertex   2.338450e+00 1.450057e+02 4.225735e+00
    endloop
  endfacet
  facet normal 5.437777e-01 0.000000e+00 8.392293e-01
    outer loop
      vertex   2.338450e+00 1.647529e+02 4.225735e+00
      vertex   2.338450e+00 1.450057e+02 4.225735e+00
      vertex   3.112793e+00 1.647529e+02 3.724000e+00
    endloop
  endfacet
  facet normal 5.437777e-01 0.000000e+00 8.392293e-01
    outer loop
      vertex   3.112793e+00 1.647529e+02 3.724000e+00
      vertex   2.338450e+00 1.450057e+02 4.225735e+00
      vertex   3.112793e+00 1.450057e+02 3.724000e+00
    endloop
  endfacet
  facet normal 6.887268e-01 0.000000e+00 7.250209e-01
    outer loop
      vertex   3.112793e+00 1.647529e+02 3.724000e+00
      vertex   3.112793e+00 1.450057e+02 3.724000e+00
      vertex   3.781758e+00 1.647529e+02 3.088523e+00
    endloop
  endfacet
  facet normal 6.887268e-01 0.000000e+00 7.250209e-01
    outer loop
      vertex   3.781758e+00 1.647529e+02 3.088523e+00
      vertex   3.112793e+00 1.450057e+02 3.724000e+00
      vertex   3.781758e+00 1.450057e+02 3.088523e+00
    endloop
  endfacet
  facet normal 8.102222e-01 0.000000e+00 5.861228e-01
    outer loop
      vertex   3.781758e+00 1.647529e+02 3.088523e+00
      vertex   3.781758e+00 1.450057e+02 3.088523e+00
      vertex   4.322564e+00 1.647529e+02 2.340945e+00
    endloop
  endfacet
  facet normal 8.102222e-01 0.000000e+00 5.861228e-01
    outer loop
      vertex   4.322564e+00 1.647529e+02 2.340945e+00
      vertex   3.781758e+00 1.450057e+02 3.088523e+00
      vertex   4.322564e+00 1.450057e+02 2.340945e+00
    endloop
  endfacet
  facet normal 9.041264e-01 0.000000e+00 4.272650e-01
    outer loop
      vertex   4.322564e+00 1.647529e+02 2.340945e+00
      vertex   4.322564e+00 1.450057e+02 2.340945e+00
      vertex   4.716794e+00 1.647529e+02 1.506722e+00
    endloop
  endfacet
  facet normal 9.041264e-01 0.000000e+00 4.272650e-01
    outer loop
      vertex   4.716794e+00 1.647529e+02 1.506722e+00
      vertex   4.322564e+00 1.450057e+02 2.340945e+00
      vertex   4.716794e+00 1.450057e+02 1.506722e+00
    endloop
  endfacet
  facet normal 9.672417e-01 0.000000e+00 2.538572e-01
    outer loop
      vertex   4.716794e+00 1.450057e+02 1.506722e+00
      vertex   4.716794e+00 1.252586e+02 1.506722e+00
      vertex   4.951024e+00 1.450057e+02 6.142639e-01
    endloop
  endfacet
  facet normal 9.672417e-01 0.000000e+00 2.538572e-01
    outer loop
      vertex   4.951024e+00 1.450057e+02 6.142639e-01
      vertex   4.716794e+00 1.252586e+02 1.506722e+00
      vertex   4.951024e+00 1.252586e+02 6.142639e-01
    endloop
  endfacet
  facet normal 9.974187e-01 0.000000e+00 7.180465e-02
    outer loop
      vertex   4.951024e+00 1.450057e+02 6.142639e-01
      vertex   4.951024e+00 1.252586e+02 6.142639e-01
      vertex   5.017277e+00 1.450057e+02 -3.060380e-01
    endloop
  endfacet
  facet normal 9.974187e-01 0.000000e+00 7.180465e-02
    outer loop
      vertex   5.017277e+00 1.450057e+02 -3.060380e-01
      vertex   4.951024e+00 1.252586e+02 6.142639e-01
      vertex   5.017277e+00 1.252586e+02 -3.060380e-01
    endloop
  endfacet
  facet normal 9.936298e-01 0.000000e+00 -1.126932e-01
    outer loop
      vertex   5.017277e+00 1.450057e+02 -3.060380e-01
      vertex   5.017277e+00 1.252586e+02 -3.060380e-01
      vertex   4.913297e+00 1.450057e+02 -1.222844e+00
    endloop
  endfacet
  facet normal 9.936298e-01 0.000000e+00 -1.126932e-01
    outer loop
      vertex   4.913297e+00 1.450057e+02 -1.222844e+00
      vertex   5.017277e+00 1.252586e+02 -3.060380e-01
      vertex   4.913297e+00 1.252586e+02 -1.222844e+00
    endloop
  endfacet
  facet normal 9.560041e-01 0.000000e+00 -2.933534e-01
    outer loop
      vertex   4.913297e+00 1.450057e+02 -1.222844e+00
      vertex   4.913297e+00 1.252586e+02 -1.222844e+00
      vertex   4.642624e+00 1.450057e+02 -2.104933e+00
    endloop
  endfacet
  facet normal 9.560041e-01 0.000000e+00 -2.933534e-01
    outer loop
      vertex   4.642624e+00 1.450057e+02 -2.104933e+00
      vertex   4.913297e+00 1.252586e+02 -1.222844e+00
      vertex   4.642624e+00 1.252586e+02 -2.104933e+00
    endloop
  endfacet
  facet normal 8.858228e-01 0.000000e+00 -4.640237e-01
    outer loop
      vertex   4.642624e+00 1.450057e+02 -2.104933e+00
      vertex   4.642624e+00 1.252586e+02 -2.104933e+00
      vertex   4.214477e+00 1.450057e+02 -2.922267e+00
    endloop
  endfacet
  facet normal 8.858228e-01 0.000000e+00 -4.640237e-01
    outer loop
      vertex   4.214477e+00 1.450057e+02 -2.922267e+00
      vertex   4.642624e+00 1.252586e+02 -2.104933e+00
      vertex   4.214477e+00 1.252586e+02 -2.922267e+00
    endloop
  endfacet
  facet normal 7.854758e-01 0.000000e+00 -6.188924e-01
    outer loop
      vertex   4.214477e+00 1.450057e+02 -2.922267e+00
      vertex   4.214477e+00 1.252586e+02 -2.922267e+00
      vertex   3.643435e+00 1.450057e+02 -3.647013e+00
    endloop
  endfacet
  facet normal 7.854758e-01 0.000000e+00 -6.188924e-01
    outer loop
      vertex   3.643435e+00 1.450057e+02 -3.647013e+00
      vertex   4.214477e+00 1.252586e+02 -2.922267e+00
      vertex   3.643435e+00 1.252586e+02 -3.647013e+00
    endloop
  endfacet
  facet normal 6.583804e-01 0.000000e+00 -7.526853e-01
    outer loop
      vertex   3.643435e+00 1.450057e+02 -3.647013e+00
      vertex   3.643435e+00 1.252586e+02 -3.647013e+00
      vertex   2.948945e+00 1.450057e+02 -4.254490e+00
    endloop
  endfacet
  facet normal 6.583804e-01 0.000000e+00 -7.526853e-01
    outer loop
      vertex   2.948945e+00 1.450057e+02 -4.254490e+00
      vertex   3.643435e+00 1.252586e+02 -3.647013e+00
      vertex   2.948945e+00 1.252586e+02 -4.254490e+00
    endloop
  endfacet
  facet normal 5.088647e-01 0.000000e+00 -8.608465e-01
    outer loop
      vertex   2.948945e+00 1.450057e+02 -4.254490e+00
      vertex   2.948945e+00 1.252586e+02 -4.254490e+00
      vertex   2.154656e+00 1.450057e+02 -4.724011e+00
    endloop
  endfacet
  facet normal 5.088647e-01 0.000000e+00 -8.608465e-01
    outer loop
      vertex   2.154656e+00 1.450057e+02 -4.724011e+00
      vertex   2.948945e+00 1.252586e+02 -4.254490e+00
      vertex   2.154656e+00 1.252586e+02 -4.724011e+00
    endloop
  endfacet
  facet normal 3.420201e-01 0.000000e+00 -9.396926e-01
    outer loop
      vertex   2.154656e+00 1.450057e+02 -4.724011e+00
      vertex   2.154656e+00 1.252586e+02 -4.724011e+00
      vertex   1.287617e+00 1.450057e+02 -5.039587e+00
    endloop
  endfacet
  facet normal 3.420201e-01 0.000000e+00 -9.396926e-01
    outer loop
      vertex   1.287617e+00 1.450057e+02 -5.039587e+00
      vertex   2.154656e+00 1.252586e+02 -4.724011e+00
      vertex   1.287617e+00 1.252586e+02 -5.039587e+00
    endloop
  endfacet
  facet normal 1.635285e-01 0.000000e+00 -9.865386e-01
    outer loop
      vertex   1.287617e+00 1.450057e+02 -5.039587e+00
      vertex   1.287617e+00 1.252586e+02 -5.039587e+00
      vertex   3.773541e-01 1.450057e+02 -5.190472e+00
    endloop
  endfacet
  facet normal 1.635285e-01 0.000000e+00 -9.865386e-01
    outer loop
      vertex   3.773541e-01 1.450057e+02 -5.190472e+00
      vertex   1.287617e+00 1.252586e+02 -5.039587e+00
      vertex   3.773541e-01 1.252586e+02 -5.190472e+00
    endloop
  endfacet
  facet normal -2.053184e-02 -0.000000e+00 -9.997892e-01
    outer loop
      vertex   3.773541e-01 1.450057e+02 -5.190472e+00
      vertex   3.773541e-01 1.252586e+02 -5.190472e+00
      vertex   -5.451349e-01 1.450057e+02 -5.171528e+00
    endloop
  endfacet
  facet normal -2.053184e-02 -9.234729e-19 -9.997892e-01
    outer loop
      vertex   -5.451349e-01 1.450057e+02 -5.171528e+00
      vertex   3.773541e-01 1.252586e+02 -5.190472e+00
      vertex   -5.451349e-01 1.252586e+02 -5.171528e+00
    endloop
  endfacet
  facet normal -2.038930e-01 -9.170619e-18 -9.789932e-01
    outer loop
      vertex   -5.451349e-01 1.450057e+02 -5.171528e+00
      vertex   -5.451349e-01 1.252586e+02 -5.171528e+00
      vertex   -1.448436e+00 1.450057e+02 -4.983399e+00
    endloop
  endfacet
  facet normal -2.038930e-01 -0.000000e+00 -9.789932e-01
    outer loop
      vertex   -1.448436e+00 1.450057e+02 -4.983399e+00
      vertex   -5.451349e-01 1.252586e+02 -5.171528e+00
      vertex   -1.448436e+00 1.252586e+02 -4.983399e+00
    endloop
  endfacet
  facet normal -3.803109e-01 -0.000000e+00 -9.248587e-01
    outer loop
      vertex   -1.448436e+00 1.450057e+02 -4.983399e+00
      vertex   -1.448436e+00 1.252586e+02 -4.983399e+00
      vertex   -2.301788e+00 1.450057e+02 -4.632493e+00
    endloop
  endfacet
  facet normal -3.803109e-01 -0.000000e+00 -9.248587e-01
    outer loop
      vertex   -2.301788e+00 1.450057e+02 -4.632493e+00
      vertex   -1.448436e+00 1.252586e+02 -4.983399e+00
      vertex   -2.301788e+00 1.252586e+02 -4.632493e+00
    endloop
  endfacet
  facet normal -5.437777e-01 -0.000000e+00 -8.392293e-01
    outer loop
      vertex   -2.301788e+00 1.450057e+02 -4.632493e+00
      vertex   -2.301788e+00 1.252586e+02 -4.632493e+00
      vertex   -3.076131e+00 1.450057e+02 -4.130758e+00
    endloop
  endfacet
  facet normal -5.437777e-01 2.551761e-17 -8.392293e-01
    outer loop
      vertex   -3.076131e+00 1.450057e+02 -4.130758e+00
      vertex   -2.301788e+00 1.252586e+02 -4.632493e+00
      vertex   -3.076131e+00 1.252586e+02 -4.130758e+00
    endloop
  endfacet
  facet normal -6.887268e-01 1.712106e-17 -7.250209e-01
    outer loop
      vertex   -3.076131e+00 1.450057e+02 -4.130758e+00
      vertex   -3.076131e+00 1.252586e+02 -4.130758e+00
      vertex   -3.745096e+00 1.450057e+02 -3.495281e+00
    endloop
  endfacet
  facet normal -6.887268e-01 8.162102e-19 -7.250209e-01
    outer loop
      vertex   -3.745096e+00 1.450057e+02 -3.495281e+00
      vertex   -3.076131e+00 1.252586e+02 -4.130758e+00
      vertex   -3.745096e+00 1.252586e+02 -3.495281e+00
    endloop
  endfacet
  facet normal -8.102222e-01 -5.039726e-18 -5.861228e-01
    outer loop
      vertex   -3.745096e+00 1.450057e+02 -3.495281e+00
      vertex   -3.745096e+00 1.252586e+02 -3.495281e+00
      vertex   -4.285902e+00 1.450057e+02 -2.747702e+00
    endloop
  endfacet
  facet normal -8.102222e-01 -0.000000e+00 -5.861228e-01
    outer loop
      vertex   -4.285902e+00 1.450057e+02 -2.747702e+00
      vertex   -3.745096e+00 1.252586e+02 -3.495281e+00
      vertex   -4.285902e+00 1.252586e+02 -2.747702e+00
    endloop
  endfacet
  facet normal -9.041264e-01 -0.000000e+00 -4.272650e-01
    outer loop
      vertex   -4.285902e+00 1.450057e+02 -2.747702e+00
      vertex   -4.285902e+00 1.252586e+02 -2.747702e+00
      vertex   -4.680132e+00 1.450057e+02 -1.913479e+00
    endloop
  endfacet
  facet normal -9.041264e-01 -9.608677e-18 -4.272650e-01
    outer loop
      vertex   -4.680132e+00 1.450057e+02 -1.913479e+00
      vertex   -4.285902e+00 1.252586e+02 -2.747702e+00
      vertex   -4.680132e+00 1.252586e+02 -1.913479e+00
    endloop
  endfacet
  facet normal -9.672417e-01 -5.708945e-18 -2.538572e-01
    outer loop
      vertex   -4.680132e+00 1.450057e+02 -1.913479e+00
      vertex   -4.680132e+00 1.252586e+02 -1.913479e+00
      vertex   -4.914362e+00 1.450057e+02 -1.021021e+00
    endloop
  endfacet
  facet normal -9.672417e-01 -0.000000e+00 -2.538572e-01
    outer loop
      vertex   -4.914362e+00 1.450057e+02 -1.021021e+00
      vertex   -4.680132e+00 1.252586e+02 -1.913479e+00
      vertex   -4.914362e+00 1.252586e+02 -1.021021e+00
    endloop
  endfacet
  facet normal -9.974187e-01 -0.000000e+00 -7.180465e-02
    outer loop
      vertex   -4.914362e+00 1.450057e+02 -1.021021e+00
      vertex   -4.914362e+00 1.252586e+02 -1.021021e+00
      vertex   -4.980615e+00 1.450057e+02 -1.007195e-01
    endloop
  endfacet
  facet normal -9.974187e-01 1.009250e-18 -7.180465e-02
    outer loop
      vertex   -4.980615e+00 1.450057e+02 -1.007195e-01
      vertex   -4.914362e+00 1.252586e+02 -1.021021e+00
      vertex   -4.980615e+00 1.252586e+02 -1.007195e-01
    endloop
  endfacet
  facet normal -9.936298e-01 -1.583959e-18 1.126932e-01
    outer loop
      vertex   -4.980615e+00 1.450057e+02 -1.007195e-01
      vertex   -4.980615e+00 1.252586e+02 -1.007195e-01
      vertex   -4.876635e+00 1.450057e+02 8.160864e-01
    endloop
  endfacet
  facet normal -9.936298e-01 -5.068668e-18 1.126932e-01
    outer loop
      vertex   -4.876635e+00 1.450057e+02 8.160864e-01
      vertex   -4.980615e+00 1.252586e+02 -1.007195e-01
      vertex   -4.876635e+00 1.252586e+02 8.160864e-01
    endloop
  endfacet
  facet normal -9.560041e-01 -1.319433e-17 2.933534e-01
    outer loop
      vertex   -4.876635e+00 1.450057e+02 8.160864e-01
      vertex   -4.876635e+00 1.252586e+02 8.160864e-01
      vertex   -4.605963e+00 1.450057e+02 1.698176e+00
    endloop
  endfacet
  facet normal -9.560041e-01 0.000000e+00 2.933534e-01
    outer loop
      vertex   -4.605963e+00 1.450057e+02 1.698176e+00
      vertex   -4.876635e+00 1.252586e+02 8.160864e-01
      vertex   -4.605963e+00 1.252586e+02 1.698176e+00
    endloop
  endfacet
  facet normal -8.858228e-01 0.000000e+00 4.640237e-01
    outer loop
      vertex   -4.605963e+00 1.450057e+02 1.698176e+00
      vertex   -4.605963e+00 1.252586e+02 1.698176e+00
      vertex   -4.177816e+00 1.450057e+02 2.515510e+00
    endloop
  endfacet
  facet normal -8.858228e-01 0.000000e+00 4.640237e-01
    outer loop
      vertex   -4.177816e+00 1.450057e+02 2.515510e+00
      vertex   -4.605963e+00 1.252586e+02 1.698176e+00
      vertex   -4.177816e+00 1.252586e+02 2.515510e+00
    endloop
  endfacet
  facet normal -7.854758e-01 0.000000e+00 6.188924e-01
    outer loop
      vertex   -4.177816e+00 1.450057e+02 2.515510e+00
      vertex   -4.177816e+00 1.252586e+02 2.515510e+00
      vertex   -3.606774e+00 1.450057e+02 3.240255e+00
    endloop
  endfacet
  facet normal -7.854758e-01 0.000000e+00 6.188924e-01
    outer loop
      vertex   -3.606774e+00 1.450057e+02 3.240255e+00
      vertex   -4.177816e+00 1.252586e+02 2.515510e+00
      vertex   -3.606774e+00 1.252586e+02 3.240255e+00
    endloop
  endfacet
  facet normal -6.583804e-01 0.000000e+00 7.526853e-01
    outer loop
      vertex   -3.606774e+00 1.450057e+02 3.240255e+00
      vertex   -3.606774e+00 1.252586e+02 3.240255e+00
      vertex   -2.912283e+00 1.450057e+02 3.847732e+00
    endloop
  endfacet
  facet normal -6.583804e-01 0.000000e+00 7.526853e-01
    outer loop
      vertex   -2.912283e+00 1.450057e+02 3.847732e+00
      vertex   -3.606774e+00 1.252586e+02 3.240255e+00
      vertex   -2.912283e+00 1.252586e+02 3.847732e+00
    endloop
  endfacet
  facet normal -5.088647e-01 0.000000e+00 8.608465e-01
    outer loop
      vertex   -2.912283e+00 1.450057e+02 3.847732e+00
      vertex   -2.912283e+00 1.252586e+02 3.847732e+00
      vertex   -2.117994e+00 1.450057e+02 4.317253e+00
    endloop
  endfacet
  facet normal -5.088647e-01 0.000000e+00 8.608465e-01
    outer loop
      vertex   -2.117994e+00 1.450057e+02 4.317253e+00
      vertex   -2.912283e+00 1.252586e+02 3.847732e+00
      vertex   -2.117994e+00 1.252586e+02 4.317253e+00
    endloop
  endfacet
  facet normal -3.420201e-01 0.000000e+00 9.396926e-01
    outer loop
      vertex   -2.117994e+00 1.450057e+02 4.317253e+00
      vertex   -2.117994e+00 1.252586e+02 4.317253e+00
      vertex   -1.250955e+00 1.450057e+02 4.632830e+00
    endloop
  endfacet
  facet normal -3.420201e-01 0.000000e+00 9.396926e-01
    outer loop
      vertex   -1.250955e+00 1.450057e+02 4.632830e+00
      vertex   -2.117994e+00 1.252586e+02 4.317253e+00
      vertex   -1.250955e+00 1.252586e+02 4.632830e+00
    endloop
  endfacet
  facet normal -1.635285e-01 0.000000e+00 9.865386e-01
    outer loop
      vertex   -1.250955e+00 1.450057e+02 4.632830e+00
      vertex   -1.250955e+00 1.252586e+02 4.632830e+00
      vertex   -3.406924e-01 1.450057e+02 4.783715e+00
    endloop
  endfacet
  facet normal -1.635285e-01 0.000000e+00 9.865386e-01
    outer loop
      vertex   -3.406924e-01 1.450057e+02 4.783715e+00
      vertex   -1.250955e+00 1.252586e+02 4.632830e+00
      vertex   -3.406924e-01 1.252586e+02 4.783715e+00
    endloop
  endfacet
  facet normal 2.053184e-02 0.000000e+00 9.997892e-01
    outer loop
      vertex   -3.406924e-01 1.450057e+02 4.783715e+00
      vertex   -3.406924e-01 1.252586e+02 4.783715e+00
      vertex   5.817967e-01 1.450057e+02 4.764770e+00
    endloop
  endfacet
  facet normal 2.053184e-02 0.000000e+00 9.997892e-01
    outer loop
      vertex   5.817967e-01 1.450057e+02 4.764770e+00
      vertex   -3.406924e-01 1.252586e+02 4.783715e+00
      vertex   5.817967e-01 1.252586e+02 4.764770e+00
    endloop
  endfacet
  facet normal 2.038930e-01 0.000000e+00 9.789932e-01
    outer loop
      vertex   5.817967e-01 1.450057e+02 4.764770e+00
      vertex   5.817967e-01 1.252586e+02 4.764770e+00
      vertex   1.485098e+00 1.450057e+02 4.576642e+00
    endloop
  endfacet
  facet normal 2.038930e-01 0.000000e+00 9.789932e-01
    outer loop
      vertex   1.485098e+00 1.450057e+02 4.576642e+00
      vertex   5.817967e-01 1.252586e+02 4.764770e+00
      vertex   1.485098e+00 1.252586e+02 4.576642e+00
    endloop
  endfacet
  facet normal 3.803109e-01 0.000000e+00 9.248587e-01
    outer loop
      vertex   1.485098e+00 1.450057e+02 4.576642e+00
      vertex   1.485098e+00 1.252586e+02 4.576642e+00
      vertex   2.338450e+00 1.450057e+02 4.225735e+00
    endloop
  endfacet
  facet normal 3.803109e-01 0.000000e+00 9.248587e-01
    outer loop
      vertex   2.338450e+00 1.450057e+02 4.225735e+00
      vertex   1.485098e+00 1.252586e+02 4.576642e+00
      vertex   2.338450e+00 1.252586e+02 4.225735e+00
    endloop
  endfacet
  facet normal 5.437777e-01 0.000000e+00 8.392293e-01
    outer loop
      vertex   2.338450e+00 1.450057e+02 4.225735e+00
      vertex   2.338450e+00 1.252586e+02 4.225735e+00
      vertex   3.112793e+00 1.450057e+02 3.724000e+00
    endloop
  endfacet
  facet normal 5.437777e-01 0.000000e+00 8.392293e-01
    outer loop
      vertex   3.112793e+00 1.450057e+02 3.724000e+00
      vertex   2.338450e+00 1.252586e+02 4.225735e+00
      vertex   3.112793e+00 1.252586e+02 3.724000e+00
    endloop
  endfacet
  facet normal 6.887268e-01 0.000000e+00 7.250209e-01
    outer loop
      vertex   3.112793e+00 1.450057e+02 3.724000e+00
      vertex   3.112793e+00 1.252586e+02 3.724000e+00
      vertex   3.781758e+00 1.450057e+02 3.088523e+00
    endloop
  endfacet
  facet normal 6.887268e-01 0.000000e+00 7.250209e-01
    outer loop
      vertex   3.781758e+00 1.450057e+02 3.088523e+00
      vertex   3.112793e+00 1.252586e+02 3.724000e+00
      vertex   3.781758e+00 1.252586e+02 3.088523e+00
    endloop
  endfacet
  facet normal 8.102222e-01 0.000000e+00 5.861228e-01
    outer loop
      vertex   3.781758e+00 1.450057e+02 3.088523e+00
      vertex   3.781758e+00 1.252586e+02 3.088523e+00
      vertex   4.322564e+00 1.450057e+02 2.340945e+00
    endloop
  endfacet
  facet normal 8.102222e-01 0.000000e+00 5.861228e-01
    outer loop
      vertex   4.322564e+00 1.450057e+02 2.340945e+00
      vertex   3.781758e+00 1.252586e+02 3.088523e+00
      vertex   4.322564e+00 1.252586e+02 2.340945e+00
    endloop
  endfacet
  facet normal 9.041264e-01 0.000000e+00 4.272650e-01
    outer loop
      vertex   4.322564e+00 1.450057e+02 2.340945e+00
      vertex   4.322564e+00 1.252586e+02 2.340945e+00
      vertex   4.716794e+00 1.450057e+02 1.506722e+00
    endloop
  endfacet
  facet normal 9.041264e-01 0.000000e+00 4.272650e-01
    outer loop
      vertex   4.716794e+00 1.450057e+02 1.506722e+00
      vertex   4.322564e+00 1.252586e+02 2.340945e+00
      vertex   4.716794e+00 1.252586e+02 1.506722e+00
    endloop
  endfacet
  facet normal 9.672417e-01 0.000000e+00 2.538572e-01
    outer loop
      vertex   4.716794e+00 1.252586e+02 1.506722e+00
      vertex   4.716794e+00 1.055115e+02 1.506722e+00
      vertex   4.951024e+00 1.252586e+02 6.142639e-01
    endloop
  endfacet
  facet normal 9.672417e-01 2.997196e-17 2.538572e-01
    outer loop
      vertex   4.951024e+00 1.252586e+02 6.142639e-01
      vertex   4.716794e+00 1.055115e+02 1.506722e+00
      vertex   4.951024e+00 1.055115e+02 6.142639e-01
    endloop
  endfacet
  facet normal 9.974187e-01 8.477702e-18 7.180465e-02
    outer loop
      vertex   4.951024e+00 1.252586e+02 6.142639e-01
      vertex   4.951024e+00 1.055115e+02 6.142639e-01
      vertex   5.017277e+00 1.252586e+02 -3.060380e-01
    endloop
  endfacet
  facet normal 9.974187e-01 0.000000e+00 7.180465e-02
    outer loop
      vertex   5.017277e+00 1.252586e+02 -3.060380e-01
      vertex   4.951024e+00 1.055115e+02 6.142639e-01
      vertex   5.017277e+00 1.055115e+02 -3.060380e-01
    endloop
  endfacet
  facet normal 9.936298e-01 0.000000e+00 -1.126932e-01
    outer loop
      vertex   5.017277e+00 1.252586e+02 -3.060380e-01
      vertex   5.017277e+00 1.055115e+02 -3.060380e-01
      vertex   4.913297e+00 1.252586e+02 -1.222844e+00
    endloop
  endfacet
  facet normal 9.936298e-01 0.000000e+00 -1.126932e-01
    outer loop
      vertex   4.913297e+00 1.252586e+02 -1.222844e+00
      vertex   5.017277e+00 1.055115e+02 -3.060380e-01
      vertex   4.913297e+00 1.055115e+02 -1.222844e+00
    endloop
  endfacet
  facet normal 9.560041e-01 0.000000e+00 -2.933534e-01
    outer loop
      vertex   4.913297e+00 1.252586e+02 -1.222844e+00
      vertex   4.913297e+00 1.055115e+02 -1.222844e+00
      vertex   4.642624e+00 1.252586e+02 -2.104933e+00
    endloop
  endfacet
  facet normal 9.560041e-01 -3.298582e-17 -2.933534e-01
    outer loop
      vertex   4.642624e+00 1.252586e+02 -2.104933e+00
      vertex   4.913297e+00 1.055115e+02 -1.222844e+00
      vertex   4.642624e+00 1.055115e+02 -2.104933e+00
    endloop
  endfacet
  facet normal 8.858228e-01 -5.217668e-17 -4.640237e-01
    outer loop
      vertex   4.642624e+00 1.252586e+02 -2.104933e+00
      vertex   4.642624e+00 1.055115e+02 -2.104933e+00
      vertex   4.214477e+00 1.252586e+02 -2.922267e+00
    endloop
  endfacet
  facet normal 8.858228e-01 0.000000e+00 -4.640237e-01
    outer loop
      vertex   4.214477e+00 1.252586e+02 -2.922267e+00
      vertex   4.642624e+00 1.055115e+02 -2.104933e+00
      vertex   4.214477e+00 1.055115e+02 -2.922267e+00
    endloop
  endfacet
  facet normal 7.854758e-01 0.000000e+00 -6.188924e-01
    outer loop
      vertex   4.214477e+00 1.252586e+02 -2.922267e+00
      vertex   4.214477e+00 1.055115e+02 -2.922267e+00
      vertex   3.643435e+00 1.252586e+02 -3.647013e+00
    endloop
  endfacet
  facet normal 7.854758e-01 4.813161e-18 -6.188924e-01
    outer loop
      vertex   3.643435e+00 1.252586e+02 -3.647013e+00
      vertex   4.214477e+00 1.055115e+02 -2.922267e+00
      vertex   3.643435e+00 1.055115e+02 -3.647013e+00
    endloop
  endfacet
  facet normal 6.583804e-01 -2.753101e-17 -7.526853e-01
    outer loop
      vertex   3.643435e+00 1.252586e+02 -3.647013e+00
      vertex   3.643435e+00 1.055115e+02 -3.647013e+00
      vertex   2.948945e+00 1.252586e+02 -4.254490e+00
    endloop
  endfacet
  facet normal 6.583804e-01 -1.904779e-17 -7.526853e-01
    outer loop
      vertex   2.948945e+00 1.252586e+02 -4.254490e+00
      vertex   3.643435e+00 1.055115e+02 -3.647013e+00
      vertex   2.948945e+00 1.055115e+02 -4.254490e+00
    endloop
  endfacet
  facet normal 5.088647e-01 -2.727505e-17 -8.608465e-01
    outer loop
      vertex   2.948945e+00 1.252586e+02 -4.254490e+00
      vertex   2.948945e+00 1.055115e+02 -4.254490e+00
      vertex   2.154656e+00 1.252586e+02 -4.724011e+00
    endloop
  endfacet
  facet normal 5.088647e-01 -2.288751e-17 -8.608465e-01
    outer loop
      vertex   2.154656e+00 1.252586e+02 -4.724011e+00
      vertex   2.948945e+00 1.055115e+02 -4.254490e+00
      vertex   2.154656e+00 1.055115e+02 -4.724011e+00
    endloop
  endfacet
  facet normal 3.420201e-01 -1.538324e-17 -9.396926e-01
    outer loop
      vertex   2.154656e+00 1.252586e+02 -4.724011e+00
      vertex   2.154656e+00 1.055115e+02 -4.724011e+00
      vertex   1.287617e+00 1.252586e+02 -5.039587e+00
    endloop
  endfacet
  facet normal 3.420201e-01 2.307487e-17 -9.396926e-01
    outer loop
      vertex   1.287617e+00 1.252586e+02 -5.039587e+00
      vertex   2.154656e+00 1.055115e+02 -4.724011e+00
      vertex   1.287617e+00 1.055115e+02 -5.039587e+00
    endloop
  endfacet
  facet normal 1.635285e-01 1.103268e-17 -9.865386e-01
    outer loop
      vertex   1.287617e+00 1.252586e+02 -5.039587e+00
      vertex   1.287617e+00 1.055115e+02 -5.039587e+00
      vertex   3.773541e-01 1.252586e+02 -5.190472e+00
    endloop
  endfacet
  facet normal 1.635285e-01 0.000000e+00 -9.865386e-01
    outer loop
      vertex   3.773541e-01 1.252586e+02 -5.190472e+00
      vertex   1.287617e+00 1.055115e+02 -5.039587e+00
      vertex   3.773541e-01 1.055115e+02 -5.190472e+00
    endloop
  endfacet
  facet normal -2.053184e-02 -0.000000e+00 -9.997892e-01
    outer loop
      vertex   3.773541e-01 1.252586e+02 -5.190472e+00
      vertex   3.773541e-01 1.055115e+02 -5.190472e+00
      vertex   -5.451349e-01 1.252586e+02 -5.171528e+00
    endloop
  endfacet
  facet normal -2.053184e-02 -1.154341e-18 -9.997892e-01
    outer loop
      vertex   -5.451349e-01 1.252586e+02 -5.171528e+00
      vertex   3.773541e-01 1.055115e+02 -5.190472e+00
      vertex   -5.451349e-01 1.055115e+02 -5.171528e+00
    endloop
  endfacet
  facet normal -2.038930e-01 -1.146327e-17 -9.789932e-01
    outer loop
      vertex   -5.451349e-01 1.252586e+02 -5.171528e+00
      vertex   -5.451349e-01 1.055115e+02 -5.171528e+00
      vertex   -1.448436e+00 1.252586e+02 -4.983399e+00
    endloop
  endfacet
  facet normal -2.038930e-01 -0.000000e+00 -9.789932e-01
    outer loop
      vertex   -1.448436e+00 1.252586e+02 -4.983399e+00
      vertex   -5.451349e-01 1.055115e+02 -5.171528e+00
      vertex   -1.448436e+00 1.055115e+02 -4.983399e+00
    endloop
  endfacet
  facet normal -3.803109e-01 -0.000000e+00 -9.248587e-01
    outer loop
      vertex   -1.448436e+00 1.252586e+02 -4.983399e+00
      vertex   -1.448436e+00 1.055115e+02 -4.983399e+00
      vertex   -2.301788e+00 1.252586e+02 -4.632493e+00
    endloop
  endfacet
  facet normal -3.803109e-01 -0.000000e+00 -9.248587e-01
    outer loop
      vertex   -2.301788e+00 1.252586e+02 -4.632493e+00
      vertex   -1.448436e+00 1.055115e+02 -4.983399e+00
      vertex   -2.301788e+00 1.055115e+02 -4.632493e+00
    endloop
  endfacet
  facet normal -5.437777e-01 -0.000000e+00 -8.392293e-01
    outer loop
      vertex   -2.301788e+00 1.252586e+02 -4.632493e+00
      vertex   -2.301788e+00 1.055115e+02 -4.632493e+00
      vertex   -3.076131e+00 1.252586e+02 -4.130758e+00
    endloop
  endfacet
  facet normal -5.437777e-01 -0.000000e+00 -8.392293e-01
    outer loop
      vertex   -3.076131e+00 1.252586e+02 -4.130758e+00
      vertex   -2.301788e+00 1.055115e+02 -4.632493e+00
      vertex   -3.076131e+00 1.055115e+02 -4.130758e+00
    endloop
  endfacet
  facet normal -6.887268e-01 -0.000000e+00 -7.250209e-01
    outer loop
      vertex   -3.076131e+00 1.252586e+02 -4.130758e+00
      vertex   -3.076131e+00 1.055115e+02 -4.130758e+00
      vertex   -3.745096e+00 1.252586e+02 -3.495281e+00
    endloop
  endfacet
  facet normal -6.887268e-01 1.712106e-17 -7.250209e-01
    outer loop
      vertex   -3.745096e+00 1.252586e+02 -3.495281e+00
      vertex   -3.076131e+00 1.055115e+02 -4.130758e+00
      vertex   -3.745096e+00 1.055115e+02 -3.495281e+00
    endloop
  endfacet
  facet normal -8.102222e-01 8.141473e-18 -5.861228e-01
    outer loop
      vertex   -3.745096e+00 1.252586e+02 -3.495281e+00
      vertex   -3.745096e+00 1.055115e+02 -3.495281e+00
      vertex   -4.285902e+00 1.252586e+02 -2.747702e+00
    endloop
  endfacet
  facet normal -8.102222e-01 -0.000000e+00 -5.861228e-01
    outer loop
      vertex   -4.285902e+00 1.252586e+02 -2.747702e+00
      vertex   -3.745096e+00 1.055115e+02 -3.495281e+00
      vertex   -4.285902e+00 1.055115e+02 -2.747702e+00
    endloop
  endfacet
  facet normal -9.041264e-01 -0.000000e+00 -4.272650e-01
    outer loop
      vertex   -4.285902e+00 1.252586e+02 -2.747702e+00
      vertex   -4.285902e+00 1.055115e+02 -2.747702e+00
      vertex   -4.680132e+00 1.252586e+02 -1.913479e+00
    endloop
  endfacet
  facet normal -9.041264e-01 -0.000000e+00 -4.272650e-01
    outer loop
      vertex   -4.680132e+00 1.252586e+02 -1.913479e+00
      vertex   -4.285902e+00 1.055115e+02 -2.747702e+00
      vertex   -4.680132e+00 1.055115e+02 -1.913479e+00
    endloop
  endfacet
  facet normal -9.672417e-01 -0.000000e+00 -2.538572e-01
    outer loop
      vertex   -4.680132e+00 1.252586e+02 -1.913479e+00
      vertex   -4.680132e+00 1.055115e+02 -1.913479e+00
      vertex   -4.914362e+00 1.252586e+02 -1.021021e+00
    endloop
  endfacet
  facet normal -9.672417e-01 -0.000000e+00 -2.538572e-01
    outer loop
      vertex   -4.914362e+00 1.252586e+02 -1.021021e+00
      vertex   -4.680132e+00 1.055115e+02 -1.913479e+00
      vertex   -4.914362e+00 1.055115e+02 -1.021021e+00
    endloop
  endfacet
  facet normal -9.974187e-01 -0.000000e+00 -7.180465e-02
    outer loop
      vertex   -4.914362e+00 1.252586e+02 -1.021021e+00
      vertex   -4.914362e+00 1.055115e+02 -1.021021e+00
      vertex   -4.980615e+00 1.252586e+02 -1.007195e-01
    endloop
  endfacet
  facet normal -9.974187e-01 1.009250e-18 -7.180465e-02
    outer loop
      vertex   -4.980615e+00 1.252586e+02 -1.007195e-01
      vertex   -4.914362e+00 1.055115e+02 -1.021021e+00
      vertex   -4.980615e+00 1.055115e+02 -1.007195e-01
    endloop
  endfacet
  facet normal -9.936298e-01 -1.583959e-18 1.126932e-01
    outer loop
      vertex   -4.980615e+00 1.252586e+02 -1.007195e-01
      vertex   -4.980615e+00 1.055115e+02 -1.007195e-01
      vertex   -4.876635e+00 1.252586e+02 8.160864e-01
    endloop
  endfacet
  facet normal -9.936298e-01 0.000000e+00 1.126932e-01
    outer loop
      vertex   -4.876635e+00 1.252586e+02 8.160864e-01
      vertex   -4.980615e+00 1.055115e+02 -1.007195e-01
      vertex   -4.876635e+00 1.055115e+02 8.160864e-01
    endloop
  endfacet
  facet normal -9.560041e-01 0.000000e+00 2.933534e-01
    outer loop
      vertex   -4.876635e+00 1.252586e+02 8.160864e-01
      vertex   -4.876635e+00 1.055115e+02 8.160864e-01
      vertex   -4.605963e+00 1.252586e+02 1.698176e+00
    endloop
  endfacet
  facet normal -9.560041e-01 9.895747e-18 2.933534e-01
    outer loop
      vertex   -4.605963e+00 1.252586e+02 1.698176e+00
      vertex   -4.876635e+00 1.055115e+02 8.160864e-01
      vertex   -4.605963e+00 1.055115e+02 1.698176e+00
    endloop
  endfacet
  facet normal -8.858228e-01 1.565300e-17 4.640237e-01
    outer loop
      vertex   -4.605963e+00 1.252586e+02 1.698176e+00
      vertex   -4.605963e+00 1.055115e+02 1.698176e+00
      vertex   -4.177816e+00 1.252586e+02 2.515510e+00
    endloop
  endfacet
  facet normal -8.858228e-01 0.000000e+00 4.640237e-01
    outer loop
      vertex   -4.177816e+00 1.252586e+02 2.515510e+00
      vertex   -4.605963e+00 1.055115e+02 1.698176e+00
      vertex   -4.177816e+00 1.055115e+02 2.515510e+00
    endloop
  endfacet
  facet normal -7.854758e-01 0.000000e+00 6.188924e-01
    outer loop
      vertex   -4.177816e+00 1.252586e+02 2.515510e+00
      vertex   -4.177816e+00 1.055115e+02 2.515510e+00
      vertex   -3.606774e+00 1.252586e+02 3.240255e+00
    endloop
  endfacet
  facet normal -7.854758e-01 0.000000e+00 6.188924e-01
    outer loop
      vertex   -3.606774e+00 1.252586e+02 3.240255e+00
      vertex   -4.177816e+00 1.055115e+02 2.515510e+00
      vertex   -3.606774e+00 1.055115e+02 3.240255e+00
    endloop
  endfacet
  facet normal -6.583804e-01 0.000000e+00 7.526853e-01
    outer loop
      vertex   -3.606774e+00 1.252586e+02 3.240255e+00
      vertex   -3.606774e+00 1.055115e+02 3.240255e+00
      vertex   -2.912283e+00 1.252586e+02 3.847732e+00
    endloop
  endfacet
  facet normal -6.583804e-01 0.000000e+00 7.526853e-01
    outer loop
      vertex   -2.912283e+00 1.252586e+02 3.847732e+00
      vertex   -3.606774e+00 1.055115e+02 3.240255e+00
      vertex   -2.912283e+00 1.055115e+02 3.847732e+00
    endloop
  endfacet
  facet normal -5.088647e-01 0.000000e+00 8.608465e-01
    outer loop
      vertex   -2.912283e+00 1.252586e+02 3.847732e+00
      vertex   -2.912283e+00 1.055115e+02 3.847732e+00
      vertex   -2.117994e+00 1.252586e+02 4.317253e+00
    endloop
  endfacet
  facet normal -5.088647e-01 0.000000e+00 8.608465e-01
    outer loop
      vertex   -2.117994e+00 1.252586e+02 4.317253e+00
      vertex   -2.912283e+00 1.055115e+02 3.847732e+00
      vertex   -2.117994e+00 1.055115e+02 4.317253e+00
    endloop
  endfacet
  facet normal -3.420201e-01 0.000000e+00 9.396926e-01
    outer loop
      vertex   -2.117994e+00 1.252586e+02 4.317253e+00
      vertex   -2.117994e+00 1.055115e+02 4.317253e+00
      vertex   -1.250955e+00 1.252586e+02 4.632830e+00
    endloop
  endfacet
  facet normal -3.420201e-01 0.000000e+00 9.396926e-01
    outer loop
      vertex   -1.250955e+00 1.252586e+02 4.632830e+00
      vertex   -2.117994e+00 1.055115e+02 4.317253e+00
      vertex   -1.250955e+00 1.055115e+02 4.632830e+00
    endloop
  endfacet
  facet normal -1.635285e-01 0.000000e+00 9.865386e-01
    outer loop
      vertex   -1.250955e+00 1.252586e+02 4.632830e+00
      vertex   -1.250955e+00 1.055115e+02 4.632830e+00
      vertex   -3.406924e-01 1.252586e+02 4.783715e+00
    endloop
  endfacet
  facet normal -1.635285e-01 0.000000e+00 9.865386e-01
    outer loop
      vertex   -3.406924e-01 1.252586e+02 4.783715e+00
      vertex   -1.250955e+00 1.055115e+02 4.632830e+00
      vertex   -3.406924e-01 1.055115e+02 4.783715e+00
    endloop
  endfacet
  facet normal 2.053184e-02 0.000000e+00 9.997892e-01
    outer loop
      vertex   -3.406924e-01 1.252586e+02 4.783715e+00
      vertex   -3.406924e-01 1.055115e+02 4.783715e+00
      vertex   5.817967e-01 1.252586e+02 4.764770e+00
    endloop
  endfacet
  facet normal 2.053184e-02 0.000000e+00 9.997892e-01
    outer loop
      vertex   5.817967e-01 1.252586e+02 4.764770e+00
      vertex   -3.406924e-01 1.055115e+02 4.783715e+00
      vertex   5.817967e-01 1.055115e+02 4.764770e+00
    endloop
  endfacet
  facet normal 2.038930e-01 0.000000e+00 9.789932e-01
    outer loop
      vertex   5.817967e-01 1.252586e+02 4.764770e+00
      vertex   5.817967e-01 1.055115e+02 4.764770e+00
      vertex   1.485098e+00 1.252586e+02 4.576642e+00
    endloop
  endfacet
  facet normal 2.038930e-01 0.000000e+00 9.789932e-01
    outer loop
      vertex   1.485098e+00 1.252586e+02 4.576642e+00
      vertex   5.817967e-01 1.055115e+02 4.764770e+00
      vertex   1.485098e+00 1.055115e+02 4.576642e+00
    endloop
  endfacet
  facet normal 3.803109e-01 0.000000e+00 9.248587e-01
    outer loop
      vertex   1.485098e+00 1.252586e+02 4.576642e+00
      vertex   1.485098e+00 1.055115e+02 4.576642e+00
      vertex   2.338450e+00 1.252586e+02 4.225735e+00
    endloop
  endfacet
  facet normal 3.803109e-01 0.000000e+00 9.248587e-01
    outer loop
      vertex   2.338450e+00 1.252586e+02 4.225735e+00
      vertex   1.485098e+00 1.055115e+02 4.576642e+00
      vertex   2.338450e+00 1.055115e+02 4.225735e+00
    endloop
  endfacet
  facet normal 5.437777e-01 0.000000e+00 8.392293e-01
    outer loop
      vertex   2.338450e+00 1.252586e+02 4.225735e+00
      vertex   2.338450e+00 1.055115e+02 4.225735e+00
      vertex   3.112793e+00 1.252586e+02 3.724000e+00
    endloop
  endfacet
  facet normal 5.437777e-01 0.000000e+00 8.392293e-01
    outer loop
      vertex   3.112793e+00 1.252586e+02 3.724000e+00
      vertex   2.338450e+00 1.055115e+02 4.225735e+00
      vertex   3.112793e+00 1.055115e+02 3.724000e+00
    endloop
  endfacet
  facet normal 6.887268e-01 0.000000e+00 7.250209e-01
    outer loop
      vertex   3.112793e+00 1.252586e+02 3.724000e+00
      vertex   3.112793e+00 1.055115e+02 3.724000e+00
      vertex   3.781758e+00 1.252586e+02 3.088523e+00
    endloop
  endfacet
  facet normal 6.887268e-01 0.000000e+00 7.250209e-01
    outer loop
      vertex   3.781758e+00 1.252586e+02 3.088523e+00
      vertex   3.112793e+00 1.055115e+02 3.724000e+00
      vertex   3.781758e+00 1.055115e+02 3.088523e+00
    endloop
  endfacet
  facet normal 8.102222e-01 0.000000e+00 5.861228e-01
    outer loop
      vertex   3.781758e+00 1.252586e+02 3.088523e+00
      vertex   3.781758e+00 1.055115e+02 3.088523e+00
      vertex   4.322564e+00 1.252586e+02 2.340945e+00
    endloop
  endfacet
  facet normal 8.102222e-01 0.000000e+00 5.861228e-01
    outer loop
      vertex   4.322564e+00 1.252586e+02 2.340945e+00
      vertex   3.781758e+00 1.055115e+02 3.088523e+00
      vertex   4.322564e+00 1.055115e+02 2.340945e+00
    endloop
  endfacet
  facet normal 9.041264e-01 0.000000e+00 4.272650e-01
    outer loop
      vertex   4.322564e+00 1.252586e+02 2.340945e+00
      vertex   4.322564e+00 1.055115e+02 2.340945e+00
      vertex   4.716794e+00 1.252586e+02 1.506722e+00
    endloop
  endfacet
  facet normal 9.041264e-01 0.000000e+00 4.272650e-01
    outer loop
      vertex   4.716794e+00 1.252586e+02 1.506722e+00
      vertex   4.322564e+00 1.055115e+02 2.340945e+00
      vertex   4.716794e+00 1.055115e+02 1.506722e+00
    endloop
  endfacet
  facet normal 8.856300e-01 2.012389e-01 4.185241e-01
    outer loop
      vertex   4.322564e+00 8.576435e+01 2.340945e+00
      vertex   4.503724e+00 8.550553e+01 2.082043e+00
      vertex   4.716794e+00 8.576435e+01 1.506722e+00
    endloop
  endfacet
  facet normal 9.201537e-01 8.971779e-02 3.811402e-01
    outer loop
      vertex   4.716794e+00 8.576435e+01 1.506722e+00
      vertex   4.503724e+00 8.550553e+01 2.082043e+00
      vertex   4.806020e+00 8.550553e+01 1.352236e+00
    endloop
  endfacet
  facet normal 9.516221e-01 1.789870e-01 2.497578e-01
    outer loop
      vertex   4.716794e+00 8.576435e+01 1.506722e+00
      vertex   4.806020e+00 8.550553e+01 1.352236e+00
      vertex   4.951024e+00 8.576435e+01 6.142639e-01
    endloop
  endfacet
  facet normal 9.653460e-01 1.199782e-01 2.317591e-01
    outer loop
      vertex   4.951024e+00 8.576435e+01 6.142639e-01
      vertex   4.806020e+00 8.550553e+01 1.352236e+00
      vertex   4.990427e+00 8.550553e+01 5.841239e-01
    endloop
  endfacet
  facet normal 9.869282e-01 1.412076e-01 7.767294e-02
    outer loop
      vertex   4.951024e+00 8.576435e+01 6.142639e-01
      vertex   4.990427e+00 8.550553e+01 5.841239e-01
      vertex   5.052405e+00 8.550553e+01 -2.033788e-01
    endloop
  endfacet
  facet normal 9.214470e-01 3.816758e-01 7.251945e-02
    outer loop
      vertex   5.052405e+00 8.550553e+01 -2.033788e-01
      vertex   4.990427e+00 8.550553e+01 5.841239e-01
      vertex   5.089098e+00 8.526435e+01 5.997518e-01
    endloop
  endfacet
  facet normal 9.214470e-01 3.816758e-01 7.251945e-02
    outer loop
      vertex   5.052405e+00 8.550553e+01 -2.033788e-01
      vertex   5.089098e+00 8.526435e+01 5.997518e-01
      vertex   5.152305e+00 8.526435e+01 -2.033788e-01
    endloop
  endfacet
  facet normal 7.918114e-01 6.075782e-01 6.231691e-02
    outer loop
      vertex   5.152305e+00 8.526435e+01 -2.033788e-01
      vertex   5.089098e+00 8.526435e+01 5.997518e-01
      vertex   5.246060e+00 8.505725e+01 6.246122e-01
    endloop
  endfacet
  facet normal 7.918114e-01 6.075782e-01 6.231691e-02
    outer loop
      vertex   5.152305e+00 8.526435e+01 -2.033788e-01
      vertex   5.246060e+00 8.505725e+01 6.246122e-01
      vertex   5.311224e+00 8.505725e+01 -2.033788e-01
    endloop
  endfacet
  facet normal 6.080639e-01 7.924444e-01 4.785567e-02
    outer loop
      vertex   5.311224e+00 8.505725e+01 -2.033788e-01
      vertex   5.246060e+00 8.505725e+01 6.246122e-01
      vertex   5.450617e+00 8.489833e+01 6.570108e-01
    endloop
  endfacet
  facet normal 6.080639e-01 7.924444e-01 4.785567e-02
    outer loop
      vertex   5.311224e+00 8.505725e+01 -2.033788e-01
      vertex   5.450617e+00 8.489833e+01 6.570108e-01
      vertex   5.518331e+00 8.489833e+01 -2.033788e-01
    endloop
  endfacet
  facet normal 3.825100e-01 9.234608e-01 3.010419e-02
    outer loop
      vertex   5.518331e+00 8.489833e+01 -2.033788e-01
      vertex   5.450617e+00 8.489833e+01 6.570108e-01
      vertex   5.688828e+00 8.479843e+01 6.947398e-01
    endloop
  endfacet
  facet normal 3.825100e-01 9.234608e-01 3.010419e-02
    outer loop
      vertex   5.518331e+00 8.489833e+01 -2.033788e-01
      vertex   5.688828e+00 8.479843e+01 6.947398e-01
      vertex   5.759512e+00 8.479843e+01 -2.033788e-01
    endloop
  endfacet
  facet normal 1.284758e-01 9.916611e-01 1.011127e-02
    outer loop
      vertex   5.759512e+00 8.479843e+01 -2.033788e-01
      vertex   5.688828e+00 8.479843e+01 6.947398e-01
      vertex   6.018064e+00 8.476435e+01 -1.467743e-01
    endloop
  endfacet
  facet normal 1.328129e-01 9.910902e-01 -1.004296e-02
    outer loop
      vertex   5.759512e+00 8.479843e+01 -2.033788e-01
      vertex   6.018064e+00 8.476435e+01 -1.467743e-01
      vertex   5.941329e+00 8.476435e+01 -1.161548e+00
    endloop
  endfacet
  facet normal 8.503064e-01 7.393718e-02 5.210684e-01
    outer loop
      vertex   4.503724e+00 8.550553e+01 2.082043e+00
      vertex   4.322564e+00 8.576435e+01 2.340945e+00
      vertex   4.090982e+00 8.550553e+01 2.755576e+00
    endloop
  endfacet
  facet normal 7.922802e-01 2.092815e-01 5.731434e-01
    outer loop
      vertex   4.090982e+00 8.550553e+01 2.755576e+00
      vertex   4.322564e+00 8.576435e+01 2.340945e+00
      vertex   3.781758e+00 8.576435e+01 3.088523e+00
    endloop
  endfacet
  facet normal 7.583857e-01 7.284651e-02 6.477226e-01
    outer loop
      vertex   4.090982e+00 8.550553e+01 2.755576e+00
      vertex   3.781758e+00 8.576435e+01 3.088523e+00
      vertex   3.577959e+00 8.550553e+01 3.356249e+00
    endloop
  endfacet
  facet normal 6.743412e-01 2.033182e-01 7.098772e-01
    outer loop
      vertex   3.577959e+00 8.550553e+01 3.356249e+00
      vertex   3.781758e+00 8.576435e+01 3.088523e+00
      vertex   3.112793e+00 8.576435e+01 3.724000e+00
    endloop
  endfacet
  facet normal 6.470162e-01 8.645833e-02 7.575586e-01
    outer loop
      vertex   3.577959e+00 8.550553e+01 3.356249e+00
      vertex   3.112793e+00 8.576435e+01 3.724000e+00
      vertex   2.977285e+00 8.550553e+01 3.869273e+00
    endloop
  endfacet
  facet normal 5.345749e-01 1.831970e-01 8.250264e-01
    outer loop
      vertex   2.977285e+00 8.550553e+01 3.869273e+00
      vertex   3.112793e+00 8.576435e+01 3.724000e+00
      vertex   2.338450e+00 8.576435e+01 4.225735e+00
    endloop
  endfacet
  facet normal 5.190563e-01 1.145977e-01 8.470230e-01
    outer loop
      vertex   2.977285e+00 8.550553e+01 3.869273e+00
      vertex   2.338450e+00 8.576435e+01 4.225735e+00
      vertex   2.303753e+00 8.550553e+01 4.282014e+00
    endloop
  endfacet
  facet normal 3.784722e-01 1.479456e-01 9.137127e-01
    outer loop
      vertex   2.303753e+00 8.550553e+01 4.282014e+00
      vertex   2.338450e+00 8.576435e+01 4.225735e+00
      vertex   1.573945e+00 8.550553e+01 4.584310e+00
    endloop
  endfacet
  facet normal 3.537129e-01 3.816758e-01 8.539384e-01
    outer loop
      vertex   2.303753e+00 8.550553e+01 4.282014e+00
      vertex   1.573945e+00 8.550553e+01 4.584310e+00
      vertex   1.604816e+00 8.526435e+01 4.679321e+00
    endloop
  endfacet
  facet normal 2.157727e-01 3.816758e-01 8.987579e-01
    outer loop
      vertex   1.604816e+00 8.526435e+01 4.679321e+00
      vertex   1.573945e+00 8.550553e+01 4.584310e+00
      vertex   8.214615e-01 8.526435e+01 4.867388e+00
    endloop
  endfacet
  facet normal 1.854163e-01 6.075782e-01 7.723144e-01
    outer loop
      vertex   1.604816e+00 8.526435e+01 4.679321e+00
      vertex   8.214615e-01 8.526435e+01 4.867388e+00
      vertex   8.463218e-01 8.505725e+01 5.024350e+00
    endloop
  endfacet
  facet normal 6.231691e-02 6.075782e-01 7.918114e-01
    outer loop
      vertex   8.463218e-01 8.505725e+01 5.024350e+00
      vertex   8.214615e-01 8.526435e+01 4.867388e+00
      vertex   1.833089e-02 8.505725e+01 5.089514e+00
    endloop
  endfacet
  facet normal 4.785567e-02 7.924444e-01 6.080639e-01
    outer loop
      vertex   8.463218e-01 8.505725e+01 5.024350e+00
      vertex   1.833089e-02 8.505725e+01 5.089514e+00
      vertex   1.833089e-02 8.489833e+01 5.296621e+00
    endloop
  endfacet
  facet normal -4.785567e-02 7.924444e-01 6.080639e-01
    outer loop
      vertex   1.833089e-02 8.489833e+01 5.296621e+00
      vertex   1.833089e-02 8.505725e+01 5.089514e+00
      vertex   -8.420587e-01 8.489833e+01 5.228907e+00
    endloop
  endfacet
  facet normal -3.010419e-02 9.234608e-01 3.825100e-01
    outer loop
      vertex   1.833089e-02 8.489833e+01 5.296621e+00
      vertex   -8.420587e-01 8.489833e+01 5.228907e+00
      vertex   -8.797877e-01 8.479843e+01 5.467119e+00
    endloop
  endfacet
  facet normal -8.957130e-02 9.234608e-01 3.730913e-01
    outer loop
      vertex   -8.797877e-01 8.479843e+01 5.467119e+00
      vertex   -8.420587e-01 8.489833e+01 5.228907e+00
      vertex   -1.755792e+00 8.479843e+01 5.256809e+00
    endloop
  endfacet
  facet normal -3.017450e-02 9.916111e-01 1.256859e-01
    outer loop
      vertex   -8.797877e-01 8.479843e+01 5.467119e+00
      vertex   -1.755792e+00 8.479843e+01 5.256809e+00
      vertex   -1.792651e+00 8.476435e+01 5.516791e+00
    endloop
  endfacet
  facet normal -5.066295e-02 9.911473e-01 1.227203e-01
    outer loop
      vertex   -1.792651e+00 8.476435e+01 5.516791e+00
      vertex   -1.755792e+00 8.479843e+01 5.256809e+00
      vertex   -2.733315e+00 8.476435e+01 5.128454e+00
    endloop
  endfacet
  facet normal -5.058820e-02 9.912240e-01 1.221307e-01
    outer loop
      vertex   -2.733315e+00 8.476435e+01 5.128454e+00
      vertex   -1.755792e+00 8.479843e+01 5.256809e+00
      vertex   -2.588111e+00 8.479843e+01 4.912051e+00
    endloop
  endfacet
  facet normal -6.779695e-02 9.915460e-01 1.106346e-01
    outer loop
      vertex   -2.733315e+00 8.476435e+01 5.128454e+00
      vertex   -2.588111e+00 8.479843e+01 4.912051e+00
      vertex   -3.356251e+00 8.479843e+01 4.441334e+00
    endloop
  endfacet
  facet normal -2.004789e-01 9.234608e-01 3.271519e-01
    outer loop
      vertex   -3.356251e+00 8.479843e+01 4.441334e+00
      vertex   -2.588111e+00 8.479843e+01 4.912051e+00
      vertex   -2.478617e+00 8.489833e+01 4.697157e+00
    endloop
  endfacet
  facet normal -2.004789e-01 9.234608e-01 3.271519e-01
    outer loop
      vertex   -3.356251e+00 8.479843e+01 4.441334e+00
      vertex   -2.478617e+00 8.489833e+01 4.697157e+00
      vertex   -3.214488e+00 8.489833e+01 4.246215e+00
    endloop
  endfacet
  facet normal -3.186950e-01 7.924444e-01 5.200629e-01
    outer loop
      vertex   -3.214488e+00 8.489833e+01 4.246215e+00
      vertex   -2.478617e+00 8.489833e+01 4.697157e+00
      vertex   -2.384592e+00 8.505725e+01 4.512624e+00
    endloop
  endfacet
  facet normal -3.186950e-01 7.924444e-01 5.200629e-01
    outer loop
      vertex   -3.214488e+00 8.489833e+01 4.246215e+00
      vertex   -2.384592e+00 8.505725e+01 4.512624e+00
      vertex   -3.092754e+00 8.505725e+01 4.078662e+00
    endloop
  endfacet
  facet normal -4.149996e-01 6.075782e-01 6.772178e-01
    outer loop
      vertex   -3.092754e+00 8.505725e+01 4.078662e+00
      vertex   -2.384592e+00 8.505725e+01 4.512624e+00
      vertex   -2.312445e+00 8.526435e+01 4.371026e+00
    endloop
  endfacet
  facet normal -4.149996e-01 6.075782e-01 6.772178e-01
    outer loop
      vertex   -3.092754e+00 8.505725e+01 4.078662e+00
      vertex   -2.312445e+00 8.526435e+01 4.371026e+00
      vertex   -2.999344e+00 8.526435e+01 3.950094e+00
    endloop
  endfacet
  facet normal -4.829435e-01 3.816758e-01 7.880921e-01
    outer loop
      vertex   -2.999344e+00 8.526435e+01 3.950094e+00
      vertex   -2.312445e+00 8.526435e+01 4.371026e+00
      vertex   -2.267091e+00 8.550553e+01 4.282014e+00
    endloop
  endfacet
  facet normal -4.829435e-01 3.816758e-01 7.880921e-01
    outer loop
      vertex   -2.999344e+00 8.526435e+01 3.950094e+00
      vertex   -2.267091e+00 8.550553e+01 4.282014e+00
      vertex   -2.940624e+00 8.550553e+01 3.869273e+00
    endloop
  endfacet
  facet normal -5.182587e-01 1.271349e-01 8.457214e-01
    outer loop
      vertex   -2.940624e+00 8.550553e+01 3.869273e+00
      vertex   -2.267091e+00 8.550553e+01 4.282014e+00
      vertex   -2.912283e+00 8.576435e+01 3.847732e+00
    endloop
  endfacet
  facet normal -6.436608e-01 1.332019e-01 7.536299e-01
    outer loop
      vertex   -2.940624e+00 8.550553e+01 3.869273e+00
      vertex   -2.912283e+00 8.576435e+01 3.847732e+00
      vertex   -3.541297e+00 8.550553e+01 3.356249e+00
    endloop
  endfacet
  facet normal -6.489855e-01 1.683322e-01 7.419448e-01
    outer loop
      vertex   -3.541297e+00 8.550553e+01 3.356249e+00
      vertex   -2.912283e+00 8.576435e+01 3.847732e+00
      vertex   -3.606774e+00 8.576435e+01 3.240255e+00
    endloop
  endfacet
  facet normal -7.567297e-01 9.821388e-02 6.463082e-01
    outer loop
      vertex   -3.541297e+00 8.550553e+01 3.356249e+00
      vertex   -3.606774e+00 8.576435e+01 3.240255e+00
      vertex   -4.054321e+00 8.550553e+01 2.755576e+00
    endloop
  endfacet
  facet normal -7.703316e-01 1.954200e-01 6.069599e-01
    outer loop
      vertex   -4.054321e+00 8.550553e+01 2.755576e+00
      vertex   -3.606774e+00 8.576435e+01 3.240255e+00
      vertex   -4.177816e+00 8.576435e+01 2.515510e+00
    endloop
  endfacet
  facet normal -8.500710e-01 7.757065e-02 5.209242e-01
    outer loop
      vertex   -4.054321e+00 8.550553e+01 2.755576e+00
      vertex   -4.177816e+00 8.576435e+01 2.515510e+00
      vertex   -4.467062e+00 8.550553e+01 2.082043e+00
    endloop
  endfacet
  facet normal -8.664187e-01 2.081597e-01 4.538592e-01
    outer loop
      vertex   -4.467062e+00 8.550553e+01 2.082043e+00
      vertex   -4.177816e+00 8.576435e+01 2.515510e+00
      vertex   -4.605963e+00 8.576435e+01 1.698176e+00
    endloop
  endfacet
  facet normal -9.215101e-01 7.157371e-02 3.817020e-01
    outer loop
      vertex   -4.467062e+00 8.550553e+01 2.082043e+00
      vertex   -4.605963e+00 8.576435e+01 1.698176e+00
      vertex   -4.769358e+00 8.550553e+01 1.352236e+00
    endloop
  endfacet
  facet normal -9.353254e-01 2.068643e-01 2.870080e-01
    outer loop
      vertex   -4.769358e+00 8.550553e+01 1.352236e+00
      vertex   -4.605963e+00 8.576435e+01 1.698176e+00
      vertex   -4.876635e+00 8.576435e+01 8.160864e-01
    endloop
  endfacet
  facet normal -9.692304e-01 8.029358e-02 2.326916e-01
    outer loop
      vertex   -4.769358e+00 8.550553e+01 1.352236e+00
      vertex   -4.876635e+00 8.576435e+01 8.160864e-01
      vertex   -4.953765e+00 8.550553e+01 5.841239e-01
    endloop
  endfacet
  facet normal -9.752402e-01 1.915005e-01 1.106075e-01
    outer loop
      vertex   -4.953765e+00 8.550553e+01 5.841239e-01
      vertex   -4.876635e+00 8.576435e+01 8.160864e-01
      vertex   -4.980615e+00 8.576435e+01 -1.007195e-01
    endloop
  endfacet
  facet normal -9.915503e-01 1.036252e-01 7.803670e-02
    outer loop
      vertex   -4.953765e+00 8.550553e+01 5.841239e-01
      vertex   -4.980615e+00 8.576435e+01 -1.007195e-01
      vertex   -5.015743e+00 8.550553e+01 -2.033788e-01
    endloop
  endfacet
  facet normal -9.842928e-01 1.616991e-01 -7.085971e-02
    outer loop
      vertex   -5.015743e+00 8.550553e+01 -2.033788e-01
      vertex   -4.980615e+00 8.576435e+01 -1.007195e-01
      vertex   -4.914362e+00 8.576435e+01 -1.021021e+00
    endloop
  endfacet
  facet normal -9.869282e-01 1.412076e-01 -7.767294e-02
    outer loop
      vertex   -5.015743e+00 8.550553e+01 -2.033788e-01
      vertex   -4.914362e+00 8.576435e+01 -1.021021e+00
      vertex   -4.953765e+00 8.550553e+01 -9.908815e-01
    endloop
  endfacet
  facet normal -9.653460e-01 1.199782e-01 -2.317591e-01
    outer loop
      vertex   -4.953765e+00 8.550553e+01 -9.908815e-01
      vertex   -4.914362e+00 8.576435e+01 -1.021021e+00
      vertex   -4.769358e+00 8.550553e+01 -1.758993e+00
    endloop
  endfacet
  facet normal -8.987579e-01 3.816758e-01 -2.157727e-01
    outer loop
      vertex   -4.953765e+00 8.550553e+01 -9.908815e-01
      vertex   -4.769358e+00 8.550553e+01 -1.758993e+00
      vertex   -4.864369e+00 8.526435e+01 -1.789864e+00
    endloop
  endfacet
  facet normal -8.539384e-01 3.816758e-01 -3.537129e-01
    outer loop
      vertex   -4.864369e+00 8.526435e+01 -1.789864e+00
      vertex   -4.769358e+00 8.550553e+01 -1.758993e+00
      vertex   -4.556074e+00 8.526435e+01 -2.534154e+00
    endloop
  endfacet
  facet normal -7.338004e-01 6.075782e-01 -3.039501e-01
    outer loop
      vertex   -4.864369e+00 8.526435e+01 -1.789864e+00
      vertex   -4.556074e+00 8.526435e+01 -2.534154e+00
      vertex   -4.697672e+00 8.505725e+01 -2.606302e+00
    endloop
  endfacet
  facet normal -6.772178e-01 6.075782e-01 -4.149996e-01
    outer loop
      vertex   -4.697672e+00 8.505725e+01 -2.606302e+00
      vertex   -4.556074e+00 8.526435e+01 -2.534154e+00
      vertex   -4.263710e+00 8.505725e+01 -3.314463e+00
    endloop
  endfacet
  facet normal -5.200629e-01 7.924444e-01 -3.186950e-01
    outer loop
      vertex   -4.697672e+00 8.505725e+01 -2.606302e+00
      vertex   -4.263710e+00 8.505725e+01 -3.314463e+00
      vertex   -4.431263e+00 8.489833e+01 -3.436198e+00
    endloop
  endfacet
  facet normal -4.638052e-01 7.924444e-01 -3.961271e-01
    outer loop
      vertex   -4.431263e+00 8.489833e+01 -3.436198e+00
      vertex   -4.263710e+00 8.505725e+01 -3.314463e+00
      vertex   -3.870756e+00 8.489833e+01 -4.092466e+00
    endloop
  endfacet
  facet normal -2.917623e-01 9.234608e-01 -2.491885e-01
    outer loop
      vertex   -4.431263e+00 8.489833e+01 -3.436198e+00
      vertex   -3.870756e+00 8.489833e+01 -4.092466e+00
      vertex   -4.041297e+00 8.479843e+01 -4.263007e+00
    endloop
  endfacet
  facet normal -2.491020e-01 9.234574e-01 -2.918468e-01
    outer loop
      vertex   -4.041297e+00 8.479843e+01 -4.263007e+00
      vertex   -3.870756e+00 8.489833e+01 -4.092466e+00
      vertex   -3.211689e+00 8.489833e+01 -4.655005e+00
    endloop
  endfacet
  facet normal -2.491406e-01 9.234180e-01 -2.919385e-01
    outer loop
      vertex   -4.041297e+00 8.479843e+01 -4.263007e+00
      vertex   -3.211689e+00 8.489833e+01 -4.655005e+00
      vertex   -3.352598e+00 8.479843e+01 -4.850743e+00
    endloop
  endfacet
  facet normal -2.002970e-01 9.235032e-01 -3.271436e-01
    outer loop
      vertex   -3.352598e+00 8.479843e+01 -4.850743e+00
      vertex   -3.211689e+00 8.489833e+01 -4.655005e+00
      vertex   -2.588111e+00 8.479843e+01 -5.318808e+00
    endloop
  endfacet
  facet normal -6.834191e-02 9.913979e-01 -1.116223e-01
    outer loop
      vertex   -3.352598e+00 8.479843e+01 -4.850743e+00
      vertex   -2.588111e+00 8.479843e+01 -5.318808e+00
      vertex   -3.503800e+00 8.476435e+01 -5.060806e+00
    endloop
  endfacet
  facet normal -6.923961e-02 9.909651e-01 -1.148655e-01
    outer loop
      vertex   -3.503800e+00 8.476435e+01 -5.060806e+00
      vertex   -2.588111e+00 8.479843e+01 -5.318808e+00
      vertex   -2.632228e+00 8.476435e+01 -5.586179e+00
    endloop
  endfacet
  facet normal -4.900423e-02 9.917672e-01 -1.183067e-01
    outer loop
      vertex   -2.632228e+00 8.476435e+01 -5.586179e+00
      vertex   -2.588111e+00 8.479843e+01 -5.318808e+00
      vertex   -1.755792e+00 8.479843e+01 -5.663566e+00
    endloop
  endfacet
  facet normal -4.975081e-02 9.906200e-01 -1.272671e-01
    outer loop
      vertex   -2.632228e+00 8.476435e+01 -5.586179e+00
      vertex   -1.755792e+00 8.479843e+01 -5.663566e+00
      vertex   -1.684404e+00 8.476435e+01 -5.956699e+00
    endloop
  endfacet
  facet normal -2.940402e-02 9.920357e-01 -1.224766e-01
    outer loop
      vertex   -1.684404e+00 8.476435e+01 -5.956699e+00
      vertex   -1.755792e+00 8.479843e+01 -5.663566e+00
      vertex   -8.797877e-01 8.479843e+01 -5.873876e+00
    endloop
  endfacet
  facet normal -2.794988e-02 9.903281e-01 -1.359008e-01
    outer loop
      vertex   -1.684404e+00 8.476435e+01 -5.956699e+00
      vertex   -8.797877e-01 8.479843e+01 -5.873876e+00
      vertex   -6.875962e-01 8.476435e+01 -6.161706e+00
    endloop
  endfacet
  facet normal -9.757374e-03 9.922368e-01 -1.239792e-01
    outer loop
      vertex   -6.875962e-01 8.476435e+01 -6.161706e+00
      vertex   -8.797877e-01 8.479843e+01 -5.873876e+00
      vertex   1.833089e-02 8.479843e+01 -5.944560e+00
    endloop
  endfacet
  facet normal -4.634300e-03 9.900984e-01 -1.402984e-01
    outer loop
      vertex   -6.875962e-01 8.476435e+01 -6.161706e+00
      vertex   1.833089e-02 8.479843e+01 -5.944560e+00
      vertex   3.295202e-01 8.476435e+01 -6.195303e+00
    endloop
  endfacet
  facet normal 9.669030e-03 9.923773e-01 -1.228567e-01
    outer loop
      vertex   3.295202e-01 8.476435e+01 -6.195303e+00
      vertex   1.833089e-02 8.479843e+01 -5.944560e+00
      vertex   9.164495e-01 8.479843e+01 -5.873876e+00
    endloop
  endfacet
  facet normal 1.929625e-02 9.899383e-01 -1.401775e-01
    outer loop
      vertex   3.295202e-01 8.476435e+01 -6.195303e+00
      vertex   9.164495e-01 8.479843e+01 -5.873876e+00
      vertex   1.337684e+00 8.476435e+01 -6.056524e+00
    endloop
  endfacet
  facet normal 2.860985e-02 9.924617e-01 -1.191686e-01
    outer loop
      vertex   1.337684e+00 8.476435e+01 -6.056524e+00
      vertex   9.164495e-01 8.479843e+01 -5.873876e+00
      vertex   1.792453e+00 8.479843e+01 -5.663566e+00
    endloop
  endfacet
  facet normal 4.288819e-02 9.898532e-01 -1.354667e-01
    outer loop
      vertex   1.337684e+00 8.476435e+01 -6.056524e+00
      vertex   1.792453e+00 8.479843e+01 -5.663566e+00
      vertex   2.307893e+00 8.476435e+01 -5.749360e+00
    endloop
  endfacet
  facet normal 4.680333e-02 9.924928e-01 -1.129932e-01
    outer loop
      vertex   2.307893e+00 8.476435e+01 -5.749360e+00
      vertex   1.792453e+00 8.479843e+01 -5.663566e+00
      vertex   2.624772e+00 8.479843e+01 -5.318808e+00
    endloop
  endfacet
  facet normal 6.518847e-02 9.898459e-01 -1.263150e-01
    outer loop
      vertex   2.307893e+00 8.476435e+01 -5.749360e+00
      vertex   2.624772e+00 8.479843e+01 -5.318808e+00
      vertex   3.212235e+00 8.476435e+01 -5.282648e+00
    endloop
  endfacet
  facet normal 6.399353e-02 9.924715e-01 -1.044280e-01
    outer loop
      vertex   3.212235e+00 8.476435e+01 -5.282648e+00
      vertex   2.624772e+00 8.479843e+01 -5.318808e+00
      vertex   3.392912e+00 8.479843e+01 -4.848092e+00
    endloop
  endfacet
  facet normal 8.530047e-02 9.899168e-01 -1.130865e-01
    outer loop
      vertex   3.212235e+00 8.476435e+01 -5.282648e+00
      vertex   3.392912e+00 8.479843e+01 -4.848092e+00
      vertex   4.024694e+00 8.476435e+01 -4.669815e+00
    endloop
  endfacet
  facet normal 7.993235e-02 9.923971e-01 -9.358875e-02
    outer loop
      vertex   4.024694e+00 8.476435e+01 -4.669815e+00
      vertex   3.392912e+00 8.479843e+01 -4.848092e+00
      vertex   4.077959e+00 8.479843e+01 -4.263007e+00
    endloop
  endfacet
  facet normal 1.024364e-01 9.900633e-01 -9.633981e-02
    outer loop
      vertex   4.024694e+00 8.476435e+01 -4.669815e+00
      vertex   4.077959e+00 8.479843e+01 -4.263007e+00
      vertex   4.721898e+00 8.476435e+01 -3.928491e+00
    endloop
  endfacet
  facet normal 9.438126e-02 9.922673e-01 -8.060921e-02
    outer loop
      vertex   4.721898e+00 8.476435e+01 -3.928491e+00
      vertex   4.077959e+00 8.479843e+01 -4.263007e+00
      vertex   4.663044e+00 8.479843e+01 -3.577960e+00
    endloop
  endfacet
  facet normal 1.159618e-01 9.902806e-01 -7.679275e-02
    outer loop
      vertex   4.721898e+00 8.476435e+01 -3.928491e+00
      vertex   4.663044e+00 8.479843e+01 -3.577960e+00
      vertex   5.283788e+00 8.476435e+01 -3.080002e+00
    endloop
  endfacet
  facet normal 1.071127e-01 9.920778e-01 -6.563876e-02
    outer loop
      vertex   5.283788e+00 8.476435e+01 -3.080002e+00
      vertex   4.663044e+00 8.479843e+01 -3.577960e+00
      vertex   5.133761e+00 8.479843e+01 -2.809820e+00
    endloop
  endfacet
  facet normal 1.254274e-01 9.905616e-01 -5.527768e-02
    outer loop
      vertex   5.283788e+00 8.476435e+01 -3.080002e+00
      vertex   5.133761e+00 8.479843e+01 -2.809820e+00
      vertex   5.694201e+00 8.476435e+01 -2.148758e+00
    endloop
  endfacet
  facet normal 1.179109e-01 9.918224e-01 -4.884029e-02
    outer loop
      vertex   5.694201e+00 8.476435e+01 -2.148758e+00
      vertex   5.133761e+00 8.479843e+01 -2.809820e+00
      vertex   5.478518e+00 8.479843e+01 -1.977501e+00
    endloop
  endfacet
  facet normal 1.305883e-01 9.908976e-01 -3.269021e-02
    outer loop
      vertex   5.694201e+00 8.476435e+01 -2.148758e+00
      vertex   5.478518e+00 8.479843e+01 -1.977501e+00
      vertex   5.941329e+00 8.476435e+01 -1.161548e+00
    endloop
  endfacet
  facet normal 1.265717e-01 9.914919e-01 -3.038718e-02
    outer loop
      vertex   5.941329e+00 8.476435e+01 -1.161548e+00
      vertex   5.478518e+00 8.479843e+01 -1.977501e+00
      vertex   5.688828e+00 8.479843e+01 -1.101497e+00
    endloop
  endfacet
  facet normal 1.313131e-01 9.912871e-01 -1.033456e-02
    outer loop
      vertex   5.941329e+00 8.476435e+01 -1.161548e+00
      vertex   5.688828e+00 8.479843e+01 -1.101497e+00
      vertex   5.759512e+00 8.479843e+01 -2.033788e-01
    endloop
  endfacet
  facet normal 3.825100e-01 9.234608e-01 -3.010419e-02
    outer loop
      vertex   5.759512e+00 8.479843e+01 -2.033788e-01
      vertex   5.688828e+00 8.479843e+01 -1.101497e+00
      vertex   5.450617e+00 8.489833e+01 -1.063768e+00
    endloop
  endfacet
  facet normal 3.825100e-01 9.234608e-01 -3.010419e-02
    outer loop
      vertex   5.759512e+00 8.479843e+01 -2.033788e-01
      vertex   5.450617e+00 8.489833e+01 -1.063768e+00
      vertex   5.518331e+00 8.489833e+01 -2.033788e-01
    endloop
  endfacet
  facet normal 6.080639e-01 7.924444e-01 -4.785567e-02
    outer loop
      vertex   5.518331e+00 8.489833e+01 -2.033788e-01
      vertex   5.450617e+00 8.489833e+01 -1.063768e+00
      vertex   5.246060e+00 8.505725e+01 -1.031370e+00
    endloop
  endfacet
  facet normal 6.080639e-01 7.924444e-01 -4.785567e-02
    outer loop
      vertex   5.518331e+00 8.489833e+01 -2.033788e-01
      vertex   5.246060e+00 8.505725e+01 -1.031370e+00
      vertex   5.311224e+00 8.505725e+01 -2.033788e-01
    endloop
  endfacet
  facet normal 7.918114e-01 6.075782e-01 -6.231691e-02
    outer loop
      vertex   5.311224e+00 8.505725e+01 -2.033788e-01
      vertex   5.246060e+00 8.505725e+01 -1.031370e+00
      vertex   5.089098e+00 8.526435e+01 -1.006509e+00
    endloop
  endfacet
  facet normal 7.918114e-01 6.075782e-01 -6.231691e-02
    outer loop
      vertex   5.311224e+00 8.505725e+01 -2.033788e-01
      vertex   5.089098e+00 8.526435e+01 -1.006509e+00
      vertex   5.152305e+00 8.526435e+01 -2.033788e-01
    endloop
  endfacet
  facet normal 9.214470e-01 3.816758e-01 -7.251945e-02
    outer loop
      vertex   5.152305e+00 8.526435e+01 -2.033788e-01
      vertex   5.089098e+00 8.526435e+01 -1.006509e+00
      vertex   4.990427e+00 8.550553e+01 -9.908815e-01
    endloop
  endfacet
  facet normal 9.214470e-01 3.816758e-01 -7.251945e-02
    outer loop
      vertex   5.152305e+00 8.526435e+01 -2.033788e-01
      vertex   4.990427e+00 8.550553e+01 -9.908815e-01
      vertex   5.052405e+00 8.550553e+01 -2.033788e-01
    endloop
  endfacet
  facet normal 9.915503e-01 1.036252e-01 -7.803670e-02
    outer loop
      vertex   5.052405e+00 8.550553e+01 -2.033788e-01
      vertex   4.990427e+00 8.550553e+01 -9.908815e-01
      vertex   5.017277e+00 8.576435e+01 -3.060380e-01
    endloop
  endfacet
  facet normal 9.842928e-01 1.616991e-01 7.085971e-02
    outer loop
      vertex   5.052405e+00 8.550553e+01 -2.033788e-01
      vertex   5.017277e+00 8.576435e+01 -3.060380e-01
      vertex   4.951024e+00 8.576435e+01 6.142639e-01
    endloop
  endfacet
  facet normal 3.756534e-01 1.560221e-01 9.135325e-01
    outer loop
      vertex   2.338450e+00 8.576435e+01 4.225735e+00
      vertex   1.485098e+00 8.576435e+01 4.576642e+00
      vertex   1.573945e+00 8.550553e+01 4.584310e+00
    endloop
  endfacet
  facet normal 2.320721e-01 1.083071e-01 9.666499e-01
    outer loop
      vertex   1.573945e+00 8.550553e+01 4.584310e+00
      vertex   1.485098e+00 8.576435e+01 4.576642e+00
      vertex   8.058336e-01 8.550553e+01 4.768718e+00
    endloop
  endfacet
  facet normal 2.157727e-01 3.816758e-01 8.987579e-01
    outer loop
      vertex   1.573945e+00 8.550553e+01 4.584310e+00
      vertex   8.058336e-01 8.550553e+01 4.768718e+00
      vertex   8.214615e-01 8.526435e+01 4.867388e+00
    endloop
  endfacet
  facet normal 7.251945e-02 3.816758e-01 9.214470e-01
    outer loop
      vertex   8.214615e-01 8.526435e+01 4.867388e+00
      vertex   8.058336e-01 8.550553e+01 4.768718e+00
      vertex   1.833089e-02 8.526435e+01 4.930596e+00
    endloop
  endfacet
  facet normal 6.231691e-02 6.075782e-01 7.918114e-01
    outer loop
      vertex   8.214615e-01 8.526435e+01 4.867388e+00
      vertex   1.833089e-02 8.526435e+01 4.930596e+00
      vertex   1.833089e-02 8.505725e+01 5.089514e+00
    endloop
  endfacet
  facet normal -6.231691e-02 6.075782e-01 7.918114e-01
    outer loop
      vertex   1.833089e-02 8.505725e+01 5.089514e+00
      vertex   1.833089e-02 8.526435e+01 4.930596e+00
      vertex   -8.096600e-01 8.505725e+01 5.024350e+00
    endloop
  endfacet
  facet normal -4.785567e-02 7.924444e-01 6.080639e-01
    outer loop
      vertex   1.833089e-02 8.505725e+01 5.089514e+00
      vertex   -8.096600e-01 8.505725e+01 5.024350e+00
      vertex   -8.420587e-01 8.489833e+01 5.228907e+00
    endloop
  endfacet
  facet normal -1.423886e-01 7.924444e-01 5.930914e-01
    outer loop
      vertex   -8.420587e-01 8.489833e+01 5.228907e+00
      vertex   -8.096600e-01 8.505725e+01 5.024350e+00
      vertex   -1.681263e+00 8.489833e+01 5.027432e+00
    endloop
  endfacet
  facet normal -8.957130e-02 9.234608e-01 3.730913e-01
    outer loop
      vertex   -8.420587e-01 8.489833e+01 5.228907e+00
      vertex   -1.681263e+00 8.489833e+01 5.027432e+00
      vertex   -1.755792e+00 8.479843e+01 5.256809e+00
    endloop
  endfacet
  facet normal -1.468329e-01 9.234608e-01 3.544859e-01
    outer loop
      vertex   -1.755792e+00 8.479843e+01 5.256809e+00
      vertex   -1.681263e+00 8.489833e+01 5.027432e+00
      vertex   -2.588111e+00 8.479843e+01 4.912051e+00
    endloop
  endfacet
  facet normal 2.002571e-01 1.880091e-01 9.615351e-01
    outer loop
      vertex   1.485098e+00 8.576435e+01 4.576642e+00
      vertex   5.817967e-01 8.576435e+01 4.764770e+00
      vertex   8.058336e-01 8.550553e+01 4.768718e+00
    endloop
  endfacet
  facet normal 7.818946e-02 8.283324e-02 9.934913e-01
    outer loop
      vertex   8.058336e-01 8.550553e+01 4.768718e+00
      vertex   5.817967e-01 8.576435e+01 4.764770e+00
      vertex   1.833089e-02 8.550553e+01 4.830695e+00
    endloop
  endfacet
  facet normal 7.251945e-02 3.816758e-01 9.214470e-01
    outer loop
      vertex   8.058336e-01 8.550553e+01 4.768718e+00
      vertex   1.833089e-02 8.550553e+01 4.830695e+00
      vertex   1.833089e-02 8.526435e+01 4.930596e+00
    endloop
  endfacet
  facet normal -7.251945e-02 3.816758e-01 9.214470e-01
    outer loop
      vertex   1.833089e-02 8.526435e+01 4.930596e+00
      vertex   1.833089e-02 8.550553e+01 4.830695e+00
      vertex   -7.847997e-01 8.526435e+01 4.867388e+00
    endloop
  endfacet
  facet normal -6.231691e-02 6.075782e-01 7.918114e-01
    outer loop
      vertex   1.833089e-02 8.526435e+01 4.930596e+00
      vertex   -7.847997e-01 8.526435e+01 4.867388e+00
      vertex   -8.096600e-01 8.505725e+01 5.024350e+00
    endloop
  endfacet
  facet normal -1.854163e-01 6.075782e-01 7.723144e-01
    outer loop
      vertex   -8.096600e-01 8.505725e+01 5.024350e+00
      vertex   -7.847997e-01 8.526435e+01 4.867388e+00
      vertex   -1.617263e+00 8.505725e+01 4.830462e+00
    endloop
  endfacet
  facet normal -1.423886e-01 7.924444e-01 5.930914e-01
    outer loop
      vertex   -8.096600e-01 8.505725e+01 5.024350e+00
      vertex   -1.617263e+00 8.505725e+01 4.830462e+00
      vertex   -1.681263e+00 8.489833e+01 5.027432e+00
    endloop
  endfacet
  facet normal -2.334155e-01 7.924444e-01 5.635150e-01
    outer loop
      vertex   -1.681263e+00 8.489833e+01 5.027432e+00
      vertex   -1.617263e+00 8.505725e+01 4.830462e+00
      vertex   -2.478617e+00 8.489833e+01 4.697157e+00
    endloop
  endfacet
  facet normal -1.468329e-01 9.234608e-01 3.544859e-01
    outer loop
      vertex   -1.681263e+00 8.489833e+01 5.027432e+00
      vertex   -2.478617e+00 8.489833e+01 4.697157e+00
      vertex   -2.588111e+00 8.479843e+01 4.912051e+00
    endloop
  endfacet
  facet normal 2.009371e-02 2.054814e-01 9.784547e-01
    outer loop
      vertex   5.817967e-01 8.576435e+01 4.764770e+00
      vertex   -3.406924e-01 8.576435e+01 4.783715e+00
      vertex   1.833089e-02 8.550553e+01 4.830695e+00
    endloop
  endfacet
  facet normal -7.825582e-02 7.193741e-02 9.943345e-01
    outer loop
      vertex   1.833089e-02 8.550553e+01 4.830695e+00
      vertex   -3.406924e-01 8.576435e+01 4.783715e+00
      vertex   -7.691718e-01 8.550553e+01 4.768718e+00
    endloop
  endfacet
  facet normal -7.251945e-02 3.816758e-01 9.214470e-01
    outer loop
      vertex   1.833089e-02 8.550553e+01 4.830695e+00
      vertex   -7.691718e-01 8.550553e+01 4.768718e+00
      vertex   -7.847997e-01 8.526435e+01 4.867388e+00
    endloop
  endfacet
  facet normal -2.157727e-01 3.816758e-01 8.987579e-01
    outer loop
      vertex   -7.847997e-01 8.526435e+01 4.867388e+00
      vertex   -7.691718e-01 8.550553e+01 4.768718e+00
      vertex   -1.568155e+00 8.526435e+01 4.679321e+00
    endloop
  endfacet
  facet normal -1.854163e-01 6.075782e-01 7.723144e-01
    outer loop
      vertex   -7.847997e-01 8.526435e+01 4.867388e+00
      vertex   -1.568155e+00 8.526435e+01 4.679321e+00
      vertex   -1.617263e+00 8.505725e+01 4.830462e+00
    endloop
  endfacet
  facet normal -3.039501e-01 6.075782e-01 7.338004e-01
    outer loop
      vertex   -1.617263e+00 8.505725e+01 4.830462e+00
      vertex   -1.568155e+00 8.526435e+01 4.679321e+00
      vertex   -2.384592e+00 8.505725e+01 4.512624e+00
    endloop
  endfacet
  facet normal -2.334155e-01 7.924444e-01 5.635150e-01
    outer loop
      vertex   -1.617263e+00 8.505725e+01 4.830462e+00
      vertex   -2.384592e+00 8.505725e+01 4.512624e+00
      vertex   -2.478617e+00 8.489833e+01 4.697157e+00
    endloop
  endfacet
  facet normal -1.599223e-01 2.088501e-01 9.647831e-01
    outer loop
      vertex   -3.406924e-01 8.576435e+01 4.783715e+00
      vertex   -1.250955e+00 8.576435e+01 4.632830e+00
      vertex   -7.691718e-01 8.550553e+01 4.768718e+00
    endloop
  endfacet
  facet normal -2.327746e-01 7.575432e-02 9.695758e-01
    outer loop
      vertex   -7.691718e-01 8.550553e+01 4.768718e+00
      vertex   -1.250955e+00 8.576435e+01 4.632830e+00
      vertex   -1.537284e+00 8.550553e+01 4.584310e+00
    endloop
  endfacet
  facet normal -2.157727e-01 3.816758e-01 8.987579e-01
    outer loop
      vertex   -7.691718e-01 8.550553e+01 4.768718e+00
      vertex   -1.537284e+00 8.550553e+01 4.584310e+00
      vertex   -1.568155e+00 8.526435e+01 4.679321e+00
    endloop
  endfacet
  facet normal -3.537129e-01 3.816758e-01 8.539384e-01
    outer loop
      vertex   -1.568155e+00 8.526435e+01 4.679321e+00
      vertex   -1.537284e+00 8.550553e+01 4.584310e+00
      vertex   -2.312445e+00 8.526435e+01 4.371026e+00
    endloop
  endfacet
  facet normal -3.039501e-01 6.075782e-01 7.338004e-01
    outer loop
      vertex   -1.568155e+00 8.526435e+01 4.679321e+00
      vertex   -2.312445e+00 8.526435e+01 4.371026e+00
      vertex   -2.384592e+00 8.505725e+01 4.512624e+00
    endloop
  endfacet
  facet normal -3.352349e-01 1.982017e-01 9.210503e-01
    outer loop
      vertex   -1.250955e+00 8.576435e+01 4.632830e+00
      vertex   -2.117994e+00 8.576435e+01 4.317253e+00
      vertex   -1.537284e+00 8.550553e+01 4.584310e+00
    endloop
  endfacet
  facet normal -3.809803e-01 9.423970e-02 9.197678e-01
    outer loop
      vertex   -1.537284e+00 8.550553e+01 4.584310e+00
      vertex   -2.117994e+00 8.576435e+01 4.317253e+00
      vertex   -2.267091e+00 8.550553e+01 4.282014e+00
    endloop
  endfacet
  facet normal -3.537129e-01 3.816758e-01 8.539384e-01
    outer loop
      vertex   -1.537284e+00 8.550553e+01 4.584310e+00
      vertex   -2.267091e+00 8.550553e+01 4.282014e+00
      vertex   -2.312445e+00 8.526435e+01 4.371026e+00
    endloop
  endfacet
  facet normal -5.011677e-01 1.732707e-01 8.478256e-01
    outer loop
      vertex   -2.117994e+00 8.576435e+01 4.317253e+00
      vertex   -2.912283e+00 8.576435e+01 3.847732e+00
      vertex   -2.267091e+00 8.550553e+01 4.282014e+00
    endloop
  endfacet
  facet normal -9.516221e-01 1.789870e-01 -2.497578e-01
    outer loop
      vertex   -4.914362e+00 8.576435e+01 -1.021021e+00
      vertex   -4.680132e+00 8.576435e+01 -1.913479e+00
      vertex   -4.769358e+00 8.550553e+01 -1.758993e+00
    endloop
  endfacet
  facet normal -9.201537e-01 8.971779e-02 -3.811402e-01
    outer loop
      vertex   -4.769358e+00 8.550553e+01 -1.758993e+00
      vertex   -4.680132e+00 8.576435e+01 -1.913479e+00
      vertex   -4.467062e+00 8.550553e+01 -2.488801e+00
    endloop
  endfacet
  facet normal -8.539384e-01 3.816758e-01 -3.537129e-01
    outer loop
      vertex   -4.769358e+00 8.550553e+01 -1.758993e+00
      vertex   -4.467062e+00 8.550553e+01 -2.488801e+00
      vertex   -4.556074e+00 8.526435e+01 -2.534154e+00
    endloop
  endfacet
  facet normal -7.880921e-01 3.816758e-01 -4.829435e-01
    outer loop
      vertex   -4.556074e+00 8.526435e+01 -2.534154e+00
      vertex   -4.467062e+00 8.550553e+01 -2.488801e+00
      vertex   -4.135142e+00 8.526435e+01 -3.221053e+00
    endloop
  endfacet
  facet normal -6.772178e-01 6.075782e-01 -4.149996e-01
    outer loop
      vertex   -4.556074e+00 8.526435e+01 -2.534154e+00
      vertex   -4.135142e+00 8.526435e+01 -3.221053e+00
      vertex   -4.263710e+00 8.505725e+01 -3.314463e+00
    endloop
  endfacet
  facet normal -6.039599e-01 6.075782e-01 -5.158305e-01
    outer loop
      vertex   -4.263710e+00 8.505725e+01 -3.314463e+00
      vertex   -4.135142e+00 8.526435e+01 -3.221053e+00
      vertex   -3.724310e+00 8.505725e+01 -3.946019e+00
    endloop
  endfacet
  facet normal -4.638052e-01 7.924444e-01 -3.961271e-01
    outer loop
      vertex   -4.263710e+00 8.505725e+01 -3.314463e+00
      vertex   -3.724310e+00 8.505725e+01 -3.946019e+00
      vertex   -3.870756e+00 8.489833e+01 -4.092466e+00
    endloop
  endfacet
  facet normal -3.960223e-01 7.924389e-01 -4.639040e-01
    outer loop
      vertex   -3.870756e+00 8.489833e+01 -4.092466e+00
      vertex   -3.724310e+00 8.505725e+01 -3.946019e+00
      vertex   -3.090733e+00 8.505725e+01 -4.486886e+00
    endloop
  endfacet
  facet normal -3.960663e-01 7.923435e-01 -4.640294e-01
    outer loop
      vertex   -3.870756e+00 8.489833e+01 -4.092466e+00
      vertex   -3.090733e+00 8.505725e+01 -4.486886e+00
      vertex   -3.211689e+00 8.489833e+01 -4.655005e+00
    endloop
  endfacet
  facet normal -3.185031e-01 7.925463e-01 -5.200251e-01
    outer loop
      vertex   -3.211689e+00 8.489833e+01 -4.655005e+00
      vertex   -3.090733e+00 8.505725e+01 -4.486886e+00
      vertex   -2.384592e+00 8.505725e+01 -4.919381e+00
    endloop
  endfacet
  facet normal -3.185265e-01 7.924516e-01 -5.201551e-01
    outer loop
      vertex   -3.211689e+00 8.489833e+01 -4.655005e+00
      vertex   -2.384592e+00 8.505725e+01 -4.919381e+00
      vertex   -2.478617e+00 8.489833e+01 -5.103915e+00
    endloop
  endfacet
  facet normal -2.334155e-01 7.924444e-01 -5.635150e-01
    outer loop
      vertex   -2.478617e+00 8.489833e+01 -5.103915e+00
      vertex   -2.384592e+00 8.505725e+01 -4.919381e+00
      vertex   -1.681263e+00 8.489833e+01 -5.434190e+00
    endloop
  endfacet
  facet normal -1.468329e-01 9.234608e-01 -3.544859e-01
    outer loop
      vertex   -2.478617e+00 8.489833e+01 -5.103915e+00
      vertex   -1.681263e+00 8.489833e+01 -5.434190e+00
      vertex   -1.755792e+00 8.479843e+01 -5.663566e+00
    endloop
  endfacet
  facet normal -8.957130e-02 9.234608e-01 -3.730913e-01
    outer loop
      vertex   -1.755792e+00 8.479843e+01 -5.663566e+00
      vertex   -1.681263e+00 8.489833e+01 -5.434190e+00
      vertex   -8.797877e-01 8.479843e+01 -5.873876e+00
    endloop
  endfacet
  facet normal -8.856300e-01 2.012389e-01 -4.185241e-01
    outer loop
      vertex   -4.680132e+00 8.576435e+01 -1.913479e+00
      vertex   -4.285902e+00 8.576435e+01 -2.747702e+00
      vertex   -4.467062e+00 8.550553e+01 -2.488801e+00
    endloop
  endfacet
  facet normal -8.503064e-01 7.393718e-02 -5.210684e-01
    outer loop
      vertex   -4.467062e+00 8.550553e+01 -2.488801e+00
      vertex   -4.285902e+00 8.576435e+01 -2.747702e+00
      vertex   -4.054321e+00 8.550553e+01 -3.162333e+00
    endloop
  endfacet
  facet normal -7.880921e-01 3.816758e-01 -4.829435e-01
    outer loop
      vertex   -4.467062e+00 8.550553e+01 -2.488801e+00
      vertex   -4.054321e+00 8.550553e+01 -3.162333e+00
      vertex   -4.135142e+00 8.526435e+01 -3.221053e+00
    endloop
  endfacet
  facet normal -7.028404e-01 3.816758e-01 -6.002824e-01
    outer loop
      vertex   -4.135142e+00 8.526435e+01 -3.221053e+00
      vertex   -4.054321e+00 8.550553e+01 -3.162333e+00
      vertex   -3.611937e+00 8.526435e+01 -3.833647e+00
    endloop
  endfacet
  facet normal -6.039599e-01 6.075782e-01 -5.158305e-01
    outer loop
      vertex   -4.135142e+00 8.526435e+01 -3.221053e+00
      vertex   -3.611937e+00 8.526435e+01 -3.833647e+00
      vertex   -3.724310e+00 8.505725e+01 -3.946019e+00
    endloop
  endfacet
  facet normal -5.157379e-01 6.075735e-01 -6.040438e-01
    outer loop
      vertex   -3.724310e+00 8.505725e+01 -3.946019e+00
      vertex   -3.611937e+00 8.526435e+01 -3.833647e+00
      vertex   -2.998037e+00 8.526435e+01 -4.357800e+00
    endloop
  endfacet
  facet normal -5.157678e-01 6.074175e-01 -6.041750e-01
    outer loop
      vertex   -3.724310e+00 8.505725e+01 -3.946019e+00
      vertex   -2.998037e+00 8.526435e+01 -4.357800e+00
      vertex   -3.090733e+00 8.505725e+01 -4.486886e+00
    endloop
  endfacet
  facet normal -4.148283e-01 6.077404e-01 -6.771772e-01
    outer loop
      vertex   -3.090733e+00 8.505725e+01 -4.486886e+00
      vertex   -2.998037e+00 8.526435e+01 -4.357800e+00
      vertex   -2.312445e+00 8.526435e+01 -4.777784e+00
    endloop
  endfacet
  facet normal -4.148370e-01 6.075854e-01 -6.773111e-01
    outer loop
      vertex   -3.090733e+00 8.505725e+01 -4.486886e+00
      vertex   -2.312445e+00 8.526435e+01 -4.777784e+00
      vertex   -2.384592e+00 8.505725e+01 -4.919381e+00
    endloop
  endfacet
  facet normal -3.039501e-01 6.075782e-01 -7.338004e-01
    outer loop
      vertex   -2.384592e+00 8.505725e+01 -4.919381e+00
      vertex   -2.312445e+00 8.526435e+01 -4.777784e+00
      vertex   -1.617263e+00 8.505725e+01 -5.237219e+00
    endloop
  endfacet
  facet normal -2.334155e-01 7.924444e-01 -5.635150e-01
    outer loop
      vertex   -2.384592e+00 8.505725e+01 -4.919381e+00
      vertex   -1.617263e+00 8.505725e+01 -5.237219e+00
      vertex   -1.681263e+00 8.489833e+01 -5.434190e+00
    endloop
  endfacet
  facet normal -1.423886e-01 7.924444e-01 -5.930914e-01
    outer loop
      vertex   -1.681263e+00 8.489833e+01 -5.434190e+00
      vertex   -1.617263e+00 8.505725e+01 -5.237219e+00
      vertex   -8.420587e-01 8.489833e+01 -5.635665e+00
    endloop
  endfacet
  facet normal -8.957130e-02 9.234608e-01 -3.730913e-01
    outer loop
      vertex   -1.681263e+00 8.489833e+01 -5.434190e+00
      vertex   -8.420587e-01 8.489833e+01 -5.635665e+00
      vertex   -8.797877e-01 8.479843e+01 -5.873876e+00
    endloop
  endfacet
  facet normal -3.010419e-02 9.234608e-01 -3.825100e-01
    outer loop
      vertex   -8.797877e-01 8.479843e+01 -5.873876e+00
      vertex   -8.420587e-01 8.489833e+01 -5.635665e+00
      vertex   1.833089e-02 8.479843e+01 -5.944560e+00
    endloop
  endfacet
  facet normal -7.922802e-01 2.092815e-01 -5.731434e-01
    outer loop
      vertex   -4.285902e+00 8.576435e+01 -2.747702e+00
      vertex   -3.745096e+00 8.576435e+01 -3.495281e+00
      vertex   -4.054321e+00 8.550553e+01 -3.162333e+00
    endloop
  endfacet
  facet normal -7.583857e-01 7.284651e-02 -6.477226e-01
    outer loop
      vertex   -4.054321e+00 8.550553e+01 -3.162333e+00
      vertex   -3.745096e+00 8.576435e+01 -3.495281e+00
      vertex   -3.541297e+00 8.550553e+01 -3.763007e+00
    endloop
  endfacet
  facet normal -7.028404e-01 3.816758e-01 -6.002824e-01
    outer loop
      vertex   -4.054321e+00 8.550553e+01 -3.162333e+00
      vertex   -3.541297e+00 8.550553e+01 -3.763007e+00
      vertex   -3.611937e+00 8.526435e+01 -3.833647e+00
    endloop
  endfacet
  facet normal -6.002277e-01 3.816738e-01 -7.028882e-01
    outer loop
      vertex   -3.611937e+00 8.526435e+01 -3.833647e+00
      vertex   -3.541297e+00 8.550553e+01 -3.763007e+00
      vertex   -2.939983e+00 8.550553e+01 -4.276496e+00
    endloop
  endfacet
  facet normal -6.002275e-01 3.814682e-01 -7.029999e-01
    outer loop
      vertex   -3.611937e+00 8.526435e+01 -3.833647e+00
      vertex   -2.939983e+00 8.550553e+01 -4.276496e+00
      vertex   -2.998037e+00 8.526435e+01 -4.357800e+00
    endloop
  endfacet
  facet normal -4.828364e-01 3.818848e-01 -7.880565e-01
    outer loop
      vertex   -2.998037e+00 8.526435e+01 -4.357800e+00
      vertex   -2.939983e+00 8.550553e+01 -4.276496e+00
      vertex   -2.267091e+00 8.550553e+01 -4.688772e+00
    endloop
  endfacet
  facet normal -4.828187e-01 3.816799e-01 -7.881666e-01
    outer loop
      vertex   -2.998037e+00 8.526435e+01 -4.357800e+00
      vertex   -2.267091e+00 8.550553e+01 -4.688772e+00
      vertex   -2.312445e+00 8.526435e+01 -4.777784e+00
    endloop
  endfacet
  facet normal -3.537129e-01 3.816758e-01 -8.539384e-01
    outer loop
      vertex   -2.312445e+00 8.526435e+01 -4.777784e+00
      vertex   -2.267091e+00 8.550553e+01 -4.688772e+00
      vertex   -1.568155e+00 8.526435e+01 -5.086079e+00
    endloop
  endfacet
  facet normal -3.039501e-01 6.075782e-01 -7.338004e-01
    outer loop
      vertex   -2.312445e+00 8.526435e+01 -4.777784e+00
      vertex   -1.568155e+00 8.526435e+01 -5.086079e+00
      vertex   -1.617263e+00 8.505725e+01 -5.237219e+00
    endloop
  endfacet
  facet normal -1.854163e-01 6.075782e-01 -7.723144e-01
    outer loop
      vertex   -1.617263e+00 8.505725e+01 -5.237219e+00
      vertex   -1.568155e+00 8.526435e+01 -5.086079e+00
      vertex   -8.096600e-01 8.505725e+01 -5.431108e+00
    endloop
  endfacet
  facet normal -1.423886e-01 7.924444e-01 -5.930914e-01
    outer loop
      vertex   -1.617263e+00 8.505725e+01 -5.237219e+00
      vertex   -8.096600e-01 8.505725e+01 -5.431108e+00
      vertex   -8.420587e-01 8.489833e+01 -5.635665e+00
    endloop
  endfacet
  facet normal -4.785567e-02 7.924444e-01 -6.080639e-01
    outer loop
      vertex   -8.420587e-01 8.489833e+01 -5.635665e+00
      vertex   -8.096600e-01 8.505725e+01 -5.431108e+00
      vertex   1.833089e-02 8.489833e+01 -5.703379e+00
    endloop
  endfacet
  facet normal -3.010419e-02 9.234608e-01 -3.825100e-01
    outer loop
      vertex   -8.420587e-01 8.489833e+01 -5.635665e+00
      vertex   1.833089e-02 8.489833e+01 -5.703379e+00
      vertex   1.833089e-02 8.479843e+01 -5.944560e+00
    endloop
  endfacet
  facet normal 3.010419e-02 9.234608e-01 -3.825100e-01
    outer loop
      vertex   1.833089e-02 8.479843e+01 -5.944560e+00
      vertex   1.833089e-02 8.489833e+01 -5.703379e+00
      vertex   9.164495e-01 8.479843e+01 -5.873876e+00
    endloop
  endfacet
  facet normal -6.743412e-01 2.033182e-01 -7.098772e-01
    outer loop
      vertex   -3.745096e+00 8.576435e+01 -3.495281e+00
      vertex   -3.076131e+00 8.576435e+01 -4.130758e+00
      vertex   -3.541297e+00 8.550553e+01 -3.763007e+00
    endloop
  endfacet
  facet normal -6.469666e-01 8.628035e-02 -7.576212e-01
    outer loop
      vertex   -3.541297e+00 8.550553e+01 -3.763007e+00
      vertex   -3.076131e+00 8.576435e+01 -4.130758e+00
      vertex   -2.939983e+00 8.550553e+01 -4.276496e+00
    endloop
  endfacet
  facet normal -5.345592e-01 1.833518e-01 -8.250021e-01
    outer loop
      vertex   -3.076131e+00 8.576435e+01 -4.130758e+00
      vertex   -2.301788e+00 8.576435e+01 -4.632493e+00
      vertex   -2.939983e+00 8.550553e+01 -4.276496e+00
    endloop
  endfacet
  facet normal -5.189887e-01 1.146153e-01 -8.470620e-01
    outer loop
      vertex   -2.939983e+00 8.550553e+01 -4.276496e+00
      vertex   -2.301788e+00 8.576435e+01 -4.632493e+00
      vertex   -2.267091e+00 8.550553e+01 -4.688772e+00
    endloop
  endfacet
  facet normal -3.784722e-01 1.479456e-01 -9.137127e-01
    outer loop
      vertex   -2.267091e+00 8.550553e+01 -4.688772e+00
      vertex   -2.301788e+00 8.576435e+01 -4.632493e+00
      vertex   -1.537284e+00 8.550553e+01 -4.991068e+00
    endloop
  endfacet
  facet normal -3.756534e-01 1.560221e-01 -9.135325e-01
    outer loop
      vertex   -1.537284e+00 8.550553e+01 -4.991068e+00
      vertex   -2.301788e+00 8.576435e+01 -4.632493e+00
      vertex   -1.448436e+00 8.576435e+01 -4.983399e+00
    endloop
  endfacet
  facet normal -2.320721e-01 1.083071e-01 -9.666499e-01
    outer loop
      vertex   -1.537284e+00 8.550553e+01 -4.991068e+00
      vertex   -1.448436e+00 8.576435e+01 -4.983399e+00
      vertex   -7.691718e-01 8.550553e+01 -5.175475e+00
    endloop
  endfacet
  facet normal -2.002571e-01 1.880091e-01 -9.615351e-01
    outer loop
      vertex   -7.691718e-01 8.550553e+01 -5.175475e+00
      vertex   -1.448436e+00 8.576435e+01 -4.983399e+00
      vertex   -5.451349e-01 8.576435e+01 -5.171528e+00
    endloop
  endfacet
  facet normal -7.818946e-02 8.283324e-02 -9.934913e-01
    outer loop
      vertex   -7.691718e-01 8.550553e+01 -5.175475e+00
      vertex   -5.451349e-01 8.576435e+01 -5.171528e+00
      vertex   1.833089e-02 8.550553e+01 -5.237453e+00
    endloop
  endfacet
  facet normal -2.009371e-02 2.054814e-01 -9.784547e-01
    outer loop
      vertex   1.833089e-02 8.550553e+01 -5.237453e+00
      vertex   -5.451349e-01 8.576435e+01 -5.171528e+00
      vertex   3.773541e-01 8.576435e+01 -5.190472e+00
    endloop
  endfacet
  facet normal 7.825582e-02 7.193741e-02 -9.943345e-01
    outer loop
      vertex   1.833089e-02 8.550553e+01 -5.237453e+00
      vertex   3.773541e-01 8.576435e+01 -5.190472e+00
      vertex   8.058336e-01 8.550553e+01 -5.175475e+00
    endloop
  endfacet
  facet normal 1.599223e-01 2.088501e-01 -9.647831e-01
    outer loop
      vertex   8.058336e-01 8.550553e+01 -5.175475e+00
      vertex   3.773541e-01 8.576435e+01 -5.190472e+00
      vertex   1.287617e+00 8.576435e+01 -5.039587e+00
    endloop
  endfacet
  facet normal 2.327746e-01 7.575432e-02 -9.695758e-01
    outer loop
      vertex   8.058336e-01 8.550553e+01 -5.175475e+00
      vertex   1.287617e+00 8.576435e+01 -5.039587e+00
      vertex   1.573945e+00 8.550553e+01 -4.991068e+00
    endloop
  endfacet
  facet normal 3.352349e-01 1.982017e-01 -9.210503e-01
    outer loop
      vertex   1.573945e+00 8.550553e+01 -4.991068e+00
      vertex   1.287617e+00 8.576435e+01 -5.039587e+00
      vertex   2.154656e+00 8.576435e+01 -4.724011e+00
    endloop
  endfacet
  facet normal 3.809803e-01 9.423970e-02 -9.197678e-01
    outer loop
      vertex   1.573945e+00 8.550553e+01 -4.991068e+00
      vertex   2.154656e+00 8.576435e+01 -4.724011e+00
      vertex   2.303753e+00 8.550553e+01 -4.688772e+00
    endloop
  endfacet
  facet normal 5.011677e-01 1.732707e-01 -8.478256e-01
    outer loop
      vertex   2.303753e+00 8.550553e+01 -4.688772e+00
      vertex   2.154656e+00 8.576435e+01 -4.724011e+00
      vertex   2.948945e+00 8.576435e+01 -4.254490e+00
    endloop
  endfacet
  facet normal 5.182587e-01 1.271349e-01 -8.457214e-01
    outer loop
      vertex   2.303753e+00 8.550553e+01 -4.688772e+00
      vertex   2.948945e+00 8.576435e+01 -4.254490e+00
      vertex   2.977285e+00 8.550553e+01 -4.276030e+00
    endloop
  endfacet
  facet normal 6.436608e-01 1.332019e-01 -7.536299e-01
    outer loop
      vertex   2.977285e+00 8.550553e+01 -4.276030e+00
      vertex   2.948945e+00 8.576435e+01 -4.254490e+00
      vertex   3.577959e+00 8.550553e+01 -3.763007e+00
    endloop
  endfacet
  facet normal 6.002824e-01 3.816758e-01 -7.028404e-01
    outer loop
      vertex   2.977285e+00 8.550553e+01 -4.276030e+00
      vertex   3.577959e+00 8.550553e+01 -3.763007e+00
      vertex   3.648599e+00 8.526435e+01 -3.833647e+00
    endloop
  endfacet
  facet normal 7.028404e-01 3.816758e-01 -6.002824e-01
    outer loop
      vertex   3.648599e+00 8.526435e+01 -3.833647e+00
      vertex   3.577959e+00 8.550553e+01 -3.763007e+00
      vertex   4.171804e+00 8.526435e+01 -3.221053e+00
    endloop
  endfacet
  facet normal 6.039599e-01 6.075782e-01 -5.158305e-01
    outer loop
      vertex   3.648599e+00 8.526435e+01 -3.833647e+00
      vertex   4.171804e+00 8.526435e+01 -3.221053e+00
      vertex   4.300371e+00 8.505725e+01 -3.314463e+00
    endloop
  endfacet
  facet normal 6.772178e-01 6.075782e-01 -4.149996e-01
    outer loop
      vertex   4.300371e+00 8.505725e+01 -3.314463e+00
      vertex   4.171804e+00 8.526435e+01 -3.221053e+00
      vertex   4.734333e+00 8.505725e+01 -2.606302e+00
    endloop
  endfacet
  facet normal 5.200629e-01 7.924444e-01 -3.186950e-01
    outer loop
      vertex   4.300371e+00 8.505725e+01 -3.314463e+00
      vertex   4.734333e+00 8.505725e+01 -2.606302e+00
      vertex   4.918867e+00 8.489833e+01 -2.700327e+00
    endloop
  endfacet
  facet normal 5.635150e-01 7.924444e-01 -2.334155e-01
    outer loop
      vertex   4.918867e+00 8.489833e+01 -2.700327e+00
      vertex   4.734333e+00 8.505725e+01 -2.606302e+00
      vertex   5.249142e+00 8.489833e+01 -1.902972e+00
    endloop
  endfacet
  facet normal 3.544859e-01 9.234608e-01 -1.468329e-01
    outer loop
      vertex   4.918867e+00 8.489833e+01 -2.700327e+00
      vertex   5.249142e+00 8.489833e+01 -1.902972e+00
      vertex   5.478518e+00 8.479843e+01 -1.977501e+00
    endloop
  endfacet
  facet normal 3.730913e-01 9.234608e-01 -8.957130e-02
    outer loop
      vertex   5.478518e+00 8.479843e+01 -1.977501e+00
      vertex   5.249142e+00 8.489833e+01 -1.902972e+00
      vertex   5.688828e+00 8.479843e+01 -1.101497e+00
    endloop
  endfacet
  facet normal 6.489855e-01 1.683322e-01 -7.419448e-01
    outer loop
      vertex   2.948945e+00 8.576435e+01 -4.254490e+00
      vertex   3.643435e+00 8.576435e+01 -3.647013e+00
      vertex   3.577959e+00 8.550553e+01 -3.763007e+00
    endloop
  endfacet
  facet normal 7.567297e-01 9.821388e-02 -6.463082e-01
    outer loop
      vertex   3.577959e+00 8.550553e+01 -3.763007e+00
      vertex   3.643435e+00 8.576435e+01 -3.647013e+00
      vertex   4.090982e+00 8.550553e+01 -3.162333e+00
    endloop
  endfacet
  facet normal 7.028404e-01 3.816758e-01 -6.002824e-01
    outer loop
      vertex   3.577959e+00 8.550553e+01 -3.763007e+00
      vertex   4.090982e+00 8.550553e+01 -3.162333e+00
      vertex   4.171804e+00 8.526435e+01 -3.221053e+00
    endloop
  endfacet
  facet normal 7.880921e-01 3.816758e-01 -4.829435e-01
    outer loop
      vertex   4.171804e+00 8.526435e+01 -3.221053e+00
      vertex   4.090982e+00 8.550553e+01 -3.162333e+00
      vertex   4.592736e+00 8.526435e+01 -2.534154e+00
    endloop
  endfacet
  facet normal 6.772178e-01 6.075782e-01 -4.149996e-01
    outer loop
      vertex   4.171804e+00 8.526435e+01 -3.221053e+00
      vertex   4.592736e+00 8.526435e+01 -2.534154e+00
      vertex   4.734333e+00 8.505725e+01 -2.606302e+00
    endloop
  endfacet
  facet normal 7.338004e-01 6.075782e-01 -3.039501e-01
    outer loop
      vertex   4.734333e+00 8.505725e+01 -2.606302e+00
      vertex   4.592736e+00 8.526435e+01 -2.534154e+00
      vertex   5.052171e+00 8.505725e+01 -1.838973e+00
    endloop
  endfacet
  facet normal 5.635150e-01 7.924444e-01 -2.334155e-01
    outer loop
      vertex   4.734333e+00 8.505725e+01 -2.606302e+00
      vertex   5.052171e+00 8.505725e+01 -1.838973e+00
      vertex   5.249142e+00 8.489833e+01 -1.902972e+00
    endloop
  endfacet
  facet normal 5.930914e-01 7.924444e-01 -1.423886e-01
    outer loop
      vertex   5.249142e+00 8.489833e+01 -1.902972e+00
      vertex   5.052171e+00 8.505725e+01 -1.838973e+00
      vertex   5.450617e+00 8.489833e+01 -1.063768e+00
    endloop
  endfacet
  facet normal 3.730913e-01 9.234608e-01 -8.957130e-02
    outer loop
      vertex   5.249142e+00 8.489833e+01 -1.902972e+00
      vertex   5.450617e+00 8.489833e+01 -1.063768e+00
      vertex   5.688828e+00 8.479843e+01 -1.101497e+00
    endloop
  endfacet
  facet normal 7.703316e-01 1.954200e-01 -6.069599e-01
    outer loop
      vertex   3.643435e+00 8.576435e+01 -3.647013e+00
      vertex   4.214477e+00 8.576435e+01 -2.922267e+00
      vertex   4.090982e+00 8.550553e+01 -3.162333e+00
    endloop
  endfacet
  facet normal 8.500710e-01 7.757065e-02 -5.209242e-01
    outer loop
      vertex   4.090982e+00 8.550553e+01 -3.162333e+00
      vertex   4.214477e+00 8.576435e+01 -2.922267e+00
      vertex   4.503724e+00 8.550553e+01 -2.488801e+00
    endloop
  endfacet
  facet normal 7.880921e-01 3.816758e-01 -4.829435e-01
    outer loop
      vertex   4.090982e+00 8.550553e+01 -3.162333e+00
      vertex   4.503724e+00 8.550553e+01 -2.488801e+00
      vertex   4.592736e+00 8.526435e+01 -2.534154e+00
    endloop
  endfacet
  facet normal 8.539384e-01 3.816758e-01 -3.537129e-01
    outer loop
      vertex   4.592736e+00 8.526435e+01 -2.534154e+00
      vertex   4.503724e+00 8.550553e+01 -2.488801e+00
      vertex   4.901031e+00 8.526435e+01 -1.789864e+00
    endloop
  endfacet
  facet normal 7.338004e-01 6.075782e-01 -3.039501e-01
    outer loop
      vertex   4.592736e+00 8.526435e+01 -2.534154e+00
      vertex   4.901031e+00 8.526435e+01 -1.789864e+00
      vertex   5.052171e+00 8.505725e+01 -1.838973e+00
    endloop
  endfacet
  facet normal 7.723144e-01 6.075782e-01 -1.854163e-01
    outer loop
      vertex   5.052171e+00 8.505725e+01 -1.838973e+00
      vertex   4.901031e+00 8.526435e+01 -1.789864e+00
      vertex   5.246060e+00 8.505725e+01 -1.031370e+00
    endloop
  endfacet
  facet normal 5.930914e-01 7.924444e-01 -1.423886e-01
    outer loop
      vertex   5.052171e+00 8.505725e+01 -1.838973e+00
      vertex   5.246060e+00 8.505725e+01 -1.031370e+00
      vertex   5.450617e+00 8.489833e+01 -1.063768e+00
    endloop
  endfacet
  facet normal 8.664187e-01 2.081597e-01 -4.538592e-01
    outer loop
      vertex   4.214477e+00 8.576435e+01 -2.922267e+00
      vertex   4.642624e+00 8.576435e+01 -2.104933e+00
      vertex   4.503724e+00 8.550553e+01 -2.488801e+00
    endloop
  endfacet
  facet normal 9.215101e-01 7.157371e-02 -3.817020e-01
    outer loop
      vertex   4.503724e+00 8.550553e+01 -2.488801e+00
      vertex   4.642624e+00 8.576435e+01 -2.104933e+00
      vertex   4.806020e+00 8.550553e+01 -1.758993e+00
    endloop
  endfacet
  facet normal 8.539384e-01 3.816758e-01 -3.537129e-01
    outer loop
      vertex   4.503724e+00 8.550553e+01 -2.488801e+00
      vertex   4.806020e+00 8.550553e+01 -1.758993e+00
      vertex   4.901031e+00 8.526435e+01 -1.789864e+00
    endloop
  endfacet
  facet normal 8.987579e-01 3.816758e-01 -2.157727e-01
    outer loop
      vertex   4.901031e+00 8.526435e+01 -1.789864e+00
      vertex   4.806020e+00 8.550553e+01 -1.758993e+00
      vertex   5.089098e+00 8.526435e+01 -1.006509e+00
    endloop
  endfacet
  facet normal 7.723144e-01 6.075782e-01 -1.854163e-01
    outer loop
      vertex   4.901031e+00 8.526435e+01 -1.789864e+00
      vertex   5.089098e+00 8.526435e+01 -1.006509e+00
      vertex   5.246060e+00 8.505725e+01 -1.031370e+00
    endloop
  endfacet
  facet normal 9.353254e-01 2.068643e-01 -2.870080e-01
    outer loop
      vertex   4.642624e+00 8.576435e+01 -2.104933e+00
      vertex   4.913297e+00 8.576435e+01 -1.222844e+00
      vertex   4.806020e+00 8.550553e+01 -1.758993e+00
    endloop
  endfacet
  facet normal 9.692304e-01 8.029358e-02 -2.326916e-01
    outer loop
      vertex   4.806020e+00 8.550553e+01 -1.758993e+00
      vertex   4.913297e+00 8.576435e+01 -1.222844e+00
      vertex   4.990427e+00 8.550553e+01 -9.908815e-01
    endloop
  endfacet
  facet normal 8.987579e-01 3.816758e-01 -2.157727e-01
    outer loop
      vertex   4.806020e+00 8.550553e+01 -1.758993e+00
      vertex   4.990427e+00 8.550553e+01 -9.908815e-01
      vertex   5.089098e+00 8.526435e+01 -1.006509e+00
    endloop
  endfacet
  facet normal 9.752402e-01 1.915005e-01 -1.106075e-01
    outer loop
      vertex   4.913297e+00 8.576435e+01 -1.222844e+00
      vertex   5.017277e+00 8.576435e+01 -3.060380e-01
      vertex   4.990427e+00 8.550553e+01 -9.908815e-01
    endloop
  endfacet
  facet normal 1.333054e-01 9.904189e-01 3.605627e-02
    outer loop
      vertex   5.922197e+00 8.476435e+01 8.663713e-01
      vertex   5.478518e+00 8.479843e+01 1.570744e+00
      vertex   5.656487e+00 8.476435e+01 1.848742e+00
    endloop
  endfacet
  facet normal 1.153375e-01 9.921768e-01 4.777437e-02
    outer loop
      vertex   5.656487e+00 8.476435e+01 1.848742e+00
      vertex   5.478518e+00 8.479843e+01 1.570744e+00
      vertex   5.133761e+00 8.479843e+01 2.403063e+00
    endloop
  endfacet
  facet normal 1.269191e-01 9.901676e-01 5.881929e-02
    outer loop
      vertex   5.656487e+00 8.476435e+01 1.848742e+00
      vertex   5.133761e+00 8.479843e+01 2.403063e+00
      vertex   5.228577e+00 8.476435e+01 2.772077e+00
    endloop
  endfacet
  facet normal 1.053536e-01 9.923369e-01 6.456074e-02
    outer loop
      vertex   5.228577e+00 8.476435e+01 2.772077e+00
      vertex   5.133761e+00 8.479843e+01 2.403063e+00
      vertex   4.663044e+00 8.479843e+01 3.171203e+00
    endloop
  endfacet
  facet normal 1.162200e-01 9.899836e-01 8.015862e-02
    outer loop
      vertex   5.228577e+00 8.476435e+01 2.772077e+00
      vertex   4.663044e+00 8.479843e+01 3.171203e+00
      vertex   4.650778e+00 8.476435e+01 3.609814e+00
    endloop
  endfacet
  facet normal 9.332749e-02 9.924396e-01 7.970920e-02
    outer loop
      vertex   4.650778e+00 8.476435e+01 3.609814e+00
      vertex   4.663044e+00 8.479843e+01 3.171203e+00
      vertex   4.077959e+00 8.479843e+01 3.856249e+00
    endloop
  endfacet
  facet normal 1.015545e-01 9.898730e-01 9.918709e-02
    outer loop
      vertex   4.650778e+00 8.476435e+01 3.609814e+00
      vertex   4.077959e+00 8.479843e+01 3.856249e+00
      vertex   3.939711e+00 8.476435e+01 4.337852e+00
    endloop
  endfacet
  facet normal 7.945325e-02 9.924883e-01 9.302781e-02
    outer loop
      vertex   3.939711e+00 8.476435e+01 4.337852e+00
      vertex   4.077959e+00 8.479843e+01 3.856249e+00
      vertex   3.392912e+00 8.479843e+01 4.441334e+00
    endloop
  endfacet
  facet normal 8.346756e-02 9.898396e-01 1.151115e-01
    outer loop
      vertex   3.939711e+00 8.476435e+01 4.337852e+00
      vertex   3.392912e+00 8.479843e+01 4.441334e+00
      vertex   3.115834e+00 8.476435e+01 4.935247e+00
    endloop
  endfacet
  facet normal 6.393872e-02 9.924844e-01 1.043385e-01
    outer loop
      vertex   3.115834e+00 8.476435e+01 4.935247e+00
      vertex   3.392912e+00 8.479843e+01 4.441334e+00
      vertex   2.624772e+00 8.479843e+01 4.912051e+00
    endloop
  endfacet
  facet normal 6.267462e-02 9.898846e-01 1.272807e-01
    outer loop
      vertex   3.115834e+00 8.476435e+01 4.935247e+00
      vertex   2.624772e+00 8.479843e+01 4.912051e+00
      vertex   2.202848e+00 8.476435e+01 5.384813e+00
    endloop
  endfacet
  facet normal 4.700452e-02 9.924279e-01 1.134789e-01
    outer loop
      vertex   2.202848e+00 8.476435e+01 5.384813e+00
      vertex   2.624772e+00 8.479843e+01 4.912051e+00
      vertex   1.792453e+00 8.479843e+01 5.256809e+00
    endloop
  endfacet
  facet normal 4.002076e-02 9.900063e-01 1.352249e-01
    outer loop
      vertex   2.202848e+00 8.476435e+01 5.384813e+00
      vertex   1.792453e+00 8.479843e+01 5.256809e+00
      vertex   1.227016e+00 8.476435e+01 5.673617e+00
    endloop
  endfacet
  facet normal 2.888233e-02 9.923169e-01 1.203036e-01
    outer loop
      vertex   1.227016e+00 8.476435e+01 5.673617e+00
      vertex   1.792453e+00 8.479843e+01 5.256809e+00
      vertex   9.164495e-01 8.479843e+01 5.467119e+00
    endloop
  endfacet
  facet normal 1.643061e-02 9.902007e-01 1.386814e-01
    outer loop
      vertex   1.227016e+00 8.476435e+01 5.673617e+00
      vertex   9.164495e-01 8.479843e+01 5.467119e+00
      vertex   2.164133e-01 8.476435e+01 5.793351e+00
    endloop
  endfacet
  facet normal 9.812864e-03 9.921479e-01 1.246843e-01
    outer loop
      vertex   2.164133e-01 8.476435e+01 5.793351e+00
      vertex   9.164495e-01 8.479843e+01 5.467119e+00
      vertex   1.833089e-02 8.479843e+01 5.537802e+00
    endloop
  endfacet
  facet normal -7.146487e-03 9.904614e-01 1.376050e-01
    outer loop
      vertex   2.164133e-01 8.476435e+01 5.793351e+00
      vertex   1.833089e-02 8.479843e+01 5.537802e+00
      vertex   -7.998881e-01 8.476435e+01 5.740569e+00
    endloop
  endfacet
  facet normal -9.956552e-03 9.919154e-01 1.265100e-01
    outer loop
      vertex   -7.998881e-01 8.476435e+01 5.740569e+00
      vertex   1.833089e-02 8.479843e+01 5.537802e+00
      vertex   -8.797877e-01 8.479843e+01 5.467119e+00
    endloop
  endfacet
  facet normal -2.979099e-02 9.907801e-01 1.321640e-01
    outer loop
      vertex   -7.998881e-01 8.476435e+01 5.740569e+00
      vertex   -8.797877e-01 8.479843e+01 5.467119e+00
      vertex   -1.792651e+00 8.476435e+01 5.516791e+00
    endloop
  endfacet
  facet normal 1.231000e-01 9.919541e-01 2.955369e-02
    outer loop
      vertex   5.478518e+00 8.479843e+01 1.570744e+00
      vertex   5.922197e+00 8.476435e+01 8.663713e-01
      vertex   5.688828e+00 8.479843e+01 6.947398e-01
    endloop
  endfacet
  facet normal 1.352447e-01 9.907296e-01 1.279727e-02
    outer loop
      vertex   5.688828e+00 8.479843e+01 6.947398e-01
      vertex   5.922197e+00 8.476435e+01 8.663713e-01
      vertex   6.018064e+00 8.476435e+01 -1.467743e-01
    endloop
  endfacet
  facet normal -8.501519e-02 9.913871e-01 -9.961926e-02
    outer loop
      vertex   -3.352598e+00 8.479843e+01 -4.850743e+00
      vertex   -3.503800e+00 8.476435e+01 -5.060806e+00
      vertex   -4.041297e+00 8.479843e+01 -4.263007e+00
    endloop
  endfacet
  facet normal -8.738976e-02 9.910201e-01 -1.012034e-01
    outer loop
      vertex   -4.041297e+00 8.479843e+01 -4.263007e+00
      vertex   -3.503800e+00 8.476435e+01 -5.060806e+00
      vertex   -4.274046e+00 8.476435e+01 -4.395693e+00
    endloop
  endfacet
  facet normal -9.764411e-02 9.917211e-01 -8.339595e-02
    outer loop
      vertex   -4.041297e+00 8.479843e+01 -4.263007e+00
      vertex   -4.274046e+00 8.476435e+01 -4.395693e+00
      vertex   -4.626382e+00 8.479843e+01 -3.577960e+00
    endloop
  endfacet
  facet normal -1.052317e-01 9.906680e-01 -8.662131e-02
    outer loop
      vertex   -4.626382e+00 8.479843e+01 -3.577960e+00
      vertex   -4.274046e+00 8.476435e+01 -4.395693e+00
      vertex   -4.920809e+00 8.476435e+01 -3.609975e+00
    endloop
  endfacet
  facet normal -1.076328e-01 9.920004e-01 -6.595746e-02
    outer loop
      vertex   -4.626382e+00 8.479843e+01 -3.577960e+00
      vertex   -4.920809e+00 8.476435e+01 -3.609975e+00
      vertex   -5.097099e+00 8.479843e+01 -2.809820e+00
    endloop
  endfacet
  facet normal -1.202376e-01 9.903676e-01 -6.866502e-02
    outer loop
      vertex   -5.097099e+00 8.479843e+01 -2.809820e+00
      vertex   -4.920809e+00 8.476435e+01 -3.609975e+00
      vertex   -5.425481e+00 8.476435e+01 -2.726256e+00
    endloop
  endfacet
  facet normal -1.150863e-01 9.922110e-01 -4.767029e-02
    outer loop
      vertex   -5.097099e+00 8.479843e+01 -2.809820e+00
      vertex   -5.425481e+00 8.476435e+01 -2.726256e+00
      vertex   -5.441857e+00 8.479843e+01 -1.977501e+00
    endloop
  endfacet
  facet normal -1.317116e-01 9.901282e-01 -4.793911e-02
    outer loop
      vertex   -5.441857e+00 8.479843e+01 -1.977501e+00
      vertex   -5.425481e+00 8.476435e+01 -2.726256e+00
      vertex   -5.773545e+00 8.476435e+01 -1.769958e+00
    endloop
  endfacet
  facet normal -1.199660e-01 9.923601e-01 -2.880130e-02
    outer loop
      vertex   -5.441857e+00 8.479843e+01 -1.977501e+00
      vertex   -5.773545e+00 8.476435e+01 -1.769958e+00
      vertex   -5.652167e+00 8.479843e+01 -1.101497e+00
    endloop
  endfacet
  facet normal -1.391008e-01 9.899574e-01 -2.520434e-02
    outer loop
      vertex   -5.652167e+00 8.479843e+01 -1.101497e+00
      vertex   -5.773545e+00 8.476435e+01 -1.769958e+00
      vertex   -5.954988e+00 8.476435e+01 -7.685922e-01
    endloop
  endfacet
  facet normal -1.222504e-01 9.924527e-01 -9.621315e-03
    outer loop
      vertex   -5.652167e+00 8.479843e+01 -1.101497e+00
      vertex   -5.954988e+00 8.476435e+01 -7.685922e-01
      vertex   -5.722850e+00 8.479843e+01 -2.033788e-01
    endloop
  endfacet
  facet normal -1.420335e-01 9.898609e-01 -1.340014e-03
    outer loop
      vertex   -5.722850e+00 8.479843e+01 -2.033788e-01
      vertex   -5.954988e+00 8.476435e+01 -7.685922e-01
      vertex   -5.964588e+00 8.476435e+01 2.490336e-01
    endloop
  endfacet
  facet normal -1.219364e-01 9.924915e-01 9.596605e-03
    outer loop
      vertex   -5.722850e+00 8.479843e+01 -2.033788e-01
      vertex   -5.964588e+00 8.476435e+01 2.490336e-01
      vertex   -5.652167e+00 8.479843e+01 6.947398e-01
    endloop
  endfacet
  facet normal -1.403467e-01 9.898421e-01 2.270404e-02
    outer loop
      vertex   -5.652167e+00 8.479843e+01 6.947398e-01
      vertex   -5.964588e+00 8.476435e+01 2.490336e-01
      vertex   -5.802071e+00 8.476435e+01 1.253644e+00
    endloop
  endfacet
  facet normal -1.190410e-01 9.924779e-01 2.857920e-02
    outer loop
      vertex   -5.652167e+00 8.479843e+01 6.947398e-01
      vertex   -5.802071e+00 8.476435e+01 1.253644e+00
      vertex   -5.441857e+00 8.479843e+01 1.570744e+00
    endloop
  endfacet
  facet normal -1.340994e-01 9.899014e-01 4.596195e-02
    outer loop
      vertex   -5.441857e+00 8.479843e+01 1.570744e+00
      vertex   -5.802071e+00 8.476435e+01 1.253644e+00
      vertex   -5.472112e+00 8.476435e+01 2.216339e+00
    endloop
  endfacet
  facet normal -1.136010e-01 9.924115e-01 4.705508e-02
    outer loop
      vertex   -5.441857e+00 8.479843e+01 1.570744e+00
      vertex   -5.472112e+00 8.476435e+01 2.216339e+00
      vertex   -5.097099e+00 8.479843e+01 2.403063e+00
    endloop
  endfacet
  facet normal -1.235691e-01 9.900370e-01 6.750826e-02
    outer loop
      vertex   -5.097099e+00 8.479843e+01 2.403063e+00
      vertex   -5.472112e+00 8.476435e+01 2.216339e+00
      vertex   -4.984203e+00 8.476435e+01 3.109423e+00
    endloop
  endfacet
  facet normal -1.056733e-01 9.922901e-01 6.475670e-02
    outer loop
      vertex   -5.097099e+00 8.479843e+01 2.403063e+00
      vertex   -4.984203e+00 8.476435e+01 3.109423e+00
      vertex   -4.626382e+00 8.479843e+01 3.171203e+00
    endloop
  endfacet
  facet normal -1.092345e-01 9.902442e-01 8.651111e-02
    outer loop
      vertex   -4.626382e+00 8.479843e+01 3.171203e+00
      vertex   -4.984203e+00 8.476435e+01 3.109423e+00
      vertex   -4.352380e+00 8.476435e+01 3.907204e+00
    endloop
  endfacet
  facet normal -9.533317e-02 9.921099e-01 8.142222e-02
    outer loop
      vertex   -4.626382e+00 8.479843e+01 3.171203e+00
      vertex   -4.352380e+00 8.476435e+01 3.907204e+00
      vertex   -4.041297e+00 8.479843e+01 3.856249e+00
    endloop
  endfacet
  facet normal -9.174252e-02 9.905163e-01 1.022778e-01
    outer loop
      vertex   -4.041297e+00 8.479843e+01 3.856249e+00
      vertex   -4.352380e+00 8.476435e+01 3.907204e+00
      vertex   -3.594819e+00 8.476435e+01 4.586730e+00
    endloop
  endfacet
  facet normal -8.267244e-02 9.918647e-01 9.679699e-02
    outer loop
      vertex   -4.041297e+00 8.479843e+01 3.856249e+00
      vertex   -3.594819e+00 8.476435e+01 4.586730e+00
      vertex   -3.356251e+00 8.479843e+01 4.441334e+00
    endloop
  endfacet
  facet normal -7.186624e-02 9.908447e-01 1.142890e-01
    outer loop
      vertex   -3.356251e+00 8.479843e+01 4.441334e+00
      vertex   -3.594819e+00 8.476435e+01 4.586730e+00
      vertex   -2.733315e+00 8.476435e+01 5.128454e+00
    endloop
  endfacet
  facet normal 3.010419e-02 9.234608e-01 3.825100e-01
    outer loop
      vertex   1.833089e-02 8.489833e+01 5.296621e+00
      vertex   1.833089e-02 8.479843e+01 5.537802e+00
      vertex   8.787204e-01 8.489833e+01 5.228907e+00
    endloop
  endfacet
  facet normal 3.010419e-02 9.234608e-01 3.825100e-01
    outer loop
      vertex   8.787204e-01 8.489833e+01 5.228907e+00
      vertex   1.833089e-02 8.479843e+01 5.537802e+00
      vertex   9.164495e-01 8.479843e+01 5.467119e+00
    endloop
  endfacet
  facet normal 8.957130e-02 9.234608e-01 3.730913e-01
    outer loop
      vertex   8.787204e-01 8.489833e+01 5.228907e+00
      vertex   9.164495e-01 8.479843e+01 5.467119e+00
      vertex   1.717924e+00 8.489833e+01 5.027432e+00
    endloop
  endfacet
  facet normal 8.957130e-02 9.234608e-01 3.730913e-01
    outer loop
      vertex   1.717924e+00 8.489833e+01 5.027432e+00
      vertex   9.164495e-01 8.479843e+01 5.467119e+00
      vertex   1.792453e+00 8.479843e+01 5.256809e+00
    endloop
  endfacet
  facet normal 1.468329e-01 9.234608e-01 3.544859e-01
    outer loop
      vertex   1.717924e+00 8.489833e+01 5.027432e+00
      vertex   1.792453e+00 8.479843e+01 5.256809e+00
      vertex   2.515279e+00 8.489833e+01 4.697157e+00
    endloop
  endfacet
  facet normal 1.468329e-01 9.234608e-01 3.544859e-01
    outer loop
      vertex   2.515279e+00 8.489833e+01 4.697157e+00
      vertex   1.792453e+00 8.479843e+01 5.256809e+00
      vertex   2.624772e+00 8.479843e+01 4.912051e+00
    endloop
  endfacet
  facet normal 2.004789e-01 9.234608e-01 3.271519e-01
    outer loop
      vertex   2.515279e+00 8.489833e+01 4.697157e+00
      vertex   2.624772e+00 8.479843e+01 4.912051e+00
      vertex   3.251150e+00 8.489833e+01 4.246215e+00
    endloop
  endfacet
  facet normal 2.004789e-01 9.234608e-01 3.271519e-01
    outer loop
      vertex   3.251150e+00 8.489833e+01 4.246215e+00
      vertex   2.624772e+00 8.479843e+01 4.912051e+00
      vertex   3.392912e+00 8.479843e+01 4.441334e+00
    endloop
  endfacet
  facet normal 2.491885e-01 9.234608e-01 2.917623e-01
    outer loop
      vertex   3.251150e+00 8.489833e+01 4.246215e+00
      vertex   3.392912e+00 8.479843e+01 4.441334e+00
      vertex   3.907418e+00 8.489833e+01 3.685709e+00
    endloop
  endfacet
  facet normal 2.491885e-01 9.234608e-01 2.917623e-01
    outer loop
      vertex   3.907418e+00 8.489833e+01 3.685709e+00
      vertex   3.392912e+00 8.479843e+01 4.441334e+00
      vertex   4.077959e+00 8.479843e+01 3.856249e+00
    endloop
  endfacet
  facet normal 2.917623e-01 9.234608e-01 2.491885e-01
    outer loop
      vertex   3.907418e+00 8.489833e+01 3.685709e+00
      vertex   4.077959e+00 8.479843e+01 3.856249e+00
      vertex   4.467924e+00 8.489833e+01 3.029440e+00
    endloop
  endfacet
  facet normal 2.917623e-01 9.234608e-01 2.491885e-01
    outer loop
      vertex   4.467924e+00 8.489833e+01 3.029440e+00
      vertex   4.077959e+00 8.479843e+01 3.856249e+00
      vertex   4.663044e+00 8.479843e+01 3.171203e+00
    endloop
  endfacet
  facet normal 3.271519e-01 9.234608e-01 2.004789e-01
    outer loop
      vertex   4.467924e+00 8.489833e+01 3.029440e+00
      vertex   4.663044e+00 8.479843e+01 3.171203e+00
      vertex   4.918867e+00 8.489833e+01 2.293569e+00
    endloop
  endfacet
  facet normal 3.271519e-01 9.234608e-01 2.004789e-01
    outer loop
      vertex   4.918867e+00 8.489833e+01 2.293569e+00
      vertex   4.663044e+00 8.479843e+01 3.171203e+00
      vertex   5.133761e+00 8.479843e+01 2.403063e+00
    endloop
  endfacet
  facet normal 3.544859e-01 9.234608e-01 1.468329e-01
    outer loop
      vertex   4.918867e+00 8.489833e+01 2.293569e+00
      vertex   5.133761e+00 8.479843e+01 2.403063e+00
      vertex   5.249142e+00 8.489833e+01 1.496215e+00
    endloop
  endfacet
  facet normal 3.544859e-01 9.234608e-01 1.468329e-01
    outer loop
      vertex   5.249142e+00 8.489833e+01 1.496215e+00
      vertex   5.133761e+00 8.479843e+01 2.403063e+00
      vertex   5.478518e+00 8.479843e+01 1.570744e+00
    endloop
  endfacet
  facet normal 3.730913e-01 9.234608e-01 8.957130e-02
    outer loop
      vertex   5.249142e+00 8.489833e+01 1.496215e+00
      vertex   5.478518e+00 8.479843e+01 1.570744e+00
      vertex   5.450617e+00 8.489833e+01 6.570108e-01
    endloop
  endfacet
  facet normal 3.730913e-01 9.234608e-01 8.957130e-02
    outer loop
      vertex   5.450617e+00 8.489833e+01 6.570108e-01
      vertex   5.478518e+00 8.479843e+01 1.570744e+00
      vertex   5.688828e+00 8.479843e+01 6.947398e-01
    endloop
  endfacet
  facet normal -3.010419e-02 9.234608e-01 3.825100e-01
    outer loop
      vertex   1.833089e-02 8.479843e+01 5.537802e+00
      vertex   1.833089e-02 8.489833e+01 5.296621e+00
      vertex   -8.797877e-01 8.479843e+01 5.467119e+00
    endloop
  endfacet
  facet normal 8.539384e-01 3.816758e-01 3.537129e-01
    outer loop
      vertex   4.503724e+00 8.550553e+01 2.082043e+00
      vertex   4.592736e+00 8.526435e+01 2.127397e+00
      vertex   4.806020e+00 8.550553e+01 1.352236e+00
    endloop
  endfacet
  facet normal 8.539384e-01 3.816758e-01 3.537129e-01
    outer loop
      vertex   4.806020e+00 8.550553e+01 1.352236e+00
      vertex   4.592736e+00 8.526435e+01 2.127397e+00
      vertex   4.901031e+00 8.526435e+01 1.383107e+00
    endloop
  endfacet
  facet normal 8.987579e-01 3.816758e-01 2.157727e-01
    outer loop
      vertex   4.806020e+00 8.550553e+01 1.352236e+00
      vertex   4.901031e+00 8.526435e+01 1.383107e+00
      vertex   4.990427e+00 8.550553e+01 5.841239e-01
    endloop
  endfacet
  facet normal 8.987579e-01 3.816758e-01 2.157727e-01
    outer loop
      vertex   4.990427e+00 8.550553e+01 5.841239e-01
      vertex   4.901031e+00 8.526435e+01 1.383107e+00
      vertex   5.089098e+00 8.526435e+01 5.997518e-01
    endloop
  endfacet
  facet normal 7.338004e-01 6.075782e-01 3.039501e-01
    outer loop
      vertex   4.592736e+00 8.526435e+01 2.127397e+00
      vertex   4.734333e+00 8.505725e+01 2.199544e+00
      vertex   4.901031e+00 8.526435e+01 1.383107e+00
    endloop
  endfacet
  facet normal 7.338004e-01 6.075782e-01 3.039501e-01
    outer loop
      vertex   4.901031e+00 8.526435e+01 1.383107e+00
      vertex   4.734333e+00 8.505725e+01 2.199544e+00
      vertex   5.052171e+00 8.505725e+01 1.432215e+00
    endloop
  endfacet
  facet normal 7.723144e-01 6.075782e-01 1.854163e-01
    outer loop
      vertex   4.901031e+00 8.526435e+01 1.383107e+00
      vertex   5.052171e+00 8.505725e+01 1.432215e+00
      vertex   5.089098e+00 8.526435e+01 5.997518e-01
    endloop
  endfacet
  facet normal 7.723144e-01 6.075782e-01 1.854163e-01
    outer loop
      vertex   5.089098e+00 8.526435e+01 5.997518e-01
      vertex   5.052171e+00 8.505725e+01 1.432215e+00
      vertex   5.246060e+00 8.505725e+01 6.246122e-01
    endloop
  endfacet
  facet normal 7.880921e-01 3.816758e-01 4.829435e-01
    outer loop
      vertex   4.592736e+00 8.526435e+01 2.127397e+00
      vertex   4.503724e+00 8.550553e+01 2.082043e+00
      vertex   4.171804e+00 8.526435e+01 2.814296e+00
    endloop
  endfacet
  facet normal 7.880921e-01 3.816758e-01 4.829435e-01
    outer loop
      vertex   4.171804e+00 8.526435e+01 2.814296e+00
      vertex   4.503724e+00 8.550553e+01 2.082043e+00
      vertex   4.090982e+00 8.550553e+01 2.755576e+00
    endloop
  endfacet
  facet normal 7.028404e-01 3.816758e-01 6.002824e-01
    outer loop
      vertex   4.171804e+00 8.526435e+01 2.814296e+00
      vertex   4.090982e+00 8.550553e+01 2.755576e+00
      vertex   3.648599e+00 8.526435e+01 3.426889e+00
    endloop
  endfacet
  facet normal 7.028404e-01 3.816758e-01 6.002824e-01
    outer loop
      vertex   3.648599e+00 8.526435e+01 3.426889e+00
      vertex   4.090982e+00 8.550553e+01 2.755576e+00
      vertex   3.577959e+00 8.550553e+01 3.356249e+00
    endloop
  endfacet
  facet normal 6.002824e-01 3.816758e-01 7.028404e-01
    outer loop
      vertex   3.648599e+00 8.526435e+01 3.426889e+00
      vertex   3.577959e+00 8.550553e+01 3.356249e+00
      vertex   3.036005e+00 8.526435e+01 3.950094e+00
    endloop
  endfacet
  facet normal 6.002824e-01 3.816758e-01 7.028404e-01
    outer loop
      vertex   3.036005e+00 8.526435e+01 3.950094e+00
      vertex   3.577959e+00 8.550553e+01 3.356249e+00
      vertex   2.977285e+00 8.550553e+01 3.869273e+00
    endloop
  endfacet
  facet normal 4.829435e-01 3.816758e-01 7.880921e-01
    outer loop
      vertex   3.036005e+00 8.526435e+01 3.950094e+00
      vertex   2.977285e+00 8.550553e+01 3.869273e+00
      vertex   2.349107e+00 8.526435e+01 4.371026e+00
    endloop
  endfacet
  facet normal 4.829435e-01 3.816758e-01 7.880921e-01
    outer loop
      vertex   2.349107e+00 8.526435e+01 4.371026e+00
      vertex   2.977285e+00 8.550553e+01 3.869273e+00
      vertex   2.303753e+00 8.550553e+01 4.282014e+00
    endloop
  endfacet
  facet normal 3.537129e-01 3.816758e-01 8.539384e-01
    outer loop
      vertex   2.349107e+00 8.526435e+01 4.371026e+00
      vertex   2.303753e+00 8.550553e+01 4.282014e+00
      vertex   1.604816e+00 8.526435e+01 4.679321e+00
    endloop
  endfacet
  facet normal 5.635150e-01 7.924444e-01 2.334155e-01
    outer loop
      vertex   4.734333e+00 8.505725e+01 2.199544e+00
      vertex   4.918867e+00 8.489833e+01 2.293569e+00
      vertex   5.052171e+00 8.505725e+01 1.432215e+00
    endloop
  endfacet
  facet normal 5.635150e-01 7.924444e-01 2.334155e-01
    outer loop
      vertex   5.052171e+00 8.505725e+01 1.432215e+00
      vertex   4.918867e+00 8.489833e+01 2.293569e+00
      vertex   5.249142e+00 8.489833e+01 1.496215e+00
    endloop
  endfacet
  facet normal 5.930914e-01 7.924444e-01 1.423886e-01
    outer loop
      vertex   5.052171e+00 8.505725e+01 1.432215e+00
      vertex   5.249142e+00 8.489833e+01 1.496215e+00
      vertex   5.246060e+00 8.505725e+01 6.246122e-01
    endloop
  endfacet
  facet normal 5.930914e-01 7.924444e-01 1.423886e-01
    outer loop
      vertex   5.246060e+00 8.505725e+01 6.246122e-01
      vertex   5.249142e+00 8.489833e+01 1.496215e+00
      vertex   5.450617e+00 8.489833e+01 6.570108e-01
    endloop
  endfacet
  facet normal 6.772178e-01 6.075782e-01 4.149996e-01
    outer loop
      vertex   4.734333e+00 8.505725e+01 2.199544e+00
      vertex   4.592736e+00 8.526435e+01 2.127397e+00
      vertex   4.300371e+00 8.505725e+01 2.907706e+00
    endloop
  endfacet
  facet normal 6.772178e-01 6.075782e-01 4.149996e-01
    outer loop
      vertex   4.300371e+00 8.505725e+01 2.907706e+00
      vertex   4.592736e+00 8.526435e+01 2.127397e+00
      vertex   4.171804e+00 8.526435e+01 2.814296e+00
    endloop
  endfacet
  facet normal 6.039599e-01 6.075782e-01 5.158305e-01
    outer loop
      vertex   4.300371e+00 8.505725e+01 2.907706e+00
      vertex   4.171804e+00 8.526435e+01 2.814296e+00
      vertex   3.760972e+00 8.505725e+01 3.539262e+00
    endloop
  endfacet
  facet normal 6.039599e-01 6.075782e-01 5.158305e-01
    outer loop
      vertex   3.760972e+00 8.505725e+01 3.539262e+00
      vertex   4.171804e+00 8.526435e+01 2.814296e+00
      vertex   3.648599e+00 8.526435e+01 3.426889e+00
    endloop
  endfacet
  facet normal 5.158305e-01 6.075782e-01 6.039599e-01
    outer loop
      vertex   3.760972e+00 8.505725e+01 3.539262e+00
      vertex   3.648599e+00 8.526435e+01 3.426889e+00
      vertex   3.129415e+00 8.505725e+01 4.078662e+00
    endloop
  endfacet
  facet normal 5.158305e-01 6.075782e-01 6.039599e-01
    outer loop
      vertex   3.129415e+00 8.505725e+01 4.078662e+00
      vertex   3.648599e+00 8.526435e+01 3.426889e+00
      vertex   3.036005e+00 8.526435e+01 3.950094e+00
    endloop
  endfacet
  facet normal 4.149996e-01 6.075782e-01 6.772178e-01
    outer loop
      vertex   3.129415e+00 8.505725e+01 4.078662e+00
      vertex   3.036005e+00 8.526435e+01 3.950094e+00
      vertex   2.421254e+00 8.505725e+01 4.512624e+00
    endloop
  endfacet
  facet normal 4.149996e-01 6.075782e-01 6.772178e-01
    outer loop
      vertex   2.421254e+00 8.505725e+01 4.512624e+00
      vertex   3.036005e+00 8.526435e+01 3.950094e+00
      vertex   2.349107e+00 8.526435e+01 4.371026e+00
    endloop
  endfacet
  facet normal 3.039501e-01 6.075782e-01 7.338004e-01
    outer loop
      vertex   2.421254e+00 8.505725e+01 4.512624e+00
      vertex   2.349107e+00 8.526435e+01 4.371026e+00
      vertex   1.653925e+00 8.505725e+01 4.830462e+00
    endloop
  endfacet
  facet normal 3.039501e-01 6.075782e-01 7.338004e-01
    outer loop
      vertex   1.653925e+00 8.505725e+01 4.830462e+00
      vertex   2.349107e+00 8.526435e+01 4.371026e+00
      vertex   1.604816e+00 8.526435e+01 4.679321e+00
    endloop
  endfacet
  facet normal 1.854163e-01 6.075782e-01 7.723144e-01
    outer loop
      vertex   1.653925e+00 8.505725e+01 4.830462e+00
      vertex   1.604816e+00 8.526435e+01 4.679321e+00
      vertex   8.463218e-01 8.505725e+01 5.024350e+00
    endloop
  endfacet
  facet normal 5.200629e-01 7.924444e-01 3.186950e-01
    outer loop
      vertex   4.918867e+00 8.489833e+01 2.293569e+00
      vertex   4.734333e+00 8.505725e+01 2.199544e+00
      vertex   4.467924e+00 8.489833e+01 3.029440e+00
    endloop
  endfacet
  facet normal 5.200629e-01 7.924444e-01 3.186950e-01
    outer loop
      vertex   4.467924e+00 8.489833e+01 3.029440e+00
      vertex   4.734333e+00 8.505725e+01 2.199544e+00
      vertex   4.300371e+00 8.505725e+01 2.907706e+00
    endloop
  endfacet
  facet normal 4.638052e-01 7.924444e-01 3.961271e-01
    outer loop
      vertex   4.467924e+00 8.489833e+01 3.029440e+00
      vertex   4.300371e+00 8.505725e+01 2.907706e+00
      vertex   3.907418e+00 8.489833e+01 3.685709e+00
    endloop
  endfacet
  facet normal 4.638052e-01 7.924444e-01 3.961271e-01
    outer loop
      vertex   3.907418e+00 8.489833e+01 3.685709e+00
      vertex   4.300371e+00 8.505725e+01 2.907706e+00
      vertex   3.760972e+00 8.505725e+01 3.539262e+00
    endloop
  endfacet
  facet normal 3.961271e-01 7.924444e-01 4.638052e-01
    outer loop
      vertex   3.907418e+00 8.489833e+01 3.685709e+00
      vertex   3.760972e+00 8.505725e+01 3.539262e+00
      vertex   3.251150e+00 8.489833e+01 4.246215e+00
    endloop
  endfacet
  facet normal 3.961271e-01 7.924444e-01 4.638052e-01
    outer loop
      vertex   3.251150e+00 8.489833e+01 4.246215e+00
      vertex   3.760972e+00 8.505725e+01 3.539262e+00
      vertex   3.129415e+00 8.505725e+01 4.078662e+00
    endloop
  endfacet
  facet normal 3.186950e-01 7.924444e-01 5.200629e-01
    outer loop
      vertex   3.251150e+00 8.489833e+01 4.246215e+00
      vertex   3.129415e+00 8.505725e+01 4.078662e+00
      vertex   2.515279e+00 8.489833e+01 4.697157e+00
    endloop
  endfacet
  facet normal 3.186950e-01 7.924444e-01 5.200629e-01
    outer loop
      vertex   2.515279e+00 8.489833e+01 4.697157e+00
      vertex   3.129415e+00 8.505725e+01 4.078662e+00
      vertex   2.421254e+00 8.505725e+01 4.512624e+00
    endloop
  endfacet
  facet normal 2.334155e-01 7.924444e-01 5.635150e-01
    outer loop
      vertex   2.515279e+00 8.489833e+01 4.697157e+00
      vertex   2.421254e+00 8.505725e+01 4.512624e+00
      vertex   1.717924e+00 8.489833e+01 5.027432e+00
    endloop
  endfacet
  facet normal 2.334155e-01 7.924444e-01 5.635150e-01
    outer loop
      vertex   1.717924e+00 8.489833e+01 5.027432e+00
      vertex   2.421254e+00 8.505725e+01 4.512624e+00
      vertex   1.653925e+00 8.505725e+01 4.830462e+00
    endloop
  endfacet
  facet normal 1.423886e-01 7.924444e-01 5.930914e-01
    outer loop
      vertex   1.717924e+00 8.489833e+01 5.027432e+00
      vertex   1.653925e+00 8.505725e+01 4.830462e+00
      vertex   8.787204e-01 8.489833e+01 5.228907e+00
    endloop
  endfacet
  facet normal 1.423886e-01 7.924444e-01 5.930914e-01
    outer loop
      vertex   8.787204e-01 8.489833e+01 5.228907e+00
      vertex   1.653925e+00 8.505725e+01 4.830462e+00
      vertex   8.463218e-01 8.505725e+01 5.024350e+00
    endloop
  endfacet
  facet normal 4.785567e-02 7.924444e-01 6.080639e-01
    outer loop
      vertex   8.787204e-01 8.489833e+01 5.228907e+00
      vertex   8.463218e-01 8.505725e+01 5.024350e+00
      vertex   1.833089e-02 8.489833e+01 5.296621e+00
    endloop
  endfacet
  facet normal -6.002824e-01 3.816758e-01 7.028404e-01
    outer loop
      vertex   -2.999344e+00 8.526435e+01 3.950094e+00
      vertex   -2.940624e+00 8.550553e+01 3.869273e+00
      vertex   -3.611937e+00 8.526435e+01 3.426889e+00
    endloop
  endfacet
  facet normal -6.002824e-01 3.816758e-01 7.028404e-01
    outer loop
      vertex   -3.611937e+00 8.526435e+01 3.426889e+00
      vertex   -2.940624e+00 8.550553e+01 3.869273e+00
      vertex   -3.541297e+00 8.550553e+01 3.356249e+00
    endloop
  endfacet
  facet normal -7.028404e-01 3.816758e-01 6.002824e-01
    outer loop
      vertex   -3.611937e+00 8.526435e+01 3.426889e+00
      vertex   -3.541297e+00 8.550553e+01 3.356249e+00
      vertex   -4.135142e+00 8.526435e+01 2.814296e+00
    endloop
  endfacet
  facet normal -7.028404e-01 3.816758e-01 6.002824e-01
    outer loop
      vertex   -4.135142e+00 8.526435e+01 2.814296e+00
      vertex   -3.541297e+00 8.550553e+01 3.356249e+00
      vertex   -4.054321e+00 8.550553e+01 2.755576e+00
    endloop
  endfacet
  facet normal -7.880921e-01 3.816758e-01 4.829435e-01
    outer loop
      vertex   -4.135142e+00 8.526435e+01 2.814296e+00
      vertex   -4.054321e+00 8.550553e+01 2.755576e+00
      vertex   -4.556074e+00 8.526435e+01 2.127397e+00
    endloop
  endfacet
  facet normal -7.880921e-01 3.816758e-01 4.829435e-01
    outer loop
      vertex   -4.556074e+00 8.526435e+01 2.127397e+00
      vertex   -4.054321e+00 8.550553e+01 2.755576e+00
      vertex   -4.467062e+00 8.550553e+01 2.082043e+00
    endloop
  endfacet
  facet normal -8.539384e-01 3.816758e-01 3.537129e-01
    outer loop
      vertex   -4.556074e+00 8.526435e+01 2.127397e+00
      vertex   -4.467062e+00 8.550553e+01 2.082043e+00
      vertex   -4.864369e+00 8.526435e+01 1.383107e+00
    endloop
  endfacet
  facet normal -8.539384e-01 3.816758e-01 3.537129e-01
    outer loop
      vertex   -4.864369e+00 8.526435e+01 1.383107e+00
      vertex   -4.467062e+00 8.550553e+01 2.082043e+00
      vertex   -4.769358e+00 8.550553e+01 1.352236e+00
    endloop
  endfacet
  facet normal -8.987579e-01 3.816758e-01 2.157727e-01
    outer loop
      vertex   -4.864369e+00 8.526435e+01 1.383107e+00
      vertex   -4.769358e+00 8.550553e+01 1.352236e+00
      vertex   -5.052436e+00 8.526435e+01 5.997518e-01
    endloop
  endfacet
  facet normal -8.987579e-01 3.816758e-01 2.157727e-01
    outer loop
      vertex   -5.052436e+00 8.526435e+01 5.997518e-01
      vertex   -4.769358e+00 8.550553e+01 1.352236e+00
      vertex   -4.953765e+00 8.550553e+01 5.841239e-01
    endloop
  endfacet
  facet normal -9.214470e-01 3.816758e-01 7.251945e-02
    outer loop
      vertex   -5.052436e+00 8.526435e+01 5.997518e-01
      vertex   -4.953765e+00 8.550553e+01 5.841239e-01
      vertex   -5.115644e+00 8.526435e+01 -2.033788e-01
    endloop
  endfacet
  facet normal -9.214470e-01 3.816758e-01 7.251945e-02
    outer loop
      vertex   -5.115644e+00 8.526435e+01 -2.033788e-01
      vertex   -4.953765e+00 8.550553e+01 5.841239e-01
      vertex   -5.015743e+00 8.550553e+01 -2.033788e-01
    endloop
  endfacet
  facet normal -9.214470e-01 3.816758e-01 -7.251945e-02
    outer loop
      vertex   -5.115644e+00 8.526435e+01 -2.033788e-01
      vertex   -5.015743e+00 8.550553e+01 -2.033788e-01
      vertex   -5.052436e+00 8.526435e+01 -1.006509e+00
    endloop
  endfacet
  facet normal -9.214470e-01 3.816758e-01 -7.251945e-02
    outer loop
      vertex   -5.052436e+00 8.526435e+01 -1.006509e+00
      vertex   -5.015743e+00 8.550553e+01 -2.033788e-01
      vertex   -4.953765e+00 8.550553e+01 -9.908815e-01
    endloop
  endfacet
  facet normal -8.987579e-01 3.816758e-01 -2.157727e-01
    outer loop
      vertex   -5.052436e+00 8.526435e+01 -1.006509e+00
      vertex   -4.953765e+00 8.550553e+01 -9.908815e-01
      vertex   -4.864369e+00 8.526435e+01 -1.789864e+00
    endloop
  endfacet
  facet normal -5.158305e-01 6.075782e-01 6.039599e-01
    outer loop
      vertex   -3.092754e+00 8.505725e+01 4.078662e+00
      vertex   -2.999344e+00 8.526435e+01 3.950094e+00
      vertex   -3.724310e+00 8.505725e+01 3.539262e+00
    endloop
  endfacet
  facet normal -5.158305e-01 6.075782e-01 6.039599e-01
    outer loop
      vertex   -3.724310e+00 8.505725e+01 3.539262e+00
      vertex   -2.999344e+00 8.526435e+01 3.950094e+00
      vertex   -3.611937e+00 8.526435e+01 3.426889e+00
    endloop
  endfacet
  facet normal -6.039599e-01 6.075782e-01 5.158305e-01
    outer loop
      vertex   -3.724310e+00 8.505725e+01 3.539262e+00
      vertex   -3.611937e+00 8.526435e+01 3.426889e+00
      vertex   -4.263710e+00 8.505725e+01 2.907706e+00
    endloop
  endfacet
  facet normal -6.039599e-01 6.075782e-01 5.158305e-01
    outer loop
      vertex   -4.263710e+00 8.505725e+01 2.907706e+00
      vertex   -3.611937e+00 8.526435e+01 3.426889e+00
      vertex   -4.135142e+00 8.526435e+01 2.814296e+00
    endloop
  endfacet
  facet normal -6.772178e-01 6.075782e-01 4.149996e-01
    outer loop
      vertex   -4.263710e+00 8.505725e+01 2.907706e+00
      vertex   -4.135142e+00 8.526435e+01 2.814296e+00
      vertex   -4.697672e+00 8.505725e+01 2.199544e+00
    endloop
  endfacet
  facet normal -6.772178e-01 6.075782e-01 4.149996e-01
    outer loop
      vertex   -4.697672e+00 8.505725e+01 2.199544e+00
      vertex   -4.135142e+00 8.526435e+01 2.814296e+00
      vertex   -4.556074e+00 8.526435e+01 2.127397e+00
    endloop
  endfacet
  facet normal -7.338004e-01 6.075782e-01 3.039501e-01
    outer loop
      vertex   -4.697672e+00 8.505725e+01 2.199544e+00
      vertex   -4.556074e+00 8.526435e+01 2.127397e+00
      vertex   -5.015510e+00 8.505725e+01 1.432215e+00
    endloop
  endfacet
  facet normal -7.338004e-01 6.075782e-01 3.039501e-01
    outer loop
      vertex   -5.015510e+00 8.505725e+01 1.432215e+00
      vertex   -4.556074e+00 8.526435e+01 2.127397e+00
      vertex   -4.864369e+00 8.526435e+01 1.383107e+00
    endloop
  endfacet
  facet normal -7.723144e-01 6.075782e-01 1.854163e-01
    outer loop
      vertex   -5.015510e+00 8.505725e+01 1.432215e+00
      vertex   -4.864369e+00 8.526435e+01 1.383107e+00
      vertex   -5.209398e+00 8.505725e+01 6.246122e-01
    endloop
  endfacet
  facet normal -7.723144e-01 6.075782e-01 1.854163e-01
    outer loop
      vertex   -5.209398e+00 8.505725e+01 6.246122e-01
      vertex   -4.864369e+00 8.526435e+01 1.383107e+00
      vertex   -5.052436e+00 8.526435e+01 5.997518e-01
    endloop
  endfacet
  facet normal -7.918114e-01 6.075782e-01 6.231691e-02
    outer loop
      vertex   -5.209398e+00 8.505725e+01 6.246122e-01
      vertex   -5.052436e+00 8.526435e+01 5.997518e-01
      vertex   -5.274562e+00 8.505725e+01 -2.033788e-01
    endloop
  endfacet
  facet normal -7.918114e-01 6.075782e-01 6.231691e-02
    outer loop
      vertex   -5.274562e+00 8.505725e+01 -2.033788e-01
      vertex   -5.052436e+00 8.526435e+01 5.997518e-01
      vertex   -5.115644e+00 8.526435e+01 -2.033788e-01
    endloop
  endfacet
  facet normal -7.918114e-01 6.075782e-01 -6.231691e-02
    outer loop
      vertex   -5.274562e+00 8.505725e+01 -2.033788e-01
      vertex   -5.115644e+00 8.526435e+01 -2.033788e-01
      vertex   -5.209398e+00 8.505725e+01 -1.031370e+00
    endloop
  endfacet
  facet normal -7.918114e-01 6.075782e-01 -6.231691e-02
    outer loop
      vertex   -5.209398e+00 8.505725e+01 -1.031370e+00
      vertex   -5.115644e+00 8.526435e+01 -2.033788e-01
      vertex   -5.052436e+00 8.526435e+01 -1.006509e+00
    endloop
  endfacet
  facet normal -7.723144e-01 6.075782e-01 -1.854163e-01
    outer loop
      vertex   -5.209398e+00 8.505725e+01 -1.031370e+00
      vertex   -5.052436e+00 8.526435e+01 -1.006509e+00
      vertex   -5.015510e+00 8.505725e+01 -1.838973e+00
    endloop
  endfacet
  facet normal -7.723144e-01 6.075782e-01 -1.854163e-01
    outer loop
      vertex   -5.015510e+00 8.505725e+01 -1.838973e+00
      vertex   -5.052436e+00 8.526435e+01 -1.006509e+00
      vertex   -4.864369e+00 8.526435e+01 -1.789864e+00
    endloop
  endfacet
  facet normal -7.338004e-01 6.075782e-01 -3.039501e-01
    outer loop
      vertex   -5.015510e+00 8.505725e+01 -1.838973e+00
      vertex   -4.864369e+00 8.526435e+01 -1.789864e+00
      vertex   -4.697672e+00 8.505725e+01 -2.606302e+00
    endloop
  endfacet
  facet normal -2.491885e-01 9.234608e-01 2.917623e-01
    outer loop
      vertex   -4.041297e+00 8.479843e+01 3.856249e+00
      vertex   -3.356251e+00 8.479843e+01 4.441334e+00
      vertex   -3.214488e+00 8.489833e+01 4.246215e+00
    endloop
  endfacet
  facet normal -3.961271e-01 7.924444e-01 4.638052e-01
    outer loop
      vertex   -3.214488e+00 8.489833e+01 4.246215e+00
      vertex   -3.092754e+00 8.505725e+01 4.078662e+00
      vertex   -3.870756e+00 8.489833e+01 3.685709e+00
    endloop
  endfacet
  facet normal -3.961271e-01 7.924444e-01 4.638052e-01
    outer loop
      vertex   -3.870756e+00 8.489833e+01 3.685709e+00
      vertex   -3.092754e+00 8.505725e+01 4.078662e+00
      vertex   -3.724310e+00 8.505725e+01 3.539262e+00
    endloop
  endfacet
  facet normal -4.638052e-01 7.924444e-01 3.961271e-01
    outer loop
      vertex   -3.870756e+00 8.489833e+01 3.685709e+00
      vertex   -3.724310e+00 8.505725e+01 3.539262e+00
      vertex   -4.431263e+00 8.489833e+01 3.029440e+00
    endloop
  endfacet
  facet normal -4.638052e-01 7.924444e-01 3.961271e-01
    outer loop
      vertex   -4.431263e+00 8.489833e+01 3.029440e+00
      vertex   -3.724310e+00 8.505725e+01 3.539262e+00
      vertex   -4.263710e+00 8.505725e+01 2.907706e+00
    endloop
  endfacet
  facet normal -5.200629e-01 7.924444e-01 3.186950e-01
    outer loop
      vertex   -4.431263e+00 8.489833e+01 3.029440e+00
      vertex   -4.263710e+00 8.505725e+01 2.907706e+00
      vertex   -4.882205e+00 8.489833e+01 2.293569e+00
    endloop
  endfacet
  facet normal -5.200629e-01 7.924444e-01 3.186950e-01
    outer loop
      vertex   -4.882205e+00 8.489833e+01 2.293569e+00
      vertex   -4.263710e+00 8.505725e+01 2.907706e+00
      vertex   -4.697672e+00 8.505725e+01 2.199544e+00
    endloop
  endfacet
  facet normal -5.635150e-01 7.924444e-01 2.334155e-01
    outer loop
      vertex   -4.882205e+00 8.489833e+01 2.293569e+00
      vertex   -4.697672e+00 8.505725e+01 2.199544e+00
      vertex   -5.212480e+00 8.489833e+01 1.496215e+00
    endloop
  endfacet
  facet normal -5.635150e-01 7.924444e-01 2.334155e-01
    outer loop
      vertex   -5.212480e+00 8.489833e+01 1.496215e+00
      vertex   -4.697672e+00 8.505725e+01 2.199544e+00
      vertex   -5.015510e+00 8.505725e+01 1.432215e+00
    endloop
  endfacet
  facet normal -5.930914e-01 7.924444e-01 1.423886e-01
    outer loop
      vertex   -5.212480e+00 8.489833e+01 1.496215e+00
      vertex   -5.015510e+00 8.505725e+01 1.432215e+00
      vertex   -5.413955e+00 8.489833e+01 6.570108e-01
    endloop
  endfacet
  facet normal -5.930914e-01 7.924444e-01 1.423886e-01
    outer loop
      vertex   -5.413955e+00 8.489833e+01 6.570108e-01
      vertex   -5.015510e+00 8.505725e+01 1.432215e+00
      vertex   -5.209398e+00 8.505725e+01 6.246122e-01
    endloop
  endfacet
  facet normal -6.080639e-01 7.924444e-01 4.785567e-02
    outer loop
      vertex   -5.413955e+00 8.489833e+01 6.570108e-01
      vertex   -5.209398e+00 8.505725e+01 6.246122e-01
      vertex   -5.481669e+00 8.489833e+01 -2.033788e-01
    endloop
  endfacet
  facet normal -6.080639e-01 7.924444e-01 4.785567e-02
    outer loop
      vertex   -5.481669e+00 8.489833e+01 -2.033788e-01
      vertex   -5.209398e+00 8.505725e+01 6.246122e-01
      vertex   -5.274562e+00 8.505725e+01 -2.033788e-01
    endloop
  endfacet
  facet normal -6.080639e-01 7.924444e-01 -4.785567e-02
    outer loop
      vertex   -5.481669e+00 8.489833e+01 -2.033788e-01
      vertex   -5.274562e+00 8.505725e+01 -2.033788e-01
      vertex   -5.413955e+00 8.489833e+01 -1.063768e+00
    endloop
  endfacet
  facet normal -6.080639e-01 7.924444e-01 -4.785567e-02
    outer loop
      vertex   -5.413955e+00 8.489833e+01 -1.063768e+00
      vertex   -5.274562e+00 8.505725e+01 -2.033788e-01
      vertex   -5.209398e+00 8.505725e+01 -1.031370e+00
    endloop
  endfacet
  facet normal -5.930914e-01 7.924444e-01 -1.423886e-01
    outer loop
      vertex   -5.413955e+00 8.489833e+01 -1.063768e+00
      vertex   -5.209398e+00 8.505725e+01 -1.031370e+00
      vertex   -5.212480e+00 8.489833e+01 -1.902972e+00
    endloop
  endfacet
  facet normal -5.930914e-01 7.924444e-01 -1.423886e-01
    outer loop
      vertex   -5.212480e+00 8.489833e+01 -1.902972e+00
      vertex   -5.209398e+00 8.505725e+01 -1.031370e+00
      vertex   -5.015510e+00 8.505725e+01 -1.838973e+00
    endloop
  endfacet
  facet normal -5.635150e-01 7.924444e-01 -2.334155e-01
    outer loop
      vertex   -5.212480e+00 8.489833e+01 -1.902972e+00
      vertex   -5.015510e+00 8.505725e+01 -1.838973e+00
      vertex   -4.882205e+00 8.489833e+01 -2.700327e+00
    endloop
  endfacet
  facet normal -5.635150e-01 7.924444e-01 -2.334155e-01
    outer loop
      vertex   -4.882205e+00 8.489833e+01 -2.700327e+00
      vertex   -5.015510e+00 8.505725e+01 -1.838973e+00
      vertex   -4.697672e+00 8.505725e+01 -2.606302e+00
    endloop
  endfacet
  facet normal -5.200629e-01 7.924444e-01 -3.186950e-01
    outer loop
      vertex   -4.882205e+00 8.489833e+01 -2.700327e+00
      vertex   -4.697672e+00 8.505725e+01 -2.606302e+00
      vertex   -4.431263e+00 8.489833e+01 -3.436198e+00
    endloop
  endfacet
  facet normal -2.917623e-01 9.234608e-01 2.491885e-01
    outer loop
      vertex   -4.431263e+00 8.489833e+01 3.029440e+00
      vertex   -4.626382e+00 8.479843e+01 3.171203e+00
      vertex   -3.870756e+00 8.489833e+01 3.685709e+00
    endloop
  endfacet
  facet normal -2.917623e-01 9.234608e-01 2.491885e-01
    outer loop
      vertex   -3.870756e+00 8.489833e+01 3.685709e+00
      vertex   -4.626382e+00 8.479843e+01 3.171203e+00
      vertex   -4.041297e+00 8.479843e+01 3.856249e+00
    endloop
  endfacet
  facet normal -2.491885e-01 9.234608e-01 2.917623e-01
    outer loop
      vertex   -3.870756e+00 8.489833e+01 3.685709e+00
      vertex   -4.041297e+00 8.479843e+01 3.856249e+00
      vertex   -3.214488e+00 8.489833e+01 4.246215e+00
    endloop
  endfacet
  facet normal -3.271519e-01 9.234608e-01 2.004789e-01
    outer loop
      vertex   -4.626382e+00 8.479843e+01 3.171203e+00
      vertex   -4.431263e+00 8.489833e+01 3.029440e+00
      vertex   -5.097099e+00 8.479843e+01 2.403063e+00
    endloop
  endfacet
  facet normal -3.271519e-01 9.234608e-01 2.004789e-01
    outer loop
      vertex   -5.097099e+00 8.479843e+01 2.403063e+00
      vertex   -4.431263e+00 8.489833e+01 3.029440e+00
      vertex   -4.882205e+00 8.489833e+01 2.293569e+00
    endloop
  endfacet
  facet normal -3.544859e-01 9.234608e-01 1.468329e-01
    outer loop
      vertex   -5.097099e+00 8.479843e+01 2.403063e+00
      vertex   -4.882205e+00 8.489833e+01 2.293569e+00
      vertex   -5.441857e+00 8.479843e+01 1.570744e+00
    endloop
  endfacet
  facet normal -3.544859e-01 9.234608e-01 1.468329e-01
    outer loop
      vertex   -5.441857e+00 8.479843e+01 1.570744e+00
      vertex   -4.882205e+00 8.489833e+01 2.293569e+00
      vertex   -5.212480e+00 8.489833e+01 1.496215e+00
    endloop
  endfacet
  facet normal -3.730913e-01 9.234608e-01 8.957130e-02
    outer loop
      vertex   -5.441857e+00 8.479843e+01 1.570744e+00
      vertex   -5.212480e+00 8.489833e+01 1.496215e+00
      vertex   -5.652167e+00 8.479843e+01 6.947398e-01
    endloop
  endfacet
  facet normal -3.730913e-01 9.234608e-01 8.957130e-02
    outer loop
      vertex   -5.652167e+00 8.479843e+01 6.947398e-01
      vertex   -5.212480e+00 8.489833e+01 1.496215e+00
      vertex   -5.413955e+00 8.489833e+01 6.570108e-01
    endloop
  endfacet
  facet normal -3.825100e-01 9.234608e-01 3.010419e-02
    outer loop
      vertex   -5.652167e+00 8.479843e+01 6.947398e-01
      vertex   -5.413955e+00 8.489833e+01 6.570108e-01
      vertex   -5.722850e+00 8.479843e+01 -2.033788e-01
    endloop
  endfacet
  facet normal -3.825100e-01 9.234608e-01 3.010419e-02
    outer loop
      vertex   -5.722850e+00 8.479843e+01 -2.033788e-01
      vertex   -5.413955e+00 8.489833e+01 6.570108e-01
      vertex   -5.481669e+00 8.489833e+01 -2.033788e-01
    endloop
  endfacet
  facet normal -3.825100e-01 9.234608e-01 -3.010419e-02
    outer loop
      vertex   -5.722850e+00 8.479843e+01 -2.033788e-01
      vertex   -5.481669e+00 8.489833e+01 -2.033788e-01
      vertex   -5.652167e+00 8.479843e+01 -1.101497e+00
    endloop
  endfacet
  facet normal -3.825100e-01 9.234608e-01 -3.010419e-02
    outer loop
      vertex   -5.652167e+00 8.479843e+01 -1.101497e+00
      vertex   -5.481669e+00 8.489833e+01 -2.033788e-01
      vertex   -5.413955e+00 8.489833e+01 -1.063768e+00
    endloop
  endfacet
  facet normal -3.730913e-01 9.234608e-01 -8.957130e-02
    outer loop
      vertex   -5.652167e+00 8.479843e+01 -1.101497e+00
      vertex   -5.413955e+00 8.489833e+01 -1.063768e+00
      vertex   -5.441857e+00 8.479843e+01 -1.977501e+00
    endloop
  endfacet
  facet normal -3.730913e-01 9.234608e-01 -8.957130e-02
    outer loop
      vertex   -5.441857e+00 8.479843e+01 -1.977501e+00
      vertex   -5.413955e+00 8.489833e+01 -1.063768e+00
      vertex   -5.212480e+00 8.489833e+01 -1.902972e+00
    endloop
  endfacet
  facet normal -3.544859e-01 9.234608e-01 -1.468329e-01
    outer loop
      vertex   -5.441857e+00 8.479843e+01 -1.977501e+00
      vertex   -5.212480e+00 8.489833e+01 -1.902972e+00
      vertex   -5.097099e+00 8.479843e+01 -2.809820e+00
    endloop
  endfacet
  facet normal -3.544859e-01 9.234608e-01 -1.468329e-01
    outer loop
      vertex   -5.097099e+00 8.479843e+01 -2.809820e+00
      vertex   -5.212480e+00 8.489833e+01 -1.902972e+00
      vertex   -4.882205e+00 8.489833e+01 -2.700327e+00
    endloop
  endfacet
  facet normal -3.271519e-01 9.234608e-01 -2.004789e-01
    outer loop
      vertex   -5.097099e+00 8.479843e+01 -2.809820e+00
      vertex   -4.882205e+00 8.489833e+01 -2.700327e+00
      vertex   -4.626382e+00 8.479843e+01 -3.577960e+00
    endloop
  endfacet
  facet normal -3.271519e-01 9.234608e-01 -2.004789e-01
    outer loop
      vertex   -4.626382e+00 8.479843e+01 -3.577960e+00
      vertex   -4.882205e+00 8.489833e+01 -2.700327e+00
      vertex   -4.431263e+00 8.489833e+01 -3.436198e+00
    endloop
  endfacet
  facet normal -2.917623e-01 9.234608e-01 -2.491885e-01
    outer loop
      vertex   -4.626382e+00 8.479843e+01 -3.577960e+00
      vertex   -4.431263e+00 8.489833e+01 -3.436198e+00
      vertex   -4.041297e+00 8.479843e+01 -4.263007e+00
    endloop
  endfacet
  facet normal -2.003718e-01 9.234642e-01 -3.272080e-01
    outer loop
      vertex   -2.588111e+00 8.479843e+01 -5.318808e+00
      vertex   -3.211689e+00 8.489833e+01 -4.655005e+00
      vertex   -2.478617e+00 8.489833e+01 -5.103915e+00
    endloop
  endfacet
  facet normal -1.468329e-01 9.234608e-01 -3.544859e-01
    outer loop
      vertex   -1.755792e+00 8.479843e+01 -5.663566e+00
      vertex   -2.588111e+00 8.479843e+01 -5.318808e+00
      vertex   -2.478617e+00 8.489833e+01 -5.103915e+00
    endloop
  endfacet
  facet normal -2.157727e-01 3.816758e-01 -8.987579e-01
    outer loop
      vertex   -7.691718e-01 8.550553e+01 -5.175475e+00
      vertex   -7.847997e-01 8.526435e+01 -5.274146e+00
      vertex   -1.537284e+00 8.550553e+01 -4.991068e+00
    endloop
  endfacet
  facet normal -2.157727e-01 3.816758e-01 -8.987579e-01
    outer loop
      vertex   -1.537284e+00 8.550553e+01 -4.991068e+00
      vertex   -7.847997e-01 8.526435e+01 -5.274146e+00
      vertex   -1.568155e+00 8.526435e+01 -5.086079e+00
    endloop
  endfacet
  facet normal -3.537129e-01 3.816758e-01 -8.539384e-01
    outer loop
      vertex   -1.537284e+00 8.550553e+01 -4.991068e+00
      vertex   -1.568155e+00 8.526435e+01 -5.086079e+00
      vertex   -2.267091e+00 8.550553e+01 -4.688772e+00
    endloop
  endfacet
  facet normal -1.854163e-01 6.075782e-01 -7.723144e-01
    outer loop
      vertex   -1.568155e+00 8.526435e+01 -5.086079e+00
      vertex   -7.847997e-01 8.526435e+01 -5.274146e+00
      vertex   -8.096600e-01 8.505725e+01 -5.431108e+00
    endloop
  endfacet
  facet normal -6.231691e-02 6.075782e-01 -7.918114e-01
    outer loop
      vertex   -8.096600e-01 8.505725e+01 -5.431108e+00
      vertex   -7.847997e-01 8.526435e+01 -5.274146e+00
      vertex   1.833089e-02 8.505725e+01 -5.496272e+00
    endloop
  endfacet
  facet normal -4.785567e-02 7.924444e-01 -6.080639e-01
    outer loop
      vertex   -8.096600e-01 8.505725e+01 -5.431108e+00
      vertex   1.833089e-02 8.505725e+01 -5.496272e+00
      vertex   1.833089e-02 8.489833e+01 -5.703379e+00
    endloop
  endfacet
  facet normal 4.785567e-02 7.924444e-01 -6.080639e-01
    outer loop
      vertex   1.833089e-02 8.489833e+01 -5.703379e+00
      vertex   1.833089e-02 8.505725e+01 -5.496272e+00
      vertex   8.787204e-01 8.489833e+01 -5.635665e+00
    endloop
  endfacet
  facet normal 3.010419e-02 9.234608e-01 -3.825100e-01
    outer loop
      vertex   1.833089e-02 8.489833e+01 -5.703379e+00
      vertex   8.787204e-01 8.489833e+01 -5.635665e+00
      vertex   9.164495e-01 8.479843e+01 -5.873876e+00
    endloop
  endfacet
  facet normal 8.957130e-02 9.234608e-01 -3.730913e-01
    outer loop
      vertex   9.164495e-01 8.479843e+01 -5.873876e+00
      vertex   8.787204e-01 8.489833e+01 -5.635665e+00
      vertex   1.792453e+00 8.479843e+01 -5.663566e+00
    endloop
  endfacet
  facet normal -7.251945e-02 3.816758e-01 -9.214470e-01
    outer loop
      vertex   -7.847997e-01 8.526435e+01 -5.274146e+00
      vertex   -7.691718e-01 8.550553e+01 -5.175475e+00
      vertex   1.833089e-02 8.526435e+01 -5.337353e+00
    endloop
  endfacet
  facet normal -7.251945e-02 3.816758e-01 -9.214470e-01
    outer loop
      vertex   1.833089e-02 8.526435e+01 -5.337353e+00
      vertex   -7.691718e-01 8.550553e+01 -5.175475e+00
      vertex   1.833089e-02 8.550553e+01 -5.237453e+00
    endloop
  endfacet
  facet normal 7.251945e-02 3.816758e-01 -9.214470e-01
    outer loop
      vertex   1.833089e-02 8.526435e+01 -5.337353e+00
      vertex   1.833089e-02 8.550553e+01 -5.237453e+00
      vertex   8.214615e-01 8.526435e+01 -5.274146e+00
    endloop
  endfacet
  facet normal 7.251945e-02 3.816758e-01 -9.214470e-01
    outer loop
      vertex   8.214615e-01 8.526435e+01 -5.274146e+00
      vertex   1.833089e-02 8.550553e+01 -5.237453e+00
      vertex   8.058336e-01 8.550553e+01 -5.175475e+00
    endloop
  endfacet
  facet normal 2.157727e-01 3.816758e-01 -8.987579e-01
    outer loop
      vertex   8.214615e-01 8.526435e+01 -5.274146e+00
      vertex   8.058336e-01 8.550553e+01 -5.175475e+00
      vertex   1.604816e+00 8.526435e+01 -5.086079e+00
    endloop
  endfacet
  facet normal 2.157727e-01 3.816758e-01 -8.987579e-01
    outer loop
      vertex   1.604816e+00 8.526435e+01 -5.086079e+00
      vertex   8.058336e-01 8.550553e+01 -5.175475e+00
      vertex   1.573945e+00 8.550553e+01 -4.991068e+00
    endloop
  endfacet
  facet normal 3.537129e-01 3.816758e-01 -8.539384e-01
    outer loop
      vertex   1.604816e+00 8.526435e+01 -5.086079e+00
      vertex   1.573945e+00 8.550553e+01 -4.991068e+00
      vertex   2.349107e+00 8.526435e+01 -4.777784e+00
    endloop
  endfacet
  facet normal 3.537129e-01 3.816758e-01 -8.539384e-01
    outer loop
      vertex   2.349107e+00 8.526435e+01 -4.777784e+00
      vertex   1.573945e+00 8.550553e+01 -4.991068e+00
      vertex   2.303753e+00 8.550553e+01 -4.688772e+00
    endloop
  endfacet
  facet normal 4.829435e-01 3.816758e-01 -7.880921e-01
    outer loop
      vertex   2.349107e+00 8.526435e+01 -4.777784e+00
      vertex   2.303753e+00 8.550553e+01 -4.688772e+00
      vertex   3.036005e+00 8.526435e+01 -4.356851e+00
    endloop
  endfacet
  facet normal 4.829435e-01 3.816758e-01 -7.880921e-01
    outer loop
      vertex   3.036005e+00 8.526435e+01 -4.356851e+00
      vertex   2.303753e+00 8.550553e+01 -4.688772e+00
      vertex   2.977285e+00 8.550553e+01 -4.276030e+00
    endloop
  endfacet
  facet normal 6.002824e-01 3.816758e-01 -7.028404e-01
    outer loop
      vertex   3.036005e+00 8.526435e+01 -4.356851e+00
      vertex   2.977285e+00 8.550553e+01 -4.276030e+00
      vertex   3.648599e+00 8.526435e+01 -3.833647e+00
    endloop
  endfacet
  facet normal -6.231691e-02 6.075782e-01 -7.918114e-01
    outer loop
      vertex   -7.847997e-01 8.526435e+01 -5.274146e+00
      vertex   1.833089e-02 8.526435e+01 -5.337353e+00
      vertex   1.833089e-02 8.505725e+01 -5.496272e+00
    endloop
  endfacet
  facet normal 6.231691e-02 6.075782e-01 -7.918114e-01
    outer loop
      vertex   1.833089e-02 8.505725e+01 -5.496272e+00
      vertex   1.833089e-02 8.526435e+01 -5.337353e+00
      vertex   8.463218e-01 8.505725e+01 -5.431108e+00
    endloop
  endfacet
  facet normal 4.785567e-02 7.924444e-01 -6.080639e-01
    outer loop
      vertex   1.833089e-02 8.505725e+01 -5.496272e+00
      vertex   8.463218e-01 8.505725e+01 -5.431108e+00
      vertex   8.787204e-01 8.489833e+01 -5.635665e+00
    endloop
  endfacet
  facet normal 1.423886e-01 7.924444e-01 -5.930914e-01
    outer loop
      vertex   8.787204e-01 8.489833e+01 -5.635665e+00
      vertex   8.463218e-01 8.505725e+01 -5.431108e+00
      vertex   1.717924e+00 8.489833e+01 -5.434190e+00
    endloop
  endfacet
  facet normal 8.957130e-02 9.234608e-01 -3.730913e-01
    outer loop
      vertex   8.787204e-01 8.489833e+01 -5.635665e+00
      vertex   1.717924e+00 8.489833e+01 -5.434190e+00
      vertex   1.792453e+00 8.479843e+01 -5.663566e+00
    endloop
  endfacet
  facet normal 1.468329e-01 9.234608e-01 -3.544859e-01
    outer loop
      vertex   1.792453e+00 8.479843e+01 -5.663566e+00
      vertex   1.717924e+00 8.489833e+01 -5.434190e+00
      vertex   2.624772e+00 8.479843e+01 -5.318808e+00
    endloop
  endfacet
  facet normal 6.231691e-02 6.075782e-01 -7.918114e-01
    outer loop
      vertex   8.463218e-01 8.505725e+01 -5.431108e+00
      vertex   1.833089e-02 8.526435e+01 -5.337353e+00
      vertex   8.214615e-01 8.526435e+01 -5.274146e+00
    endloop
  endfacet
  facet normal 1.854163e-01 6.075782e-01 -7.723144e-01
    outer loop
      vertex   8.463218e-01 8.505725e+01 -5.431108e+00
      vertex   8.214615e-01 8.526435e+01 -5.274146e+00
      vertex   1.653925e+00 8.505725e+01 -5.237219e+00
    endloop
  endfacet
  facet normal 1.854163e-01 6.075782e-01 -7.723144e-01
    outer loop
      vertex   1.653925e+00 8.505725e+01 -5.237219e+00
      vertex   8.214615e-01 8.526435e+01 -5.274146e+00
      vertex   1.604816e+00 8.526435e+01 -5.086079e+00
    endloop
  endfacet
  facet normal 3.039501e-01 6.075782e-01 -7.338004e-01
    outer loop
      vertex   1.653925e+00 8.505725e+01 -5.237219e+00
      vertex   1.604816e+00 8.526435e+01 -5.086079e+00
      vertex   2.421254e+00 8.505725e+01 -4.919381e+00
    endloop
  endfacet
  facet normal 3.039501e-01 6.075782e-01 -7.338004e-01
    outer loop
      vertex   2.421254e+00 8.505725e+01 -4.919381e+00
      vertex   1.604816e+00 8.526435e+01 -5.086079e+00
      vertex   2.349107e+00 8.526435e+01 -4.777784e+00
    endloop
  endfacet
  facet normal 4.149996e-01 6.075782e-01 -6.772178e-01
    outer loop
      vertex   2.421254e+00 8.505725e+01 -4.919381e+00
      vertex   2.349107e+00 8.526435e+01 -4.777784e+00
      vertex   3.129415e+00 8.505725e+01 -4.485419e+00
    endloop
  endfacet
  facet normal 4.149996e-01 6.075782e-01 -6.772178e-01
    outer loop
      vertex   3.129415e+00 8.505725e+01 -4.485419e+00
      vertex   2.349107e+00 8.526435e+01 -4.777784e+00
      vertex   3.036005e+00 8.526435e+01 -4.356851e+00
    endloop
  endfacet
  facet normal 5.158305e-01 6.075782e-01 -6.039599e-01
    outer loop
      vertex   3.129415e+00 8.505725e+01 -4.485419e+00
      vertex   3.036005e+00 8.526435e+01 -4.356851e+00
      vertex   3.760972e+00 8.505725e+01 -3.946019e+00
    endloop
  endfacet
  facet normal 5.158305e-01 6.075782e-01 -6.039599e-01
    outer loop
      vertex   3.760972e+00 8.505725e+01 -3.946019e+00
      vertex   3.036005e+00 8.526435e+01 -4.356851e+00
      vertex   3.648599e+00 8.526435e+01 -3.833647e+00
    endloop
  endfacet
  facet normal 6.039599e-01 6.075782e-01 -5.158305e-01
    outer loop
      vertex   3.760972e+00 8.505725e+01 -3.946019e+00
      vertex   3.648599e+00 8.526435e+01 -3.833647e+00
      vertex   4.300371e+00 8.505725e+01 -3.314463e+00
    endloop
  endfacet
  facet normal 1.423886e-01 7.924444e-01 -5.930914e-01
    outer loop
      vertex   8.463218e-01 8.505725e+01 -5.431108e+00
      vertex   1.653925e+00 8.505725e+01 -5.237219e+00
      vertex   1.717924e+00 8.489833e+01 -5.434190e+00
    endloop
  endfacet
  facet normal 2.334155e-01 7.924444e-01 -5.635150e-01
    outer loop
      vertex   1.717924e+00 8.489833e+01 -5.434190e+00
      vertex   1.653925e+00 8.505725e+01 -5.237219e+00
      vertex   2.515279e+00 8.489833e+01 -5.103915e+00
    endloop
  endfacet
  facet normal 1.468329e-01 9.234608e-01 -3.544859e-01
    outer loop
      vertex   1.717924e+00 8.489833e+01 -5.434190e+00
      vertex   2.515279e+00 8.489833e+01 -5.103915e+00
      vertex   2.624772e+00 8.479843e+01 -5.318808e+00
    endloop
  endfacet
  facet normal 2.004789e-01 9.234608e-01 -3.271519e-01
    outer loop
      vertex   2.624772e+00 8.479843e+01 -5.318808e+00
      vertex   2.515279e+00 8.489833e+01 -5.103915e+00
      vertex   3.392912e+00 8.479843e+01 -4.848092e+00
    endloop
  endfacet
  facet normal 2.334155e-01 7.924444e-01 -5.635150e-01
    outer loop
      vertex   2.515279e+00 8.489833e+01 -5.103915e+00
      vertex   1.653925e+00 8.505725e+01 -5.237219e+00
      vertex   2.421254e+00 8.505725e+01 -4.919381e+00
    endloop
  endfacet
  facet normal 3.186950e-01 7.924444e-01 -5.200629e-01
    outer loop
      vertex   2.515279e+00 8.489833e+01 -5.103915e+00
      vertex   2.421254e+00 8.505725e+01 -4.919381e+00
      vertex   3.251150e+00 8.489833e+01 -4.652972e+00
    endloop
  endfacet
  facet normal 3.186950e-01 7.924444e-01 -5.200629e-01
    outer loop
      vertex   3.251150e+00 8.489833e+01 -4.652972e+00
      vertex   2.421254e+00 8.505725e+01 -4.919381e+00
      vertex   3.129415e+00 8.505725e+01 -4.485419e+00
    endloop
  endfacet
  facet normal 3.961271e-01 7.924444e-01 -4.638052e-01
    outer loop
      vertex   3.251150e+00 8.489833e+01 -4.652972e+00
      vertex   3.129415e+00 8.505725e+01 -4.485419e+00
      vertex   3.907418e+00 8.489833e+01 -4.092466e+00
    endloop
  endfacet
  facet normal 3.961271e-01 7.924444e-01 -4.638052e-01
    outer loop
      vertex   3.907418e+00 8.489833e+01 -4.092466e+00
      vertex   3.129415e+00 8.505725e+01 -4.485419e+00
      vertex   3.760972e+00 8.505725e+01 -3.946019e+00
    endloop
  endfacet
  facet normal 4.638052e-01 7.924444e-01 -3.961271e-01
    outer loop
      vertex   3.907418e+00 8.489833e+01 -4.092466e+00
      vertex   3.760972e+00 8.505725e+01 -3.946019e+00
      vertex   4.467924e+00 8.489833e+01 -3.436198e+00
    endloop
  endfacet
  facet normal 4.638052e-01 7.924444e-01 -3.961271e-01
    outer loop
      vertex   4.467924e+00 8.489833e+01 -3.436198e+00
      vertex   3.760972e+00 8.505725e+01 -3.946019e+00
      vertex   4.300371e+00 8.505725e+01 -3.314463e+00
    endloop
  endfacet
  facet normal 5.200629e-01 7.924444e-01 -3.186950e-01
    outer loop
      vertex   4.467924e+00 8.489833e+01 -3.436198e+00
      vertex   4.300371e+00 8.505725e+01 -3.314463e+00
      vertex   4.918867e+00 8.489833e+01 -2.700327e+00
    endloop
  endfacet
  facet normal 2.491885e-01 9.234608e-01 -2.917623e-01
    outer loop
      vertex   4.077959e+00 8.479843e+01 -4.263007e+00
      vertex   3.392912e+00 8.479843e+01 -4.848092e+00
      vertex   3.251150e+00 8.489833e+01 -4.652972e+00
    endloop
  endfacet
  facet normal 2.004789e-01 9.234608e-01 -3.271519e-01
    outer loop
      vertex   3.251150e+00 8.489833e+01 -4.652972e+00
      vertex   3.392912e+00 8.479843e+01 -4.848092e+00
      vertex   2.515279e+00 8.489833e+01 -5.103915e+00
    endloop
  endfacet
  facet normal 2.491885e-01 9.234608e-01 -2.917623e-01
    outer loop
      vertex   4.077959e+00 8.479843e+01 -4.263007e+00
      vertex   3.251150e+00 8.489833e+01 -4.652972e+00
      vertex   3.907418e+00 8.489833e+01 -4.092466e+00
    endloop
  endfacet
  facet normal 2.917623e-01 9.234608e-01 -2.491885e-01
    outer loop
      vertex   4.077959e+00 8.479843e+01 -4.263007e+00
      vertex   3.907418e+00 8.489833e+01 -4.092466e+00
      vertex   4.663044e+00 8.479843e+01 -3.577960e+00
    endloop
  endfacet
  facet normal 2.917623e-01 9.234608e-01 -2.491885e-01
    outer loop
      vertex   4.663044e+00 8.479843e+01 -3.577960e+00
      vertex   3.907418e+00 8.489833e+01 -4.092466e+00
      vertex   4.467924e+00 8.489833e+01 -3.436198e+00
    endloop
  endfacet
  facet normal 3.271519e-01 9.234608e-01 -2.004789e-01
    outer loop
      vertex   4.663044e+00 8.479843e+01 -3.577960e+00
      vertex   4.467924e+00 8.489833e+01 -3.436198e+00
      vertex   5.133761e+00 8.479843e+01 -2.809820e+00
    endloop
  endfacet
  facet normal 3.271519e-01 9.234608e-01 -2.004789e-01
    outer loop
      vertex   5.133761e+00 8.479843e+01 -2.809820e+00
      vertex   4.467924e+00 8.489833e+01 -3.436198e+00
      vertex   4.918867e+00 8.489833e+01 -2.700327e+00
    endloop
  endfacet
  facet normal 3.544859e-01 9.234608e-01 -1.468329e-01
    outer loop
      vertex   5.133761e+00 8.479843e+01 -2.809820e+00
      vertex   4.918867e+00 8.489833e+01 -2.700327e+00
      vertex   5.478518e+00 8.479843e+01 -1.977501e+00
    endloop
  endfacet
  facet normal 0.000000e+00 1.000000e+00 -0.000000e+00
    outer loop
      vertex   2.610255e+00 1.075000e+02 -1.122307e+00
      vertex   -1.376523e+00 1.075000e+02 -2.573375e+00
      vertex   2.757316e+00 1.075000e+02 -4.492700e-01
    endloop
  endfacet
  facet normal 0.000000e+00 1.000000e+00 0.000000e+00
    outer loop
      vertex   2.757316e+00 1.075000e+02 -4.492700e-01
      vertex   -1.376523e+00 1.075000e+02 -2.573375e+00
      vertex   -1.921797e+00 1.075000e+02 -2.152328e+00
    endloop
  endfacet
  facet normal 0.000000e+00 1.000000e+00 0.000000e+00
    outer loop
      vertex   2.757316e+00 1.075000e+02 -4.492700e-01
      vertex   -1.921797e+00 1.075000e+02 -2.152328e+00
      vertex   2.732484e+00 1.075000e+02 2.391982e-01
    endloop
  endfacet
  facet normal 0.000000e+00 1.000000e+00 0.000000e+00
    outer loop
      vertex   2.732484e+00 1.075000e+02 2.391982e-01
      vertex   -1.921797e+00 1.075000e+02 -2.152328e+00
      vertex   -2.345314e+00 1.075000e+02 -1.608969e+00
    endloop
  endfacet
  facet normal 0.000000e+00 1.000000e+00 0.000000e+00
    outer loop
      vertex   2.732484e+00 1.075000e+02 2.391982e-01
      vertex   -2.345314e+00 1.075000e+02 -1.608969e+00
      vertex   2.537318e+00 1.075000e+02 8.998913e-01
    endloop
  endfacet
  facet normal 0.000000e+00 1.000000e+00 0.000000e+00
    outer loop
      vertex   2.537318e+00 1.075000e+02 8.998913e-01
      vertex   -2.345314e+00 1.075000e+02 -1.608969e+00
      vertex   -2.620493e+00 1.075000e+02 -9.773985e-01
    endloop
  endfacet
  facet normal 0.000000e+00 1.000000e+00 0.000000e+00
    outer loop
      vertex   2.537318e+00 1.075000e+02 8.998913e-01
      vertex   -2.620493e+00 1.075000e+02 -9.773985e-01
      vertex   2.184066e+00 1.075000e+02 1.491346e+00
    endloop
  endfacet
  facet normal 0.000000e+00 1.000000e+00 0.000000e+00
    outer loop
      vertex   2.184066e+00 1.075000e+02 1.491346e+00
      vertex   -2.620493e+00 1.075000e+02 -9.773985e-01
      vertex   -2.730066e+00 1.075000e+02 -2.972523e-01
    endloop
  endfacet
  facet normal 0.000000e+00 1.000000e+00 0.000000e+00
    outer loop
      vertex   2.184066e+00 1.075000e+02 1.491346e+00
      vertex   -2.730066e+00 1.075000e+02 -2.972523e-01
      vertex   1.694898e+00 1.075000e+02 1.976443e+00
    endloop
  endfacet
  facet normal 0.000000e+00 1.000000e+00 0.000000e+00
    outer loop
      vertex   1.694898e+00 1.075000e+02 1.976443e+00
      vertex   -2.730066e+00 1.075000e+02 -2.972523e-01
      vertex   -2.667156e+00 1.075000e+02 3.887851e-01
    endloop
  endfacet
  facet normal 0.000000e+00 1.000000e+00 0.000000e+00
    outer loop
      vertex   1.694898e+00 1.075000e+02 1.976443e+00
      vertex   -2.667156e+00 1.075000e+02 3.887851e-01
      vertex   1.100512e+00 1.075000e+02 2.324740e+00
    endloop
  endfacet
  facet normal 0.000000e+00 1.000000e+00 0.000000e+00
    outer loop
      vertex   1.100512e+00 1.075000e+02 2.324740e+00
      vertex   -2.667156e+00 1.075000e+02 3.887851e-01
      vertex   -2.435711e+00 1.075000e+02 1.037660e+00
    endloop
  endfacet
  facet normal 0.000000e+00 1.000000e+00 0.000000e+00
    outer loop
      vertex   1.100512e+00 1.075000e+02 2.324740e+00
      vertex   -2.435711e+00 1.075000e+02 1.037660e+00
      vertex   4.382113e-01 1.075000e+02 2.514378e+00
    endloop
  endfacet
  facet normal 0.000000e+00 1.000000e+00 0.000000e+00
    outer loop
      vertex   4.382113e-01 1.075000e+02 2.514378e+00
      vertex   -2.435711e+00 1.075000e+02 1.037660e+00
      vertex   -2.050256e+00 1.075000e+02 1.608650e+00
    endloop
  endfacet
  facet normal 0.000000e+00 1.000000e+00 0.000000e+00
    outer loop
      vertex   4.382113e-01 1.075000e+02 2.514378e+00
      vertex   -2.050256e+00 1.075000e+02 1.608650e+00
      vertex   -2.504403e-01 1.075000e+02 2.533456e+00
    endloop
  endfacet
  facet normal 0.000000e+00 1.000000e+00 0.000000e+00
    outer loop
      vertex   -2.504403e-01 1.075000e+02 2.533456e+00
      vertex   -2.050256e+00 1.075000e+02 1.608650e+00
      vertex   -1.534982e+00 1.075000e+02 2.065921e+00
    endloop
  endfacet
  facet normal 0.000000e+00 1.000000e+00 0.000000e+00
    outer loop
      vertex   -2.504403e-01 1.075000e+02 2.533456e+00
      vertex   -1.534982e+00 1.075000e+02 2.065921e+00
      vertex   -9.222245e-01 1.075000e+02 2.380776e+00
    endloop
  endfacet
  facet normal -3.420201e-01 -1.552150e-16 9.396926e-01
    outer loop
      vertex   -1.376523e+00 1.075000e+02 -2.573375e+00
      vertex   2.610255e+00 1.075000e+02 -1.122307e+00
      vertex   -1.376523e+00 1.845000e+02 -2.573375e+00
    endloop
  endfacet
  facet normal -3.420201e-01 -1.223449e-16 9.396926e-01
    outer loop
      vertex   -1.376523e+00 1.845000e+02 -2.573375e+00
      vertex   2.610255e+00 1.075000e+02 -1.122307e+00
      vertex   2.610255e+00 1.845000e+02 -1.122307e+00
    endloop
  endfacet
  facet normal -9.769504e-01 -7.973632e-17 2.134665e-01
    outer loop
      vertex   2.610255e+00 1.075000e+02 -1.122307e+00
      vertex   2.757316e+00 1.460000e+02 -4.492700e-01
      vertex   2.610255e+00 1.845000e+02 -1.122307e+00
    endloop
  endfacet
  facet normal -9.769504e-01 3.924231e-17 2.134665e-01
    outer loop
      vertex   2.610255e+00 1.845000e+02 -1.122307e+00
      vertex   2.757316e+00 1.460000e+02 -4.492700e-01
      vertex   2.757316e+00 1.588333e+02 -4.492700e-01
    endloop
  endfacet
  facet normal -9.769504e-01 -2.825447e-17 2.134665e-01
    outer loop
      vertex   2.610255e+00 1.845000e+02 -1.122307e+00
      vertex   2.757316e+00 1.588333e+02 -4.492700e-01
      vertex   2.757316e+00 1.716667e+02 -4.492700e-01
    endloop
  endfacet
  facet normal -9.993502e-01 4.677418e-18 -3.604493e-02
    outer loop
      vertex   2.757316e+00 1.716667e+02 -4.492700e-01
      vertex   2.757316e+00 1.588333e+02 -4.492700e-01
      vertex   2.732484e+00 1.716667e+02 2.391982e-01
    endloop
  endfacet
  facet normal -9.993502e-01 2.746962e-18 -3.604493e-02
    outer loop
      vertex   2.757316e+00 1.716667e+02 -4.492700e-01
      vertex   2.732484e+00 1.716667e+02 2.391982e-01
      vertex   2.732484e+00 1.845000e+02 2.391982e-01
    endloop
  endfacet
  facet normal -9.590330e-01 1.838103e-17 -2.832942e-01
    outer loop
      vertex   2.732484e+00 1.845000e+02 2.391982e-01
      vertex   2.732484e+00 1.716667e+02 2.391982e-01
      vertex   2.537318e+00 1.845000e+02 8.998913e-01
    endloop
  endfacet
  facet normal -9.590330e-01 -1.358029e-17 -2.832942e-01
    outer loop
      vertex   2.537318e+00 1.845000e+02 8.998913e-01
      vertex   2.732484e+00 1.716667e+02 2.391982e-01
      vertex   2.537318e+00 1.716667e+02 8.998913e-01
    endloop
  endfacet
  facet normal -8.585292e-01 5.778930e-18 -5.127646e-01
    outer loop
      vertex   2.537318e+00 1.845000e+02 8.998913e-01
      vertex   2.537318e+00 1.716667e+02 8.998913e-01
      vertex   2.184066e+00 1.845000e+02 1.491346e+00
    endloop
  endfacet
  facet normal -8.585292e-01 4.435972e-17 -5.127646e-01
    outer loop
      vertex   2.184066e+00 1.845000e+02 1.491346e+00
      vertex   2.537318e+00 1.716667e+02 8.998913e-01
      vertex   2.184066e+00 1.716667e+02 1.491346e+00
    endloop
  endfacet
  facet normal -7.041461e-01 6.142750e-17 -7.100551e-01
    outer loop
      vertex   2.184066e+00 1.845000e+02 1.491346e+00
      vertex   2.184066e+00 1.716667e+02 1.491346e+00
      vertex   1.694898e+00 1.845000e+02 1.976443e+00
    endloop
  endfacet
  facet normal -7.041461e-01 -2.436652e-17 -7.100551e-01
    outer loop
      vertex   1.694898e+00 1.845000e+02 1.976443e+00
      vertex   2.184066e+00 1.716667e+02 1.491346e+00
      vertex   1.694898e+00 1.716667e+02 1.976443e+00
    endloop
  endfacet
  facet normal -5.055724e-01 -1.749500e-17 -8.627842e-01
    outer loop
      vertex   1.694898e+00 1.845000e+02 1.976443e+00
      vertex   1.694898e+00 1.716667e+02 1.976443e+00
      vertex   1.100512e+00 1.845000e+02 2.324740e+00
    endloop
  endfacet
  facet normal -5.055724e-01 -0.000000e+00 -8.627842e-01
    outer loop
      vertex   1.100512e+00 1.845000e+02 2.324740e+00
      vertex   1.694898e+00 1.716667e+02 1.976443e+00
      vertex   1.100512e+00 1.716667e+02 2.324740e+00
    endloop
  endfacet
  facet normal -2.752701e-01 -0.000000e+00 -9.613669e-01
    outer loop
      vertex   1.100512e+00 1.845000e+02 2.324740e+00
      vertex   1.100512e+00 1.716667e+02 2.324740e+00
      vertex   4.382113e-01 1.845000e+02 2.514378e+00
    endloop
  endfacet
  facet normal -2.752701e-01 -1.190693e-18 -9.613669e-01
    outer loop
      vertex   4.382113e-01 1.845000e+02 2.514378e+00
      vertex   1.100512e+00 1.716667e+02 2.324740e+00
      vertex   4.382113e-01 1.716667e+02 2.514378e+00
    endloop
  endfacet
  facet normal -2.769250e-02 -1.197851e-19 -9.996165e-01
    outer loop
      vertex   4.382113e-01 1.845000e+02 2.514378e+00
      vertex   4.382113e-01 1.716667e+02 2.514378e+00
      vertex   -2.504403e-01 1.845000e+02 2.533456e+00
    endloop
  endfacet
  facet normal -2.769250e-02 1.197851e-18 -9.996165e-01
    outer loop
      vertex   -2.504403e-01 1.845000e+02 2.533456e+00
      vertex   4.382113e-01 1.716667e+02 2.514378e+00
      vertex   -2.504403e-01 1.716667e+02 2.533456e+00
    endloop
  endfacet
  facet normal 2.216230e-01 -9.586401e-18 -9.751324e-01
    outer loop
      vertex   -2.504403e-01 1.845000e+02 2.533456e+00
      vertex   -2.504403e-01 1.716667e+02 2.533456e+00
      vertex   -9.222245e-01 1.845000e+02 2.380776e+00
    endloop
  endfacet
  facet normal 2.216230e-01 2.799199e-17 -9.751324e-01
    outer loop
      vertex   -9.222245e-01 1.845000e+02 2.380776e+00
      vertex   -2.504403e-01 1.716667e+02 2.533456e+00
      vertex   -9.222245e-01 1.716667e+02 2.380776e+00
    endloop
  endfacet
  facet normal 4.570300e-01 1.891747e-17 -8.894513e-01
    outer loop
      vertex   -9.222245e-01 1.845000e+02 2.380776e+00
      vertex   -9.222245e-01 1.716667e+02 2.380776e+00
      vertex   -1.534982e+00 1.845000e+02 2.065921e+00
    endloop
  endfacet
  facet normal 4.570300e-01 7.056048e-18 -8.894513e-01
    outer loop
      vertex   -1.534982e+00 1.845000e+02 2.065921e+00
      vertex   -9.222245e-01 1.716667e+02 2.380776e+00
      vertex   -1.534982e+00 1.716667e+02 2.065921e+00
    endloop
  endfacet
  facet normal 6.637548e-01 -8.570872e-18 -7.479503e-01
    outer loop
      vertex   -1.534982e+00 1.845000e+02 2.065921e+00
      vertex   -1.534982e+00 1.716667e+02 2.065921e+00
      vertex   -2.050256e+00 1.845000e+02 1.608650e+00
    endloop
  endfacet
  facet normal 6.637548e-01 2.005527e-17 -7.479503e-01
    outer loop
      vertex   -2.050256e+00 1.845000e+02 1.608650e+00
      vertex   -1.534982e+00 1.716667e+02 2.065921e+00
      vertex   -2.050256e+00 1.716667e+02 1.608650e+00
    endloop
  endfacet
  facet normal 8.288239e-01 3.800036e-17 -5.595096e-01
    outer loop
      vertex   -2.050256e+00 1.845000e+02 1.608650e+00
      vertex   -2.050256e+00 1.716667e+02 1.608650e+00
      vertex   -2.435711e+00 1.845000e+02 1.037660e+00
    endloop
  endfacet
  facet normal 8.288239e-01 1.936147e-17 -5.595096e-01
    outer loop
      vertex   -2.435711e+00 1.845000e+02 1.037660e+00
      vertex   -2.050256e+00 1.716667e+02 1.608650e+00
      vertex   -2.435711e+00 1.716667e+02 1.037660e+00
    endloop
  endfacet
  facet normal 9.418779e-01 1.162552e-17 -3.359554e-01
    outer loop
      vertex   -2.435711e+00 1.845000e+02 1.037660e+00
      vertex   -2.435711e+00 1.716667e+02 1.037660e+00
      vertex   -2.667156e+00 1.845000e+02 3.887851e-01
    endloop
  endfacet
  facet normal 9.418779e-01 -4.857817e-17 -3.359554e-01
    outer loop
      vertex   -2.667156e+00 1.845000e+02 3.887851e-01
      vertex   -2.435711e+00 1.716667e+02 1.037660e+00
      vertex   -2.667156e+00 1.716667e+02 3.887851e-01
    endloop
  endfacet
  facet normal 9.958218e-01 -3.880474e-17 -9.131742e-02
    outer loop
      vertex   -2.667156e+00 1.845000e+02 3.887851e-01
      vertex   -2.667156e+00 1.716667e+02 3.887851e-01
      vertex   -2.730066e+00 1.845000e+02 -2.972523e-01
    endloop
  endfacet
  facet normal 9.958218e-01 -5.134968e-18 -9.131742e-02
    outer loop
      vertex   -2.730066e+00 1.845000e+02 -2.972523e-01
      vertex   -2.667156e+00 1.716667e+02 3.887851e-01
      vertex   -2.730066e+00 1.716667e+02 -2.972523e-01
    endloop
  endfacet
  facet normal 9.872703e-01 8.943792e-18 1.590514e-01
    outer loop
      vertex   -2.730066e+00 1.845000e+02 -2.972523e-01
      vertex   -2.730066e+00 1.716667e+02 -2.972523e-01
      vertex   -2.620493e+00 1.845000e+02 -9.773985e-01
    endloop
  endfacet
  facet normal 9.872703e-01 9.631776e-18 1.590514e-01
    outer loop
      vertex   -2.620493e+00 1.845000e+02 -9.773985e-01
      vertex   -2.730066e+00 1.716667e+02 -2.972523e-01
      vertex   -2.620493e+00 1.716667e+02 -9.773985e-01
    endloop
  endfacet
  facet normal 9.167600e-01 2.418905e-17 3.994386e-01
    outer loop
      vertex   -2.620493e+00 1.845000e+02 -9.773985e-01
      vertex   -2.620493e+00 1.716667e+02 -9.773985e-01
      vertex   -2.345314e+00 1.845000e+02 -1.608969e+00
    endloop
  endfacet
  facet normal 9.167600e-01 -1.790157e-17 3.994386e-01
    outer loop
      vertex   -2.345314e+00 1.845000e+02 -1.608969e+00
      vertex   -2.620493e+00 1.716667e+02 -9.773985e-01
      vertex   -2.345314e+00 1.716667e+02 -1.608969e+00
    endloop
  endfacet
  facet normal 7.887159e-01 -6.019704e-18 6.147579e-01
    outer loop
      vertex   -2.345314e+00 1.845000e+02 -1.608969e+00
      vertex   -2.345314e+00 1.716667e+02 -1.608969e+00
      vertex   -1.921797e+00 1.845000e+02 -2.152328e+00
    endloop
  endfacet
  facet normal 7.887159e-01 1.525360e-17 6.147579e-01
    outer loop
      vertex   -1.921797e+00 1.845000e+02 -2.152328e+00
      vertex   -2.345314e+00 1.716667e+02 -1.608969e+00
      vertex   -1.921797e+00 1.716667e+02 -2.152328e+00
    endloop
  endfacet
  facet normal 6.111738e-01 3.362917e-17 7.914964e-01
    outer loop
      vertex   -1.921797e+00 1.845000e+02 -2.152328e+00
      vertex   -1.921797e+00 1.716667e+02 -2.152328e+00
      vertex   -1.376523e+00 1.845000e+02 -2.573375e+00
    endloop
  endfacet
  facet normal 6.111738e-01 -2.197570e-17 7.914964e-01
    outer loop
      vertex   -1.376523e+00 1.845000e+02 -2.573375e+00
      vertex   -1.921797e+00 1.716667e+02 -2.152328e+00
      vertex   -1.921797e+00 1.588333e+02 -2.152328e+00
    endloop
  endfacet
  facet normal 6.111738e-01 0.000000e+00 7.914964e-01
    outer loop
      vertex   -1.376523e+00 1.845000e+02 -2.573375e+00
      vertex   -1.921797e+00 1.588333e+02 -2.152328e+00
      vertex   -1.921797e+00 1.460000e+02 -2.152328e+00
    endloop
  endfacet
  facet normal 7.887159e-01 -0.000000e+00 6.147579e-01
    outer loop
      vertex   -1.921797e+00 1.460000e+02 -2.152328e+00
      vertex   -1.921797e+00 1.588333e+02 -2.152328e+00
      vertex   -2.345314e+00 1.460000e+02 -1.608969e+00
    endloop
  endfacet
  facet normal 7.887159e-01 -5.023016e-17 6.147579e-01
    outer loop
      vertex   -1.921797e+00 1.460000e+02 -2.152328e+00
      vertex   -2.345314e+00 1.460000e+02 -1.608969e+00
      vertex   -2.345314e+00 1.331667e+02 -1.608969e+00
    endloop
  endfacet
  facet normal 9.167600e-01 -5.663798e-18 3.994386e-01
    outer loop
      vertex   -2.345314e+00 1.331667e+02 -1.608969e+00
      vertex   -2.345314e+00 1.460000e+02 -1.608969e+00
      vertex   -2.620493e+00 1.331667e+02 -9.773985e-01
    endloop
  endfacet
  facet normal 9.167600e-01 3.139385e-18 3.994386e-01
    outer loop
      vertex   -2.345314e+00 1.331667e+02 -1.608969e+00
      vertex   -2.620493e+00 1.331667e+02 -9.773985e-01
      vertex   -2.620493e+00 1.203333e+02 -9.773985e-01
    endloop
  endfacet
  facet normal 9.872703e-01 2.315611e-17 1.590514e-01
    outer loop
      vertex   -2.620493e+00 1.203333e+02 -9.773985e-01
      vertex   -2.620493e+00 1.331667e+02 -9.773985e-01
      vertex   -2.730066e+00 1.203333e+02 -2.972523e-01
    endloop
  endfacet
  facet normal 9.872703e-01 -1.883631e-17 1.590514e-01
    outer loop
      vertex   -2.620493e+00 1.203333e+02 -9.773985e-01
      vertex   -2.730066e+00 1.203333e+02 -2.972523e-01
      vertex   -2.730066e+00 1.075000e+02 -2.972523e-01
    endloop
  endfacet
  facet normal 9.958218e-01 1.105993e-17 -9.131742e-02
    outer loop
      vertex   -2.730066e+00 1.075000e+02 -2.972523e-01
      vertex   -2.730066e+00 1.203333e+02 -2.972523e-01
      vertex   -2.667156e+00 1.075000e+02 3.887851e-01
    endloop
  endfacet
  facet normal 9.958218e-01 -5.983460e-17 -9.131742e-02
    outer loop
      vertex   -2.667156e+00 1.075000e+02 3.887851e-01
      vertex   -2.730066e+00 1.203333e+02 -2.972523e-01
      vertex   -2.667156e+00 1.203333e+02 3.887851e-01
    endloop
  endfacet
  facet normal 9.418779e-01 -3.176278e-17 -3.359554e-01
    outer loop
      vertex   -2.667156e+00 1.075000e+02 3.887851e-01
      vertex   -2.667156e+00 1.203333e+02 3.887851e-01
      vertex   -2.435711e+00 1.075000e+02 1.037660e+00
    endloop
  endfacet
  facet normal 9.418779e-01 0.000000e+00 -3.359554e-01
    outer loop
      vertex   -2.435711e+00 1.075000e+02 1.037660e+00
      vertex   -2.667156e+00 1.203333e+02 3.887851e-01
      vertex   -2.435711e+00 1.203333e+02 1.037660e+00
    endloop
  endfacet
  facet normal 8.288239e-01 0.000000e+00 -5.595096e-01
    outer loop
      vertex   -2.435711e+00 1.075000e+02 1.037660e+00
      vertex   -2.435711e+00 1.203333e+02 1.037660e+00
      vertex   -2.050256e+00 1.075000e+02 1.608650e+00
    endloop
  endfacet
  facet normal 8.288239e-01 -9.680734e-18 -5.595096e-01
    outer loop
      vertex   -2.050256e+00 1.075000e+02 1.608650e+00
      vertex   -2.435711e+00 1.203333e+02 1.037660e+00
      vertex   -2.050256e+00 1.203333e+02 1.608650e+00
    endloop
  endfacet
  facet normal 6.637548e-01 -1.294117e-17 -7.479503e-01
    outer loop
      vertex   -2.050256e+00 1.075000e+02 1.608650e+00
      vertex   -2.050256e+00 1.203333e+02 1.608650e+00
      vertex   -1.534982e+00 1.075000e+02 2.065921e+00
    endloop
  endfacet
  facet normal 6.637548e-01 0.000000e+00 -7.479503e-01
    outer loop
      vertex   -1.534982e+00 1.075000e+02 2.065921e+00
      vertex   -2.050256e+00 1.203333e+02 1.608650e+00
      vertex   -1.534982e+00 1.203333e+02 2.065921e+00
    endloop
  endfacet
  facet normal 4.570300e-01 0.000000e+00 -8.894513e-01
    outer loop
      vertex   -1.534982e+00 1.075000e+02 2.065921e+00
      vertex   -1.534982e+00 1.203333e+02 2.065921e+00
      vertex   -9.222245e-01 1.075000e+02 2.380776e+00
    endloop
  endfacet
  facet normal 4.570300e-01 0.000000e+00 -8.894513e-01
    outer loop
      vertex   -9.222245e-01 1.075000e+02 2.380776e+00
      vertex   -1.534982e+00 1.203333e+02 2.065921e+00
      vertex   -9.222245e-01 1.203333e+02 2.380776e+00
    endloop
  endfacet
  facet normal 2.216230e-01 0.000000e+00 -9.751324e-01
    outer loop
      vertex   -9.222245e-01 1.075000e+02 2.380776e+00
      vertex   -9.222245e-01 1.203333e+02 2.380776e+00
      vertex   -2.504403e-01 1.075000e+02 2.533456e+00
    endloop
  endfacet
  facet normal 2.216230e-01 1.917280e-17 -9.751324e-01
    outer loop
      vertex   -2.504403e-01 1.075000e+02 2.533456e+00
      vertex   -9.222245e-01 1.203333e+02 2.380776e+00
      vertex   -2.504403e-01 1.203333e+02 2.533456e+00
    endloop
  endfacet
  facet normal -2.769250e-02 -2.395702e-18 -9.996165e-01
    outer loop
      vertex   -2.504403e-01 1.075000e+02 2.533456e+00
      vertex   -2.504403e-01 1.203333e+02 2.533456e+00
      vertex   4.382113e-01 1.075000e+02 2.514378e+00
    endloop
  endfacet
  facet normal -2.769250e-02 6.810410e-17 -9.996165e-01
    outer loop
      vertex   4.382113e-01 1.075000e+02 2.514378e+00
      vertex   -2.504403e-01 1.203333e+02 2.533456e+00
      vertex   4.382113e-01 1.203333e+02 2.514378e+00
    endloop
  endfacet
  facet normal -2.752701e-01 5.581873e-17 -9.613669e-01
    outer loop
      vertex   4.382113e-01 1.075000e+02 2.514378e+00
      vertex   4.382113e-01 1.203333e+02 2.514378e+00
      vertex   1.100512e+00 1.075000e+02 2.324740e+00
    endloop
  endfacet
  facet normal -2.752701e-01 -9.525543e-18 -9.613669e-01
    outer loop
      vertex   1.100512e+00 1.075000e+02 2.324740e+00
      vertex   4.382113e-01 1.203333e+02 2.514378e+00
      vertex   1.100512e+00 1.203333e+02 2.324740e+00
    endloop
  endfacet
  facet normal -5.055724e-01 -1.749500e-17 -8.627842e-01
    outer loop
      vertex   1.100512e+00 1.075000e+02 2.324740e+00
      vertex   1.100512e+00 1.203333e+02 2.324740e+00
      vertex   1.694898e+00 1.075000e+02 1.976443e+00
    endloop
  endfacet
  facet normal -5.055724e-01 -2.566960e-18 -8.627842e-01
    outer loop
      vertex   1.694898e+00 1.075000e+02 1.976443e+00
      vertex   1.100512e+00 1.203333e+02 2.324740e+00
      vertex   1.694898e+00 1.203333e+02 1.976443e+00
    endloop
  endfacet
  facet normal -7.041461e-01 -1.208102e-17 -7.100551e-01
    outer loop
      vertex   1.694898e+00 1.075000e+02 1.976443e+00
      vertex   1.694898e+00 1.203333e+02 1.976443e+00
      vertex   2.184066e+00 1.075000e+02 1.491346e+00
    endloop
  endfacet
  facet normal -7.041461e-01 2.497996e-17 -7.100551e-01
    outer loop
      vertex   2.184066e+00 1.075000e+02 1.491346e+00
      vertex   1.694898e+00 1.203333e+02 1.976443e+00
      vertex   2.184066e+00 1.203333e+02 1.491346e+00
    endloop
  endfacet
  facet normal -8.585292e-01 -6.186029e-18 -5.127646e-01
    outer loop
      vertex   2.184066e+00 1.075000e+02 1.491346e+00
      vertex   2.184066e+00 1.203333e+02 1.491346e+00
      vertex   2.537318e+00 1.075000e+02 8.998913e-01
    endloop
  endfacet
  facet normal -8.585292e-01 -1.505797e-17 -5.127646e-01
    outer loop
      vertex   2.537318e+00 1.075000e+02 8.998913e-01
      vertex   2.184066e+00 1.203333e+02 1.491346e+00
      vertex   2.537318e+00 1.203333e+02 8.998913e-01
    endloop
  endfacet
  facet normal -9.590330e-01 -4.186540e-17 -2.832942e-01
    outer loop
      vertex   2.537318e+00 1.075000e+02 8.998913e-01
      vertex   2.537318e+00 1.203333e+02 8.998913e-01
      vertex   2.732484e+00 1.075000e+02 2.391982e-01
    endloop
  endfacet
  facet normal -9.590330e-01 -5.615180e-18 -2.832942e-01
    outer loop
      vertex   2.732484e+00 1.075000e+02 2.391982e-01
      vertex   2.537318e+00 1.203333e+02 8.998913e-01
      vertex   2.732484e+00 1.203333e+02 2.391982e-01
    endloop
  endfacet
  facet normal -9.993502e-01 -3.107380e-17 -3.604493e-02
    outer loop
      vertex   2.732484e+00 1.075000e+02 2.391982e-01
      vertex   2.732484e+00 1.203333e+02 2.391982e-01
      vertex   2.757316e+00 1.075000e+02 -4.492700e-01
    endloop
  endfacet
  facet normal -9.993502e-01 3.879154e-17 -3.604493e-02
    outer loop
      vertex   2.757316e+00 1.075000e+02 -4.492700e-01
      vertex   2.732484e+00 1.203333e+02 2.391982e-01
      vertex   2.757316e+00 1.203333e+02 -4.492700e-01
    endloop
  endfacet
  facet normal -9.769504e-01 8.876053e-18 2.134665e-01
    outer loop
      vertex   2.757316e+00 1.075000e+02 -4.492700e-01
      vertex   2.757316e+00 1.203333e+02 -4.492700e-01
      vertex   2.610255e+00 1.075000e+02 -1.122307e+00
    endloop
  endfacet
  facet normal -9.769504e-01 -2.825447e-17 2.134665e-01
    outer loop
      vertex   2.610255e+00 1.075000e+02 -1.122307e+00
      vertex   2.757316e+00 1.203333e+02 -4.492700e-01
      vertex   2.757316e+00 1.331667e+02 -4.492700e-01
    endloop
  endfacet
  facet normal -9.769504e-01 -2.354539e-17 2.134665e-01
    outer loop
      vertex   2.610255e+00 1.075000e+02 -1.122307e+00
      vertex   2.757316e+00 1.331667e+02 -4.492700e-01
      vertex   2.757316e+00 1.460000e+02 -4.492700e-01
    endloop
  endfacet
  facet normal -9.993502e-01 4.053762e-18 -3.604493e-02
    outer loop
      vertex   2.757316e+00 1.460000e+02 -4.492700e-01
      vertex   2.757316e+00 1.331667e+02 -4.492700e-01
      vertex   2.732484e+00 1.460000e+02 2.391982e-01
    endloop
  endfacet
  facet normal -9.993502e-01 3.139385e-18 -3.604493e-02
    outer loop
      vertex   2.757316e+00 1.460000e+02 -4.492700e-01
      vertex   2.732484e+00 1.460000e+02 2.391982e-01
      vertex   2.732484e+00 1.588333e+02 2.391982e-01
    endloop
  endfacet
  facet normal -9.590330e-01 2.450803e-17 -2.832942e-01
    outer loop
      vertex   2.732484e+00 1.588333e+02 2.391982e-01
      vertex   2.732484e+00 1.460000e+02 2.391982e-01
      vertex   2.537318e+00 1.588333e+02 8.998913e-01
    endloop
  endfacet
  facet normal -9.590330e-01 -9.418155e-18 -2.832942e-01
    outer loop
      vertex   2.732484e+00 1.588333e+02 2.391982e-01
      vertex   2.537318e+00 1.588333e+02 8.998913e-01
      vertex   2.537318e+00 1.716667e+02 8.998913e-01
    endloop
  endfacet
  facet normal -8.585292e-01 1.465087e-17 -5.127646e-01
    outer loop
      vertex   2.537318e+00 1.716667e+02 8.998913e-01
      vertex   2.537318e+00 1.588333e+02 8.998913e-01
      vertex   2.184066e+00 1.716667e+02 1.491346e+00
    endloop
  endfacet
  facet normal 9.872703e-01 -1.726662e-17 1.590514e-01
    outer loop
      vertex   -2.730066e+00 1.075000e+02 -2.972523e-01
      vertex   -2.620493e+00 1.075000e+02 -9.773985e-01
      vertex   -2.620493e+00 1.203333e+02 -9.773985e-01
    endloop
  endfacet
  facet normal 9.167600e-01 -4.492252e-17 3.994386e-01
    outer loop
      vertex   -2.620493e+00 1.203333e+02 -9.773985e-01
      vertex   -2.620493e+00 1.075000e+02 -9.773985e-01
      vertex   -2.345314e+00 1.203333e+02 -1.608969e+00
    endloop
  endfacet
  facet normal 9.167600e-01 0.000000e+00 3.994386e-01
    outer loop
      vertex   -2.620493e+00 1.203333e+02 -9.773985e-01
      vertex   -2.345314e+00 1.203333e+02 -1.608969e+00
      vertex   -2.345314e+00 1.331667e+02 -1.608969e+00
    endloop
  endfacet
  facet normal 7.887159e-01 0.000000e+00 6.147579e-01
    outer loop
      vertex   -2.345314e+00 1.331667e+02 -1.608969e+00
      vertex   -2.345314e+00 1.203333e+02 -1.608969e+00
      vertex   -1.921797e+00 1.331667e+02 -2.152328e+00
    endloop
  endfacet
  facet normal 7.887159e-01 2.511508e-17 6.147579e-01
    outer loop
      vertex   -2.345314e+00 1.331667e+02 -1.608969e+00
      vertex   -1.921797e+00 1.331667e+02 -2.152328e+00
      vertex   -1.921797e+00 1.460000e+02 -2.152328e+00
    endloop
  endfacet
  facet normal 6.111738e-01 -2.495979e-17 7.914964e-01
    outer loop
      vertex   -1.921797e+00 1.460000e+02 -2.152328e+00
      vertex   -1.921797e+00 1.331667e+02 -2.152328e+00
      vertex   -1.376523e+00 1.075000e+02 -2.573375e+00
    endloop
  endfacet
  facet normal 6.111738e-01 -7.900786e-17 7.914964e-01
    outer loop
      vertex   -1.921797e+00 1.460000e+02 -2.152328e+00
      vertex   -1.376523e+00 1.075000e+02 -2.573375e+00
      vertex   -1.376523e+00 1.845000e+02 -2.573375e+00
    endloop
  endfacet
  facet normal 9.167600e-01 -1.255754e-17 3.994386e-01
    outer loop
      vertex   -2.620493e+00 1.075000e+02 -9.773985e-01
      vertex   -2.345314e+00 1.075000e+02 -1.608969e+00
      vertex   -2.345314e+00 1.203333e+02 -1.608969e+00
    endloop
  endfacet
  facet normal 7.887159e-01 -6.241714e-17 6.147579e-01
    outer loop
      vertex   -2.345314e+00 1.203333e+02 -1.608969e+00
      vertex   -2.345314e+00 1.075000e+02 -1.608969e+00
      vertex   -1.921797e+00 1.203333e+02 -2.152328e+00
    endloop
  endfacet
  facet normal 7.887159e-01 0.000000e+00 6.147579e-01
    outer loop
      vertex   -2.345314e+00 1.203333e+02 -1.608969e+00
      vertex   -1.921797e+00 1.203333e+02 -2.152328e+00
      vertex   -1.921797e+00 1.331667e+02 -2.152328e+00
    endloop
  endfacet
  facet normal 6.111738e-01 0.000000e+00 7.914964e-01
    outer loop
      vertex   -1.921797e+00 1.331667e+02 -2.152328e+00
      vertex   -1.921797e+00 1.203333e+02 -2.152328e+00
      vertex   -1.376523e+00 1.075000e+02 -2.573375e+00
    endloop
  endfacet
  facet normal 7.887159e-01 2.511508e-17 6.147579e-01
    outer loop
      vertex   -2.345314e+00 1.075000e+02 -1.608969e+00
      vertex   -1.921797e+00 1.075000e+02 -2.152328e+00
      vertex   -1.921797e+00 1.203333e+02 -2.152328e+00
    endloop
  endfacet
  facet normal 6.111738e-01 -2.495979e-17 7.914964e-01
    outer loop
      vertex   -1.921797e+00 1.203333e+02 -2.152328e+00
      vertex   -1.921797e+00 1.075000e+02 -2.152328e+00
      vertex   -1.376523e+00 1.075000e+02 -2.573375e+00
    endloop
  endfacet
  facet normal -9.993502e-01 4.709078e-18 -3.604493e-02
    outer loop
      vertex   2.732484e+00 1.845000e+02 2.391982e-01
      vertex   2.757316e+00 1.845000e+02 -4.492700e-01
      vertex   2.757316e+00 1.716667e+02 -4.492700e-01
    endloop
  endfacet
  facet normal -9.769504e-01 -2.770076e-17 2.134665e-01
    outer loop
      vertex   2.757316e+00 1.716667e+02 -4.492700e-01
      vertex   2.757316e+00 1.845000e+02 -4.492700e-01
      vertex   2.610255e+00 1.845000e+02 -1.122307e+00
    endloop
  endfacet
  facet normal -9.993502e-01 4.677418e-18 -3.604493e-02
    outer loop
      vertex   2.757316e+00 1.331667e+02 -4.492700e-01
      vertex   2.757316e+00 1.203333e+02 -4.492700e-01
      vertex   2.732484e+00 1.331667e+02 2.391982e-01
    endloop
  endfacet
  facet normal -9.993502e-01 3.508063e-18 -3.604493e-02
    outer loop
      vertex   2.732484e+00 1.331667e+02 2.391982e-01
      vertex   2.757316e+00 1.203333e+02 -4.492700e-01
      vertex   2.732484e+00 1.203333e+02 2.391982e-01
    endloop
  endfacet
  facet normal -9.590330e-01 2.757154e-17 -2.832942e-01
    outer loop
      vertex   2.732484e+00 1.331667e+02 2.391982e-01
      vertex   2.732484e+00 1.203333e+02 2.391982e-01
      vertex   2.537318e+00 1.331667e+02 8.998913e-01
    endloop
  endfacet
  facet normal -9.590330e-01 2.695884e-17 -2.832942e-01
    outer loop
      vertex   2.537318e+00 1.331667e+02 8.998913e-01
      vertex   2.732484e+00 1.203333e+02 2.391982e-01
      vertex   2.537318e+00 1.203333e+02 8.998913e-01
    endloop
  endfacet
  facet normal -8.585292e-01 4.879570e-17 -5.127646e-01
    outer loop
      vertex   2.537318e+00 1.331667e+02 8.998913e-01
      vertex   2.537318e+00 1.203333e+02 8.998913e-01
      vertex   2.184066e+00 1.331667e+02 1.491346e+00
    endloop
  endfacet
  facet normal -8.585292e-01 -4.167381e-17 -5.127646e-01
    outer loop
      vertex   2.184066e+00 1.331667e+02 1.491346e+00
      vertex   2.537318e+00 1.203333e+02 8.998913e-01
      vertex   2.184066e+00 1.203333e+02 1.491346e+00
    endloop
  endfacet
  facet normal -7.041461e-01 -2.416204e-17 -7.100551e-01
    outer loop
      vertex   2.184066e+00 1.331667e+02 1.491346e+00
      vertex   2.184066e+00 1.203333e+02 1.491346e+00
      vertex   1.694898e+00 1.331667e+02 1.976443e+00
    endloop
  endfacet
  facet normal -7.041461e-01 3.067189e-19 -7.100551e-01
    outer loop
      vertex   1.694898e+00 1.331667e+02 1.976443e+00
      vertex   2.184066e+00 1.203333e+02 1.491346e+00
      vertex   1.694898e+00 1.203333e+02 1.976443e+00
    endloop
  endfacet
  facet normal -5.055724e-01 1.854163e-17 -8.627842e-01
    outer loop
      vertex   1.694898e+00 1.331667e+02 1.976443e+00
      vertex   1.694898e+00 1.203333e+02 1.976443e+00
      vertex   1.100512e+00 1.331667e+02 2.324740e+00
    endloop
  endfacet
  facet normal -5.055724e-01 -3.499001e-17 -8.627842e-01
    outer loop
      vertex   1.100512e+00 1.331667e+02 2.324740e+00
      vertex   1.694898e+00 1.203333e+02 1.976443e+00
      vertex   1.100512e+00 1.203333e+02 2.324740e+00
    endloop
  endfacet
  facet normal -2.752701e-01 -1.905109e-17 -9.613669e-01
    outer loop
      vertex   1.100512e+00 1.331667e+02 2.324740e+00
      vertex   1.100512e+00 1.203333e+02 2.324740e+00
      vertex   4.382113e-01 1.331667e+02 2.514378e+00
    endloop
  endfacet
  facet normal -2.752701e-01 -1.309762e-17 -9.613669e-01
    outer loop
      vertex   4.382113e-01 1.331667e+02 2.514378e+00
      vertex   1.100512e+00 1.203333e+02 2.324740e+00
      vertex   4.382113e-01 1.203333e+02 2.514378e+00
    endloop
  endfacet
  facet normal -2.769250e-02 -1.317636e-18 -9.996165e-01
    outer loop
      vertex   4.382113e-01 1.331667e+02 2.514378e+00
      vertex   4.382113e-01 1.203333e+02 2.514378e+00
      vertex   -2.504403e-01 1.331667e+02 2.533456e+00
    endloop
  endfacet
  facet normal -2.769250e-02 -0.000000e+00 -9.996165e-01
    outer loop
      vertex   -2.504403e-01 1.331667e+02 2.533456e+00
      vertex   4.382113e-01 1.203333e+02 2.514378e+00
      vertex   -2.504403e-01 1.203333e+02 2.533456e+00
    endloop
  endfacet
  facet normal 2.216230e-01 0.000000e+00 -9.751324e-01
    outer loop
      vertex   -2.504403e-01 1.331667e+02 2.533456e+00
      vertex   -2.504403e-01 1.203333e+02 2.533456e+00
      vertex   -9.222245e-01 1.331667e+02 2.380776e+00
    endloop
  endfacet
  facet normal 2.216230e-01 0.000000e+00 -9.751324e-01
    outer loop
      vertex   -9.222245e-01 1.331667e+02 2.380776e+00
      vertex   -2.504403e-01 1.203333e+02 2.533456e+00
      vertex   -9.222245e-01 1.203333e+02 2.380776e+00
    endloop
  endfacet
  facet normal 4.570300e-01 0.000000e+00 -8.894513e-01
    outer loop
      vertex   -9.222245e-01 1.331667e+02 2.380776e+00
      vertex   -9.222245e-01 1.203333e+02 2.380776e+00
      vertex   -1.534982e+00 1.331667e+02 2.065921e+00
    endloop
  endfacet
  facet normal 4.570300e-01 0.000000e+00 -8.894513e-01
    outer loop
      vertex   -1.534982e+00 1.331667e+02 2.065921e+00
      vertex   -9.222245e-01 1.203333e+02 2.380776e+00
      vertex   -1.534982e+00 1.203333e+02 2.065921e+00
    endloop
  endfacet
  facet normal 6.637548e-01 0.000000e+00 -7.479503e-01
    outer loop
      vertex   -1.534982e+00 1.331667e+02 2.065921e+00
      vertex   -1.534982e+00 1.203333e+02 2.065921e+00
      vertex   -2.050256e+00 1.331667e+02 1.608650e+00
    endloop
  endfacet
  facet normal 6.637548e-01 0.000000e+00 -7.479503e-01
    outer loop
      vertex   -2.050256e+00 1.331667e+02 1.608650e+00
      vertex   -1.534982e+00 1.203333e+02 2.065921e+00
      vertex   -2.050256e+00 1.203333e+02 1.608650e+00
    endloop
  endfacet
  facet normal 8.288239e-01 0.000000e+00 -5.595096e-01
    outer loop
      vertex   -2.050256e+00 1.331667e+02 1.608650e+00
      vertex   -2.050256e+00 1.203333e+02 1.608650e+00
      vertex   -2.435711e+00 1.331667e+02 1.037660e+00
    endloop
  endfacet
  facet normal 8.288239e-01 0.000000e+00 -5.595096e-01
    outer loop
      vertex   -2.435711e+00 1.331667e+02 1.037660e+00
      vertex   -2.050256e+00 1.203333e+02 1.608650e+00
      vertex   -2.435711e+00 1.203333e+02 1.037660e+00
    endloop
  endfacet
  facet normal 9.418779e-01 0.000000e+00 -3.359554e-01
    outer loop
      vertex   -2.435711e+00 1.331667e+02 1.037660e+00
      vertex   -2.435711e+00 1.203333e+02 1.037660e+00
      vertex   -2.667156e+00 1.331667e+02 3.887851e-01
    endloop
  endfacet
  facet normal 9.418779e-01 0.000000e+00 -3.359554e-01
    outer loop
      vertex   -2.667156e+00 1.331667e+02 3.887851e-01
      vertex   -2.435711e+00 1.203333e+02 1.037660e+00
      vertex   -2.667156e+00 1.203333e+02 3.887851e-01
    endloop
  endfacet
  facet normal 9.958218e-01 0.000000e+00 -9.131742e-02
    outer loop
      vertex   -2.667156e+00 1.331667e+02 3.887851e-01
      vertex   -2.667156e+00 1.203333e+02 3.887851e-01
      vertex   -2.730066e+00 1.331667e+02 -2.972523e-01
    endloop
  endfacet
  facet normal 9.958218e-01 7.109956e-18 -9.131742e-02
    outer loop
      vertex   -2.730066e+00 1.331667e+02 -2.972523e-01
      vertex   -2.667156e+00 1.203333e+02 3.887851e-01
      vertex   -2.730066e+00 1.203333e+02 -2.972523e-01
    endloop
  endfacet
  facet normal 9.872703e-01 -1.238371e-17 1.590514e-01
    outer loop
      vertex   -2.730066e+00 1.331667e+02 -2.972523e-01
      vertex   -2.730066e+00 1.203333e+02 -2.972523e-01
      vertex   -2.620493e+00 1.331667e+02 -9.773985e-01
    endloop
  endfacet
  facet normal -9.993502e-01 -3.068402e-17 -3.604493e-02
    outer loop
      vertex   2.732484e+00 1.716667e+02 2.391982e-01
      vertex   2.757316e+00 1.588333e+02 -4.492700e-01
      vertex   2.732484e+00 1.588333e+02 2.391982e-01
    endloop
  endfacet
  facet normal -9.993502e-01 7.377555e-17 -3.604493e-02
    outer loop
      vertex   2.732484e+00 1.588333e+02 2.391982e-01
      vertex   2.757316e+00 1.588333e+02 -4.492700e-01
      vertex   2.757316e+00 1.460000e+02 -4.492700e-01
    endloop
  endfacet
  facet normal -9.993502e-01 3.139385e-18 -3.604493e-02
    outer loop
      vertex   2.757316e+00 1.331667e+02 -4.492700e-01
      vertex   2.732484e+00 1.331667e+02 2.391982e-01
      vertex   2.732484e+00 1.460000e+02 2.391982e-01
    endloop
  endfacet
  facet normal -9.590330e-01 2.450803e-17 -2.832942e-01
    outer loop
      vertex   2.732484e+00 1.460000e+02 2.391982e-01
      vertex   2.732484e+00 1.331667e+02 2.391982e-01
      vertex   2.537318e+00 1.460000e+02 8.998913e-01
    endloop
  endfacet
  facet normal -9.590330e-01 1.883631e-17 -2.832942e-01
    outer loop
      vertex   2.732484e+00 1.460000e+02 2.391982e-01
      vertex   2.537318e+00 1.460000e+02 8.998913e-01
      vertex   2.537318e+00 1.588333e+02 8.998913e-01
    endloop
  endfacet
  facet normal -8.585292e-01 3.548778e-17 -5.127646e-01
    outer loop
      vertex   2.537318e+00 1.588333e+02 8.998913e-01
      vertex   2.537318e+00 1.460000e+02 8.998913e-01
      vertex   2.184066e+00 1.588333e+02 1.491346e+00
    endloop
  endfacet
  facet normal -8.585292e-01 -4.395139e-17 -5.127646e-01
    outer loop
      vertex   2.537318e+00 1.588333e+02 8.998913e-01
      vertex   2.184066e+00 1.588333e+02 1.491346e+00
      vertex   2.184066e+00 1.716667e+02 1.491346e+00
    endloop
  endfacet
  facet normal -7.041461e-01 -2.416204e-17 -7.100551e-01
    outer loop
      vertex   2.184066e+00 1.716667e+02 1.491346e+00
      vertex   2.184066e+00 1.588333e+02 1.491346e+00
      vertex   1.694898e+00 1.716667e+02 1.976443e+00
    endloop
  endfacet
  facet normal -9.590330e-01 -4.676701e-17 -2.832942e-01
    outer loop
      vertex   2.537318e+00 1.460000e+02 8.998913e-01
      vertex   2.732484e+00 1.331667e+02 2.391982e-01
      vertex   2.537318e+00 1.331667e+02 8.998913e-01
    endloop
  endfacet
  facet normal -9.590330e-01 -3.139385e-18 -2.832942e-01
    outer loop
      vertex   2.537318e+00 1.716667e+02 8.998913e-01
      vertex   2.732484e+00 1.716667e+02 2.391982e-01
      vertex   2.732484e+00 1.588333e+02 2.391982e-01
    endloop
  endfacet
  facet normal -8.585292e-01 -2.392992e-17 -5.127646e-01
    outer loop
      vertex   2.537318e+00 1.460000e+02 8.998913e-01
      vertex   2.537318e+00 1.331667e+02 8.998913e-01
      vertex   2.184066e+00 1.460000e+02 1.491346e+00
    endloop
  endfacet
  facet normal -8.585292e-01 -1.196496e-17 -5.127646e-01
    outer loop
      vertex   2.184066e+00 1.460000e+02 1.491346e+00
      vertex   2.537318e+00 1.331667e+02 8.998913e-01
      vertex   2.184066e+00 1.331667e+02 1.491346e+00
    endloop
  endfacet
  facet normal -7.041461e-01 2.044793e-19 -7.100551e-01
    outer loop
      vertex   2.184066e+00 1.460000e+02 1.491346e+00
      vertex   2.184066e+00 1.331667e+02 1.491346e+00
      vertex   1.694898e+00 1.460000e+02 1.976443e+00
    endloop
  endfacet
  facet normal -7.041461e-01 -3.654978e-17 -7.100551e-01
    outer loop
      vertex   1.694898e+00 1.460000e+02 1.976443e+00
      vertex   2.184066e+00 1.331667e+02 1.491346e+00
      vertex   1.694898e+00 1.331667e+02 1.976443e+00
    endloop
  endfacet
  facet normal -5.055724e-01 -2.624251e-17 -8.627842e-01
    outer loop
      vertex   1.694898e+00 1.460000e+02 1.976443e+00
      vertex   1.694898e+00 1.331667e+02 1.976443e+00
      vertex   1.100512e+00 1.460000e+02 2.324740e+00
    endloop
  endfacet
  facet normal -5.055724e-01 -1.749500e-17 -8.627842e-01
    outer loop
      vertex   1.100512e+00 1.460000e+02 2.324740e+00
      vertex   1.694898e+00 1.331667e+02 1.976443e+00
      vertex   1.100512e+00 1.331667e+02 2.324740e+00
    endloop
  endfacet
  facet normal -2.752701e-01 -9.525543e-18 -9.613669e-01
    outer loop
      vertex   1.100512e+00 1.460000e+02 2.324740e+00
      vertex   1.100512e+00 1.331667e+02 2.324740e+00
      vertex   4.382113e-01 1.460000e+02 2.514378e+00
    endloop
  endfacet
  facet normal -2.752701e-01 -8.082328e-17 -9.613669e-01
    outer loop
      vertex   4.382113e-01 1.460000e+02 2.514378e+00
      vertex   1.100512e+00 1.331667e+02 2.324740e+00
      vertex   4.382113e-01 1.331667e+02 2.514378e+00
    endloop
  endfacet
  facet normal -2.769250e-02 -7.061959e-17 -9.996165e-01
    outer loop
      vertex   4.382113e-01 1.460000e+02 2.514378e+00
      vertex   4.382113e-01 1.331667e+02 2.514378e+00
      vertex   -2.504403e-01 1.460000e+02 2.533456e+00
    endloop
  endfacet
  facet normal -2.769250e-02 -2.635273e-18 -9.996165e-01
    outer loop
      vertex   -2.504403e-01 1.460000e+02 2.533456e+00
      vertex   4.382113e-01 1.331667e+02 2.514378e+00
      vertex   -2.504403e-01 1.331667e+02 2.533456e+00
    endloop
  endfacet
  facet normal 2.216230e-01 2.109008e-17 -9.751324e-01
    outer loop
      vertex   -2.504403e-01 1.460000e+02 2.533456e+00
      vertex   -2.504403e-01 1.331667e+02 2.533456e+00
      vertex   -9.222245e-01 1.460000e+02 2.380776e+00
    endloop
  endfacet
  facet normal 2.216230e-01 0.000000e+00 -9.751324e-01
    outer loop
      vertex   -9.222245e-01 1.460000e+02 2.380776e+00
      vertex   -2.504403e-01 1.331667e+02 2.533456e+00
      vertex   -9.222245e-01 1.331667e+02 2.380776e+00
    endloop
  endfacet
  facet normal 4.570300e-01 0.000000e+00 -8.894513e-01
    outer loop
      vertex   -9.222245e-01 1.460000e+02 2.380776e+00
      vertex   -9.222245e-01 1.331667e+02 2.380776e+00
      vertex   -1.534982e+00 1.460000e+02 2.065921e+00
    endloop
  endfacet
  facet normal 4.570300e-01 0.000000e+00 -8.894513e-01
    outer loop
      vertex   -1.534982e+00 1.460000e+02 2.065921e+00
      vertex   -9.222245e-01 1.331667e+02 2.380776e+00
      vertex   -1.534982e+00 1.331667e+02 2.065921e+00
    endloop
  endfacet
  facet normal 6.637548e-01 0.000000e+00 -7.479503e-01
    outer loop
      vertex   -1.534982e+00 1.460000e+02 2.065921e+00
      vertex   -1.534982e+00 1.331667e+02 2.065921e+00
      vertex   -2.050256e+00 1.460000e+02 1.608650e+00
    endloop
  endfacet
  facet normal 6.637548e-01 4.173703e-17 -7.479503e-01
    outer loop
      vertex   -2.050256e+00 1.460000e+02 1.608650e+00
      vertex   -1.534982e+00 1.331667e+02 2.065921e+00
      vertex   -2.050256e+00 1.331667e+02 1.608650e+00
    endloop
  endfacet
  facet normal 8.288239e-01 1.972276e-17 -5.595096e-01
    outer loop
      vertex   -2.050256e+00 1.460000e+02 1.608650e+00
      vertex   -2.050256e+00 1.331667e+02 1.608650e+00
      vertex   -2.435711e+00 1.460000e+02 1.037660e+00
    endloop
  endfacet
  facet normal 8.288239e-01 1.972276e-17 -5.595096e-01
    outer loop
      vertex   -2.435711e+00 1.460000e+02 1.037660e+00
      vertex   -2.050256e+00 1.331667e+02 1.608650e+00
      vertex   -2.435711e+00 1.331667e+02 1.037660e+00
    endloop
  endfacet
  facet normal 9.418779e-01 -3.529277e-18 -3.359554e-01
    outer loop
      vertex   -2.435711e+00 1.460000e+02 1.037660e+00
      vertex   -2.435711e+00 1.331667e+02 1.037660e+00
      vertex   -2.667156e+00 1.460000e+02 3.887851e-01
    endloop
  endfacet
  facet normal 9.418779e-01 0.000000e+00 -3.359554e-01
    outer loop
      vertex   -2.667156e+00 1.460000e+02 3.887851e-01
      vertex   -2.435711e+00 1.331667e+02 1.037660e+00
      vertex   -2.667156e+00 1.331667e+02 3.887851e-01
    endloop
  endfacet
  facet normal 9.958218e-01 0.000000e+00 -9.131742e-02
    outer loop
      vertex   -2.667156e+00 1.460000e+02 3.887851e-01
      vertex   -2.667156e+00 1.331667e+02 3.887851e-01
      vertex   -2.730066e+00 1.460000e+02 -2.972523e-01
    endloop
  endfacet
  facet normal 9.958218e-01 8.689946e-18 -9.131742e-02
    outer loop
      vertex   -2.730066e+00 1.460000e+02 -2.972523e-01
      vertex   -2.667156e+00 1.331667e+02 3.887851e-01
      vertex   -2.730066e+00 1.331667e+02 -2.972523e-01
    endloop
  endfacet
  facet normal 9.872703e-01 -1.513565e-17 1.590514e-01
    outer loop
      vertex   -2.730066e+00 1.460000e+02 -2.972523e-01
      vertex   -2.730066e+00 1.331667e+02 -2.972523e-01
      vertex   -2.620493e+00 1.460000e+02 -9.773985e-01
    endloop
  endfacet
  facet normal 9.872703e-01 1.765223e-17 1.590514e-01
    outer loop
      vertex   -2.620493e+00 1.460000e+02 -9.773985e-01
      vertex   -2.730066e+00 1.331667e+02 -2.972523e-01
      vertex   -2.620493e+00 1.331667e+02 -9.773985e-01
    endloop
  endfacet
  facet normal 9.167600e-01 -9.743056e-18 3.994386e-01
    outer loop
      vertex   -2.620493e+00 1.460000e+02 -9.773985e-01
      vertex   -2.620493e+00 1.331667e+02 -9.773985e-01
      vertex   -2.345314e+00 1.460000e+02 -1.608969e+00
    endloop
  endfacet
  facet normal -8.585292e-01 -6.278770e-18 -5.127646e-01
    outer loop
      vertex   2.537318e+00 1.460000e+02 8.998913e-01
      vertex   2.184066e+00 1.460000e+02 1.491346e+00
      vertex   2.184066e+00 1.588333e+02 1.491346e+00
    endloop
  endfacet
  facet normal -7.041461e-01 2.497996e-17 -7.100551e-01
    outer loop
      vertex   2.184066e+00 1.588333e+02 1.491346e+00
      vertex   2.184066e+00 1.460000e+02 1.491346e+00
      vertex   1.694898e+00 1.588333e+02 1.976443e+00
    endloop
  endfacet
  facet normal -7.041461e-01 1.255754e-17 -7.100551e-01
    outer loop
      vertex   2.184066e+00 1.588333e+02 1.491346e+00
      vertex   1.694898e+00 1.588333e+02 1.976443e+00
      vertex   1.694898e+00 1.716667e+02 1.976443e+00
    endloop
  endfacet
  facet normal -5.055724e-01 2.110859e-17 -8.627842e-01
    outer loop
      vertex   1.694898e+00 1.716667e+02 1.976443e+00
      vertex   1.694898e+00 1.588333e+02 1.976443e+00
      vertex   1.100512e+00 1.716667e+02 2.324740e+00
    endloop
  endfacet
  facet normal -7.041461e-01 1.238774e-17 -7.100551e-01
    outer loop
      vertex   1.694898e+00 1.588333e+02 1.976443e+00
      vertex   2.184066e+00 1.460000e+02 1.491346e+00
      vertex   1.694898e+00 1.460000e+02 1.976443e+00
    endloop
  endfacet
  facet normal -5.055724e-01 2.110859e-17 -8.627842e-01
    outer loop
      vertex   1.694898e+00 1.588333e+02 1.976443e+00
      vertex   1.694898e+00 1.460000e+02 1.976443e+00
      vertex   1.100512e+00 1.588333e+02 2.324740e+00
    endloop
  endfacet
  facet normal -5.055724e-01 3.346967e-17 -8.627842e-01
    outer loop
      vertex   1.100512e+00 1.588333e+02 2.324740e+00
      vertex   1.694898e+00 1.460000e+02 1.976443e+00
      vertex   1.100512e+00 1.460000e+02 2.324740e+00
    endloop
  endfacet
  facet normal -2.752701e-01 5.224665e-17 -9.613669e-01
    outer loop
      vertex   1.100512e+00 1.588333e+02 2.324740e+00
      vertex   1.100512e+00 1.460000e+02 2.324740e+00
      vertex   4.382113e-01 1.588333e+02 2.514378e+00
    endloop
  endfacet
  facet normal -2.752701e-01 -0.000000e+00 -9.613669e-01
    outer loop
      vertex   4.382113e-01 1.588333e+02 2.514378e+00
      vertex   1.100512e+00 1.460000e+02 2.324740e+00
      vertex   4.382113e-01 1.460000e+02 2.514378e+00
    endloop
  endfacet
  facet normal -2.769250e-02 -0.000000e+00 -9.996165e-01
    outer loop
      vertex   4.382113e-01 1.588333e+02 2.514378e+00
      vertex   4.382113e-01 1.460000e+02 2.514378e+00
      vertex   -2.504403e-01 1.588333e+02 2.533456e+00
    endloop
  endfacet
  facet normal -2.769250e-02 -0.000000e+00 -9.996165e-01
    outer loop
      vertex   -2.504403e-01 1.588333e+02 2.533456e+00
      vertex   4.382113e-01 1.460000e+02 2.514378e+00
      vertex   -2.504403e-01 1.460000e+02 2.533456e+00
    endloop
  endfacet
  facet normal 2.216230e-01 0.000000e+00 -9.751324e-01
    outer loop
      vertex   -2.504403e-01 1.588333e+02 2.533456e+00
      vertex   -2.504403e-01 1.460000e+02 2.533456e+00
      vertex   -9.222245e-01 1.588333e+02 2.380776e+00
    endloop
  endfacet
  facet normal 2.216230e-01 0.000000e+00 -9.751324e-01
    outer loop
      vertex   -9.222245e-01 1.588333e+02 2.380776e+00
      vertex   -2.504403e-01 1.460000e+02 2.533456e+00
      vertex   -9.222245e-01 1.460000e+02 2.380776e+00
    endloop
  endfacet
  facet normal 4.570300e-01 0.000000e+00 -8.894513e-01
    outer loop
      vertex   -9.222245e-01 1.588333e+02 2.380776e+00
      vertex   -9.222245e-01 1.460000e+02 2.380776e+00
      vertex   -1.534982e+00 1.588333e+02 2.065921e+00
    endloop
  endfacet
  facet normal 4.570300e-01 0.000000e+00 -8.894513e-01
    outer loop
      vertex   -1.534982e+00 1.588333e+02 2.065921e+00
      vertex   -9.222245e-01 1.460000e+02 2.380776e+00
      vertex   -1.534982e+00 1.460000e+02 2.065921e+00
    endloop
  endfacet
  facet normal 6.637548e-01 0.000000e+00 -7.479503e-01
    outer loop
      vertex   -1.534982e+00 1.588333e+02 2.065921e+00
      vertex   -1.534982e+00 1.460000e+02 2.065921e+00
      vertex   -2.050256e+00 1.588333e+02 1.608650e+00
    endloop
  endfacet
  facet normal 6.637548e-01 0.000000e+00 -7.479503e-01
    outer loop
      vertex   -2.050256e+00 1.588333e+02 1.608650e+00
      vertex   -1.534982e+00 1.460000e+02 2.065921e+00
      vertex   -2.050256e+00 1.460000e+02 1.608650e+00
    endloop
  endfacet
  facet normal 8.288239e-01 0.000000e+00 -5.595096e-01
    outer loop
      vertex   -2.050256e+00 1.588333e+02 1.608650e+00
      vertex   -2.050256e+00 1.460000e+02 1.608650e+00
      vertex   -2.435711e+00 1.588333e+02 1.037660e+00
    endloop
  endfacet
  facet normal 8.288239e-01 0.000000e+00 -5.595096e-01
    outer loop
      vertex   -2.435711e+00 1.588333e+02 1.037660e+00
      vertex   -2.050256e+00 1.460000e+02 1.608650e+00
      vertex   -2.435711e+00 1.460000e+02 1.037660e+00
    endloop
  endfacet
  facet normal 9.418779e-01 0.000000e+00 -3.359554e-01
    outer loop
      vertex   -2.435711e+00 1.588333e+02 1.037660e+00
      vertex   -2.435711e+00 1.460000e+02 1.037660e+00
      vertex   -2.667156e+00 1.588333e+02 3.887851e-01
    endloop
  endfacet
  facet normal 9.418779e-01 -2.076087e-18 -3.359554e-01
    outer loop
      vertex   -2.667156e+00 1.588333e+02 3.887851e-01
      vertex   -2.435711e+00 1.460000e+02 1.037660e+00
      vertex   -2.667156e+00 1.460000e+02 3.887851e-01
    endloop
  endfacet
  facet normal 9.958218e-01 -2.616482e-17 -9.131742e-02
    outer loop
      vertex   -2.667156e+00 1.588333e+02 3.887851e-01
      vertex   -2.667156e+00 1.460000e+02 3.887851e-01
      vertex   -2.730066e+00 1.588333e+02 -2.972523e-01
    endloop
  endfacet
  facet normal 9.958218e-01 7.899951e-18 -9.131742e-02
    outer loop
      vertex   -2.730066e+00 1.588333e+02 -2.972523e-01
      vertex   -2.667156e+00 1.460000e+02 3.887851e-01
      vertex   -2.730066e+00 1.460000e+02 -2.972523e-01
    endloop
  endfacet
  facet normal 9.872703e-01 -1.375968e-17 1.590514e-01
    outer loop
      vertex   -2.730066e+00 1.588333e+02 -2.972523e-01
      vertex   -2.730066e+00 1.460000e+02 -2.972523e-01
      vertex   -2.620493e+00 1.588333e+02 -9.773985e-01
    endloop
  endfacet
  facet normal 9.872703e-01 -1.100774e-17 1.590514e-01
    outer loop
      vertex   -2.620493e+00 1.588333e+02 -9.773985e-01
      vertex   -2.730066e+00 1.460000e+02 -2.972523e-01
      vertex   -2.620493e+00 1.460000e+02 -9.773985e-01
    endloop
  endfacet
  facet normal 9.167600e-01 -2.764463e-17 3.994386e-01
    outer loop
      vertex   -2.620493e+00 1.588333e+02 -9.773985e-01
      vertex   -2.620493e+00 1.460000e+02 -9.773985e-01
      vertex   -2.345314e+00 1.588333e+02 -1.608969e+00
    endloop
  endfacet
  facet normal 9.167600e-01 0.000000e+00 3.994386e-01
    outer loop
      vertex   -2.345314e+00 1.588333e+02 -1.608969e+00
      vertex   -2.620493e+00 1.460000e+02 -9.773985e-01
      vertex   -2.345314e+00 1.460000e+02 -1.608969e+00
    endloop
  endfacet
  facet normal 7.887159e-01 0.000000e+00 6.147579e-01
    outer loop
      vertex   -2.345314e+00 1.588333e+02 -1.608969e+00
      vertex   -2.345314e+00 1.460000e+02 -1.608969e+00
      vertex   -1.921797e+00 1.588333e+02 -2.152328e+00
    endloop
  endfacet
  facet normal -2.752701e-01 -3.139385e-18 -9.613669e-01
    outer loop
      vertex   4.382113e-01 1.716667e+02 2.514378e+00
      vertex   1.100512e+00 1.716667e+02 2.324740e+00
      vertex   1.100512e+00 1.588333e+02 2.324740e+00
    endloop
  endfacet
  facet normal -5.055724e-01 -8.747502e-18 -8.627842e-01
    outer loop
      vertex   1.100512e+00 1.588333e+02 2.324740e+00
      vertex   1.100512e+00 1.716667e+02 2.324740e+00
      vertex   1.694898e+00 1.588333e+02 1.976443e+00
    endloop
  endfacet
  facet normal -2.752701e-01 5.462803e-17 -9.613669e-01
    outer loop
      vertex   4.382113e-01 1.716667e+02 2.514378e+00
      vertex   1.100512e+00 1.588333e+02 2.324740e+00
      vertex   4.382113e-01 1.588333e+02 2.514378e+00
    endloop
  endfacet
  facet normal -2.769250e-02 6.808541e-17 -9.996165e-01
    outer loop
      vertex   -2.504403e-01 1.716667e+02 2.533456e+00
      vertex   4.382113e-01 1.716667e+02 2.514378e+00
      vertex   4.382113e-01 1.588333e+02 2.514378e+00
    endloop
  endfacet
  facet normal -2.769250e-02 -2.755058e-18 -9.996165e-01
    outer loop
      vertex   -2.504403e-01 1.716667e+02 2.533456e+00
      vertex   4.382113e-01 1.588333e+02 2.514378e+00
      vertex   -2.504403e-01 1.588333e+02 2.533456e+00
    endloop
  endfacet
  facet normal 2.216230e-01 2.040600e-17 -9.751324e-01
    outer loop
      vertex   -9.222245e-01 1.716667e+02 2.380776e+00
      vertex   -2.504403e-01 1.716667e+02 2.533456e+00
      vertex   -2.504403e-01 1.588333e+02 2.533456e+00
    endloop
  endfacet
  facet normal 2.216230e-01 -1.265374e-17 -9.751324e-01
    outer loop
      vertex   -9.222245e-01 1.716667e+02 2.380776e+00
      vertex   -2.504403e-01 1.588333e+02 2.533456e+00
      vertex   -9.222245e-01 1.588333e+02 2.380776e+00
    endloop
  endfacet
  facet normal 4.570300e-01 1.255754e-17 -8.894513e-01
    outer loop
      vertex   -1.534982e+00 1.716667e+02 2.065921e+00
      vertex   -9.222245e-01 1.716667e+02 2.380776e+00
      vertex   -9.222245e-01 1.588333e+02 2.380776e+00
    endloop
  endfacet
  facet normal 4.570300e-01 -2.992732e-17 -8.894513e-01
    outer loop
      vertex   -1.534982e+00 1.716667e+02 2.065921e+00
      vertex   -9.222245e-01 1.588333e+02 2.380776e+00
      vertex   -1.534982e+00 1.588333e+02 2.065921e+00
    endloop
  endfacet
  facet normal 6.637548e-01 -6.278770e-18 -7.479503e-01
    outer loop
      vertex   -2.050256e+00 1.716667e+02 1.608650e+00
      vertex   -1.534982e+00 1.716667e+02 2.065921e+00
      vertex   -1.534982e+00 1.588333e+02 2.065921e+00
    endloop
  endfacet
  facet normal 6.637548e-01 -4.200577e-18 -7.479503e-01
    outer loop
      vertex   -2.050256e+00 1.716667e+02 1.608650e+00
      vertex   -1.534982e+00 1.588333e+02 2.065921e+00
      vertex   -2.050256e+00 1.588333e+02 1.608650e+00
    endloop
  endfacet
  facet normal 8.288239e-01 -3.767262e-17 -5.595096e-01
    outer loop
      vertex   -2.435711e+00 1.716667e+02 1.037660e+00
      vertex   -2.050256e+00 1.716667e+02 1.608650e+00
      vertex   -2.050256e+00 1.588333e+02 1.608650e+00
    endloop
  endfacet
  facet normal 8.288239e-01 1.972276e-17 -5.595096e-01
    outer loop
      vertex   -2.435711e+00 1.716667e+02 1.037660e+00
      vertex   -2.050256e+00 1.588333e+02 1.608650e+00
      vertex   -2.435711e+00 1.588333e+02 1.037660e+00
    endloop
  endfacet
  facet normal 9.418779e-01 -3.139385e-18 -3.359554e-01
    outer loop
      vertex   -2.667156e+00 1.716667e+02 3.887851e-01
      vertex   -2.435711e+00 1.716667e+02 1.037660e+00
      vertex   -2.435711e+00 1.588333e+02 1.037660e+00
    endloop
  endfacet
  facet normal 9.418779e-01 6.165688e-17 -3.359554e-01
    outer loop
      vertex   -2.667156e+00 1.716667e+02 3.887851e-01
      vertex   -2.435711e+00 1.588333e+02 1.037660e+00
      vertex   -2.667156e+00 1.588333e+02 3.887851e-01
    endloop
  endfacet
  facet normal 9.958218e-01 4.238170e-17 -9.131742e-02
    outer loop
      vertex   -2.730066e+00 1.716667e+02 -2.972523e-01
      vertex   -2.667156e+00 1.716667e+02 3.887851e-01
      vertex   -2.667156e+00 1.588333e+02 3.887851e-01
    endloop
  endfacet
  facet normal 9.958218e-01 9.874939e-18 -9.131742e-02
    outer loop
      vertex   -2.730066e+00 1.716667e+02 -2.972523e-01
      vertex   -2.667156e+00 1.588333e+02 3.887851e-01
      vertex   -2.730066e+00 1.588333e+02 -2.972523e-01
    endloop
  endfacet
  facet normal 9.872703e-01 -1.726662e-17 1.590514e-01
    outer loop
      vertex   -2.620493e+00 1.716667e+02 -9.773985e-01
      vertex   -2.730066e+00 1.716667e+02 -2.972523e-01
      vertex   -2.730066e+00 1.588333e+02 -2.972523e-01
    endloop
  endfacet
  facet normal 9.872703e-01 -1.788758e-17 1.590514e-01
    outer loop
      vertex   -2.620493e+00 1.716667e+02 -9.773985e-01
      vertex   -2.730066e+00 1.588333e+02 -2.972523e-01
      vertex   -2.620493e+00 1.588333e+02 -9.773985e-01
    endloop
  endfacet
  facet normal 9.167600e-01 -4.709078e-17 3.994386e-01
    outer loop
      vertex   -2.345314e+00 1.716667e+02 -1.608969e+00
      vertex   -2.620493e+00 1.716667e+02 -9.773985e-01
      vertex   -2.620493e+00 1.588333e+02 -9.773985e-01
    endloop
  endfacet
  facet normal 9.167600e-01 4.679356e-17 3.994386e-01
    outer loop
      vertex   -2.345314e+00 1.716667e+02 -1.608969e+00
      vertex   -2.620493e+00 1.588333e+02 -9.773985e-01
      vertex   -2.345314e+00 1.588333e+02 -1.608969e+00
    endloop
  endfacet
  facet normal 7.887159e-01 9.418155e-18 6.147579e-01
    outer loop
      vertex   -1.921797e+00 1.716667e+02 -2.152328e+00
      vertex   -2.345314e+00 1.716667e+02 -1.608969e+00
      vertex   -2.345314e+00 1.588333e+02 -1.608969e+00
    endloop
  endfacet
  facet normal 7.887159e-01 2.407882e-17 6.147579e-01
    outer loop
      vertex   -1.921797e+00 1.716667e+02 -2.152328e+00
      vertex   -2.345314e+00 1.588333e+02 -1.608969e+00
      vertex   -1.921797e+00 1.588333e+02 -2.152328e+00
    endloop
  endfacet
endsolid
