solid ASCII
  facet normal 1.000000e+00 -1.326346e-15 0.000000e+00
    outer loop
      vertex   -2.290000e+02 2.610000e+02 7.500000e+00
      vertex   -2.290000e+02 2.610000e+02 1.550000e+01
      vertex   -2.290000e+02 1.110000e+02 7.500000e+00
    endloop
  endfacet
  facet normal 1.000000e+00 -1.326346e-15 0.000000e+00
    outer loop
      vertex   -2.290000e+02 1.110000e+02 7.500000e+00
      vertex   -2.290000e+02 2.610000e+02 1.550000e+01
      vertex   -2.290000e+02 1.110000e+02 1.550000e+01
    endloop
  endfacet
  facet normal -0.000000e+00 7.071068e-01 7.071068e-01
    outer loop
      vertex   -2.745000e+02 2.601464e+02 2.635355e+01
      vertex   -2.745000e+02 2.550000e+02 3.150000e+01
      vertex   -2.695000e+02 2.601464e+02 2.635355e+01
    endloop
  endfacet
  facet normal 0.000000e+00 7.071068e-01 7.071068e-01
    outer loop
      vertex   -2.695000e+02 2.601464e+02 2.635355e+01
      vertex   -2.745000e+02 2.550000e+02 3.150000e+01
      vertex   -2.695000e+02 2.550000e+02 3.150000e+01
    endloop
  endfacet
  facet normal 0.000000e+00 -0.000000e+00 1.000000e+00
    outer loop
      vertex   -2.695000e+02 2.500000e+02 3.150000e+01
      vertex   -2.695000e+02 2.550000e+02 3.150000e+01
      vertex   -2.745000e+02 2.500000e+02 3.150000e+01
    endloop
  endfacet
  facet normal 0.000000e+00 0.000000e+00 1.000000e+00
    outer loop
      vertex   -2.745000e+02 2.500000e+02 3.150000e+01
      vertex   -2.695000e+02 2.550000e+02 3.150000e+01
      vertex   -2.745000e+02 2.550000e+02 3.150000e+01
    endloop
  endfacet
  facet normal 0.000000e+00 0.000000e+00 -1.000000e+00
    outer loop
      vertex   -2.745000e+02 1.132071e+02 2.550000e+01
      vertex   -2.745000e+02 1.180000e+02 2.550000e+01
      vertex   -2.695000e+02 1.132071e+02 2.550000e+01
    endloop
  endfacet
  facet normal 0.000000e+00 0.000000e+00 -1.000000e+00
    outer loop
      vertex   -2.695000e+02 1.132071e+02 2.550000e+01
      vertex   -2.745000e+02 1.180000e+02 2.550000e+01
      vertex   -2.695000e+02 1.180000e+02 2.550000e+01
    endloop
  endfacet
  facet normal 0.000000e+00 -7.105427e-15 1.000000e+00
    outer loop
      vertex   -2.695000e+02 1.180000e+02 3.150000e+01
      vertex   -2.695000e+02 1.230000e+02 3.150000e+01
      vertex   -2.745000e+02 1.180000e+02 3.150000e+01
    endloop
  endfacet
  facet normal -7.105427e-15 0.000000e+00 1.000000e+00
    outer loop
      vertex   -2.745000e+02 1.180000e+02 3.150000e+01
      vertex   -2.695000e+02 1.230000e+02 3.150000e+01
      vertex   -2.745000e+02 1.230000e+02 3.150000e+01
    endloop
  endfacet
  facet normal -9.857620e-16 9.901764e-01 1.398240e-01
    outer loop
      vertex   -2.745196e+02 1.250164e+02 1.722035e+01
      vertex   -2.745087e+02 1.250033e+02 1.731323e+01
      vertex   -2.694804e+02 1.250164e+02 1.722035e+01
    endloop
  endfacet
  facet normal 1.814434e-15 9.901764e-01 1.398240e-01
    outer loop
      vertex   -2.694804e+02 1.250164e+02 1.722035e+01
      vertex   -2.745087e+02 1.250033e+02 1.731323e+01
      vertex   -2.694913e+02 1.250033e+02 1.731323e+01
    endloop
  endfacet
  facet normal 1.814398e-15 9.901764e-01 1.398240e-01
    outer loop
      vertex   -2.694913e+02 1.250033e+02 1.731323e+01
      vertex   -2.745087e+02 1.250033e+02 1.731323e+01
      vertex   -2.745022e+02 1.249902e+02 1.740651e+01
    endloop
  endfacet
  facet normal 1.819042e-15 9.901764e-01 1.398240e-01
    outer loop
      vertex   -2.694913e+02 1.250033e+02 1.731323e+01
      vertex   -2.745022e+02 1.249902e+02 1.740651e+01
      vertex   -2.694978e+02 1.249902e+02 1.740651e+01
    endloop
  endfacet
  facet normal 1.819151e-15 9.901764e-01 1.398240e-01
    outer loop
      vertex   -2.694978e+02 1.249902e+02 1.740651e+01
      vertex   -2.745022e+02 1.249902e+02 1.740651e+01
      vertex   -2.745000e+02 1.249770e+02 1.750000e+01
    endloop
  endfacet
  facet normal -9.935321e-16 9.901764e-01 1.398240e-01
    outer loop
      vertex   -2.694978e+02 1.249902e+02 1.740651e+01
      vertex   -2.745000e+02 1.249770e+02 1.750000e+01
      vertex   -2.695000e+02 1.249770e+02 1.750000e+01
    endloop
  endfacet
  facet normal -9.935090e-16 9.901764e-01 1.398240e-01
    outer loop
      vertex   -2.695000e+02 1.249770e+02 1.750000e+01
      vertex   -2.745000e+02 1.249770e+02 1.750000e+01
      vertex   -2.745000e+02 1.230000e+02 3.150000e+01
    endloop
  endfacet
  facet normal -1.005089e-15 9.901764e-01 1.398240e-01
    outer loop
      vertex   -2.695000e+02 1.249770e+02 1.750000e+01
      vertex   -2.745000e+02 1.230000e+02 3.150000e+01
      vertex   -2.695000e+02 1.230000e+02 3.150000e+01
    endloop
  endfacet
  facet normal 0.000000e+00 -9.901764e-01 1.398240e-01
    outer loop
      vertex   -2.745196e+02 2.479836e+02 1.722035e+01
      vertex   -2.694804e+02 2.479836e+02 1.722035e+01
      vertex   -2.745087e+02 2.479967e+02 1.731323e+01
    endloop
  endfacet
  facet normal 0.000000e+00 -9.901764e-01 1.398240e-01
    outer loop
      vertex   -2.745087e+02 2.479967e+02 1.731323e+01
      vertex   -2.694804e+02 2.479836e+02 1.722035e+01
      vertex   -2.694913e+02 2.479967e+02 1.731323e+01
    endloop
  endfacet
  facet normal 0.000000e+00 -9.901764e-01 1.398240e-01
    outer loop
      vertex   -2.745087e+02 2.479967e+02 1.731323e+01
      vertex   -2.694913e+02 2.479967e+02 1.731323e+01
      vertex   -2.745022e+02 2.480098e+02 1.740651e+01
    endloop
  endfacet
  facet normal 0.000000e+00 -9.901764e-01 1.398240e-01
    outer loop
      vertex   -2.745022e+02 2.480098e+02 1.740651e+01
      vertex   -2.694913e+02 2.479967e+02 1.731323e+01
      vertex   -2.694978e+02 2.480098e+02 1.740651e+01
    endloop
  endfacet
  facet normal 0.000000e+00 -9.901764e-01 1.398240e-01
    outer loop
      vertex   -2.745022e+02 2.480098e+02 1.740651e+01
      vertex   -2.694978e+02 2.480098e+02 1.740651e+01
      vertex   -2.745000e+02 2.480230e+02 1.750000e+01
    endloop
  endfacet
  facet normal 0.000000e+00 -9.901764e-01 1.398240e-01
    outer loop
      vertex   -2.745000e+02 2.480230e+02 1.750000e+01
      vertex   -2.694978e+02 2.480098e+02 1.740651e+01
      vertex   -2.695000e+02 2.480230e+02 1.750000e+01
    endloop
  endfacet
  facet normal 0.000000e+00 -9.901764e-01 1.398240e-01
    outer loop
      vertex   -2.745000e+02 2.480230e+02 1.750000e+01
      vertex   -2.695000e+02 2.480230e+02 1.750000e+01
      vertex   -2.695000e+02 2.500000e+02 3.150000e+01
    endloop
  endfacet
  facet normal 0.000000e+00 -9.901764e-01 1.398240e-01
    outer loop
      vertex   -2.695000e+02 2.500000e+02 3.150000e+01
      vertex   -2.745000e+02 2.500000e+02 3.150000e+01
      vertex   -2.745000e+02 2.480230e+02 1.750000e+01
    endloop
  endfacet
  facet normal -1.000000e+00 -0.000000e+00 -0.000000e+00
    outer loop
      vertex   -2.745000e+02 2.602259e+02 2.625000e+01
      vertex   -2.745000e+02 2.602259e+02 2.575000e+01
      vertex   -2.745000e+02 2.601464e+02 2.635355e+01
    endloop
  endfacet
  facet normal -1.000000e+00 0.000000e+00 0.000000e+00
    outer loop
      vertex   -2.745000e+02 2.601464e+02 2.635355e+01
      vertex   -2.745000e+02 2.602259e+02 2.575000e+01
      vertex   -2.745000e+02 2.601464e+02 2.564645e+01
    endloop
  endfacet
  facet normal -1.000000e+00 0.000000e+00 -0.000000e+00
    outer loop
      vertex   -2.745000e+02 2.601464e+02 2.635355e+01
      vertex   -2.745000e+02 2.601464e+02 2.564645e+01
      vertex   -2.745000e+02 2.600429e+02 2.556699e+01
    endloop
  endfacet
  facet normal -1.000000e+00 0.000000e+00 0.000000e+00
    outer loop
      vertex   -2.745000e+02 2.602259e+02 2.575000e+01
      vertex   -2.745000e+02 2.602259e+02 2.625000e+01
      vertex   -2.745000e+02 2.602759e+02 2.587059e+01
    endloop
  endfacet
  facet normal -1.000000e+00 0.000000e+00 0.000000e+00
    outer loop
      vertex   -2.745000e+02 2.602759e+02 2.587059e+01
      vertex   -2.745000e+02 2.602259e+02 2.625000e+01
      vertex   -2.745000e+02 2.602759e+02 2.612941e+01
    endloop
  endfacet
  facet normal -1.000000e+00 0.000000e+00 0.000000e+00
    outer loop
      vertex   -2.745000e+02 2.602759e+02 2.587059e+01
      vertex   -2.745000e+02 2.602759e+02 2.612941e+01
      vertex   -2.745000e+02 2.602929e+02 2.600000e+01
    endloop
  endfacet
  facet normal -1.000000e+00 -0.000000e+00 0.000000e+00
    outer loop
      vertex   -2.745000e+02 2.600429e+02 2.556699e+01
      vertex   -2.745000e+02 2.599223e+02 2.551704e+01
      vertex   -2.745000e+02 2.601464e+02 2.635355e+01
    endloop
  endfacet
  facet normal -1.000000e+00 0.000000e+00 0.000000e+00
    outer loop
      vertex   -2.745000e+02 2.601464e+02 2.635355e+01
      vertex   -2.745000e+02 2.599223e+02 2.551704e+01
      vertex   -2.745000e+02 2.597929e+02 2.550000e+01
    endloop
  endfacet
  facet normal -1.000000e+00 0.000000e+00 0.000000e+00
    outer loop
      vertex   -2.745000e+02 2.601464e+02 2.635355e+01
      vertex   -2.745000e+02 2.597929e+02 2.550000e+01
      vertex   -2.745000e+02 2.550000e+02 2.550000e+01
    endloop
  endfacet
  facet normal -1.000000e+00 0.000000e+00 0.000000e+00
    outer loop
      vertex   -2.745000e+02 2.550000e+02 1.750000e+01
      vertex   -2.745000e+02 2.480230e+02 1.750000e+01
      vertex   -2.745000e+02 2.550000e+02 2.550000e+01
    endloop
  endfacet
  facet normal -1.000000e+00 -0.000000e+00 0.000000e+00
    outer loop
      vertex   -2.745000e+02 2.550000e+02 2.550000e+01
      vertex   -2.745000e+02 2.480230e+02 1.750000e+01
      vertex   -2.745000e+02 2.500000e+02 3.150000e+01
    endloop
  endfacet
  facet normal -1.000000e+00 0.000000e+00 0.000000e+00
    outer loop
      vertex   -2.745000e+02 2.550000e+02 2.550000e+01
      vertex   -2.745000e+02 2.500000e+02 3.150000e+01
      vertex   -2.745000e+02 2.550000e+02 3.150000e+01
    endloop
  endfacet
  facet normal -1.000000e+00 0.000000e+00 0.000000e+00
    outer loop
      vertex   -2.745000e+02 2.550000e+02 3.150000e+01
      vertex   -2.745000e+02 2.601464e+02 2.635355e+01
      vertex   -2.745000e+02 2.550000e+02 2.550000e+01
    endloop
  endfacet
  facet normal -9.943852e-01 -1.580852e-03 1.058092e-01
    outer loop
      vertex   -2.745448e+02 2.550000e+02 1.707914e+01
      vertex   -2.745087e+02 2.479967e+02 1.731323e+01
      vertex   -2.745000e+02 2.550000e+02 1.750000e+01
    endloop
  endfacet
  facet normal -9.975347e-01 -6.265199e-04 7.017234e-02
    outer loop
      vertex   -2.745000e+02 2.550000e+02 1.750000e+01
      vertex   -2.745087e+02 2.479967e+02 1.731323e+01
      vertex   -2.745022e+02 2.480098e+02 1.740651e+01
    endloop
  endfacet
  facet normal -9.997267e-01 0.000000e+00 2.337848e-02
    outer loop
      vertex   -2.745000e+02 2.550000e+02 1.750000e+01
      vertex   -2.745022e+02 2.480098e+02 1.740651e+01
      vertex   -2.745000e+02 2.480230e+02 1.750000e+01
    endloop
  endfacet
  facet normal -9.498542e-01 -1.581619e-03 3.126892e-01
    outer loop
      vertex   -2.746771e+02 2.550000e+02 1.667712e+01
      vertex   -2.746010e+02 2.479022e+02 1.687258e+01
      vertex   -2.745448e+02 2.550000e+02 1.707914e+01
    endloop
  endfacet
  facet normal -9.737927e-01 1.088924e-03 2.274348e-01
    outer loop
      vertex   -2.745448e+02 2.550000e+02 1.707914e+01
      vertex   -2.746010e+02 2.479022e+02 1.687258e+01
      vertex   -2.745196e+02 2.479836e+02 1.722035e+01
    endloop
  endfacet
  facet normal -9.931541e-01 -1.206978e-03 1.168050e-01
    outer loop
      vertex   -2.745448e+02 2.550000e+02 1.707914e+01
      vertex   -2.745196e+02 2.479836e+02 1.722035e+01
      vertex   -2.745087e+02 2.479967e+02 1.731323e+01
    endloop
  endfacet
  facet normal -9.178854e-01 1.078846e-03 3.968440e-01
    outer loop
      vertex   -2.746010e+02 2.479022e+02 1.687258e+01
      vertex   -2.746771e+02 2.550000e+02 1.667712e+01
      vertex   -2.747428e+02 2.477604e+02 1.654482e+01
    endloop
  endfacet
  facet normal -8.627866e-01 -1.408228e-03 5.055663e-01
    outer loop
      vertex   -2.747428e+02 2.477604e+02 1.654482e+01
      vertex   -2.746771e+02 2.550000e+02 1.667712e+01
      vertex   -2.748911e+02 2.550000e+02 1.631196e+01
    endloop
  endfacet
  facet normal -8.326623e-01 7.594616e-04 5.537806e-01
    outer loop
      vertex   -2.747428e+02 2.477604e+02 1.654482e+01
      vertex   -2.748911e+02 2.550000e+02 1.631196e+01
      vertex   -2.749407e+02 2.475625e+02 1.624751e+01
    endloop
  endfacet
  facet normal -7.370815e-01 -9.359053e-04 6.758032e-01
    outer loop
      vertex   -2.749407e+02 2.475625e+02 1.624751e+01
      vertex   -2.748911e+02 2.550000e+02 1.631196e+01
      vertex   -2.751771e+02 2.550000e+02 1.600000e+01
    endloop
  endfacet
  facet normal -7.206774e-01 1.667350e-04 6.932705e-01
    outer loop
      vertex   -2.749407e+02 2.475625e+02 1.624751e+01
      vertex   -2.751771e+02 2.550000e+02 1.600000e+01
      vertex   -2.751884e+02 2.473148e+02 1.599015e+01
    endloop
  endfacet
  facet normal -6.255265e-01 -8.402221e-05 7.802029e-01
    outer loop
      vertex   -2.751884e+02 2.473148e+02 1.599015e+01
      vertex   -2.751771e+02 2.550000e+02 1.600000e+01
      vertex   -2.753226e+02 2.550132e+02 1.588339e+01
    endloop
  endfacet
  facet normal -5.864489e-01 1.010189e-03 8.099856e-01
    outer loop
      vertex   -2.751884e+02 2.473148e+02 1.599015e+01
      vertex   -2.753226e+02 2.550132e+02 1.588339e+01
      vertex   -2.754778e+02 2.470254e+02 1.578094e+01
    endloop
  endfacet
  facet normal -5.504297e-01 -9.260052e-06 8.348815e-01
    outer loop
      vertex   -2.754778e+02 2.470254e+02 1.578094e+01
      vertex   -2.753226e+02 2.550132e+02 1.588339e+01
      vertex   -2.754773e+02 2.550494e+02 1.578137e+01
    endloop
  endfacet
  facet normal -4.306418e-01 -2.073627e-05 9.025229e-01
    outer loop
      vertex   -2.754778e+02 2.470254e+02 1.578094e+01
      vertex   -2.754773e+02 2.550494e+02 1.578137e+01
      vertex   -2.758085e+02 2.551712e+02 1.562335e+01
    endloop
  endfacet
  facet normal -2.590221e-01 -1.547710e-04 9.658714e-01
    outer loop
      vertex   -2.761562e+02 2.553299e+02 1.553012e+01
      vertex   -2.761443e+02 2.463589e+02 1.553189e+01
      vertex   -2.758085e+02 2.551712e+02 1.562335e+01
    endloop
  endfacet
  facet normal -2.651041e-01 9.412288e-05 9.642198e-01
    outer loop
      vertex   -2.758085e+02 2.551712e+02 1.562335e+01
      vertex   -2.761443e+02 2.463589e+02 1.553189e+01
      vertex   -2.757999e+02 2.467033e+02 1.562654e+01
    endloop
  endfacet
  facet normal -4.322134e-01 -9.907001e-05 9.017713e-01
    outer loop
      vertex   -2.758085e+02 2.551712e+02 1.562335e+01
      vertex   -2.757999e+02 2.467033e+02 1.562654e+01
      vertex   -2.754778e+02 2.470254e+02 1.578094e+01
    endloop
  endfacet
  facet normal -8.728386e-02 3.726682e-15 9.961835e-01
    outer loop
      vertex   -2.765000e+02 2.555000e+02 1.550000e+01
      vertex   -2.765000e+02 2.460032e+02 1.550000e+01
      vertex   -2.761562e+02 2.553299e+02 1.553012e+01
    endloop
  endfacet
  facet normal -8.936465e-02 7.729100e-05 9.959990e-01
    outer loop
      vertex   -2.761562e+02 2.553299e+02 1.553012e+01
      vertex   -2.765000e+02 2.460032e+02 1.550000e+01
      vertex   -2.761443e+02 2.463589e+02 1.553189e+01
    endloop
  endfacet
  facet normal 0.000000e+00 -9.737369e-01 2.276763e-01
    outer loop
      vertex   -2.694804e+02 2.479836e+02 1.722035e+01
      vertex   -2.745196e+02 2.479836e+02 1.722035e+01
      vertex   -2.693990e+02 2.479022e+02 1.687258e+01
    endloop
  endfacet
  facet normal 1.554941e-15 -9.737369e-01 2.276763e-01
    outer loop
      vertex   -2.693990e+02 2.479022e+02 1.687258e+01
      vertex   -2.745196e+02 2.479836e+02 1.722035e+01
      vertex   -2.746010e+02 2.479022e+02 1.687258e+01
    endloop
  endfacet
  facet normal 2.712979e-15 -9.177158e-01 3.972376e-01
    outer loop
      vertex   -2.693990e+02 2.479022e+02 1.687258e+01
      vertex   -2.746010e+02 2.479022e+02 1.687258e+01
      vertex   -2.747428e+02 2.477604e+02 1.654482e+01
    endloop
  endfacet
  facet normal -6.938120e-15 -9.177158e-01 3.972376e-01
    outer loop
      vertex   -2.693990e+02 2.479022e+02 1.687258e+01
      vertex   -2.747428e+02 2.477604e+02 1.654482e+01
      vertex   -2.692572e+02 2.477604e+02 1.654482e+01
    endloop
  endfacet
  facet normal -5.037019e-15 -8.324294e-01 5.541311e-01
    outer loop
      vertex   -2.692572e+02 2.477604e+02 1.654482e+01
      vertex   -2.747428e+02 2.477604e+02 1.654482e+01
      vertex   -2.749407e+02 2.475625e+02 1.624751e+01
    endloop
  endfacet
  facet normal -6.771794e-16 -8.324294e-01 5.541311e-01
    outer loop
      vertex   -2.692572e+02 2.477604e+02 1.654482e+01
      vertex   -2.749407e+02 2.475625e+02 1.624751e+01
      vertex   -2.690593e+02 2.475625e+02 1.624751e+01
    endloop
  endfacet
  facet normal 7.059893e-16 -7.205973e-01 6.933538e-01
    outer loop
      vertex   -2.690593e+02 2.475625e+02 1.624751e+01
      vertex   -2.749407e+02 2.475625e+02 1.624751e+01
      vertex   -2.688116e+02 2.473148e+02 1.599015e+01
    endloop
  endfacet
  facet normal 3.862916e-15 -7.205973e-01 6.933538e-01
    outer loop
      vertex   -2.688116e+02 2.473148e+02 1.599015e+01
      vertex   -2.749407e+02 2.475625e+02 1.624751e+01
      vertex   -2.751884e+02 2.473148e+02 1.599015e+01
    endloop
  endfacet
  facet normal 4.515389e-15 -5.857858e-01 8.104659e-01
    outer loop
      vertex   -2.688116e+02 2.473148e+02 1.599015e+01
      vertex   -2.751884e+02 2.473148e+02 1.599015e+01
      vertex   -2.685222e+02 2.470254e+02 1.578094e+01
    endloop
  endfacet
  facet normal 4.139574e-15 -5.857858e-01 8.104659e-01
    outer loop
      vertex   -2.685222e+02 2.470254e+02 1.578094e+01
      vertex   -2.751884e+02 2.473148e+02 1.599015e+01
      vertex   -2.754778e+02 2.470254e+02 1.578094e+01
    endloop
  endfacet
  facet normal 4.605733e-15 -4.322940e-01 9.017327e-01
    outer loop
      vertex   -2.685222e+02 2.470254e+02 1.578094e+01
      vertex   -2.754778e+02 2.470254e+02 1.578094e+01
      vertex   -2.757999e+02 2.467033e+02 1.562654e+01
    endloop
  endfacet
  facet normal 4.215572e-15 -4.322940e-01 9.017327e-01
    outer loop
      vertex   -2.685222e+02 2.470254e+02 1.578094e+01
      vertex   -2.757999e+02 2.467033e+02 1.562654e+01
      vertex   -2.682001e+02 2.467033e+02 1.562654e+01
    endloop
  endfacet
  facet normal 4.507604e-15 -2.650166e-01 9.642439e-01
    outer loop
      vertex   -2.682001e+02 2.467033e+02 1.562654e+01
      vertex   -2.757999e+02 2.467033e+02 1.562654e+01
      vertex   -2.761443e+02 2.463589e+02 1.553189e+01
    endloop
  endfacet
  facet normal 4.132483e-15 -2.650166e-01 9.642439e-01
    outer loop
      vertex   -2.682001e+02 2.467033e+02 1.562654e+01
      vertex   -2.761443e+02 2.463589e+02 1.553189e+01
      vertex   -2.678557e+02 2.463589e+02 1.553189e+01
    endloop
  endfacet
  facet normal 4.269171e-15 -8.928798e-02 9.960059e-01
    outer loop
      vertex   -2.678557e+02 2.463589e+02 1.553189e+01
      vertex   -2.761443e+02 2.463589e+02 1.553189e+01
      vertex   -2.675000e+02 2.460032e+02 1.550000e+01
    endloop
  endfacet
  facet normal 3.931693e-15 -8.928798e-02 9.960059e-01
    outer loop
      vertex   -2.675000e+02 2.460032e+02 1.550000e+01
      vertex   -2.761443e+02 2.463589e+02 1.553189e+01
      vertex   -2.765000e+02 2.460032e+02 1.550000e+01
    endloop
  endfacet
  facet normal 1.000000e+00 0.000000e+00 0.000000e+00
    outer loop
      vertex   -2.695000e+02 2.550000e+02 2.550000e+01
      vertex   -2.695000e+02 2.597929e+02 2.550000e+01
      vertex   -2.695000e+02 2.601464e+02 2.635355e+01
    endloop
  endfacet
  facet normal 1.000000e+00 0.000000e+00 0.000000e+00
    outer loop
      vertex   -2.695000e+02 2.601464e+02 2.635355e+01
      vertex   -2.695000e+02 2.597929e+02 2.550000e+01
      vertex   -2.695000e+02 2.599223e+02 2.551704e+01
    endloop
  endfacet
  facet normal 1.000000e+00 0.000000e+00 0.000000e+00
    outer loop
      vertex   -2.695000e+02 2.601464e+02 2.635355e+01
      vertex   -2.695000e+02 2.599223e+02 2.551704e+01
      vertex   -2.695000e+02 2.600429e+02 2.556699e+01
    endloop
  endfacet
  facet normal 1.000000e+00 0.000000e+00 0.000000e+00
    outer loop
      vertex   -2.695000e+02 2.600429e+02 2.556699e+01
      vertex   -2.695000e+02 2.601464e+02 2.564645e+01
      vertex   -2.695000e+02 2.601464e+02 2.635355e+01
    endloop
  endfacet
  facet normal 1.000000e+00 0.000000e+00 0.000000e+00
    outer loop
      vertex   -2.695000e+02 2.601464e+02 2.635355e+01
      vertex   -2.695000e+02 2.601464e+02 2.564645e+01
      vertex   -2.695000e+02 2.602259e+02 2.625000e+01
    endloop
  endfacet
  facet normal 1.000000e+00 0.000000e+00 0.000000e+00
    outer loop
      vertex   -2.695000e+02 2.602259e+02 2.625000e+01
      vertex   -2.695000e+02 2.601464e+02 2.564645e+01
      vertex   -2.695000e+02 2.602259e+02 2.575000e+01
    endloop
  endfacet
  facet normal 1.000000e+00 0.000000e+00 0.000000e+00
    outer loop
      vertex   -2.695000e+02 2.602259e+02 2.625000e+01
      vertex   -2.695000e+02 2.602259e+02 2.575000e+01
      vertex   -2.695000e+02 2.602759e+02 2.612941e+01
    endloop
  endfacet
  facet normal 1.000000e+00 0.000000e+00 0.000000e+00
    outer loop
      vertex   -2.695000e+02 2.602759e+02 2.612941e+01
      vertex   -2.695000e+02 2.602259e+02 2.575000e+01
      vertex   -2.695000e+02 2.602759e+02 2.587059e+01
    endloop
  endfacet
  facet normal 1.000000e+00 0.000000e+00 0.000000e+00
    outer loop
      vertex   -2.695000e+02 2.602759e+02 2.612941e+01
      vertex   -2.695000e+02 2.602759e+02 2.587059e+01
      vertex   -2.695000e+02 2.602929e+02 2.600000e+01
    endloop
  endfacet
  facet normal 1.000000e+00 0.000000e+00 0.000000e+00
    outer loop
      vertex   -2.695000e+02 2.601464e+02 2.635355e+01
      vertex   -2.695000e+02 2.550000e+02 3.150000e+01
      vertex   -2.695000e+02 2.550000e+02 2.550000e+01
    endloop
  endfacet
  facet normal 1.000000e+00 0.000000e+00 -0.000000e+00
    outer loop
      vertex   -2.695000e+02 2.550000e+02 2.550000e+01
      vertex   -2.695000e+02 2.550000e+02 3.150000e+01
      vertex   -2.695000e+02 2.500000e+02 3.150000e+01
    endloop
  endfacet
  facet normal 1.000000e+00 0.000000e+00 0.000000e+00
    outer loop
      vertex   -2.695000e+02 2.550000e+02 2.550000e+01
      vertex   -2.695000e+02 2.500000e+02 3.150000e+01
      vertex   -2.695000e+02 2.480230e+02 1.750000e+01
    endloop
  endfacet
  facet normal 1.000000e+00 0.000000e+00 0.000000e+00
    outer loop
      vertex   -2.695000e+02 2.480230e+02 1.750000e+01
      vertex   -2.695000e+02 2.550000e+02 1.750000e+01
      vertex   -2.695000e+02 2.550000e+02 2.550000e+01
    endloop
  endfacet
  facet normal -0.000000e+00 -0.000000e+00 -1.000000e+00
    outer loop
      vertex   -2.695000e+02 2.597929e+02 2.550000e+01
      vertex   -2.695000e+02 2.550000e+02 2.550000e+01
      vertex   -2.745000e+02 2.597929e+02 2.550000e+01
    endloop
  endfacet
  facet normal 0.000000e+00 0.000000e+00 -1.000000e+00
    outer loop
      vertex   -2.745000e+02 2.597929e+02 2.550000e+01
      vertex   -2.695000e+02 2.550000e+02 2.550000e+01
      vertex   -2.745000e+02 2.550000e+02 2.550000e+01
    endloop
  endfacet
  facet normal 1.483911e-15 1.305262e-01 -9.914449e-01
    outer loop
      vertex   -2.695000e+02 2.597929e+02 2.550000e+01
      vertex   -2.745000e+02 2.597929e+02 2.550000e+01
      vertex   -2.720000e+02 2.599223e+02 2.551704e+01
    endloop
  endfacet
  facet normal 1.846603e-14 1.305262e-01 -9.914449e-01
    outer loop
      vertex   -2.720000e+02 2.599223e+02 2.551704e+01
      vertex   -2.745000e+02 2.597929e+02 2.550000e+01
      vertex   -2.745000e+02 2.599223e+02 2.551704e+01
    endloop
  endfacet
  facet normal 2.314324e-14 3.826834e-01 -9.238795e-01
    outer loop
      vertex   -2.720000e+02 2.599223e+02 2.551704e+01
      vertex   -2.745000e+02 2.599223e+02 2.551704e+01
      vertex   -2.720000e+02 2.600429e+02 2.556699e+01
    endloop
  endfacet
  facet normal 2.576907e-14 3.826834e-01 -9.238795e-01
    outer loop
      vertex   -2.720000e+02 2.600429e+02 2.556699e+01
      vertex   -2.745000e+02 2.599223e+02 2.551704e+01
      vertex   -2.745000e+02 2.600429e+02 2.556699e+01
    endloop
  endfacet
  facet normal 2.849813e-14 6.087614e-01 -7.933533e-01
    outer loop
      vertex   -2.720000e+02 2.600429e+02 2.556699e+01
      vertex   -2.745000e+02 2.600429e+02 2.556699e+01
      vertex   -2.720000e+02 2.601464e+02 2.564645e+01
    endloop
  endfacet
  facet normal 1.835132e-14 6.087614e-01 -7.933533e-01
    outer loop
      vertex   -2.720000e+02 2.601464e+02 2.564645e+01
      vertex   -2.745000e+02 2.600429e+02 2.556699e+01
      vertex   -2.745000e+02 2.601464e+02 2.564645e+01
    endloop
  endfacet
  facet normal 2.149917e-14 7.933533e-01 -6.087614e-01
    outer loop
      vertex   -2.720000e+02 2.601464e+02 2.564645e+01
      vertex   -2.745000e+02 2.601464e+02 2.564645e+01
      vertex   -2.720000e+02 2.602259e+02 2.575000e+01
    endloop
  endfacet
  facet normal 2.149917e-14 7.933533e-01 -6.087614e-01
    outer loop
      vertex   -2.720000e+02 2.602259e+02 2.575000e+01
      vertex   -2.745000e+02 2.601464e+02 2.564645e+01
      vertex   -2.745000e+02 2.602259e+02 2.575000e+01
    endloop
  endfacet
  facet normal 2.318189e-14 9.238795e-01 -3.826834e-01
    outer loop
      vertex   -2.720000e+02 2.602259e+02 2.575000e+01
      vertex   -2.745000e+02 2.602259e+02 2.575000e+01
      vertex   -2.720000e+02 2.602759e+02 2.587059e+01
    endloop
  endfacet
  facet normal 1.087652e-15 9.238795e-01 -3.826834e-01
    outer loop
      vertex   -2.720000e+02 2.602759e+02 2.587059e+01
      vertex   -2.745000e+02 2.602259e+02 2.575000e+01
      vertex   -2.745000e+02 2.602759e+02 2.587059e+01
    endloop
  endfacet
  facet normal 3.709778e-16 9.914449e-01 -1.305262e-01
    outer loop
      vertex   -2.720000e+02 2.602759e+02 2.587059e+01
      vertex   -2.745000e+02 2.602759e+02 2.587059e+01
      vertex   -2.720000e+02 2.602929e+02 2.600000e+01
    endloop
  endfacet
  facet normal 3.709778e-16 9.914449e-01 -1.305262e-01
    outer loop
      vertex   -2.720000e+02 2.602929e+02 2.600000e+01
      vertex   -2.745000e+02 2.602759e+02 2.587059e+01
      vertex   -2.745000e+02 2.602929e+02 2.600000e+01
    endloop
  endfacet
  facet normal -3.709778e-16 9.914449e-01 1.305262e-01
    outer loop
      vertex   -2.720000e+02 2.602929e+02 2.600000e+01
      vertex   -2.745000e+02 2.602929e+02 2.600000e+01
      vertex   -2.720000e+02 2.602759e+02 2.612941e+01
    endloop
  endfacet
  facet normal 0.000000e+00 9.914449e-01 1.305262e-01
    outer loop
      vertex   -2.720000e+02 2.602759e+02 2.612941e+01
      vertex   -2.745000e+02 2.602929e+02 2.600000e+01
      vertex   -2.745000e+02 2.602759e+02 2.612941e+01
    endloop
  endfacet
  facet normal 0.000000e+00 9.238795e-01 3.826834e-01
    outer loop
      vertex   -2.720000e+02 2.602759e+02 2.612941e+01
      vertex   -2.745000e+02 2.602759e+02 2.612941e+01
      vertex   -2.720000e+02 2.602259e+02 2.625000e+01
    endloop
  endfacet
  facet normal -1.631478e-15 9.238795e-01 3.826834e-01
    outer loop
      vertex   -2.720000e+02 2.602259e+02 2.625000e+01
      vertex   -2.745000e+02 2.602759e+02 2.612941e+01
      vertex   -2.745000e+02 2.602259e+02 2.625000e+01
    endloop
  endfacet
  facet normal -2.595306e-15 7.933533e-01 6.087614e-01
    outer loop
      vertex   -2.720000e+02 2.602259e+02 2.625000e+01
      vertex   -2.745000e+02 2.602259e+02 2.625000e+01
      vertex   -2.745000e+02 2.601464e+02 2.635355e+01
    endloop
  endfacet
  facet normal -0.000000e+00 7.933533e-01 6.087614e-01
    outer loop
      vertex   -2.745000e+02 2.601464e+02 2.635355e+01
      vertex   -2.695000e+02 2.601464e+02 2.635355e+01
      vertex   -2.720000e+02 2.602259e+02 2.625000e+01
    endloop
  endfacet
  facet normal 3.694264e-14 7.933533e-01 6.087614e-01
    outer loop
      vertex   -2.720000e+02 2.602259e+02 2.625000e+01
      vertex   -2.695000e+02 2.601464e+02 2.635355e+01
      vertex   -2.695000e+02 2.602259e+02 2.625000e+01
    endloop
  endfacet
  facet normal 4.255700e-14 9.238795e-01 3.826834e-01
    outer loop
      vertex   -2.720000e+02 2.602259e+02 2.625000e+01
      vertex   -2.695000e+02 2.602259e+02 2.625000e+01
      vertex   -2.720000e+02 2.602759e+02 2.612941e+01
    endloop
  endfacet
  facet normal 2.046276e-14 9.238795e-01 3.826834e-01
    outer loop
      vertex   -2.720000e+02 2.602759e+02 2.612941e+01
      vertex   -2.695000e+02 2.602259e+02 2.625000e+01
      vertex   -2.695000e+02 2.602759e+02 2.612941e+01
    endloop
  endfacet
  facet normal 2.235736e-14 9.914449e-01 1.305262e-01
    outer loop
      vertex   -2.720000e+02 2.602759e+02 2.612941e+01
      vertex   -2.695000e+02 2.602759e+02 2.612941e+01
      vertex   -2.720000e+02 2.602929e+02 2.600000e+01
    endloop
  endfacet
  facet normal 2.254285e-14 9.914449e-01 1.305262e-01
    outer loop
      vertex   -2.720000e+02 2.602929e+02 2.600000e+01
      vertex   -2.695000e+02 2.602759e+02 2.612941e+01
      vertex   -2.695000e+02 2.602929e+02 2.600000e+01
    endloop
  endfacet
  facet normal 2.254285e-14 9.914449e-01 -1.305262e-01
    outer loop
      vertex   -2.720000e+02 2.602929e+02 2.600000e+01
      vertex   -2.695000e+02 2.602929e+02 2.600000e+01
      vertex   -2.720000e+02 2.602759e+02 2.587059e+01
    endloop
  endfacet
  facet normal 2.235736e-14 9.914449e-01 -1.305262e-01
    outer loop
      vertex   -2.720000e+02 2.602759e+02 2.587059e+01
      vertex   -2.695000e+02 2.602929e+02 2.600000e+01
      vertex   -2.695000e+02 2.602759e+02 2.587059e+01
    endloop
  endfacet
  facet normal 2.046276e-14 9.238795e-01 -3.826834e-01
    outer loop
      vertex   -2.720000e+02 2.602759e+02 2.587059e+01
      vertex   -2.695000e+02 2.602759e+02 2.587059e+01
      vertex   -2.720000e+02 2.602259e+02 2.575000e+01
    endloop
  endfacet
  facet normal 1.937511e-14 9.238795e-01 -3.826834e-01
    outer loop
      vertex   -2.720000e+02 2.602259e+02 2.575000e+01
      vertex   -2.695000e+02 2.602759e+02 2.587059e+01
      vertex   -2.695000e+02 2.602259e+02 2.575000e+01
    endloop
  endfacet
  facet normal 1.544346e-14 7.933533e-01 -6.087614e-01
    outer loop
      vertex   -2.720000e+02 2.602259e+02 2.575000e+01
      vertex   -2.695000e+02 2.602259e+02 2.575000e+01
      vertex   -2.720000e+02 2.601464e+02 2.564645e+01
    endloop
  endfacet
  facet normal -3.460408e-15 7.933533e-01 -6.087614e-01
    outer loop
      vertex   -2.720000e+02 2.601464e+02 2.564645e+01
      vertex   -2.695000e+02 2.602259e+02 2.575000e+01
      vertex   -2.695000e+02 2.601464e+02 2.564645e+01
    endloop
  endfacet
  facet normal -4.509692e-15 6.087614e-01 -7.933533e-01
    outer loop
      vertex   -2.720000e+02 2.601464e+02 2.564645e+01
      vertex   -2.695000e+02 2.601464e+02 2.564645e+01
      vertex   -2.720000e+02 2.600429e+02 2.556699e+01
    endloop
  endfacet
  facet normal -1.465650e-14 6.087614e-01 -7.933533e-01
    outer loop
      vertex   -2.720000e+02 2.600429e+02 2.556699e+01
      vertex   -2.695000e+02 2.601464e+02 2.564645e+01
      vertex   -2.695000e+02 2.600429e+02 2.556699e+01
    endloop
  endfacet
  facet normal -1.706785e-14 3.826834e-01 -9.238795e-01
    outer loop
      vertex   -2.720000e+02 2.600429e+02 2.556699e+01
      vertex   -2.695000e+02 2.600429e+02 2.556699e+01
      vertex   -2.720000e+02 2.599223e+02 2.551704e+01
    endloop
  endfacet
  facet normal -1.444203e-14 3.826834e-01 -9.238795e-01
    outer loop
      vertex   -2.720000e+02 2.599223e+02 2.551704e+01
      vertex   -2.695000e+02 2.600429e+02 2.556699e+01
      vertex   -2.695000e+02 2.599223e+02 2.551704e+01
    endloop
  endfacet
  facet normal -1.549821e-14 1.305262e-01 -9.914449e-01
    outer loop
      vertex   -2.720000e+02 2.599223e+02 2.551704e+01
      vertex   -2.695000e+02 2.599223e+02 2.551704e+01
      vertex   -2.695000e+02 2.597929e+02 2.550000e+01
    endloop
  endfacet
  facet normal 0.000000e+00 -7.071068e-01 7.071068e-01
    outer loop
      vertex   -2.745000e+02 1.180000e+02 3.150000e+01
      vertex   -2.745000e+02 1.128536e+02 2.635355e+01
      vertex   -2.695000e+02 1.180000e+02 3.150000e+01
    endloop
  endfacet
  facet normal 0.000000e+00 -7.071068e-01 7.071068e-01
    outer loop
      vertex   -2.695000e+02 1.180000e+02 3.150000e+01
      vertex   -2.745000e+02 1.128536e+02 2.635355e+01
      vertex   -2.695000e+02 1.128536e+02 2.635355e+01
    endloop
  endfacet
  facet normal 0.000000e+00 -7.933533e-01 6.087614e-01
    outer loop
      vertex   -2.695000e+02 1.128536e+02 2.635355e+01
      vertex   -2.745000e+02 1.128536e+02 2.635355e+01
      vertex   -2.720000e+02 1.127741e+02 2.625000e+01
    endloop
  endfacet
  facet normal 0.000000e+00 -7.933533e-01 6.087614e-01
    outer loop
      vertex   -2.720000e+02 1.127741e+02 2.625000e+01
      vertex   -2.745000e+02 1.128536e+02 2.635355e+01
      vertex   -2.745000e+02 1.127741e+02 2.625000e+01
    endloop
  endfacet
  facet normal 0.000000e+00 -9.238795e-01 3.826834e-01
    outer loop
      vertex   -2.720000e+02 1.127741e+02 2.625000e+01
      vertex   -2.745000e+02 1.127741e+02 2.625000e+01
      vertex   -2.720000e+02 1.127241e+02 2.612941e+01
    endloop
  endfacet
  facet normal 5.251647e-15 -9.238795e-01 3.826834e-01
    outer loop
      vertex   -2.720000e+02 1.127241e+02 2.612941e+01
      vertex   -2.745000e+02 1.127741e+02 2.625000e+01
      vertex   -2.745000e+02 1.127241e+02 2.612941e+01
    endloop
  endfacet
  facet normal 5.635712e-15 -9.914449e-01 1.305262e-01
    outer loop
      vertex   -2.720000e+02 1.127241e+02 2.612941e+01
      vertex   -2.745000e+02 1.127241e+02 2.612941e+01
      vertex   -2.720000e+02 1.127071e+02 2.600000e+01
    endloop
  endfacet
  facet normal 1.108593e-14 -9.914449e-01 1.305262e-01
    outer loop
      vertex   -2.720000e+02 1.127071e+02 2.600000e+01
      vertex   -2.745000e+02 1.127241e+02 2.612941e+01
      vertex   -2.745000e+02 1.127071e+02 2.600000e+01
    endloop
  endfacet
  facet normal 1.145691e-14 -9.914449e-01 -1.305262e-01
    outer loop
      vertex   -2.720000e+02 1.127071e+02 2.600000e+01
      vertex   -2.745000e+02 1.127071e+02 2.600000e+01
      vertex   -2.720000e+02 1.127241e+02 2.587059e+01
    endloop
  endfacet
  facet normal 1.145691e-14 -9.914449e-01 -1.305262e-01
    outer loop
      vertex   -2.720000e+02 1.127241e+02 2.587059e+01
      vertex   -2.745000e+02 1.127071e+02 2.600000e+01
      vertex   -2.745000e+02 1.127241e+02 2.587059e+01
    endloop
  endfacet
  facet normal 1.104712e-14 -9.238795e-01 -3.826834e-01
    outer loop
      vertex   -2.720000e+02 1.127241e+02 2.587059e+01
      vertex   -2.745000e+02 1.127241e+02 2.587059e+01
      vertex   -2.720000e+02 1.127741e+02 2.575000e+01
    endloop
  endfacet
  facet normal 1.901790e-14 -9.238795e-01 -3.826834e-01
    outer loop
      vertex   -2.720000e+02 1.127741e+02 2.575000e+01
      vertex   -2.745000e+02 1.127241e+02 2.587059e+01
      vertex   -2.745000e+02 1.127741e+02 2.575000e+01
    endloop
  endfacet
  facet normal 1.871969e-14 -7.933533e-01 -6.087614e-01
    outer loop
      vertex   -2.720000e+02 1.127741e+02 2.575000e+01
      vertex   -2.745000e+02 1.127741e+02 2.575000e+01
      vertex   -2.720000e+02 1.128536e+02 2.564645e+01
    endloop
  endfacet
  facet normal 2.131499e-14 -7.933533e-01 -6.087614e-01
    outer loop
      vertex   -2.720000e+02 1.128536e+02 2.564645e+01
      vertex   -2.745000e+02 1.127741e+02 2.575000e+01
      vertex   -2.745000e+02 1.128536e+02 2.564645e+01
    endloop
  endfacet
  facet normal 2.052803e-14 -6.087614e-01 -7.933533e-01
    outer loop
      vertex   -2.720000e+02 1.128536e+02 2.564645e+01
      vertex   -2.745000e+02 1.128536e+02 2.564645e+01
      vertex   -2.720000e+02 1.129571e+02 2.556699e+01
    endloop
  endfacet
  facet normal 2.157731e-14 -6.087614e-01 -7.933533e-01
    outer loop
      vertex   -2.720000e+02 1.129571e+02 2.556699e+01
      vertex   -2.745000e+02 1.128536e+02 2.564645e+01
      vertex   -2.745000e+02 1.129571e+02 2.556699e+01
    endloop
  endfacet
  facet normal 2.141846e-14 -3.826834e-01 -9.238795e-01
    outer loop
      vertex   -2.720000e+02 1.129571e+02 2.556699e+01
      vertex   -2.745000e+02 1.129571e+02 2.556699e+01
      vertex   -2.720000e+02 1.130777e+02 2.551704e+01
    endloop
  endfacet
  facet normal 1.575494e-14 -3.826834e-01 -9.238795e-01
    outer loop
      vertex   -2.720000e+02 1.130777e+02 2.551704e+01
      vertex   -2.745000e+02 1.129571e+02 2.556699e+01
      vertex   -2.745000e+02 1.130777e+02 2.551704e+01
    endloop
  endfacet
  facet normal 1.690713e-14 -1.305262e-01 -9.914449e-01
    outer loop
      vertex   -2.720000e+02 1.130777e+02 2.551704e+01
      vertex   -2.745000e+02 1.130777e+02 2.551704e+01
      vertex   -2.745000e+02 1.132071e+02 2.550000e+01
    endloop
  endfacet
  facet normal 0.000000e+00 -1.305262e-01 -9.914449e-01
    outer loop
      vertex   -2.745000e+02 1.132071e+02 2.550000e+01
      vertex   -2.695000e+02 1.132071e+02 2.550000e+01
      vertex   -2.720000e+02 1.130777e+02 2.551704e+01
    endloop
  endfacet
  facet normal -1.764909e-14 -1.305262e-01 -9.914449e-01
    outer loop
      vertex   -2.720000e+02 1.130777e+02 2.551704e+01
      vertex   -2.695000e+02 1.132071e+02 2.550000e+01
      vertex   -2.695000e+02 1.130777e+02 2.551704e+01
    endloop
  endfacet
  facet normal -1.793024e-14 -3.826834e-01 -9.238795e-01
    outer loop
      vertex   -2.720000e+02 1.130777e+02 2.551704e+01
      vertex   -2.695000e+02 1.130777e+02 2.551704e+01
      vertex   -2.720000e+02 1.129571e+02 2.556699e+01
    endloop
  endfacet
  facet normal -2.141846e-14 -3.826834e-01 -9.238795e-01
    outer loop
      vertex   -2.720000e+02 1.129571e+02 2.556699e+01
      vertex   -2.695000e+02 1.130777e+02 2.551704e+01
      vertex   -2.695000e+02 1.129571e+02 2.556699e+01
    endloop
  endfacet
  facet normal -2.157731e-14 -6.087614e-01 -7.933533e-01
    outer loop
      vertex   -2.720000e+02 1.129571e+02 2.556699e+01
      vertex   -2.695000e+02 1.129571e+02 2.556699e+01
      vertex   -2.720000e+02 1.128536e+02 2.564645e+01
    endloop
  endfacet
  facet normal -2.052803e-14 -6.087614e-01 -7.933533e-01
    outer loop
      vertex   -2.720000e+02 1.128536e+02 2.564645e+01
      vertex   -2.695000e+02 1.129571e+02 2.556699e+01
      vertex   -2.695000e+02 1.128536e+02 2.564645e+01
    endloop
  endfacet
  facet normal -2.131499e-14 -7.933533e-01 -6.087614e-01
    outer loop
      vertex   -2.720000e+02 1.128536e+02 2.564645e+01
      vertex   -2.695000e+02 1.128536e+02 2.564645e+01
      vertex   -2.720000e+02 1.127741e+02 2.575000e+01
    endloop
  endfacet
  facet normal -1.871969e-14 -7.933533e-01 -6.087614e-01
    outer loop
      vertex   -2.720000e+02 1.127741e+02 2.575000e+01
      vertex   -2.695000e+02 1.128536e+02 2.564645e+01
      vertex   -2.695000e+02 1.127741e+02 2.575000e+01
    endloop
  endfacet
  facet normal -1.901790e-14 -9.238795e-01 -3.826834e-01
    outer loop
      vertex   -2.720000e+02 1.127741e+02 2.575000e+01
      vertex   -2.695000e+02 1.127741e+02 2.575000e+01
      vertex   -2.720000e+02 1.127241e+02 2.587059e+01
    endloop
  endfacet
  facet normal -1.104712e-14 -9.238795e-01 -3.826834e-01
    outer loop
      vertex   -2.720000e+02 1.127241e+02 2.587059e+01
      vertex   -2.695000e+02 1.127741e+02 2.575000e+01
      vertex   -2.695000e+02 1.127241e+02 2.587059e+01
    endloop
  endfacet
  facet normal -1.145691e-14 -9.914449e-01 -1.305262e-01
    outer loop
      vertex   -2.720000e+02 1.127241e+02 2.587059e+01
      vertex   -2.695000e+02 1.127241e+02 2.587059e+01
      vertex   -2.720000e+02 1.127071e+02 2.600000e+01
    endloop
  endfacet
  facet normal -1.127142e-14 -9.914449e-01 -1.305262e-01
    outer loop
      vertex   -2.720000e+02 1.127071e+02 2.600000e+01
      vertex   -2.695000e+02 1.127241e+02 2.587059e+01
      vertex   -2.695000e+02 1.127071e+02 2.600000e+01
    endloop
  endfacet
  facet normal -1.127142e-14 -9.914449e-01 1.305262e-01
    outer loop
      vertex   -2.720000e+02 1.127071e+02 2.600000e+01
      vertex   -2.695000e+02 1.127071e+02 2.600000e+01
      vertex   -2.720000e+02 1.127241e+02 2.612941e+01
    endloop
  endfacet
  facet normal -6.192178e-15 -9.914449e-01 1.305262e-01
    outer loop
      vertex   -2.720000e+02 1.127241e+02 2.612941e+01
      vertex   -2.695000e+02 1.127071e+02 2.600000e+01
      vertex   -2.695000e+02 1.127241e+02 2.612941e+01
    endloop
  endfacet
  facet normal -6.883125e-15 -9.238795e-01 3.826834e-01
    outer loop
      vertex   -2.720000e+02 1.127241e+02 2.612941e+01
      vertex   -2.695000e+02 1.127241e+02 2.612941e+01
      vertex   -2.720000e+02 1.127741e+02 2.625000e+01
    endloop
  endfacet
  facet normal 5.251647e-15 -9.238795e-01 3.826834e-01
    outer loop
      vertex   -2.720000e+02 1.127741e+02 2.625000e+01
      vertex   -2.695000e+02 1.127241e+02 2.612941e+01
      vertex   -2.695000e+02 1.127741e+02 2.625000e+01
    endloop
  endfacet
  facet normal 4.509692e-15 -7.933533e-01 6.087614e-01
    outer loop
      vertex   -2.720000e+02 1.127741e+02 2.625000e+01
      vertex   -2.695000e+02 1.127741e+02 2.625000e+01
      vertex   -2.695000e+02 1.128536e+02 2.635355e+01
    endloop
  endfacet
  facet normal -3.790709e-15 8.928798e-02 9.960059e-01
    outer loop
      vertex   -2.675000e+02 1.269968e+02 1.550000e+01
      vertex   -2.765000e+02 1.269968e+02 1.550000e+01
      vertex   -2.678557e+02 1.266411e+02 1.553189e+01
    endloop
  endfacet
  facet normal -4.116086e-15 8.928798e-02 9.960059e-01
    outer loop
      vertex   -2.678557e+02 1.266411e+02 1.553189e+01
      vertex   -2.765000e+02 1.269968e+02 1.550000e+01
      vertex   -2.761443e+02 1.266411e+02 1.553189e+01
    endloop
  endfacet
  facet normal -3.678655e-15 2.650166e-01 9.642439e-01
    outer loop
      vertex   -2.678557e+02 1.266411e+02 1.553189e+01
      vertex   -2.761443e+02 1.266411e+02 1.553189e+01
      vertex   -2.757999e+02 1.262967e+02 1.562654e+01
    endloop
  endfacet
  facet normal -4.011057e-15 2.650166e-01 9.642439e-01
    outer loop
      vertex   -2.678557e+02 1.266411e+02 1.553189e+01
      vertex   -2.757999e+02 1.262967e+02 1.562654e+01
      vertex   -2.682001e+02 1.262967e+02 1.562654e+01
    endloop
  endfacet
  facet normal -3.407032e-15 4.322940e-01 9.017327e-01
    outer loop
      vertex   -2.682001e+02 1.262967e+02 1.562654e+01
      vertex   -2.757999e+02 1.262967e+02 1.562654e+01
      vertex   -2.754778e+02 1.259746e+02 1.578094e+01
    endloop
  endfacet
  facet normal -4.605944e-15 4.322940e-01 9.017327e-01
    outer loop
      vertex   -2.682001e+02 1.262967e+02 1.562654e+01
      vertex   -2.754778e+02 1.259746e+02 1.578094e+01
      vertex   -2.685222e+02 1.259746e+02 1.578094e+01
    endloop
  endfacet
  facet normal -4.139574e-15 5.857858e-01 8.104659e-01
    outer loop
      vertex   -2.685222e+02 1.259746e+02 1.578094e+01
      vertex   -2.754778e+02 1.259746e+02 1.578094e+01
      vertex   -2.688116e+02 1.256852e+02 1.599015e+01
    endloop
  endfacet
  facet normal -3.209942e-15 5.857858e-01 8.104659e-01
    outer loop
      vertex   -2.688116e+02 1.256852e+02 1.599015e+01
      vertex   -2.754778e+02 1.259746e+02 1.578094e+01
      vertex   -2.751884e+02 1.256852e+02 1.599015e+01
    endloop
  endfacet
  facet normal -2.257037e-15 7.205973e-01 6.933538e-01
    outer loop
      vertex   -2.688116e+02 1.256852e+02 1.599015e+01
      vertex   -2.751884e+02 1.256852e+02 1.599015e+01
      vertex   -2.690593e+02 1.254375e+02 1.624751e+01
    endloop
  endfacet
  facet normal -4.188203e-15 7.205973e-01 6.933538e-01
    outer loop
      vertex   -2.690593e+02 1.254375e+02 1.624751e+01
      vertex   -2.751884e+02 1.256852e+02 1.599015e+01
      vertex   -2.749407e+02 1.254375e+02 1.624751e+01
    endloop
  endfacet
  facet normal -3.347228e-15 8.324294e-01 5.541311e-01
    outer loop
      vertex   -2.690593e+02 1.254375e+02 1.624751e+01
      vertex   -2.749407e+02 1.254375e+02 1.624751e+01
      vertex   -2.747428e+02 1.252396e+02 1.654482e+01
    endloop
  endfacet
  facet normal 7.224995e-16 8.324294e-01 5.541311e-01
    outer loop
      vertex   -2.690593e+02 1.254375e+02 1.624751e+01
      vertex   -2.747428e+02 1.252396e+02 1.654482e+01
      vertex   -2.692572e+02 1.252396e+02 1.654482e+01
    endloop
  endfacet
  facet normal 2.182109e-15 9.177158e-01 3.972376e-01
    outer loop
      vertex   -2.692572e+02 1.252396e+02 1.654482e+01
      vertex   -2.747428e+02 1.252396e+02 1.654482e+01
      vertex   -2.746010e+02 1.250978e+02 1.687258e+01
    endloop
  endfacet
  facet normal -2.442592e-15 9.177158e-01 3.972376e-01
    outer loop
      vertex   -2.692572e+02 1.252396e+02 1.654482e+01
      vertex   -2.746010e+02 1.250978e+02 1.687258e+01
      vertex   -2.693990e+02 1.250978e+02 1.687258e+01
    endloop
  endfacet
  facet normal -1.399447e-15 9.737369e-01 2.276763e-01
    outer loop
      vertex   -2.693990e+02 1.250978e+02 1.687258e+01
      vertex   -2.746010e+02 1.250978e+02 1.687258e+01
      vertex   -2.694804e+02 1.250164e+02 1.722035e+01
    endloop
  endfacet
  facet normal -1.605123e-15 9.737369e-01 2.276763e-01
    outer loop
      vertex   -2.694804e+02 1.250164e+02 1.722035e+01
      vertex   -2.746010e+02 1.250978e+02 1.687258e+01
      vertex   -2.745196e+02 1.250164e+02 1.722035e+01
    endloop
  endfacet
  facet normal -7.370815e-01 9.359053e-04 6.758032e-01
    outer loop
      vertex   -2.748911e+02 1.180000e+02 1.631196e+01
      vertex   -2.749407e+02 1.254375e+02 1.624751e+01
      vertex   -2.751771e+02 1.180000e+02 1.600000e+01
    endloop
  endfacet
  facet normal -7.206774e-01 -1.667350e-04 6.932705e-01
    outer loop
      vertex   -2.751771e+02 1.180000e+02 1.600000e+01
      vertex   -2.749407e+02 1.254375e+02 1.624751e+01
      vertex   -2.751884e+02 1.256852e+02 1.599015e+01
    endloop
  endfacet
  facet normal -6.255265e-01 8.402221e-05 7.802029e-01
    outer loop
      vertex   -2.751771e+02 1.180000e+02 1.600000e+01
      vertex   -2.751884e+02 1.256852e+02 1.599015e+01
      vertex   -2.753226e+02 1.179868e+02 1.588339e+01
    endloop
  endfacet
  facet normal -5.864489e-01 -1.010189e-03 8.099856e-01
    outer loop
      vertex   -2.753226e+02 1.179868e+02 1.588339e+01
      vertex   -2.751884e+02 1.256852e+02 1.599015e+01
      vertex   -2.754778e+02 1.259746e+02 1.578094e+01
    endloop
  endfacet
  facet normal -5.504297e-01 9.260052e-06 8.348815e-01
    outer loop
      vertex   -2.753226e+02 1.179868e+02 1.588339e+01
      vertex   -2.754778e+02 1.259746e+02 1.578094e+01
      vertex   -2.754773e+02 1.179506e+02 1.578137e+01
    endloop
  endfacet
  facet normal -4.322773e-01 2.058724e-05 9.017407e-01
    outer loop
      vertex   -2.754773e+02 1.179506e+02 1.578137e+01
      vertex   -2.754778e+02 1.259746e+02 1.578094e+01
      vertex   -2.757999e+02 1.262967e+02 1.562654e+01
    endloop
  endfacet
  facet normal -4.306647e-01 9.721858e-05 9.025120e-01
    outer loop
      vertex   -2.754773e+02 1.179506e+02 1.578137e+01
      vertex   -2.757999e+02 1.262967e+02 1.562654e+01
      vertex   -2.758085e+02 1.178288e+02 1.562335e+01
    endloop
  endfacet
  facet normal -2.651041e-01 -9.412288e-05 9.642198e-01
    outer loop
      vertex   -2.758085e+02 1.178288e+02 1.562335e+01
      vertex   -2.757999e+02 1.262967e+02 1.562654e+01
      vertex   -2.761443e+02 1.266411e+02 1.553189e+01
    endloop
  endfacet
  facet normal -2.590221e-01 1.547710e-04 9.658714e-01
    outer loop
      vertex   -2.758085e+02 1.178288e+02 1.562335e+01
      vertex   -2.761443e+02 1.266411e+02 1.553189e+01
      vertex   -2.761562e+02 1.176701e+02 1.553012e+01
    endloop
  endfacet
  facet normal -8.936465e-02 -7.729100e-05 9.959990e-01
    outer loop
      vertex   -2.761562e+02 1.176701e+02 1.553012e+01
      vertex   -2.761443e+02 1.266411e+02 1.553189e+01
      vertex   -2.765000e+02 1.269968e+02 1.550000e+01
    endloop
  endfacet
  facet normal -8.728386e-02 0.000000e+00 9.961835e-01
    outer loop
      vertex   -2.761562e+02 1.176701e+02 1.553012e+01
      vertex   -2.765000e+02 1.269968e+02 1.550000e+01
      vertex   -2.765000e+02 1.175000e+02 1.550000e+01
    endloop
  endfacet
  facet normal -8.326623e-01 -7.594616e-04 5.537806e-01
    outer loop
      vertex   -2.749407e+02 1.254375e+02 1.624751e+01
      vertex   -2.748911e+02 1.180000e+02 1.631196e+01
      vertex   -2.747428e+02 1.252396e+02 1.654482e+01
    endloop
  endfacet
  facet normal -8.627866e-01 1.408228e-03 5.055663e-01
    outer loop
      vertex   -2.747428e+02 1.252396e+02 1.654482e+01
      vertex   -2.748911e+02 1.180000e+02 1.631196e+01
      vertex   -2.746771e+02 1.180000e+02 1.667712e+01
    endloop
  endfacet
  facet normal -9.178854e-01 -1.078846e-03 3.968440e-01
    outer loop
      vertex   -2.747428e+02 1.252396e+02 1.654482e+01
      vertex   -2.746771e+02 1.180000e+02 1.667712e+01
      vertex   -2.746010e+02 1.250978e+02 1.687258e+01
    endloop
  endfacet
  facet normal -9.498542e-01 1.581619e-03 3.126892e-01
    outer loop
      vertex   -2.746010e+02 1.250978e+02 1.687258e+01
      vertex   -2.746771e+02 1.180000e+02 1.667712e+01
      vertex   -2.745448e+02 1.180000e+02 1.707914e+01
    endloop
  endfacet
  facet normal -9.737927e-01 -1.088924e-03 2.274348e-01
    outer loop
      vertex   -2.746010e+02 1.250978e+02 1.687258e+01
      vertex   -2.745448e+02 1.180000e+02 1.707914e+01
      vertex   -2.745196e+02 1.250164e+02 1.722035e+01
    endloop
  endfacet
  facet normal -9.931541e-01 1.206978e-03 1.168050e-01
    outer loop
      vertex   -2.745196e+02 1.250164e+02 1.722035e+01
      vertex   -2.745448e+02 1.180000e+02 1.707914e+01
      vertex   -2.745087e+02 1.250033e+02 1.731323e+01
    endloop
  endfacet
  facet normal -9.943852e-01 1.580852e-03 1.058092e-01
    outer loop
      vertex   -2.745087e+02 1.250033e+02 1.731323e+01
      vertex   -2.745448e+02 1.180000e+02 1.707914e+01
      vertex   -2.745000e+02 1.180000e+02 1.750000e+01
    endloop
  endfacet
  facet normal -9.975347e-01 6.265199e-04 7.017234e-02
    outer loop
      vertex   -2.745087e+02 1.250033e+02 1.731323e+01
      vertex   -2.745000e+02 1.180000e+02 1.750000e+01
      vertex   -2.745022e+02 1.249902e+02 1.740651e+01
    endloop
  endfacet
  facet normal -9.997267e-01 0.000000e+00 2.337848e-02
    outer loop
      vertex   -2.745022e+02 1.249902e+02 1.740651e+01
      vertex   -2.745000e+02 1.180000e+02 1.750000e+01
      vertex   -2.745000e+02 1.249770e+02 1.750000e+01
    endloop
  endfacet
  facet normal 8.728386e-02 -3.726682e-15 9.961835e-01
    outer loop
      vertex   -2.675000e+02 1.175000e+02 1.550000e+01
      vertex   -2.675000e+02 1.269968e+02 1.550000e+01
      vertex   -2.678438e+02 1.176701e+02 1.553012e+01
    endloop
  endfacet
  facet normal 8.936465e-02 -7.729100e-05 9.959990e-01
    outer loop
      vertex   -2.678438e+02 1.176701e+02 1.553012e+01
      vertex   -2.675000e+02 1.269968e+02 1.550000e+01
      vertex   -2.678557e+02 1.266411e+02 1.553189e+01
    endloop
  endfacet
  facet normal 2.590221e-01 1.547710e-04 9.658714e-01
    outer loop
      vertex   -2.678438e+02 1.176701e+02 1.553012e+01
      vertex   -2.678557e+02 1.266411e+02 1.553189e+01
      vertex   -2.681915e+02 1.178288e+02 1.562335e+01
    endloop
  endfacet
  facet normal 2.651041e-01 -9.412288e-05 9.642198e-01
    outer loop
      vertex   -2.681915e+02 1.178288e+02 1.562335e+01
      vertex   -2.678557e+02 1.266411e+02 1.553189e+01
      vertex   -2.682001e+02 1.262967e+02 1.562654e+01
    endloop
  endfacet
  facet normal 4.322134e-01 9.907001e-05 9.017713e-01
    outer loop
      vertex   -2.681915e+02 1.178288e+02 1.562335e+01
      vertex   -2.682001e+02 1.262967e+02 1.562654e+01
      vertex   -2.685222e+02 1.259746e+02 1.578094e+01
    endloop
  endfacet
  facet normal 5.864489e-01 -1.010189e-03 8.099856e-01
    outer loop
      vertex   -2.688116e+02 1.256852e+02 1.599015e+01
      vertex   -2.686774e+02 1.179868e+02 1.588339e+01
      vertex   -2.685222e+02 1.259746e+02 1.578094e+01
    endloop
  endfacet
  facet normal 5.504297e-01 9.260052e-06 8.348815e-01
    outer loop
      vertex   -2.685222e+02 1.259746e+02 1.578094e+01
      vertex   -2.686774e+02 1.179868e+02 1.588339e+01
      vertex   -2.685227e+02 1.179506e+02 1.578137e+01
    endloop
  endfacet
  facet normal 4.306418e-01 2.073627e-05 9.025229e-01
    outer loop
      vertex   -2.685222e+02 1.259746e+02 1.578094e+01
      vertex   -2.685227e+02 1.179506e+02 1.578137e+01
      vertex   -2.681915e+02 1.178288e+02 1.562335e+01
    endloop
  endfacet
  facet normal 6.255265e-01 8.402221e-05 7.802029e-01
    outer loop
      vertex   -2.686774e+02 1.179868e+02 1.588339e+01
      vertex   -2.688116e+02 1.256852e+02 1.599015e+01
      vertex   -2.688229e+02 1.180000e+02 1.600000e+01
    endloop
  endfacet
  facet normal 7.206774e-01 -1.667350e-04 6.932705e-01
    outer loop
      vertex   -2.688229e+02 1.180000e+02 1.600000e+01
      vertex   -2.688116e+02 1.256852e+02 1.599015e+01
      vertex   -2.690593e+02 1.254375e+02 1.624751e+01
    endloop
  endfacet
  facet normal 7.370815e-01 9.359053e-04 6.758032e-01
    outer loop
      vertex   -2.688229e+02 1.180000e+02 1.600000e+01
      vertex   -2.690593e+02 1.254375e+02 1.624751e+01
      vertex   -2.691089e+02 1.180000e+02 1.631196e+01
    endloop
  endfacet
  facet normal 8.326623e-01 -7.594616e-04 5.537806e-01
    outer loop
      vertex   -2.691089e+02 1.180000e+02 1.631196e+01
      vertex   -2.690593e+02 1.254375e+02 1.624751e+01
      vertex   -2.692572e+02 1.252396e+02 1.654482e+01
    endloop
  endfacet
  facet normal 8.627866e-01 1.408228e-03 5.055663e-01
    outer loop
      vertex   -2.691089e+02 1.180000e+02 1.631196e+01
      vertex   -2.692572e+02 1.252396e+02 1.654482e+01
      vertex   -2.693229e+02 1.180000e+02 1.667712e+01
    endloop
  endfacet
  facet normal 9.178854e-01 -1.078846e-03 3.968440e-01
    outer loop
      vertex   -2.693229e+02 1.180000e+02 1.667712e+01
      vertex   -2.692572e+02 1.252396e+02 1.654482e+01
      vertex   -2.693990e+02 1.250978e+02 1.687258e+01
    endloop
  endfacet
  facet normal 9.498542e-01 1.581619e-03 3.126892e-01
    outer loop
      vertex   -2.693229e+02 1.180000e+02 1.667712e+01
      vertex   -2.693990e+02 1.250978e+02 1.687258e+01
      vertex   -2.694552e+02 1.180000e+02 1.707914e+01
    endloop
  endfacet
  facet normal 9.737927e-01 -1.088924e-03 2.274348e-01
    outer loop
      vertex   -2.694552e+02 1.180000e+02 1.707914e+01
      vertex   -2.693990e+02 1.250978e+02 1.687258e+01
      vertex   -2.694804e+02 1.250164e+02 1.722035e+01
    endloop
  endfacet
  facet normal 9.931541e-01 1.206978e-03 1.168050e-01
    outer loop
      vertex   -2.694552e+02 1.180000e+02 1.707914e+01
      vertex   -2.694804e+02 1.250164e+02 1.722035e+01
      vertex   -2.694913e+02 1.250033e+02 1.731323e+01
    endloop
  endfacet
  facet normal 9.943852e-01 1.580852e-03 1.058092e-01
    outer loop
      vertex   -2.694552e+02 1.180000e+02 1.707914e+01
      vertex   -2.694913e+02 1.250033e+02 1.731323e+01
      vertex   -2.695000e+02 1.180000e+02 1.750000e+01
    endloop
  endfacet
  facet normal 9.975347e-01 6.265199e-04 7.017234e-02
    outer loop
      vertex   -2.695000e+02 1.180000e+02 1.750000e+01
      vertex   -2.694913e+02 1.250033e+02 1.731323e+01
      vertex   -2.694978e+02 1.249902e+02 1.740651e+01
    endloop
  endfacet
  facet normal 9.997267e-01 -1.190448e-16 2.337848e-02
    outer loop
      vertex   -2.695000e+02 1.180000e+02 1.750000e+01
      vertex   -2.694978e+02 1.249902e+02 1.740651e+01
      vertex   -2.695000e+02 1.249770e+02 1.750000e+01
    endloop
  endfacet
  facet normal 0.000000e+00 1.000000e+00 0.000000e+00
    outer loop
      vertex   -2.751771e+02 2.550000e+02 1.600000e+01
      vertex   -2.748911e+02 2.550000e+02 1.631196e+01
      vertex   -2.688229e+02 2.550000e+02 1.600000e+01
    endloop
  endfacet
  facet normal 9.830763e-15 1.000000e+00 1.912270e-13
    outer loop
      vertex   -2.688229e+02 2.550000e+02 1.600000e+01
      vertex   -2.748911e+02 2.550000e+02 1.631196e+01
      vertex   -2.691089e+02 2.550000e+02 1.631196e+01
    endloop
  endfacet
  facet normal 9.830763e-15 1.000000e+00 -5.760524e-15
    outer loop
      vertex   -2.691089e+02 2.550000e+02 1.631196e+01
      vertex   -2.748911e+02 2.550000e+02 1.631196e+01
      vertex   -2.746771e+02 2.550000e+02 1.667712e+01
    endloop
  endfacet
  facet normal 1.061651e-14 1.000000e+00 6.220945e-15
    outer loop
      vertex   -2.691089e+02 2.550000e+02 1.631196e+01
      vertex   -2.746771e+02 2.550000e+02 1.667712e+01
      vertex   -2.693229e+02 2.550000e+02 1.667712e+01
    endloop
  endfacet
  facet normal 1.061651e-14 1.000000e+00 -3.494923e-15
    outer loop
      vertex   -2.693229e+02 2.550000e+02 1.667712e+01
      vertex   -2.746771e+02 2.550000e+02 1.667712e+01
      vertex   -2.745448e+02 2.550000e+02 1.707914e+01
    endloop
  endfacet
  facet normal 1.116862e-14 1.000000e+00 3.676677e-15
    outer loop
      vertex   -2.693229e+02 2.550000e+02 1.667712e+01
      vertex   -2.745448e+02 2.550000e+02 1.707914e+01
      vertex   -2.694552e+02 2.550000e+02 1.707914e+01
    endloop
  endfacet
  facet normal 1.116862e-14 1.000000e+00 -1.188415e-15
    outer loop
      vertex   -2.694552e+02 2.550000e+02 1.707914e+01
      vertex   -2.745448e+02 2.550000e+02 1.707914e+01
      vertex   -2.745000e+02 2.550000e+02 1.750000e+01
    endloop
  endfacet
  facet normal 0.000000e+00 1.000000e+00 -1.350645e-13
    outer loop
      vertex   -2.694552e+02 2.550000e+02 1.707914e+01
      vertex   -2.745000e+02 2.550000e+02 1.750000e+01
      vertex   -2.695000e+02 2.550000e+02 1.750000e+01
    endloop
  endfacet
  facet normal 0.000000e+00 1.000000e+00 0.000000e+00
    outer loop
      vertex   -2.695000e+02 2.550000e+02 1.750000e+01
      vertex   -2.745000e+02 2.550000e+02 1.750000e+01
      vertex   -2.745000e+02 2.550000e+02 2.550000e+01
    endloop
  endfacet
  facet normal 0.000000e+00 1.000000e+00 -0.000000e+00
    outer loop
      vertex   -2.695000e+02 2.550000e+02 1.750000e+01
      vertex   -2.745000e+02 2.550000e+02 2.550000e+01
      vertex   -2.695000e+02 2.550000e+02 2.550000e+01
    endloop
  endfacet
  facet normal 7.370815e-01 -9.359053e-04 6.758032e-01
    outer loop
      vertex   -2.691089e+02 2.550000e+02 1.631196e+01
      vertex   -2.690593e+02 2.475625e+02 1.624751e+01
      vertex   -2.688229e+02 2.550000e+02 1.600000e+01
    endloop
  endfacet
  facet normal 7.206774e-01 1.667350e-04 6.932705e-01
    outer loop
      vertex   -2.688229e+02 2.550000e+02 1.600000e+01
      vertex   -2.690593e+02 2.475625e+02 1.624751e+01
      vertex   -2.688116e+02 2.473148e+02 1.599015e+01
    endloop
  endfacet
  facet normal 6.255265e-01 -8.402221e-05 7.802029e-01
    outer loop
      vertex   -2.688229e+02 2.550000e+02 1.600000e+01
      vertex   -2.688116e+02 2.473148e+02 1.599015e+01
      vertex   -2.686774e+02 2.550132e+02 1.588339e+01
    endloop
  endfacet
  facet normal 5.864489e-01 1.010189e-03 8.099856e-01
    outer loop
      vertex   -2.686774e+02 2.550132e+02 1.588339e+01
      vertex   -2.688116e+02 2.473148e+02 1.599015e+01
      vertex   -2.685222e+02 2.470254e+02 1.578094e+01
    endloop
  endfacet
  facet normal 5.504297e-01 -9.260052e-06 8.348815e-01
    outer loop
      vertex   -2.686774e+02 2.550132e+02 1.588339e+01
      vertex   -2.685222e+02 2.470254e+02 1.578094e+01
      vertex   -2.685227e+02 2.550494e+02 1.578137e+01
    endloop
  endfacet
  facet normal 4.322773e-01 -2.058724e-05 9.017407e-01
    outer loop
      vertex   -2.685227e+02 2.550494e+02 1.578137e+01
      vertex   -2.685222e+02 2.470254e+02 1.578094e+01
      vertex   -2.682001e+02 2.467033e+02 1.562654e+01
    endloop
  endfacet
  facet normal 4.306647e-01 -9.721858e-05 9.025120e-01
    outer loop
      vertex   -2.685227e+02 2.550494e+02 1.578137e+01
      vertex   -2.682001e+02 2.467033e+02 1.562654e+01
      vertex   -2.681915e+02 2.551712e+02 1.562335e+01
    endloop
  endfacet
  facet normal 2.651041e-01 9.412288e-05 9.642198e-01
    outer loop
      vertex   -2.681915e+02 2.551712e+02 1.562335e+01
      vertex   -2.682001e+02 2.467033e+02 1.562654e+01
      vertex   -2.678557e+02 2.463589e+02 1.553189e+01
    endloop
  endfacet
  facet normal 2.590221e-01 -1.547710e-04 9.658714e-01
    outer loop
      vertex   -2.681915e+02 2.551712e+02 1.562335e+01
      vertex   -2.678557e+02 2.463589e+02 1.553189e+01
      vertex   -2.678438e+02 2.553299e+02 1.553012e+01
    endloop
  endfacet
  facet normal 8.936465e-02 7.729100e-05 9.959990e-01
    outer loop
      vertex   -2.678438e+02 2.553299e+02 1.553012e+01
      vertex   -2.678557e+02 2.463589e+02 1.553189e+01
      vertex   -2.675000e+02 2.460032e+02 1.550000e+01
    endloop
  endfacet
  facet normal 8.728386e-02 0.000000e+00 9.961835e-01
    outer loop
      vertex   -2.678438e+02 2.553299e+02 1.553012e+01
      vertex   -2.675000e+02 2.460032e+02 1.550000e+01
      vertex   -2.675000e+02 2.555000e+02 1.550000e+01
    endloop
  endfacet
  facet normal 8.326623e-01 7.594616e-04 5.537806e-01
    outer loop
      vertex   -2.690593e+02 2.475625e+02 1.624751e+01
      vertex   -2.691089e+02 2.550000e+02 1.631196e+01
      vertex   -2.692572e+02 2.477604e+02 1.654482e+01
    endloop
  endfacet
  facet normal 8.627866e-01 -1.408228e-03 5.055663e-01
    outer loop
      vertex   -2.692572e+02 2.477604e+02 1.654482e+01
      vertex   -2.691089e+02 2.550000e+02 1.631196e+01
      vertex   -2.693229e+02 2.550000e+02 1.667712e+01
    endloop
  endfacet
  facet normal 9.178854e-01 1.078846e-03 3.968440e-01
    outer loop
      vertex   -2.692572e+02 2.477604e+02 1.654482e+01
      vertex   -2.693229e+02 2.550000e+02 1.667712e+01
      vertex   -2.693990e+02 2.479022e+02 1.687258e+01
    endloop
  endfacet
  facet normal 9.498542e-01 -1.581619e-03 3.126892e-01
    outer loop
      vertex   -2.693990e+02 2.479022e+02 1.687258e+01
      vertex   -2.693229e+02 2.550000e+02 1.667712e+01
      vertex   -2.694552e+02 2.550000e+02 1.707914e+01
    endloop
  endfacet
  facet normal 9.737927e-01 1.088924e-03 2.274348e-01
    outer loop
      vertex   -2.693990e+02 2.479022e+02 1.687258e+01
      vertex   -2.694552e+02 2.550000e+02 1.707914e+01
      vertex   -2.694804e+02 2.479836e+02 1.722035e+01
    endloop
  endfacet
  facet normal 9.931541e-01 -1.206978e-03 1.168050e-01
    outer loop
      vertex   -2.694804e+02 2.479836e+02 1.722035e+01
      vertex   -2.694552e+02 2.550000e+02 1.707914e+01
      vertex   -2.694913e+02 2.479967e+02 1.731323e+01
    endloop
  endfacet
  facet normal 9.943852e-01 -1.580852e-03 1.058092e-01
    outer loop
      vertex   -2.694913e+02 2.479967e+02 1.731323e+01
      vertex   -2.694552e+02 2.550000e+02 1.707914e+01
      vertex   -2.695000e+02 2.550000e+02 1.750000e+01
    endloop
  endfacet
  facet normal 9.975347e-01 -6.265199e-04 7.017234e-02
    outer loop
      vertex   -2.694913e+02 2.479967e+02 1.731323e+01
      vertex   -2.695000e+02 2.550000e+02 1.750000e+01
      vertex   -2.694978e+02 2.480098e+02 1.740651e+01
    endloop
  endfacet
  facet normal 9.997267e-01 0.000000e+00 2.337848e-02
    outer loop
      vertex   -2.694978e+02 2.480098e+02 1.740651e+01
      vertex   -2.695000e+02 2.550000e+02 1.750000e+01
      vertex   -2.695000e+02 2.480230e+02 1.750000e+01
    endloop
  endfacet
  facet normal 2.187759e-03 9.933511e-01 1.151035e-01
    outer loop
      vertex   -2.686774e+02 2.550132e+02 1.588339e+01
      vertex   -2.697500e+02 2.550170e+02 1.587059e+01
      vertex   -2.688229e+02 2.550000e+02 1.600000e+01
    endloop
  endfacet
  facet normal 0.000000e+00 9.914449e-01 1.305262e-01
    outer loop
      vertex   -2.688229e+02 2.550000e+02 1.600000e+01
      vertex   -2.697500e+02 2.550170e+02 1.587059e+01
      vertex   -2.720000e+02 2.550170e+02 1.587059e+01
    endloop
  endfacet
  facet normal 0.000000e+00 9.914449e-01 1.305262e-01
    outer loop
      vertex   -2.688229e+02 2.550000e+02 1.600000e+01
      vertex   -2.720000e+02 2.550170e+02 1.587059e+01
      vertex   -2.742500e+02 2.550170e+02 1.587059e+01
    endloop
  endfacet
  facet normal -0.000000e+00 9.238795e-01 3.826834e-01
    outer loop
      vertex   -2.742500e+02 2.550170e+02 1.587059e+01
      vertex   -2.720000e+02 2.550170e+02 1.587059e+01
      vertex   -2.742500e+02 2.550670e+02 1.575000e+01
    endloop
  endfacet
  facet normal -3.426468e-03 9.238741e-01 3.826812e-01
    outer loop
      vertex   -2.742500e+02 2.550170e+02 1.587059e+01
      vertex   -2.742500e+02 2.550670e+02 1.575000e+01
      vertex   -2.754773e+02 2.550494e+02 1.578137e+01
    endloop
  endfacet
  facet normal 4.075549e-03 7.963257e-01 6.048544e-01
    outer loop
      vertex   -2.754773e+02 2.550494e+02 1.578137e+01
      vertex   -2.742500e+02 2.550670e+02 1.575000e+01
      vertex   -2.758085e+02 2.551712e+02 1.562335e+01
    endloop
  endfacet
  facet normal 3.559342e-03 7.933483e-01 6.087576e-01
    outer loop
      vertex   -2.758085e+02 2.551712e+02 1.562335e+01
      vertex   -2.742500e+02 2.550670e+02 1.575000e+01
      vertex   -2.742500e+02 2.551464e+02 1.564645e+01
    endloop
  endfacet
  facet normal -2.103505e-03 6.087601e-01 7.933516e-01
    outer loop
      vertex   -2.758085e+02 2.551712e+02 1.562335e+01
      vertex   -2.742500e+02 2.551464e+02 1.564645e+01
      vertex   -2.742500e+02 2.552500e+02 1.556699e+01
    endloop
  endfacet
  facet normal 0.000000e+00 6.087614e-01 7.933533e-01
    outer loop
      vertex   -2.742500e+02 2.552500e+02 1.556699e+01
      vertex   -2.742500e+02 2.551464e+02 1.564645e+01
      vertex   -2.720000e+02 2.551464e+02 1.564645e+01
    endloop
  endfacet
  facet normal -0.000000e+00 6.087614e-01 7.933533e-01
    outer loop
      vertex   -2.742500e+02 2.552500e+02 1.556699e+01
      vertex   -2.720000e+02 2.551464e+02 1.564645e+01
      vertex   -2.720000e+02 2.552500e+02 1.556699e+01
    endloop
  endfacet
  facet normal 0.000000e+00 6.087614e-01 7.933533e-01
    outer loop
      vertex   -2.720000e+02 2.552500e+02 1.556699e+01
      vertex   -2.720000e+02 2.551464e+02 1.564645e+01
      vertex   -2.697500e+02 2.551464e+02 1.564645e+01
    endloop
  endfacet
  facet normal -0.000000e+00 6.087614e-01 7.933533e-01
    outer loop
      vertex   -2.720000e+02 2.552500e+02 1.556699e+01
      vertex   -2.697500e+02 2.551464e+02 1.564645e+01
      vertex   -2.697500e+02 2.552500e+02 1.556699e+01
    endloop
  endfacet
  facet normal 2.103505e-03 6.087601e-01 7.933516e-01
    outer loop
      vertex   -2.697500e+02 2.552500e+02 1.556699e+01
      vertex   -2.697500e+02 2.551464e+02 1.564645e+01
      vertex   -2.681915e+02 2.551712e+02 1.562335e+01
    endloop
  endfacet
  facet normal -4.981656e-03 5.145304e-01 8.574577e-01
    outer loop
      vertex   -2.697500e+02 2.552500e+02 1.556699e+01
      vertex   -2.681915e+02 2.551712e+02 1.562335e+01
      vertex   -2.678438e+02 2.553299e+02 1.553012e+01
    endloop
  endfacet
  facet normal -6.061748e-04 9.425729e-01 3.340000e-01
    outer loop
      vertex   -2.686774e+02 2.550132e+02 1.588339e+01
      vertex   -2.685227e+02 2.550494e+02 1.578137e+01
      vertex   -2.697500e+02 2.550170e+02 1.587059e+01
    endloop
  endfacet
  facet normal 3.426468e-03 9.238741e-01 3.826812e-01
    outer loop
      vertex   -2.697500e+02 2.550170e+02 1.587059e+01
      vertex   -2.685227e+02 2.550494e+02 1.578137e+01
      vertex   -2.697500e+02 2.550670e+02 1.575000e+01
    endloop
  endfacet
  facet normal 0.000000e+00 9.238795e-01 3.826834e-01
    outer loop
      vertex   -2.697500e+02 2.550170e+02 1.587059e+01
      vertex   -2.697500e+02 2.550670e+02 1.575000e+01
      vertex   -2.720000e+02 2.550670e+02 1.575000e+01
    endloop
  endfacet
  facet normal -0.000000e+00 7.933533e-01 6.087614e-01
    outer loop
      vertex   -2.720000e+02 2.550670e+02 1.575000e+01
      vertex   -2.697500e+02 2.550670e+02 1.575000e+01
      vertex   -2.720000e+02 2.551464e+02 1.564645e+01
    endloop
  endfacet
  facet normal 0.000000e+00 7.933533e-01 6.087614e-01
    outer loop
      vertex   -2.720000e+02 2.550670e+02 1.575000e+01
      vertex   -2.720000e+02 2.551464e+02 1.564645e+01
      vertex   -2.742500e+02 2.551464e+02 1.564645e+01
    endloop
  endfacet
  facet normal -4.075549e-03 7.963257e-01 6.048544e-01
    outer loop
      vertex   -2.685227e+02 2.550494e+02 1.578137e+01
      vertex   -2.681915e+02 2.551712e+02 1.562335e+01
      vertex   -2.697500e+02 2.550670e+02 1.575000e+01
    endloop
  endfacet
  facet normal -3.559342e-03 7.933483e-01 6.087576e-01
    outer loop
      vertex   -2.697500e+02 2.550670e+02 1.575000e+01
      vertex   -2.681915e+02 2.551712e+02 1.562335e+01
      vertex   -2.697500e+02 2.551464e+02 1.564645e+01
    endloop
  endfacet
  facet normal 0.000000e+00 7.933533e-01 6.087614e-01
    outer loop
      vertex   -2.697500e+02 2.550670e+02 1.575000e+01
      vertex   -2.697500e+02 2.551464e+02 1.564645e+01
      vertex   -2.720000e+02 2.551464e+02 1.564645e+01
    endloop
  endfacet
  facet normal 1.828936e-03 3.826828e-01 9.238780e-01
    outer loop
      vertex   -2.697500e+02 2.552500e+02 1.556699e+01
      vertex   -2.678438e+02 2.553299e+02 1.553012e+01
      vertex   -2.697500e+02 2.553706e+02 1.551704e+01
    endloop
  endfacet
  facet normal -2.907362e-03 1.800497e-01 9.836532e-01
    outer loop
      vertex   -2.697500e+02 2.553706e+02 1.551704e+01
      vertex   -2.678438e+02 2.553299e+02 1.553012e+01
      vertex   -2.675000e+02 2.555000e+02 1.550000e+01
    endloop
  endfacet
  facet normal 0.000000e+00 1.305262e-01 9.914449e-01
    outer loop
      vertex   -2.697500e+02 2.553706e+02 1.551704e+01
      vertex   -2.675000e+02 2.555000e+02 1.550000e+01
      vertex   -2.720000e+02 2.553706e+02 1.551704e+01
    endloop
  endfacet
  facet normal 1.236361e-15 1.305262e-01 9.914449e-01
    outer loop
      vertex   -2.720000e+02 2.553706e+02 1.551704e+01
      vertex   -2.675000e+02 2.555000e+02 1.550000e+01
      vertex   -2.765000e+02 2.555000e+02 1.550000e+01
    endloop
  endfacet
  facet normal 0.000000e+00 1.305262e-01 9.914449e-01
    outer loop
      vertex   -2.720000e+02 2.553706e+02 1.551704e+01
      vertex   -2.765000e+02 2.555000e+02 1.550000e+01
      vertex   -2.742500e+02 2.553706e+02 1.551704e+01
    endloop
  endfacet
  facet normal 2.907362e-03 1.800497e-01 9.836532e-01
    outer loop
      vertex   -2.742500e+02 2.553706e+02 1.551704e+01
      vertex   -2.765000e+02 2.555000e+02 1.550000e+01
      vertex   -2.761562e+02 2.553299e+02 1.553012e+01
    endloop
  endfacet
  facet normal -1.828936e-03 3.826828e-01 9.238780e-01
    outer loop
      vertex   -2.742500e+02 2.553706e+02 1.551704e+01
      vertex   -2.761562e+02 2.553299e+02 1.553012e+01
      vertex   -2.742500e+02 2.552500e+02 1.556699e+01
    endloop
  endfacet
  facet normal 4.981656e-03 5.145304e-01 8.574577e-01
    outer loop
      vertex   -2.742500e+02 2.552500e+02 1.556699e+01
      vertex   -2.761562e+02 2.553299e+02 1.553012e+01
      vertex   -2.758085e+02 2.551712e+02 1.562335e+01
    endloop
  endfacet
  facet normal 6.061748e-04 9.425729e-01 3.340000e-01
    outer loop
      vertex   -2.754773e+02 2.550494e+02 1.578137e+01
      vertex   -2.753226e+02 2.550132e+02 1.588339e+01
      vertex   -2.742500e+02 2.550170e+02 1.587059e+01
    endloop
  endfacet
  facet normal -1.319292e-03 9.827913e-01 1.847149e-01
    outer loop
      vertex   -2.742500e+02 2.550170e+02 1.587059e+01
      vertex   -2.753226e+02 2.550132e+02 1.588339e+01
      vertex   -2.688229e+02 2.550000e+02 1.600000e+01
    endloop
  endfacet
  facet normal 0.000000e+00 9.936619e-01 1.124099e-01
    outer loop
      vertex   -2.753226e+02 2.550132e+02 1.588339e+01
      vertex   -2.751771e+02 2.550000e+02 1.600000e+01
      vertex   -2.688229e+02 2.550000e+02 1.600000e+01
    endloop
  endfacet
  facet normal -0.000000e+00 9.238795e-01 3.826834e-01
    outer loop
      vertex   -2.742500e+02 2.550670e+02 1.575000e+01
      vertex   -2.720000e+02 2.550170e+02 1.587059e+01
      vertex   -2.720000e+02 2.550670e+02 1.575000e+01
    endloop
  endfacet
  facet normal 0.000000e+00 9.238795e-01 3.826834e-01
    outer loop
      vertex   -2.720000e+02 2.550670e+02 1.575000e+01
      vertex   -2.720000e+02 2.550170e+02 1.587059e+01
      vertex   -2.697500e+02 2.550170e+02 1.587059e+01
    endloop
  endfacet
  facet normal 0.000000e+00 7.933533e-01 6.087614e-01
    outer loop
      vertex   -2.742500e+02 2.551464e+02 1.564645e+01
      vertex   -2.742500e+02 2.550670e+02 1.575000e+01
      vertex   -2.720000e+02 2.550670e+02 1.575000e+01
    endloop
  endfacet
  facet normal 0.000000e+00 3.826834e-01 9.238795e-01
    outer loop
      vertex   -2.742500e+02 2.553706e+02 1.551704e+01
      vertex   -2.742500e+02 2.552500e+02 1.556699e+01
      vertex   -2.720000e+02 2.552500e+02 1.556699e+01
    endloop
  endfacet
  facet normal 0.000000e+00 3.826834e-01 9.238795e-01
    outer loop
      vertex   -2.697500e+02 2.553706e+02 1.551704e+01
      vertex   -2.720000e+02 2.553706e+02 1.551704e+01
      vertex   -2.697500e+02 2.552500e+02 1.556699e+01
    endloop
  endfacet
  facet normal 0.000000e+00 3.826834e-01 9.238795e-01
    outer loop
      vertex   -2.697500e+02 2.552500e+02 1.556699e+01
      vertex   -2.720000e+02 2.553706e+02 1.551704e+01
      vertex   -2.720000e+02 2.552500e+02 1.556699e+01
    endloop
  endfacet
  facet normal 0.000000e+00 3.826834e-01 9.238795e-01
    outer loop
      vertex   -2.720000e+02 2.553706e+02 1.551704e+01
      vertex   -2.742500e+02 2.553706e+02 1.551704e+01
      vertex   -2.720000e+02 2.552500e+02 1.556699e+01
    endloop
  endfacet
  facet normal 0.000000e+00 -1.000000e+00 4.555338e-14
    outer loop
      vertex   -2.751771e+02 1.180000e+02 1.600000e+01
      vertex   -2.688229e+02 1.180000e+02 1.600000e+01
      vertex   -2.748911e+02 1.180000e+02 1.631196e+01
    endloop
  endfacet
  facet normal -2.457691e-15 -1.000000e+00 -2.253367e-15
    outer loop
      vertex   -2.748911e+02 1.180000e+02 1.631196e+01
      vertex   -2.688229e+02 1.180000e+02 1.600000e+01
      vertex   -2.691089e+02 1.180000e+02 1.631196e+01
    endloop
  endfacet
  facet normal -2.457691e-15 -1.000000e+00 1.440131e-15
    outer loop
      vertex   -2.748911e+02 1.180000e+02 1.631196e+01
      vertex   -2.691089e+02 1.180000e+02 1.631196e+01
      vertex   -2.746771e+02 1.180000e+02 1.667712e+01
    endloop
  endfacet
  facet normal -2.654127e-15 -1.000000e+00 -1.555236e-15
    outer loop
      vertex   -2.746771e+02 1.180000e+02 1.667712e+01
      vertex   -2.691089e+02 1.180000e+02 1.631196e+01
      vertex   -2.693229e+02 1.180000e+02 1.667712e+01
    endloop
  endfacet
  facet normal -2.654127e-15 -1.000000e+00 8.737307e-16
    outer loop
      vertex   -2.746771e+02 1.180000e+02 1.667712e+01
      vertex   -2.693229e+02 1.180000e+02 1.667712e+01
      vertex   -2.745448e+02 1.180000e+02 1.707914e+01
    endloop
  endfacet
  facet normal -2.792155e-15 -1.000000e+00 -9.191692e-16
    outer loop
      vertex   -2.745448e+02 1.180000e+02 1.707914e+01
      vertex   -2.693229e+02 1.180000e+02 1.667712e+01
      vertex   -2.694552e+02 1.180000e+02 1.707914e+01
    endloop
  endfacet
  facet normal -2.792155e-15 -1.000000e+00 -3.346901e-14
    outer loop
      vertex   -2.745448e+02 1.180000e+02 1.707914e+01
      vertex   -2.694552e+02 1.180000e+02 1.707914e+01
      vertex   -2.745000e+02 1.180000e+02 1.750000e+01
    endloop
  endfacet
  facet normal 0.000000e+00 -1.000000e+00 0.000000e+00
    outer loop
      vertex   -2.745000e+02 1.180000e+02 1.750000e+01
      vertex   -2.694552e+02 1.180000e+02 1.707914e+01
      vertex   -2.695000e+02 1.180000e+02 1.750000e+01
    endloop
  endfacet
  facet normal 0.000000e+00 -1.000000e+00 0.000000e+00
    outer loop
      vertex   -2.745000e+02 1.180000e+02 1.750000e+01
      vertex   -2.695000e+02 1.180000e+02 1.750000e+01
      vertex   -2.695000e+02 1.180000e+02 2.550000e+01
    endloop
  endfacet
  facet normal -0.000000e+00 -1.000000e+00 0.000000e+00
    outer loop
      vertex   -2.695000e+02 1.180000e+02 2.550000e+01
      vertex   -2.745000e+02 1.180000e+02 2.550000e+01
      vertex   -2.745000e+02 1.180000e+02 1.750000e+01
    endloop
  endfacet
  facet normal -2.907362e-03 -1.800497e-01 9.836532e-01
    outer loop
      vertex   -2.678438e+02 1.176701e+02 1.553012e+01
      vertex   -2.697500e+02 1.176294e+02 1.551704e+01
      vertex   -2.675000e+02 1.175000e+02 1.550000e+01
    endloop
  endfacet
  facet normal -8.239944e-16 -1.305262e-01 9.914449e-01
    outer loop
      vertex   -2.675000e+02 1.175000e+02 1.550000e+01
      vertex   -2.697500e+02 1.176294e+02 1.551704e+01
      vertex   -2.720000e+02 1.176294e+02 1.551704e+01
    endloop
  endfacet
  facet normal -2.060988e-16 -1.305262e-01 9.914449e-01
    outer loop
      vertex   -2.675000e+02 1.175000e+02 1.550000e+01
      vertex   -2.720000e+02 1.176294e+02 1.551704e+01
      vertex   -2.765000e+02 1.175000e+02 1.550000e+01
    endloop
  endfacet
  facet normal 0.000000e+00 -1.305262e-01 9.914449e-01
    outer loop
      vertex   -2.765000e+02 1.175000e+02 1.550000e+01
      vertex   -2.720000e+02 1.176294e+02 1.551704e+01
      vertex   -2.742500e+02 1.176294e+02 1.551704e+01
    endloop
  endfacet
  facet normal 2.907362e-03 -1.800497e-01 9.836532e-01
    outer loop
      vertex   -2.765000e+02 1.175000e+02 1.550000e+01
      vertex   -2.742500e+02 1.176294e+02 1.551704e+01
      vertex   -2.761562e+02 1.176701e+02 1.553012e+01
    endloop
  endfacet
  facet normal -1.828936e-03 -3.826828e-01 9.238780e-01
    outer loop
      vertex   -2.761562e+02 1.176701e+02 1.553012e+01
      vertex   -2.742500e+02 1.176294e+02 1.551704e+01
      vertex   -2.742500e+02 1.177500e+02 1.556699e+01
    endloop
  endfacet
  facet normal 4.981656e-03 -5.145304e-01 8.574577e-01
    outer loop
      vertex   -2.761562e+02 1.176701e+02 1.553012e+01
      vertex   -2.742500e+02 1.177500e+02 1.556699e+01
      vertex   -2.758085e+02 1.178288e+02 1.562335e+01
    endloop
  endfacet
  facet normal -2.103505e-03 -6.087601e-01 7.933516e-01
    outer loop
      vertex   -2.758085e+02 1.178288e+02 1.562335e+01
      vertex   -2.742500e+02 1.177500e+02 1.556699e+01
      vertex   -2.742500e+02 1.178536e+02 1.564645e+01
    endloop
  endfacet
  facet normal 3.559342e-03 -7.933483e-01 6.087576e-01
    outer loop
      vertex   -2.758085e+02 1.178288e+02 1.562335e+01
      vertex   -2.742500e+02 1.178536e+02 1.564645e+01
      vertex   -2.742500e+02 1.179330e+02 1.575000e+01
    endloop
  endfacet
  facet normal 0.000000e+00 -7.933533e-01 6.087614e-01
    outer loop
      vertex   -2.742500e+02 1.179330e+02 1.575000e+01
      vertex   -2.742500e+02 1.178536e+02 1.564645e+01
      vertex   -2.720000e+02 1.178536e+02 1.564645e+01
    endloop
  endfacet
  facet normal 0.000000e+00 -7.933533e-01 6.087614e-01
    outer loop
      vertex   -2.742500e+02 1.179330e+02 1.575000e+01
      vertex   -2.720000e+02 1.178536e+02 1.564645e+01
      vertex   -2.720000e+02 1.179330e+02 1.575000e+01
    endloop
  endfacet
  facet normal -5.008941e-15 -7.933533e-01 6.087614e-01
    outer loop
      vertex   -2.720000e+02 1.179330e+02 1.575000e+01
      vertex   -2.720000e+02 1.178536e+02 1.564645e+01
      vertex   -2.697500e+02 1.178536e+02 1.564645e+01
    endloop
  endfacet
  facet normal -5.010768e-15 -7.933533e-01 6.087614e-01
    outer loop
      vertex   -2.720000e+02 1.179330e+02 1.575000e+01
      vertex   -2.697500e+02 1.178536e+02 1.564645e+01
      vertex   -2.697500e+02 1.179330e+02 1.575000e+01
    endloop
  endfacet
  facet normal -3.559342e-03 -7.933483e-01 6.087576e-01
    outer loop
      vertex   -2.697500e+02 1.179330e+02 1.575000e+01
      vertex   -2.697500e+02 1.178536e+02 1.564645e+01
      vertex   -2.681915e+02 1.178288e+02 1.562335e+01
    endloop
  endfacet
  facet normal -4.075549e-03 -7.963257e-01 6.048544e-01
    outer loop
      vertex   -2.697500e+02 1.179330e+02 1.575000e+01
      vertex   -2.681915e+02 1.178288e+02 1.562335e+01
      vertex   -2.685227e+02 1.179506e+02 1.578137e+01
    endloop
  endfacet
  facet normal 1.828936e-03 -3.826828e-01 9.238780e-01
    outer loop
      vertex   -2.697500e+02 1.176294e+02 1.551704e+01
      vertex   -2.678438e+02 1.176701e+02 1.553012e+01
      vertex   -2.697500e+02 1.177500e+02 1.556699e+01
    endloop
  endfacet
  facet normal -4.981656e-03 -5.145304e-01 8.574577e-01
    outer loop
      vertex   -2.697500e+02 1.177500e+02 1.556699e+01
      vertex   -2.678438e+02 1.176701e+02 1.553012e+01
      vertex   -2.681915e+02 1.178288e+02 1.562335e+01
    endloop
  endfacet
  facet normal 2.103505e-03 -6.087601e-01 7.933516e-01
    outer loop
      vertex   -2.697500e+02 1.177500e+02 1.556699e+01
      vertex   -2.681915e+02 1.178288e+02 1.562335e+01
      vertex   -2.697500e+02 1.178536e+02 1.564645e+01
    endloop
  endfacet
  facet normal 3.426468e-03 -9.238741e-01 3.826812e-01
    outer loop
      vertex   -2.697500e+02 1.179330e+02 1.575000e+01
      vertex   -2.685227e+02 1.179506e+02 1.578137e+01
      vertex   -2.697500e+02 1.179830e+02 1.587059e+01
    endloop
  endfacet
  facet normal -6.061748e-04 -9.425729e-01 3.340000e-01
    outer loop
      vertex   -2.697500e+02 1.179830e+02 1.587059e+01
      vertex   -2.685227e+02 1.179506e+02 1.578137e+01
      vertex   -2.686774e+02 1.179868e+02 1.588339e+01
    endloop
  endfacet
  facet normal 1.319292e-03 -9.827913e-01 1.847149e-01
    outer loop
      vertex   -2.697500e+02 1.179830e+02 1.587059e+01
      vertex   -2.686774e+02 1.179868e+02 1.588339e+01
      vertex   -2.751771e+02 1.180000e+02 1.600000e+01
    endloop
  endfacet
  facet normal 0.000000e+00 -9.936619e-01 1.124099e-01
    outer loop
      vertex   -2.751771e+02 1.180000e+02 1.600000e+01
      vertex   -2.686774e+02 1.179868e+02 1.588339e+01
      vertex   -2.688229e+02 1.180000e+02 1.600000e+01
    endloop
  endfacet
  facet normal -2.187759e-03 -9.933511e-01 1.151035e-01
    outer loop
      vertex   -2.753226e+02 1.179868e+02 1.588339e+01
      vertex   -2.742500e+02 1.179830e+02 1.587059e+01
      vertex   -2.751771e+02 1.180000e+02 1.600000e+01
    endloop
  endfacet
  facet normal 0.000000e+00 -9.914449e-01 1.305262e-01
    outer loop
      vertex   -2.751771e+02 1.180000e+02 1.600000e+01
      vertex   -2.742500e+02 1.179830e+02 1.587059e+01
      vertex   -2.720000e+02 1.179830e+02 1.587059e+01
    endloop
  endfacet
  facet normal -6.261176e-15 -9.914449e-01 1.305262e-01
    outer loop
      vertex   -2.751771e+02 1.180000e+02 1.600000e+01
      vertex   -2.720000e+02 1.179830e+02 1.587059e+01
      vertex   -2.697500e+02 1.179830e+02 1.587059e+01
    endloop
  endfacet
  facet normal -5.835163e-15 -9.238795e-01 3.826834e-01
    outer loop
      vertex   -2.697500e+02 1.179830e+02 1.587059e+01
      vertex   -2.720000e+02 1.179830e+02 1.587059e+01
      vertex   -2.697500e+02 1.179330e+02 1.575000e+01
    endloop
  endfacet
  facet normal 6.061748e-04 -9.425729e-01 3.340000e-01
    outer loop
      vertex   -2.753226e+02 1.179868e+02 1.588339e+01
      vertex   -2.754773e+02 1.179506e+02 1.578137e+01
      vertex   -2.742500e+02 1.179830e+02 1.587059e+01
    endloop
  endfacet
  facet normal -3.426468e-03 -9.238741e-01 3.826812e-01
    outer loop
      vertex   -2.742500e+02 1.179830e+02 1.587059e+01
      vertex   -2.754773e+02 1.179506e+02 1.578137e+01
      vertex   -2.742500e+02 1.179330e+02 1.575000e+01
    endloop
  endfacet
  facet normal 0.000000e+00 -9.238795e-01 3.826834e-01
    outer loop
      vertex   -2.742500e+02 1.179830e+02 1.587059e+01
      vertex   -2.742500e+02 1.179330e+02 1.575000e+01
      vertex   -2.720000e+02 1.179330e+02 1.575000e+01
    endloop
  endfacet
  facet normal 4.075549e-03 -7.963257e-01 6.048544e-01
    outer loop
      vertex   -2.754773e+02 1.179506e+02 1.578137e+01
      vertex   -2.758085e+02 1.178288e+02 1.562335e+01
      vertex   -2.742500e+02 1.179330e+02 1.575000e+01
    endloop
  endfacet
  facet normal 0.000000e+00 -3.826834e-01 9.238795e-01
    outer loop
      vertex   -2.742500e+02 1.177500e+02 1.556699e+01
      vertex   -2.742500e+02 1.176294e+02 1.551704e+01
      vertex   -2.720000e+02 1.176294e+02 1.551704e+01
    endloop
  endfacet
  facet normal -2.417004e-15 -3.826834e-01 9.238795e-01
    outer loop
      vertex   -2.720000e+02 1.176294e+02 1.551704e+01
      vertex   -2.697500e+02 1.176294e+02 1.551704e+01
      vertex   -2.720000e+02 1.177500e+02 1.556699e+01
    endloop
  endfacet
  facet normal -2.417004e-15 -3.826834e-01 9.238795e-01
    outer loop
      vertex   -2.720000e+02 1.177500e+02 1.556699e+01
      vertex   -2.697500e+02 1.176294e+02 1.551704e+01
      vertex   -2.697500e+02 1.177500e+02 1.556699e+01
    endloop
  endfacet
  facet normal -3.844898e-15 -6.087614e-01 7.933533e-01
    outer loop
      vertex   -2.720000e+02 1.177500e+02 1.556699e+01
      vertex   -2.697500e+02 1.177500e+02 1.556699e+01
      vertex   -2.720000e+02 1.178536e+02 1.564645e+01
    endloop
  endfacet
  facet normal -3.844898e-15 -6.087614e-01 7.933533e-01
    outer loop
      vertex   -2.720000e+02 1.178536e+02 1.564645e+01
      vertex   -2.697500e+02 1.177500e+02 1.556699e+01
      vertex   -2.697500e+02 1.178536e+02 1.564645e+01
    endloop
  endfacet
  facet normal 0.000000e+00 -6.087614e-01 7.933533e-01
    outer loop
      vertex   -2.742500e+02 1.178536e+02 1.564645e+01
      vertex   -2.742500e+02 1.177500e+02 1.556699e+01
      vertex   -2.720000e+02 1.177500e+02 1.556699e+01
    endloop
  endfacet
  facet normal 0.000000e+00 -3.826834e-01 9.238795e-01
    outer loop
      vertex   -2.720000e+02 1.177500e+02 1.556699e+01
      vertex   -2.742500e+02 1.177500e+02 1.556699e+01
      vertex   -2.720000e+02 1.176294e+02 1.551704e+01
    endloop
  endfacet
  facet normal 0.000000e+00 -6.087614e-01 7.933533e-01
    outer loop
      vertex   -2.742500e+02 1.178536e+02 1.564645e+01
      vertex   -2.720000e+02 1.177500e+02 1.556699e+01
      vertex   -2.720000e+02 1.178536e+02 1.564645e+01
    endloop
  endfacet
  facet normal 0.000000e+00 -9.238795e-01 3.826834e-01
    outer loop
      vertex   -2.720000e+02 1.179830e+02 1.587059e+01
      vertex   -2.742500e+02 1.179830e+02 1.587059e+01
      vertex   -2.720000e+02 1.179330e+02 1.575000e+01
    endloop
  endfacet
  facet normal -5.835163e-15 -9.238795e-01 3.826834e-01
    outer loop
      vertex   -2.720000e+02 1.179330e+02 1.575000e+01
      vertex   -2.697500e+02 1.179330e+02 1.575000e+01
      vertex   -2.720000e+02 1.179830e+02 1.587059e+01
    endloop
  endfacet
  facet normal -1.000000e+00 1.104518e-14 0.000000e+00
    outer loop
      vertex   -2.745000e+02 1.180000e+02 3.150000e+01
      vertex   -2.745000e+02 1.180000e+02 2.550000e+01
      vertex   -2.745000e+02 1.128536e+02 2.635355e+01
    endloop
  endfacet
  facet normal -1.000000e+00 1.185994e-14 4.912547e-15
    outer loop
      vertex   -2.745000e+02 1.128536e+02 2.635355e+01
      vertex   -2.745000e+02 1.180000e+02 2.550000e+01
      vertex   -2.745000e+02 1.132071e+02 2.550000e+01
    endloop
  endfacet
  facet normal -1.000000e+00 0.000000e+00 0.000000e+00
    outer loop
      vertex   -2.745000e+02 1.128536e+02 2.635355e+01
      vertex   -2.745000e+02 1.132071e+02 2.550000e+01
      vertex   -2.745000e+02 1.130777e+02 2.551704e+01
    endloop
  endfacet
  facet normal -1.000000e+00 0.000000e+00 0.000000e+00
    outer loop
      vertex   -2.745000e+02 1.180000e+02 3.150000e+01
      vertex   -2.745000e+02 1.230000e+02 3.150000e+01
      vertex   -2.745000e+02 1.180000e+02 2.550000e+01
    endloop
  endfacet
  facet normal -1.000000e+00 0.000000e+00 0.000000e+00
    outer loop
      vertex   -2.745000e+02 1.180000e+02 2.550000e+01
      vertex   -2.745000e+02 1.230000e+02 3.150000e+01
      vertex   -2.745000e+02 1.249770e+02 1.750000e+01
    endloop
  endfacet
  facet normal -1.000000e+00 0.000000e+00 0.000000e+00
    outer loop
      vertex   -2.745000e+02 1.180000e+02 2.550000e+01
      vertex   -2.745000e+02 1.249770e+02 1.750000e+01
      vertex   -2.745000e+02 1.180000e+02 1.750000e+01
    endloop
  endfacet
  facet normal -1.000000e+00 0.000000e+00 0.000000e+00
    outer loop
      vertex   -2.745000e+02 1.130777e+02 2.551704e+01
      vertex   -2.745000e+02 1.129571e+02 2.556699e+01
      vertex   -2.745000e+02 1.128536e+02 2.635355e+01
    endloop
  endfacet
  facet normal -1.000000e+00 0.000000e+00 0.000000e+00
    outer loop
      vertex   -2.745000e+02 1.128536e+02 2.635355e+01
      vertex   -2.745000e+02 1.129571e+02 2.556699e+01
      vertex   -2.745000e+02 1.128536e+02 2.564645e+01
    endloop
  endfacet
  facet normal -1.000000e+00 0.000000e+00 -0.000000e+00
    outer loop
      vertex   -2.745000e+02 1.128536e+02 2.635355e+01
      vertex   -2.745000e+02 1.128536e+02 2.564645e+01
      vertex   -2.745000e+02 1.127741e+02 2.625000e+01
    endloop
  endfacet
  facet normal -1.000000e+00 0.000000e+00 0.000000e+00
    outer loop
      vertex   -2.745000e+02 1.127741e+02 2.625000e+01
      vertex   -2.745000e+02 1.128536e+02 2.564645e+01
      vertex   -2.745000e+02 1.127741e+02 2.575000e+01
    endloop
  endfacet
  facet normal -1.000000e+00 0.000000e+00 -0.000000e+00
    outer loop
      vertex   -2.745000e+02 1.127741e+02 2.625000e+01
      vertex   -2.745000e+02 1.127741e+02 2.575000e+01
      vertex   -2.745000e+02 1.127241e+02 2.612941e+01
    endloop
  endfacet
  facet normal -1.000000e+00 0.000000e+00 0.000000e+00
    outer loop
      vertex   -2.745000e+02 1.127241e+02 2.612941e+01
      vertex   -2.745000e+02 1.127741e+02 2.575000e+01
      vertex   -2.745000e+02 1.127241e+02 2.587059e+01
    endloop
  endfacet
  facet normal -1.000000e+00 0.000000e+00 -0.000000e+00
    outer loop
      vertex   -2.745000e+02 1.127241e+02 2.612941e+01
      vertex   -2.745000e+02 1.127241e+02 2.587059e+01
      vertex   -2.745000e+02 1.127071e+02 2.600000e+01
    endloop
  endfacet
  facet normal 1.000000e+00 0.000000e+00 0.000000e+00
    outer loop
      vertex   -2.695000e+02 1.230000e+02 3.150000e+01
      vertex   -2.695000e+02 1.180000e+02 3.150000e+01
      vertex   -2.695000e+02 1.180000e+02 2.550000e+01
    endloop
  endfacet
  facet normal 1.000000e+00 -1.104518e-14 0.000000e+00
    outer loop
      vertex   -2.695000e+02 1.180000e+02 2.550000e+01
      vertex   -2.695000e+02 1.180000e+02 3.150000e+01
      vertex   -2.695000e+02 1.128536e+02 2.635355e+01
    endloop
  endfacet
  facet normal 1.000000e+00 -1.185994e-14 -4.912547e-15
    outer loop
      vertex   -2.695000e+02 1.180000e+02 2.550000e+01
      vertex   -2.695000e+02 1.128536e+02 2.635355e+01
      vertex   -2.695000e+02 1.132071e+02 2.550000e+01
    endloop
  endfacet
  facet normal 1.000000e+00 0.000000e+00 0.000000e+00
    outer loop
      vertex   -2.695000e+02 1.132071e+02 2.550000e+01
      vertex   -2.695000e+02 1.128536e+02 2.635355e+01
      vertex   -2.695000e+02 1.130777e+02 2.551704e+01
    endloop
  endfacet
  facet normal 1.000000e+00 0.000000e+00 0.000000e+00
    outer loop
      vertex   -2.695000e+02 1.130777e+02 2.551704e+01
      vertex   -2.695000e+02 1.128536e+02 2.635355e+01
      vertex   -2.695000e+02 1.129571e+02 2.556699e+01
    endloop
  endfacet
  facet normal 1.000000e+00 0.000000e+00 0.000000e+00
    outer loop
      vertex   -2.695000e+02 1.129571e+02 2.556699e+01
      vertex   -2.695000e+02 1.128536e+02 2.635355e+01
      vertex   -2.695000e+02 1.128536e+02 2.564645e+01
    endloop
  endfacet
  facet normal 1.000000e+00 0.000000e+00 0.000000e+00
    outer loop
      vertex   -2.695000e+02 1.128536e+02 2.564645e+01
      vertex   -2.695000e+02 1.128536e+02 2.635355e+01
      vertex   -2.695000e+02 1.127741e+02 2.575000e+01
    endloop
  endfacet
  facet normal 1.000000e+00 0.000000e+00 0.000000e+00
    outer loop
      vertex   -2.695000e+02 1.127741e+02 2.575000e+01
      vertex   -2.695000e+02 1.128536e+02 2.635355e+01
      vertex   -2.695000e+02 1.127741e+02 2.625000e+01
    endloop
  endfacet
  facet normal 1.000000e+00 0.000000e+00 -0.000000e+00
    outer loop
      vertex   -2.695000e+02 1.127741e+02 2.575000e+01
      vertex   -2.695000e+02 1.127741e+02 2.625000e+01
      vertex   -2.695000e+02 1.127241e+02 2.587059e+01
    endloop
  endfacet
  facet normal 1.000000e+00 0.000000e+00 -0.000000e+00
    outer loop
      vertex   -2.695000e+02 1.127241e+02 2.587059e+01
      vertex   -2.695000e+02 1.127741e+02 2.625000e+01
      vertex   -2.695000e+02 1.127241e+02 2.612941e+01
    endloop
  endfacet
  facet normal 1.000000e+00 0.000000e+00 0.000000e+00
    outer loop
      vertex   -2.695000e+02 1.127241e+02 2.587059e+01
      vertex   -2.695000e+02 1.127241e+02 2.612941e+01
      vertex   -2.695000e+02 1.127071e+02 2.600000e+01
    endloop
  endfacet
  facet normal 1.000000e+00 0.000000e+00 0.000000e+00
    outer loop
      vertex   -2.695000e+02 1.180000e+02 1.750000e+01
      vertex   -2.695000e+02 1.249770e+02 1.750000e+01
      vertex   -2.695000e+02 1.180000e+02 2.550000e+01
    endloop
  endfacet
  facet normal 1.000000e+00 -0.000000e+00 0.000000e+00
    outer loop
      vertex   -2.695000e+02 1.180000e+02 2.550000e+01
      vertex   -2.695000e+02 1.249770e+02 1.750000e+01
      vertex   -2.695000e+02 1.230000e+02 3.150000e+01
    endloop
  endfacet
  facet normal -1.000000e+00 1.515825e-15 -7.105427e-15
    outer loop
      vertex   -3.000000e+02 1.110000e+02 7.500000e+00
      vertex   -3.000000e+02 1.110000e+02 1.550000e+01
      vertex   -3.000000e+02 2.610000e+02 7.500000e+00
    endloop
  endfacet
  facet normal -1.000000e+00 1.894781e-15 0.000000e+00
    outer loop
      vertex   -3.000000e+02 2.610000e+02 7.500000e+00
      vertex   -3.000000e+02 1.110000e+02 1.550000e+01
      vertex   -3.000000e+02 2.610000e+02 1.550000e+01
    endloop
  endfacet
  facet normal -5.629300e-16 8.533031e-31 -1.000000e+00
    outer loop
      vertex   -3.000000e+02 1.110000e+02 7.500000e+00
      vertex   -3.000000e+02 2.610000e+02 7.500000e+00
      vertex   -2.290000e+02 1.110000e+02 7.500000e+00
    endloop
  endfacet
  facet normal -6.254778e-16 -2.960595e-17 -1.000000e+00
    outer loop
      vertex   -2.290000e+02 1.110000e+02 7.500000e+00
      vertex   -3.000000e+02 2.610000e+02 7.500000e+00
      vertex   -2.290000e+02 2.610000e+02 7.500000e+00
    endloop
  endfacet
  facet normal 1.601223e-15 1.000000e+00 -0.000000e+00
    outer loop
      vertex   -3.000000e+02 2.610000e+02 7.500000e+00
      vertex   -3.000000e+02 2.610000e+02 1.550000e+01
      vertex   -2.290000e+02 2.610000e+02 7.500000e+00
    endloop
  endfacet
  facet normal 1.601223e-15 1.000000e+00 -0.000000e+00
    outer loop
      vertex   -2.290000e+02 2.610000e+02 7.500000e+00
      vertex   -3.000000e+02 2.610000e+02 1.550000e+01
      vertex   -2.290000e+02 2.610000e+02 1.550000e+01
    endloop
  endfacet
  facet normal -1.801376e-15 -1.000000e+00 -1.279955e-29
    outer loop
      vertex   -3.000000e+02 1.110000e+02 1.550000e+01
      vertex   -3.000000e+02 1.110000e+02 7.500000e+00
      vertex   -2.290000e+02 1.110000e+02 1.550000e+01
    endloop
  endfacet
  facet normal -1.801376e-15 -1.000000e+00 -0.000000e+00
    outer loop
      vertex   -2.290000e+02 1.110000e+02 1.550000e+01
      vertex   -3.000000e+02 1.110000e+02 7.500000e+00
      vertex   -2.290000e+02 1.110000e+02 7.500000e+00
    endloop
  endfacet
  facet normal 8.630273e-30 5.465713e-15 1.000000e+00
    outer loop
      vertex   -2.675000e+02 1.175000e+02 1.550000e+01
      vertex   -2.765000e+02 1.175000e+02 1.550000e+01
      vertex   -3.000000e+02 1.110000e+02 1.550000e+01
    endloop
  endfacet
  facet normal 1.511793e-15 0.000000e+00 1.000000e+00
    outer loop
      vertex   -3.000000e+02 1.110000e+02 1.550000e+01
      vertex   -2.765000e+02 1.175000e+02 1.550000e+01
      vertex   -2.765000e+02 1.269968e+02 1.550000e+01
    endloop
  endfacet
  facet normal 1.511793e-15 -2.864516e-30 1.000000e+00
    outer loop
      vertex   -3.000000e+02 1.110000e+02 1.550000e+01
      vertex   -2.765000e+02 1.269968e+02 1.550000e+01
      vertex   -3.000000e+02 2.610000e+02 1.550000e+01
    endloop
  endfacet
  facet normal -1.905112e-16 -2.985313e-16 1.000000e+00
    outer loop
      vertex   -3.000000e+02 2.610000e+02 1.550000e+01
      vertex   -2.765000e+02 1.269968e+02 1.550000e+01
      vertex   -2.765000e+02 2.460032e+02 1.550000e+01
    endloop
  endfacet
  facet normal 2.387337e-15 3.740959e-15 1.000000e+00
    outer loop
      vertex   -3.000000e+02 2.610000e+02 1.550000e+01
      vertex   -2.765000e+02 2.460032e+02 1.550000e+01
      vertex   -2.765000e+02 2.555000e+02 1.550000e+01
    endloop
  endfacet
  facet normal -3.947460e-15 -2.985313e-16 1.000000e+00
    outer loop
      vertex   -2.765000e+02 1.269968e+02 1.550000e+01
      vertex   -2.675000e+02 1.269968e+02 1.550000e+01
      vertex   -2.765000e+02 2.460032e+02 1.550000e+01
    endloop
  endfacet
  facet normal 3.947460e-15 2.985313e-16 1.000000e+00
    outer loop
      vertex   -2.765000e+02 2.460032e+02 1.550000e+01
      vertex   -2.675000e+02 1.269968e+02 1.550000e+01
      vertex   -2.675000e+02 2.460032e+02 1.550000e+01
    endloop
  endfacet
  facet normal -1.162861e-16 2.985313e-16 1.000000e+00
    outer loop
      vertex   -2.675000e+02 2.460032e+02 1.550000e+01
      vertex   -2.675000e+02 1.269968e+02 1.550000e+01
      vertex   -2.290000e+02 2.610000e+02 1.550000e+01
    endloop
  endfacet
  facet normal 0.000000e+00 0.000000e+00 1.000000e+00
    outer loop
      vertex   -2.675000e+02 2.460032e+02 1.550000e+01
      vertex   -2.290000e+02 2.610000e+02 1.550000e+01
      vertex   -2.675000e+02 2.555000e+02 1.550000e+01
    endloop
  endfacet
  facet normal 5.003822e-16 -3.502675e-15 1.000000e+00
    outer loop
      vertex   -2.675000e+02 2.555000e+02 1.550000e+01
      vertex   -2.290000e+02 2.610000e+02 1.550000e+01
      vertex   -3.000000e+02 2.610000e+02 1.550000e+01
    endloop
  endfacet
  facet normal -6.119648e-29 -6.459479e-15 1.000000e+00
    outer loop
      vertex   -2.675000e+02 2.555000e+02 1.550000e+01
      vertex   -3.000000e+02 2.610000e+02 1.550000e+01
      vertex   -2.765000e+02 2.555000e+02 1.550000e+01
    endloop
  endfacet
  facet normal 9.227828e-16 -1.223930e-30 1.000000e+00
    outer loop
      vertex   -2.290000e+02 2.610000e+02 1.550000e+01
      vertex   -2.675000e+02 1.269968e+02 1.550000e+01
      vertex   -2.290000e+02 1.110000e+02 1.550000e+01
    endloop
  endfacet
  facet normal -6.315905e-16 -3.740959e-15 1.000000e+00
    outer loop
      vertex   -2.290000e+02 1.110000e+02 1.550000e+01
      vertex   -2.675000e+02 1.269968e+02 1.550000e+01
      vertex   -2.675000e+02 1.175000e+02 1.550000e+01
    endloop
  endfacet
  facet normal 5.003822e-16 2.963802e-15 1.000000e+00
    outer loop
      vertex   -2.290000e+02 1.110000e+02 1.550000e+01
      vertex   -2.675000e+02 1.175000e+02 1.550000e+01
      vertex   -3.000000e+02 1.110000e+02 1.550000e+01
    endloop
  endfacet
endsolid
