solid ASCII
  facet normal -9.951847e-01 -0.000000e+00 -9.801714e-02
    outer loop
      vertex   -4.490393e+01 1.845000e+02 -4.097545e+01
      vertex   -4.490393e+01 1.665000e+02 -4.097545e+01
      vertex   -4.500000e+01 1.845000e+02 -4.000000e+01
    endloop
  endfacet
  facet normal -9.951847e-01 0.000000e+00 -9.801714e-02
    outer loop
      vertex   -4.500000e+01 1.845000e+02 -4.000000e+01
      vertex   -4.490393e+01 1.665000e+02 -4.097545e+01
      vertex   -4.490393e+01 1.485000e+02 -4.097545e+01
    endloop
  endfacet
  facet normal -9.951847e-01 0.000000e+00 -9.801714e-02
    outer loop
      vertex   -4.500000e+01 1.845000e+02 -4.000000e+01
      vertex   -4.490393e+01 1.485000e+02 -4.097545e+01
      vertex   -4.490393e+01 1.305000e+02 -4.097545e+01
    endloop
  endfacet
  facet normal -9.569403e-01 0.000000e+00 -2.902847e-01
    outer loop
      vertex   -4.490393e+01 1.305000e+02 -4.097545e+01
      vertex   -4.490393e+01 1.485000e+02 -4.097545e+01
      vertex   -4.461940e+01 1.305000e+02 -4.191342e+01
    endloop
  endfacet
  facet normal -9.569403e-01 0.000000e+00 -2.902847e-01
    outer loop
      vertex   -4.490393e+01 1.305000e+02 -4.097545e+01
      vertex   -4.461940e+01 1.305000e+02 -4.191342e+01
      vertex   -4.461940e+01 1.125000e+02 -4.191342e+01
    endloop
  endfacet
  facet normal -8.819213e-01 0.000000e+00 -4.713967e-01
    outer loop
      vertex   -4.461940e+01 1.125000e+02 -4.191342e+01
      vertex   -4.461940e+01 1.305000e+02 -4.191342e+01
      vertex   -4.415735e+01 1.125000e+02 -4.277785e+01
    endloop
  endfacet
  facet normal -8.819213e-01 0.000000e+00 -4.713967e-01
    outer loop
      vertex   -4.461940e+01 1.125000e+02 -4.191342e+01
      vertex   -4.415735e+01 1.125000e+02 -4.277785e+01
      vertex   -4.415735e+01 9.450000e+01 -4.277785e+01
    endloop
  endfacet
  facet normal -7.730105e-01 0.000000e+00 -6.343933e-01
    outer loop
      vertex   -4.415735e+01 9.450000e+01 -4.277785e+01
      vertex   -4.415735e+01 1.125000e+02 -4.277785e+01
      vertex   -4.353553e+01 9.450000e+01 -4.353553e+01
    endloop
  endfacet
  facet normal -7.730105e-01 0.000000e+00 -6.343933e-01
    outer loop
      vertex   -4.353553e+01 9.450000e+01 -4.353553e+01
      vertex   -4.415735e+01 1.125000e+02 -4.277785e+01
      vertex   -4.353553e+01 1.125000e+02 -4.353553e+01
    endloop
  endfacet
  facet normal -6.343933e-01 0.000000e+00 -7.730105e-01
    outer loop
      vertex   -4.353553e+01 9.450000e+01 -4.353553e+01
      vertex   -4.353553e+01 1.125000e+02 -4.353553e+01
      vertex   -4.277785e+01 9.450000e+01 -4.415735e+01
    endloop
  endfacet
  facet normal -6.343933e-01 0.000000e+00 -7.730105e-01
    outer loop
      vertex   -4.277785e+01 9.450000e+01 -4.415735e+01
      vertex   -4.353553e+01 1.125000e+02 -4.353553e+01
      vertex   -4.277785e+01 1.125000e+02 -4.415735e+01
    endloop
  endfacet
  facet normal -4.713967e-01 0.000000e+00 -8.819213e-01
    outer loop
      vertex   -4.277785e+01 9.450000e+01 -4.415735e+01
      vertex   -4.277785e+01 1.125000e+02 -4.415735e+01
      vertex   -4.191342e+01 9.450000e+01 -4.461940e+01
    endloop
  endfacet
  facet normal -4.713967e-01 0.000000e+00 -8.819213e-01
    outer loop
      vertex   -4.191342e+01 9.450000e+01 -4.461940e+01
      vertex   -4.277785e+01 1.125000e+02 -4.415735e+01
      vertex   -4.191342e+01 1.125000e+02 -4.461940e+01
    endloop
  endfacet
  facet normal -2.902847e-01 0.000000e+00 -9.569403e-01
    outer loop
      vertex   -4.191342e+01 9.450000e+01 -4.461940e+01
      vertex   -4.191342e+01 1.125000e+02 -4.461940e+01
      vertex   -4.097545e+01 9.450000e+01 -4.490393e+01
    endloop
  endfacet
  facet normal -2.902847e-01 0.000000e+00 -9.569403e-01
    outer loop
      vertex   -4.097545e+01 9.450000e+01 -4.490393e+01
      vertex   -4.191342e+01 1.125000e+02 -4.461940e+01
      vertex   -4.097545e+01 1.125000e+02 -4.490393e+01
    endloop
  endfacet
  facet normal -9.801714e-02 0.000000e+00 -9.951847e-01
    outer loop
      vertex   -4.097545e+01 9.450000e+01 -4.490393e+01
      vertex   -4.097545e+01 1.125000e+02 -4.490393e+01
      vertex   -4.000000e+01 9.450000e+01 -4.500000e+01
    endloop
  endfacet
  facet normal -9.801714e-02 0.000000e+00 -9.951847e-01
    outer loop
      vertex   -4.000000e+01 9.450000e+01 -4.500000e+01
      vertex   -4.097545e+01 1.125000e+02 -4.490393e+01
      vertex   -4.097545e+01 1.305000e+02 -4.490393e+01
    endloop
  endfacet
  facet normal -9.801714e-02 0.000000e+00 -9.951847e-01
    outer loop
      vertex   -4.000000e+01 9.450000e+01 -4.500000e+01
      vertex   -4.097545e+01 1.305000e+02 -4.490393e+01
      vertex   -4.097545e+01 1.485000e+02 -4.490393e+01
    endloop
  endfacet
  facet normal -2.902847e-01 -0.000000e+00 -9.569403e-01
    outer loop
      vertex   -4.097545e+01 1.485000e+02 -4.490393e+01
      vertex   -4.097545e+01 1.305000e+02 -4.490393e+01
      vertex   -4.191342e+01 1.485000e+02 -4.461940e+01
    endloop
  endfacet
  facet normal -2.902847e-01 0.000000e+00 -9.569403e-01
    outer loop
      vertex   -4.097545e+01 1.485000e+02 -4.490393e+01
      vertex   -4.191342e+01 1.485000e+02 -4.461940e+01
      vertex   -4.191342e+01 1.665000e+02 -4.461940e+01
    endloop
  endfacet
  facet normal -4.713967e-01 -0.000000e+00 -8.819213e-01
    outer loop
      vertex   -4.191342e+01 1.665000e+02 -4.461940e+01
      vertex   -4.191342e+01 1.485000e+02 -4.461940e+01
      vertex   -4.277785e+01 1.665000e+02 -4.415735e+01
    endloop
  endfacet
  facet normal -4.713967e-01 0.000000e+00 -8.819213e-01
    outer loop
      vertex   -4.191342e+01 1.665000e+02 -4.461940e+01
      vertex   -4.277785e+01 1.665000e+02 -4.415735e+01
      vertex   -4.277785e+01 1.845000e+02 -4.415735e+01
    endloop
  endfacet
  facet normal -6.343933e-01 -0.000000e+00 -7.730105e-01
    outer loop
      vertex   -4.277785e+01 1.845000e+02 -4.415735e+01
      vertex   -4.277785e+01 1.665000e+02 -4.415735e+01
      vertex   -4.353553e+01 1.845000e+02 -4.353553e+01
    endloop
  endfacet
  facet normal -6.343933e-01 -0.000000e+00 -7.730105e-01
    outer loop
      vertex   -4.353553e+01 1.845000e+02 -4.353553e+01
      vertex   -4.277785e+01 1.665000e+02 -4.415735e+01
      vertex   -4.353553e+01 1.665000e+02 -4.353553e+01
    endloop
  endfacet
  facet normal -7.730105e-01 -0.000000e+00 -6.343933e-01
    outer loop
      vertex   -4.353553e+01 1.845000e+02 -4.353553e+01
      vertex   -4.353553e+01 1.665000e+02 -4.353553e+01
      vertex   -4.415735e+01 1.845000e+02 -4.277785e+01
    endloop
  endfacet
  facet normal -7.730105e-01 -0.000000e+00 -6.343933e-01
    outer loop
      vertex   -4.415735e+01 1.845000e+02 -4.277785e+01
      vertex   -4.353553e+01 1.665000e+02 -4.353553e+01
      vertex   -4.415735e+01 1.665000e+02 -4.277785e+01
    endloop
  endfacet
  facet normal -8.819213e-01 -0.000000e+00 -4.713967e-01
    outer loop
      vertex   -4.415735e+01 1.845000e+02 -4.277785e+01
      vertex   -4.415735e+01 1.665000e+02 -4.277785e+01
      vertex   -4.461940e+01 1.845000e+02 -4.191342e+01
    endloop
  endfacet
  facet normal -8.819213e-01 -3.481349e-16 -4.713967e-01
    outer loop
      vertex   -4.461940e+01 1.845000e+02 -4.191342e+01
      vertex   -4.415735e+01 1.665000e+02 -4.277785e+01
      vertex   -4.461940e+01 1.665000e+02 -4.191342e+01
    endloop
  endfacet
  facet normal -9.569403e-01 -3.777483e-16 -2.902847e-01
    outer loop
      vertex   -4.461940e+01 1.845000e+02 -4.191342e+01
      vertex   -4.461940e+01 1.665000e+02 -4.191342e+01
      vertex   -4.490393e+01 1.845000e+02 -4.097545e+01
    endloop
  endfacet
  facet normal -9.569403e-01 -0.000000e+00 -2.902847e-01
    outer loop
      vertex   -4.490393e+01 1.845000e+02 -4.097545e+01
      vertex   -4.461940e+01 1.665000e+02 -4.191342e+01
      vertex   -4.490393e+01 1.665000e+02 -4.097545e+01
    endloop
  endfacet
  facet normal -4.713967e-01 0.000000e+00 -8.819213e-01
    outer loop
      vertex   -4.277785e+01 1.845000e+02 -4.415735e+01
      vertex   -4.191342e+01 1.845000e+02 -4.461940e+01
      vertex   -4.191342e+01 1.665000e+02 -4.461940e+01
    endloop
  endfacet
  facet normal -2.902847e-01 0.000000e+00 -9.569403e-01
    outer loop
      vertex   -4.191342e+01 1.665000e+02 -4.461940e+01
      vertex   -4.191342e+01 1.845000e+02 -4.461940e+01
      vertex   -4.097545e+01 1.665000e+02 -4.490393e+01
    endloop
  endfacet
  facet normal -2.902847e-01 0.000000e+00 -9.569403e-01
    outer loop
      vertex   -4.191342e+01 1.665000e+02 -4.461940e+01
      vertex   -4.097545e+01 1.665000e+02 -4.490393e+01
      vertex   -4.097545e+01 1.485000e+02 -4.490393e+01
    endloop
  endfacet
  facet normal -9.801714e-02 0.000000e+00 -9.951847e-01
    outer loop
      vertex   -4.097545e+01 1.485000e+02 -4.490393e+01
      vertex   -4.097545e+01 1.665000e+02 -4.490393e+01
      vertex   -4.000000e+01 1.845000e+02 -4.500000e+01
    endloop
  endfacet
  facet normal -9.801714e-02 0.000000e+00 -9.951847e-01
    outer loop
      vertex   -4.097545e+01 1.485000e+02 -4.490393e+01
      vertex   -4.000000e+01 1.845000e+02 -4.500000e+01
      vertex   -4.000000e+01 9.450000e+01 -4.500000e+01
    endloop
  endfacet
  facet normal -2.902847e-01 0.000000e+00 -9.569403e-01
    outer loop
      vertex   -4.191342e+01 1.845000e+02 -4.461940e+01
      vertex   -4.097545e+01 1.845000e+02 -4.490393e+01
      vertex   -4.097545e+01 1.665000e+02 -4.490393e+01
    endloop
  endfacet
  facet normal -9.801714e-02 0.000000e+00 -9.951847e-01
    outer loop
      vertex   -4.097545e+01 1.665000e+02 -4.490393e+01
      vertex   -4.097545e+01 1.845000e+02 -4.490393e+01
      vertex   -4.000000e+01 1.845000e+02 -4.500000e+01
    endloop
  endfacet
  facet normal -8.819213e-01 3.460974e-16 -4.713967e-01
    outer loop
      vertex   -4.415735e+01 9.450000e+01 -4.277785e+01
      vertex   -4.461940e+01 9.450000e+01 -4.191342e+01
      vertex   -4.461940e+01 1.125000e+02 -4.191342e+01
    endloop
  endfacet
  facet normal -9.569403e-01 3.777483e-16 -2.902847e-01
    outer loop
      vertex   -4.461940e+01 1.125000e+02 -4.191342e+01
      vertex   -4.461940e+01 9.450000e+01 -4.191342e+01
      vertex   -4.490393e+01 1.125000e+02 -4.097545e+01
    endloop
  endfacet
  facet normal -9.569403e-01 0.000000e+00 -2.902847e-01
    outer loop
      vertex   -4.461940e+01 1.125000e+02 -4.191342e+01
      vertex   -4.490393e+01 1.125000e+02 -4.097545e+01
      vertex   -4.490393e+01 1.305000e+02 -4.097545e+01
    endloop
  endfacet
  facet normal -9.951847e-01 -0.000000e+00 -9.801714e-02
    outer loop
      vertex   -4.490393e+01 1.305000e+02 -4.097545e+01
      vertex   -4.490393e+01 1.125000e+02 -4.097545e+01
      vertex   -4.500000e+01 9.450000e+01 -4.000000e+01
    endloop
  endfacet
  facet normal -9.951847e-01 0.000000e+00 -9.801714e-02
    outer loop
      vertex   -4.490393e+01 1.305000e+02 -4.097545e+01
      vertex   -4.500000e+01 9.450000e+01 -4.000000e+01
      vertex   -4.500000e+01 1.845000e+02 -4.000000e+01
    endloop
  endfacet
  facet normal -9.569403e-01 0.000000e+00 -2.902847e-01
    outer loop
      vertex   -4.461940e+01 9.450000e+01 -4.191342e+01
      vertex   -4.490393e+01 9.450000e+01 -4.097545e+01
      vertex   -4.490393e+01 1.125000e+02 -4.097545e+01
    endloop
  endfacet
  facet normal -9.951847e-01 -0.000000e+00 -9.801714e-02
    outer loop
      vertex   -4.490393e+01 1.125000e+02 -4.097545e+01
      vertex   -4.490393e+01 9.450000e+01 -4.097545e+01
      vertex   -4.500000e+01 9.450000e+01 -4.000000e+01
    endloop
  endfacet
  facet normal -9.569403e-01 0.000000e+00 -2.902847e-01
    outer loop
      vertex   -4.490393e+01 1.485000e+02 -4.097545e+01
      vertex   -4.490393e+01 1.665000e+02 -4.097545e+01
      vertex   -4.461940e+01 1.485000e+02 -4.191342e+01
    endloop
  endfacet
  facet normal -9.569403e-01 0.000000e+00 -2.902847e-01
    outer loop
      vertex   -4.461940e+01 1.485000e+02 -4.191342e+01
      vertex   -4.490393e+01 1.665000e+02 -4.097545e+01
      vertex   -4.461940e+01 1.665000e+02 -4.191342e+01
    endloop
  endfacet
  facet normal -8.819213e-01 0.000000e+00 -4.713967e-01
    outer loop
      vertex   -4.461940e+01 1.485000e+02 -4.191342e+01
      vertex   -4.461940e+01 1.665000e+02 -4.191342e+01
      vertex   -4.415735e+01 1.485000e+02 -4.277785e+01
    endloop
  endfacet
  facet normal -8.819213e-01 0.000000e+00 -4.713967e-01
    outer loop
      vertex   -4.415735e+01 1.485000e+02 -4.277785e+01
      vertex   -4.461940e+01 1.665000e+02 -4.191342e+01
      vertex   -4.415735e+01 1.665000e+02 -4.277785e+01
    endloop
  endfacet
  facet normal -7.730105e-01 0.000000e+00 -6.343933e-01
    outer loop
      vertex   -4.415735e+01 1.485000e+02 -4.277785e+01
      vertex   -4.415735e+01 1.665000e+02 -4.277785e+01
      vertex   -4.353553e+01 1.485000e+02 -4.353553e+01
    endloop
  endfacet
  facet normal -7.730105e-01 0.000000e+00 -6.343933e-01
    outer loop
      vertex   -4.353553e+01 1.485000e+02 -4.353553e+01
      vertex   -4.415735e+01 1.665000e+02 -4.277785e+01
      vertex   -4.353553e+01 1.665000e+02 -4.353553e+01
    endloop
  endfacet
  facet normal -6.343933e-01 0.000000e+00 -7.730105e-01
    outer loop
      vertex   -4.353553e+01 1.485000e+02 -4.353553e+01
      vertex   -4.353553e+01 1.665000e+02 -4.353553e+01
      vertex   -4.277785e+01 1.485000e+02 -4.415735e+01
    endloop
  endfacet
  facet normal -6.343933e-01 0.000000e+00 -7.730105e-01
    outer loop
      vertex   -4.277785e+01 1.485000e+02 -4.415735e+01
      vertex   -4.353553e+01 1.665000e+02 -4.353553e+01
      vertex   -4.277785e+01 1.665000e+02 -4.415735e+01
    endloop
  endfacet
  facet normal -4.713967e-01 0.000000e+00 -8.819213e-01
    outer loop
      vertex   -4.277785e+01 1.485000e+02 -4.415735e+01
      vertex   -4.277785e+01 1.665000e+02 -4.415735e+01
      vertex   -4.191342e+01 1.485000e+02 -4.461940e+01
    endloop
  endfacet
  facet normal -9.569403e-01 0.000000e+00 -2.902847e-01
    outer loop
      vertex   -4.490393e+01 1.485000e+02 -4.097545e+01
      vertex   -4.461940e+01 1.485000e+02 -4.191342e+01
      vertex   -4.461940e+01 1.305000e+02 -4.191342e+01
    endloop
  endfacet
  facet normal -8.819213e-01 0.000000e+00 -4.713967e-01
    outer loop
      vertex   -4.461940e+01 1.305000e+02 -4.191342e+01
      vertex   -4.461940e+01 1.485000e+02 -4.191342e+01
      vertex   -4.415735e+01 1.305000e+02 -4.277785e+01
    endloop
  endfacet
  facet normal -8.819213e-01 0.000000e+00 -4.713967e-01
    outer loop
      vertex   -4.461940e+01 1.305000e+02 -4.191342e+01
      vertex   -4.415735e+01 1.305000e+02 -4.277785e+01
      vertex   -4.415735e+01 1.125000e+02 -4.277785e+01
    endloop
  endfacet
  facet normal -7.730105e-01 0.000000e+00 -6.343933e-01
    outer loop
      vertex   -4.415735e+01 1.125000e+02 -4.277785e+01
      vertex   -4.415735e+01 1.305000e+02 -4.277785e+01
      vertex   -4.353553e+01 1.125000e+02 -4.353553e+01
    endloop
  endfacet
  facet normal -8.819213e-01 0.000000e+00 -4.713967e-01
    outer loop
      vertex   -4.415735e+01 1.305000e+02 -4.277785e+01
      vertex   -4.461940e+01 1.485000e+02 -4.191342e+01
      vertex   -4.415735e+01 1.485000e+02 -4.277785e+01
    endloop
  endfacet
  facet normal -7.730105e-01 0.000000e+00 -6.343933e-01
    outer loop
      vertex   -4.415735e+01 1.305000e+02 -4.277785e+01
      vertex   -4.415735e+01 1.485000e+02 -4.277785e+01
      vertex   -4.353553e+01 1.305000e+02 -4.353553e+01
    endloop
  endfacet
  facet normal -7.730105e-01 0.000000e+00 -6.343933e-01
    outer loop
      vertex   -4.353553e+01 1.305000e+02 -4.353553e+01
      vertex   -4.415735e+01 1.485000e+02 -4.277785e+01
      vertex   -4.353553e+01 1.485000e+02 -4.353553e+01
    endloop
  endfacet
  facet normal -6.343933e-01 0.000000e+00 -7.730105e-01
    outer loop
      vertex   -4.353553e+01 1.305000e+02 -4.353553e+01
      vertex   -4.353553e+01 1.485000e+02 -4.353553e+01
      vertex   -4.277785e+01 1.305000e+02 -4.415735e+01
    endloop
  endfacet
  facet normal -6.343933e-01 0.000000e+00 -7.730105e-01
    outer loop
      vertex   -4.277785e+01 1.305000e+02 -4.415735e+01
      vertex   -4.353553e+01 1.485000e+02 -4.353553e+01
      vertex   -4.277785e+01 1.485000e+02 -4.415735e+01
    endloop
  endfacet
  facet normal -4.713967e-01 0.000000e+00 -8.819213e-01
    outer loop
      vertex   -4.277785e+01 1.305000e+02 -4.415735e+01
      vertex   -4.277785e+01 1.485000e+02 -4.415735e+01
      vertex   -4.191342e+01 1.305000e+02 -4.461940e+01
    endloop
  endfacet
  facet normal -4.713967e-01 0.000000e+00 -8.819213e-01
    outer loop
      vertex   -4.191342e+01 1.305000e+02 -4.461940e+01
      vertex   -4.277785e+01 1.485000e+02 -4.415735e+01
      vertex   -4.191342e+01 1.485000e+02 -4.461940e+01
    endloop
  endfacet
  facet normal -2.902847e-01 0.000000e+00 -9.569403e-01
    outer loop
      vertex   -4.191342e+01 1.305000e+02 -4.461940e+01
      vertex   -4.191342e+01 1.485000e+02 -4.461940e+01
      vertex   -4.097545e+01 1.305000e+02 -4.490393e+01
    endloop
  endfacet
  facet normal -6.343933e-01 0.000000e+00 -7.730105e-01
    outer loop
      vertex   -4.277785e+01 1.125000e+02 -4.415735e+01
      vertex   -4.353553e+01 1.125000e+02 -4.353553e+01
      vertex   -4.353553e+01 1.305000e+02 -4.353553e+01
    endloop
  endfacet
  facet normal -7.730105e-01 -0.000000e+00 -6.343933e-01
    outer loop
      vertex   -4.353553e+01 1.305000e+02 -4.353553e+01
      vertex   -4.353553e+01 1.125000e+02 -4.353553e+01
      vertex   -4.415735e+01 1.305000e+02 -4.277785e+01
    endloop
  endfacet
  facet normal -6.343933e-01 0.000000e+00 -7.730105e-01
    outer loop
      vertex   -4.277785e+01 1.125000e+02 -4.415735e+01
      vertex   -4.353553e+01 1.305000e+02 -4.353553e+01
      vertex   -4.277785e+01 1.305000e+02 -4.415735e+01
    endloop
  endfacet
  facet normal -4.713967e-01 0.000000e+00 -8.819213e-01
    outer loop
      vertex   -4.191342e+01 1.125000e+02 -4.461940e+01
      vertex   -4.277785e+01 1.125000e+02 -4.415735e+01
      vertex   -4.277785e+01 1.305000e+02 -4.415735e+01
    endloop
  endfacet
  facet normal -4.713967e-01 0.000000e+00 -8.819213e-01
    outer loop
      vertex   -4.191342e+01 1.125000e+02 -4.461940e+01
      vertex   -4.277785e+01 1.305000e+02 -4.415735e+01
      vertex   -4.191342e+01 1.305000e+02 -4.461940e+01
    endloop
  endfacet
  facet normal -2.902847e-01 0.000000e+00 -9.569403e-01
    outer loop
      vertex   -4.097545e+01 1.125000e+02 -4.490393e+01
      vertex   -4.191342e+01 1.125000e+02 -4.461940e+01
      vertex   -4.191342e+01 1.305000e+02 -4.461940e+01
    endloop
  endfacet
  facet normal -2.902847e-01 0.000000e+00 -9.569403e-01
    outer loop
      vertex   -4.097545e+01 1.125000e+02 -4.490393e+01
      vertex   -4.191342e+01 1.305000e+02 -4.461940e+01
      vertex   -4.097545e+01 1.305000e+02 -4.490393e+01
    endloop
  endfacet
  facet normal -0.000000e+00 0.000000e+00 -1.000000e+00
    outer loop
      vertex   -2.290458e+00 9.450000e+01 -4.500000e+01
      vertex   -4.000000e+01 9.450000e+01 -4.500000e+01
      vertex   -2.290458e+00 1.085000e+02 -4.500000e+01
    endloop
  endfacet
  facet normal -0.000000e+00 0.000000e+00 -1.000000e+00
    outer loop
      vertex   -2.290458e+00 1.085000e+02 -4.500000e+01
      vertex   -4.000000e+01 9.450000e+01 -4.500000e+01
      vertex   -4.000000e+01 1.845000e+02 -4.500000e+01
    endloop
  endfacet
  facet normal 0.000000e+00 0.000000e+00 -1.000000e+00
    outer loop
      vertex   -2.290458e+00 1.085000e+02 -4.500000e+01
      vertex   -4.000000e+01 1.845000e+02 -4.500000e+01
      vertex   4.000000e+01 1.845000e+02 -4.500000e+01
    endloop
  endfacet
  facet normal 0.000000e+00 0.000000e+00 -1.000000e+00
    outer loop
      vertex   -2.290458e+00 1.085000e+02 -4.500000e+01
      vertex   4.000000e+01 1.845000e+02 -4.500000e+01
      vertex   4.709542e+00 1.085000e+02 -4.500000e+01
    endloop
  endfacet
  facet normal 0.000000e+00 0.000000e+00 -1.000000e+00
    outer loop
      vertex   4.709542e+00 1.085000e+02 -4.500000e+01
      vertex   4.000000e+01 1.845000e+02 -4.500000e+01
      vertex   4.000000e+01 9.450000e+01 -4.500000e+01
    endloop
  endfacet
  facet normal 0.000000e+00 0.000000e+00 -1.000000e+00
    outer loop
      vertex   4.709542e+00 1.085000e+02 -4.500000e+01
      vertex   4.000000e+01 9.450000e+01 -4.500000e+01
      vertex   4.709542e+00 9.450000e+01 -4.500000e+01
    endloop
  endfacet
  facet normal 0.000000e+00 1.000000e+00 -0.000000e+00
    outer loop
      vertex   -3.950000e+01 1.845000e+02 3.950000e+01
      vertex   -4.000000e+01 1.845000e+02 4.500000e+01
      vertex   3.950000e+01 1.845000e+02 3.950000e+01
    endloop
  endfacet
  facet normal 0.000000e+00 1.000000e+00 -0.000000e+00
    outer loop
      vertex   3.950000e+01 1.845000e+02 3.950000e+01
      vertex   -4.000000e+01 1.845000e+02 4.500000e+01
      vertex   4.000000e+01 1.845000e+02 4.500000e+01
    endloop
  endfacet
  facet normal 0.000000e+00 1.000000e+00 0.000000e+00
    outer loop
      vertex   3.950000e+01 1.845000e+02 3.950000e+01
      vertex   4.000000e+01 1.845000e+02 4.500000e+01
      vertex   4.097545e+01 1.845000e+02 4.490393e+01
    endloop
  endfacet
  facet normal 0.000000e+00 1.000000e+00 -0.000000e+00
    outer loop
      vertex   -3.950000e+01 1.845000e+02 -3.950000e+01
      vertex   -4.500000e+01 1.845000e+02 4.000000e+01
      vertex   -3.950000e+01 1.845000e+02 3.950000e+01
    endloop
  endfacet
  facet normal 0.000000e+00 1.000000e+00 0.000000e+00
    outer loop
      vertex   -3.950000e+01 1.845000e+02 3.950000e+01
      vertex   -4.500000e+01 1.845000e+02 4.000000e+01
      vertex   -4.490393e+01 1.845000e+02 4.097545e+01
    endloop
  endfacet
  facet normal 0.000000e+00 1.000000e+00 0.000000e+00
    outer loop
      vertex   -3.950000e+01 1.845000e+02 3.950000e+01
      vertex   -4.490393e+01 1.845000e+02 4.097545e+01
      vertex   -4.461940e+01 1.845000e+02 4.191342e+01
    endloop
  endfacet
  facet normal 0.000000e+00 1.000000e+00 0.000000e+00
    outer loop
      vertex   3.950000e+01 1.845000e+02 -3.950000e+01
      vertex   -4.000000e+01 1.845000e+02 -4.500000e+01
      vertex   -3.950000e+01 1.845000e+02 -3.950000e+01
    endloop
  endfacet
  facet normal 0.000000e+00 1.000000e+00 0.000000e+00
    outer loop
      vertex   -3.950000e+01 1.845000e+02 -3.950000e+01
      vertex   -4.000000e+01 1.845000e+02 -4.500000e+01
      vertex   -4.097545e+01 1.845000e+02 -4.490393e+01
    endloop
  endfacet
  facet normal 0.000000e+00 1.000000e+00 0.000000e+00
    outer loop
      vertex   -3.950000e+01 1.845000e+02 -3.950000e+01
      vertex   -4.097545e+01 1.845000e+02 -4.490393e+01
      vertex   -4.191342e+01 1.845000e+02 -4.461940e+01
    endloop
  endfacet
  facet normal 0.000000e+00 1.000000e+00 0.000000e+00
    outer loop
      vertex   3.950000e+01 1.845000e+02 3.950000e+01
      vertex   4.500000e+01 1.845000e+02 -4.000000e+01
      vertex   3.950000e+01 1.845000e+02 -3.950000e+01
    endloop
  endfacet
  facet normal 0.000000e+00 1.000000e+00 0.000000e+00
    outer loop
      vertex   3.950000e+01 1.845000e+02 -3.950000e+01
      vertex   4.500000e+01 1.845000e+02 -4.000000e+01
      vertex   4.490393e+01 1.845000e+02 -4.097545e+01
    endloop
  endfacet
  facet normal 0.000000e+00 1.000000e+00 0.000000e+00
    outer loop
      vertex   3.950000e+01 1.845000e+02 -3.950000e+01
      vertex   4.490393e+01 1.845000e+02 -4.097545e+01
      vertex   4.461940e+01 1.845000e+02 -4.191342e+01
    endloop
  endfacet
  facet normal 0.000000e+00 1.000000e+00 -0.000000e+00
    outer loop
      vertex   -4.191342e+01 1.845000e+02 -4.461940e+01
      vertex   -4.277785e+01 1.845000e+02 -4.415735e+01
      vertex   -3.950000e+01 1.845000e+02 -3.950000e+01
    endloop
  endfacet
  facet normal 0.000000e+00 1.000000e+00 0.000000e+00
    outer loop
      vertex   -3.950000e+01 1.845000e+02 -3.950000e+01
      vertex   -4.277785e+01 1.845000e+02 -4.415735e+01
      vertex   -4.353553e+01 1.845000e+02 -4.353553e+01
    endloop
  endfacet
  facet normal 0.000000e+00 1.000000e+00 0.000000e+00
    outer loop
      vertex   -3.950000e+01 1.845000e+02 -3.950000e+01
      vertex   -4.353553e+01 1.845000e+02 -4.353553e+01
      vertex   -4.415735e+01 1.845000e+02 -4.277785e+01
    endloop
  endfacet
  facet normal 0.000000e+00 1.000000e+00 -0.000000e+00
    outer loop
      vertex   -4.415735e+01 1.845000e+02 -4.277785e+01
      vertex   -4.461940e+01 1.845000e+02 -4.191342e+01
      vertex   -3.950000e+01 1.845000e+02 -3.950000e+01
    endloop
  endfacet
  facet normal 0.000000e+00 1.000000e+00 0.000000e+00
    outer loop
      vertex   -3.950000e+01 1.845000e+02 -3.950000e+01
      vertex   -4.461940e+01 1.845000e+02 -4.191342e+01
      vertex   -4.490393e+01 1.845000e+02 -4.097545e+01
    endloop
  endfacet
  facet normal 0.000000e+00 1.000000e+00 0.000000e+00
    outer loop
      vertex   -3.950000e+01 1.845000e+02 -3.950000e+01
      vertex   -4.490393e+01 1.845000e+02 -4.097545e+01
      vertex   -4.500000e+01 1.845000e+02 -4.000000e+01
    endloop
  endfacet
  facet normal 0.000000e+00 1.000000e+00 0.000000e+00
    outer loop
      vertex   -4.500000e+01 1.845000e+02 -4.000000e+01
      vertex   -4.500000e+01 1.845000e+02 4.000000e+01
      vertex   -3.950000e+01 1.845000e+02 -3.950000e+01
    endloop
  endfacet
  facet normal -0.000000e+00 1.000000e+00 0.000000e+00
    outer loop
      vertex   -4.461940e+01 1.845000e+02 4.191342e+01
      vertex   -4.415735e+01 1.845000e+02 4.277785e+01
      vertex   -3.950000e+01 1.845000e+02 3.950000e+01
    endloop
  endfacet
  facet normal 0.000000e+00 1.000000e+00 0.000000e+00
    outer loop
      vertex   -3.950000e+01 1.845000e+02 3.950000e+01
      vertex   -4.415735e+01 1.845000e+02 4.277785e+01
      vertex   -4.353553e+01 1.845000e+02 4.353553e+01
    endloop
  endfacet
  facet normal 0.000000e+00 1.000000e+00 0.000000e+00
    outer loop
      vertex   -3.950000e+01 1.845000e+02 3.950000e+01
      vertex   -4.353553e+01 1.845000e+02 4.353553e+01
      vertex   -4.277785e+01 1.845000e+02 4.415735e+01
    endloop
  endfacet
  facet normal -0.000000e+00 1.000000e+00 0.000000e+00
    outer loop
      vertex   -4.277785e+01 1.845000e+02 4.415735e+01
      vertex   -4.191342e+01 1.845000e+02 4.461940e+01
      vertex   -3.950000e+01 1.845000e+02 3.950000e+01
    endloop
  endfacet
  facet normal 0.000000e+00 1.000000e+00 0.000000e+00
    outer loop
      vertex   -3.950000e+01 1.845000e+02 3.950000e+01
      vertex   -4.191342e+01 1.845000e+02 4.461940e+01
      vertex   -4.097545e+01 1.845000e+02 4.490393e+01
    endloop
  endfacet
  facet normal 0.000000e+00 1.000000e+00 0.000000e+00
    outer loop
      vertex   -3.950000e+01 1.845000e+02 3.950000e+01
      vertex   -4.097545e+01 1.845000e+02 4.490393e+01
      vertex   -4.000000e+01 1.845000e+02 4.500000e+01
    endloop
  endfacet
  facet normal 0.000000e+00 1.000000e+00 0.000000e+00
    outer loop
      vertex   4.097545e+01 1.845000e+02 4.490393e+01
      vertex   4.191342e+01 1.845000e+02 4.461940e+01
      vertex   3.950000e+01 1.845000e+02 3.950000e+01
    endloop
  endfacet
  facet normal 0.000000e+00 1.000000e+00 0.000000e+00
    outer loop
      vertex   3.950000e+01 1.845000e+02 3.950000e+01
      vertex   4.191342e+01 1.845000e+02 4.461940e+01
      vertex   4.277785e+01 1.845000e+02 4.415735e+01
    endloop
  endfacet
  facet normal 0.000000e+00 1.000000e+00 0.000000e+00
    outer loop
      vertex   3.950000e+01 1.845000e+02 3.950000e+01
      vertex   4.277785e+01 1.845000e+02 4.415735e+01
      vertex   4.353553e+01 1.845000e+02 4.353553e+01
    endloop
  endfacet
  facet normal 0.000000e+00 1.000000e+00 0.000000e+00
    outer loop
      vertex   4.353553e+01 1.845000e+02 4.353553e+01
      vertex   4.415735e+01 1.845000e+02 4.277785e+01
      vertex   3.950000e+01 1.845000e+02 3.950000e+01
    endloop
  endfacet
  facet normal 0.000000e+00 1.000000e+00 0.000000e+00
    outer loop
      vertex   3.950000e+01 1.845000e+02 3.950000e+01
      vertex   4.415735e+01 1.845000e+02 4.277785e+01
      vertex   4.461940e+01 1.845000e+02 4.191342e+01
    endloop
  endfacet
  facet normal 0.000000e+00 1.000000e+00 0.000000e+00
    outer loop
      vertex   3.950000e+01 1.845000e+02 3.950000e+01
      vertex   4.461940e+01 1.845000e+02 4.191342e+01
      vertex   4.490393e+01 1.845000e+02 4.097545e+01
    endloop
  endfacet
  facet normal 0.000000e+00 1.000000e+00 0.000000e+00
    outer loop
      vertex   4.490393e+01 1.845000e+02 4.097545e+01
      vertex   4.500000e+01 1.845000e+02 4.000000e+01
      vertex   3.950000e+01 1.845000e+02 3.950000e+01
    endloop
  endfacet
  facet normal -0.000000e+00 1.000000e+00 0.000000e+00
    outer loop
      vertex   3.950000e+01 1.845000e+02 3.950000e+01
      vertex   4.500000e+01 1.845000e+02 4.000000e+01
      vertex   4.500000e+01 1.845000e+02 -4.000000e+01
    endloop
  endfacet
  facet normal 0.000000e+00 1.000000e+00 0.000000e+00
    outer loop
      vertex   4.461940e+01 1.845000e+02 -4.191342e+01
      vertex   4.415735e+01 1.845000e+02 -4.277785e+01
      vertex   3.950000e+01 1.845000e+02 -3.950000e+01
    endloop
  endfacet
  facet normal 0.000000e+00 1.000000e+00 0.000000e+00
    outer loop
      vertex   3.950000e+01 1.845000e+02 -3.950000e+01
      vertex   4.415735e+01 1.845000e+02 -4.277785e+01
      vertex   4.353553e+01 1.845000e+02 -4.353553e+01
    endloop
  endfacet
  facet normal 0.000000e+00 1.000000e+00 0.000000e+00
    outer loop
      vertex   3.950000e+01 1.845000e+02 -3.950000e+01
      vertex   4.353553e+01 1.845000e+02 -4.353553e+01
      vertex   4.277785e+01 1.845000e+02 -4.415735e+01
    endloop
  endfacet
  facet normal 0.000000e+00 1.000000e+00 0.000000e+00
    outer loop
      vertex   4.277785e+01 1.845000e+02 -4.415735e+01
      vertex   4.191342e+01 1.845000e+02 -4.461940e+01
      vertex   3.950000e+01 1.845000e+02 -3.950000e+01
    endloop
  endfacet
  facet normal 0.000000e+00 1.000000e+00 0.000000e+00
    outer loop
      vertex   3.950000e+01 1.845000e+02 -3.950000e+01
      vertex   4.191342e+01 1.845000e+02 -4.461940e+01
      vertex   4.097545e+01 1.845000e+02 -4.490393e+01
    endloop
  endfacet
  facet normal 0.000000e+00 1.000000e+00 0.000000e+00
    outer loop
      vertex   3.950000e+01 1.845000e+02 -3.950000e+01
      vertex   4.097545e+01 1.845000e+02 -4.490393e+01
      vertex   4.000000e+01 1.845000e+02 -4.500000e+01
    endloop
  endfacet
  facet normal 0.000000e+00 1.000000e+00 0.000000e+00
    outer loop
      vertex   4.000000e+01 1.845000e+02 -4.500000e+01
      vertex   -4.000000e+01 1.845000e+02 -4.500000e+01
      vertex   3.950000e+01 1.845000e+02 -3.950000e+01
    endloop
  endfacet
  facet normal 9.801714e-02 0.000000e+00 -9.951847e-01
    outer loop
      vertex   4.097545e+01 1.845000e+02 -4.490393e+01
      vertex   4.097545e+01 1.665000e+02 -4.490393e+01
      vertex   4.000000e+01 1.845000e+02 -4.500000e+01
    endloop
  endfacet
  facet normal 9.801714e-02 0.000000e+00 -9.951847e-01
    outer loop
      vertex   4.000000e+01 1.845000e+02 -4.500000e+01
      vertex   4.097545e+01 1.665000e+02 -4.490393e+01
      vertex   4.097545e+01 1.485000e+02 -4.490393e+01
    endloop
  endfacet
  facet normal 9.801714e-02 0.000000e+00 -9.951847e-01
    outer loop
      vertex   4.000000e+01 1.845000e+02 -4.500000e+01
      vertex   4.097545e+01 1.485000e+02 -4.490393e+01
      vertex   4.097545e+01 1.305000e+02 -4.490393e+01
    endloop
  endfacet
  facet normal 2.902847e-01 0.000000e+00 -9.569403e-01
    outer loop
      vertex   4.097545e+01 1.305000e+02 -4.490393e+01
      vertex   4.097545e+01 1.485000e+02 -4.490393e+01
      vertex   4.191342e+01 1.305000e+02 -4.461940e+01
    endloop
  endfacet
  facet normal 2.902847e-01 0.000000e+00 -9.569403e-01
    outer loop
      vertex   4.097545e+01 1.305000e+02 -4.490393e+01
      vertex   4.191342e+01 1.305000e+02 -4.461940e+01
      vertex   4.191342e+01 1.125000e+02 -4.461940e+01
    endloop
  endfacet
  facet normal 4.713967e-01 0.000000e+00 -8.819213e-01
    outer loop
      vertex   4.191342e+01 1.125000e+02 -4.461940e+01
      vertex   4.191342e+01 1.305000e+02 -4.461940e+01
      vertex   4.277785e+01 1.125000e+02 -4.415735e+01
    endloop
  endfacet
  facet normal 4.713967e-01 0.000000e+00 -8.819213e-01
    outer loop
      vertex   4.191342e+01 1.125000e+02 -4.461940e+01
      vertex   4.277785e+01 1.125000e+02 -4.415735e+01
      vertex   4.277785e+01 9.450000e+01 -4.415735e+01
    endloop
  endfacet
  facet normal 6.343933e-01 0.000000e+00 -7.730105e-01
    outer loop
      vertex   4.277785e+01 9.450000e+01 -4.415735e+01
      vertex   4.277785e+01 1.125000e+02 -4.415735e+01
      vertex   4.353553e+01 9.450000e+01 -4.353553e+01
    endloop
  endfacet
  facet normal 6.343933e-01 0.000000e+00 -7.730105e-01
    outer loop
      vertex   4.353553e+01 9.450000e+01 -4.353553e+01
      vertex   4.277785e+01 1.125000e+02 -4.415735e+01
      vertex   4.353553e+01 1.125000e+02 -4.353553e+01
    endloop
  endfacet
  facet normal 7.730105e-01 0.000000e+00 -6.343933e-01
    outer loop
      vertex   4.353553e+01 9.450000e+01 -4.353553e+01
      vertex   4.353553e+01 1.125000e+02 -4.353553e+01
      vertex   4.415735e+01 9.450000e+01 -4.277785e+01
    endloop
  endfacet
  facet normal 7.730105e-01 0.000000e+00 -6.343933e-01
    outer loop
      vertex   4.415735e+01 9.450000e+01 -4.277785e+01
      vertex   4.353553e+01 1.125000e+02 -4.353553e+01
      vertex   4.415735e+01 1.125000e+02 -4.277785e+01
    endloop
  endfacet
  facet normal 8.819213e-01 0.000000e+00 -4.713967e-01
    outer loop
      vertex   4.415735e+01 9.450000e+01 -4.277785e+01
      vertex   4.415735e+01 1.125000e+02 -4.277785e+01
      vertex   4.461940e+01 9.450000e+01 -4.191342e+01
    endloop
  endfacet
  facet normal 8.819213e-01 3.481349e-16 -4.713967e-01
    outer loop
      vertex   4.461940e+01 9.450000e+01 -4.191342e+01
      vertex   4.415735e+01 1.125000e+02 -4.277785e+01
      vertex   4.461940e+01 1.125000e+02 -4.191342e+01
    endloop
  endfacet
  facet normal 9.569403e-01 3.777483e-16 -2.902847e-01
    outer loop
      vertex   4.461940e+01 9.450000e+01 -4.191342e+01
      vertex   4.461940e+01 1.125000e+02 -4.191342e+01
      vertex   4.490393e+01 9.450000e+01 -4.097545e+01
    endloop
  endfacet
  facet normal 9.569403e-01 0.000000e+00 -2.902847e-01
    outer loop
      vertex   4.490393e+01 9.450000e+01 -4.097545e+01
      vertex   4.461940e+01 1.125000e+02 -4.191342e+01
      vertex   4.490393e+01 1.125000e+02 -4.097545e+01
    endloop
  endfacet
  facet normal 9.951847e-01 0.000000e+00 -9.801714e-02
    outer loop
      vertex   4.490393e+01 9.450000e+01 -4.097545e+01
      vertex   4.490393e+01 1.125000e+02 -4.097545e+01
      vertex   4.500000e+01 9.450000e+01 -4.000000e+01
    endloop
  endfacet
  facet normal 9.951847e-01 0.000000e+00 -9.801714e-02
    outer loop
      vertex   4.500000e+01 9.450000e+01 -4.000000e+01
      vertex   4.490393e+01 1.125000e+02 -4.097545e+01
      vertex   4.490393e+01 1.305000e+02 -4.097545e+01
    endloop
  endfacet
  facet normal 9.951847e-01 0.000000e+00 -9.801714e-02
    outer loop
      vertex   4.500000e+01 9.450000e+01 -4.000000e+01
      vertex   4.490393e+01 1.305000e+02 -4.097545e+01
      vertex   4.490393e+01 1.485000e+02 -4.097545e+01
    endloop
  endfacet
  facet normal 9.569403e-01 0.000000e+00 -2.902847e-01
    outer loop
      vertex   4.490393e+01 1.485000e+02 -4.097545e+01
      vertex   4.490393e+01 1.305000e+02 -4.097545e+01
      vertex   4.461940e+01 1.485000e+02 -4.191342e+01
    endloop
  endfacet
  facet normal 9.569403e-01 0.000000e+00 -2.902847e-01
    outer loop
      vertex   4.490393e+01 1.485000e+02 -4.097545e+01
      vertex   4.461940e+01 1.485000e+02 -4.191342e+01
      vertex   4.461940e+01 1.665000e+02 -4.191342e+01
    endloop
  endfacet
  facet normal 8.819213e-01 0.000000e+00 -4.713967e-01
    outer loop
      vertex   4.461940e+01 1.665000e+02 -4.191342e+01
      vertex   4.461940e+01 1.485000e+02 -4.191342e+01
      vertex   4.415735e+01 1.665000e+02 -4.277785e+01
    endloop
  endfacet
  facet normal 8.819213e-01 0.000000e+00 -4.713967e-01
    outer loop
      vertex   4.461940e+01 1.665000e+02 -4.191342e+01
      vertex   4.415735e+01 1.665000e+02 -4.277785e+01
      vertex   4.415735e+01 1.845000e+02 -4.277785e+01
    endloop
  endfacet
  facet normal 7.730105e-01 0.000000e+00 -6.343933e-01
    outer loop
      vertex   4.415735e+01 1.845000e+02 -4.277785e+01
      vertex   4.415735e+01 1.665000e+02 -4.277785e+01
      vertex   4.353553e+01 1.845000e+02 -4.353553e+01
    endloop
  endfacet
  facet normal 7.730105e-01 0.000000e+00 -6.343933e-01
    outer loop
      vertex   4.353553e+01 1.845000e+02 -4.353553e+01
      vertex   4.415735e+01 1.665000e+02 -4.277785e+01
      vertex   4.353553e+01 1.665000e+02 -4.353553e+01
    endloop
  endfacet
  facet normal 6.343933e-01 0.000000e+00 -7.730105e-01
    outer loop
      vertex   4.353553e+01 1.845000e+02 -4.353553e+01
      vertex   4.353553e+01 1.665000e+02 -4.353553e+01
      vertex   4.277785e+01 1.845000e+02 -4.415735e+01
    endloop
  endfacet
  facet normal 6.343933e-01 0.000000e+00 -7.730105e-01
    outer loop
      vertex   4.277785e+01 1.845000e+02 -4.415735e+01
      vertex   4.353553e+01 1.665000e+02 -4.353553e+01
      vertex   4.277785e+01 1.665000e+02 -4.415735e+01
    endloop
  endfacet
  facet normal 4.713967e-01 0.000000e+00 -8.819213e-01
    outer loop
      vertex   4.277785e+01 1.845000e+02 -4.415735e+01
      vertex   4.277785e+01 1.665000e+02 -4.415735e+01
      vertex   4.191342e+01 1.845000e+02 -4.461940e+01
    endloop
  endfacet
  facet normal 4.713967e-01 0.000000e+00 -8.819213e-01
    outer loop
      vertex   4.191342e+01 1.845000e+02 -4.461940e+01
      vertex   4.277785e+01 1.665000e+02 -4.415735e+01
      vertex   4.191342e+01 1.665000e+02 -4.461940e+01
    endloop
  endfacet
  facet normal 2.902847e-01 0.000000e+00 -9.569403e-01
    outer loop
      vertex   4.191342e+01 1.845000e+02 -4.461940e+01
      vertex   4.191342e+01 1.665000e+02 -4.461940e+01
      vertex   4.097545e+01 1.845000e+02 -4.490393e+01
    endloop
  endfacet
  facet normal 2.902847e-01 0.000000e+00 -9.569403e-01
    outer loop
      vertex   4.097545e+01 1.845000e+02 -4.490393e+01
      vertex   4.191342e+01 1.665000e+02 -4.461940e+01
      vertex   4.097545e+01 1.665000e+02 -4.490393e+01
    endloop
  endfacet
  facet normal 8.819213e-01 -3.460974e-16 -4.713967e-01
    outer loop
      vertex   4.415735e+01 1.845000e+02 -4.277785e+01
      vertex   4.461940e+01 1.845000e+02 -4.191342e+01
      vertex   4.461940e+01 1.665000e+02 -4.191342e+01
    endloop
  endfacet
  facet normal 9.569403e-01 -3.777483e-16 -2.902847e-01
    outer loop
      vertex   4.461940e+01 1.665000e+02 -4.191342e+01
      vertex   4.461940e+01 1.845000e+02 -4.191342e+01
      vertex   4.490393e+01 1.665000e+02 -4.097545e+01
    endloop
  endfacet
  facet normal 9.569403e-01 0.000000e+00 -2.902847e-01
    outer loop
      vertex   4.461940e+01 1.665000e+02 -4.191342e+01
      vertex   4.490393e+01 1.665000e+02 -4.097545e+01
      vertex   4.490393e+01 1.485000e+02 -4.097545e+01
    endloop
  endfacet
  facet normal 9.951847e-01 0.000000e+00 -9.801714e-02
    outer loop
      vertex   4.490393e+01 1.485000e+02 -4.097545e+01
      vertex   4.490393e+01 1.665000e+02 -4.097545e+01
      vertex   4.500000e+01 1.845000e+02 -4.000000e+01
    endloop
  endfacet
  facet normal 9.951847e-01 0.000000e+00 -9.801714e-02
    outer loop
      vertex   4.490393e+01 1.485000e+02 -4.097545e+01
      vertex   4.500000e+01 1.845000e+02 -4.000000e+01
      vertex   4.500000e+01 9.450000e+01 -4.000000e+01
    endloop
  endfacet
  facet normal 9.569403e-01 0.000000e+00 -2.902847e-01
    outer loop
      vertex   4.461940e+01 1.845000e+02 -4.191342e+01
      vertex   4.490393e+01 1.845000e+02 -4.097545e+01
      vertex   4.490393e+01 1.665000e+02 -4.097545e+01
    endloop
  endfacet
  facet normal 9.951847e-01 0.000000e+00 -9.801714e-02
    outer loop
      vertex   4.490393e+01 1.665000e+02 -4.097545e+01
      vertex   4.490393e+01 1.845000e+02 -4.097545e+01
      vertex   4.500000e+01 1.845000e+02 -4.000000e+01
    endloop
  endfacet
  facet normal 4.713967e-01 0.000000e+00 -8.819213e-01
    outer loop
      vertex   4.277785e+01 9.450000e+01 -4.415735e+01
      vertex   4.191342e+01 9.450000e+01 -4.461940e+01
      vertex   4.191342e+01 1.125000e+02 -4.461940e+01
    endloop
  endfacet
  facet normal 2.902847e-01 0.000000e+00 -9.569403e-01
    outer loop
      vertex   4.191342e+01 1.125000e+02 -4.461940e+01
      vertex   4.191342e+01 9.450000e+01 -4.461940e+01
      vertex   4.097545e+01 1.125000e+02 -4.490393e+01
    endloop
  endfacet
  facet normal 2.902847e-01 0.000000e+00 -9.569403e-01
    outer loop
      vertex   4.191342e+01 1.125000e+02 -4.461940e+01
      vertex   4.097545e+01 1.125000e+02 -4.490393e+01
      vertex   4.097545e+01 1.305000e+02 -4.490393e+01
    endloop
  endfacet
  facet normal 9.801714e-02 0.000000e+00 -9.951847e-01
    outer loop
      vertex   4.097545e+01 1.305000e+02 -4.490393e+01
      vertex   4.097545e+01 1.125000e+02 -4.490393e+01
      vertex   4.000000e+01 9.450000e+01 -4.500000e+01
    endloop
  endfacet
  facet normal 9.801714e-02 0.000000e+00 -9.951847e-01
    outer loop
      vertex   4.097545e+01 1.305000e+02 -4.490393e+01
      vertex   4.000000e+01 9.450000e+01 -4.500000e+01
      vertex   4.000000e+01 1.845000e+02 -4.500000e+01
    endloop
  endfacet
  facet normal 2.902847e-01 0.000000e+00 -9.569403e-01
    outer loop
      vertex   4.191342e+01 9.450000e+01 -4.461940e+01
      vertex   4.097545e+01 9.450000e+01 -4.490393e+01
      vertex   4.097545e+01 1.125000e+02 -4.490393e+01
    endloop
  endfacet
  facet normal 9.801714e-02 0.000000e+00 -9.951847e-01
    outer loop
      vertex   4.097545e+01 1.125000e+02 -4.490393e+01
      vertex   4.097545e+01 9.450000e+01 -4.490393e+01
      vertex   4.000000e+01 9.450000e+01 -4.500000e+01
    endloop
  endfacet
  facet normal 2.902847e-01 0.000000e+00 -9.569403e-01
    outer loop
      vertex   4.097545e+01 1.485000e+02 -4.490393e+01
      vertex   4.097545e+01 1.665000e+02 -4.490393e+01
      vertex   4.191342e+01 1.485000e+02 -4.461940e+01
    endloop
  endfacet
  facet normal 2.902847e-01 0.000000e+00 -9.569403e-01
    outer loop
      vertex   4.191342e+01 1.485000e+02 -4.461940e+01
      vertex   4.097545e+01 1.665000e+02 -4.490393e+01
      vertex   4.191342e+01 1.665000e+02 -4.461940e+01
    endloop
  endfacet
  facet normal 4.713967e-01 0.000000e+00 -8.819213e-01
    outer loop
      vertex   4.191342e+01 1.485000e+02 -4.461940e+01
      vertex   4.191342e+01 1.665000e+02 -4.461940e+01
      vertex   4.277785e+01 1.485000e+02 -4.415735e+01
    endloop
  endfacet
  facet normal 4.713967e-01 0.000000e+00 -8.819213e-01
    outer loop
      vertex   4.277785e+01 1.485000e+02 -4.415735e+01
      vertex   4.191342e+01 1.665000e+02 -4.461940e+01
      vertex   4.277785e+01 1.665000e+02 -4.415735e+01
    endloop
  endfacet
  facet normal 6.343933e-01 0.000000e+00 -7.730105e-01
    outer loop
      vertex   4.277785e+01 1.485000e+02 -4.415735e+01
      vertex   4.277785e+01 1.665000e+02 -4.415735e+01
      vertex   4.353553e+01 1.485000e+02 -4.353553e+01
    endloop
  endfacet
  facet normal 6.343933e-01 0.000000e+00 -7.730105e-01
    outer loop
      vertex   4.353553e+01 1.485000e+02 -4.353553e+01
      vertex   4.277785e+01 1.665000e+02 -4.415735e+01
      vertex   4.353553e+01 1.665000e+02 -4.353553e+01
    endloop
  endfacet
  facet normal 7.730105e-01 0.000000e+00 -6.343933e-01
    outer loop
      vertex   4.353553e+01 1.485000e+02 -4.353553e+01
      vertex   4.353553e+01 1.665000e+02 -4.353553e+01
      vertex   4.415735e+01 1.485000e+02 -4.277785e+01
    endloop
  endfacet
  facet normal 7.730105e-01 0.000000e+00 -6.343933e-01
    outer loop
      vertex   4.415735e+01 1.485000e+02 -4.277785e+01
      vertex   4.353553e+01 1.665000e+02 -4.353553e+01
      vertex   4.415735e+01 1.665000e+02 -4.277785e+01
    endloop
  endfacet
  facet normal 8.819213e-01 0.000000e+00 -4.713967e-01
    outer loop
      vertex   4.415735e+01 1.485000e+02 -4.277785e+01
      vertex   4.415735e+01 1.665000e+02 -4.277785e+01
      vertex   4.461940e+01 1.485000e+02 -4.191342e+01
    endloop
  endfacet
  facet normal 2.902847e-01 0.000000e+00 -9.569403e-01
    outer loop
      vertex   4.097545e+01 1.485000e+02 -4.490393e+01
      vertex   4.191342e+01 1.485000e+02 -4.461940e+01
      vertex   4.191342e+01 1.305000e+02 -4.461940e+01
    endloop
  endfacet
  facet normal 4.713967e-01 0.000000e+00 -8.819213e-01
    outer loop
      vertex   4.191342e+01 1.305000e+02 -4.461940e+01
      vertex   4.191342e+01 1.485000e+02 -4.461940e+01
      vertex   4.277785e+01 1.305000e+02 -4.415735e+01
    endloop
  endfacet
  facet normal 4.713967e-01 0.000000e+00 -8.819213e-01
    outer loop
      vertex   4.191342e+01 1.305000e+02 -4.461940e+01
      vertex   4.277785e+01 1.305000e+02 -4.415735e+01
      vertex   4.277785e+01 1.125000e+02 -4.415735e+01
    endloop
  endfacet
  facet normal 6.343933e-01 0.000000e+00 -7.730105e-01
    outer loop
      vertex   4.277785e+01 1.125000e+02 -4.415735e+01
      vertex   4.277785e+01 1.305000e+02 -4.415735e+01
      vertex   4.353553e+01 1.125000e+02 -4.353553e+01
    endloop
  endfacet
  facet normal 4.713967e-01 0.000000e+00 -8.819213e-01
    outer loop
      vertex   4.277785e+01 1.305000e+02 -4.415735e+01
      vertex   4.191342e+01 1.485000e+02 -4.461940e+01
      vertex   4.277785e+01 1.485000e+02 -4.415735e+01
    endloop
  endfacet
  facet normal 6.343933e-01 0.000000e+00 -7.730105e-01
    outer loop
      vertex   4.277785e+01 1.305000e+02 -4.415735e+01
      vertex   4.277785e+01 1.485000e+02 -4.415735e+01
      vertex   4.353553e+01 1.305000e+02 -4.353553e+01
    endloop
  endfacet
  facet normal 6.343933e-01 0.000000e+00 -7.730105e-01
    outer loop
      vertex   4.353553e+01 1.305000e+02 -4.353553e+01
      vertex   4.277785e+01 1.485000e+02 -4.415735e+01
      vertex   4.353553e+01 1.485000e+02 -4.353553e+01
    endloop
  endfacet
  facet normal 7.730105e-01 0.000000e+00 -6.343933e-01
    outer loop
      vertex   4.353553e+01 1.305000e+02 -4.353553e+01
      vertex   4.353553e+01 1.485000e+02 -4.353553e+01
      vertex   4.415735e+01 1.305000e+02 -4.277785e+01
    endloop
  endfacet
  facet normal 7.730105e-01 0.000000e+00 -6.343933e-01
    outer loop
      vertex   4.415735e+01 1.305000e+02 -4.277785e+01
      vertex   4.353553e+01 1.485000e+02 -4.353553e+01
      vertex   4.415735e+01 1.485000e+02 -4.277785e+01
    endloop
  endfacet
  facet normal 8.819213e-01 0.000000e+00 -4.713967e-01
    outer loop
      vertex   4.415735e+01 1.305000e+02 -4.277785e+01
      vertex   4.415735e+01 1.485000e+02 -4.277785e+01
      vertex   4.461940e+01 1.305000e+02 -4.191342e+01
    endloop
  endfacet
  facet normal 8.819213e-01 0.000000e+00 -4.713967e-01
    outer loop
      vertex   4.461940e+01 1.305000e+02 -4.191342e+01
      vertex   4.415735e+01 1.485000e+02 -4.277785e+01
      vertex   4.461940e+01 1.485000e+02 -4.191342e+01
    endloop
  endfacet
  facet normal 9.569403e-01 0.000000e+00 -2.902847e-01
    outer loop
      vertex   4.461940e+01 1.305000e+02 -4.191342e+01
      vertex   4.461940e+01 1.485000e+02 -4.191342e+01
      vertex   4.490393e+01 1.305000e+02 -4.097545e+01
    endloop
  endfacet
  facet normal 7.730105e-01 0.000000e+00 -6.343933e-01
    outer loop
      vertex   4.415735e+01 1.125000e+02 -4.277785e+01
      vertex   4.353553e+01 1.125000e+02 -4.353553e+01
      vertex   4.353553e+01 1.305000e+02 -4.353553e+01
    endloop
  endfacet
  facet normal 6.343933e-01 0.000000e+00 -7.730105e-01
    outer loop
      vertex   4.353553e+01 1.305000e+02 -4.353553e+01
      vertex   4.353553e+01 1.125000e+02 -4.353553e+01
      vertex   4.277785e+01 1.305000e+02 -4.415735e+01
    endloop
  endfacet
  facet normal 7.730105e-01 0.000000e+00 -6.343933e-01
    outer loop
      vertex   4.415735e+01 1.125000e+02 -4.277785e+01
      vertex   4.353553e+01 1.305000e+02 -4.353553e+01
      vertex   4.415735e+01 1.305000e+02 -4.277785e+01
    endloop
  endfacet
  facet normal 8.819213e-01 0.000000e+00 -4.713967e-01
    outer loop
      vertex   4.461940e+01 1.125000e+02 -4.191342e+01
      vertex   4.415735e+01 1.125000e+02 -4.277785e+01
      vertex   4.415735e+01 1.305000e+02 -4.277785e+01
    endloop
  endfacet
  facet normal 8.819213e-01 0.000000e+00 -4.713967e-01
    outer loop
      vertex   4.461940e+01 1.125000e+02 -4.191342e+01
      vertex   4.415735e+01 1.305000e+02 -4.277785e+01
      vertex   4.461940e+01 1.305000e+02 -4.191342e+01
    endloop
  endfacet
  facet normal 9.569403e-01 0.000000e+00 -2.902847e-01
    outer loop
      vertex   4.490393e+01 1.125000e+02 -4.097545e+01
      vertex   4.461940e+01 1.125000e+02 -4.191342e+01
      vertex   4.461940e+01 1.305000e+02 -4.191342e+01
    endloop
  endfacet
  facet normal 9.569403e-01 0.000000e+00 -2.902847e-01
    outer loop
      vertex   4.490393e+01 1.125000e+02 -4.097545e+01
      vertex   4.461940e+01 1.305000e+02 -4.191342e+01
      vertex   4.490393e+01 1.305000e+02 -4.097545e+01
    endloop
  endfacet
  facet normal 1.000000e+00 0.000000e+00 0.000000e+00
    outer loop
      vertex   4.500000e+01 1.653361e+02 4.000000e+00
      vertex   4.500000e+01 1.750000e+02 4.000000e+00
      vertex   4.500000e+01 1.845000e+02 4.000000e+01
    endloop
  endfacet
  facet normal 1.000000e+00 0.000000e+00 0.000000e+00
    outer loop
      vertex   4.500000e+01 1.845000e+02 4.000000e+01
      vertex   4.500000e+01 1.750000e+02 4.000000e+00
      vertex   4.500000e+01 1.750000e+02 -3.000000e+00
    endloop
  endfacet
  facet normal 1.000000e+00 0.000000e+00 0.000000e+00
    outer loop
      vertex   4.500000e+01 1.845000e+02 4.000000e+01
      vertex   4.500000e+01 1.750000e+02 -3.000000e+00
      vertex   4.500000e+01 1.845000e+02 -4.000000e+01
    endloop
  endfacet
  facet normal 1.000000e+00 0.000000e+00 0.000000e+00
    outer loop
      vertex   4.500000e+01 1.845000e+02 -4.000000e+01
      vertex   4.500000e+01 1.750000e+02 -3.000000e+00
      vertex   4.500000e+01 1.653361e+02 -3.000000e+00
    endloop
  endfacet
  facet normal 1.000000e+00 0.000000e+00 0.000000e+00
    outer loop
      vertex   4.500000e+01 1.845000e+02 -4.000000e+01
      vertex   4.500000e+01 1.653361e+02 -3.000000e+00
      vertex   4.500000e+01 9.450000e+01 -4.000000e+01
    endloop
  endfacet
  facet normal 1.000000e+00 0.000000e+00 0.000000e+00
    outer loop
      vertex   4.500000e+01 9.450000e+01 -4.000000e+01
      vertex   4.500000e+01 1.653361e+02 -3.000000e+00
      vertex   4.500000e+01 9.450000e+01 4.000000e+01
    endloop
  endfacet
  facet normal 1.000000e+00 0.000000e+00 0.000000e+00
    outer loop
      vertex   4.500000e+01 9.450000e+01 4.000000e+01
      vertex   4.500000e+01 1.653361e+02 -3.000000e+00
      vertex   4.500000e+01 1.653361e+02 4.000000e+00
    endloop
  endfacet
  facet normal 1.000000e+00 -0.000000e+00 0.000000e+00
    outer loop
      vertex   4.500000e+01 9.450000e+01 4.000000e+01
      vertex   4.500000e+01 1.653361e+02 4.000000e+00
      vertex   4.500000e+01 1.845000e+02 4.000000e+01
    endloop
  endfacet
  facet normal -9.801714e-02 0.000000e+00 9.951847e-01
    outer loop
      vertex   -4.097545e+01 1.845000e+02 4.490393e+01
      vertex   -4.097545e+01 1.665000e+02 4.490393e+01
      vertex   -4.000000e+01 1.845000e+02 4.500000e+01
    endloop
  endfacet
  facet normal -9.801714e-02 0.000000e+00 9.951847e-01
    outer loop
      vertex   -4.000000e+01 1.845000e+02 4.500000e+01
      vertex   -4.097545e+01 1.665000e+02 4.490393e+01
      vertex   -4.097545e+01 1.485000e+02 4.490393e+01
    endloop
  endfacet
  facet normal -9.801714e-02 0.000000e+00 9.951847e-01
    outer loop
      vertex   -4.000000e+01 1.845000e+02 4.500000e+01
      vertex   -4.097545e+01 1.485000e+02 4.490393e+01
      vertex   -4.097545e+01 1.305000e+02 4.490393e+01
    endloop
  endfacet
  facet normal -2.902847e-01 0.000000e+00 9.569403e-01
    outer loop
      vertex   -4.097545e+01 1.305000e+02 4.490393e+01
      vertex   -4.097545e+01 1.485000e+02 4.490393e+01
      vertex   -4.191342e+01 1.305000e+02 4.461940e+01
    endloop
  endfacet
  facet normal -2.902847e-01 0.000000e+00 9.569403e-01
    outer loop
      vertex   -4.097545e+01 1.305000e+02 4.490393e+01
      vertex   -4.191342e+01 1.305000e+02 4.461940e+01
      vertex   -4.191342e+01 1.125000e+02 4.461940e+01
    endloop
  endfacet
  facet normal -4.713967e-01 0.000000e+00 8.819213e-01
    outer loop
      vertex   -4.191342e+01 1.125000e+02 4.461940e+01
      vertex   -4.191342e+01 1.305000e+02 4.461940e+01
      vertex   -4.277785e+01 1.125000e+02 4.415735e+01
    endloop
  endfacet
  facet normal -4.713967e-01 0.000000e+00 8.819213e-01
    outer loop
      vertex   -4.191342e+01 1.125000e+02 4.461940e+01
      vertex   -4.277785e+01 1.125000e+02 4.415735e+01
      vertex   -4.277785e+01 9.450000e+01 4.415735e+01
    endloop
  endfacet
  facet normal -6.343933e-01 0.000000e+00 7.730105e-01
    outer loop
      vertex   -4.277785e+01 9.450000e+01 4.415735e+01
      vertex   -4.277785e+01 1.125000e+02 4.415735e+01
      vertex   -4.353553e+01 9.450000e+01 4.353553e+01
    endloop
  endfacet
  facet normal -6.343933e-01 0.000000e+00 7.730105e-01
    outer loop
      vertex   -4.353553e+01 9.450000e+01 4.353553e+01
      vertex   -4.277785e+01 1.125000e+02 4.415735e+01
      vertex   -4.353553e+01 1.125000e+02 4.353553e+01
    endloop
  endfacet
  facet normal -7.730105e-01 0.000000e+00 6.343933e-01
    outer loop
      vertex   -4.353553e+01 9.450000e+01 4.353553e+01
      vertex   -4.353553e+01 1.125000e+02 4.353553e+01
      vertex   -4.415735e+01 9.450000e+01 4.277785e+01
    endloop
  endfacet
  facet normal -7.730105e-01 0.000000e+00 6.343933e-01
    outer loop
      vertex   -4.415735e+01 9.450000e+01 4.277785e+01
      vertex   -4.353553e+01 1.125000e+02 4.353553e+01
      vertex   -4.415735e+01 1.125000e+02 4.277785e+01
    endloop
  endfacet
  facet normal -8.819213e-01 0.000000e+00 4.713967e-01
    outer loop
      vertex   -4.415735e+01 9.450000e+01 4.277785e+01
      vertex   -4.415735e+01 1.125000e+02 4.277785e+01
      vertex   -4.461940e+01 9.450000e+01 4.191342e+01
    endloop
  endfacet
  facet normal -8.819213e-01 3.481349e-16 4.713967e-01
    outer loop
      vertex   -4.461940e+01 9.450000e+01 4.191342e+01
      vertex   -4.415735e+01 1.125000e+02 4.277785e+01
      vertex   -4.461940e+01 1.125000e+02 4.191342e+01
    endloop
  endfacet
  facet normal -9.569403e-01 3.777483e-16 2.902847e-01
    outer loop
      vertex   -4.461940e+01 9.450000e+01 4.191342e+01
      vertex   -4.461940e+01 1.125000e+02 4.191342e+01
      vertex   -4.490393e+01 9.450000e+01 4.097545e+01
    endloop
  endfacet
  facet normal -9.569403e-01 0.000000e+00 2.902847e-01
    outer loop
      vertex   -4.490393e+01 9.450000e+01 4.097545e+01
      vertex   -4.461940e+01 1.125000e+02 4.191342e+01
      vertex   -4.490393e+01 1.125000e+02 4.097545e+01
    endloop
  endfacet
  facet normal -9.951847e-01 0.000000e+00 9.801714e-02
    outer loop
      vertex   -4.490393e+01 9.450000e+01 4.097545e+01
      vertex   -4.490393e+01 1.125000e+02 4.097545e+01
      vertex   -4.500000e+01 9.450000e+01 4.000000e+01
    endloop
  endfacet
  facet normal -9.951847e-01 0.000000e+00 9.801714e-02
    outer loop
      vertex   -4.500000e+01 9.450000e+01 4.000000e+01
      vertex   -4.490393e+01 1.125000e+02 4.097545e+01
      vertex   -4.490393e+01 1.305000e+02 4.097545e+01
    endloop
  endfacet
  facet normal -9.951847e-01 0.000000e+00 9.801714e-02
    outer loop
      vertex   -4.500000e+01 9.450000e+01 4.000000e+01
      vertex   -4.490393e+01 1.305000e+02 4.097545e+01
      vertex   -4.490393e+01 1.485000e+02 4.097545e+01
    endloop
  endfacet
  facet normal -9.569403e-01 0.000000e+00 2.902847e-01
    outer loop
      vertex   -4.490393e+01 1.485000e+02 4.097545e+01
      vertex   -4.490393e+01 1.305000e+02 4.097545e+01
      vertex   -4.461940e+01 1.485000e+02 4.191342e+01
    endloop
  endfacet
  facet normal -9.569403e-01 0.000000e+00 2.902847e-01
    outer loop
      vertex   -4.490393e+01 1.485000e+02 4.097545e+01
      vertex   -4.461940e+01 1.485000e+02 4.191342e+01
      vertex   -4.461940e+01 1.665000e+02 4.191342e+01
    endloop
  endfacet
  facet normal -8.819213e-01 0.000000e+00 4.713967e-01
    outer loop
      vertex   -4.461940e+01 1.665000e+02 4.191342e+01
      vertex   -4.461940e+01 1.485000e+02 4.191342e+01
      vertex   -4.415735e+01 1.665000e+02 4.277785e+01
    endloop
  endfacet
  facet normal -8.819213e-01 0.000000e+00 4.713967e-01
    outer loop
      vertex   -4.461940e+01 1.665000e+02 4.191342e+01
      vertex   -4.415735e+01 1.665000e+02 4.277785e+01
      vertex   -4.415735e+01 1.845000e+02 4.277785e+01
    endloop
  endfacet
  facet normal -7.730105e-01 0.000000e+00 6.343933e-01
    outer loop
      vertex   -4.415735e+01 1.845000e+02 4.277785e+01
      vertex   -4.415735e+01 1.665000e+02 4.277785e+01
      vertex   -4.353553e+01 1.845000e+02 4.353553e+01
    endloop
  endfacet
  facet normal -7.730105e-01 0.000000e+00 6.343933e-01
    outer loop
      vertex   -4.353553e+01 1.845000e+02 4.353553e+01
      vertex   -4.415735e+01 1.665000e+02 4.277785e+01
      vertex   -4.353553e+01 1.665000e+02 4.353553e+01
    endloop
  endfacet
  facet normal -6.343933e-01 0.000000e+00 7.730105e-01
    outer loop
      vertex   -4.353553e+01 1.845000e+02 4.353553e+01
      vertex   -4.353553e+01 1.665000e+02 4.353553e+01
      vertex   -4.277785e+01 1.845000e+02 4.415735e+01
    endloop
  endfacet
  facet normal -6.343933e-01 0.000000e+00 7.730105e-01
    outer loop
      vertex   -4.277785e+01 1.845000e+02 4.415735e+01
      vertex   -4.353553e+01 1.665000e+02 4.353553e+01
      vertex   -4.277785e+01 1.665000e+02 4.415735e+01
    endloop
  endfacet
  facet normal -4.713967e-01 0.000000e+00 8.819213e-01
    outer loop
      vertex   -4.277785e+01 1.845000e+02 4.415735e+01
      vertex   -4.277785e+01 1.665000e+02 4.415735e+01
      vertex   -4.191342e+01 1.845000e+02 4.461940e+01
    endloop
  endfacet
  facet normal -4.713967e-01 0.000000e+00 8.819213e-01
    outer loop
      vertex   -4.191342e+01 1.845000e+02 4.461940e+01
      vertex   -4.277785e+01 1.665000e+02 4.415735e+01
      vertex   -4.191342e+01 1.665000e+02 4.461940e+01
    endloop
  endfacet
  facet normal -2.902847e-01 0.000000e+00 9.569403e-01
    outer loop
      vertex   -4.191342e+01 1.845000e+02 4.461940e+01
      vertex   -4.191342e+01 1.665000e+02 4.461940e+01
      vertex   -4.097545e+01 1.845000e+02 4.490393e+01
    endloop
  endfacet
  facet normal -2.902847e-01 0.000000e+00 9.569403e-01
    outer loop
      vertex   -4.097545e+01 1.845000e+02 4.490393e+01
      vertex   -4.191342e+01 1.665000e+02 4.461940e+01
      vertex   -4.097545e+01 1.665000e+02 4.490393e+01
    endloop
  endfacet
  facet normal -8.819213e-01 -3.460974e-16 4.713967e-01
    outer loop
      vertex   -4.415735e+01 1.845000e+02 4.277785e+01
      vertex   -4.461940e+01 1.845000e+02 4.191342e+01
      vertex   -4.461940e+01 1.665000e+02 4.191342e+01
    endloop
  endfacet
  facet normal -9.569403e-01 -3.777483e-16 2.902847e-01
    outer loop
      vertex   -4.461940e+01 1.665000e+02 4.191342e+01
      vertex   -4.461940e+01 1.845000e+02 4.191342e+01
      vertex   -4.490393e+01 1.665000e+02 4.097545e+01
    endloop
  endfacet
  facet normal -9.569403e-01 0.000000e+00 2.902847e-01
    outer loop
      vertex   -4.461940e+01 1.665000e+02 4.191342e+01
      vertex   -4.490393e+01 1.665000e+02 4.097545e+01
      vertex   -4.490393e+01 1.485000e+02 4.097545e+01
    endloop
  endfacet
  facet normal -9.951847e-01 0.000000e+00 9.801714e-02
    outer loop
      vertex   -4.490393e+01 1.485000e+02 4.097545e+01
      vertex   -4.490393e+01 1.665000e+02 4.097545e+01
      vertex   -4.500000e+01 1.845000e+02 4.000000e+01
    endloop
  endfacet
  facet normal -9.951847e-01 0.000000e+00 9.801714e-02
    outer loop
      vertex   -4.490393e+01 1.485000e+02 4.097545e+01
      vertex   -4.500000e+01 1.845000e+02 4.000000e+01
      vertex   -4.500000e+01 9.450000e+01 4.000000e+01
    endloop
  endfacet
  facet normal -9.569403e-01 0.000000e+00 2.902847e-01
    outer loop
      vertex   -4.461940e+01 1.845000e+02 4.191342e+01
      vertex   -4.490393e+01 1.845000e+02 4.097545e+01
      vertex   -4.490393e+01 1.665000e+02 4.097545e+01
    endloop
  endfacet
  facet normal -9.951847e-01 0.000000e+00 9.801714e-02
    outer loop
      vertex   -4.490393e+01 1.665000e+02 4.097545e+01
      vertex   -4.490393e+01 1.845000e+02 4.097545e+01
      vertex   -4.500000e+01 1.845000e+02 4.000000e+01
    endloop
  endfacet
  facet normal -4.713967e-01 0.000000e+00 8.819213e-01
    outer loop
      vertex   -4.277785e+01 9.450000e+01 4.415735e+01
      vertex   -4.191342e+01 9.450000e+01 4.461940e+01
      vertex   -4.191342e+01 1.125000e+02 4.461940e+01
    endloop
  endfacet
  facet normal -2.902847e-01 0.000000e+00 9.569403e-01
    outer loop
      vertex   -4.191342e+01 1.125000e+02 4.461940e+01
      vertex   -4.191342e+01 9.450000e+01 4.461940e+01
      vertex   -4.097545e+01 1.125000e+02 4.490393e+01
    endloop
  endfacet
  facet normal -2.902847e-01 0.000000e+00 9.569403e-01
    outer loop
      vertex   -4.191342e+01 1.125000e+02 4.461940e+01
      vertex   -4.097545e+01 1.125000e+02 4.490393e+01
      vertex   -4.097545e+01 1.305000e+02 4.490393e+01
    endloop
  endfacet
  facet normal -9.801714e-02 0.000000e+00 9.951847e-01
    outer loop
      vertex   -4.097545e+01 1.305000e+02 4.490393e+01
      vertex   -4.097545e+01 1.125000e+02 4.490393e+01
      vertex   -4.000000e+01 9.450000e+01 4.500000e+01
    endloop
  endfacet
  facet normal -9.801714e-02 0.000000e+00 9.951847e-01
    outer loop
      vertex   -4.097545e+01 1.305000e+02 4.490393e+01
      vertex   -4.000000e+01 9.450000e+01 4.500000e+01
      vertex   -4.000000e+01 1.845000e+02 4.500000e+01
    endloop
  endfacet
  facet normal -2.902847e-01 0.000000e+00 9.569403e-01
    outer loop
      vertex   -4.191342e+01 9.450000e+01 4.461940e+01
      vertex   -4.097545e+01 9.450000e+01 4.490393e+01
      vertex   -4.097545e+01 1.125000e+02 4.490393e+01
    endloop
  endfacet
  facet normal -9.801714e-02 0.000000e+00 9.951847e-01
    outer loop
      vertex   -4.097545e+01 1.125000e+02 4.490393e+01
      vertex   -4.097545e+01 9.450000e+01 4.490393e+01
      vertex   -4.000000e+01 9.450000e+01 4.500000e+01
    endloop
  endfacet
  facet normal -2.902847e-01 0.000000e+00 9.569403e-01
    outer loop
      vertex   -4.097545e+01 1.485000e+02 4.490393e+01
      vertex   -4.097545e+01 1.665000e+02 4.490393e+01
      vertex   -4.191342e+01 1.485000e+02 4.461940e+01
    endloop
  endfacet
  facet normal -2.902847e-01 0.000000e+00 9.569403e-01
    outer loop
      vertex   -4.191342e+01 1.485000e+02 4.461940e+01
      vertex   -4.097545e+01 1.665000e+02 4.490393e+01
      vertex   -4.191342e+01 1.665000e+02 4.461940e+01
    endloop
  endfacet
  facet normal -4.713967e-01 0.000000e+00 8.819213e-01
    outer loop
      vertex   -4.191342e+01 1.485000e+02 4.461940e+01
      vertex   -4.191342e+01 1.665000e+02 4.461940e+01
      vertex   -4.277785e+01 1.485000e+02 4.415735e+01
    endloop
  endfacet
  facet normal -4.713967e-01 0.000000e+00 8.819213e-01
    outer loop
      vertex   -4.277785e+01 1.485000e+02 4.415735e+01
      vertex   -4.191342e+01 1.665000e+02 4.461940e+01
      vertex   -4.277785e+01 1.665000e+02 4.415735e+01
    endloop
  endfacet
  facet normal -6.343933e-01 0.000000e+00 7.730105e-01
    outer loop
      vertex   -4.277785e+01 1.485000e+02 4.415735e+01
      vertex   -4.277785e+01 1.665000e+02 4.415735e+01
      vertex   -4.353553e+01 1.485000e+02 4.353553e+01
    endloop
  endfacet
  facet normal -6.343933e-01 0.000000e+00 7.730105e-01
    outer loop
      vertex   -4.353553e+01 1.485000e+02 4.353553e+01
      vertex   -4.277785e+01 1.665000e+02 4.415735e+01
      vertex   -4.353553e+01 1.665000e+02 4.353553e+01
    endloop
  endfacet
  facet normal -7.730105e-01 0.000000e+00 6.343933e-01
    outer loop
      vertex   -4.353553e+01 1.485000e+02 4.353553e+01
      vertex   -4.353553e+01 1.665000e+02 4.353553e+01
      vertex   -4.415735e+01 1.485000e+02 4.277785e+01
    endloop
  endfacet
  facet normal -7.730105e-01 0.000000e+00 6.343933e-01
    outer loop
      vertex   -4.415735e+01 1.485000e+02 4.277785e+01
      vertex   -4.353553e+01 1.665000e+02 4.353553e+01
      vertex   -4.415735e+01 1.665000e+02 4.277785e+01
    endloop
  endfacet
  facet normal -8.819213e-01 0.000000e+00 4.713967e-01
    outer loop
      vertex   -4.415735e+01 1.485000e+02 4.277785e+01
      vertex   -4.415735e+01 1.665000e+02 4.277785e+01
      vertex   -4.461940e+01 1.485000e+02 4.191342e+01
    endloop
  endfacet
  facet normal -2.902847e-01 0.000000e+00 9.569403e-01
    outer loop
      vertex   -4.097545e+01 1.485000e+02 4.490393e+01
      vertex   -4.191342e+01 1.485000e+02 4.461940e+01
      vertex   -4.191342e+01 1.305000e+02 4.461940e+01
    endloop
  endfacet
  facet normal -4.713967e-01 0.000000e+00 8.819213e-01
    outer loop
      vertex   -4.191342e+01 1.305000e+02 4.461940e+01
      vertex   -4.191342e+01 1.485000e+02 4.461940e+01
      vertex   -4.277785e+01 1.305000e+02 4.415735e+01
    endloop
  endfacet
  facet normal -4.713967e-01 0.000000e+00 8.819213e-01
    outer loop
      vertex   -4.191342e+01 1.305000e+02 4.461940e+01
      vertex   -4.277785e+01 1.305000e+02 4.415735e+01
      vertex   -4.277785e+01 1.125000e+02 4.415735e+01
    endloop
  endfacet
  facet normal -6.343933e-01 0.000000e+00 7.730105e-01
    outer loop
      vertex   -4.277785e+01 1.125000e+02 4.415735e+01
      vertex   -4.277785e+01 1.305000e+02 4.415735e+01
      vertex   -4.353553e+01 1.125000e+02 4.353553e+01
    endloop
  endfacet
  facet normal -4.713967e-01 0.000000e+00 8.819213e-01
    outer loop
      vertex   -4.277785e+01 1.305000e+02 4.415735e+01
      vertex   -4.191342e+01 1.485000e+02 4.461940e+01
      vertex   -4.277785e+01 1.485000e+02 4.415735e+01
    endloop
  endfacet
  facet normal -6.343933e-01 0.000000e+00 7.730105e-01
    outer loop
      vertex   -4.277785e+01 1.305000e+02 4.415735e+01
      vertex   -4.277785e+01 1.485000e+02 4.415735e+01
      vertex   -4.353553e+01 1.305000e+02 4.353553e+01
    endloop
  endfacet
  facet normal -6.343933e-01 0.000000e+00 7.730105e-01
    outer loop
      vertex   -4.353553e+01 1.305000e+02 4.353553e+01
      vertex   -4.277785e+01 1.485000e+02 4.415735e+01
      vertex   -4.353553e+01 1.485000e+02 4.353553e+01
    endloop
  endfacet
  facet normal -7.730105e-01 0.000000e+00 6.343933e-01
    outer loop
      vertex   -4.353553e+01 1.305000e+02 4.353553e+01
      vertex   -4.353553e+01 1.485000e+02 4.353553e+01
      vertex   -4.415735e+01 1.305000e+02 4.277785e+01
    endloop
  endfacet
  facet normal -7.730105e-01 0.000000e+00 6.343933e-01
    outer loop
      vertex   -4.415735e+01 1.305000e+02 4.277785e+01
      vertex   -4.353553e+01 1.485000e+02 4.353553e+01
      vertex   -4.415735e+01 1.485000e+02 4.277785e+01
    endloop
  endfacet
  facet normal -8.819213e-01 0.000000e+00 4.713967e-01
    outer loop
      vertex   -4.415735e+01 1.305000e+02 4.277785e+01
      vertex   -4.415735e+01 1.485000e+02 4.277785e+01
      vertex   -4.461940e+01 1.305000e+02 4.191342e+01
    endloop
  endfacet
  facet normal -8.819213e-01 0.000000e+00 4.713967e-01
    outer loop
      vertex   -4.461940e+01 1.305000e+02 4.191342e+01
      vertex   -4.415735e+01 1.485000e+02 4.277785e+01
      vertex   -4.461940e+01 1.485000e+02 4.191342e+01
    endloop
  endfacet
  facet normal -9.569403e-01 0.000000e+00 2.902847e-01
    outer loop
      vertex   -4.461940e+01 1.305000e+02 4.191342e+01
      vertex   -4.461940e+01 1.485000e+02 4.191342e+01
      vertex   -4.490393e+01 1.305000e+02 4.097545e+01
    endloop
  endfacet
  facet normal -7.730105e-01 0.000000e+00 6.343933e-01
    outer loop
      vertex   -4.415735e+01 1.125000e+02 4.277785e+01
      vertex   -4.353553e+01 1.125000e+02 4.353553e+01
      vertex   -4.353553e+01 1.305000e+02 4.353553e+01
    endloop
  endfacet
  facet normal -6.343933e-01 0.000000e+00 7.730105e-01
    outer loop
      vertex   -4.353553e+01 1.305000e+02 4.353553e+01
      vertex   -4.353553e+01 1.125000e+02 4.353553e+01
      vertex   -4.277785e+01 1.305000e+02 4.415735e+01
    endloop
  endfacet
  facet normal -7.730105e-01 0.000000e+00 6.343933e-01
    outer loop
      vertex   -4.415735e+01 1.125000e+02 4.277785e+01
      vertex   -4.353553e+01 1.305000e+02 4.353553e+01
      vertex   -4.415735e+01 1.305000e+02 4.277785e+01
    endloop
  endfacet
  facet normal -8.819213e-01 0.000000e+00 4.713967e-01
    outer loop
      vertex   -4.461940e+01 1.125000e+02 4.191342e+01
      vertex   -4.415735e+01 1.125000e+02 4.277785e+01
      vertex   -4.415735e+01 1.305000e+02 4.277785e+01
    endloop
  endfacet
  facet normal -8.819213e-01 0.000000e+00 4.713967e-01
    outer loop
      vertex   -4.461940e+01 1.125000e+02 4.191342e+01
      vertex   -4.415735e+01 1.305000e+02 4.277785e+01
      vertex   -4.461940e+01 1.305000e+02 4.191342e+01
    endloop
  endfacet
  facet normal -9.569403e-01 0.000000e+00 2.902847e-01
    outer loop
      vertex   -4.490393e+01 1.125000e+02 4.097545e+01
      vertex   -4.461940e+01 1.125000e+02 4.191342e+01
      vertex   -4.461940e+01 1.305000e+02 4.191342e+01
    endloop
  endfacet
  facet normal -9.569403e-01 0.000000e+00 2.902847e-01
    outer loop
      vertex   -4.490393e+01 1.125000e+02 4.097545e+01
      vertex   -4.461940e+01 1.305000e+02 4.191342e+01
      vertex   -4.490393e+01 1.305000e+02 4.097545e+01
    endloop
  endfacet
  facet normal -1.000000e+00 0.000000e+00 0.000000e+00
    outer loop
      vertex   -4.500000e+01 9.450000e+01 -4.000000e+01
      vertex   -4.500000e+01 1.651639e+02 -3.000000e+00
      vertex   -4.500000e+01 1.845000e+02 -4.000000e+01
    endloop
  endfacet
  facet normal -1.000000e+00 0.000000e+00 0.000000e+00
    outer loop
      vertex   -4.500000e+01 1.845000e+02 -4.000000e+01
      vertex   -4.500000e+01 1.651639e+02 -3.000000e+00
      vertex   -4.500000e+01 1.761639e+02 -3.000000e+00
    endloop
  endfacet
  facet normal -1.000000e+00 0.000000e+00 0.000000e+00
    outer loop
      vertex   -4.500000e+01 1.845000e+02 -4.000000e+01
      vertex   -4.500000e+01 1.761639e+02 -3.000000e+00
      vertex   -4.500000e+01 1.845000e+02 4.000000e+01
    endloop
  endfacet
  facet normal -1.000000e+00 0.000000e+00 0.000000e+00
    outer loop
      vertex   -4.500000e+01 1.845000e+02 4.000000e+01
      vertex   -4.500000e+01 1.761639e+02 -3.000000e+00
      vertex   -4.500000e+01 1.761639e+02 4.000000e+00
    endloop
  endfacet
  facet normal -1.000000e+00 0.000000e+00 0.000000e+00
    outer loop
      vertex   -4.500000e+01 1.845000e+02 4.000000e+01
      vertex   -4.500000e+01 1.761639e+02 4.000000e+00
      vertex   -4.500000e+01 1.651639e+02 4.000000e+00
    endloop
  endfacet
  facet normal -1.000000e+00 0.000000e+00 0.000000e+00
    outer loop
      vertex   -4.500000e+01 9.450000e+01 -4.000000e+01
      vertex   -4.500000e+01 9.450000e+01 4.000000e+01
      vertex   -4.500000e+01 1.651639e+02 -3.000000e+00
    endloop
  endfacet
  facet normal -1.000000e+00 0.000000e+00 0.000000e+00
    outer loop
      vertex   -4.500000e+01 1.651639e+02 -3.000000e+00
      vertex   -4.500000e+01 9.450000e+01 4.000000e+01
      vertex   -4.500000e+01 1.651639e+02 4.000000e+00
    endloop
  endfacet
  facet normal -1.000000e+00 0.000000e+00 0.000000e+00
    outer loop
      vertex   -4.500000e+01 1.651639e+02 4.000000e+00
      vertex   -4.500000e+01 9.450000e+01 4.000000e+01
      vertex   -4.500000e+01 1.845000e+02 4.000000e+01
    endloop
  endfacet
  facet normal 9.951847e-01 0.000000e+00 9.801714e-02
    outer loop
      vertex   4.490393e+01 1.845000e+02 4.097545e+01
      vertex   4.490393e+01 1.665000e+02 4.097545e+01
      vertex   4.500000e+01 1.845000e+02 4.000000e+01
    endloop
  endfacet
  facet normal 9.951847e-01 0.000000e+00 9.801714e-02
    outer loop
      vertex   4.500000e+01 1.845000e+02 4.000000e+01
      vertex   4.490393e+01 1.665000e+02 4.097545e+01
      vertex   4.490393e+01 1.485000e+02 4.097545e+01
    endloop
  endfacet
  facet normal 9.951847e-01 0.000000e+00 9.801714e-02
    outer loop
      vertex   4.500000e+01 1.845000e+02 4.000000e+01
      vertex   4.490393e+01 1.485000e+02 4.097545e+01
      vertex   4.490393e+01 1.305000e+02 4.097545e+01
    endloop
  endfacet
  facet normal 9.569403e-01 -0.000000e+00 2.902847e-01
    outer loop
      vertex   4.490393e+01 1.305000e+02 4.097545e+01
      vertex   4.490393e+01 1.485000e+02 4.097545e+01
      vertex   4.461940e+01 1.305000e+02 4.191342e+01
    endloop
  endfacet
  facet normal 9.569403e-01 0.000000e+00 2.902847e-01
    outer loop
      vertex   4.490393e+01 1.305000e+02 4.097545e+01
      vertex   4.461940e+01 1.305000e+02 4.191342e+01
      vertex   4.461940e+01 1.125000e+02 4.191342e+01
    endloop
  endfacet
  facet normal 8.819213e-01 -0.000000e+00 4.713967e-01
    outer loop
      vertex   4.461940e+01 1.125000e+02 4.191342e+01
      vertex   4.461940e+01 1.305000e+02 4.191342e+01
      vertex   4.415735e+01 1.125000e+02 4.277785e+01
    endloop
  endfacet
  facet normal 8.819213e-01 0.000000e+00 4.713967e-01
    outer loop
      vertex   4.461940e+01 1.125000e+02 4.191342e+01
      vertex   4.415735e+01 1.125000e+02 4.277785e+01
      vertex   4.415735e+01 9.450000e+01 4.277785e+01
    endloop
  endfacet
  facet normal 7.730105e-01 -0.000000e+00 6.343933e-01
    outer loop
      vertex   4.415735e+01 9.450000e+01 4.277785e+01
      vertex   4.415735e+01 1.125000e+02 4.277785e+01
      vertex   4.353553e+01 9.450000e+01 4.353553e+01
    endloop
  endfacet
  facet normal 7.730105e-01 -0.000000e+00 6.343933e-01
    outer loop
      vertex   4.353553e+01 9.450000e+01 4.353553e+01
      vertex   4.415735e+01 1.125000e+02 4.277785e+01
      vertex   4.353553e+01 1.125000e+02 4.353553e+01
    endloop
  endfacet
  facet normal 6.343933e-01 -0.000000e+00 7.730105e-01
    outer loop
      vertex   4.353553e+01 9.450000e+01 4.353553e+01
      vertex   4.353553e+01 1.125000e+02 4.353553e+01
      vertex   4.277785e+01 9.450000e+01 4.415735e+01
    endloop
  endfacet
  facet normal 6.343933e-01 -0.000000e+00 7.730105e-01
    outer loop
      vertex   4.277785e+01 9.450000e+01 4.415735e+01
      vertex   4.353553e+01 1.125000e+02 4.353553e+01
      vertex   4.277785e+01 1.125000e+02 4.415735e+01
    endloop
  endfacet
  facet normal 4.713967e-01 -0.000000e+00 8.819213e-01
    outer loop
      vertex   4.277785e+01 9.450000e+01 4.415735e+01
      vertex   4.277785e+01 1.125000e+02 4.415735e+01
      vertex   4.191342e+01 9.450000e+01 4.461940e+01
    endloop
  endfacet
  facet normal 4.713967e-01 -0.000000e+00 8.819213e-01
    outer loop
      vertex   4.191342e+01 9.450000e+01 4.461940e+01
      vertex   4.277785e+01 1.125000e+02 4.415735e+01
      vertex   4.191342e+01 1.125000e+02 4.461940e+01
    endloop
  endfacet
  facet normal 2.902847e-01 -0.000000e+00 9.569403e-01
    outer loop
      vertex   4.191342e+01 9.450000e+01 4.461940e+01
      vertex   4.191342e+01 1.125000e+02 4.461940e+01
      vertex   4.097545e+01 9.450000e+01 4.490393e+01
    endloop
  endfacet
  facet normal 2.902847e-01 -0.000000e+00 9.569403e-01
    outer loop
      vertex   4.097545e+01 9.450000e+01 4.490393e+01
      vertex   4.191342e+01 1.125000e+02 4.461940e+01
      vertex   4.097545e+01 1.125000e+02 4.490393e+01
    endloop
  endfacet
  facet normal 9.801714e-02 -0.000000e+00 9.951847e-01
    outer loop
      vertex   4.097545e+01 9.450000e+01 4.490393e+01
      vertex   4.097545e+01 1.125000e+02 4.490393e+01
      vertex   4.000000e+01 9.450000e+01 4.500000e+01
    endloop
  endfacet
  facet normal 9.801714e-02 0.000000e+00 9.951847e-01
    outer loop
      vertex   4.000000e+01 9.450000e+01 4.500000e+01
      vertex   4.097545e+01 1.125000e+02 4.490393e+01
      vertex   4.097545e+01 1.305000e+02 4.490393e+01
    endloop
  endfacet
  facet normal 9.801714e-02 0.000000e+00 9.951847e-01
    outer loop
      vertex   4.000000e+01 9.450000e+01 4.500000e+01
      vertex   4.097545e+01 1.305000e+02 4.490393e+01
      vertex   4.097545e+01 1.485000e+02 4.490393e+01
    endloop
  endfacet
  facet normal 2.902847e-01 0.000000e+00 9.569403e-01
    outer loop
      vertex   4.097545e+01 1.485000e+02 4.490393e+01
      vertex   4.097545e+01 1.305000e+02 4.490393e+01
      vertex   4.191342e+01 1.485000e+02 4.461940e+01
    endloop
  endfacet
  facet normal 2.902847e-01 0.000000e+00 9.569403e-01
    outer loop
      vertex   4.097545e+01 1.485000e+02 4.490393e+01
      vertex   4.191342e+01 1.485000e+02 4.461940e+01
      vertex   4.191342e+01 1.665000e+02 4.461940e+01
    endloop
  endfacet
  facet normal 4.713967e-01 0.000000e+00 8.819213e-01
    outer loop
      vertex   4.191342e+01 1.665000e+02 4.461940e+01
      vertex   4.191342e+01 1.485000e+02 4.461940e+01
      vertex   4.277785e+01 1.665000e+02 4.415735e+01
    endloop
  endfacet
  facet normal 4.713967e-01 0.000000e+00 8.819213e-01
    outer loop
      vertex   4.191342e+01 1.665000e+02 4.461940e+01
      vertex   4.277785e+01 1.665000e+02 4.415735e+01
      vertex   4.277785e+01 1.845000e+02 4.415735e+01
    endloop
  endfacet
  facet normal 6.343933e-01 0.000000e+00 7.730105e-01
    outer loop
      vertex   4.277785e+01 1.845000e+02 4.415735e+01
      vertex   4.277785e+01 1.665000e+02 4.415735e+01
      vertex   4.353553e+01 1.845000e+02 4.353553e+01
    endloop
  endfacet
  facet normal 6.343933e-01 0.000000e+00 7.730105e-01
    outer loop
      vertex   4.353553e+01 1.845000e+02 4.353553e+01
      vertex   4.277785e+01 1.665000e+02 4.415735e+01
      vertex   4.353553e+01 1.665000e+02 4.353553e+01
    endloop
  endfacet
  facet normal 7.730105e-01 0.000000e+00 6.343933e-01
    outer loop
      vertex   4.353553e+01 1.845000e+02 4.353553e+01
      vertex   4.353553e+01 1.665000e+02 4.353553e+01
      vertex   4.415735e+01 1.845000e+02 4.277785e+01
    endloop
  endfacet
  facet normal 7.730105e-01 0.000000e+00 6.343933e-01
    outer loop
      vertex   4.415735e+01 1.845000e+02 4.277785e+01
      vertex   4.353553e+01 1.665000e+02 4.353553e+01
      vertex   4.415735e+01 1.665000e+02 4.277785e+01
    endloop
  endfacet
  facet normal 8.819213e-01 0.000000e+00 4.713967e-01
    outer loop
      vertex   4.415735e+01 1.845000e+02 4.277785e+01
      vertex   4.415735e+01 1.665000e+02 4.277785e+01
      vertex   4.461940e+01 1.845000e+02 4.191342e+01
    endloop
  endfacet
  facet normal 8.819213e-01 -3.481349e-16 4.713967e-01
    outer loop
      vertex   4.461940e+01 1.845000e+02 4.191342e+01
      vertex   4.415735e+01 1.665000e+02 4.277785e+01
      vertex   4.461940e+01 1.665000e+02 4.191342e+01
    endloop
  endfacet
  facet normal 9.569403e-01 -3.777483e-16 2.902847e-01
    outer loop
      vertex   4.461940e+01 1.845000e+02 4.191342e+01
      vertex   4.461940e+01 1.665000e+02 4.191342e+01
      vertex   4.490393e+01 1.845000e+02 4.097545e+01
    endloop
  endfacet
  facet normal 9.569403e-01 0.000000e+00 2.902847e-01
    outer loop
      vertex   4.490393e+01 1.845000e+02 4.097545e+01
      vertex   4.461940e+01 1.665000e+02 4.191342e+01
      vertex   4.490393e+01 1.665000e+02 4.097545e+01
    endloop
  endfacet
  facet normal 4.713967e-01 0.000000e+00 8.819213e-01
    outer loop
      vertex   4.277785e+01 1.845000e+02 4.415735e+01
      vertex   4.191342e+01 1.845000e+02 4.461940e+01
      vertex   4.191342e+01 1.665000e+02 4.461940e+01
    endloop
  endfacet
  facet normal 2.902847e-01 -0.000000e+00 9.569403e-01
    outer loop
      vertex   4.191342e+01 1.665000e+02 4.461940e+01
      vertex   4.191342e+01 1.845000e+02 4.461940e+01
      vertex   4.097545e+01 1.665000e+02 4.490393e+01
    endloop
  endfacet
  facet normal 2.902847e-01 0.000000e+00 9.569403e-01
    outer loop
      vertex   4.191342e+01 1.665000e+02 4.461940e+01
      vertex   4.097545e+01 1.665000e+02 4.490393e+01
      vertex   4.097545e+01 1.485000e+02 4.490393e+01
    endloop
  endfacet
  facet normal 9.801714e-02 -0.000000e+00 9.951847e-01
    outer loop
      vertex   4.097545e+01 1.485000e+02 4.490393e+01
      vertex   4.097545e+01 1.665000e+02 4.490393e+01
      vertex   4.000000e+01 1.845000e+02 4.500000e+01
    endloop
  endfacet
  facet normal 9.801714e-02 0.000000e+00 9.951847e-01
    outer loop
      vertex   4.097545e+01 1.485000e+02 4.490393e+01
      vertex   4.000000e+01 1.845000e+02 4.500000e+01
      vertex   4.000000e+01 9.450000e+01 4.500000e+01
    endloop
  endfacet
  facet normal 2.902847e-01 0.000000e+00 9.569403e-01
    outer loop
      vertex   4.191342e+01 1.845000e+02 4.461940e+01
      vertex   4.097545e+01 1.845000e+02 4.490393e+01
      vertex   4.097545e+01 1.665000e+02 4.490393e+01
    endloop
  endfacet
  facet normal 9.801714e-02 -0.000000e+00 9.951847e-01
    outer loop
      vertex   4.097545e+01 1.665000e+02 4.490393e+01
      vertex   4.097545e+01 1.845000e+02 4.490393e+01
      vertex   4.000000e+01 1.845000e+02 4.500000e+01
    endloop
  endfacet
  facet normal 8.819213e-01 3.460974e-16 4.713967e-01
    outer loop
      vertex   4.415735e+01 9.450000e+01 4.277785e+01
      vertex   4.461940e+01 9.450000e+01 4.191342e+01
      vertex   4.461940e+01 1.125000e+02 4.191342e+01
    endloop
  endfacet
  facet normal 9.569403e-01 3.777483e-16 2.902847e-01
    outer loop
      vertex   4.461940e+01 1.125000e+02 4.191342e+01
      vertex   4.461940e+01 9.450000e+01 4.191342e+01
      vertex   4.490393e+01 1.125000e+02 4.097545e+01
    endloop
  endfacet
  facet normal 9.569403e-01 0.000000e+00 2.902847e-01
    outer loop
      vertex   4.461940e+01 1.125000e+02 4.191342e+01
      vertex   4.490393e+01 1.125000e+02 4.097545e+01
      vertex   4.490393e+01 1.305000e+02 4.097545e+01
    endloop
  endfacet
  facet normal 9.951847e-01 0.000000e+00 9.801714e-02
    outer loop
      vertex   4.490393e+01 1.305000e+02 4.097545e+01
      vertex   4.490393e+01 1.125000e+02 4.097545e+01
      vertex   4.500000e+01 9.450000e+01 4.000000e+01
    endloop
  endfacet
  facet normal 9.951847e-01 0.000000e+00 9.801714e-02
    outer loop
      vertex   4.490393e+01 1.305000e+02 4.097545e+01
      vertex   4.500000e+01 9.450000e+01 4.000000e+01
      vertex   4.500000e+01 1.845000e+02 4.000000e+01
    endloop
  endfacet
  facet normal 9.569403e-01 0.000000e+00 2.902847e-01
    outer loop
      vertex   4.461940e+01 9.450000e+01 4.191342e+01
      vertex   4.490393e+01 9.450000e+01 4.097545e+01
      vertex   4.490393e+01 1.125000e+02 4.097545e+01
    endloop
  endfacet
  facet normal 9.951847e-01 0.000000e+00 9.801714e-02
    outer loop
      vertex   4.490393e+01 1.125000e+02 4.097545e+01
      vertex   4.490393e+01 9.450000e+01 4.097545e+01
      vertex   4.500000e+01 9.450000e+01 4.000000e+01
    endloop
  endfacet
  facet normal 9.569403e-01 -0.000000e+00 2.902847e-01
    outer loop
      vertex   4.490393e+01 1.485000e+02 4.097545e+01
      vertex   4.490393e+01 1.665000e+02 4.097545e+01
      vertex   4.461940e+01 1.485000e+02 4.191342e+01
    endloop
  endfacet
  facet normal 9.569403e-01 -0.000000e+00 2.902847e-01
    outer loop
      vertex   4.461940e+01 1.485000e+02 4.191342e+01
      vertex   4.490393e+01 1.665000e+02 4.097545e+01
      vertex   4.461940e+01 1.665000e+02 4.191342e+01
    endloop
  endfacet
  facet normal 8.819213e-01 -0.000000e+00 4.713967e-01
    outer loop
      vertex   4.461940e+01 1.485000e+02 4.191342e+01
      vertex   4.461940e+01 1.665000e+02 4.191342e+01
      vertex   4.415735e+01 1.485000e+02 4.277785e+01
    endloop
  endfacet
  facet normal 8.819213e-01 -0.000000e+00 4.713967e-01
    outer loop
      vertex   4.415735e+01 1.485000e+02 4.277785e+01
      vertex   4.461940e+01 1.665000e+02 4.191342e+01
      vertex   4.415735e+01 1.665000e+02 4.277785e+01
    endloop
  endfacet
  facet normal 7.730105e-01 -0.000000e+00 6.343933e-01
    outer loop
      vertex   4.415735e+01 1.485000e+02 4.277785e+01
      vertex   4.415735e+01 1.665000e+02 4.277785e+01
      vertex   4.353553e+01 1.485000e+02 4.353553e+01
    endloop
  endfacet
  facet normal 7.730105e-01 -0.000000e+00 6.343933e-01
    outer loop
      vertex   4.353553e+01 1.485000e+02 4.353553e+01
      vertex   4.415735e+01 1.665000e+02 4.277785e+01
      vertex   4.353553e+01 1.665000e+02 4.353553e+01
    endloop
  endfacet
  facet normal 6.343933e-01 -0.000000e+00 7.730105e-01
    outer loop
      vertex   4.353553e+01 1.485000e+02 4.353553e+01
      vertex   4.353553e+01 1.665000e+02 4.353553e+01
      vertex   4.277785e+01 1.485000e+02 4.415735e+01
    endloop
  endfacet
  facet normal 6.343933e-01 -0.000000e+00 7.730105e-01
    outer loop
      vertex   4.277785e+01 1.485000e+02 4.415735e+01
      vertex   4.353553e+01 1.665000e+02 4.353553e+01
      vertex   4.277785e+01 1.665000e+02 4.415735e+01
    endloop
  endfacet
  facet normal 4.713967e-01 -0.000000e+00 8.819213e-01
    outer loop
      vertex   4.277785e+01 1.485000e+02 4.415735e+01
      vertex   4.277785e+01 1.665000e+02 4.415735e+01
      vertex   4.191342e+01 1.485000e+02 4.461940e+01
    endloop
  endfacet
  facet normal 9.569403e-01 0.000000e+00 2.902847e-01
    outer loop
      vertex   4.490393e+01 1.485000e+02 4.097545e+01
      vertex   4.461940e+01 1.485000e+02 4.191342e+01
      vertex   4.461940e+01 1.305000e+02 4.191342e+01
    endloop
  endfacet
  facet normal 8.819213e-01 -0.000000e+00 4.713967e-01
    outer loop
      vertex   4.461940e+01 1.305000e+02 4.191342e+01
      vertex   4.461940e+01 1.485000e+02 4.191342e+01
      vertex   4.415735e+01 1.305000e+02 4.277785e+01
    endloop
  endfacet
  facet normal 8.819213e-01 0.000000e+00 4.713967e-01
    outer loop
      vertex   4.461940e+01 1.305000e+02 4.191342e+01
      vertex   4.415735e+01 1.305000e+02 4.277785e+01
      vertex   4.415735e+01 1.125000e+02 4.277785e+01
    endloop
  endfacet
  facet normal 7.730105e-01 -0.000000e+00 6.343933e-01
    outer loop
      vertex   4.415735e+01 1.125000e+02 4.277785e+01
      vertex   4.415735e+01 1.305000e+02 4.277785e+01
      vertex   4.353553e+01 1.125000e+02 4.353553e+01
    endloop
  endfacet
  facet normal 8.819213e-01 -0.000000e+00 4.713967e-01
    outer loop
      vertex   4.415735e+01 1.305000e+02 4.277785e+01
      vertex   4.461940e+01 1.485000e+02 4.191342e+01
      vertex   4.415735e+01 1.485000e+02 4.277785e+01
    endloop
  endfacet
  facet normal 7.730105e-01 -0.000000e+00 6.343933e-01
    outer loop
      vertex   4.415735e+01 1.305000e+02 4.277785e+01
      vertex   4.415735e+01 1.485000e+02 4.277785e+01
      vertex   4.353553e+01 1.305000e+02 4.353553e+01
    endloop
  endfacet
  facet normal 7.730105e-01 -0.000000e+00 6.343933e-01
    outer loop
      vertex   4.353553e+01 1.305000e+02 4.353553e+01
      vertex   4.415735e+01 1.485000e+02 4.277785e+01
      vertex   4.353553e+01 1.485000e+02 4.353553e+01
    endloop
  endfacet
  facet normal 6.343933e-01 -0.000000e+00 7.730105e-01
    outer loop
      vertex   4.353553e+01 1.305000e+02 4.353553e+01
      vertex   4.353553e+01 1.485000e+02 4.353553e+01
      vertex   4.277785e+01 1.305000e+02 4.415735e+01
    endloop
  endfacet
  facet normal 6.343933e-01 -0.000000e+00 7.730105e-01
    outer loop
      vertex   4.277785e+01 1.305000e+02 4.415735e+01
      vertex   4.353553e+01 1.485000e+02 4.353553e+01
      vertex   4.277785e+01 1.485000e+02 4.415735e+01
    endloop
  endfacet
  facet normal 4.713967e-01 -0.000000e+00 8.819213e-01
    outer loop
      vertex   4.277785e+01 1.305000e+02 4.415735e+01
      vertex   4.277785e+01 1.485000e+02 4.415735e+01
      vertex   4.191342e+01 1.305000e+02 4.461940e+01
    endloop
  endfacet
  facet normal 4.713967e-01 -0.000000e+00 8.819213e-01
    outer loop
      vertex   4.191342e+01 1.305000e+02 4.461940e+01
      vertex   4.277785e+01 1.485000e+02 4.415735e+01
      vertex   4.191342e+01 1.485000e+02 4.461940e+01
    endloop
  endfacet
  facet normal 2.902847e-01 -0.000000e+00 9.569403e-01
    outer loop
      vertex   4.191342e+01 1.305000e+02 4.461940e+01
      vertex   4.191342e+01 1.485000e+02 4.461940e+01
      vertex   4.097545e+01 1.305000e+02 4.490393e+01
    endloop
  endfacet
  facet normal 6.343933e-01 0.000000e+00 7.730105e-01
    outer loop
      vertex   4.277785e+01 1.125000e+02 4.415735e+01
      vertex   4.353553e+01 1.125000e+02 4.353553e+01
      vertex   4.353553e+01 1.305000e+02 4.353553e+01
    endloop
  endfacet
  facet normal 7.730105e-01 0.000000e+00 6.343933e-01
    outer loop
      vertex   4.353553e+01 1.305000e+02 4.353553e+01
      vertex   4.353553e+01 1.125000e+02 4.353553e+01
      vertex   4.415735e+01 1.305000e+02 4.277785e+01
    endloop
  endfacet
  facet normal 6.343933e-01 -0.000000e+00 7.730105e-01
    outer loop
      vertex   4.277785e+01 1.125000e+02 4.415735e+01
      vertex   4.353553e+01 1.305000e+02 4.353553e+01
      vertex   4.277785e+01 1.305000e+02 4.415735e+01
    endloop
  endfacet
  facet normal 4.713967e-01 0.000000e+00 8.819213e-01
    outer loop
      vertex   4.191342e+01 1.125000e+02 4.461940e+01
      vertex   4.277785e+01 1.125000e+02 4.415735e+01
      vertex   4.277785e+01 1.305000e+02 4.415735e+01
    endloop
  endfacet
  facet normal 4.713967e-01 -0.000000e+00 8.819213e-01
    outer loop
      vertex   4.191342e+01 1.125000e+02 4.461940e+01
      vertex   4.277785e+01 1.305000e+02 4.415735e+01
      vertex   4.191342e+01 1.305000e+02 4.461940e+01
    endloop
  endfacet
  facet normal 2.902847e-01 0.000000e+00 9.569403e-01
    outer loop
      vertex   4.097545e+01 1.125000e+02 4.490393e+01
      vertex   4.191342e+01 1.125000e+02 4.461940e+01
      vertex   4.191342e+01 1.305000e+02 4.461940e+01
    endloop
  endfacet
  facet normal 2.902847e-01 -0.000000e+00 9.569403e-01
    outer loop
      vertex   4.097545e+01 1.125000e+02 4.490393e+01
      vertex   4.191342e+01 1.305000e+02 4.461940e+01
      vertex   4.097545e+01 1.305000e+02 4.490393e+01
    endloop
  endfacet
  facet normal -7.071068e-01 7.071068e-01 0.000000e+00
    outer loop
      vertex   -3.950000e+01 1.692496e+02 4.000000e+00
      vertex   -3.950000e+01 1.692496e+02 -3.000000e+00
      vertex   -4.429289e+01 1.644567e+02 4.000000e+00
    endloop
  endfacet
  facet normal -7.071068e-01 7.071068e-01 0.000000e+00
    outer loop
      vertex   -4.429289e+01 1.644567e+02 4.000000e+00
      vertex   -3.950000e+01 1.692496e+02 -3.000000e+00
      vertex   -4.429289e+01 1.644567e+02 -3.000000e+00
    endloop
  endfacet
  facet normal 7.071068e-01 7.071068e-01 -0.000000e+00
    outer loop
      vertex   -4.500000e+01 1.651639e+02 -3.000000e+00
      vertex   -4.500000e+01 1.651639e+02 4.000000e+00
      vertex   -4.429289e+01 1.644567e+02 -3.000000e+00
    endloop
  endfacet
  facet normal 7.071068e-01 7.071068e-01 -0.000000e+00
    outer loop
      vertex   -4.429289e+01 1.644567e+02 -3.000000e+00
      vertex   -4.500000e+01 1.651639e+02 4.000000e+00
      vertex   -4.429289e+01 1.644567e+02 4.000000e+00
    endloop
  endfacet
  facet normal 1.000000e+00 0.000000e+00 0.000000e+00
    outer loop
      vertex   -3.950000e+01 1.045000e+02 -3.950000e+01
      vertex   -3.950000e+01 1.692496e+02 -3.000000e+00
      vertex   -3.950000e+01 1.045000e+02 3.950000e+01
    endloop
  endfacet
  facet normal 1.000000e+00 0.000000e+00 0.000000e+00
    outer loop
      vertex   -3.950000e+01 1.045000e+02 3.950000e+01
      vertex   -3.950000e+01 1.692496e+02 -3.000000e+00
      vertex   -3.950000e+01 1.692496e+02 4.000000e+00
    endloop
  endfacet
  facet normal 1.000000e+00 -0.000000e+00 0.000000e+00
    outer loop
      vertex   -3.950000e+01 1.045000e+02 3.950000e+01
      vertex   -3.950000e+01 1.692496e+02 4.000000e+00
      vertex   -3.950000e+01 1.845000e+02 3.950000e+01
    endloop
  endfacet
  facet normal 1.000000e+00 0.000000e+00 0.000000e+00
    outer loop
      vertex   -3.950000e+01 1.845000e+02 3.950000e+01
      vertex   -3.950000e+01 1.692496e+02 4.000000e+00
      vertex   -3.950000e+01 1.805633e+02 4.000000e+00
    endloop
  endfacet
  facet normal 1.000000e+00 0.000000e+00 0.000000e+00
    outer loop
      vertex   -3.950000e+01 1.845000e+02 3.950000e+01
      vertex   -3.950000e+01 1.805633e+02 4.000000e+00
      vertex   -3.950000e+01 1.805633e+02 -3.000000e+00
    endloop
  endfacet
  facet normal 1.000000e+00 0.000000e+00 0.000000e+00
    outer loop
      vertex   -3.950000e+01 1.045000e+02 -3.950000e+01
      vertex   -3.950000e+01 1.845000e+02 -3.950000e+01
      vertex   -3.950000e+01 1.692496e+02 -3.000000e+00
    endloop
  endfacet
  facet normal 1.000000e+00 0.000000e+00 0.000000e+00
    outer loop
      vertex   -3.950000e+01 1.692496e+02 -3.000000e+00
      vertex   -3.950000e+01 1.845000e+02 -3.950000e+01
      vertex   -3.950000e+01 1.805633e+02 -3.000000e+00
    endloop
  endfacet
  facet normal 1.000000e+00 -0.000000e+00 0.000000e+00
    outer loop
      vertex   -3.950000e+01 1.805633e+02 -3.000000e+00
      vertex   -3.950000e+01 1.845000e+02 -3.950000e+01
      vertex   -3.950000e+01 1.845000e+02 3.950000e+01
    endloop
  endfacet
  facet normal -7.850462e-17 -7.850462e-17 -1.000000e+00
    outer loop
      vertex   -3.950000e+01 1.805633e+02 4.000000e+00
      vertex   -3.950000e+01 1.692496e+02 4.000000e+00
      vertex   -4.005025e+01 1.811136e+02 4.000000e+00
    endloop
  endfacet
  facet normal -6.143971e-16 -1.033594e-16 -1.000000e+00
    outer loop
      vertex   -4.005025e+01 1.811136e+02 4.000000e+00
      vertex   -3.950000e+01 1.692496e+02 4.000000e+00
      vertex   -4.500000e+01 1.761639e+02 4.000000e+00
    endloop
  endfacet
  facet normal -6.274799e-16 -1.137663e-16 -1.000000e+00
    outer loop
      vertex   -4.500000e+01 1.761639e+02 4.000000e+00
      vertex   -3.950000e+01 1.692496e+02 4.000000e+00
      vertex   -4.429289e+01 1.644567e+02 4.000000e+00
    endloop
  endfacet
  facet normal 1.256074e-15 0.000000e+00 -1.000000e+00
    outer loop
      vertex   -4.500000e+01 1.761639e+02 4.000000e+00
      vertex   -4.429289e+01 1.644567e+02 4.000000e+00
      vertex   -4.500000e+01 1.651639e+02 4.000000e+00
    endloop
  endfacet
  facet normal 8.463167e-16 3.925231e-17 1.000000e+00
    outer loop
      vertex   -3.950000e+01 1.805633e+02 -3.000000e+00
      vertex   -4.005025e+01 1.811136e+02 -3.000000e+00
      vertex   -3.950000e+01 1.692496e+02 -3.000000e+00
    endloop
  endfacet
  facet normal 6.859424e-16 3.181413e-17 1.000000e+00
    outer loop
      vertex   -3.950000e+01 1.692496e+02 -3.000000e+00
      vertex   -4.005025e+01 1.811136e+02 -3.000000e+00
      vertex   -4.500000e+01 1.761639e+02 -3.000000e+00
    endloop
  endfacet
  facet normal 5.958142e-16 -3.987955e-17 1.000000e+00
    outer loop
      vertex   -3.950000e+01 1.692496e+02 -3.000000e+00
      vertex   -4.500000e+01 1.761639e+02 -3.000000e+00
      vertex   -4.429289e+01 1.644567e+02 -3.000000e+00
    endloop
  endfacet
  facet normal 1.256074e-15 0.000000e+00 1.000000e+00
    outer loop
      vertex   -4.429289e+01 1.644567e+02 -3.000000e+00
      vertex   -4.500000e+01 1.761639e+02 -3.000000e+00
      vertex   -4.500000e+01 1.651639e+02 -3.000000e+00
    endloop
  endfacet
  facet normal -7.071068e-01 -7.071068e-01 0.000000e+00
    outer loop
      vertex   -3.950000e+01 1.805633e+02 -3.000000e+00
      vertex   -3.950000e+01 1.805633e+02 4.000000e+00
      vertex   -4.005025e+01 1.811136e+02 -3.000000e+00
    endloop
  endfacet
  facet normal -7.071068e-01 -7.071068e-01 0.000000e+00
    outer loop
      vertex   -4.005025e+01 1.811136e+02 -3.000000e+00
      vertex   -3.950000e+01 1.805633e+02 4.000000e+00
      vertex   -4.005025e+01 1.811136e+02 4.000000e+00
    endloop
  endfacet
  facet normal 7.071068e-01 -7.071068e-01 0.000000e+00
    outer loop
      vertex   -4.500000e+01 1.761639e+02 4.000000e+00
      vertex   -4.500000e+01 1.761639e+02 -3.000000e+00
      vertex   -4.005025e+01 1.811136e+02 4.000000e+00
    endloop
  endfacet
  facet normal 7.071068e-01 -7.071068e-01 0.000000e+00
    outer loop
      vertex   -4.005025e+01 1.811136e+02 4.000000e+00
      vertex   -4.500000e+01 1.761639e+02 -3.000000e+00
      vertex   -4.005025e+01 1.811136e+02 -3.000000e+00
    endloop
  endfacet
  facet normal -4.186913e-16 0.000000e+00 1.000000e+00
    outer loop
      vertex   4.500000e+01 1.653361e+02 -3.000000e+00
      vertex   4.500000e+01 1.750000e+02 -3.000000e+00
      vertex   4.287868e+01 1.632148e+02 -3.000000e+00
    endloop
  endfacet
  facet normal 3.816873e-16 -1.440674e-16 1.000000e+00
    outer loop
      vertex   4.287868e+01 1.632148e+02 -3.000000e+00
      vertex   4.500000e+01 1.750000e+02 -3.000000e+00
      vertex   3.950000e+01 1.665935e+02 -3.000000e+00
    endloop
  endfacet
  facet normal 0.000000e+00 1.056538e-16 1.000000e+00
    outer loop
      vertex   3.950000e+01 1.665935e+02 -3.000000e+00
      vertex   4.500000e+01 1.750000e+02 -3.000000e+00
      vertex   3.950000e+01 1.750000e+02 -3.000000e+00
    endloop
  endfacet
  facet normal -1.000000e+00 0.000000e+00 0.000000e+00
    outer loop
      vertex   3.950000e+01 1.045000e+02 -3.950000e+01
      vertex   3.950000e+01 1.665935e+02 -3.000000e+00
      vertex   3.950000e+01 1.845000e+02 -3.950000e+01
    endloop
  endfacet
  facet normal -1.000000e+00 0.000000e+00 0.000000e+00
    outer loop
      vertex   3.950000e+01 1.845000e+02 -3.950000e+01
      vertex   3.950000e+01 1.665935e+02 -3.000000e+00
      vertex   3.950000e+01 1.750000e+02 -3.000000e+00
    endloop
  endfacet
  facet normal -1.000000e+00 0.000000e+00 0.000000e+00
    outer loop
      vertex   3.950000e+01 1.845000e+02 -3.950000e+01
      vertex   3.950000e+01 1.750000e+02 -3.000000e+00
      vertex   3.950000e+01 1.845000e+02 3.950000e+01
    endloop
  endfacet
  facet normal -1.000000e+00 0.000000e+00 0.000000e+00
    outer loop
      vertex   3.950000e+01 1.845000e+02 3.950000e+01
      vertex   3.950000e+01 1.750000e+02 -3.000000e+00
      vertex   3.950000e+01 1.750000e+02 4.000000e+00
    endloop
  endfacet
  facet normal -1.000000e+00 0.000000e+00 0.000000e+00
    outer loop
      vertex   3.950000e+01 1.845000e+02 3.950000e+01
      vertex   3.950000e+01 1.750000e+02 4.000000e+00
      vertex   3.950000e+01 1.665935e+02 4.000000e+00
    endloop
  endfacet
  facet normal -1.000000e+00 0.000000e+00 0.000000e+00
    outer loop
      vertex   3.950000e+01 1.045000e+02 -3.950000e+01
      vertex   3.950000e+01 1.045000e+02 3.950000e+01
      vertex   3.950000e+01 1.665935e+02 -3.000000e+00
    endloop
  endfacet
  facet normal -1.000000e+00 0.000000e+00 0.000000e+00
    outer loop
      vertex   3.950000e+01 1.665935e+02 -3.000000e+00
      vertex   3.950000e+01 1.045000e+02 3.950000e+01
      vertex   3.950000e+01 1.665935e+02 4.000000e+00
    endloop
  endfacet
  facet normal -1.000000e+00 0.000000e+00 0.000000e+00
    outer loop
      vertex   3.950000e+01 1.665935e+02 4.000000e+00
      vertex   3.950000e+01 1.045000e+02 3.950000e+01
      vertex   3.950000e+01 1.845000e+02 3.950000e+01
    endloop
  endfacet
  facet normal -3.229740e-16 2.113077e-16 -1.000000e+00
    outer loop
      vertex   3.950000e+01 1.750000e+02 4.000000e+00
      vertex   4.500000e+01 1.750000e+02 4.000000e+00
      vertex   3.950000e+01 1.665935e+02 4.000000e+00
    endloop
  endfacet
  facet normal -3.178195e-16 2.079353e-16 -1.000000e+00
    outer loop
      vertex   3.950000e+01 1.665935e+02 4.000000e+00
      vertex   4.500000e+01 1.750000e+02 4.000000e+00
      vertex   4.287868e+01 1.632148e+02 4.000000e+00
    endloop
  endfacet
  facet normal 3.267841e-16 9.190726e-17 -1.000000e+00
    outer loop
      vertex   4.287868e+01 1.632148e+02 4.000000e+00
      vertex   4.500000e+01 1.750000e+02 4.000000e+00
      vertex   4.500000e+01 1.653361e+02 4.000000e+00
    endloop
  endfacet
  facet normal 7.071068e-01 7.071068e-01 -0.000000e+00
    outer loop
      vertex   3.950000e+01 1.665935e+02 -3.000000e+00
      vertex   3.950000e+01 1.665935e+02 4.000000e+00
      vertex   4.287868e+01 1.632148e+02 -3.000000e+00
    endloop
  endfacet
  facet normal 7.071068e-01 7.071068e-01 -0.000000e+00
    outer loop
      vertex   4.287868e+01 1.632148e+02 -3.000000e+00
      vertex   3.950000e+01 1.665935e+02 4.000000e+00
      vertex   4.287868e+01 1.632148e+02 4.000000e+00
    endloop
  endfacet
  facet normal -7.071068e-01 7.071068e-01 0.000000e+00
    outer loop
      vertex   4.500000e+01 1.653361e+02 4.000000e+00
      vertex   4.500000e+01 1.653361e+02 -3.000000e+00
      vertex   4.287868e+01 1.632148e+02 4.000000e+00
    endloop
  endfacet
  facet normal -7.071068e-01 7.071068e-01 0.000000e+00
    outer loop
      vertex   4.287868e+01 1.632148e+02 4.000000e+00
      vertex   4.500000e+01 1.653361e+02 -3.000000e+00
      vertex   4.287868e+01 1.632148e+02 -3.000000e+00
    endloop
  endfacet
  facet normal -0.000000e+00 -1.000000e+00 -0.000000e+00
    outer loop
      vertex   4.500000e+01 1.750000e+02 4.000000e+00
      vertex   3.950000e+01 1.750000e+02 4.000000e+00
      vertex   4.500000e+01 1.750000e+02 -3.000000e+00
    endloop
  endfacet
  facet normal 0.000000e+00 -1.000000e+00 0.000000e+00
    outer loop
      vertex   4.500000e+01 1.750000e+02 -3.000000e+00
      vertex   3.950000e+01 1.750000e+02 4.000000e+00
      vertex   3.950000e+01 1.750000e+02 -3.000000e+00
    endloop
  endfacet
  facet normal -9.993007e-01 -1.328402e-16 3.739119e-02
    outer loop
      vertex   3.933587e+01 1.045000e+02 -2.947816e+00
      vertex   3.933587e+01 9.950000e+01 -2.947816e+00
      vertex   3.944617e+01 1.045000e+02 -4.830762e-15
    endloop
  endfacet
  facet normal -9.993007e-01 0.000000e+00 3.739119e-02
    outer loop
      vertex   3.944617e+01 1.045000e+02 -4.830762e-15
      vertex   3.933587e+01 9.950000e+01 -2.947816e+00
      vertex   3.944617e+01 9.950000e+01 -4.830762e-15
    endloop
  endfacet
  facet normal -9.993007e-01 -0.000000e+00 -3.739119e-02
    outer loop
      vertex   3.944617e+01 1.045000e+02 -4.830762e-15
      vertex   3.944617e+01 9.950000e+01 -4.830762e-15
      vertex   3.933587e+01 1.045000e+02 2.947816e+00
    endloop
  endfacet
  facet normal -9.993007e-01 1.328402e-16 -3.739119e-02
    outer loop
      vertex   3.933587e+01 1.045000e+02 2.947816e+00
      vertex   3.944617e+01 9.950000e+01 -4.830762e-15
      vertex   3.933587e+01 9.950000e+01 2.947816e+00
    endloop
  endfacet
  facet normal -9.937122e-01 3.977777e-16 -1.119645e-01
    outer loop
      vertex   3.933587e+01 1.045000e+02 2.947816e+00
      vertex   3.933587e+01 9.950000e+01 2.947816e+00
      vertex   3.900559e+01 1.045000e+02 5.879146e+00
    endloop
  endfacet
  facet normal -9.937122e-01 3.977777e-16 -1.119645e-01
    outer loop
      vertex   3.900559e+01 1.045000e+02 5.879146e+00
      vertex   3.933587e+01 9.950000e+01 2.947816e+00
      vertex   3.900559e+01 9.950000e+01 5.879146e+00
    endloop
  endfacet
  facet normal -9.825665e-01 6.604907e-16 -1.859116e-01
    outer loop
      vertex   3.900559e+01 1.045000e+02 5.879146e+00
      vertex   3.900559e+01 9.950000e+01 5.879146e+00
      vertex   3.845717e+01 1.045000e+02 8.777598e+00
    endloop
  endfacet
  facet normal -9.825665e-01 -0.000000e+00 -1.859116e-01
    outer loop
      vertex   3.845717e+01 1.045000e+02 8.777598e+00
      vertex   3.900559e+01 9.950000e+01 5.879146e+00
      vertex   3.845717e+01 9.950000e+01 8.777598e+00
    endloop
  endfacet
  facet normal -9.659258e-01 -0.000000e+00 -2.588190e-01
    outer loop
      vertex   3.845717e+01 1.045000e+02 8.777598e+00
      vertex   3.845717e+01 9.950000e+01 8.777598e+00
      vertex   3.769368e+01 1.045000e+02 1.162696e+01
    endloop
  endfacet
  facet normal -9.659258e-01 -6.370552e-16 -2.588190e-01
    outer loop
      vertex   3.769368e+01 1.045000e+02 1.162696e+01
      vertex   3.845717e+01 9.950000e+01 8.777598e+00
      vertex   3.769368e+01 9.950000e+01 1.162696e+01
    endloop
  endfacet
  facet normal -9.438833e-01 -4.026293e-16 -3.302791e-01
    outer loop
      vertex   3.769368e+01 1.045000e+02 1.162696e+01
      vertex   3.769368e+01 9.950000e+01 1.162696e+01
      vertex   3.671940e+01 1.045000e+02 1.441130e+01
    endloop
  endfacet
  facet normal -9.438833e-01 -1.679519e-16 -3.302791e-01
    outer loop
      vertex   3.671940e+01 1.045000e+02 1.441130e+01
      vertex   3.769368e+01 9.950000e+01 1.162696e+01
      vertex   3.671940e+01 9.950000e+01 1.441130e+01
    endloop
  endfacet
  facet normal -9.165623e-01 1.181886e-16 -3.998920e-01
    outer loop
      vertex   3.671940e+01 1.045000e+02 1.441130e+01
      vertex   3.671940e+01 9.950000e+01 1.441130e+01
      vertex   3.553977e+01 1.045000e+02 1.711505e+01
    endloop
  endfacet
  facet normal -9.165623e-01 -0.000000e+00 -3.998920e-01
    outer loop
      vertex   3.553977e+01 1.045000e+02 1.711505e+01
      vertex   3.671940e+01 9.950000e+01 1.441130e+01
      vertex   3.553977e+01 9.950000e+01 1.711505e+01
    endloop
  endfacet
  facet normal -8.841154e-01 -0.000000e+00 -4.672686e-01
    outer loop
      vertex   3.553977e+01 1.045000e+02 1.711505e+01
      vertex   3.553977e+01 9.950000e+01 1.711505e+01
      vertex   3.416138e+01 1.045000e+02 1.972308e+01
    endloop
  endfacet
  facet normal -8.841154e-01 -7.810817e-16 -4.672686e-01
    outer loop
      vertex   3.416138e+01 1.045000e+02 1.972308e+01
      vertex   3.553977e+01 9.950000e+01 1.711505e+01
      vertex   3.416138e+01 9.950000e+01 1.972308e+01
    endloop
  endfacet
  facet normal -8.467242e-01 -2.075186e-16 -5.320321e-01
    outer loop
      vertex   3.416138e+01 1.045000e+02 1.972308e+01
      vertex   3.416138e+01 9.950000e+01 1.972308e+01
      vertex   3.259195e+01 1.045000e+02 2.222082e+01
    endloop
  endfacet
  facet normal -8.467242e-01 3.088587e-16 -5.320321e-01
    outer loop
      vertex   3.259195e+01 1.045000e+02 2.222082e+01
      vertex   3.416138e+01 9.950000e+01 1.972308e+01
      vertex   3.259195e+01 9.950000e+01 2.222082e+01
    endloop
  endfacet
  facet normal -8.045978e-01 5.443363e-16 -5.938202e-01
    outer loop
      vertex   3.259195e+01 1.045000e+02 2.222082e+01
      vertex   3.259195e+01 9.950000e+01 2.222082e+01
      vertex   3.084025e+01 1.045000e+02 2.459428e+01
    endloop
  endfacet
  facet normal -8.045978e-01 -0.000000e+00 -5.938202e-01
    outer loop
      vertex   3.084025e+01 1.045000e+02 2.459428e+01
      vertex   3.259195e+01 9.950000e+01 2.222082e+01
      vertex   3.084025e+01 9.950000e+01 2.459428e+01
    endloop
  endfacet
  facet normal -7.579717e-01 -0.000000e+00 -6.522874e-01
    outer loop
      vertex   3.084025e+01 1.045000e+02 2.459428e+01
      vertex   3.084025e+01 9.950000e+01 2.459428e+01
      vertex   2.891609e+01 1.045000e+02 2.683021e+01
    endloop
  endfacet
  facet normal -7.579717e-01 -6.007458e-16 -6.522874e-01
    outer loop
      vertex   2.891609e+01 1.045000e+02 2.683021e+01
      vertex   3.084025e+01 9.950000e+01 2.459428e+01
      vertex   2.891609e+01 9.950000e+01 2.683021e+01
    endloop
  endfacet
  facet normal -7.071068e-01 0.000000e+00 -7.071068e-01
    outer loop
      vertex   2.891609e+01 1.045000e+02 2.683021e+01
      vertex   2.891609e+01 9.950000e+01 2.683021e+01
      vertex   2.683021e+01 1.045000e+02 2.891609e+01
    endloop
  endfacet
  facet normal -7.071068e-01 5.024296e-16 -7.071068e-01
    outer loop
      vertex   2.683021e+01 1.045000e+02 2.891609e+01
      vertex   2.891609e+01 9.950000e+01 2.683021e+01
      vertex   2.683021e+01 9.950000e+01 2.891609e+01
    endloop
  endfacet
  facet normal -6.522874e-01 6.887577e-16 -7.579717e-01
    outer loop
      vertex   2.683021e+01 1.045000e+02 2.891609e+01
      vertex   2.683021e+01 9.950000e+01 2.891609e+01
      vertex   2.459428e+01 1.045000e+02 3.084025e+01
    endloop
  endfacet
  facet normal -6.522874e-01 -0.000000e+00 -7.579717e-01
    outer loop
      vertex   2.459428e+01 1.045000e+02 3.084025e+01
      vertex   2.683021e+01 9.950000e+01 2.891609e+01
      vertex   2.459428e+01 9.950000e+01 3.084025e+01
    endloop
  endfacet
  facet normal -5.938202e-01 -0.000000e+00 -8.045978e-01
    outer loop
      vertex   2.459428e+01 1.045000e+02 3.084025e+01
      vertex   2.459428e+01 9.950000e+01 3.084025e+01
      vertex   2.222082e+01 1.045000e+02 3.259195e+01
    endloop
  endfacet
  facet normal -5.938202e-01 4.766643e-16 -8.045978e-01
    outer loop
      vertex   2.222082e+01 1.045000e+02 3.259195e+01
      vertex   2.459428e+01 9.950000e+01 3.084025e+01
      vertex   2.222082e+01 9.950000e+01 3.259195e+01
    endloop
  endfacet
  facet normal -5.320321e-01 9.635817e-16 -8.467242e-01
    outer loop
      vertex   2.222082e+01 1.045000e+02 3.259195e+01
      vertex   2.222082e+01 9.950000e+01 3.259195e+01
      vertex   1.972308e+01 1.045000e+02 3.416138e+01
    endloop
  endfacet
  facet normal -5.320321e-01 -1.890158e-15 -8.467242e-01
    outer loop
      vertex   1.972308e+01 1.045000e+02 3.416138e+01
      vertex   2.222082e+01 9.950000e+01 3.259195e+01
      vertex   1.972308e+01 9.950000e+01 3.416138e+01
    endloop
  endfacet
  facet normal -4.672686e-01 -1.660072e-15 -8.841154e-01
    outer loop
      vertex   1.972308e+01 1.045000e+02 3.416138e+01
      vertex   1.972308e+01 9.950000e+01 3.416138e+01
      vertex   1.711505e+01 1.045000e+02 3.553977e+01
    endloop
  endfacet
  facet normal -4.672686e-01 -0.000000e+00 -8.841154e-01
    outer loop
      vertex   1.711505e+01 1.045000e+02 3.553977e+01
      vertex   1.972308e+01 9.950000e+01 3.416138e+01
      vertex   1.711505e+01 9.950000e+01 3.553977e+01
    endloop
  endfacet
  facet normal -3.998920e-01 -0.000000e+00 -9.165623e-01
    outer loop
      vertex   1.711505e+01 1.045000e+02 3.553977e+01
      vertex   1.711505e+01 9.950000e+01 3.553977e+01
      vertex   1.441130e+01 1.045000e+02 3.671940e+01
    endloop
  endfacet
  facet normal -3.998920e-01 7.581142e-16 -9.165623e-01
    outer loop
      vertex   1.441130e+01 1.045000e+02 3.671940e+01
      vertex   1.711505e+01 9.950000e+01 3.553977e+01
      vertex   1.441130e+01 9.950000e+01 3.671940e+01
    endloop
  endfacet
  facet normal -3.302791e-01 1.157275e-15 -9.438833e-01
    outer loop
      vertex   1.441130e+01 1.045000e+02 3.671940e+01
      vertex   1.441130e+01 9.950000e+01 3.671940e+01
      vertex   1.162696e+01 1.045000e+02 3.769368e+01
    endloop
  endfacet
  facet normal -3.302791e-01 1.679519e-16 -9.438833e-01
    outer loop
      vertex   1.162696e+01 1.045000e+02 3.769368e+01
      vertex   1.441130e+01 9.950000e+01 3.671940e+01
      vertex   1.162696e+01 9.950000e+01 3.769368e+01
    endloop
  endfacet
  facet normal -2.588190e-01 4.531532e-16 -9.659258e-01
    outer loop
      vertex   1.162696e+01 1.045000e+02 3.769368e+01
      vertex   1.162696e+01 9.950000e+01 3.769368e+01
      vertex   8.777598e+00 1.045000e+02 3.845717e+01
    endloop
  endfacet
  facet normal -2.588190e-01 -0.000000e+00 -9.659258e-01
    outer loop
      vertex   8.777598e+00 1.045000e+02 3.845717e+01
      vertex   1.162696e+01 9.950000e+01 3.769368e+01
      vertex   8.777598e+00 9.950000e+01 3.845717e+01
    endloop
  endfacet
  facet normal -1.859116e-01 -0.000000e+00 -9.825665e-01
    outer loop
      vertex   8.777598e+00 1.045000e+02 3.845717e+01
      vertex   8.777598e+00 9.950000e+01 3.845717e+01
      vertex   5.879146e+00 1.045000e+02 3.900559e+01
    endloop
  endfacet
  facet normal -1.859116e-01 4.055749e-16 -9.825665e-01
    outer loop
      vertex   5.879146e+00 1.045000e+02 3.900559e+01
      vertex   8.777598e+00 9.950000e+01 3.845717e+01
      vertex   5.879146e+00 9.950000e+01 3.900559e+01
    endloop
  endfacet
  facet normal -1.119645e-01 8.154834e-16 -9.937122e-01
    outer loop
      vertex   5.879146e+00 1.045000e+02 3.900559e+01
      vertex   5.879146e+00 9.950000e+01 3.900559e+01
      vertex   2.947816e+00 1.045000e+02 3.933587e+01
    endloop
  endfacet
  facet normal -1.119645e-01 -3.878333e-16 -9.937122e-01
    outer loop
      vertex   2.947816e+00 1.045000e+02 3.933587e+01
      vertex   5.879146e+00 9.950000e+01 3.900559e+01
      vertex   2.947816e+00 9.950000e+01 3.933587e+01
    endloop
  endfacet
  facet normal -3.739119e-02 -1.295192e-16 -9.993007e-01
    outer loop
      vertex   2.947816e+00 1.045000e+02 3.933587e+01
      vertex   2.947816e+00 9.950000e+01 3.933587e+01
      vertex   -2.415381e-15 1.045000e+02 3.944617e+01
    endloop
  endfacet
  facet normal -3.739119e-02 -0.000000e+00 -9.993007e-01
    outer loop
      vertex   -2.415381e-15 1.045000e+02 3.944617e+01
      vertex   2.947816e+00 9.950000e+01 3.933587e+01
      vertex   -2.415381e-15 9.950000e+01 3.944617e+01
    endloop
  endfacet
  facet normal 3.739119e-02 0.000000e+00 -9.993007e-01
    outer loop
      vertex   -2.415381e-15 1.045000e+02 3.944617e+01
      vertex   -2.415381e-15 9.950000e+01 3.944617e+01
      vertex   -2.947816e+00 1.045000e+02 3.933587e+01
    endloop
  endfacet
  facet normal 3.739119e-02 -1.227473e-15 -9.993007e-01
    outer loop
      vertex   -2.947816e+00 1.045000e+02 3.933587e+01
      vertex   -2.415381e-15 9.950000e+01 3.944617e+01
      vertex   -2.947816e+00 9.950000e+01 3.933587e+01
    endloop
  endfacet
  facet normal 1.119645e-01 -8.353723e-16 -9.937122e-01
    outer loop
      vertex   -2.947816e+00 1.045000e+02 3.933587e+01
      vertex   -2.947816e+00 9.950000e+01 3.933587e+01
      vertex   -5.879146e+00 1.045000e+02 3.900559e+01
    endloop
  endfacet
  facet normal 1.119645e-01 3.778888e-16 -9.937122e-01
    outer loop
      vertex   -5.879146e+00 1.045000e+02 3.900559e+01
      vertex   -2.947816e+00 9.950000e+01 3.933587e+01
      vertex   -5.879146e+00 9.950000e+01 3.900559e+01
    endloop
  endfacet
  facet normal 1.859116e-01 6.274662e-16 -9.825665e-01
    outer loop
      vertex   -5.879146e+00 1.045000e+02 3.900559e+01
      vertex   -5.879146e+00 9.950000e+01 3.900559e+01
      vertex   -8.777598e+00 1.045000e+02 3.845717e+01
    endloop
  endfacet
  facet normal 1.859116e-01 0.000000e+00 -9.825665e-01
    outer loop
      vertex   -8.777598e+00 1.045000e+02 3.845717e+01
      vertex   -5.879146e+00 9.950000e+01 3.900559e+01
      vertex   -8.777598e+00 9.950000e+01 3.845717e+01
    endloop
  endfacet
  facet normal 2.588190e-01 0.000000e+00 -9.659258e-01
    outer loop
      vertex   -8.777598e+00 1.045000e+02 3.845717e+01
      vertex   -8.777598e+00 9.950000e+01 3.845717e+01
      vertex   -1.162696e+01 1.045000e+02 3.769368e+01
    endloop
  endfacet
  facet normal 2.588190e-01 -1.458012e-15 -9.659258e-01
    outer loop
      vertex   -1.162696e+01 1.045000e+02 3.769368e+01
      vertex   -8.777598e+00 9.950000e+01 3.845717e+01
      vertex   -1.162696e+01 9.950000e+01 3.769368e+01
    endloop
  endfacet
  facet normal 3.302791e-01 -1.039936e-15 -9.438833e-01
    outer loop
      vertex   -1.162696e+01 1.045000e+02 3.769368e+01
      vertex   -1.162696e+01 9.950000e+01 3.769368e+01
      vertex   -1.441130e+01 1.045000e+02 3.671940e+01
    endloop
  endfacet
  facet normal 3.302791e-01 -1.679519e-16 -9.438833e-01
    outer loop
      vertex   -1.441130e+01 1.045000e+02 3.671940e+01
      vertex   -1.162696e+01 9.950000e+01 3.769368e+01
      vertex   -1.441130e+01 9.950000e+01 3.671940e+01
    endloop
  endfacet
  facet normal 3.998920e-01 1.181886e-16 -9.165623e-01
    outer loop
      vertex   -1.441130e+01 1.045000e+02 3.671940e+01
      vertex   -1.441130e+01 9.950000e+01 3.671940e+01
      vertex   -1.711505e+01 1.045000e+02 3.553977e+01
    endloop
  endfacet
  facet normal 3.998920e-01 0.000000e+00 -9.165623e-01
    outer loop
      vertex   -1.711505e+01 1.045000e+02 3.553977e+01
      vertex   -1.441130e+01 9.950000e+01 3.671940e+01
      vertex   -1.711505e+01 9.950000e+01 3.553977e+01
    endloop
  endfacet
  facet normal 4.672686e-01 0.000000e+00 -8.841154e-01
    outer loop
      vertex   -1.711505e+01 1.045000e+02 3.553977e+01
      vertex   -1.711505e+01 9.950000e+01 3.553977e+01
      vertex   -1.972308e+01 1.045000e+02 3.416138e+01
    endloop
  endfacet
  facet normal 4.672686e-01 -7.810817e-16 -8.841154e-01
    outer loop
      vertex   -1.972308e+01 1.045000e+02 3.416138e+01
      vertex   -1.711505e+01 9.950000e+01 3.553977e+01
      vertex   -1.972308e+01 9.950000e+01 3.416138e+01
    endloop
  endfacet
  facet normal 5.320321e-01 -2.075186e-16 -8.467242e-01
    outer loop
      vertex   -1.972308e+01 1.045000e+02 3.416138e+01
      vertex   -1.972308e+01 9.950000e+01 3.416138e+01
      vertex   -2.222082e+01 1.045000e+02 3.259195e+01
    endloop
  endfacet
  facet normal 5.320321e-01 3.088587e-16 -8.467242e-01
    outer loop
      vertex   -2.222082e+01 1.045000e+02 3.259195e+01
      vertex   -1.972308e+01 9.950000e+01 3.416138e+01
      vertex   -2.222082e+01 9.950000e+01 3.259195e+01
    endloop
  endfacet
  facet normal 5.938202e-01 5.443363e-16 -8.045978e-01
    outer loop
      vertex   -2.222082e+01 1.045000e+02 3.259195e+01
      vertex   -2.222082e+01 9.950000e+01 3.259195e+01
      vertex   -2.459428e+01 1.045000e+02 3.084025e+01
    endloop
  endfacet
  facet normal 5.938202e-01 0.000000e+00 -8.045978e-01
    outer loop
      vertex   -2.459428e+01 1.045000e+02 3.084025e+01
      vertex   -2.222082e+01 9.950000e+01 3.259195e+01
      vertex   -2.459428e+01 9.950000e+01 3.084025e+01
    endloop
  endfacet
  facet normal 6.522874e-01 0.000000e+00 -7.579717e-01
    outer loop
      vertex   -2.459428e+01 1.045000e+02 3.084025e+01
      vertex   -2.459428e+01 9.950000e+01 3.084025e+01
      vertex   -2.683021e+01 1.045000e+02 2.891609e+01
    endloop
  endfacet
  facet normal 6.522874e-01 3.132916e-16 -7.579717e-01
    outer loop
      vertex   -2.683021e+01 1.045000e+02 2.891609e+01
      vertex   -2.459428e+01 9.950000e+01 3.084025e+01
      vertex   -2.683021e+01 9.950000e+01 2.891609e+01
    endloop
  endfacet
  facet normal 7.071068e-01 5.024296e-16 -7.071068e-01
    outer loop
      vertex   -2.683021e+01 1.045000e+02 2.891609e+01
      vertex   -2.683021e+01 9.950000e+01 2.891609e+01
      vertex   -2.891609e+01 1.045000e+02 2.683021e+01
    endloop
  endfacet
  facet normal 7.071068e-01 -2.567246e-30 -7.071068e-01
    outer loop
      vertex   -2.891609e+01 1.045000e+02 2.683021e+01
      vertex   -2.683021e+01 9.950000e+01 2.891609e+01
      vertex   -2.891609e+01 9.950000e+01 2.683021e+01
    endloop
  endfacet
  facet normal 7.579717e-01 2.252797e-16 -6.522874e-01
    outer loop
      vertex   -2.891609e+01 1.045000e+02 2.683021e+01
      vertex   -2.891609e+01 9.950000e+01 2.683021e+01
      vertex   -3.084025e+01 1.045000e+02 2.459428e+01
    endloop
  endfacet
  facet normal 7.579717e-01 -3.132916e-16 -6.522874e-01
    outer loop
      vertex   -3.084025e+01 1.045000e+02 2.459428e+01
      vertex   -2.891609e+01 9.950000e+01 2.683021e+01
      vertex   -3.084025e+01 9.950000e+01 2.459428e+01
    endloop
  endfacet
  facet normal 8.045978e-01 -1.224016e-16 -5.938202e-01
    outer loop
      vertex   -3.084025e+01 1.045000e+02 2.459428e+01
      vertex   -3.084025e+01 9.950000e+01 2.459428e+01
      vertex   -3.259195e+01 1.045000e+02 2.222082e+01
    endloop
  endfacet
  facet normal 8.045978e-01 -9.662709e-16 -5.938202e-01
    outer loop
      vertex   -3.259195e+01 1.045000e+02 2.222082e+01
      vertex   -3.084025e+01 9.950000e+01 2.459428e+01
      vertex   -3.259195e+01 9.950000e+01 2.222082e+01
    endloop
  endfacet
  facet normal 8.467242e-01 -6.868902e-16 -5.320321e-01
    outer loop
      vertex   -3.259195e+01 1.045000e+02 2.222082e+01
      vertex   -3.259195e+01 9.950000e+01 2.222082e+01
      vertex   -3.416138e+01 1.045000e+02 1.972308e+01
    endloop
  endfacet
  facet normal 8.467242e-01 -3.088587e-16 -5.320321e-01
    outer loop
      vertex   -3.416138e+01 1.045000e+02 1.972308e+01
      vertex   -3.259195e+01 9.950000e+01 2.222082e+01
      vertex   -3.416138e+01 9.950000e+01 1.972308e+01
    endloop
  endfacet
  facet normal 8.841154e-01 -7.165378e-17 -4.672686e-01
    outer loop
      vertex   -3.416138e+01 1.045000e+02 1.972308e+01
      vertex   -3.416138e+01 9.950000e+01 1.972308e+01
      vertex   -3.553977e+01 1.045000e+02 1.711505e+01
    endloop
  endfacet
  facet normal 8.841154e-01 0.000000e+00 -4.672686e-01
    outer loop
      vertex   -3.553977e+01 1.045000e+02 1.711505e+01
      vertex   -3.416138e+01 9.950000e+01 1.972308e+01
      vertex   -3.553977e+01 9.950000e+01 1.711505e+01
    endloop
  endfacet
  facet normal 9.165623e-01 0.000000e+00 -3.998920e-01
    outer loop
      vertex   -3.553977e+01 1.045000e+02 1.711505e+01
      vertex   -3.553977e+01 9.950000e+01 1.711505e+01
      vertex   -3.671940e+01 1.045000e+02 1.441130e+01
    endloop
  endfacet
  facet normal 9.165623e-01 -1.420702e-15 -3.998920e-01
    outer loop
      vertex   -3.671940e+01 1.045000e+02 1.441130e+01
      vertex   -3.553977e+01 9.950000e+01 1.711505e+01
      vertex   -3.671940e+01 9.950000e+01 1.441130e+01
    endloop
  endfacet
  facet normal 9.438833e-01 -1.173387e-15 -3.302791e-01
    outer loop
      vertex   -3.671940e+01 1.045000e+02 1.441130e+01
      vertex   -3.671940e+01 9.950000e+01 1.441130e+01
      vertex   -3.769368e+01 1.045000e+02 1.162696e+01
    endloop
  endfacet
  facet normal 9.438833e-01 1.679519e-16 -3.302791e-01
    outer loop
      vertex   -3.769368e+01 1.045000e+02 1.162696e+01
      vertex   -3.671940e+01 9.950000e+01 1.441130e+01
      vertex   -3.769368e+01 9.950000e+01 1.162696e+01
    endloop
  endfacet
  facet normal 9.659258e-01 4.531532e-16 -2.588190e-01
    outer loop
      vertex   -3.769368e+01 1.045000e+02 1.162696e+01
      vertex   -3.769368e+01 9.950000e+01 1.162696e+01
      vertex   -3.845717e+01 1.045000e+02 8.777598e+00
    endloop
  endfacet
  facet normal 9.659258e-01 0.000000e+00 -2.588190e-01
    outer loop
      vertex   -3.845717e+01 1.045000e+02 8.777598e+00
      vertex   -3.769368e+01 9.950000e+01 1.162696e+01
      vertex   -3.845717e+01 9.950000e+01 8.777598e+00
    endloop
  endfacet
  facet normal 9.825665e-01 0.000000e+00 -1.859116e-01
    outer loop
      vertex   -3.845717e+01 1.045000e+02 8.777598e+00
      vertex   -3.845717e+01 9.950000e+01 8.777598e+00
      vertex   -3.900559e+01 1.045000e+02 5.879146e+00
    endloop
  endfacet
  facet normal 9.825665e-01 -6.604907e-16 -1.859116e-01
    outer loop
      vertex   -3.900559e+01 1.045000e+02 5.879146e+00
      vertex   -3.845717e+01 9.950000e+01 8.777598e+00
      vertex   -3.900559e+01 9.950000e+01 5.879146e+00
    endloop
  endfacet
  facet normal 9.937122e-01 -3.977777e-16 -1.119645e-01
    outer loop
      vertex   -3.900559e+01 1.045000e+02 5.879146e+00
      vertex   -3.900559e+01 9.950000e+01 5.879146e+00
      vertex   -3.933587e+01 1.045000e+02 2.947816e+00
    endloop
  endfacet
  facet normal 9.937122e-01 -3.778888e-16 -1.119645e-01
    outer loop
      vertex   -3.933587e+01 1.045000e+02 2.947816e+00
      vertex   -3.900559e+01 9.950000e+01 5.879146e+00
      vertex   -3.933587e+01 9.950000e+01 2.947816e+00
    endloop
  endfacet
  facet normal 9.993007e-01 -1.261982e-16 -3.739119e-02
    outer loop
      vertex   -3.933587e+01 1.045000e+02 2.947816e+00
      vertex   -3.933587e+01 9.950000e+01 2.947816e+00
      vertex   -3.944617e+01 1.045000e+02 0.000000e+00
    endloop
  endfacet
  facet normal 9.993007e-01 0.000000e+00 -3.739119e-02
    outer loop
      vertex   -3.944617e+01 1.045000e+02 0.000000e+00
      vertex   -3.933587e+01 9.950000e+01 2.947816e+00
      vertex   -3.944617e+01 9.950000e+01 0.000000e+00
    endloop
  endfacet
  facet normal 9.993007e-01 0.000000e+00 3.739119e-02
    outer loop
      vertex   -3.944617e+01 1.045000e+02 0.000000e+00
      vertex   -3.944617e+01 9.950000e+01 0.000000e+00
      vertex   -3.933587e+01 1.045000e+02 -2.947816e+00
    endloop
  endfacet
  facet normal 9.993007e-01 1.261982e-16 3.739119e-02
    outer loop
      vertex   -3.933587e+01 1.045000e+02 -2.947816e+00
      vertex   -3.944617e+01 9.950000e+01 0.000000e+00
      vertex   -3.933587e+01 9.950000e+01 -2.947816e+00
    endloop
  endfacet
  facet normal 9.937122e-01 3.778888e-16 1.119645e-01
    outer loop
      vertex   -3.933587e+01 1.045000e+02 -2.947816e+00
      vertex   -3.933587e+01 9.950000e+01 -2.947816e+00
      vertex   -3.900559e+01 1.045000e+02 -5.879146e+00
    endloop
  endfacet
  facet normal 9.937122e-01 3.977777e-16 1.119645e-01
    outer loop
      vertex   -3.900559e+01 1.045000e+02 -5.879146e+00
      vertex   -3.933587e+01 9.950000e+01 -2.947816e+00
      vertex   -3.900559e+01 9.950000e+01 -5.879146e+00
    endloop
  endfacet
  facet normal 9.825665e-01 6.604907e-16 1.859116e-01
    outer loop
      vertex   -3.900559e+01 1.045000e+02 -5.879146e+00
      vertex   -3.900559e+01 9.950000e+01 -5.879146e+00
      vertex   -3.845717e+01 1.045000e+02 -8.777598e+00
    endloop
  endfacet
  facet normal 9.825665e-01 0.000000e+00 1.859116e-01
    outer loop
      vertex   -3.845717e+01 1.045000e+02 -8.777598e+00
      vertex   -3.900559e+01 9.950000e+01 -5.879146e+00
      vertex   -3.845717e+01 9.950000e+01 -8.777598e+00
    endloop
  endfacet
  facet normal 9.659258e-01 0.000000e+00 2.588190e-01
    outer loop
      vertex   -3.845717e+01 1.045000e+02 -8.777598e+00
      vertex   -3.845717e+01 9.950000e+01 -8.777598e+00
      vertex   -3.769368e+01 1.045000e+02 -1.162696e+01
    endloop
  endfacet
  facet normal 9.659258e-01 -4.531532e-16 2.588190e-01
    outer loop
      vertex   -3.769368e+01 1.045000e+02 -1.162696e+01
      vertex   -3.845717e+01 9.950000e+01 -8.777598e+00
      vertex   -3.769368e+01 9.950000e+01 -1.162696e+01
    endloop
  endfacet
  facet normal 9.438833e-01 -1.679519e-16 3.302791e-01
    outer loop
      vertex   -3.769368e+01 1.045000e+02 -1.162696e+01
      vertex   -3.769368e+01 9.950000e+01 -1.162696e+01
      vertex   -3.671940e+01 1.045000e+02 -1.441130e+01
    endloop
  endfacet
  facet normal 9.438833e-01 1.173387e-15 3.302791e-01
    outer loop
      vertex   -3.671940e+01 1.045000e+02 -1.441130e+01
      vertex   -3.769368e+01 9.950000e+01 -1.162696e+01
      vertex   -3.671940e+01 9.950000e+01 -1.441130e+01
    endloop
  endfacet
  facet normal 9.165623e-01 1.420702e-15 3.998920e-01
    outer loop
      vertex   -3.671940e+01 1.045000e+02 -1.441130e+01
      vertex   -3.671940e+01 9.950000e+01 -1.441130e+01
      vertex   -3.553977e+01 1.045000e+02 -1.711505e+01
    endloop
  endfacet
  facet normal 9.165623e-01 0.000000e+00 3.998920e-01
    outer loop
      vertex   -3.553977e+01 1.045000e+02 -1.711505e+01
      vertex   -3.671940e+01 9.950000e+01 -1.441130e+01
      vertex   -3.553977e+01 9.950000e+01 -1.711505e+01
    endloop
  endfacet
  facet normal 8.841154e-01 0.000000e+00 4.672686e-01
    outer loop
      vertex   -3.553977e+01 1.045000e+02 -1.711505e+01
      vertex   -3.553977e+01 9.950000e+01 -1.711505e+01
      vertex   -3.416138e+01 1.045000e+02 -1.972308e+01
    endloop
  endfacet
  facet normal 8.841154e-01 7.165378e-17 4.672686e-01
    outer loop
      vertex   -3.416138e+01 1.045000e+02 -1.972308e+01
      vertex   -3.553977e+01 9.950000e+01 -1.711505e+01
      vertex   -3.416138e+01 9.950000e+01 -1.972308e+01
    endloop
  endfacet
  facet normal 8.467242e-01 3.088587e-16 5.320321e-01
    outer loop
      vertex   -3.416138e+01 1.045000e+02 -1.972308e+01
      vertex   -3.416138e+01 9.950000e+01 -1.972308e+01
      vertex   -3.259195e+01 1.045000e+02 -2.222082e+01
    endloop
  endfacet
  facet normal 8.467242e-01 6.868902e-16 5.320321e-01
    outer loop
      vertex   -3.259195e+01 1.045000e+02 -2.222082e+01
      vertex   -3.416138e+01 9.950000e+01 -1.972308e+01
      vertex   -3.259195e+01 9.950000e+01 -2.222082e+01
    endloop
  endfacet
  facet normal 8.045978e-01 9.662709e-16 5.938202e-01
    outer loop
      vertex   -3.259195e+01 1.045000e+02 -2.222082e+01
      vertex   -3.259195e+01 9.950000e+01 -2.222082e+01
      vertex   -3.084025e+01 1.045000e+02 -2.459428e+01
    endloop
  endfacet
  facet normal 8.045978e-01 1.224016e-16 5.938202e-01
    outer loop
      vertex   -3.084025e+01 1.045000e+02 -2.459428e+01
      vertex   -3.259195e+01 9.950000e+01 -2.222082e+01
      vertex   -3.084025e+01 9.950000e+01 -2.459428e+01
    endloop
  endfacet
  facet normal 7.579717e-01 3.132916e-16 6.522874e-01
    outer loop
      vertex   -3.084025e+01 1.045000e+02 -2.459428e+01
      vertex   -3.084025e+01 9.950000e+01 -2.459428e+01
      vertex   -2.891609e+01 1.045000e+02 -2.683021e+01
    endloop
  endfacet
  facet normal 7.579717e-01 -2.252797e-16 6.522874e-01
    outer loop
      vertex   -2.891609e+01 1.045000e+02 -2.683021e+01
      vertex   -3.084025e+01 9.950000e+01 -2.459428e+01
      vertex   -2.891609e+01 9.950000e+01 -2.683021e+01
    endloop
  endfacet
  facet normal 7.071068e-01 2.567246e-30 7.071068e-01
    outer loop
      vertex   -2.891609e+01 1.045000e+02 -2.683021e+01
      vertex   -2.891609e+01 9.950000e+01 -2.683021e+01
      vertex   -2.683021e+01 1.045000e+02 -2.891609e+01
    endloop
  endfacet
  facet normal 7.071068e-01 -5.024296e-16 7.071068e-01
    outer loop
      vertex   -2.683021e+01 1.045000e+02 -2.891609e+01
      vertex   -2.891609e+01 9.950000e+01 -2.683021e+01
      vertex   -2.683021e+01 9.950000e+01 -2.891609e+01
    endloop
  endfacet
  facet normal 6.522874e-01 -3.132916e-16 7.579717e-01
    outer loop
      vertex   -2.683021e+01 1.045000e+02 -2.891609e+01
      vertex   -2.683021e+01 9.950000e+01 -2.891609e+01
      vertex   -2.459428e+01 1.045000e+02 -3.084025e+01
    endloop
  endfacet
  facet normal 6.522874e-01 0.000000e+00 7.579717e-01
    outer loop
      vertex   -2.459428e+01 1.045000e+02 -3.084025e+01
      vertex   -2.683021e+01 9.950000e+01 -2.891609e+01
      vertex   -2.459428e+01 9.950000e+01 -3.084025e+01
    endloop
  endfacet
  facet normal 5.938202e-01 0.000000e+00 8.045978e-01
    outer loop
      vertex   -2.459428e+01 1.045000e+02 -3.084025e+01
      vertex   -2.459428e+01 9.950000e+01 -3.084025e+01
      vertex   -2.222082e+01 1.045000e+02 -3.259195e+01
    endloop
  endfacet
  facet normal 5.938202e-01 -5.443363e-16 8.045978e-01
    outer loop
      vertex   -2.222082e+01 1.045000e+02 -3.259195e+01
      vertex   -2.459428e+01 9.950000e+01 -3.084025e+01
      vertex   -2.222082e+01 9.950000e+01 -3.259195e+01
    endloop
  endfacet
  facet normal 5.320321e-01 -3.088587e-16 8.467242e-01
    outer loop
      vertex   -2.222082e+01 1.045000e+02 -3.259195e+01
      vertex   -2.222082e+01 9.950000e+01 -3.259195e+01
      vertex   -1.972308e+01 1.045000e+02 -3.416138e+01
    endloop
  endfacet
  facet normal 5.320321e-01 2.075186e-16 8.467242e-01
    outer loop
      vertex   -1.972308e+01 1.045000e+02 -3.416138e+01
      vertex   -2.222082e+01 9.950000e+01 -3.259195e+01
      vertex   -1.972308e+01 9.950000e+01 -3.416138e+01
    endloop
  endfacet
  facet normal 4.672686e-01 7.810817e-16 8.841154e-01
    outer loop
      vertex   -1.972308e+01 1.045000e+02 -3.416138e+01
      vertex   -1.972308e+01 9.950000e+01 -3.416138e+01
      vertex   -1.711505e+01 1.045000e+02 -3.553977e+01
    endloop
  endfacet
  facet normal 4.672686e-01 0.000000e+00 8.841154e-01
    outer loop
      vertex   -1.711505e+01 1.045000e+02 -3.553977e+01
      vertex   -1.972308e+01 9.950000e+01 -3.416138e+01
      vertex   -1.711505e+01 9.950000e+01 -3.553977e+01
    endloop
  endfacet
  facet normal 3.998920e-01 0.000000e+00 9.165623e-01
    outer loop
      vertex   -1.711505e+01 1.045000e+02 -3.553977e+01
      vertex   -1.711505e+01 9.950000e+01 -3.553977e+01
      vertex   -1.441130e+01 1.045000e+02 -3.671940e+01
    endloop
  endfacet
  facet normal 3.998920e-01 -1.181886e-16 9.165623e-01
    outer loop
      vertex   -1.441130e+01 1.045000e+02 -3.671940e+01
      vertex   -1.711505e+01 9.950000e+01 -3.553977e+01
      vertex   -1.441130e+01 9.950000e+01 -3.671940e+01
    endloop
  endfacet
  facet normal 3.302791e-01 1.679519e-16 9.438833e-01
    outer loop
      vertex   -1.441130e+01 1.045000e+02 -3.671940e+01
      vertex   -1.441130e+01 9.950000e+01 -3.671940e+01
      vertex   -1.162696e+01 1.045000e+02 -3.769368e+01
    endloop
  endfacet
  facet normal 3.302791e-01 1.039936e-15 9.438833e-01
    outer loop
      vertex   -1.162696e+01 1.045000e+02 -3.769368e+01
      vertex   -1.441130e+01 9.950000e+01 -3.671940e+01
      vertex   -1.162696e+01 9.950000e+01 -3.769368e+01
    endloop
  endfacet
  facet normal 2.588190e-01 1.458012e-15 9.659258e-01
    outer loop
      vertex   -1.162696e+01 1.045000e+02 -3.769368e+01
      vertex   -1.162696e+01 9.950000e+01 -3.769368e+01
      vertex   -8.777598e+00 1.045000e+02 -3.845717e+01
    endloop
  endfacet
  facet normal 2.588190e-01 0.000000e+00 9.659258e-01
    outer loop
      vertex   -8.777598e+00 1.045000e+02 -3.845717e+01
      vertex   -1.162696e+01 9.950000e+01 -3.769368e+01
      vertex   -8.777598e+00 9.950000e+01 -3.845717e+01
    endloop
  endfacet
  facet normal 1.859116e-01 0.000000e+00 9.825665e-01
    outer loop
      vertex   -8.777598e+00 1.045000e+02 -3.845717e+01
      vertex   -8.777598e+00 9.950000e+01 -3.845717e+01
      vertex   -5.879146e+00 1.045000e+02 -3.900559e+01
    endloop
  endfacet
  facet normal 1.859116e-01 -6.274662e-16 9.825665e-01
    outer loop
      vertex   -5.879146e+00 1.045000e+02 -3.900559e+01
      vertex   -8.777598e+00 9.950000e+01 -3.845717e+01
      vertex   -5.879146e+00 9.950000e+01 -3.900559e+01
    endloop
  endfacet
  facet normal 1.119645e-01 -3.778888e-16 9.937122e-01
    outer loop
      vertex   -5.879146e+00 1.045000e+02 -3.900559e+01
      vertex   -5.879146e+00 9.950000e+01 -3.900559e+01
      vertex   -2.947816e+00 1.045000e+02 -3.933587e+01
    endloop
  endfacet
  facet normal 1.119645e-01 8.353723e-16 9.937122e-01
    outer loop
      vertex   -2.947816e+00 1.045000e+02 -3.933587e+01
      vertex   -5.879146e+00 9.950000e+01 -3.900559e+01
      vertex   -2.947816e+00 9.950000e+01 -3.933587e+01
    endloop
  endfacet
  facet normal 3.739119e-02 1.227473e-15 9.993007e-01
    outer loop
      vertex   -2.947816e+00 1.045000e+02 -3.933587e+01
      vertex   -2.947816e+00 9.950000e+01 -3.933587e+01
      vertex   -2.415381e-15 1.045000e+02 -3.944617e+01
    endloop
  endfacet
  facet normal 3.739119e-02 0.000000e+00 9.993007e-01
    outer loop
      vertex   -2.415381e-15 1.045000e+02 -3.944617e+01
      vertex   -2.947816e+00 9.950000e+01 -3.933587e+01
      vertex   -2.415381e-15 9.950000e+01 -3.944617e+01
    endloop
  endfacet
  facet normal -3.739119e-02 0.000000e+00 9.993007e-01
    outer loop
      vertex   -2.415381e-15 1.045000e+02 -3.944617e+01
      vertex   -2.415381e-15 9.950000e+01 -3.944617e+01
      vertex   2.947816e+00 1.045000e+02 -3.933587e+01
    endloop
  endfacet
  facet normal -3.739119e-02 1.295192e-16 9.993007e-01
    outer loop
      vertex   2.947816e+00 1.045000e+02 -3.933587e+01
      vertex   -2.415381e-15 9.950000e+01 -3.944617e+01
      vertex   2.947816e+00 9.950000e+01 -3.933587e+01
    endloop
  endfacet
  facet normal -1.119645e-01 3.878333e-16 9.937122e-01
    outer loop
      vertex   2.947816e+00 1.045000e+02 -3.933587e+01
      vertex   2.947816e+00 9.950000e+01 -3.933587e+01
      vertex   5.879146e+00 1.045000e+02 -3.900559e+01
    endloop
  endfacet
  facet normal -1.119645e-01 -8.154834e-16 9.937122e-01
    outer loop
      vertex   5.879146e+00 1.045000e+02 -3.900559e+01
      vertex   2.947816e+00 9.950000e+01 -3.933587e+01
      vertex   5.879146e+00 9.950000e+01 -3.900559e+01
    endloop
  endfacet
  facet normal -1.859116e-01 -4.055749e-16 9.825665e-01
    outer loop
      vertex   5.879146e+00 1.045000e+02 -3.900559e+01
      vertex   5.879146e+00 9.950000e+01 -3.900559e+01
      vertex   8.777598e+00 1.045000e+02 -3.845717e+01
    endloop
  endfacet
  facet normal -1.859116e-01 0.000000e+00 9.825665e-01
    outer loop
      vertex   8.777598e+00 1.045000e+02 -3.845717e+01
      vertex   5.879146e+00 9.950000e+01 -3.900559e+01
      vertex   8.777598e+00 9.950000e+01 -3.845717e+01
    endloop
  endfacet
  facet normal -2.588190e-01 0.000000e+00 9.659258e-01
    outer loop
      vertex   8.777598e+00 1.045000e+02 -3.845717e+01
      vertex   8.777598e+00 9.950000e+01 -3.845717e+01
      vertex   1.162696e+01 1.045000e+02 -3.769368e+01
    endloop
  endfacet
  facet normal -2.588190e-01 -4.531532e-16 9.659258e-01
    outer loop
      vertex   1.162696e+01 1.045000e+02 -3.769368e+01
      vertex   8.777598e+00 9.950000e+01 -3.845717e+01
      vertex   1.162696e+01 9.950000e+01 -3.769368e+01
    endloop
  endfacet
  facet normal -3.302791e-01 -1.679519e-16 9.438833e-01
    outer loop
      vertex   1.162696e+01 1.045000e+02 -3.769368e+01
      vertex   1.162696e+01 9.950000e+01 -3.769368e+01
      vertex   1.441130e+01 1.045000e+02 -3.671940e+01
    endloop
  endfacet
  facet normal -3.302791e-01 -1.157275e-15 9.438833e-01
    outer loop
      vertex   1.441130e+01 1.045000e+02 -3.671940e+01
      vertex   1.162696e+01 9.950000e+01 -3.769368e+01
      vertex   1.441130e+01 9.950000e+01 -3.671940e+01
    endloop
  endfacet
  facet normal -3.998920e-01 -7.581142e-16 9.165623e-01
    outer loop
      vertex   1.441130e+01 1.045000e+02 -3.671940e+01
      vertex   1.441130e+01 9.950000e+01 -3.671940e+01
      vertex   1.711505e+01 1.045000e+02 -3.553977e+01
    endloop
  endfacet
  facet normal -3.998920e-01 0.000000e+00 9.165623e-01
    outer loop
      vertex   1.711505e+01 1.045000e+02 -3.553977e+01
      vertex   1.441130e+01 9.950000e+01 -3.671940e+01
      vertex   1.711505e+01 9.950000e+01 -3.553977e+01
    endloop
  endfacet
  facet normal -4.672686e-01 0.000000e+00 8.841154e-01
    outer loop
      vertex   1.711505e+01 1.045000e+02 -3.553977e+01
      vertex   1.711505e+01 9.950000e+01 -3.553977e+01
      vertex   1.972308e+01 1.045000e+02 -3.416138e+01
    endloop
  endfacet
  facet normal -4.672686e-01 1.660072e-15 8.841154e-01
    outer loop
      vertex   1.972308e+01 1.045000e+02 -3.416138e+01
      vertex   1.711505e+01 9.950000e+01 -3.553977e+01
      vertex   1.972308e+01 9.950000e+01 -3.416138e+01
    endloop
  endfacet
  facet normal -5.320321e-01 1.890158e-15 8.467242e-01
    outer loop
      vertex   1.972308e+01 1.045000e+02 -3.416138e+01
      vertex   1.972308e+01 9.950000e+01 -3.416138e+01
      vertex   2.222082e+01 1.045000e+02 -3.259195e+01
    endloop
  endfacet
  facet normal -5.320321e-01 -9.635817e-16 8.467242e-01
    outer loop
      vertex   2.222082e+01 1.045000e+02 -3.259195e+01
      vertex   1.972308e+01 9.950000e+01 -3.416138e+01
      vertex   2.222082e+01 9.950000e+01 -3.259195e+01
    endloop
  endfacet
  facet normal -5.938202e-01 -4.766643e-16 8.045978e-01
    outer loop
      vertex   2.222082e+01 1.045000e+02 -3.259195e+01
      vertex   2.222082e+01 9.950000e+01 -3.259195e+01
      vertex   2.459428e+01 1.045000e+02 -3.084025e+01
    endloop
  endfacet
  facet normal -5.938202e-01 0.000000e+00 8.045978e-01
    outer loop
      vertex   2.459428e+01 1.045000e+02 -3.084025e+01
      vertex   2.222082e+01 9.950000e+01 -3.259195e+01
      vertex   2.459428e+01 9.950000e+01 -3.084025e+01
    endloop
  endfacet
  facet normal -6.522874e-01 0.000000e+00 7.579717e-01
    outer loop
      vertex   2.459428e+01 1.045000e+02 -3.084025e+01
      vertex   2.459428e+01 9.950000e+01 -3.084025e+01
      vertex   2.683021e+01 1.045000e+02 -2.891609e+01
    endloop
  endfacet
  facet normal -6.522874e-01 -6.887577e-16 7.579717e-01
    outer loop
      vertex   2.683021e+01 1.045000e+02 -2.891609e+01
      vertex   2.459428e+01 9.950000e+01 -3.084025e+01
      vertex   2.683021e+01 9.950000e+01 -2.891609e+01
    endloop
  endfacet
  facet normal -7.071068e-01 -5.024296e-16 7.071068e-01
    outer loop
      vertex   2.683021e+01 1.045000e+02 -2.891609e+01
      vertex   2.683021e+01 9.950000e+01 -2.891609e+01
      vertex   2.891609e+01 1.045000e+02 -2.683021e+01
    endloop
  endfacet
  facet normal -7.071068e-01 0.000000e+00 7.071068e-01
    outer loop
      vertex   2.891609e+01 1.045000e+02 -2.683021e+01
      vertex   2.683021e+01 9.950000e+01 -2.891609e+01
      vertex   2.891609e+01 9.950000e+01 -2.683021e+01
    endloop
  endfacet
  facet normal -7.579717e-01 6.007458e-16 6.522874e-01
    outer loop
      vertex   2.891609e+01 1.045000e+02 -2.683021e+01
      vertex   2.891609e+01 9.950000e+01 -2.683021e+01
      vertex   3.084025e+01 1.045000e+02 -2.459428e+01
    endloop
  endfacet
  facet normal -7.579717e-01 0.000000e+00 6.522874e-01
    outer loop
      vertex   3.084025e+01 1.045000e+02 -2.459428e+01
      vertex   2.891609e+01 9.950000e+01 -2.683021e+01
      vertex   3.084025e+01 9.950000e+01 -2.459428e+01
    endloop
  endfacet
  facet normal -8.045978e-01 0.000000e+00 5.938202e-01
    outer loop
      vertex   3.084025e+01 1.045000e+02 -2.459428e+01
      vertex   3.084025e+01 9.950000e+01 -2.459428e+01
      vertex   3.259195e+01 1.045000e+02 -2.222082e+01
    endloop
  endfacet
  facet normal -8.045978e-01 -5.443363e-16 5.938202e-01
    outer loop
      vertex   3.259195e+01 1.045000e+02 -2.222082e+01
      vertex   3.084025e+01 9.950000e+01 -2.459428e+01
      vertex   3.259195e+01 9.950000e+01 -2.222082e+01
    endloop
  endfacet
  facet normal -8.467242e-01 -3.088587e-16 5.320321e-01
    outer loop
      vertex   3.259195e+01 1.045000e+02 -2.222082e+01
      vertex   3.259195e+01 9.950000e+01 -2.222082e+01
      vertex   3.416138e+01 1.045000e+02 -1.972308e+01
    endloop
  endfacet
  facet normal -8.467242e-01 2.075186e-16 5.320321e-01
    outer loop
      vertex   3.416138e+01 1.045000e+02 -1.972308e+01
      vertex   3.259195e+01 9.950000e+01 -2.222082e+01
      vertex   3.416138e+01 9.950000e+01 -1.972308e+01
    endloop
  endfacet
  facet normal -8.841154e-01 7.810817e-16 4.672686e-01
    outer loop
      vertex   3.416138e+01 1.045000e+02 -1.972308e+01
      vertex   3.416138e+01 9.950000e+01 -1.972308e+01
      vertex   3.553977e+01 1.045000e+02 -1.711505e+01
    endloop
  endfacet
  facet normal -8.841154e-01 0.000000e+00 4.672686e-01
    outer loop
      vertex   3.553977e+01 1.045000e+02 -1.711505e+01
      vertex   3.416138e+01 9.950000e+01 -1.972308e+01
      vertex   3.553977e+01 9.950000e+01 -1.711505e+01
    endloop
  endfacet
  facet normal -9.165623e-01 0.000000e+00 3.998920e-01
    outer loop
      vertex   3.553977e+01 1.045000e+02 -1.711505e+01
      vertex   3.553977e+01 9.950000e+01 -1.711505e+01
      vertex   3.671940e+01 1.045000e+02 -1.441130e+01
    endloop
  endfacet
  facet normal -9.165623e-01 -1.181886e-16 3.998920e-01
    outer loop
      vertex   3.671940e+01 1.045000e+02 -1.441130e+01
      vertex   3.553977e+01 9.950000e+01 -1.711505e+01
      vertex   3.671940e+01 9.950000e+01 -1.441130e+01
    endloop
  endfacet
  facet normal -9.438833e-01 1.679519e-16 3.302791e-01
    outer loop
      vertex   3.671940e+01 1.045000e+02 -1.441130e+01
      vertex   3.671940e+01 9.950000e+01 -1.441130e+01
      vertex   3.769368e+01 1.045000e+02 -1.162696e+01
    endloop
  endfacet
  facet normal -9.438833e-01 4.026293e-16 3.302791e-01
    outer loop
      vertex   3.769368e+01 1.045000e+02 -1.162696e+01
      vertex   3.671940e+01 9.950000e+01 -1.441130e+01
      vertex   3.769368e+01 9.950000e+01 -1.162696e+01
    endloop
  endfacet
  facet normal -9.659258e-01 6.370552e-16 2.588190e-01
    outer loop
      vertex   3.769368e+01 1.045000e+02 -1.162696e+01
      vertex   3.769368e+01 9.950000e+01 -1.162696e+01
      vertex   3.845717e+01 1.045000e+02 -8.777598e+00
    endloop
  endfacet
  facet normal -9.659258e-01 0.000000e+00 2.588190e-01
    outer loop
      vertex   3.845717e+01 1.045000e+02 -8.777598e+00
      vertex   3.769368e+01 9.950000e+01 -1.162696e+01
      vertex   3.845717e+01 9.950000e+01 -8.777598e+00
    endloop
  endfacet
  facet normal -9.825665e-01 0.000000e+00 1.859116e-01
    outer loop
      vertex   3.845717e+01 1.045000e+02 -8.777598e+00
      vertex   3.845717e+01 9.950000e+01 -8.777598e+00
      vertex   3.900559e+01 1.045000e+02 -5.879146e+00
    endloop
  endfacet
  facet normal -9.825665e-01 -6.604907e-16 1.859116e-01
    outer loop
      vertex   3.900559e+01 1.045000e+02 -5.879146e+00
      vertex   3.845717e+01 9.950000e+01 -8.777598e+00
      vertex   3.900559e+01 9.950000e+01 -5.879146e+00
    endloop
  endfacet
  facet normal -9.937122e-01 -3.977777e-16 1.119645e-01
    outer loop
      vertex   3.900559e+01 1.045000e+02 -5.879146e+00
      vertex   3.900559e+01 9.950000e+01 -5.879146e+00
      vertex   3.933587e+01 1.045000e+02 -2.947816e+00
    endloop
  endfacet
  facet normal -9.937122e-01 -3.977777e-16 1.119645e-01
    outer loop
      vertex   3.933587e+01 1.045000e+02 -2.947816e+00
      vertex   3.900559e+01 9.950000e+01 -5.879146e+00
      vertex   3.933587e+01 9.950000e+01 -2.947816e+00
    endloop
  endfacet
  facet normal -0.000000e+00 1.000000e+00 0.000000e+00
    outer loop
      vertex   3.933587e+01 1.045000e+02 2.947816e+00
      vertex   3.950000e+01 1.045000e+02 3.950000e+01
      vertex   3.944617e+01 1.045000e+02 -4.830762e-15
    endloop
  endfacet
  facet normal -0.000000e+00 1.000000e+00 0.000000e+00
    outer loop
      vertex   3.944617e+01 1.045000e+02 -4.830762e-15
      vertex   3.950000e+01 1.045000e+02 3.950000e+01
      vertex   3.950000e+01 1.045000e+02 -3.950000e+01
    endloop
  endfacet
  facet normal 0.000000e+00 1.000000e+00 0.000000e+00
    outer loop
      vertex   3.944617e+01 1.045000e+02 -4.830762e-15
      vertex   3.950000e+01 1.045000e+02 -3.950000e+01
      vertex   3.933587e+01 1.045000e+02 -2.947816e+00
    endloop
  endfacet
  facet normal 0.000000e+00 1.000000e+00 0.000000e+00
    outer loop
      vertex   3.933587e+01 1.045000e+02 -2.947816e+00
      vertex   3.950000e+01 1.045000e+02 -3.950000e+01
      vertex   3.900559e+01 1.045000e+02 -5.879146e+00
    endloop
  endfacet
  facet normal 0.000000e+00 1.000000e+00 0.000000e+00
    outer loop
      vertex   3.900559e+01 1.045000e+02 -5.879146e+00
      vertex   3.950000e+01 1.045000e+02 -3.950000e+01
      vertex   3.845717e+01 1.045000e+02 -8.777598e+00
    endloop
  endfacet
  facet normal 0.000000e+00 1.000000e+00 0.000000e+00
    outer loop
      vertex   3.845717e+01 1.045000e+02 -8.777598e+00
      vertex   3.950000e+01 1.045000e+02 -3.950000e+01
      vertex   3.769368e+01 1.045000e+02 -1.162696e+01
    endloop
  endfacet
  facet normal 0.000000e+00 1.000000e+00 0.000000e+00
    outer loop
      vertex   3.769368e+01 1.045000e+02 -1.162696e+01
      vertex   3.950000e+01 1.045000e+02 -3.950000e+01
      vertex   3.671940e+01 1.045000e+02 -1.441130e+01
    endloop
  endfacet
  facet normal 0.000000e+00 1.000000e+00 0.000000e+00
    outer loop
      vertex   3.671940e+01 1.045000e+02 -1.441130e+01
      vertex   3.950000e+01 1.045000e+02 -3.950000e+01
      vertex   3.553977e+01 1.045000e+02 -1.711505e+01
    endloop
  endfacet
  facet normal 0.000000e+00 1.000000e+00 0.000000e+00
    outer loop
      vertex   3.553977e+01 1.045000e+02 -1.711505e+01
      vertex   3.950000e+01 1.045000e+02 -3.950000e+01
      vertex   3.416138e+01 1.045000e+02 -1.972308e+01
    endloop
  endfacet
  facet normal 0.000000e+00 1.000000e+00 0.000000e+00
    outer loop
      vertex   3.416138e+01 1.045000e+02 -1.972308e+01
      vertex   3.950000e+01 1.045000e+02 -3.950000e+01
      vertex   3.259195e+01 1.045000e+02 -2.222082e+01
    endloop
  endfacet
  facet normal 0.000000e+00 1.000000e+00 0.000000e+00
    outer loop
      vertex   3.259195e+01 1.045000e+02 -2.222082e+01
      vertex   3.950000e+01 1.045000e+02 -3.950000e+01
      vertex   3.084025e+01 1.045000e+02 -2.459428e+01
    endloop
  endfacet
  facet normal 0.000000e+00 1.000000e+00 0.000000e+00
    outer loop
      vertex   3.084025e+01 1.045000e+02 -2.459428e+01
      vertex   3.950000e+01 1.045000e+02 -3.950000e+01
      vertex   2.891609e+01 1.045000e+02 -2.683021e+01
    endloop
  endfacet
  facet normal 0.000000e+00 1.000000e+00 0.000000e+00
    outer loop
      vertex   2.891609e+01 1.045000e+02 -2.683021e+01
      vertex   3.950000e+01 1.045000e+02 -3.950000e+01
      vertex   2.683021e+01 1.045000e+02 -2.891609e+01
    endloop
  endfacet
  facet normal 0.000000e+00 1.000000e+00 0.000000e+00
    outer loop
      vertex   2.683021e+01 1.045000e+02 -2.891609e+01
      vertex   3.950000e+01 1.045000e+02 -3.950000e+01
      vertex   2.459428e+01 1.045000e+02 -3.084025e+01
    endloop
  endfacet
  facet normal 0.000000e+00 1.000000e+00 0.000000e+00
    outer loop
      vertex   2.459428e+01 1.045000e+02 -3.084025e+01
      vertex   3.950000e+01 1.045000e+02 -3.950000e+01
      vertex   2.222082e+01 1.045000e+02 -3.259195e+01
    endloop
  endfacet
  facet normal 0.000000e+00 1.000000e+00 0.000000e+00
    outer loop
      vertex   2.222082e+01 1.045000e+02 -3.259195e+01
      vertex   3.950000e+01 1.045000e+02 -3.950000e+01
      vertex   1.972308e+01 1.045000e+02 -3.416138e+01
    endloop
  endfacet
  facet normal 0.000000e+00 1.000000e+00 0.000000e+00
    outer loop
      vertex   1.972308e+01 1.045000e+02 -3.416138e+01
      vertex   3.950000e+01 1.045000e+02 -3.950000e+01
      vertex   1.711505e+01 1.045000e+02 -3.553977e+01
    endloop
  endfacet
  facet normal 0.000000e+00 1.000000e+00 0.000000e+00
    outer loop
      vertex   1.711505e+01 1.045000e+02 -3.553977e+01
      vertex   3.950000e+01 1.045000e+02 -3.950000e+01
      vertex   1.441130e+01 1.045000e+02 -3.671940e+01
    endloop
  endfacet
  facet normal 0.000000e+00 1.000000e+00 0.000000e+00
    outer loop
      vertex   1.441130e+01 1.045000e+02 -3.671940e+01
      vertex   3.950000e+01 1.045000e+02 -3.950000e+01
      vertex   1.162696e+01 1.045000e+02 -3.769368e+01
    endloop
  endfacet
  facet normal 0.000000e+00 1.000000e+00 0.000000e+00
    outer loop
      vertex   1.162696e+01 1.045000e+02 -3.769368e+01
      vertex   3.950000e+01 1.045000e+02 -3.950000e+01
      vertex   8.777598e+00 1.045000e+02 -3.845717e+01
    endloop
  endfacet
  facet normal 0.000000e+00 1.000000e+00 0.000000e+00
    outer loop
      vertex   8.777598e+00 1.045000e+02 -3.845717e+01
      vertex   3.950000e+01 1.045000e+02 -3.950000e+01
      vertex   5.879146e+00 1.045000e+02 -3.900559e+01
    endloop
  endfacet
  facet normal 0.000000e+00 1.000000e+00 0.000000e+00
    outer loop
      vertex   5.879146e+00 1.045000e+02 -3.900559e+01
      vertex   3.950000e+01 1.045000e+02 -3.950000e+01
      vertex   2.947816e+00 1.045000e+02 -3.933587e+01
    endloop
  endfacet
  facet normal 0.000000e+00 1.000000e+00 0.000000e+00
    outer loop
      vertex   2.947816e+00 1.045000e+02 -3.933587e+01
      vertex   3.950000e+01 1.045000e+02 -3.950000e+01
      vertex   -2.415381e-15 1.045000e+02 -3.944617e+01
    endloop
  endfacet
  facet normal 0.000000e+00 1.000000e+00 0.000000e+00
    outer loop
      vertex   -2.415381e-15 1.045000e+02 -3.944617e+01
      vertex   3.950000e+01 1.045000e+02 -3.950000e+01
      vertex   -3.950000e+01 1.045000e+02 -3.950000e+01
    endloop
  endfacet
  facet normal 0.000000e+00 1.000000e+00 0.000000e+00
    outer loop
      vertex   -2.415381e-15 1.045000e+02 -3.944617e+01
      vertex   -3.950000e+01 1.045000e+02 -3.950000e+01
      vertex   -2.947816e+00 1.045000e+02 -3.933587e+01
    endloop
  endfacet
  facet normal 0.000000e+00 1.000000e+00 0.000000e+00
    outer loop
      vertex   -2.947816e+00 1.045000e+02 -3.933587e+01
      vertex   -3.950000e+01 1.045000e+02 -3.950000e+01
      vertex   -5.879146e+00 1.045000e+02 -3.900559e+01
    endloop
  endfacet
  facet normal 0.000000e+00 1.000000e+00 0.000000e+00
    outer loop
      vertex   -5.879146e+00 1.045000e+02 -3.900559e+01
      vertex   -3.950000e+01 1.045000e+02 -3.950000e+01
      vertex   -8.777598e+00 1.045000e+02 -3.845717e+01
    endloop
  endfacet
  facet normal 0.000000e+00 1.000000e+00 0.000000e+00
    outer loop
      vertex   -8.777598e+00 1.045000e+02 -3.845717e+01
      vertex   -3.950000e+01 1.045000e+02 -3.950000e+01
      vertex   -1.162696e+01 1.045000e+02 -3.769368e+01
    endloop
  endfacet
  facet normal 0.000000e+00 1.000000e+00 0.000000e+00
    outer loop
      vertex   -1.162696e+01 1.045000e+02 -3.769368e+01
      vertex   -3.950000e+01 1.045000e+02 -3.950000e+01
      vertex   -1.441130e+01 1.045000e+02 -3.671940e+01
    endloop
  endfacet
  facet normal 0.000000e+00 1.000000e+00 0.000000e+00
    outer loop
      vertex   -1.441130e+01 1.045000e+02 -3.671940e+01
      vertex   -3.950000e+01 1.045000e+02 -3.950000e+01
      vertex   -1.711505e+01 1.045000e+02 -3.553977e+01
    endloop
  endfacet
  facet normal 0.000000e+00 1.000000e+00 0.000000e+00
    outer loop
      vertex   -1.711505e+01 1.045000e+02 -3.553977e+01
      vertex   -3.950000e+01 1.045000e+02 -3.950000e+01
      vertex   -1.972308e+01 1.045000e+02 -3.416138e+01
    endloop
  endfacet
  facet normal 0.000000e+00 1.000000e+00 0.000000e+00
    outer loop
      vertex   -1.972308e+01 1.045000e+02 -3.416138e+01
      vertex   -3.950000e+01 1.045000e+02 -3.950000e+01
      vertex   -2.222082e+01 1.045000e+02 -3.259195e+01
    endloop
  endfacet
  facet normal 0.000000e+00 1.000000e+00 0.000000e+00
    outer loop
      vertex   -2.222082e+01 1.045000e+02 -3.259195e+01
      vertex   -3.950000e+01 1.045000e+02 -3.950000e+01
      vertex   -2.459428e+01 1.045000e+02 -3.084025e+01
    endloop
  endfacet
  facet normal 0.000000e+00 1.000000e+00 0.000000e+00
    outer loop
      vertex   -2.459428e+01 1.045000e+02 -3.084025e+01
      vertex   -3.950000e+01 1.045000e+02 -3.950000e+01
      vertex   -2.683021e+01 1.045000e+02 -2.891609e+01
    endloop
  endfacet
  facet normal 0.000000e+00 1.000000e+00 0.000000e+00
    outer loop
      vertex   -2.683021e+01 1.045000e+02 -2.891609e+01
      vertex   -3.950000e+01 1.045000e+02 -3.950000e+01
      vertex   -2.891609e+01 1.045000e+02 -2.683021e+01
    endloop
  endfacet
  facet normal 0.000000e+00 1.000000e+00 0.000000e+00
    outer loop
      vertex   -2.891609e+01 1.045000e+02 -2.683021e+01
      vertex   -3.950000e+01 1.045000e+02 -3.950000e+01
      vertex   -3.084025e+01 1.045000e+02 -2.459428e+01
    endloop
  endfacet
  facet normal 0.000000e+00 1.000000e+00 0.000000e+00
    outer loop
      vertex   -3.084025e+01 1.045000e+02 -2.459428e+01
      vertex   -3.950000e+01 1.045000e+02 -3.950000e+01
      vertex   -3.259195e+01 1.045000e+02 -2.222082e+01
    endloop
  endfacet
  facet normal 0.000000e+00 1.000000e+00 0.000000e+00
    outer loop
      vertex   -3.259195e+01 1.045000e+02 -2.222082e+01
      vertex   -3.950000e+01 1.045000e+02 -3.950000e+01
      vertex   -3.416138e+01 1.045000e+02 -1.972308e+01
    endloop
  endfacet
  facet normal 0.000000e+00 1.000000e+00 0.000000e+00
    outer loop
      vertex   -3.416138e+01 1.045000e+02 -1.972308e+01
      vertex   -3.950000e+01 1.045000e+02 -3.950000e+01
      vertex   -3.553977e+01 1.045000e+02 -1.711505e+01
    endloop
  endfacet
  facet normal 0.000000e+00 1.000000e+00 0.000000e+00
    outer loop
      vertex   -3.553977e+01 1.045000e+02 -1.711505e+01
      vertex   -3.950000e+01 1.045000e+02 -3.950000e+01
      vertex   -3.671940e+01 1.045000e+02 -1.441130e+01
    endloop
  endfacet
  facet normal 0.000000e+00 1.000000e+00 0.000000e+00
    outer loop
      vertex   -3.671940e+01 1.045000e+02 -1.441130e+01
      vertex   -3.950000e+01 1.045000e+02 -3.950000e+01
      vertex   -3.769368e+01 1.045000e+02 -1.162696e+01
    endloop
  endfacet
  facet normal 0.000000e+00 1.000000e+00 0.000000e+00
    outer loop
      vertex   -3.769368e+01 1.045000e+02 -1.162696e+01
      vertex   -3.950000e+01 1.045000e+02 -3.950000e+01
      vertex   -3.845717e+01 1.045000e+02 -8.777598e+00
    endloop
  endfacet
  facet normal 0.000000e+00 1.000000e+00 0.000000e+00
    outer loop
      vertex   -3.845717e+01 1.045000e+02 -8.777598e+00
      vertex   -3.950000e+01 1.045000e+02 -3.950000e+01
      vertex   -3.900559e+01 1.045000e+02 -5.879146e+00
    endloop
  endfacet
  facet normal 0.000000e+00 1.000000e+00 0.000000e+00
    outer loop
      vertex   -3.900559e+01 1.045000e+02 -5.879146e+00
      vertex   -3.950000e+01 1.045000e+02 -3.950000e+01
      vertex   -3.933587e+01 1.045000e+02 -2.947816e+00
    endloop
  endfacet
  facet normal 0.000000e+00 1.000000e+00 0.000000e+00
    outer loop
      vertex   -3.933587e+01 1.045000e+02 -2.947816e+00
      vertex   -3.950000e+01 1.045000e+02 -3.950000e+01
      vertex   -3.944617e+01 1.045000e+02 0.000000e+00
    endloop
  endfacet
  facet normal 0.000000e+00 1.000000e+00 0.000000e+00
    outer loop
      vertex   -3.944617e+01 1.045000e+02 0.000000e+00
      vertex   -3.950000e+01 1.045000e+02 -3.950000e+01
      vertex   -3.950000e+01 1.045000e+02 3.950000e+01
    endloop
  endfacet
  facet normal 0.000000e+00 1.000000e+00 -0.000000e+00
    outer loop
      vertex   -3.944617e+01 1.045000e+02 0.000000e+00
      vertex   -3.950000e+01 1.045000e+02 3.950000e+01
      vertex   -3.933587e+01 1.045000e+02 2.947816e+00
    endloop
  endfacet
  facet normal 0.000000e+00 1.000000e+00 -0.000000e+00
    outer loop
      vertex   -3.933587e+01 1.045000e+02 2.947816e+00
      vertex   -3.950000e+01 1.045000e+02 3.950000e+01
      vertex   -3.900559e+01 1.045000e+02 5.879146e+00
    endloop
  endfacet
  facet normal 0.000000e+00 1.000000e+00 -0.000000e+00
    outer loop
      vertex   -3.900559e+01 1.045000e+02 5.879146e+00
      vertex   -3.950000e+01 1.045000e+02 3.950000e+01
      vertex   -3.845717e+01 1.045000e+02 8.777598e+00
    endloop
  endfacet
  facet normal 0.000000e+00 1.000000e+00 -0.000000e+00
    outer loop
      vertex   -3.845717e+01 1.045000e+02 8.777598e+00
      vertex   -3.950000e+01 1.045000e+02 3.950000e+01
      vertex   -3.769368e+01 1.045000e+02 1.162696e+01
    endloop
  endfacet
  facet normal 0.000000e+00 1.000000e+00 -0.000000e+00
    outer loop
      vertex   -3.769368e+01 1.045000e+02 1.162696e+01
      vertex   -3.950000e+01 1.045000e+02 3.950000e+01
      vertex   -3.671940e+01 1.045000e+02 1.441130e+01
    endloop
  endfacet
  facet normal 0.000000e+00 1.000000e+00 -0.000000e+00
    outer loop
      vertex   -3.671940e+01 1.045000e+02 1.441130e+01
      vertex   -3.950000e+01 1.045000e+02 3.950000e+01
      vertex   -3.553977e+01 1.045000e+02 1.711505e+01
    endloop
  endfacet
  facet normal 0.000000e+00 1.000000e+00 -0.000000e+00
    outer loop
      vertex   -3.553977e+01 1.045000e+02 1.711505e+01
      vertex   -3.950000e+01 1.045000e+02 3.950000e+01
      vertex   -3.416138e+01 1.045000e+02 1.972308e+01
    endloop
  endfacet
  facet normal 0.000000e+00 1.000000e+00 -0.000000e+00
    outer loop
      vertex   -3.416138e+01 1.045000e+02 1.972308e+01
      vertex   -3.950000e+01 1.045000e+02 3.950000e+01
      vertex   -3.259195e+01 1.045000e+02 2.222082e+01
    endloop
  endfacet
  facet normal 0.000000e+00 1.000000e+00 -0.000000e+00
    outer loop
      vertex   -3.259195e+01 1.045000e+02 2.222082e+01
      vertex   -3.950000e+01 1.045000e+02 3.950000e+01
      vertex   -3.084025e+01 1.045000e+02 2.459428e+01
    endloop
  endfacet
  facet normal 0.000000e+00 1.000000e+00 -0.000000e+00
    outer loop
      vertex   -3.084025e+01 1.045000e+02 2.459428e+01
      vertex   -3.950000e+01 1.045000e+02 3.950000e+01
      vertex   -2.891609e+01 1.045000e+02 2.683021e+01
    endloop
  endfacet
  facet normal 0.000000e+00 1.000000e+00 -0.000000e+00
    outer loop
      vertex   -2.891609e+01 1.045000e+02 2.683021e+01
      vertex   -3.950000e+01 1.045000e+02 3.950000e+01
      vertex   -2.683021e+01 1.045000e+02 2.891609e+01
    endloop
  endfacet
  facet normal 0.000000e+00 1.000000e+00 -0.000000e+00
    outer loop
      vertex   -2.683021e+01 1.045000e+02 2.891609e+01
      vertex   -3.950000e+01 1.045000e+02 3.950000e+01
      vertex   -2.459428e+01 1.045000e+02 3.084025e+01
    endloop
  endfacet
  facet normal 0.000000e+00 1.000000e+00 -0.000000e+00
    outer loop
      vertex   -2.459428e+01 1.045000e+02 3.084025e+01
      vertex   -3.950000e+01 1.045000e+02 3.950000e+01
      vertex   -2.222082e+01 1.045000e+02 3.259195e+01
    endloop
  endfacet
  facet normal 0.000000e+00 1.000000e+00 -0.000000e+00
    outer loop
      vertex   -2.222082e+01 1.045000e+02 3.259195e+01
      vertex   -3.950000e+01 1.045000e+02 3.950000e+01
      vertex   -1.972308e+01 1.045000e+02 3.416138e+01
    endloop
  endfacet
  facet normal 0.000000e+00 1.000000e+00 -0.000000e+00
    outer loop
      vertex   -1.972308e+01 1.045000e+02 3.416138e+01
      vertex   -3.950000e+01 1.045000e+02 3.950000e+01
      vertex   -1.711505e+01 1.045000e+02 3.553977e+01
    endloop
  endfacet
  facet normal 0.000000e+00 1.000000e+00 -0.000000e+00
    outer loop
      vertex   -1.711505e+01 1.045000e+02 3.553977e+01
      vertex   -3.950000e+01 1.045000e+02 3.950000e+01
      vertex   -1.441130e+01 1.045000e+02 3.671940e+01
    endloop
  endfacet
  facet normal 0.000000e+00 1.000000e+00 -0.000000e+00
    outer loop
      vertex   -1.441130e+01 1.045000e+02 3.671940e+01
      vertex   -3.950000e+01 1.045000e+02 3.950000e+01
      vertex   -1.162696e+01 1.045000e+02 3.769368e+01
    endloop
  endfacet
  facet normal 0.000000e+00 1.000000e+00 -0.000000e+00
    outer loop
      vertex   -1.162696e+01 1.045000e+02 3.769368e+01
      vertex   -3.950000e+01 1.045000e+02 3.950000e+01
      vertex   -8.777598e+00 1.045000e+02 3.845717e+01
    endloop
  endfacet
  facet normal 0.000000e+00 1.000000e+00 -0.000000e+00
    outer loop
      vertex   -8.777598e+00 1.045000e+02 3.845717e+01
      vertex   -3.950000e+01 1.045000e+02 3.950000e+01
      vertex   -5.879146e+00 1.045000e+02 3.900559e+01
    endloop
  endfacet
  facet normal 0.000000e+00 1.000000e+00 -0.000000e+00
    outer loop
      vertex   -5.879146e+00 1.045000e+02 3.900559e+01
      vertex   -3.950000e+01 1.045000e+02 3.950000e+01
      vertex   -2.947816e+00 1.045000e+02 3.933587e+01
    endloop
  endfacet
  facet normal 0.000000e+00 1.000000e+00 -0.000000e+00
    outer loop
      vertex   -2.947816e+00 1.045000e+02 3.933587e+01
      vertex   -3.950000e+01 1.045000e+02 3.950000e+01
      vertex   -2.415381e-15 1.045000e+02 3.944617e+01
    endloop
  endfacet
  facet normal 0.000000e+00 1.000000e+00 -0.000000e+00
    outer loop
      vertex   -2.415381e-15 1.045000e+02 3.944617e+01
      vertex   -3.950000e+01 1.045000e+02 3.950000e+01
      vertex   3.950000e+01 1.045000e+02 3.950000e+01
    endloop
  endfacet
  facet normal -0.000000e+00 1.000000e+00 0.000000e+00
    outer loop
      vertex   -2.415381e-15 1.045000e+02 3.944617e+01
      vertex   3.950000e+01 1.045000e+02 3.950000e+01
      vertex   2.947816e+00 1.045000e+02 3.933587e+01
    endloop
  endfacet
  facet normal -0.000000e+00 1.000000e+00 0.000000e+00
    outer loop
      vertex   2.947816e+00 1.045000e+02 3.933587e+01
      vertex   3.950000e+01 1.045000e+02 3.950000e+01
      vertex   5.879146e+00 1.045000e+02 3.900559e+01
    endloop
  endfacet
  facet normal -0.000000e+00 1.000000e+00 0.000000e+00
    outer loop
      vertex   5.879146e+00 1.045000e+02 3.900559e+01
      vertex   3.950000e+01 1.045000e+02 3.950000e+01
      vertex   8.777598e+00 1.045000e+02 3.845717e+01
    endloop
  endfacet
  facet normal -0.000000e+00 1.000000e+00 0.000000e+00
    outer loop
      vertex   8.777598e+00 1.045000e+02 3.845717e+01
      vertex   3.950000e+01 1.045000e+02 3.950000e+01
      vertex   1.162696e+01 1.045000e+02 3.769368e+01
    endloop
  endfacet
  facet normal -0.000000e+00 1.000000e+00 0.000000e+00
    outer loop
      vertex   1.162696e+01 1.045000e+02 3.769368e+01
      vertex   3.950000e+01 1.045000e+02 3.950000e+01
      vertex   1.441130e+01 1.045000e+02 3.671940e+01
    endloop
  endfacet
  facet normal -0.000000e+00 1.000000e+00 0.000000e+00
    outer loop
      vertex   1.441130e+01 1.045000e+02 3.671940e+01
      vertex   3.950000e+01 1.045000e+02 3.950000e+01
      vertex   1.711505e+01 1.045000e+02 3.553977e+01
    endloop
  endfacet
  facet normal -0.000000e+00 1.000000e+00 0.000000e+00
    outer loop
      vertex   1.711505e+01 1.045000e+02 3.553977e+01
      vertex   3.950000e+01 1.045000e+02 3.950000e+01
      vertex   1.972308e+01 1.045000e+02 3.416138e+01
    endloop
  endfacet
  facet normal -0.000000e+00 1.000000e+00 0.000000e+00
    outer loop
      vertex   1.972308e+01 1.045000e+02 3.416138e+01
      vertex   3.950000e+01 1.045000e+02 3.950000e+01
      vertex   2.222082e+01 1.045000e+02 3.259195e+01
    endloop
  endfacet
  facet normal -0.000000e+00 1.000000e+00 0.000000e+00
    outer loop
      vertex   2.222082e+01 1.045000e+02 3.259195e+01
      vertex   3.950000e+01 1.045000e+02 3.950000e+01
      vertex   2.459428e+01 1.045000e+02 3.084025e+01
    endloop
  endfacet
  facet normal -0.000000e+00 1.000000e+00 0.000000e+00
    outer loop
      vertex   2.459428e+01 1.045000e+02 3.084025e+01
      vertex   3.950000e+01 1.045000e+02 3.950000e+01
      vertex   2.683021e+01 1.045000e+02 2.891609e+01
    endloop
  endfacet
  facet normal -0.000000e+00 1.000000e+00 0.000000e+00
    outer loop
      vertex   2.683021e+01 1.045000e+02 2.891609e+01
      vertex   3.950000e+01 1.045000e+02 3.950000e+01
      vertex   2.891609e+01 1.045000e+02 2.683021e+01
    endloop
  endfacet
  facet normal -0.000000e+00 1.000000e+00 0.000000e+00
    outer loop
      vertex   2.891609e+01 1.045000e+02 2.683021e+01
      vertex   3.950000e+01 1.045000e+02 3.950000e+01
      vertex   3.084025e+01 1.045000e+02 2.459428e+01
    endloop
  endfacet
  facet normal -0.000000e+00 1.000000e+00 0.000000e+00
    outer loop
      vertex   3.084025e+01 1.045000e+02 2.459428e+01
      vertex   3.950000e+01 1.045000e+02 3.950000e+01
      vertex   3.259195e+01 1.045000e+02 2.222082e+01
    endloop
  endfacet
  facet normal -0.000000e+00 1.000000e+00 0.000000e+00
    outer loop
      vertex   3.259195e+01 1.045000e+02 2.222082e+01
      vertex   3.950000e+01 1.045000e+02 3.950000e+01
      vertex   3.416138e+01 1.045000e+02 1.972308e+01
    endloop
  endfacet
  facet normal -0.000000e+00 1.000000e+00 0.000000e+00
    outer loop
      vertex   3.416138e+01 1.045000e+02 1.972308e+01
      vertex   3.950000e+01 1.045000e+02 3.950000e+01
      vertex   3.553977e+01 1.045000e+02 1.711505e+01
    endloop
  endfacet
  facet normal -0.000000e+00 1.000000e+00 0.000000e+00
    outer loop
      vertex   3.553977e+01 1.045000e+02 1.711505e+01
      vertex   3.950000e+01 1.045000e+02 3.950000e+01
      vertex   3.671940e+01 1.045000e+02 1.441130e+01
    endloop
  endfacet
  facet normal -0.000000e+00 1.000000e+00 0.000000e+00
    outer loop
      vertex   3.671940e+01 1.045000e+02 1.441130e+01
      vertex   3.950000e+01 1.045000e+02 3.950000e+01
      vertex   3.769368e+01 1.045000e+02 1.162696e+01
    endloop
  endfacet
  facet normal -0.000000e+00 1.000000e+00 0.000000e+00
    outer loop
      vertex   3.769368e+01 1.045000e+02 1.162696e+01
      vertex   3.950000e+01 1.045000e+02 3.950000e+01
      vertex   3.845717e+01 1.045000e+02 8.777598e+00
    endloop
  endfacet
  facet normal -0.000000e+00 1.000000e+00 0.000000e+00
    outer loop
      vertex   3.845717e+01 1.045000e+02 8.777598e+00
      vertex   3.950000e+01 1.045000e+02 3.950000e+01
      vertex   3.900559e+01 1.045000e+02 5.879146e+00
    endloop
  endfacet
  facet normal -0.000000e+00 1.000000e+00 0.000000e+00
    outer loop
      vertex   3.900559e+01 1.045000e+02 5.879146e+00
      vertex   3.950000e+01 1.045000e+02 3.950000e+01
      vertex   3.933587e+01 1.045000e+02 2.947816e+00
    endloop
  endfacet
  facet normal 0.000000e+00 8.881784e-17 -1.000000e+00
    outer loop
      vertex   3.950000e+01 1.045000e+02 3.950000e+01
      vertex   -3.950000e+01 1.045000e+02 3.950000e+01
      vertex   3.950000e+01 1.845000e+02 3.950000e+01
    endloop
  endfacet
  facet normal 8.994212e-17 0.000000e+00 -1.000000e+00
    outer loop
      vertex   3.950000e+01 1.845000e+02 3.950000e+01
      vertex   -3.950000e+01 1.045000e+02 3.950000e+01
      vertex   -3.950000e+01 1.845000e+02 3.950000e+01
    endloop
  endfacet
  facet normal -1.000000e+00 1.599630e-16 -2.093943e-14
    outer loop
      vertex   -9.997892e+00 1.273907e+02 4.500000e+01
      vertex   -9.997892e+00 1.799147e+02 4.624958e+01
      vertex   -9.997892e+00 1.829147e+02 4.500000e+01
    endloop
  endfacet
  facet normal -1.000000e+00 4.027715e-15 -1.165370e-14
    outer loop
      vertex   -9.997892e+00 1.829147e+02 4.500000e+01
      vertex   -9.997892e+00 1.799147e+02 4.624958e+01
      vertex   -9.997892e+00 1.799147e+02 5.006029e+01
    endloop
  endfacet
  facet normal -1.000000e+00 3.495079e-15 -1.196948e-14
    outer loop
      vertex   -9.997892e+00 1.829147e+02 4.500000e+01
      vertex   -9.997892e+00 1.799147e+02 5.006029e+01
      vertex   -9.997892e+00 1.829147e+02 5.316240e+01
    endloop
  endfacet
  facet normal -1.000000e+00 -4.284781e-14 3.284800e-14
    outer loop
      vertex   -9.997892e+00 1.829147e+02 5.316240e+01
      vertex   -9.997892e+00 1.799147e+02 5.006029e+01
      vertex   -9.997892e+00 1.798869e+02 5.029442e+01
    endloop
  endfacet
  facet normal -1.000000e+00 2.580588e-15 -1.511194e-14
    outer loop
      vertex   -9.997892e+00 1.829147e+02 5.316240e+01
      vertex   -9.997892e+00 1.798869e+02 5.029442e+01
      vertex   -9.997892e+00 1.798051e+02 5.051554e+01
    endloop
  endfacet
  facet normal -1.000000e+00 0.000000e+00 -1.421565e-14
    outer loop
      vertex   -9.997892e+00 1.273907e+02 4.500000e+01
      vertex   -9.997892e+00 1.273907e+02 4.624958e+01
      vertex   -9.997892e+00 1.799147e+02 4.624958e+01
    endloop
  endfacet
  facet normal -1.000000e+00 -1.630005e-15 -1.016516e-14
    outer loop
      vertex   -9.997892e+00 1.798051e+02 5.051554e+01
      vertex   -9.997892e+00 1.796737e+02 5.071135e+01
      vertex   -9.997892e+00 1.829147e+02 5.316240e+01
    endloop
  endfacet
  facet normal -1.000000e+00 -4.945466e-16 -1.166656e-14
    outer loop
      vertex   -9.997892e+00 1.829147e+02 5.316240e+01
      vertex   -9.997892e+00 1.796737e+02 5.071135e+01
      vertex   -9.997892e+00 1.795002e+02 5.087097e+01
    endloop
  endfacet
  facet normal -1.000000e+00 -3.771021e-15 -6.784215e-15
    outer loop
      vertex   -9.997892e+00 1.829147e+02 5.316240e+01
      vertex   -9.997892e+00 1.795002e+02 5.087097e+01
      vertex   -9.997892e+00 1.792941e+02 5.098552e+01
    endloop
  endfacet
  facet normal -1.000000e+00 -2.480992e-15 -8.929792e-15
    outer loop
      vertex   -9.997892e+00 1.792941e+02 5.098552e+01
      vertex   -9.997892e+00 1.790669e+02 5.104864e+01
      vertex   -9.997892e+00 1.829147e+02 5.316240e+01
    endloop
  endfacet
  facet normal -1.000000e+00 6.652184e-15 -2.555524e-14
    outer loop
      vertex   -9.997892e+00 1.829147e+02 5.316240e+01
      vertex   -9.997892e+00 1.790669e+02 5.104864e+01
      vertex   -9.997892e+00 1.788313e+02 5.105681e+01
    endloop
  endfacet
  facet normal -1.000000e+00 -1.236333e-15 -1.025695e-14
    outer loop
      vertex   -9.997892e+00 1.829147e+02 5.316240e+01
      vertex   -9.997892e+00 1.788313e+02 5.105681e+01
      vertex   -9.997892e+00 1.818313e+02 5.415891e+01
    endloop
  endfacet
  facet normal -1.000000e+00 1.627698e-16 -1.161000e-14
    outer loop
      vertex   -9.997892e+00 1.818313e+02 5.415891e+01
      vertex   -9.997892e+00 1.788313e+02 5.105681e+01
      vertex   -9.997892e+00 1.269263e+02 4.956410e+01
    endloop
  endfacet
  facet normal -1.000000e+00 3.210913e-16 -1.711521e-14
    outer loop
      vertex   -9.997892e+00 1.269263e+02 4.956410e+01
      vertex   -9.997892e+00 1.788313e+02 5.105681e+01
      vertex   -9.997892e+00 1.256503e+02 4.839849e+01
    endloop
  endfacet
  facet normal -1.000000e+00 -8.624990e-15 -7.321847e-15
    outer loop
      vertex   -9.997892e+00 1.269263e+02 4.956410e+01
      vertex   -9.997892e+00 1.256503e+02 4.839849e+01
      vertex   -9.997892e+00 1.257624e+02 4.875163e+01
    endloop
  endfacet
  facet normal -1.000000e+00 -3.071655e-16 -4.546617e-15
    outer loop
      vertex   -9.997892e+00 1.788313e+02 5.105681e+01
      vertex   -9.997892e+00 1.271672e+02 4.673322e+01
      vertex   -9.997892e+00 1.256503e+02 4.839849e+01
    endloop
  endfacet
  facet normal -1.000000e+00 -5.572558e-15 -9.342916e-15
    outer loop
      vertex   -9.997892e+00 1.256503e+02 4.839849e+01
      vertex   -9.997892e+00 1.271672e+02 4.673322e+01
      vertex   -9.997892e+00 1.256333e+02 4.802837e+01
    endloop
  endfacet
  facet normal -1.000000e+00 -7.327613e-15 -1.142151e-14
    outer loop
      vertex   -9.997892e+00 1.256333e+02 4.802837e+01
      vertex   -9.997892e+00 1.271672e+02 4.673322e+01
      vertex   -9.997892e+00 1.257126e+02 4.766644e+01
    endloop
  endfacet
  facet normal -1.000000e+00 -1.036394e-14 -1.615421e-14
    outer loop
      vertex   -9.997892e+00 1.257126e+02 4.766644e+01
      vertex   -9.997892e+00 1.271672e+02 4.673322e+01
      vertex   -9.997892e+00 1.258828e+02 4.733733e+01
    endloop
  endfacet
  facet normal -1.000000e+00 -1.551272e-14 -2.710117e-14
    outer loop
      vertex   -9.997892e+00 1.258828e+02 4.733733e+01
      vertex   -9.997892e+00 1.271672e+02 4.673322e+01
      vertex   -9.997892e+00 1.261323e+02 4.706343e+01
    endloop
  endfacet
  facet normal -1.000000e+00 -2.492951e-14 -5.661477e-14
    outer loop
      vertex   -9.997892e+00 1.261323e+02 4.706343e+01
      vertex   -9.997892e+00 1.271672e+02 4.673322e+01
      vertex   -9.997892e+00 1.264442e+02 4.686335e+01
    endloop
  endfacet
  facet normal -1.000000e+00 -3.381372e-14 -1.059771e-13
    outer loop
      vertex   -9.997892e+00 1.264442e+02 4.686335e+01
      vertex   -9.997892e+00 1.271672e+02 4.673322e+01
      vertex   -9.997892e+00 1.267971e+02 4.675073e+01
    endloop
  endfacet
  facet normal -1.000000e+00 -1.046130e-14 -4.691311e-15
    outer loop
      vertex   -9.997892e+00 1.257624e+02 4.875163e+01
      vertex   -9.997892e+00 1.259621e+02 4.906376e+01
      vertex   -9.997892e+00 1.269263e+02 4.956410e+01
    endloop
  endfacet
  facet normal -1.000000e+00 -2.131449e-14 1.622463e-14
    outer loop
      vertex   -9.997892e+00 1.269263e+02 4.956410e+01
      vertex   -9.997892e+00 1.259621e+02 4.906376e+01
      vertex   -9.997892e+00 1.262356e+02 4.931365e+01
    endloop
  endfacet
  facet normal -1.000000e+00 -2.617046e-14 2.961622e-14
    outer loop
      vertex   -9.997892e+00 1.269263e+02 4.956410e+01
      vertex   -9.997892e+00 1.262356e+02 4.931365e+01
      vertex   -9.997892e+00 1.265645e+02 4.948430e+01
    endloop
  endfacet
  facet normal -1.000000e+00 1.722792e-14 6.200813e-14
    outer loop
      vertex   -9.997892e+00 1.820669e+02 5.415074e+01
      vertex   -9.997892e+00 1.822941e+02 5.408762e+01
      vertex   -9.997892e+00 1.818313e+02 5.415891e+01
    endloop
  endfacet
  facet normal -1.000000e+00 1.061918e-14 1.910433e-14
    outer loop
      vertex   -9.997892e+00 1.818313e+02 5.415891e+01
      vertex   -9.997892e+00 1.822941e+02 5.408762e+01
      vertex   -9.997892e+00 1.825002e+02 5.397307e+01
    endloop
  endfacet
  facet normal -1.000000e+00 -1.250220e-15 -2.361701e-14
    outer loop
      vertex   -9.997892e+00 1.818313e+02 5.415891e+01
      vertex   -9.997892e+00 1.825002e+02 5.397307e+01
      vertex   -9.997892e+00 1.826737e+02 5.381346e+01
    endloop
  endfacet
  facet normal -1.000000e+00 6.503090e-15 -4.709970e-15
    outer loop
      vertex   -9.997892e+00 1.826737e+02 5.381346e+01
      vertex   -9.997892e+00 1.828050e+02 5.361765e+01
      vertex   -9.997892e+00 1.818313e+02 5.415891e+01
    endloop
  endfacet
  facet normal -1.000000e+00 5.861616e-15 -5.864007e-15
    outer loop
      vertex   -9.997892e+00 1.818313e+02 5.415891e+01
      vertex   -9.997892e+00 1.828050e+02 5.361765e+01
      vertex   -9.997892e+00 1.828869e+02 5.339653e+01
    endloop
  endfacet
  facet normal -1.000000e+00 1.703703e-14 9.609526e-15
    outer loop
      vertex   -9.997892e+00 1.818313e+02 5.415891e+01
      vertex   -9.997892e+00 1.828869e+02 5.339653e+01
      vertex   -9.997892e+00 1.829147e+02 5.316240e+01
    endloop
  endfacet
  facet normal -3.242881e-23 -1.000000e+00 3.042329e-09
    outer loop
      vertex   -9.997892e+00 1.799147e+02 5.006029e+01
      vertex   -9.997892e+00 1.799147e+02 4.624958e+01
      vertex   1.000011e+01 1.799147e+02 5.006029e+01
    endloop
  endfacet
  facet normal -3.247649e-23 -1.000000e+00 3.042329e-09
    outer loop
      vertex   1.000011e+01 1.799147e+02 5.006029e+01
      vertex   -9.997892e+00 1.799147e+02 4.624958e+01
      vertex   1.000011e+01 1.799147e+02 4.624958e+01
    endloop
  endfacet
  facet normal -1.065921e-14 0.000000e+00 1.000000e+00
    outer loop
      vertex   -9.997892e+00 1.799147e+02 4.624958e+01
      vertex   -9.997892e+00 1.273907e+02 4.624958e+01
      vertex   1.000011e+01 1.799147e+02 4.624958e+01
    endloop
  endfacet
  facet normal -1.065921e-14 0.000000e+00 1.000000e+00
    outer loop
      vertex   1.000011e+01 1.799147e+02 4.624958e+01
      vertex   -9.997892e+00 1.273907e+02 4.624958e+01
      vertex   1.000011e+01 1.273907e+02 4.624958e+01
    endloop
  endfacet
  facet normal 0.000000e+00 -1.000000e+00 0.000000e+00
    outer loop
      vertex   -9.997892e+00 1.273907e+02 4.624958e+01
      vertex   -9.997892e+00 1.273907e+02 4.500000e+01
      vertex   1.000011e+01 1.273907e+02 4.624958e+01
    endloop
  endfacet
  facet normal 0.000000e+00 -1.000000e+00 -0.000000e+00
    outer loop
      vertex   1.000011e+01 1.273907e+02 4.624958e+01
      vertex   -9.997892e+00 1.273907e+02 4.500000e+01
      vertex   1.000011e+01 1.273907e+02 4.500000e+01
    endloop
  endfacet
  facet normal 1.000000e+00 -0.000000e+00 1.421565e-14
    outer loop
      vertex   1.000011e+01 1.273907e+02 4.624958e+01
      vertex   1.000011e+01 1.273907e+02 4.500000e+01
      vertex   1.000011e+01 1.799147e+02 4.624958e+01
    endloop
  endfacet
  facet normal 1.000000e+00 0.000000e+00 1.421565e-14
    outer loop
      vertex   1.000011e+01 1.799147e+02 4.624958e+01
      vertex   1.000011e+01 1.273907e+02 4.500000e+01
      vertex   1.000011e+01 1.829147e+02 4.500000e+01
    endloop
  endfacet
  facet normal 1.000000e+00 -2.037933e-15 9.322963e-15
    outer loop
      vertex   1.000011e+01 1.799147e+02 4.624958e+01
      vertex   1.000011e+01 1.829147e+02 4.500000e+01
      vertex   1.000011e+01 1.799147e+02 5.006029e+01
    endloop
  endfacet
  facet normal 1.000000e+00 5.906888e-16 1.088134e-14
    outer loop
      vertex   1.000011e+01 1.799147e+02 5.006029e+01
      vertex   1.000011e+01 1.829147e+02 4.500000e+01
      vertex   1.000011e+01 1.829147e+02 5.316240e+01
    endloop
  endfacet
  facet normal 1.000000e+00 1.054760e-14 1.252174e-15
    outer loop
      vertex   1.000011e+01 1.799147e+02 5.006029e+01
      vertex   1.000011e+01 1.829147e+02 5.316240e+01
      vertex   1.000011e+01 1.798869e+02 5.029442e+01
    endloop
  endfacet
  facet normal 1.000000e+00 3.053617e-15 9.163763e-15
    outer loop
      vertex   1.000011e+01 1.798869e+02 5.029442e+01
      vertex   1.000011e+01 1.829147e+02 5.316240e+01
      vertex   1.000011e+01 1.798051e+02 5.051554e+01
    endloop
  endfacet
  facet normal 1.000000e+00 1.993641e-15 1.040907e-14
    outer loop
      vertex   1.000011e+01 1.798051e+02 5.051554e+01
      vertex   1.000011e+01 1.829147e+02 5.316240e+01
      vertex   1.000011e+01 1.796737e+02 5.071135e+01
    endloop
  endfacet
  facet normal 1.000000e+00 -3.823493e-15 1.810096e-14
    outer loop
      vertex   1.000011e+01 1.796737e+02 5.071135e+01
      vertex   1.000011e+01 1.829147e+02 5.316240e+01
      vertex   1.000011e+01 1.795002e+02 5.087097e+01
    endloop
  endfacet
  facet normal 1.000000e+00 3.771021e-15 6.784215e-15
    outer loop
      vertex   1.000011e+01 1.795002e+02 5.087097e+01
      vertex   1.000011e+01 1.829147e+02 5.316240e+01
      vertex   1.000011e+01 1.792941e+02 5.098552e+01
    endloop
  endfacet
  facet normal 1.000000e+00 -2.867111e-15 1.782476e-14
    outer loop
      vertex   1.000011e+01 1.792941e+02 5.098552e+01
      vertex   1.000011e+01 1.829147e+02 5.316240e+01
      vertex   1.000011e+01 1.790669e+02 5.104864e+01
    endloop
  endfacet
  facet normal 1.000000e+00 4.112636e-16 1.185702e-14
    outer loop
      vertex   1.000011e+01 1.790669e+02 5.104864e+01
      vertex   1.000011e+01 1.829147e+02 5.316240e+01
      vertex   1.000011e+01 1.788313e+02 5.105681e+01
    endloop
  endfacet
  facet normal 1.000000e+00 1.236333e-15 1.025695e-14
    outer loop
      vertex   1.000011e+01 1.788313e+02 5.105681e+01
      vertex   1.000011e+01 1.829147e+02 5.316240e+01
      vertex   1.000011e+01 1.818313e+02 5.415891e+01
    endloop
  endfacet
  facet normal 1.000000e+00 -1.627698e-16 1.161000e-14
    outer loop
      vertex   1.000011e+01 1.788313e+02 5.105681e+01
      vertex   1.000011e+01 1.818313e+02 5.415891e+01
      vertex   1.000011e+01 1.269263e+02 4.956410e+01
    endloop
  endfacet
  facet normal 1.000000e+00 -1.703703e-14 -9.609526e-15
    outer loop
      vertex   1.000011e+01 1.829147e+02 5.316240e+01
      vertex   1.000011e+01 1.828869e+02 5.339653e+01
      vertex   1.000011e+01 1.818313e+02 5.415891e+01
    endloop
  endfacet
  facet normal 1.000000e+00 -5.861616e-15 5.864007e-15
    outer loop
      vertex   1.000011e+01 1.818313e+02 5.415891e+01
      vertex   1.000011e+01 1.828869e+02 5.339653e+01
      vertex   1.000011e+01 1.828050e+02 5.361765e+01
    endloop
  endfacet
  facet normal 1.000000e+00 -6.503090e-15 4.709970e-15
    outer loop
      vertex   1.000011e+01 1.818313e+02 5.415891e+01
      vertex   1.000011e+01 1.828050e+02 5.361765e+01
      vertex   1.000011e+01 1.826737e+02 5.381346e+01
    endloop
  endfacet
  facet normal 1.000000e+00 -6.984903e-15 3.535033e-15
    outer loop
      vertex   1.000011e+01 1.826737e+02 5.381346e+01
      vertex   1.000011e+01 1.825002e+02 5.397307e+01
      vertex   1.000011e+01 1.818313e+02 5.415891e+01
    endloop
  endfacet
  facet normal 1.000000e+00 -1.592878e-14 -2.865649e-14
    outer loop
      vertex   1.000011e+01 1.818313e+02 5.415891e+01
      vertex   1.000011e+01 1.825002e+02 5.397307e+01
      vertex   1.000011e+01 1.822941e+02 5.408762e+01
    endloop
  endfacet
  facet normal 1.000000e+00 -6.383065e-15 3.331415e-14
    outer loop
      vertex   1.000011e+01 1.818313e+02 5.415891e+01
      vertex   1.000011e+01 1.822941e+02 5.408762e+01
      vertex   1.000011e+01 1.820669e+02 5.415074e+01
    endloop
  endfacet
  facet normal 1.000000e+00 4.269617e-14 -8.228275e-14
    outer loop
      vertex   1.000011e+01 1.265645e+02 4.948430e+01
      vertex   1.000011e+01 1.262356e+02 4.931365e+01
      vertex   1.000011e+01 1.269263e+02 4.956410e+01
    endloop
  endfacet
  facet normal 1.000000e+00 1.704967e-14 -1.155589e-14
    outer loop
      vertex   1.000011e+01 1.269263e+02 4.956410e+01
      vertex   1.000011e+01 1.262356e+02 4.931365e+01
      vertex   1.000011e+01 1.259621e+02 4.906376e+01
    endloop
  endfacet
  facet normal 1.000000e+00 -1.135928e-15 2.349084e-14
    outer loop
      vertex   1.000011e+01 1.269263e+02 4.956410e+01
      vertex   1.000011e+01 1.259621e+02 4.906376e+01
      vertex   1.000011e+01 1.257624e+02 4.875163e+01
    endloop
  endfacet
  facet normal 1.000000e+00 1.509730e-14 2.365410e-16
    outer loop
      vertex   1.000011e+01 1.257624e+02 4.875163e+01
      vertex   1.000011e+01 1.256503e+02 4.839849e+01
      vertex   1.000011e+01 1.269263e+02 4.956410e+01
    endloop
  endfacet
  facet normal 1.000000e+00 -3.210913e-16 1.711521e-14
    outer loop
      vertex   1.000011e+01 1.269263e+02 4.956410e+01
      vertex   1.000011e+01 1.256503e+02 4.839849e+01
      vertex   1.000011e+01 1.788313e+02 5.105681e+01
    endloop
  endfacet
  facet normal 1.000000e+00 5.217335e-17 9.647864e-15
    outer loop
      vertex   1.000011e+01 1.788313e+02 5.105681e+01
      vertex   1.000011e+01 1.256503e+02 4.839849e+01
      vertex   1.000011e+01 1.271672e+02 4.673322e+01
    endloop
  endfacet
  facet normal 1.000000e+00 5.014335e-15 1.416795e-14
    outer loop
      vertex   1.000011e+01 1.271672e+02 4.673322e+01
      vertex   1.000011e+01 1.256503e+02 4.839849e+01
      vertex   1.000011e+01 1.256333e+02 4.802837e+01
    endloop
  endfacet
  facet normal 1.000000e+00 1.643995e-15 1.017630e-14
    outer loop
      vertex   1.000011e+01 1.271672e+02 4.673322e+01
      vertex   1.000011e+01 1.256333e+02 4.802837e+01
      vertex   1.000011e+01 1.257126e+02 4.766644e+01
    endloop
  endfacet
  facet normal 1.000000e+00 3.054068e-15 1.237417e-14
    outer loop
      vertex   1.000011e+01 1.257126e+02 4.766644e+01
      vertex   1.000011e+01 1.258828e+02 4.733733e+01
      vertex   1.000011e+01 1.271672e+02 4.673322e+01
    endloop
  endfacet
  facet normal 1.000000e+00 4.973642e-16 6.938295e-15
    outer loop
      vertex   1.000011e+01 1.271672e+02 4.673322e+01
      vertex   1.000011e+01 1.258828e+02 4.733733e+01
      vertex   1.000011e+01 1.261323e+02 4.706343e+01
    endloop
  endfacet
  facet normal 1.000000e+00 2.221053e-15 1.234058e-14
    outer loop
      vertex   1.000011e+01 1.271672e+02 4.673322e+01
      vertex   1.000011e+01 1.261323e+02 4.706343e+01
      vertex   1.000011e+01 1.264442e+02 4.686335e+01
    endloop
  endfacet
  facet normal 1.000000e+00 0.000000e+00 0.000000e+00
    outer loop
      vertex   1.000011e+01 1.264442e+02 4.686335e+01
      vertex   1.000011e+01 1.267971e+02 4.675073e+01
      vertex   1.000011e+01 1.271672e+02 4.673322e+01
    endloop
  endfacet
  facet normal -1.062208e-14 -8.339514e-02 9.965166e-01
    outer loop
      vertex   -9.997892e+00 1.818313e+02 5.415891e+01
      vertex   -9.997892e+00 1.269263e+02 4.956410e+01
      vertex   1.000011e+01 1.818313e+02 5.415891e+01
    endloop
  endfacet
  facet normal -1.060177e-14 -8.339514e-02 9.965166e-01
    outer loop
      vertex   1.000011e+01 1.818313e+02 5.415891e+01
      vertex   -9.997892e+00 1.269263e+02 4.956410e+01
      vertex   1.000011e+01 1.269263e+02 4.956410e+01
    endloop
  endfacet
  facet normal -1.172826e-15 9.930268e-01 1.178887e-01
    outer loop
      vertex   -9.997892e+00 1.828869e+02 5.339653e+01
      vertex   -4.998392e+00 1.828869e+02 5.339653e+01
      vertex   -9.997892e+00 1.829147e+02 5.316240e+01
    endloop
  endfacet
  facet normal -1.340664e-15 9.930268e-01 1.178887e-01
    outer loop
      vertex   -9.997892e+00 1.829147e+02 5.316240e+01
      vertex   -4.998392e+00 1.828869e+02 5.339653e+01
      vertex   1.107745e-03 1.828869e+02 5.339653e+01
    endloop
  endfacet
  facet normal -1.256600e-15 9.930268e-01 1.178887e-01
    outer loop
      vertex   -9.997892e+00 1.829147e+02 5.316240e+01
      vertex   1.107745e-03 1.828869e+02 5.339653e+01
      vertex   1.000011e+01 1.829147e+02 5.316240e+01
    endloop
  endfacet
  facet normal -1.339928e-15 9.930268e-01 1.178887e-01
    outer loop
      vertex   1.000011e+01 1.829147e+02 5.316240e+01
      vertex   1.107745e-03 1.828869e+02 5.339653e+01
      vertex   5.000608e+00 1.828869e+02 5.339653e+01
    endloop
  endfacet
  facet normal -1.172897e-15 9.930268e-01 1.178887e-01
    outer loop
      vertex   1.000011e+01 1.829147e+02 5.316240e+01
      vertex   5.000608e+00 1.828869e+02 5.339653e+01
      vertex   1.000011e+01 1.828869e+02 5.339653e+01
    endloop
  endfacet
  facet normal -3.453281e-15 9.378235e-01 3.471125e-01
    outer loop
      vertex   1.000011e+01 1.828869e+02 5.339653e+01
      vertex   5.000608e+00 1.828869e+02 5.339653e+01
      vertex   1.000011e+01 1.828050e+02 5.361765e+01
    endloop
  endfacet
  facet normal -3.946607e-15 9.378235e-01 3.471125e-01
    outer loop
      vertex   1.000011e+01 1.828050e+02 5.361765e+01
      vertex   5.000608e+00 1.828869e+02 5.339653e+01
      vertex   5.000608e+00 1.828050e+02 5.361765e+01
    endloop
  endfacet
  facet normal -6.333445e-15 8.304857e-01 5.570400e-01
    outer loop
      vertex   1.000011e+01 1.828050e+02 5.361765e+01
      vertex   5.000608e+00 1.828050e+02 5.361765e+01
      vertex   1.000011e+01 1.826737e+02 5.381346e+01
    endloop
  endfacet
  facet normal -5.541764e-15 8.304857e-01 5.570400e-01
    outer loop
      vertex   1.000011e+01 1.826737e+02 5.381346e+01
      vertex   5.000608e+00 1.828050e+02 5.361765e+01
      vertex   5.000608e+00 1.826737e+02 5.381346e+01
    endloop
  endfacet
  facet normal -7.322175e-15 6.769804e-01 7.360011e-01
    outer loop
      vertex   1.000011e+01 1.826737e+02 5.381346e+01
      vertex   5.000608e+00 1.826737e+02 5.381346e+01
      vertex   1.000011e+01 1.825002e+02 5.397307e+01
    endloop
  endfacet
  facet normal -7.322175e-15 6.769804e-01 7.360011e-01
    outer loop
      vertex   1.000011e+01 1.825002e+02 5.397307e+01
      vertex   5.000608e+00 1.826737e+02 5.381346e+01
      vertex   5.000608e+00 1.825002e+02 5.397307e+01
    endloop
  endfacet
  facet normal -8.695540e-15 4.858411e-01 8.740472e-01
    outer loop
      vertex   1.000011e+01 1.825002e+02 5.397307e+01
      vertex   5.000608e+00 1.825002e+02 5.397307e+01
      vertex   1.000011e+01 1.822941e+02 5.408762e+01
    endloop
  endfacet
  facet normal -9.937760e-15 4.858411e-01 8.740472e-01
    outer loop
      vertex   1.000011e+01 1.822941e+02 5.408762e+01
      vertex   5.000608e+00 1.825002e+02 5.397307e+01
      vertex   5.000608e+00 1.822941e+02 5.408762e+01
    endloop
  endfacet
  facet normal -1.095487e-14 2.676934e-01 9.635041e-01
    outer loop
      vertex   1.000011e+01 1.822941e+02 5.408762e+01
      vertex   5.000608e+00 1.822941e+02 5.408762e+01
      vertex   1.000011e+01 1.820669e+02 5.415074e+01
    endloop
  endfacet
  facet normal -1.095487e-14 2.676934e-01 9.635041e-01
    outer loop
      vertex   1.000011e+01 1.820669e+02 5.415074e+01
      vertex   5.000608e+00 1.822941e+02 5.408762e+01
      vertex   5.000608e+00 1.820669e+02 5.415074e+01
    endloop
  endfacet
  facet normal -1.136299e-14 3.466440e-02 9.993990e-01
    outer loop
      vertex   1.000011e+01 1.820669e+02 5.415074e+01
      vertex   5.000608e+00 1.820669e+02 5.415074e+01
      vertex   1.000011e+01 1.818313e+02 5.415891e+01
    endloop
  endfacet
  facet normal -1.136290e-14 3.466440e-02 9.993990e-01
    outer loop
      vertex   1.000011e+01 1.818313e+02 5.415891e+01
      vertex   5.000608e+00 1.820669e+02 5.415074e+01
      vertex   1.107745e-03 1.820669e+02 5.415074e+01
    endloop
  endfacet
  facet normal -1.065280e-14 3.466440e-02 9.993990e-01
    outer loop
      vertex   1.000011e+01 1.818313e+02 5.415891e+01
      vertex   1.107745e-03 1.820669e+02 5.415074e+01
      vertex   -9.997892e+00 1.818313e+02 5.415891e+01
    endloop
  endfacet
  facet normal -9.942584e-15 3.466440e-02 9.993990e-01
    outer loop
      vertex   -9.997892e+00 1.818313e+02 5.415891e+01
      vertex   1.107745e-03 1.820669e+02 5.415074e+01
      vertex   -4.998392e+00 1.820669e+02 5.415074e+01
    endloop
  endfacet
  facet normal -9.942584e-15 3.466440e-02 9.993990e-01
    outer loop
      vertex   -9.997892e+00 1.818313e+02 5.415891e+01
      vertex   -4.998392e+00 1.820669e+02 5.415074e+01
      vertex   -9.997892e+00 1.820669e+02 5.415074e+01
    endloop
  endfacet
  facet normal -9.585511e-15 2.676934e-01 9.635041e-01
    outer loop
      vertex   -9.997892e+00 1.820669e+02 5.415074e+01
      vertex   -4.998392e+00 1.820669e+02 5.415074e+01
      vertex   -9.997892e+00 1.822941e+02 5.408762e+01
    endloop
  endfacet
  facet normal -9.585511e-15 2.676934e-01 9.635041e-01
    outer loop
      vertex   -9.997892e+00 1.822941e+02 5.408762e+01
      vertex   -4.998392e+00 1.820669e+02 5.415074e+01
      vertex   -4.998392e+00 1.822941e+02 5.408762e+01
    endloop
  endfacet
  facet normal -8.695540e-15 4.858411e-01 8.740472e-01
    outer loop
      vertex   -9.997892e+00 1.822941e+02 5.408762e+01
      vertex   -4.998392e+00 1.822941e+02 5.408762e+01
      vertex   -9.997892e+00 1.825002e+02 5.397307e+01
    endloop
  endfacet
  facet normal -9.937760e-15 4.858411e-01 8.740472e-01
    outer loop
      vertex   -9.997892e+00 1.825002e+02 5.397307e+01
      vertex   -4.998392e+00 1.822941e+02 5.408762e+01
      vertex   -4.998392e+00 1.825002e+02 5.397307e+01
    endloop
  endfacet
  facet normal -8.368200e-15 6.769804e-01 7.360011e-01
    outer loop
      vertex   -9.997892e+00 1.825002e+02 5.397307e+01
      vertex   -4.998392e+00 1.825002e+02 5.397307e+01
      vertex   -9.997892e+00 1.826737e+02 5.381346e+01
    endloop
  endfacet
  facet normal -8.368200e-15 6.769804e-01 7.360011e-01
    outer loop
      vertex   -9.997892e+00 1.826737e+02 5.381346e+01
      vertex   -4.998392e+00 1.825002e+02 5.397307e+01
      vertex   -4.998392e+00 1.826737e+02 5.381346e+01
    endloop
  endfacet
  facet normal -6.333445e-15 8.304857e-01 5.570400e-01
    outer loop
      vertex   -9.997892e+00 1.826737e+02 5.381346e+01
      vertex   -4.998392e+00 1.826737e+02 5.381346e+01
      vertex   -9.997892e+00 1.828050e+02 5.361765e+01
    endloop
  endfacet
  facet normal -5.541764e-15 8.304857e-01 5.570400e-01
    outer loop
      vertex   -9.997892e+00 1.828050e+02 5.361765e+01
      vertex   -4.998392e+00 1.826737e+02 5.381346e+01
      vertex   -4.998392e+00 1.828050e+02 5.361765e+01
    endloop
  endfacet
  facet normal -3.453281e-15 9.378235e-01 3.471125e-01
    outer loop
      vertex   -9.997892e+00 1.828050e+02 5.361765e+01
      vertex   -4.998392e+00 1.828050e+02 5.361765e+01
      vertex   -9.997892e+00 1.828869e+02 5.339653e+01
    endloop
  endfacet
  facet normal -3.453281e-15 9.378235e-01 3.471125e-01
    outer loop
      vertex   -9.997892e+00 1.828869e+02 5.339653e+01
      vertex   -4.998392e+00 1.828050e+02 5.361765e+01
      vertex   -4.998392e+00 1.828869e+02 5.339653e+01
    endloop
  endfacet
  facet normal -3.946939e-15 9.378235e-01 3.471125e-01
    outer loop
      vertex   5.000608e+00 1.828050e+02 5.361765e+01
      vertex   5.000608e+00 1.828869e+02 5.339653e+01
      vertex   1.107745e-03 1.828869e+02 5.339653e+01
    endloop
  endfacet
  facet normal -3.946607e-15 9.378235e-01 3.471125e-01
    outer loop
      vertex   1.107745e-03 1.828869e+02 5.339653e+01
      vertex   -4.998392e+00 1.828869e+02 5.339653e+01
      vertex   1.107745e-03 1.828050e+02 5.361765e+01
    endloop
  endfacet
  facet normal -3.453281e-15 9.378235e-01 3.471125e-01
    outer loop
      vertex   1.107745e-03 1.828050e+02 5.361765e+01
      vertex   -4.998392e+00 1.828869e+02 5.339653e+01
      vertex   -4.998392e+00 1.828050e+02 5.361765e+01
    endloop
  endfacet
  facet normal -5.541764e-15 8.304857e-01 5.570400e-01
    outer loop
      vertex   1.107745e-03 1.828050e+02 5.361765e+01
      vertex   -4.998392e+00 1.828050e+02 5.361765e+01
      vertex   1.107745e-03 1.826737e+02 5.381346e+01
    endloop
  endfacet
  facet normal -6.333445e-15 8.304857e-01 5.570400e-01
    outer loop
      vertex   1.107745e-03 1.826737e+02 5.381346e+01
      vertex   -4.998392e+00 1.828050e+02 5.361765e+01
      vertex   -4.998392e+00 1.826737e+02 5.381346e+01
    endloop
  endfacet
  facet normal -8.368200e-15 6.769804e-01 7.360011e-01
    outer loop
      vertex   1.107745e-03 1.826737e+02 5.381346e+01
      vertex   -4.998392e+00 1.826737e+02 5.381346e+01
      vertex   1.107745e-03 1.825002e+02 5.397307e+01
    endloop
  endfacet
  facet normal -8.368200e-15 6.769804e-01 7.360011e-01
    outer loop
      vertex   1.107745e-03 1.825002e+02 5.397307e+01
      vertex   -4.998392e+00 1.826737e+02 5.381346e+01
      vertex   -4.998392e+00 1.825002e+02 5.397307e+01
    endloop
  endfacet
  facet normal -9.937760e-15 4.858411e-01 8.740472e-01
    outer loop
      vertex   1.107745e-03 1.825002e+02 5.397307e+01
      vertex   -4.998392e+00 1.825002e+02 5.397307e+01
      vertex   1.107745e-03 1.822941e+02 5.408762e+01
    endloop
  endfacet
  facet normal -8.695540e-15 4.858411e-01 8.740472e-01
    outer loop
      vertex   1.107745e-03 1.822941e+02 5.408762e+01
      vertex   -4.998392e+00 1.825002e+02 5.397307e+01
      vertex   -4.998392e+00 1.822941e+02 5.408762e+01
    endloop
  endfacet
  facet normal -9.585511e-15 2.676934e-01 9.635041e-01
    outer loop
      vertex   1.107745e-03 1.822941e+02 5.408762e+01
      vertex   -4.998392e+00 1.822941e+02 5.408762e+01
      vertex   1.107745e-03 1.820669e+02 5.415074e+01
    endloop
  endfacet
  facet normal -9.585511e-15 2.676934e-01 9.635041e-01
    outer loop
      vertex   1.107745e-03 1.820669e+02 5.415074e+01
      vertex   -4.998392e+00 1.822941e+02 5.408762e+01
      vertex   -4.998392e+00 1.820669e+02 5.415074e+01
    endloop
  endfacet
  facet normal -6.333939e-15 8.304857e-01 5.570400e-01
    outer loop
      vertex   5.000608e+00 1.826737e+02 5.381346e+01
      vertex   5.000608e+00 1.828050e+02 5.361765e+01
      vertex   1.107745e-03 1.828050e+02 5.361765e+01
    endloop
  endfacet
  facet normal -3.946607e-15 9.378235e-01 3.471125e-01
    outer loop
      vertex   1.107745e-03 1.828050e+02 5.361765e+01
      vertex   5.000608e+00 1.828050e+02 5.361765e+01
      vertex   1.107745e-03 1.828869e+02 5.339653e+01
    endloop
  endfacet
  facet normal -5.541764e-15 8.304857e-01 5.570400e-01
    outer loop
      vertex   5.000608e+00 1.826737e+02 5.381346e+01
      vertex   1.107745e-03 1.828050e+02 5.361765e+01
      vertex   1.107745e-03 1.826737e+02 5.381346e+01
    endloop
  endfacet
  facet normal -7.322881e-15 6.769804e-01 7.360011e-01
    outer loop
      vertex   5.000608e+00 1.825002e+02 5.397307e+01
      vertex   5.000608e+00 1.826737e+02 5.381346e+01
      vertex   1.107745e-03 1.826737e+02 5.381346e+01
    endloop
  endfacet
  facet normal -7.322175e-15 6.769804e-01 7.360011e-01
    outer loop
      vertex   5.000608e+00 1.825002e+02 5.397307e+01
      vertex   1.107745e-03 1.826737e+02 5.381346e+01
      vertex   1.107745e-03 1.825002e+02 5.397307e+01
    endloop
  endfacet
  facet normal -8.697393e-15 4.858411e-01 8.740472e-01
    outer loop
      vertex   5.000608e+00 1.822941e+02 5.408762e+01
      vertex   5.000608e+00 1.825002e+02 5.397307e+01
      vertex   1.107745e-03 1.825002e+02 5.397307e+01
    endloop
  endfacet
  facet normal -9.937760e-15 4.858411e-01 8.740472e-01
    outer loop
      vertex   5.000608e+00 1.822941e+02 5.408762e+01
      vertex   1.107745e-03 1.825002e+02 5.397307e+01
      vertex   1.107745e-03 1.822941e+02 5.408762e+01
    endloop
  endfacet
  facet normal -1.095489e-14 2.676934e-01 9.635041e-01
    outer loop
      vertex   5.000608e+00 1.820669e+02 5.415074e+01
      vertex   5.000608e+00 1.822941e+02 5.408762e+01
      vertex   1.107745e-03 1.822941e+02 5.408762e+01
    endloop
  endfacet
  facet normal -1.095487e-14 2.676934e-01 9.635041e-01
    outer loop
      vertex   5.000608e+00 1.820669e+02 5.415074e+01
      vertex   1.107745e-03 1.822941e+02 5.408762e+01
      vertex   1.107745e-03 1.820669e+02 5.415074e+01
    endloop
  endfacet
  facet normal -0.000000e+00 1.000000e+00 -0.000000e+00
    outer loop
      vertex   -9.997892e+00 1.829147e+02 4.500000e+01
      vertex   -9.997892e+00 1.829147e+02 5.316240e+01
      vertex   1.000011e+01 1.829147e+02 4.500000e+01
    endloop
  endfacet
  facet normal 0.000000e+00 1.000000e+00 0.000000e+00
    outer loop
      vertex   1.000011e+01 1.829147e+02 4.500000e+01
      vertex   -9.997892e+00 1.829147e+02 5.316240e+01
      vertex   1.000011e+01 1.829147e+02 5.316240e+01
    endloop
  endfacet
  facet normal -9.951847e-01 0.000000e+00 -9.801714e-02
    outer loop
      vertex   5.394319e+00 9.450000e+01 1.072997e+00
      vertex   5.394319e+00 9.950000e+01 1.072997e+00
      vertex   5.500000e+00 9.450000e+01 -6.735557e-16
    endloop
  endfacet
  facet normal -9.951847e-01 0.000000e+00 -9.801714e-02
    outer loop
      vertex   5.500000e+00 9.450000e+01 -6.735557e-16
      vertex   5.394319e+00 9.950000e+01 1.072997e+00
      vertex   5.500000e+00 9.950000e+01 -6.735557e-16
    endloop
  endfacet
  facet normal -9.951847e-01 0.000000e+00 9.801714e-02
    outer loop
      vertex   5.500000e+00 9.450000e+01 -6.735557e-16
      vertex   5.500000e+00 9.950000e+01 -6.735557e-16
      vertex   5.394319e+00 9.450000e+01 -1.072997e+00
    endloop
  endfacet
  facet normal -9.951847e-01 0.000000e+00 9.801714e-02
    outer loop
      vertex   5.394319e+00 9.450000e+01 -1.072997e+00
      vertex   5.500000e+00 9.950000e+01 -6.735557e-16
      vertex   5.394319e+00 9.950000e+01 -1.072997e+00
    endloop
  endfacet
  facet normal -9.569403e-01 0.000000e+00 2.902847e-01
    outer loop
      vertex   5.394319e+00 9.450000e+01 -1.072997e+00
      vertex   5.394319e+00 9.950000e+01 -1.072997e+00
      vertex   5.081337e+00 9.450000e+01 -2.104759e+00
    endloop
  endfacet
  facet normal -9.569403e-01 -4.107446e-17 2.902847e-01
    outer loop
      vertex   5.081337e+00 9.450000e+01 -2.104759e+00
      vertex   5.394319e+00 9.950000e+01 -1.072997e+00
      vertex   5.081337e+00 9.950000e+01 -2.104759e+00
    endloop
  endfacet
  facet normal -8.819213e-01 5.268152e-17 4.713967e-01
    outer loop
      vertex   5.081337e+00 9.450000e+01 -2.104759e+00
      vertex   5.081337e+00 9.950000e+01 -2.104759e+00
      vertex   4.573083e+00 9.450000e+01 -3.055636e+00
    endloop
  endfacet
  facet normal -8.819213e-01 0.000000e+00 4.713967e-01
    outer loop
      vertex   4.573083e+00 9.450000e+01 -3.055636e+00
      vertex   5.081337e+00 9.950000e+01 -2.104759e+00
      vertex   4.573083e+00 9.950000e+01 -3.055636e+00
    endloop
  endfacet
  facet normal -7.730105e-01 0.000000e+00 6.343933e-01
    outer loop
      vertex   4.573083e+00 9.450000e+01 -3.055636e+00
      vertex   4.573083e+00 9.950000e+01 -3.055636e+00
      vertex   3.889087e+00 9.450000e+01 -3.889087e+00
    endloop
  endfacet
  facet normal -7.730105e-01 0.000000e+00 6.343933e-01
    outer loop
      vertex   3.889087e+00 9.450000e+01 -3.889087e+00
      vertex   4.573083e+00 9.950000e+01 -3.055636e+00
      vertex   3.889087e+00 9.950000e+01 -3.889087e+00
    endloop
  endfacet
  facet normal -6.343933e-01 0.000000e+00 7.730105e-01
    outer loop
      vertex   3.889087e+00 9.450000e+01 -3.889087e+00
      vertex   3.889087e+00 9.950000e+01 -3.889087e+00
      vertex   3.055636e+00 9.450000e+01 -4.573083e+00
    endloop
  endfacet
  facet normal -6.343933e-01 0.000000e+00 7.730105e-01
    outer loop
      vertex   3.055636e+00 9.450000e+01 -4.573083e+00
      vertex   3.889087e+00 9.950000e+01 -3.889087e+00
      vertex   3.055636e+00 9.950000e+01 -4.573083e+00
    endloop
  endfacet
  facet normal -4.713967e-01 0.000000e+00 8.819213e-01
    outer loop
      vertex   3.055636e+00 9.450000e+01 -4.573083e+00
      vertex   3.055636e+00 9.950000e+01 -4.573083e+00
      vertex   2.104759e+00 9.450000e+01 -5.081337e+00
    endloop
  endfacet
  facet normal -4.713967e-01 2.093422e-16 8.819213e-01
    outer loop
      vertex   2.104759e+00 9.450000e+01 -5.081337e+00
      vertex   3.055636e+00 9.950000e+01 -4.573083e+00
      vertex   2.104759e+00 9.950000e+01 -5.081337e+00
    endloop
  endfacet
  facet normal -2.902847e-01 1.289123e-16 9.569403e-01
    outer loop
      vertex   2.104759e+00 9.450000e+01 -5.081337e+00
      vertex   2.104759e+00 9.950000e+01 -5.081337e+00
      vertex   1.072997e+00 9.450000e+01 -5.394319e+00
    endloop
  endfacet
  facet normal -2.902847e-01 6.445615e-17 9.569403e-01
    outer loop
      vertex   1.072997e+00 9.450000e+01 -5.394319e+00
      vertex   2.104759e+00 9.950000e+01 -5.081337e+00
      vertex   1.072997e+00 9.950000e+01 -5.394319e+00
    endloop
  endfacet
  facet normal -9.801714e-02 2.176418e-17 9.951847e-01
    outer loop
      vertex   1.072997e+00 9.450000e+01 -5.394319e+00
      vertex   1.072997e+00 9.950000e+01 -5.394319e+00
      vertex   -3.367779e-16 9.450000e+01 -5.500000e+00
    endloop
  endfacet
  facet normal -9.801714e-02 0.000000e+00 9.951847e-01
    outer loop
      vertex   -3.367779e-16 9.450000e+01 -5.500000e+00
      vertex   1.072997e+00 9.950000e+01 -5.394319e+00
      vertex   -3.367779e-16 9.950000e+01 -5.500000e+00
    endloop
  endfacet
  facet normal 9.801714e-02 -0.000000e+00 9.951847e-01
    outer loop
      vertex   -3.367779e-16 9.450000e+01 -5.500000e+00
      vertex   -3.367779e-16 9.950000e+01 -5.500000e+00
      vertex   -1.072997e+00 9.450000e+01 -5.394319e+00
    endloop
  endfacet
  facet normal 9.801714e-02 2.176418e-17 9.951847e-01
    outer loop
      vertex   -1.072997e+00 9.450000e+01 -5.394319e+00
      vertex   -3.367779e-16 9.950000e+01 -5.500000e+00
      vertex   -1.072997e+00 9.950000e+01 -5.394319e+00
    endloop
  endfacet
  facet normal 2.902847e-01 6.445615e-17 9.569403e-01
    outer loop
      vertex   -1.072997e+00 9.450000e+01 -5.394319e+00
      vertex   -1.072997e+00 9.950000e+01 -5.394319e+00
      vertex   -2.104759e+00 9.450000e+01 -5.081337e+00
    endloop
  endfacet
  facet normal 2.902847e-01 -4.107446e-17 9.569403e-01
    outer loop
      vertex   -2.104759e+00 9.450000e+01 -5.081337e+00
      vertex   -1.072997e+00 9.950000e+01 -5.394319e+00
      vertex   -2.104759e+00 9.950000e+01 -5.081337e+00
    endloop
  endfacet
  facet normal 4.713967e-01 5.268152e-17 8.819213e-01
    outer loop
      vertex   -2.104759e+00 9.450000e+01 -5.081337e+00
      vertex   -2.104759e+00 9.950000e+01 -5.081337e+00
      vertex   -3.055636e+00 9.450000e+01 -4.573083e+00
    endloop
  endfacet
  facet normal 4.713967e-01 -0.000000e+00 8.819213e-01
    outer loop
      vertex   -3.055636e+00 9.450000e+01 -4.573083e+00
      vertex   -2.104759e+00 9.950000e+01 -5.081337e+00
      vertex   -3.055636e+00 9.950000e+01 -4.573083e+00
    endloop
  endfacet
  facet normal 6.343933e-01 -0.000000e+00 7.730105e-01
    outer loop
      vertex   -3.055636e+00 9.450000e+01 -4.573083e+00
      vertex   -3.055636e+00 9.950000e+01 -4.573083e+00
      vertex   -3.889087e+00 9.450000e+01 -3.889087e+00
    endloop
  endfacet
  facet normal 6.343933e-01 -0.000000e+00 7.730105e-01
    outer loop
      vertex   -3.889087e+00 9.450000e+01 -3.889087e+00
      vertex   -3.055636e+00 9.950000e+01 -4.573083e+00
      vertex   -3.889087e+00 9.950000e+01 -3.889087e+00
    endloop
  endfacet
  facet normal 7.730105e-01 -0.000000e+00 6.343933e-01
    outer loop
      vertex   -3.889087e+00 9.450000e+01 -3.889087e+00
      vertex   -3.889087e+00 9.950000e+01 -3.889087e+00
      vertex   -4.573083e+00 9.450000e+01 -3.055636e+00
    endloop
  endfacet
  facet normal 7.730105e-01 -0.000000e+00 6.343933e-01
    outer loop
      vertex   -4.573083e+00 9.450000e+01 -3.055636e+00
      vertex   -3.889087e+00 9.950000e+01 -3.889087e+00
      vertex   -4.573083e+00 9.950000e+01 -3.055636e+00
    endloop
  endfacet
  facet normal 8.819213e-01 -0.000000e+00 4.713967e-01
    outer loop
      vertex   -4.573083e+00 9.450000e+01 -3.055636e+00
      vertex   -4.573083e+00 9.950000e+01 -3.055636e+00
      vertex   -5.081337e+00 9.450000e+01 -2.104759e+00
    endloop
  endfacet
  facet normal 8.819213e-01 -0.000000e+00 4.713967e-01
    outer loop
      vertex   -5.081337e+00 9.450000e+01 -2.104759e+00
      vertex   -4.573083e+00 9.950000e+01 -3.055636e+00
      vertex   -5.081337e+00 9.950000e+01 -2.104759e+00
    endloop
  endfacet
  facet normal 9.569403e-01 -0.000000e+00 2.902847e-01
    outer loop
      vertex   -5.081337e+00 9.450000e+01 -2.104759e+00
      vertex   -5.081337e+00 9.950000e+01 -2.104759e+00
      vertex   -5.394319e+00 9.450000e+01 -1.072997e+00
    endloop
  endfacet
  facet normal 9.569403e-01 -0.000000e+00 2.902847e-01
    outer loop
      vertex   -5.394319e+00 9.450000e+01 -1.072997e+00
      vertex   -5.081337e+00 9.950000e+01 -2.104759e+00
      vertex   -5.394319e+00 9.950000e+01 -1.072997e+00
    endloop
  endfacet
  facet normal 9.951847e-01 -0.000000e+00 9.801714e-02
    outer loop
      vertex   -5.394319e+00 9.450000e+01 -1.072997e+00
      vertex   -5.394319e+00 9.950000e+01 -1.072997e+00
      vertex   -5.500000e+00 9.450000e+01 0.000000e+00
    endloop
  endfacet
  facet normal 9.951847e-01 -0.000000e+00 9.801714e-02
    outer loop
      vertex   -5.500000e+00 9.450000e+01 0.000000e+00
      vertex   -5.394319e+00 9.950000e+01 -1.072997e+00
      vertex   -5.500000e+00 9.950000e+01 0.000000e+00
    endloop
  endfacet
  facet normal 9.951847e-01 0.000000e+00 -9.801714e-02
    outer loop
      vertex   -5.500000e+00 9.450000e+01 0.000000e+00
      vertex   -5.500000e+00 9.950000e+01 0.000000e+00
      vertex   -5.394319e+00 9.450000e+01 1.072997e+00
    endloop
  endfacet
  facet normal 9.951847e-01 0.000000e+00 -9.801714e-02
    outer loop
      vertex   -5.394319e+00 9.450000e+01 1.072997e+00
      vertex   -5.500000e+00 9.950000e+01 0.000000e+00
      vertex   -5.394319e+00 9.950000e+01 1.072997e+00
    endloop
  endfacet
  facet normal 9.569403e-01 0.000000e+00 -2.902847e-01
    outer loop
      vertex   -5.394319e+00 9.450000e+01 1.072997e+00
      vertex   -5.394319e+00 9.950000e+01 1.072997e+00
      vertex   -5.081337e+00 9.450000e+01 2.104759e+00
    endloop
  endfacet
  facet normal 9.569403e-01 0.000000e+00 -2.902847e-01
    outer loop
      vertex   -5.081337e+00 9.450000e+01 2.104759e+00
      vertex   -5.394319e+00 9.950000e+01 1.072997e+00
      vertex   -5.081337e+00 9.950000e+01 2.104759e+00
    endloop
  endfacet
  facet normal 8.819213e-01 0.000000e+00 -4.713967e-01
    outer loop
      vertex   -5.081337e+00 9.450000e+01 2.104759e+00
      vertex   -5.081337e+00 9.950000e+01 2.104759e+00
      vertex   -4.573083e+00 9.450000e+01 3.055636e+00
    endloop
  endfacet
  facet normal 8.819213e-01 0.000000e+00 -4.713967e-01
    outer loop
      vertex   -4.573083e+00 9.450000e+01 3.055636e+00
      vertex   -5.081337e+00 9.950000e+01 2.104759e+00
      vertex   -4.573083e+00 9.950000e+01 3.055636e+00
    endloop
  endfacet
  facet normal 7.730105e-01 0.000000e+00 -6.343933e-01
    outer loop
      vertex   -4.573083e+00 9.450000e+01 3.055636e+00
      vertex   -4.573083e+00 9.950000e+01 3.055636e+00
      vertex   -3.889087e+00 9.450000e+01 3.889087e+00
    endloop
  endfacet
  facet normal 7.730105e-01 0.000000e+00 -6.343933e-01
    outer loop
      vertex   -3.889087e+00 9.450000e+01 3.889087e+00
      vertex   -4.573083e+00 9.950000e+01 3.055636e+00
      vertex   -3.889087e+00 9.950000e+01 3.889087e+00
    endloop
  endfacet
  facet normal 6.343933e-01 0.000000e+00 -7.730105e-01
    outer loop
      vertex   -3.889087e+00 9.450000e+01 3.889087e+00
      vertex   -3.889087e+00 9.950000e+01 3.889087e+00
      vertex   -3.055636e+00 9.450000e+01 4.573083e+00
    endloop
  endfacet
  facet normal 6.343933e-01 0.000000e+00 -7.730105e-01
    outer loop
      vertex   -3.055636e+00 9.450000e+01 4.573083e+00
      vertex   -3.889087e+00 9.950000e+01 3.889087e+00
      vertex   -3.055636e+00 9.950000e+01 4.573083e+00
    endloop
  endfacet
  facet normal 4.713967e-01 0.000000e+00 -8.819213e-01
    outer loop
      vertex   -3.055636e+00 9.450000e+01 4.573083e+00
      vertex   -3.055636e+00 9.950000e+01 4.573083e+00
      vertex   -2.104759e+00 9.450000e+01 5.081337e+00
    endloop
  endfacet
  facet normal 4.713967e-01 -5.268152e-17 -8.819213e-01
    outer loop
      vertex   -2.104759e+00 9.450000e+01 5.081337e+00
      vertex   -3.055636e+00 9.950000e+01 4.573083e+00
      vertex   -2.104759e+00 9.950000e+01 5.081337e+00
    endloop
  endfacet
  facet normal 2.902847e-01 4.107446e-17 -9.569403e-01
    outer loop
      vertex   -2.104759e+00 9.450000e+01 5.081337e+00
      vertex   -2.104759e+00 9.950000e+01 5.081337e+00
      vertex   -1.072997e+00 9.450000e+01 5.394319e+00
    endloop
  endfacet
  facet normal 2.902847e-01 -6.445615e-17 -9.569403e-01
    outer loop
      vertex   -1.072997e+00 9.450000e+01 5.394319e+00
      vertex   -2.104759e+00 9.950000e+01 5.081337e+00
      vertex   -1.072997e+00 9.950000e+01 5.394319e+00
    endloop
  endfacet
  facet normal 9.801714e-02 -2.176418e-17 -9.951847e-01
    outer loop
      vertex   -1.072997e+00 9.450000e+01 5.394319e+00
      vertex   -1.072997e+00 9.950000e+01 5.394319e+00
      vertex   -3.367779e-16 9.450000e+01 5.500000e+00
    endloop
  endfacet
  facet normal 9.801714e-02 0.000000e+00 -9.951847e-01
    outer loop
      vertex   -3.367779e-16 9.450000e+01 5.500000e+00
      vertex   -1.072997e+00 9.950000e+01 5.394319e+00
      vertex   -3.367779e-16 9.950000e+01 5.500000e+00
    endloop
  endfacet
  facet normal -9.801714e-02 0.000000e+00 -9.951847e-01
    outer loop
      vertex   -3.367779e-16 9.450000e+01 5.500000e+00
      vertex   -3.367779e-16 9.950000e+01 5.500000e+00
      vertex   1.072997e+00 9.450000e+01 5.394319e+00
    endloop
  endfacet
  facet normal -9.801714e-02 -2.176418e-17 -9.951847e-01
    outer loop
      vertex   1.072997e+00 9.450000e+01 5.394319e+00
      vertex   -3.367779e-16 9.950000e+01 5.500000e+00
      vertex   1.072997e+00 9.950000e+01 5.394319e+00
    endloop
  endfacet
  facet normal -2.902847e-01 -6.445615e-17 -9.569403e-01
    outer loop
      vertex   1.072997e+00 9.450000e+01 5.394319e+00
      vertex   1.072997e+00 9.950000e+01 5.394319e+00
      vertex   2.104759e+00 9.450000e+01 5.081337e+00
    endloop
  endfacet
  facet normal -2.902847e-01 -1.289123e-16 -9.569403e-01
    outer loop
      vertex   2.104759e+00 9.450000e+01 5.081337e+00
      vertex   1.072997e+00 9.950000e+01 5.394319e+00
      vertex   2.104759e+00 9.950000e+01 5.081337e+00
    endloop
  endfacet
  facet normal -4.713967e-01 -2.093422e-16 -8.819213e-01
    outer loop
      vertex   2.104759e+00 9.450000e+01 5.081337e+00
      vertex   2.104759e+00 9.950000e+01 5.081337e+00
      vertex   3.055636e+00 9.450000e+01 4.573083e+00
    endloop
  endfacet
  facet normal -4.713967e-01 0.000000e+00 -8.819213e-01
    outer loop
      vertex   3.055636e+00 9.450000e+01 4.573083e+00
      vertex   2.104759e+00 9.950000e+01 5.081337e+00
      vertex   3.055636e+00 9.950000e+01 4.573083e+00
    endloop
  endfacet
  facet normal -6.343933e-01 0.000000e+00 -7.730105e-01
    outer loop
      vertex   3.055636e+00 9.450000e+01 4.573083e+00
      vertex   3.055636e+00 9.950000e+01 4.573083e+00
      vertex   3.889087e+00 9.450000e+01 3.889087e+00
    endloop
  endfacet
  facet normal -6.343933e-01 0.000000e+00 -7.730105e-01
    outer loop
      vertex   3.889087e+00 9.450000e+01 3.889087e+00
      vertex   3.055636e+00 9.950000e+01 4.573083e+00
      vertex   3.889087e+00 9.950000e+01 3.889087e+00
    endloop
  endfacet
  facet normal -7.730105e-01 0.000000e+00 -6.343933e-01
    outer loop
      vertex   3.889087e+00 9.450000e+01 3.889087e+00
      vertex   3.889087e+00 9.950000e+01 3.889087e+00
      vertex   4.573083e+00 9.450000e+01 3.055636e+00
    endloop
  endfacet
  facet normal -7.730105e-01 0.000000e+00 -6.343933e-01
    outer loop
      vertex   4.573083e+00 9.450000e+01 3.055636e+00
      vertex   3.889087e+00 9.950000e+01 3.889087e+00
      vertex   4.573083e+00 9.950000e+01 3.055636e+00
    endloop
  endfacet
  facet normal -8.819213e-01 0.000000e+00 -4.713967e-01
    outer loop
      vertex   4.573083e+00 9.450000e+01 3.055636e+00
      vertex   4.573083e+00 9.950000e+01 3.055636e+00
      vertex   5.081337e+00 9.450000e+01 2.104759e+00
    endloop
  endfacet
  facet normal -8.819213e-01 -5.268152e-17 -4.713967e-01
    outer loop
      vertex   5.081337e+00 9.450000e+01 2.104759e+00
      vertex   4.573083e+00 9.950000e+01 3.055636e+00
      vertex   5.081337e+00 9.950000e+01 2.104759e+00
    endloop
  endfacet
  facet normal -9.569403e-01 4.107446e-17 -2.902847e-01
    outer loop
      vertex   5.081337e+00 9.450000e+01 2.104759e+00
      vertex   5.081337e+00 9.950000e+01 2.104759e+00
      vertex   5.394319e+00 9.450000e+01 1.072997e+00
    endloop
  endfacet
  facet normal -9.569403e-01 0.000000e+00 -2.902847e-01
    outer loop
      vertex   5.394319e+00 9.450000e+01 1.072997e+00
      vertex   5.081337e+00 9.950000e+01 2.104759e+00
      vertex   5.394319e+00 9.950000e+01 1.072997e+00
    endloop
  endfacet
  facet normal -9.972038e-01 5.309893e-17 -7.473009e-02
    outer loop
      vertex   1.093710e+01 9.450000e+01 2.845054e+01
      vertex   1.093710e+01 9.950000e+01 2.845054e+01
      vertex   1.104830e+01 9.450000e+01 2.696673e+01
    endloop
  endfacet
  facet normal -9.972038e-01 0.000000e+00 -7.473009e-02
    outer loop
      vertex   1.104830e+01 9.450000e+01 2.696673e+01
      vertex   1.093710e+01 9.950000e+01 2.845054e+01
      vertex   1.104830e+01 9.950000e+01 2.696673e+01
    endloop
  endfacet
  facet normal -9.972038e-01 0.000000e+00 7.473009e-02
    outer loop
      vertex   1.104830e+01 9.450000e+01 2.696673e+01
      vertex   1.104830e+01 9.950000e+01 2.696673e+01
      vertex   1.093710e+01 9.450000e+01 2.548292e+01
    endloop
  endfacet
  facet normal -9.972038e-01 -5.309893e-17 7.473009e-02
    outer loop
      vertex   1.093710e+01 9.450000e+01 2.548292e+01
      vertex   1.104830e+01 9.950000e+01 2.696673e+01
      vertex   1.093710e+01 9.950000e+01 2.548292e+01
    endloop
  endfacet
  facet normal -9.749279e-01 -1.581106e-16 2.225209e-01
    outer loop
      vertex   1.093710e+01 9.450000e+01 2.548292e+01
      vertex   1.093710e+01 9.950000e+01 2.548292e+01
      vertex   1.060599e+01 9.450000e+01 2.403225e+01
    endloop
  endfacet
  facet normal -9.749279e-01 -1.581106e-16 2.225209e-01
    outer loop
      vertex   1.060599e+01 9.450000e+01 2.403225e+01
      vertex   1.093710e+01 9.950000e+01 2.548292e+01
      vertex   1.060599e+01 9.950000e+01 2.403225e+01
    endloop
  endfacet
  facet normal -9.308737e-01 -2.595904e-16 3.653410e-01
    outer loop
      vertex   1.060599e+01 9.450000e+01 2.403225e+01
      vertex   1.060599e+01 9.950000e+01 2.403225e+01
      vertex   1.006238e+01 9.450000e+01 2.264714e+01
    endloop
  endfacet
  facet normal -9.308737e-01 0.000000e+00 3.653410e-01
    outer loop
      vertex   1.006238e+01 9.450000e+01 2.264714e+01
      vertex   1.060599e+01 9.950000e+01 2.403225e+01
      vertex   1.006238e+01 9.950000e+01 2.264714e+01
    endloop
  endfacet
  facet normal -8.660254e-01 0.000000e+00 5.000000e-01
    outer loop
      vertex   1.006238e+01 9.450000e+01 2.264714e+01
      vertex   1.006238e+01 9.950000e+01 2.264714e+01
      vertex   9.318391e+00 9.450000e+01 2.135852e+01
    endloop
  endfacet
  facet normal -8.660254e-01 6.153481e-16 5.000000e-01
    outer loop
      vertex   9.318391e+00 9.450000e+01 2.135852e+01
      vertex   1.006238e+01 9.950000e+01 2.264714e+01
      vertex   9.318391e+00 9.950000e+01 2.135852e+01
    endloop
  endfacet
  facet normal -7.818315e-01 5.555247e-16 6.234898e-01
    outer loop
      vertex   9.318391e+00 9.450000e+01 2.135852e+01
      vertex   9.318391e+00 9.950000e+01 2.135852e+01
      vertex   8.390655e+00 9.450000e+01 2.019517e+01
    endloop
  endfacet
  facet normal -7.818315e-01 3.902709e-16 6.234898e-01
    outer loop
      vertex   8.390655e+00 9.450000e+01 2.019517e+01
      vertex   9.318391e+00 9.950000e+01 2.135852e+01
      vertex   8.390655e+00 9.950000e+01 2.019517e+01
    endloop
  endfacet
  facet normal -6.801727e-01 2.040730e-16 7.330519e-01
    outer loop
      vertex   8.390655e+00 9.450000e+01 2.019517e+01
      vertex   8.390655e+00 9.950000e+01 2.019517e+01
      vertex   7.299895e+00 9.450000e+01 1.918310e+01
    endloop
  endfacet
  facet normal -6.801727e-01 0.000000e+00 7.330519e-01
    outer loop
      vertex   7.299895e+00 9.450000e+01 1.918310e+01
      vertex   8.390655e+00 9.950000e+01 2.019517e+01
      vertex   7.299895e+00 9.950000e+01 1.918310e+01
    endloop
  endfacet
  facet normal -5.633201e-01 0.000000e+00 8.262388e-01
    outer loop
      vertex   7.299895e+00 9.450000e+01 1.918310e+01
      vertex   7.299895e+00 9.950000e+01 1.918310e+01
      vertex   6.070475e+00 9.450000e+01 1.834489e+01
    endloop
  endfacet
  facet normal -5.633201e-01 5.003287e-16 8.262388e-01
    outer loop
      vertex   6.070475e+00 9.450000e+01 1.834489e+01
      vertex   7.299895e+00 9.950000e+01 1.918310e+01
      vertex   6.070475e+00 9.950000e+01 1.834489e+01
    endloop
  endfacet
  facet normal -4.338837e-01 3.853662e-16 9.009689e-01
    outer loop
      vertex   6.070475e+00 9.450000e+01 1.834489e+01
      vertex   6.070475e+00 9.950000e+01 1.834489e+01
      vertex   4.729858e+00 9.450000e+01 1.769928e+01
    endloop
  endfacet
  facet normal -4.338837e-01 -1.006642e-16 9.009689e-01
    outer loop
      vertex   4.729858e+00 9.450000e+01 1.769928e+01
      vertex   6.070475e+00 9.950000e+01 1.834489e+01
      vertex   4.729858e+00 9.950000e+01 1.769928e+01
    endloop
  endfacet
  facet normal -2.947552e-01 -3.124621e-16 9.555728e-01
    outer loop
      vertex   4.729858e+00 9.450000e+01 1.769928e+01
      vertex   4.729858e+00 9.950000e+01 1.769928e+01
      vertex   3.307993e+00 9.450000e+01 1.726070e+01
    endloop
  endfacet
  facet normal -2.947552e-01 0.000000e+00 9.555728e-01
    outer loop
      vertex   3.307993e+00 9.450000e+01 1.726070e+01
      vertex   4.729858e+00 9.950000e+01 1.769928e+01
      vertex   3.307993e+00 9.950000e+01 1.726070e+01
    endloop
  endfacet
  facet normal -1.490423e-01 0.000000e+00 9.888308e-01
    outer loop
      vertex   3.307993e+00 9.450000e+01 1.726070e+01
      vertex   3.307993e+00 9.950000e+01 1.726070e+01
      vertex   1.836640e+00 9.450000e+01 1.703893e+01
    endloop
  endfacet
  facet normal -1.490423e-01 1.323761e-16 9.888308e-01
    outer loop
      vertex   1.836640e+00 9.450000e+01 1.703893e+01
      vertex   3.307993e+00 9.950000e+01 1.726070e+01
      vertex   1.836640e+00 9.950000e+01 1.703893e+01
    endloop
  endfacet
  facet normal 0.000000e+00 -0.000000e+00 1.000000e+00
    outer loop
      vertex   1.836640e+00 9.450000e+01 1.703893e+01
      vertex   1.836640e+00 9.950000e+01 1.703893e+01
      vertex   3.486686e-01 9.450000e+01 1.703893e+01
    endloop
  endfacet
  facet normal 0.000000e+00 0.000000e+00 1.000000e+00
    outer loop
      vertex   3.486686e-01 9.450000e+01 1.703893e+01
      vertex   1.836640e+00 9.950000e+01 1.703893e+01
      vertex   3.486686e-01 9.950000e+01 1.703893e+01
    endloop
  endfacet
  facet normal 1.490423e-01 -1.985642e-16 9.888308e-01
    outer loop
      vertex   3.486686e-01 9.450000e+01 1.703893e+01
      vertex   3.486686e-01 9.950000e+01 1.703893e+01
      vertex   -1.122684e+00 9.450000e+01 1.726070e+01
    endloop
  endfacet
  facet normal 1.490423e-01 -0.000000e+00 9.888308e-01
    outer loop
      vertex   -1.122684e+00 9.450000e+01 1.726070e+01
      vertex   3.486686e-01 9.950000e+01 1.703893e+01
      vertex   -1.122684e+00 9.950000e+01 1.726070e+01
    endloop
  endfacet
  facet normal 2.947552e-01 -0.000000e+00 9.555728e-01
    outer loop
      vertex   -1.122684e+00 9.450000e+01 1.726070e+01
      vertex   -1.122684e+00 9.950000e+01 1.726070e+01
      vertex   -2.544549e+00 9.450000e+01 1.769928e+01
    endloop
  endfacet
  facet normal 2.947552e-01 -2.617952e-16 9.555728e-01
    outer loop
      vertex   -2.544549e+00 9.450000e+01 1.769928e+01
      vertex   -1.122684e+00 9.950000e+01 1.726070e+01
      vertex   -2.544549e+00 9.950000e+01 1.769928e+01
    endloop
  endfacet
  facet normal 4.338837e-01 -3.853662e-16 9.009689e-01
    outer loop
      vertex   -2.544549e+00 9.450000e+01 1.769928e+01
      vertex   -2.544549e+00 9.950000e+01 1.769928e+01
      vertex   -3.885166e+00 9.450000e+01 1.834489e+01
    endloop
  endfacet
  facet normal 4.338837e-01 -9.201885e-17 9.009689e-01
    outer loop
      vertex   -3.885166e+00 9.450000e+01 1.834489e+01
      vertex   -2.544549e+00 9.950000e+01 1.769928e+01
      vertex   -3.885166e+00 9.950000e+01 1.834489e+01
    endloop
  endfacet
  facet normal 5.633201e-01 -3.635466e-16 8.262388e-01
    outer loop
      vertex   -3.885166e+00 9.450000e+01 1.834489e+01
      vertex   -3.885166e+00 9.950000e+01 1.834489e+01
      vertex   -5.114586e+00 9.450000e+01 1.918310e+01
    endloop
  endfacet
  facet normal 5.633201e-01 -0.000000e+00 8.262388e-01
    outer loop
      vertex   -5.114586e+00 9.450000e+01 1.918310e+01
      vertex   -3.885166e+00 9.950000e+01 1.834489e+01
      vertex   -5.114586e+00 9.950000e+01 1.918310e+01
    endloop
  endfacet
  facet normal 6.801727e-01 -0.000000e+00 7.330519e-01
    outer loop
      vertex   -5.114586e+00 9.450000e+01 1.918310e+01
      vertex   -5.114586e+00 9.950000e+01 1.918310e+01
      vertex   -6.205346e+00 9.450000e+01 2.019517e+01
    endloop
  endfacet
  facet normal 6.801727e-01 3.757288e-17 7.330519e-01
    outer loop
      vertex   -6.205346e+00 9.450000e+01 2.019517e+01
      vertex   -5.114586e+00 9.950000e+01 1.918310e+01
      vertex   -6.205346e+00 9.950000e+01 2.019517e+01
    endloop
  endfacet
  facet normal 7.818315e-01 -1.125085e-16 6.234898e-01
    outer loop
      vertex   -6.205346e+00 9.450000e+01 2.019517e+01
      vertex   -6.205346e+00 9.950000e+01 2.019517e+01
      vertex   -7.133082e+00 9.450000e+01 2.135852e+01
    endloop
  endfacet
  facet normal 7.818315e-01 1.652538e-16 6.234898e-01
    outer loop
      vertex   -7.133082e+00 9.450000e+01 2.135852e+01
      vertex   -6.205346e+00 9.950000e+01 2.019517e+01
      vertex   -7.133082e+00 9.950000e+01 2.135852e+01
    endloop
  endfacet
  facet normal 8.660254e-01 4.759734e-17 5.000000e-01
    outer loop
      vertex   -7.133082e+00 9.450000e+01 2.135852e+01
      vertex   -7.133082e+00 9.950000e+01 2.135852e+01
      vertex   -7.877068e+00 9.450000e+01 2.264714e+01
    endloop
  endfacet
  facet normal 8.660254e-01 -0.000000e+00 5.000000e-01
    outer loop
      vertex   -7.877068e+00 9.450000e+01 2.264714e+01
      vertex   -7.133082e+00 9.950000e+01 2.135852e+01
      vertex   -7.877068e+00 9.950000e+01 2.264714e+01
    endloop
  endfacet
  facet normal 9.308737e-01 -0.000000e+00 3.653410e-01
    outer loop
      vertex   -7.877068e+00 9.450000e+01 2.264714e+01
      vertex   -7.877068e+00 9.950000e+01 2.264714e+01
      vertex   -8.420685e+00 9.450000e+01 2.403225e+01
    endloop
  endfacet
  facet normal 9.308737e-01 -3.307128e-16 3.653410e-01
    outer loop
      vertex   -8.420685e+00 9.450000e+01 2.403225e+01
      vertex   -7.877068e+00 9.950000e+01 2.264714e+01
      vertex   -8.420685e+00 9.950000e+01 2.403225e+01
    endloop
  endfacet
  facet normal 9.749279e-01 -3.463640e-16 2.225209e-01
    outer loop
      vertex   -8.420685e+00 9.450000e+01 2.403225e+01
      vertex   -8.420685e+00 9.950000e+01 2.403225e+01
      vertex   -8.751790e+00 9.450000e+01 2.548292e+01
    endloop
  endfacet
  facet normal 9.749279e-01 1.581106e-16 2.225209e-01
    outer loop
      vertex   -8.751790e+00 9.450000e+01 2.548292e+01
      vertex   -8.420685e+00 9.950000e+01 2.403225e+01
      vertex   -8.751790e+00 9.950000e+01 2.548292e+01
    endloop
  endfacet
  facet normal 9.972038e-01 5.309893e-17 7.473009e-02
    outer loop
      vertex   -8.751790e+00 9.450000e+01 2.548292e+01
      vertex   -8.751790e+00 9.950000e+01 2.548292e+01
      vertex   -8.862986e+00 9.450000e+01 2.696673e+01
    endloop
  endfacet
  facet normal 9.972038e-01 -0.000000e+00 7.473009e-02
    outer loop
      vertex   -8.862986e+00 9.450000e+01 2.696673e+01
      vertex   -8.751790e+00 9.950000e+01 2.548292e+01
      vertex   -8.862986e+00 9.950000e+01 2.696673e+01
    endloop
  endfacet
  facet normal 9.972038e-01 0.000000e+00 -7.473009e-02
    outer loop
      vertex   -8.862986e+00 9.450000e+01 2.696673e+01
      vertex   -8.862986e+00 9.950000e+01 2.696673e+01
      vertex   -8.751790e+00 9.450000e+01 2.845054e+01
    endloop
  endfacet
  facet normal 9.972038e-01 -5.309893e-17 -7.473009e-02
    outer loop
      vertex   -8.751790e+00 9.450000e+01 2.845054e+01
      vertex   -8.862986e+00 9.950000e+01 2.696673e+01
      vertex   -8.751790e+00 9.950000e+01 2.845054e+01
    endloop
  endfacet
  facet normal 9.749279e-01 -1.581106e-16 -2.225209e-01
    outer loop
      vertex   -8.751790e+00 9.450000e+01 2.845054e+01
      vertex   -8.751790e+00 9.950000e+01 2.845054e+01
      vertex   -8.420685e+00 9.450000e+01 2.990120e+01
    endloop
  endfacet
  facet normal 9.749279e-01 3.463640e-16 -2.225209e-01
    outer loop
      vertex   -8.420685e+00 9.450000e+01 2.990120e+01
      vertex   -8.751790e+00 9.950000e+01 2.845054e+01
      vertex   -8.420685e+00 9.950000e+01 2.990120e+01
    endloop
  endfacet
  facet normal 9.308737e-01 3.307128e-16 -3.653410e-01
    outer loop
      vertex   -8.420685e+00 9.450000e+01 2.990120e+01
      vertex   -8.420685e+00 9.950000e+01 2.990120e+01
      vertex   -7.877068e+00 9.450000e+01 3.128632e+01
    endloop
  endfacet
  facet normal 9.308737e-01 0.000000e+00 -3.653410e-01
    outer loop
      vertex   -7.877068e+00 9.450000e+01 3.128632e+01
      vertex   -8.420685e+00 9.950000e+01 2.990120e+01
      vertex   -7.877068e+00 9.950000e+01 3.128632e+01
    endloop
  endfacet
  facet normal 8.660254e-01 0.000000e+00 -5.000000e-01
    outer loop
      vertex   -7.877068e+00 9.450000e+01 3.128632e+01
      vertex   -7.877068e+00 9.950000e+01 3.128632e+01
      vertex   -7.133082e+00 9.450000e+01 3.257494e+01
    endloop
  endfacet
  facet normal 8.660254e-01 -4.028687e-16 -5.000000e-01
    outer loop
      vertex   -7.133082e+00 9.450000e+01 3.257494e+01
      vertex   -7.877068e+00 9.950000e+01 3.128632e+01
      vertex   -7.133082e+00 9.950000e+01 3.257494e+01
    endloop
  endfacet
  facet normal 7.818315e-01 -6.082700e-16 -6.234898e-01
    outer loop
      vertex   -7.133082e+00 9.450000e+01 3.257494e+01
      vertex   -7.133082e+00 9.950000e+01 3.257494e+01
      vertex   -6.205346e+00 9.450000e+01 3.373828e+01
    endloop
  endfacet
  facet normal 7.818315e-01 5.555247e-16 -6.234898e-01
    outer loop
      vertex   -6.205346e+00 9.450000e+01 3.373828e+01
      vertex   -7.133082e+00 9.950000e+01 3.257494e+01
      vertex   -6.205346e+00 9.950000e+01 3.373828e+01
    endloop
  endfacet
  facet normal 6.801727e-01 4.832918e-16 -7.330519e-01
    outer loop
      vertex   -6.205346e+00 9.450000e+01 3.373828e+01
      vertex   -6.205346e+00 9.950000e+01 3.373828e+01
      vertex   -5.114586e+00 9.450000e+01 3.475036e+01
    endloop
  endfacet
  facet normal 6.801727e-01 0.000000e+00 -7.330519e-01
    outer loop
      vertex   -5.114586e+00 9.450000e+01 3.475036e+01
      vertex   -6.205346e+00 9.950000e+01 3.373828e+01
      vertex   -5.114586e+00 9.950000e+01 3.475036e+01
    endloop
  endfacet
  facet normal 5.633201e-01 0.000000e+00 -8.262388e-01
    outer loop
      vertex   -5.114586e+00 9.450000e+01 3.475036e+01
      vertex   -5.114586e+00 9.950000e+01 3.475036e+01
      vertex   -3.885166e+00 9.450000e+01 3.558857e+01
    endloop
  endfacet
  facet normal 5.633201e-01 -2.235314e-16 -8.262388e-01
    outer loop
      vertex   -3.885166e+00 9.450000e+01 3.558857e+01
      vertex   -5.114586e+00 9.950000e+01 3.475036e+01
      vertex   -3.885166e+00 9.950000e+01 3.558857e+01
    endloop
  endfacet
  facet normal 4.338837e-01 -5.481580e-16 -9.009689e-01
    outer loop
      vertex   -3.885166e+00 9.450000e+01 3.558857e+01
      vertex   -3.885166e+00 9.950000e+01 3.558857e+01
      vertex   -2.544549e+00 9.450000e+01 3.623417e+01
    endloop
  endfacet
  facet normal 4.338837e-01 3.853662e-16 -9.009689e-01
    outer loop
      vertex   -2.544549e+00 9.450000e+01 3.623417e+01
      vertex   -3.885166e+00 9.950000e+01 3.558857e+01
      vertex   -2.544549e+00 9.950000e+01 3.623417e+01
    endloop
  endfacet
  facet normal 2.947552e-01 2.617952e-16 -9.555728e-01
    outer loop
      vertex   -2.544549e+00 9.450000e+01 3.623417e+01
      vertex   -2.544549e+00 9.950000e+01 3.623417e+01
      vertex   -1.122684e+00 9.450000e+01 3.667276e+01
    endloop
  endfacet
  facet normal 2.947552e-01 0.000000e+00 -9.555728e-01
    outer loop
      vertex   -1.122684e+00 9.450000e+01 3.667276e+01
      vertex   -2.544549e+00 9.950000e+01 3.623417e+01
      vertex   -1.122684e+00 9.950000e+01 3.667276e+01
    endloop
  endfacet
  facet normal 1.490423e-01 0.000000e+00 -9.888308e-01
    outer loop
      vertex   -1.122684e+00 9.450000e+01 3.667276e+01
      vertex   -1.122684e+00 9.950000e+01 3.667276e+01
      vertex   3.486686e-01 9.450000e+01 3.689453e+01
    endloop
  endfacet
  facet normal 1.490423e-01 1.985642e-16 -9.888308e-01
    outer loop
      vertex   3.486686e-01 9.450000e+01 3.689453e+01
      vertex   -1.122684e+00 9.950000e+01 3.667276e+01
      vertex   3.486686e-01 9.950000e+01 3.689453e+01
    endloop
  endfacet
  facet normal 0.000000e+00 0.000000e+00 -1.000000e+00
    outer loop
      vertex   3.486686e-01 9.450000e+01 3.689453e+01
      vertex   3.486686e-01 9.950000e+01 3.689453e+01
      vertex   1.836640e+00 9.450000e+01 3.689453e+01
    endloop
  endfacet
  facet normal 0.000000e+00 0.000000e+00 -1.000000e+00
    outer loop
      vertex   1.836640e+00 9.450000e+01 3.689453e+01
      vertex   3.486686e-01 9.950000e+01 3.689453e+01
      vertex   1.836640e+00 9.950000e+01 3.689453e+01
    endloop
  endfacet
  facet normal -1.490423e-01 -1.323761e-16 -9.888308e-01
    outer loop
      vertex   1.836640e+00 9.450000e+01 3.689453e+01
      vertex   1.836640e+00 9.950000e+01 3.689453e+01
      vertex   3.307993e+00 9.450000e+01 3.667276e+01
    endloop
  endfacet
  facet normal -1.490423e-01 0.000000e+00 -9.888308e-01
    outer loop
      vertex   3.307993e+00 9.450000e+01 3.667276e+01
      vertex   1.836640e+00 9.950000e+01 3.689453e+01
      vertex   3.307993e+00 9.950000e+01 3.667276e+01
    endloop
  endfacet
  facet normal -2.947552e-01 0.000000e+00 -9.555728e-01
    outer loop
      vertex   3.307993e+00 9.450000e+01 3.667276e+01
      vertex   3.307993e+00 9.950000e+01 3.667276e+01
      vertex   4.729858e+00 9.450000e+01 3.623417e+01
    endloop
  endfacet
  facet normal -2.947552e-01 9.914374e-16 -9.555728e-01
    outer loop
      vertex   4.729858e+00 9.450000e+01 3.623417e+01
      vertex   3.307993e+00 9.950000e+01 3.667276e+01
      vertex   4.729858e+00 9.950000e+01 3.623417e+01
    endloop
  endfacet
  facet normal -4.338837e-01 7.408411e-16 -9.009689e-01
    outer loop
      vertex   4.729858e+00 9.450000e+01 3.623417e+01
      vertex   4.729858e+00 9.950000e+01 3.623417e+01
      vertex   6.070475e+00 9.450000e+01 3.558857e+01
    endloop
  endfacet
  facet normal -4.338837e-01 8.949876e-16 -9.009689e-01
    outer loop
      vertex   6.070475e+00 9.450000e+01 3.558857e+01
      vertex   4.729858e+00 9.950000e+01 3.623417e+01
      vertex   6.070475e+00 9.950000e+01 3.558857e+01
    endloop
  endfacet
  facet normal -5.633201e-01 6.738272e-16 -8.262388e-01
    outer loop
      vertex   6.070475e+00 9.450000e+01 3.558857e+01
      vertex   6.070475e+00 9.950000e+01 3.558857e+01
      vertex   7.299895e+00 9.450000e+01 3.475036e+01
    endloop
  endfacet
  facet normal -5.633201e-01 0.000000e+00 -8.262388e-01
    outer loop
      vertex   7.299895e+00 9.450000e+01 3.475036e+01
      vertex   6.070475e+00 9.950000e+01 3.558857e+01
      vertex   7.299895e+00 9.950000e+01 3.475036e+01
    endloop
  endfacet
  facet normal -6.801727e-01 0.000000e+00 -7.330519e-01
    outer loop
      vertex   7.299895e+00 9.450000e+01 3.475036e+01
      vertex   7.299895e+00 9.950000e+01 3.475036e+01
      vertex   8.390655e+00 9.450000e+01 3.373828e+01
    endloop
  endfacet
  facet normal -6.801727e-01 -7.249377e-16 -7.330519e-01
    outer loop
      vertex   8.390655e+00 9.450000e+01 3.373828e+01
      vertex   7.299895e+00 9.950000e+01 3.475036e+01
      vertex   8.390655e+00 9.950000e+01 3.373828e+01
    endloop
  endfacet
  facet normal -7.818315e-01 -8.332870e-16 -6.234898e-01
    outer loop
      vertex   8.390655e+00 9.450000e+01 3.373828e+01
      vertex   8.390655e+00 9.950000e+01 3.373828e+01
      vertex   9.318391e+00 9.450000e+01 3.257494e+01
    endloop
  endfacet
  facet normal -7.818315e-01 -5.555247e-16 -6.234898e-01
    outer loop
      vertex   9.318391e+00 9.450000e+01 3.257494e+01
      vertex   8.390655e+00 9.950000e+01 3.373828e+01
      vertex   9.318391e+00 9.950000e+01 3.257494e+01
    endloop
  endfacet
  facet normal -8.660254e-01 -6.153481e-16 -5.000000e-01
    outer loop
      vertex   9.318391e+00 9.450000e+01 3.257494e+01
      vertex   9.318391e+00 9.950000e+01 3.257494e+01
      vertex   1.006238e+01 9.450000e+01 3.128632e+01
    endloop
  endfacet
  facet normal -8.660254e-01 0.000000e+00 -5.000000e-01
    outer loop
      vertex   1.006238e+01 9.450000e+01 3.128632e+01
      vertex   9.318391e+00 9.950000e+01 3.257494e+01
      vertex   1.006238e+01 9.950000e+01 3.128632e+01
    endloop
  endfacet
  facet normal -9.308737e-01 0.000000e+00 -3.653410e-01
    outer loop
      vertex   1.006238e+01 9.450000e+01 3.128632e+01
      vertex   1.006238e+01 9.950000e+01 3.128632e+01
      vertex   1.060599e+01 9.450000e+01 2.990120e+01
    endloop
  endfacet
  facet normal -9.308737e-01 2.595904e-16 -3.653410e-01
    outer loop
      vertex   1.060599e+01 9.450000e+01 2.990120e+01
      vertex   1.006238e+01 9.950000e+01 3.128632e+01
      vertex   1.060599e+01 9.950000e+01 2.990120e+01
    endloop
  endfacet
  facet normal -9.749279e-01 1.581106e-16 -2.225209e-01
    outer loop
      vertex   1.060599e+01 9.450000e+01 2.990120e+01
      vertex   1.060599e+01 9.950000e+01 2.990120e+01
      vertex   1.093710e+01 9.450000e+01 2.845054e+01
    endloop
  endfacet
  facet normal -9.749279e-01 1.581106e-16 -2.225209e-01
    outer loop
      vertex   1.093710e+01 9.450000e+01 2.845054e+01
      vertex   1.060599e+01 9.950000e+01 2.990120e+01
      vertex   1.093710e+01 9.950000e+01 2.845054e+01
    endloop
  endfacet
  facet normal 0.000000e+00 1.000000e+00 0.000000e+00
    outer loop
      vertex   3.933587e+01 9.950000e+01 2.947816e+00
      vertex   3.944617e+01 9.950000e+01 -4.830762e-15
      vertex   5.500000e+00 9.950000e+01 -6.735557e-16
    endloop
  endfacet
  facet normal 0.000000e+00 1.000000e+00 0.000000e+00
    outer loop
      vertex   5.500000e+00 9.950000e+01 -6.735557e-16
      vertex   3.944617e+01 9.950000e+01 -4.830762e-15
      vertex   3.933587e+01 9.950000e+01 -2.947816e+00
    endloop
  endfacet
  facet normal 0.000000e+00 1.000000e+00 0.000000e+00
    outer loop
      vertex   5.500000e+00 9.950000e+01 -6.735557e-16
      vertex   3.933587e+01 9.950000e+01 -2.947816e+00
      vertex   5.394319e+00 9.950000e+01 -1.072997e+00
    endloop
  endfacet
  facet normal 0.000000e+00 1.000000e+00 0.000000e+00
    outer loop
      vertex   5.394319e+00 9.950000e+01 -1.072997e+00
      vertex   3.933587e+01 9.950000e+01 -2.947816e+00
      vertex   3.900559e+01 9.950000e+01 -5.879146e+00
    endloop
  endfacet
  facet normal 0.000000e+00 1.000000e+00 0.000000e+00
    outer loop
      vertex   5.394319e+00 9.950000e+01 -1.072997e+00
      vertex   3.900559e+01 9.950000e+01 -5.879146e+00
      vertex   3.845717e+01 9.950000e+01 -8.777598e+00
    endloop
  endfacet
  facet normal 0.000000e+00 1.000000e+00 0.000000e+00
    outer loop
      vertex   3.845717e+01 9.950000e+01 -8.777598e+00
      vertex   3.769368e+01 9.950000e+01 -1.162696e+01
      vertex   5.394319e+00 9.950000e+01 -1.072997e+00
    endloop
  endfacet
  facet normal 0.000000e+00 1.000000e+00 0.000000e+00
    outer loop
      vertex   5.394319e+00 9.950000e+01 -1.072997e+00
      vertex   3.769368e+01 9.950000e+01 -1.162696e+01
      vertex   5.081337e+00 9.950000e+01 -2.104759e+00
    endloop
  endfacet
  facet normal 0.000000e+00 1.000000e+00 0.000000e+00
    outer loop
      vertex   5.081337e+00 9.950000e+01 -2.104759e+00
      vertex   3.769368e+01 9.950000e+01 -1.162696e+01
      vertex   3.671940e+01 9.950000e+01 -1.441130e+01
    endloop
  endfacet
  facet normal 0.000000e+00 1.000000e+00 0.000000e+00
    outer loop
      vertex   5.081337e+00 9.950000e+01 -2.104759e+00
      vertex   3.671940e+01 9.950000e+01 -1.441130e+01
      vertex   3.553977e+01 9.950000e+01 -1.711505e+01
    endloop
  endfacet
  facet normal 0.000000e+00 1.000000e+00 0.000000e+00
    outer loop
      vertex   3.553977e+01 9.950000e+01 -1.711505e+01
      vertex   3.416138e+01 9.950000e+01 -1.972308e+01
      vertex   5.081337e+00 9.950000e+01 -2.104759e+00
    endloop
  endfacet
  facet normal 0.000000e+00 1.000000e+00 0.000000e+00
    outer loop
      vertex   5.081337e+00 9.950000e+01 -2.104759e+00
      vertex   3.416138e+01 9.950000e+01 -1.972308e+01
      vertex   4.573083e+00 9.950000e+01 -3.055636e+00
    endloop
  endfacet
  facet normal 0.000000e+00 1.000000e+00 0.000000e+00
    outer loop
      vertex   4.573083e+00 9.950000e+01 -3.055636e+00
      vertex   3.416138e+01 9.950000e+01 -1.972308e+01
      vertex   3.259195e+01 9.950000e+01 -2.222082e+01
    endloop
  endfacet
  facet normal 0.000000e+00 1.000000e+00 0.000000e+00
    outer loop
      vertex   4.573083e+00 9.950000e+01 -3.055636e+00
      vertex   3.259195e+01 9.950000e+01 -2.222082e+01
      vertex   3.084025e+01 9.950000e+01 -2.459428e+01
    endloop
  endfacet
  facet normal 0.000000e+00 1.000000e+00 0.000000e+00
    outer loop
      vertex   4.573083e+00 9.950000e+01 -3.055636e+00
      vertex   3.084025e+01 9.950000e+01 -2.459428e+01
      vertex   3.889087e+00 9.950000e+01 -3.889087e+00
    endloop
  endfacet
  facet normal 0.000000e+00 1.000000e+00 0.000000e+00
    outer loop
      vertex   3.889087e+00 9.950000e+01 -3.889087e+00
      vertex   3.084025e+01 9.950000e+01 -2.459428e+01
      vertex   2.891609e+01 9.950000e+01 -2.683021e+01
    endloop
  endfacet
  facet normal 0.000000e+00 1.000000e+00 0.000000e+00
    outer loop
      vertex   3.889087e+00 9.950000e+01 -3.889087e+00
      vertex   2.891609e+01 9.950000e+01 -2.683021e+01
      vertex   2.683021e+01 9.950000e+01 -2.891609e+01
    endloop
  endfacet
  facet normal 0.000000e+00 1.000000e+00 0.000000e+00
    outer loop
      vertex   2.683021e+01 9.950000e+01 -2.891609e+01
      vertex   2.459428e+01 9.950000e+01 -3.084025e+01
      vertex   3.889087e+00 9.950000e+01 -3.889087e+00
    endloop
  endfacet
  facet normal 0.000000e+00 1.000000e+00 0.000000e+00
    outer loop
      vertex   3.889087e+00 9.950000e+01 -3.889087e+00
      vertex   2.459428e+01 9.950000e+01 -3.084025e+01
      vertex   3.055636e+00 9.950000e+01 -4.573083e+00
    endloop
  endfacet
  facet normal 0.000000e+00 1.000000e+00 0.000000e+00
    outer loop
      vertex   3.055636e+00 9.950000e+01 -4.573083e+00
      vertex   2.459428e+01 9.950000e+01 -3.084025e+01
      vertex   2.222082e+01 9.950000e+01 -3.259195e+01
    endloop
  endfacet
  facet normal 0.000000e+00 1.000000e+00 0.000000e+00
    outer loop
      vertex   3.055636e+00 9.950000e+01 -4.573083e+00
      vertex   2.222082e+01 9.950000e+01 -3.259195e+01
      vertex   1.972308e+01 9.950000e+01 -3.416138e+01
    endloop
  endfacet
  facet normal 0.000000e+00 1.000000e+00 0.000000e+00
    outer loop
      vertex   3.055636e+00 9.950000e+01 -4.573083e+00
      vertex   1.972308e+01 9.950000e+01 -3.416138e+01
      vertex   2.104759e+00 9.950000e+01 -5.081337e+00
    endloop
  endfacet
  facet normal 0.000000e+00 1.000000e+00 0.000000e+00
    outer loop
      vertex   2.104759e+00 9.950000e+01 -5.081337e+00
      vertex   1.972308e+01 9.950000e+01 -3.416138e+01
      vertex   1.711505e+01 9.950000e+01 -3.553977e+01
    endloop
  endfacet
  facet normal 0.000000e+00 1.000000e+00 0.000000e+00
    outer loop
      vertex   2.104759e+00 9.950000e+01 -5.081337e+00
      vertex   1.711505e+01 9.950000e+01 -3.553977e+01
      vertex   1.441130e+01 9.950000e+01 -3.671940e+01
    endloop
  endfacet
  facet normal 0.000000e+00 1.000000e+00 0.000000e+00
    outer loop
      vertex   1.441130e+01 9.950000e+01 -3.671940e+01
      vertex   1.162696e+01 9.950000e+01 -3.769368e+01
      vertex   2.104759e+00 9.950000e+01 -5.081337e+00
    endloop
  endfacet
  facet normal 0.000000e+00 1.000000e+00 0.000000e+00
    outer loop
      vertex   2.104759e+00 9.950000e+01 -5.081337e+00
      vertex   1.162696e+01 9.950000e+01 -3.769368e+01
      vertex   1.072997e+00 9.950000e+01 -5.394319e+00
    endloop
  endfacet
  facet normal 0.000000e+00 1.000000e+00 0.000000e+00
    outer loop
      vertex   1.072997e+00 9.950000e+01 -5.394319e+00
      vertex   1.162696e+01 9.950000e+01 -3.769368e+01
      vertex   8.777598e+00 9.950000e+01 -3.845717e+01
    endloop
  endfacet
  facet normal 0.000000e+00 1.000000e+00 0.000000e+00
    outer loop
      vertex   1.072997e+00 9.950000e+01 -5.394319e+00
      vertex   8.777598e+00 9.950000e+01 -3.845717e+01
      vertex   5.879146e+00 9.950000e+01 -3.900559e+01
    endloop
  endfacet
  facet normal 0.000000e+00 1.000000e+00 0.000000e+00
    outer loop
      vertex   5.879146e+00 9.950000e+01 -3.900559e+01
      vertex   2.947816e+00 9.950000e+01 -3.933587e+01
      vertex   1.072997e+00 9.950000e+01 -5.394319e+00
    endloop
  endfacet
  facet normal 0.000000e+00 1.000000e+00 0.000000e+00
    outer loop
      vertex   1.072997e+00 9.950000e+01 -5.394319e+00
      vertex   2.947816e+00 9.950000e+01 -3.933587e+01
      vertex   -3.367779e-16 9.950000e+01 -5.500000e+00
    endloop
  endfacet
  facet normal 0.000000e+00 1.000000e+00 0.000000e+00
    outer loop
      vertex   -3.367779e-16 9.950000e+01 -5.500000e+00
      vertex   2.947816e+00 9.950000e+01 -3.933587e+01
      vertex   -2.415381e-15 9.950000e+01 -3.944617e+01
    endloop
  endfacet
  facet normal 0.000000e+00 1.000000e+00 0.000000e+00
    outer loop
      vertex   -3.367779e-16 9.950000e+01 -5.500000e+00
      vertex   -2.415381e-15 9.950000e+01 -3.944617e+01
      vertex   -2.947816e+00 9.950000e+01 -3.933587e+01
    endloop
  endfacet
  facet normal 0.000000e+00 1.000000e+00 0.000000e+00
    outer loop
      vertex   -3.367779e-16 9.950000e+01 -5.500000e+00
      vertex   -2.947816e+00 9.950000e+01 -3.933587e+01
      vertex   -1.072997e+00 9.950000e+01 -5.394319e+00
    endloop
  endfacet
  facet normal 0.000000e+00 1.000000e+00 0.000000e+00
    outer loop
      vertex   -1.072997e+00 9.950000e+01 -5.394319e+00
      vertex   -2.947816e+00 9.950000e+01 -3.933587e+01
      vertex   -5.879146e+00 9.950000e+01 -3.900559e+01
    endloop
  endfacet
  facet normal 0.000000e+00 1.000000e+00 0.000000e+00
    outer loop
      vertex   -1.072997e+00 9.950000e+01 -5.394319e+00
      vertex   -5.879146e+00 9.950000e+01 -3.900559e+01
      vertex   -8.777598e+00 9.950000e+01 -3.845717e+01
    endloop
  endfacet
  facet normal 0.000000e+00 1.000000e+00 -0.000000e+00
    outer loop
      vertex   -8.777598e+00 9.950000e+01 -3.845717e+01
      vertex   -1.162696e+01 9.950000e+01 -3.769368e+01
      vertex   -1.072997e+00 9.950000e+01 -5.394319e+00
    endloop
  endfacet
  facet normal 0.000000e+00 1.000000e+00 0.000000e+00
    outer loop
      vertex   -1.072997e+00 9.950000e+01 -5.394319e+00
      vertex   -1.162696e+01 9.950000e+01 -3.769368e+01
      vertex   -2.104759e+00 9.950000e+01 -5.081337e+00
    endloop
  endfacet
  facet normal 0.000000e+00 1.000000e+00 0.000000e+00
    outer loop
      vertex   -2.104759e+00 9.950000e+01 -5.081337e+00
      vertex   -1.162696e+01 9.950000e+01 -3.769368e+01
      vertex   -1.441130e+01 9.950000e+01 -3.671940e+01
    endloop
  endfacet
  facet normal 0.000000e+00 1.000000e+00 0.000000e+00
    outer loop
      vertex   -2.104759e+00 9.950000e+01 -5.081337e+00
      vertex   -1.441130e+01 9.950000e+01 -3.671940e+01
      vertex   -3.055636e+00 9.950000e+01 -4.573083e+00
    endloop
  endfacet
  facet normal 0.000000e+00 1.000000e+00 0.000000e+00
    outer loop
      vertex   -3.055636e+00 9.950000e+01 -4.573083e+00
      vertex   -1.441130e+01 9.950000e+01 -3.671940e+01
      vertex   -3.889087e+00 9.950000e+01 -3.889087e+00
    endloop
  endfacet
  facet normal 0.000000e+00 1.000000e+00 0.000000e+00
    outer loop
      vertex   -3.889087e+00 9.950000e+01 -3.889087e+00
      vertex   -1.441130e+01 9.950000e+01 -3.671940e+01
      vertex   -4.573083e+00 9.950000e+01 -3.055636e+00
    endloop
  endfacet
  facet normal 0.000000e+00 1.000000e+00 0.000000e+00
    outer loop
      vertex   -4.573083e+00 9.950000e+01 -3.055636e+00
      vertex   -1.441130e+01 9.950000e+01 -3.671940e+01
      vertex   -1.711505e+01 9.950000e+01 -3.553977e+01
    endloop
  endfacet
  facet normal 0.000000e+00 1.000000e+00 0.000000e+00
    outer loop
      vertex   -4.573083e+00 9.950000e+01 -3.055636e+00
      vertex   -1.711505e+01 9.950000e+01 -3.553977e+01
      vertex   -1.972308e+01 9.950000e+01 -3.416138e+01
    endloop
  endfacet
  facet normal 0.000000e+00 1.000000e+00 -0.000000e+00
    outer loop
      vertex   -1.972308e+01 9.950000e+01 -3.416138e+01
      vertex   -2.222082e+01 9.950000e+01 -3.259195e+01
      vertex   -4.573083e+00 9.950000e+01 -3.055636e+00
    endloop
  endfacet
  facet normal 0.000000e+00 1.000000e+00 0.000000e+00
    outer loop
      vertex   -4.573083e+00 9.950000e+01 -3.055636e+00
      vertex   -2.222082e+01 9.950000e+01 -3.259195e+01
      vertex   -2.459428e+01 9.950000e+01 -3.084025e+01
    endloop
  endfacet
  facet normal 0.000000e+00 1.000000e+00 0.000000e+00
    outer loop
      vertex   -4.573083e+00 9.950000e+01 -3.055636e+00
      vertex   -2.459428e+01 9.950000e+01 -3.084025e+01
      vertex   -2.683021e+01 9.950000e+01 -2.891609e+01
    endloop
  endfacet
  facet normal 0.000000e+00 1.000000e+00 -0.000000e+00
    outer loop
      vertex   -2.683021e+01 9.950000e+01 -2.891609e+01
      vertex   -2.891609e+01 9.950000e+01 -2.683021e+01
      vertex   -4.573083e+00 9.950000e+01 -3.055636e+00
    endloop
  endfacet
  facet normal 0.000000e+00 1.000000e+00 0.000000e+00
    outer loop
      vertex   -4.573083e+00 9.950000e+01 -3.055636e+00
      vertex   -2.891609e+01 9.950000e+01 -2.683021e+01
      vertex   -3.084025e+01 9.950000e+01 -2.459428e+01
    endloop
  endfacet
  facet normal 0.000000e+00 1.000000e+00 0.000000e+00
    outer loop
      vertex   -4.573083e+00 9.950000e+01 -3.055636e+00
      vertex   -3.084025e+01 9.950000e+01 -2.459428e+01
      vertex   -3.259195e+01 9.950000e+01 -2.222082e+01
    endloop
  endfacet
  facet normal 0.000000e+00 1.000000e+00 -0.000000e+00
    outer loop
      vertex   -3.259195e+01 9.950000e+01 -2.222082e+01
      vertex   -3.416138e+01 9.950000e+01 -1.972308e+01
      vertex   -4.573083e+00 9.950000e+01 -3.055636e+00
    endloop
  endfacet
  facet normal 0.000000e+00 1.000000e+00 0.000000e+00
    outer loop
      vertex   -4.573083e+00 9.950000e+01 -3.055636e+00
      vertex   -3.416138e+01 9.950000e+01 -1.972308e+01
      vertex   -5.081337e+00 9.950000e+01 -2.104759e+00
    endloop
  endfacet
  facet normal 0.000000e+00 1.000000e+00 0.000000e+00
    outer loop
      vertex   -5.081337e+00 9.950000e+01 -2.104759e+00
      vertex   -3.416138e+01 9.950000e+01 -1.972308e+01
      vertex   -3.553977e+01 9.950000e+01 -1.711505e+01
    endloop
  endfacet
  facet normal 0.000000e+00 1.000000e+00 0.000000e+00
    outer loop
      vertex   -5.081337e+00 9.950000e+01 -2.104759e+00
      vertex   -3.553977e+01 9.950000e+01 -1.711505e+01
      vertex   -3.671940e+01 9.950000e+01 -1.441130e+01
    endloop
  endfacet
  facet normal 0.000000e+00 1.000000e+00 -0.000000e+00
    outer loop
      vertex   -3.671940e+01 9.950000e+01 -1.441130e+01
      vertex   -3.769368e+01 9.950000e+01 -1.162696e+01
      vertex   -5.081337e+00 9.950000e+01 -2.104759e+00
    endloop
  endfacet
  facet normal 0.000000e+00 1.000000e+00 0.000000e+00
    outer loop
      vertex   -5.081337e+00 9.950000e+01 -2.104759e+00
      vertex   -3.769368e+01 9.950000e+01 -1.162696e+01
      vertex   -5.394319e+00 9.950000e+01 -1.072997e+00
    endloop
  endfacet
  facet normal 0.000000e+00 1.000000e+00 0.000000e+00
    outer loop
      vertex   -5.394319e+00 9.950000e+01 -1.072997e+00
      vertex   -3.769368e+01 9.950000e+01 -1.162696e+01
      vertex   -3.845717e+01 9.950000e+01 -8.777598e+00
    endloop
  endfacet
  facet normal 0.000000e+00 1.000000e+00 0.000000e+00
    outer loop
      vertex   -5.394319e+00 9.950000e+01 -1.072997e+00
      vertex   -3.845717e+01 9.950000e+01 -8.777598e+00
      vertex   -3.900559e+01 9.950000e+01 -5.879146e+00
    endloop
  endfacet
  facet normal 0.000000e+00 1.000000e+00 -0.000000e+00
    outer loop
      vertex   -3.900559e+01 9.950000e+01 -5.879146e+00
      vertex   -3.933587e+01 9.950000e+01 -2.947816e+00
      vertex   -5.394319e+00 9.950000e+01 -1.072997e+00
    endloop
  endfacet
  facet normal 0.000000e+00 1.000000e+00 0.000000e+00
    outer loop
      vertex   -5.394319e+00 9.950000e+01 -1.072997e+00
      vertex   -3.933587e+01 9.950000e+01 -2.947816e+00
      vertex   -5.500000e+00 9.950000e+01 0.000000e+00
    endloop
  endfacet
  facet normal 0.000000e+00 1.000000e+00 0.000000e+00
    outer loop
      vertex   -5.500000e+00 9.950000e+01 0.000000e+00
      vertex   -3.933587e+01 9.950000e+01 -2.947816e+00
      vertex   -3.944617e+01 9.950000e+01 0.000000e+00
    endloop
  endfacet
  facet normal 0.000000e+00 1.000000e+00 0.000000e+00
    outer loop
      vertex   -5.500000e+00 9.950000e+01 0.000000e+00
      vertex   -3.944617e+01 9.950000e+01 0.000000e+00
      vertex   -3.933587e+01 9.950000e+01 2.947816e+00
    endloop
  endfacet
  facet normal 0.000000e+00 1.000000e+00 -0.000000e+00
    outer loop
      vertex   -5.500000e+00 9.950000e+01 0.000000e+00
      vertex   -3.933587e+01 9.950000e+01 2.947816e+00
      vertex   -5.394319e+00 9.950000e+01 1.072997e+00
    endloop
  endfacet
  facet normal 0.000000e+00 1.000000e+00 0.000000e+00
    outer loop
      vertex   -5.394319e+00 9.950000e+01 1.072997e+00
      vertex   -3.933587e+01 9.950000e+01 2.947816e+00
      vertex   -3.900559e+01 9.950000e+01 5.879146e+00
    endloop
  endfacet
  facet normal 0.000000e+00 1.000000e+00 0.000000e+00
    outer loop
      vertex   -5.394319e+00 9.950000e+01 1.072997e+00
      vertex   -3.900559e+01 9.950000e+01 5.879146e+00
      vertex   -3.845717e+01 9.950000e+01 8.777598e+00
    endloop
  endfacet
  facet normal -0.000000e+00 1.000000e+00 0.000000e+00
    outer loop
      vertex   -3.845717e+01 9.950000e+01 8.777598e+00
      vertex   -3.769368e+01 9.950000e+01 1.162696e+01
      vertex   -5.394319e+00 9.950000e+01 1.072997e+00
    endloop
  endfacet
  facet normal 0.000000e+00 1.000000e+00 -0.000000e+00
    outer loop
      vertex   -5.394319e+00 9.950000e+01 1.072997e+00
      vertex   -3.769368e+01 9.950000e+01 1.162696e+01
      vertex   -5.081337e+00 9.950000e+01 2.104759e+00
    endloop
  endfacet
  facet normal 0.000000e+00 1.000000e+00 0.000000e+00
    outer loop
      vertex   -5.081337e+00 9.950000e+01 2.104759e+00
      vertex   -3.769368e+01 9.950000e+01 1.162696e+01
      vertex   -3.671940e+01 9.950000e+01 1.441130e+01
    endloop
  endfacet
  facet normal 0.000000e+00 1.000000e+00 0.000000e+00
    outer loop
      vertex   -5.081337e+00 9.950000e+01 2.104759e+00
      vertex   -3.671940e+01 9.950000e+01 1.441130e+01
      vertex   -3.553977e+01 9.950000e+01 1.711505e+01
    endloop
  endfacet
  facet normal 0.000000e+00 1.000000e+00 0.000000e+00
    outer loop
      vertex   -5.081337e+00 9.950000e+01 2.104759e+00
      vertex   -3.553977e+01 9.950000e+01 1.711505e+01
      vertex   -7.133082e+00 9.950000e+01 2.135852e+01
    endloop
  endfacet
  facet normal 0.000000e+00 1.000000e+00 0.000000e+00
    outer loop
      vertex   -7.133082e+00 9.950000e+01 2.135852e+01
      vertex   -3.553977e+01 9.950000e+01 1.711505e+01
      vertex   -3.416138e+01 9.950000e+01 1.972308e+01
    endloop
  endfacet
  facet normal 0.000000e+00 1.000000e+00 0.000000e+00
    outer loop
      vertex   -7.133082e+00 9.950000e+01 2.135852e+01
      vertex   -3.416138e+01 9.950000e+01 1.972308e+01
      vertex   -3.259195e+01 9.950000e+01 2.222082e+01
    endloop
  endfacet
  facet normal 0.000000e+00 1.000000e+00 0.000000e+00
    outer loop
      vertex   -7.133082e+00 9.950000e+01 2.135852e+01
      vertex   -3.259195e+01 9.950000e+01 2.222082e+01
      vertex   -7.877068e+00 9.950000e+01 2.264714e+01
    endloop
  endfacet
  facet normal 0.000000e+00 1.000000e+00 0.000000e+00
    outer loop
      vertex   -7.877068e+00 9.950000e+01 2.264714e+01
      vertex   -3.259195e+01 9.950000e+01 2.222082e+01
      vertex   -3.084025e+01 9.950000e+01 2.459428e+01
    endloop
  endfacet
  facet normal 0.000000e+00 1.000000e+00 0.000000e+00
    outer loop
      vertex   -7.877068e+00 9.950000e+01 2.264714e+01
      vertex   -3.084025e+01 9.950000e+01 2.459428e+01
      vertex   -2.891609e+01 9.950000e+01 2.683021e+01
    endloop
  endfacet
  facet normal 0.000000e+00 1.000000e+00 0.000000e+00
    outer loop
      vertex   -7.877068e+00 9.950000e+01 2.264714e+01
      vertex   -2.891609e+01 9.950000e+01 2.683021e+01
      vertex   -8.420685e+00 9.950000e+01 2.403225e+01
    endloop
  endfacet
  facet normal 0.000000e+00 1.000000e+00 0.000000e+00
    outer loop
      vertex   -8.420685e+00 9.950000e+01 2.403225e+01
      vertex   -2.891609e+01 9.950000e+01 2.683021e+01
      vertex   -2.683021e+01 9.950000e+01 2.891609e+01
    endloop
  endfacet
  facet normal 0.000000e+00 1.000000e+00 0.000000e+00
    outer loop
      vertex   -8.420685e+00 9.950000e+01 2.403225e+01
      vertex   -2.683021e+01 9.950000e+01 2.891609e+01
      vertex   -2.459428e+01 9.950000e+01 3.084025e+01
    endloop
  endfacet
  facet normal 0.000000e+00 1.000000e+00 0.000000e+00
    outer loop
      vertex   -8.420685e+00 9.950000e+01 2.403225e+01
      vertex   -2.459428e+01 9.950000e+01 3.084025e+01
      vertex   -8.751790e+00 9.950000e+01 2.548292e+01
    endloop
  endfacet
  facet normal 0.000000e+00 1.000000e+00 0.000000e+00
    outer loop
      vertex   -8.751790e+00 9.950000e+01 2.548292e+01
      vertex   -2.459428e+01 9.950000e+01 3.084025e+01
      vertex   -2.222082e+01 9.950000e+01 3.259195e+01
    endloop
  endfacet
  facet normal 0.000000e+00 1.000000e+00 0.000000e+00
    outer loop
      vertex   -8.751790e+00 9.950000e+01 2.548292e+01
      vertex   -2.222082e+01 9.950000e+01 3.259195e+01
      vertex   -8.862986e+00 9.950000e+01 2.696673e+01
    endloop
  endfacet
  facet normal 0.000000e+00 1.000000e+00 0.000000e+00
    outer loop
      vertex   -8.862986e+00 9.950000e+01 2.696673e+01
      vertex   -2.222082e+01 9.950000e+01 3.259195e+01
      vertex   -1.972308e+01 9.950000e+01 3.416138e+01
    endloop
  endfacet
  facet normal 0.000000e+00 1.000000e+00 0.000000e+00
    outer loop
      vertex   -8.862986e+00 9.950000e+01 2.696673e+01
      vertex   -1.972308e+01 9.950000e+01 3.416138e+01
      vertex   -1.711505e+01 9.950000e+01 3.553977e+01
    endloop
  endfacet
  facet normal -0.000000e+00 1.000000e+00 0.000000e+00
    outer loop
      vertex   -1.711505e+01 9.950000e+01 3.553977e+01
      vertex   -1.441130e+01 9.950000e+01 3.671940e+01
      vertex   -8.862986e+00 9.950000e+01 2.696673e+01
    endloop
  endfacet
  facet normal 0.000000e+00 1.000000e+00 0.000000e+00
    outer loop
      vertex   -8.862986e+00 9.950000e+01 2.696673e+01
      vertex   -1.441130e+01 9.950000e+01 3.671940e+01
      vertex   -1.162696e+01 9.950000e+01 3.769368e+01
    endloop
  endfacet
  facet normal 0.000000e+00 1.000000e+00 -0.000000e+00
    outer loop
      vertex   -8.862986e+00 9.950000e+01 2.696673e+01
      vertex   -1.162696e+01 9.950000e+01 3.769368e+01
      vertex   -8.751790e+00 9.950000e+01 2.845054e+01
    endloop
  endfacet
  facet normal 0.000000e+00 1.000000e+00 -0.000000e+00
    outer loop
      vertex   -8.751790e+00 9.950000e+01 2.845054e+01
      vertex   -1.162696e+01 9.950000e+01 3.769368e+01
      vertex   -8.420685e+00 9.950000e+01 2.990120e+01
    endloop
  endfacet
  facet normal 0.000000e+00 1.000000e+00 -0.000000e+00
    outer loop
      vertex   -8.420685e+00 9.950000e+01 2.990120e+01
      vertex   -1.162696e+01 9.950000e+01 3.769368e+01
      vertex   -7.877068e+00 9.950000e+01 3.128632e+01
    endloop
  endfacet
  facet normal 0.000000e+00 1.000000e+00 -0.000000e+00
    outer loop
      vertex   -7.877068e+00 9.950000e+01 3.128632e+01
      vertex   -1.162696e+01 9.950000e+01 3.769368e+01
      vertex   -7.133082e+00 9.950000e+01 3.257494e+01
    endloop
  endfacet
  facet normal 0.000000e+00 1.000000e+00 0.000000e+00
    outer loop
      vertex   -7.133082e+00 9.950000e+01 3.257494e+01
      vertex   -1.162696e+01 9.950000e+01 3.769368e+01
      vertex   -8.777598e+00 9.950000e+01 3.845717e+01
    endloop
  endfacet
  facet normal 0.000000e+00 1.000000e+00 -0.000000e+00
    outer loop
      vertex   -7.133082e+00 9.950000e+01 3.257494e+01
      vertex   -8.777598e+00 9.950000e+01 3.845717e+01
      vertex   -6.205346e+00 9.950000e+01 3.373828e+01
    endloop
  endfacet
  facet normal 0.000000e+00 1.000000e+00 -0.000000e+00
    outer loop
      vertex   -6.205346e+00 9.950000e+01 3.373828e+01
      vertex   -8.777598e+00 9.950000e+01 3.845717e+01
      vertex   -5.114586e+00 9.950000e+01 3.475036e+01
    endloop
  endfacet
  facet normal 0.000000e+00 1.000000e+00 0.000000e+00
    outer loop
      vertex   -5.114586e+00 9.950000e+01 3.475036e+01
      vertex   -8.777598e+00 9.950000e+01 3.845717e+01
      vertex   -5.879146e+00 9.950000e+01 3.900559e+01
    endloop
  endfacet
  facet normal 0.000000e+00 1.000000e+00 -0.000000e+00
    outer loop
      vertex   -5.114586e+00 9.950000e+01 3.475036e+01
      vertex   -5.879146e+00 9.950000e+01 3.900559e+01
      vertex   -3.885166e+00 9.950000e+01 3.558857e+01
    endloop
  endfacet
  facet normal 0.000000e+00 1.000000e+00 -0.000000e+00
    outer loop
      vertex   -3.885166e+00 9.950000e+01 3.558857e+01
      vertex   -5.879146e+00 9.950000e+01 3.900559e+01
      vertex   -2.947816e+00 9.950000e+01 3.933587e+01
    endloop
  endfacet
  facet normal 0.000000e+00 1.000000e+00 0.000000e+00
    outer loop
      vertex   -3.885166e+00 9.950000e+01 3.558857e+01
      vertex   -2.947816e+00 9.950000e+01 3.933587e+01
      vertex   -2.544549e+00 9.950000e+01 3.623417e+01
    endloop
  endfacet
  facet normal 0.000000e+00 1.000000e+00 -0.000000e+00
    outer loop
      vertex   -2.544549e+00 9.950000e+01 3.623417e+01
      vertex   -2.947816e+00 9.950000e+01 3.933587e+01
      vertex   -1.122684e+00 9.950000e+01 3.667276e+01
    endloop
  endfacet
  facet normal 0.000000e+00 1.000000e+00 -0.000000e+00
    outer loop
      vertex   -1.122684e+00 9.950000e+01 3.667276e+01
      vertex   -2.947816e+00 9.950000e+01 3.933587e+01
      vertex   -2.415381e-15 9.950000e+01 3.944617e+01
    endloop
  endfacet
  facet normal 0.000000e+00 1.000000e+00 0.000000e+00
    outer loop
      vertex   -1.122684e+00 9.950000e+01 3.667276e+01
      vertex   -2.415381e-15 9.950000e+01 3.944617e+01
      vertex   3.486686e-01 9.950000e+01 3.689453e+01
    endloop
  endfacet
  facet normal 0.000000e+00 1.000000e+00 -0.000000e+00
    outer loop
      vertex   3.486686e-01 9.950000e+01 3.689453e+01
      vertex   -2.415381e-15 9.950000e+01 3.944617e+01
      vertex   1.836640e+00 9.950000e+01 3.689453e+01
    endloop
  endfacet
  facet normal 0.000000e+00 1.000000e+00 -0.000000e+00
    outer loop
      vertex   1.836640e+00 9.950000e+01 3.689453e+01
      vertex   -2.415381e-15 9.950000e+01 3.944617e+01
      vertex   2.947816e+00 9.950000e+01 3.933587e+01
    endloop
  endfacet
  facet normal -0.000000e+00 1.000000e+00 0.000000e+00
    outer loop
      vertex   1.836640e+00 9.950000e+01 3.689453e+01
      vertex   2.947816e+00 9.950000e+01 3.933587e+01
      vertex   3.307993e+00 9.950000e+01 3.667276e+01
    endloop
  endfacet
  facet normal 0.000000e+00 1.000000e+00 -0.000000e+00
    outer loop
      vertex   3.307993e+00 9.950000e+01 3.667276e+01
      vertex   2.947816e+00 9.950000e+01 3.933587e+01
      vertex   5.879146e+00 9.950000e+01 3.900559e+01
    endloop
  endfacet
  facet normal -0.000000e+00 1.000000e+00 0.000000e+00
    outer loop
      vertex   3.307993e+00 9.950000e+01 3.667276e+01
      vertex   5.879146e+00 9.950000e+01 3.900559e+01
      vertex   4.729858e+00 9.950000e+01 3.623417e+01
    endloop
  endfacet
  facet normal -0.000000e+00 1.000000e+00 0.000000e+00
    outer loop
      vertex   4.729858e+00 9.950000e+01 3.623417e+01
      vertex   5.879146e+00 9.950000e+01 3.900559e+01
      vertex   6.070475e+00 9.950000e+01 3.558857e+01
    endloop
  endfacet
  facet normal 0.000000e+00 1.000000e+00 -0.000000e+00
    outer loop
      vertex   6.070475e+00 9.950000e+01 3.558857e+01
      vertex   5.879146e+00 9.950000e+01 3.900559e+01
      vertex   8.777598e+00 9.950000e+01 3.845717e+01
    endloop
  endfacet
  facet normal -0.000000e+00 1.000000e+00 0.000000e+00
    outer loop
      vertex   6.070475e+00 9.950000e+01 3.558857e+01
      vertex   8.777598e+00 9.950000e+01 3.845717e+01
      vertex   7.299895e+00 9.950000e+01 3.475036e+01
    endloop
  endfacet
  facet normal -0.000000e+00 1.000000e+00 0.000000e+00
    outer loop
      vertex   7.299895e+00 9.950000e+01 3.475036e+01
      vertex   8.777598e+00 9.950000e+01 3.845717e+01
      vertex   8.390655e+00 9.950000e+01 3.373828e+01
    endloop
  endfacet
  facet normal 0.000000e+00 1.000000e+00 0.000000e+00
    outer loop
      vertex   8.390655e+00 9.950000e+01 3.373828e+01
      vertex   8.777598e+00 9.950000e+01 3.845717e+01
      vertex   1.162696e+01 9.950000e+01 3.769368e+01
    endloop
  endfacet
  facet normal -0.000000e+00 1.000000e+00 0.000000e+00
    outer loop
      vertex   8.390655e+00 9.950000e+01 3.373828e+01
      vertex   1.162696e+01 9.950000e+01 3.769368e+01
      vertex   9.318391e+00 9.950000e+01 3.257494e+01
    endloop
  endfacet
  facet normal 0.000000e+00 1.000000e+00 0.000000e+00
    outer loop
      vertex   9.318391e+00 9.950000e+01 3.257494e+01
      vertex   1.162696e+01 9.950000e+01 3.769368e+01
      vertex   1.441130e+01 9.950000e+01 3.671940e+01
    endloop
  endfacet
  facet normal -0.000000e+00 1.000000e+00 0.000000e+00
    outer loop
      vertex   9.318391e+00 9.950000e+01 3.257494e+01
      vertex   1.441130e+01 9.950000e+01 3.671940e+01
      vertex   1.006238e+01 9.950000e+01 3.128632e+01
    endloop
  endfacet
  facet normal 0.000000e+00 1.000000e+00 0.000000e+00
    outer loop
      vertex   1.006238e+01 9.950000e+01 3.128632e+01
      vertex   1.441130e+01 9.950000e+01 3.671940e+01
      vertex   1.711505e+01 9.950000e+01 3.553977e+01
    endloop
  endfacet
  facet normal -0.000000e+00 1.000000e+00 0.000000e+00
    outer loop
      vertex   1.006238e+01 9.950000e+01 3.128632e+01
      vertex   1.711505e+01 9.950000e+01 3.553977e+01
      vertex   1.060599e+01 9.950000e+01 2.990120e+01
    endloop
  endfacet
  facet normal -0.000000e+00 1.000000e+00 0.000000e+00
    outer loop
      vertex   1.060599e+01 9.950000e+01 2.990120e+01
      vertex   1.711505e+01 9.950000e+01 3.553977e+01
      vertex   1.093710e+01 9.950000e+01 2.845054e+01
    endloop
  endfacet
  facet normal 0.000000e+00 1.000000e+00 0.000000e+00
    outer loop
      vertex   1.093710e+01 9.950000e+01 2.845054e+01
      vertex   1.711505e+01 9.950000e+01 3.553977e+01
      vertex   1.972308e+01 9.950000e+01 3.416138e+01
    endloop
  endfacet
  facet normal -0.000000e+00 1.000000e+00 0.000000e+00
    outer loop
      vertex   1.093710e+01 9.950000e+01 2.845054e+01
      vertex   1.972308e+01 9.950000e+01 3.416138e+01
      vertex   1.104830e+01 9.950000e+01 2.696673e+01
    endloop
  endfacet
  facet normal 0.000000e+00 1.000000e+00 0.000000e+00
    outer loop
      vertex   1.104830e+01 9.950000e+01 2.696673e+01
      vertex   1.972308e+01 9.950000e+01 3.416138e+01
      vertex   2.222082e+01 9.950000e+01 3.259195e+01
    endloop
  endfacet
  facet normal -0.000000e+00 1.000000e+00 0.000000e+00
    outer loop
      vertex   1.104830e+01 9.950000e+01 2.696673e+01
      vertex   2.222082e+01 9.950000e+01 3.259195e+01
      vertex   1.093710e+01 9.950000e+01 2.548292e+01
    endloop
  endfacet
  facet normal 0.000000e+00 1.000000e+00 0.000000e+00
    outer loop
      vertex   1.093710e+01 9.950000e+01 2.548292e+01
      vertex   2.222082e+01 9.950000e+01 3.259195e+01
      vertex   2.459428e+01 9.950000e+01 3.084025e+01
    endloop
  endfacet
  facet normal 0.000000e+00 1.000000e+00 0.000000e+00
    outer loop
      vertex   1.093710e+01 9.950000e+01 2.548292e+01
      vertex   2.459428e+01 9.950000e+01 3.084025e+01
      vertex   2.683021e+01 9.950000e+01 2.891609e+01
    endloop
  endfacet
  facet normal -0.000000e+00 1.000000e+00 0.000000e+00
    outer loop
      vertex   1.093710e+01 9.950000e+01 2.548292e+01
      vertex   2.683021e+01 9.950000e+01 2.891609e+01
      vertex   1.060599e+01 9.950000e+01 2.403225e+01
    endloop
  endfacet
  facet normal 0.000000e+00 1.000000e+00 0.000000e+00
    outer loop
      vertex   1.060599e+01 9.950000e+01 2.403225e+01
      vertex   2.683021e+01 9.950000e+01 2.891609e+01
      vertex   2.891609e+01 9.950000e+01 2.683021e+01
    endloop
  endfacet
  facet normal -0.000000e+00 1.000000e+00 0.000000e+00
    outer loop
      vertex   1.060599e+01 9.950000e+01 2.403225e+01
      vertex   2.891609e+01 9.950000e+01 2.683021e+01
      vertex   1.006238e+01 9.950000e+01 2.264714e+01
    endloop
  endfacet
  facet normal 0.000000e+00 1.000000e+00 0.000000e+00
    outer loop
      vertex   1.006238e+01 9.950000e+01 2.264714e+01
      vertex   2.891609e+01 9.950000e+01 2.683021e+01
      vertex   3.084025e+01 9.950000e+01 2.459428e+01
    endloop
  endfacet
  facet normal -0.000000e+00 1.000000e+00 0.000000e+00
    outer loop
      vertex   1.006238e+01 9.950000e+01 2.264714e+01
      vertex   3.084025e+01 9.950000e+01 2.459428e+01
      vertex   3.259195e+01 9.950000e+01 2.222082e+01
    endloop
  endfacet
  facet normal 0.000000e+00 1.000000e+00 0.000000e+00
    outer loop
      vertex   1.006238e+01 9.950000e+01 2.264714e+01
      vertex   3.259195e+01 9.950000e+01 2.222082e+01
      vertex   9.318391e+00 9.950000e+01 2.135852e+01
    endloop
  endfacet
  facet normal -0.000000e+00 1.000000e+00 0.000000e+00
    outer loop
      vertex   9.318391e+00 9.950000e+01 2.135852e+01
      vertex   3.259195e+01 9.950000e+01 2.222082e+01
      vertex   3.416138e+01 9.950000e+01 1.972308e+01
    endloop
  endfacet
  facet normal 0.000000e+00 1.000000e+00 0.000000e+00
    outer loop
      vertex   9.318391e+00 9.950000e+01 2.135852e+01
      vertex   3.416138e+01 9.950000e+01 1.972308e+01
      vertex   3.553977e+01 9.950000e+01 1.711505e+01
    endloop
  endfacet
  facet normal 0.000000e+00 1.000000e+00 0.000000e+00
    outer loop
      vertex   9.318391e+00 9.950000e+01 2.135852e+01
      vertex   3.553977e+01 9.950000e+01 1.711505e+01
      vertex   8.390655e+00 9.950000e+01 2.019517e+01
    endloop
  endfacet
  facet normal 0.000000e+00 1.000000e+00 0.000000e+00
    outer loop
      vertex   8.390655e+00 9.950000e+01 2.019517e+01
      vertex   3.553977e+01 9.950000e+01 1.711505e+01
      vertex   3.671940e+01 9.950000e+01 1.441130e+01
    endloop
  endfacet
  facet normal 0.000000e+00 1.000000e+00 0.000000e+00
    outer loop
      vertex   8.390655e+00 9.950000e+01 2.019517e+01
      vertex   3.671940e+01 9.950000e+01 1.441130e+01
      vertex   5.081337e+00 9.950000e+01 2.104759e+00
    endloop
  endfacet
  facet normal 0.000000e+00 1.000000e+00 0.000000e+00
    outer loop
      vertex   5.081337e+00 9.950000e+01 2.104759e+00
      vertex   3.671940e+01 9.950000e+01 1.441130e+01
      vertex   3.769368e+01 9.950000e+01 1.162696e+01
    endloop
  endfacet
  facet normal -0.000000e+00 1.000000e+00 0.000000e+00
    outer loop
      vertex   5.081337e+00 9.950000e+01 2.104759e+00
      vertex   3.769368e+01 9.950000e+01 1.162696e+01
      vertex   5.394319e+00 9.950000e+01 1.072997e+00
    endloop
  endfacet
  facet normal 0.000000e+00 1.000000e+00 0.000000e+00
    outer loop
      vertex   5.394319e+00 9.950000e+01 1.072997e+00
      vertex   3.769368e+01 9.950000e+01 1.162696e+01
      vertex   3.845717e+01 9.950000e+01 8.777598e+00
    endloop
  endfacet
  facet normal 0.000000e+00 1.000000e+00 0.000000e+00
    outer loop
      vertex   5.394319e+00 9.950000e+01 1.072997e+00
      vertex   3.845717e+01 9.950000e+01 8.777598e+00
      vertex   3.900559e+01 9.950000e+01 5.879146e+00
    endloop
  endfacet
  facet normal 0.000000e+00 1.000000e+00 0.000000e+00
    outer loop
      vertex   3.900559e+01 9.950000e+01 5.879146e+00
      vertex   3.933587e+01 9.950000e+01 2.947816e+00
      vertex   5.394319e+00 9.950000e+01 1.072997e+00
    endloop
  endfacet
  facet normal -0.000000e+00 1.000000e+00 0.000000e+00
    outer loop
      vertex   5.394319e+00 9.950000e+01 1.072997e+00
      vertex   3.933587e+01 9.950000e+01 2.947816e+00
      vertex   5.500000e+00 9.950000e+01 -6.735557e-16
    endloop
  endfacet
  facet normal 0.000000e+00 1.000000e+00 0.000000e+00
    outer loop
      vertex   8.390655e+00 9.950000e+01 2.019517e+01
      vertex   5.081337e+00 9.950000e+01 2.104759e+00
      vertex   7.299895e+00 9.950000e+01 1.918310e+01
    endloop
  endfacet
  facet normal 0.000000e+00 1.000000e+00 0.000000e+00
    outer loop
      vertex   7.299895e+00 9.950000e+01 1.918310e+01
      vertex   5.081337e+00 9.950000e+01 2.104759e+00
      vertex   4.573083e+00 9.950000e+01 3.055636e+00
    endloop
  endfacet
  facet normal 0.000000e+00 1.000000e+00 0.000000e+00
    outer loop
      vertex   7.299895e+00 9.950000e+01 1.918310e+01
      vertex   4.573083e+00 9.950000e+01 3.055636e+00
      vertex   6.070475e+00 9.950000e+01 1.834489e+01
    endloop
  endfacet
  facet normal 0.000000e+00 1.000000e+00 0.000000e+00
    outer loop
      vertex   6.070475e+00 9.950000e+01 1.834489e+01
      vertex   4.573083e+00 9.950000e+01 3.055636e+00
      vertex   3.889087e+00 9.950000e+01 3.889087e+00
    endloop
  endfacet
  facet normal 0.000000e+00 1.000000e+00 0.000000e+00
    outer loop
      vertex   6.070475e+00 9.950000e+01 1.834489e+01
      vertex   3.889087e+00 9.950000e+01 3.889087e+00
      vertex   4.729858e+00 9.950000e+01 1.769928e+01
    endloop
  endfacet
  facet normal 0.000000e+00 1.000000e+00 0.000000e+00
    outer loop
      vertex   4.729858e+00 9.950000e+01 1.769928e+01
      vertex   3.889087e+00 9.950000e+01 3.889087e+00
      vertex   3.055636e+00 9.950000e+01 4.573083e+00
    endloop
  endfacet
  facet normal 0.000000e+00 1.000000e+00 0.000000e+00
    outer loop
      vertex   4.729858e+00 9.950000e+01 1.769928e+01
      vertex   3.055636e+00 9.950000e+01 4.573083e+00
      vertex   3.307993e+00 9.950000e+01 1.726070e+01
    endloop
  endfacet
  facet normal 0.000000e+00 1.000000e+00 0.000000e+00
    outer loop
      vertex   3.307993e+00 9.950000e+01 1.726070e+01
      vertex   3.055636e+00 9.950000e+01 4.573083e+00
      vertex   2.104759e+00 9.950000e+01 5.081337e+00
    endloop
  endfacet
  facet normal 0.000000e+00 1.000000e+00 0.000000e+00
    outer loop
      vertex   3.307993e+00 9.950000e+01 1.726070e+01
      vertex   2.104759e+00 9.950000e+01 5.081337e+00
      vertex   1.836640e+00 9.950000e+01 1.703893e+01
    endloop
  endfacet
  facet normal 0.000000e+00 1.000000e+00 0.000000e+00
    outer loop
      vertex   1.836640e+00 9.950000e+01 1.703893e+01
      vertex   2.104759e+00 9.950000e+01 5.081337e+00
      vertex   1.072997e+00 9.950000e+01 5.394319e+00
    endloop
  endfacet
  facet normal 0.000000e+00 1.000000e+00 0.000000e+00
    outer loop
      vertex   1.836640e+00 9.950000e+01 1.703893e+01
      vertex   1.072997e+00 9.950000e+01 5.394319e+00
      vertex   -3.367779e-16 9.950000e+01 5.500000e+00
    endloop
  endfacet
  facet normal 0.000000e+00 1.000000e+00 0.000000e+00
    outer loop
      vertex   1.836640e+00 9.950000e+01 1.703893e+01
      vertex   -3.367779e-16 9.950000e+01 5.500000e+00
      vertex   3.486686e-01 9.950000e+01 1.703893e+01
    endloop
  endfacet
  facet normal 0.000000e+00 1.000000e+00 0.000000e+00
    outer loop
      vertex   3.486686e-01 9.950000e+01 1.703893e+01
      vertex   -3.367779e-16 9.950000e+01 5.500000e+00
      vertex   -1.072997e+00 9.950000e+01 5.394319e+00
    endloop
  endfacet
  facet normal 0.000000e+00 1.000000e+00 0.000000e+00
    outer loop
      vertex   3.486686e-01 9.950000e+01 1.703893e+01
      vertex   -1.072997e+00 9.950000e+01 5.394319e+00
      vertex   -1.122684e+00 9.950000e+01 1.726070e+01
    endloop
  endfacet
  facet normal 0.000000e+00 1.000000e+00 0.000000e+00
    outer loop
      vertex   -1.122684e+00 9.950000e+01 1.726070e+01
      vertex   -1.072997e+00 9.950000e+01 5.394319e+00
      vertex   -2.104759e+00 9.950000e+01 5.081337e+00
    endloop
  endfacet
  facet normal 0.000000e+00 1.000000e+00 0.000000e+00
    outer loop
      vertex   -1.122684e+00 9.950000e+01 1.726070e+01
      vertex   -2.104759e+00 9.950000e+01 5.081337e+00
      vertex   -2.544549e+00 9.950000e+01 1.769928e+01
    endloop
  endfacet
  facet normal 0.000000e+00 1.000000e+00 0.000000e+00
    outer loop
      vertex   -2.544549e+00 9.950000e+01 1.769928e+01
      vertex   -2.104759e+00 9.950000e+01 5.081337e+00
      vertex   -3.055636e+00 9.950000e+01 4.573083e+00
    endloop
  endfacet
  facet normal 0.000000e+00 1.000000e+00 0.000000e+00
    outer loop
      vertex   -2.544549e+00 9.950000e+01 1.769928e+01
      vertex   -3.055636e+00 9.950000e+01 4.573083e+00
      vertex   -3.885166e+00 9.950000e+01 1.834489e+01
    endloop
  endfacet
  facet normal 0.000000e+00 1.000000e+00 0.000000e+00
    outer loop
      vertex   -3.885166e+00 9.950000e+01 1.834489e+01
      vertex   -3.055636e+00 9.950000e+01 4.573083e+00
      vertex   -3.889087e+00 9.950000e+01 3.889087e+00
    endloop
  endfacet
  facet normal 0.000000e+00 1.000000e+00 0.000000e+00
    outer loop
      vertex   -3.885166e+00 9.950000e+01 1.834489e+01
      vertex   -3.889087e+00 9.950000e+01 3.889087e+00
      vertex   -5.114586e+00 9.950000e+01 1.918310e+01
    endloop
  endfacet
  facet normal 0.000000e+00 1.000000e+00 0.000000e+00
    outer loop
      vertex   -5.114586e+00 9.950000e+01 1.918310e+01
      vertex   -3.889087e+00 9.950000e+01 3.889087e+00
      vertex   -4.573083e+00 9.950000e+01 3.055636e+00
    endloop
  endfacet
  facet normal 0.000000e+00 1.000000e+00 0.000000e+00
    outer loop
      vertex   -5.114586e+00 9.950000e+01 1.918310e+01
      vertex   -4.573083e+00 9.950000e+01 3.055636e+00
      vertex   -6.205346e+00 9.950000e+01 2.019517e+01
    endloop
  endfacet
  facet normal 0.000000e+00 1.000000e+00 0.000000e+00
    outer loop
      vertex   -6.205346e+00 9.950000e+01 2.019517e+01
      vertex   -4.573083e+00 9.950000e+01 3.055636e+00
      vertex   -5.081337e+00 9.950000e+01 2.104759e+00
    endloop
  endfacet
  facet normal 0.000000e+00 1.000000e+00 0.000000e+00
    outer loop
      vertex   -6.205346e+00 9.950000e+01 2.019517e+01
      vertex   -5.081337e+00 9.950000e+01 2.104759e+00
      vertex   -7.133082e+00 9.950000e+01 2.135852e+01
    endloop
  endfacet
  facet normal 0.000000e+00 -3.876932e-11 1.000000e+00
    outer loop
      vertex   4.709542e+00 9.450000e+01 -3.950000e+01
      vertex   -2.290458e+00 9.450000e+01 -3.950000e+01
      vertex   4.666741e+00 9.449908e+01 -3.950000e+01
    endloop
  endfacet
  facet normal 7.968085e-26 -3.876932e-11 1.000000e+00
    outer loop
      vertex   4.666741e+00 9.449908e+01 -3.950000e+01
      vertex   -2.290458e+00 9.450000e+01 -3.950000e+01
      vertex   -2.247658e+00 9.449908e+01 -3.950000e+01
    endloop
  endfacet
  facet normal 0.000000e+00 0.000000e+00 1.000000e+00
    outer loop
      vertex   4.666741e+00 9.449908e+01 -3.950000e+01
      vertex   -2.247658e+00 9.449908e+01 -3.950000e+01
      vertex   4.624019e+00 9.449634e+01 -3.950000e+01
    endloop
  endfacet
  facet normal 0.000000e+00 0.000000e+00 1.000000e+00
    outer loop
      vertex   4.624019e+00 9.449634e+01 -3.950000e+01
      vertex   -2.247658e+00 9.449908e+01 -3.950000e+01
      vertex   -2.204935e+00 9.449634e+01 -3.950000e+01
    endloop
  endfacet
  facet normal 0.000000e+00 7.768096e-12 1.000000e+00
    outer loop
      vertex   4.624019e+00 9.449634e+01 -3.950000e+01
      vertex   -2.204935e+00 9.449634e+01 -3.950000e+01
      vertex   4.581453e+00 9.449176e+01 -3.950000e+01
    endloop
  endfacet
  facet normal 0.000000e+00 7.768096e-12 1.000000e+00
    outer loop
      vertex   4.581453e+00 9.449176e+01 -3.950000e+01
      vertex   -2.204935e+00 9.449634e+01 -3.950000e+01
      vertex   -2.162370e+00 9.449176e+01 -3.950000e+01
    endloop
  endfacet
  facet normal 0.000000e+00 0.000000e+00 1.000000e+00
    outer loop
      vertex   -3.950000e+01 1.045000e+02 -3.950000e+01
      vertex   3.950000e+01 1.045000e+02 -3.950000e+01
      vertex   -3.950000e+01 1.845000e+02 -3.950000e+01
    endloop
  endfacet
  facet normal -0.000000e+00 0.000000e+00 1.000000e+00
    outer loop
      vertex   -3.950000e+01 1.845000e+02 -3.950000e+01
      vertex   3.950000e+01 1.045000e+02 -3.950000e+01
      vertex   3.950000e+01 1.845000e+02 -3.950000e+01
    endloop
  endfacet
  facet normal 2.140485e-02 -9.997508e-01 6.339044e-03
    outer loop
      vertex   4.666741e+00 9.449908e+01 -3.950000e+01
      vertex   4.450723e+00 9.446593e+01 -4.400000e+01
      vertex   4.709542e+00 9.450000e+01 -3.950000e+01
    endloop
  endfacet
  facet normal 1.506918e-01 -9.885801e-01 -1.181526e-03
    outer loop
      vertex   4.709542e+00 9.450000e+01 -3.950000e+01
      vertex   4.450723e+00 9.446593e+01 -4.400000e+01
      vertex   4.514451e+00 9.448079e+01 -4.830491e+01
    endloop
  endfacet
  facet normal 9.801714e-02 -9.951847e-01 -2.634664e-15
    outer loop
      vertex   4.709542e+00 9.450000e+01 -3.950000e+01
      vertex   4.514451e+00 9.448079e+01 -4.830491e+01
      vertex   4.709542e+00 9.450000e+01 -4.500000e+01
    endloop
  endfacet
  facet normal 9.801714e-02 -9.951847e-01 3.692466e-15
    outer loop
      vertex   4.709542e+00 9.450000e+01 -4.500000e+01
      vertex   4.514451e+00 9.448079e+01 -4.830491e+01
      vertex   4.709542e+00 9.450000e+01 -4.850000e+01
    endloop
  endfacet
  facet normal 6.417604e-02 -9.979294e-01 4.272433e-03
    outer loop
      vertex   4.666741e+00 9.449908e+01 -3.950000e+01
      vertex   4.624019e+00 9.449634e+01 -3.950000e+01
      vertex   4.450723e+00 9.446593e+01 -4.400000e+01
    endloop
  endfacet
  facet normal 1.068300e-01 -9.942739e-01 2.605117e-03
    outer loop
      vertex   4.450723e+00 9.446593e+01 -4.400000e+01
      vertex   4.624019e+00 9.449634e+01 -3.950000e+01
      vertex   4.581453e+00 9.449176e+01 -3.950000e+01
    endloop
  endfacet
  facet normal 2.897824e-01 -9.570881e-01 -2.923372e-03
    outer loop
      vertex   4.450723e+00 9.446593e+01 -4.400000e+01
      vertex   4.581453e+00 9.449176e+01 -3.950000e+01
      vertex   4.271014e+00 9.439872e+01 -3.981044e+01
    endloop
  endfacet
  facet normal 3.826829e-01 -9.238784e-01 1.594274e-03
    outer loop
      vertex   4.450723e+00 9.446593e+01 -4.400000e+01
      vertex   4.271014e+00 9.439872e+01 -3.981044e+01
      vertex   4.209542e+00 9.436603e+01 -4.400000e+01
    endloop
  endfacet
  facet normal 5.107126e-01 -8.597511e-01 -7.846897e-04
    outer loop
      vertex   4.209542e+00 9.436603e+01 -4.400000e+01
      vertex   4.271014e+00 9.439872e+01 -3.981044e+01
      vertex   4.131181e+00 9.431578e+01 -3.995027e+01
    endloop
  endfacet
  facet normal 6.087603e-01 -7.933519e-01 1.936312e-03
    outer loop
      vertex   4.209542e+00 9.436603e+01 -4.400000e+01
      vertex   4.131181e+00 9.431578e+01 -3.995027e+01
      vertex   4.002435e+00 9.420711e+01 -4.400000e+01
    endloop
  endfacet
  facet normal 6.426869e-01 -7.661290e-01 1.272207e-04
    outer loop
      vertex   4.002435e+00 9.420711e+01 -4.400000e+01
      vertex   4.131181e+00 9.431578e+01 -3.995027e+01
      vertex   4.006634e+00 9.421128e+01 -4.007482e+01
    endloop
  endfacet
  facet normal 7.584514e-01 -6.517296e-01 -1.182879e-04
    outer loop
      vertex   4.002435e+00 9.420711e+01 -4.400000e+01
      vertex   4.006634e+00 9.421128e+01 -4.007482e+01
      vertex   3.900667e+00 9.408798e+01 -4.018079e+01
    endloop
  endfacet
  facet normal 7.933515e-01 -6.087600e-01 2.151947e-03
    outer loop
      vertex   4.002435e+00 9.420711e+01 -4.400000e+01
      vertex   3.900667e+00 9.408798e+01 -4.018079e+01
      vertex   3.843516e+00 9.400000e+01 -4.400000e+01
    endloop
  endfacet
  facet normal 8.542123e-01 -5.199238e-01 -8.052362e-04
    outer loop
      vertex   3.843516e+00 9.400000e+01 -4.400000e+01
      vertex   3.900667e+00 9.408798e+01 -4.018079e+01
      vertex   3.816080e+00 9.394914e+01 -4.026537e+01
    endloop
  endfacet
  facet normal 9.238784e-01 -3.826830e-01 1.575618e-03
    outer loop
      vertex   3.843516e+00 9.400000e+01 -4.400000e+01
      vertex   3.816080e+00 9.394914e+01 -4.026537e+01
      vertex   3.743616e+00 9.375882e+01 -4.400000e+01
    endloop
  endfacet
  facet normal 9.268532e-01 -3.754221e-01 1.147879e-03
    outer loop
      vertex   3.743616e+00 9.375882e+01 -4.400000e+01
      vertex   3.816080e+00 9.394914e+01 -4.026537e+01
      vertex   3.755109e+00 9.379843e+01 -4.032634e+01
    endloop
  endfacet
  facet normal 9.755660e-01 -2.197057e-01 -6.833276e-04
    outer loop
      vertex   3.743616e+00 9.375882e+01 -4.400000e+01
      vertex   3.755109e+00 9.379843e+01 -4.032634e+01
      vertex   3.719365e+00 9.363982e+01 -4.036209e+01
    endloop
  endfacet
  facet normal 9.822356e-01 -1.876517e-01 4.096112e-04
    outer loop
      vertex   3.743616e+00 9.375882e+01 -4.400000e+01
      vertex   3.719365e+00 9.363982e+01 -4.036209e+01
      vertex   3.714357e+00 9.359802e+01 -4.750482e+01
    endloop
  endfacet
  facet normal 9.931748e-01 -1.166350e-01 -1.372393e-05
    outer loop
      vertex   3.714357e+00 9.359802e+01 -4.750482e+01
      vertex   3.719365e+00 9.363982e+01 -4.036209e+01
      vertex   3.713912e+00 9.359339e+01 -4.036865e+01
    endloop
  endfacet
  facet normal 9.975409e-01 -7.008667e-02 1.675586e-05
    outer loop
      vertex   3.714357e+00 9.359802e+01 -4.750482e+01
      vertex   3.713912e+00 9.359339e+01 -4.036865e+01
      vertex   3.710635e+00 9.354674e+01 -4.037523e+01
    endloop
  endfacet
  facet normal 9.997267e-01 -2.337848e-02 -1.247422e-15
    outer loop
      vertex   3.709542e+00 9.350000e+01 -4.038183e+01
      vertex   3.709542e+00 9.350000e+01 -4.750000e+01
      vertex   3.710635e+00 9.354674e+01 -4.037523e+01
    endloop
  endfacet
  facet normal 9.987958e-01 -4.905941e-02 1.686303e-04
    outer loop
      vertex   3.710635e+00 9.354674e+01 -4.037523e+01
      vertex   3.709542e+00 9.350000e+01 -4.750000e+01
      vertex   3.714357e+00 9.359802e+01 -4.750482e+01
    endloop
  endfacet
  facet normal 9.891427e-01 -1.469503e-01 -1.515443e-03
    outer loop
      vertex   3.714357e+00 9.359802e+01 -4.750482e+01
      vertex   3.728756e+00 9.369509e+01 -4.751921e+01
      vertex   3.743616e+00 9.375882e+01 -4.400000e+01
    endloop
  endfacet
  facet normal 9.570415e-01 -2.899484e-01 1.209625e-03
    outer loop
      vertex   3.743616e+00 9.375882e+01 -4.400000e+01
      vertex   3.728756e+00 9.369509e+01 -4.751921e+01
      vertex   3.785662e+00 9.388268e+01 -4.757612e+01
    endloop
  endfacet
  facet normal 9.238769e-01 -3.826823e-01 -2.392289e-03
    outer loop
      vertex   3.743616e+00 9.375882e+01 -4.400000e+01
      vertex   3.785662e+00 9.388268e+01 -4.757612e+01
      vertex   3.843516e+00 9.400000e+01 -4.400000e+01
    endloop
  endfacet
  facet normal 8.821820e-01 -4.709072e-01 1.176512e-03
    outer loop
      vertex   3.843516e+00 9.400000e+01 -4.400000e+01
      vertex   3.785662e+00 9.388268e+01 -4.757612e+01
      vertex   3.878072e+00 9.405557e+01 -4.766853e+01
    endloop
  endfacet
  facet normal 7.933521e-01 -6.087605e-01 -1.748398e-03
    outer loop
      vertex   3.843516e+00 9.400000e+01 -4.400000e+01
      vertex   3.878072e+00 9.405557e+01 -4.766853e+01
      vertex   4.002435e+00 9.420711e+01 -4.400000e+01
    endloop
  endfacet
  facet normal 7.730105e-01 -6.343933e-01 -7.240607e-16
    outer loop
      vertex   4.002435e+00 9.420711e+01 -4.400000e+01
      vertex   3.878072e+00 9.405557e+01 -4.766853e+01
      vertex   4.002435e+00 9.420711e+01 -4.779289e+01
    endloop
  endfacet
  facet normal 6.343933e-01 -7.730105e-01 -5.942212e-16
    outer loop
      vertex   4.002435e+00 9.420711e+01 -4.400000e+01
      vertex   4.002435e+00 9.420711e+01 -4.779289e+01
      vertex   4.153971e+00 9.433147e+01 -4.794443e+01
    endloop
  endfacet
  facet normal 6.087606e-01 -7.933523e-01 -1.626104e-03
    outer loop
      vertex   4.002435e+00 9.420711e+01 -4.400000e+01
      vertex   4.153971e+00 9.433147e+01 -4.794443e+01
      vertex   4.209542e+00 9.436603e+01 -4.400000e+01
    endloop
  endfacet
  facet normal 4.722280e-01 -8.814758e-01 1.069425e-03
    outer loop
      vertex   4.209542e+00 9.436603e+01 -4.400000e+01
      vertex   4.153971e+00 9.433147e+01 -4.794443e+01
      vertex   4.326858e+00 9.442388e+01 -4.811732e+01
    endloop
  endfacet
  facet normal 3.826826e-01 -9.238775e-01 -2.077839e-03
    outer loop
      vertex   4.209542e+00 9.436603e+01 -4.400000e+01
      vertex   4.326858e+00 9.442388e+01 -4.811732e+01
      vertex   4.450723e+00 9.446593e+01 -4.400000e+01
    endloop
  endfacet
  facet normal 2.912082e-01 -9.566592e-01 1.008824e-03
    outer loop
      vertex   4.450723e+00 9.446593e+01 -4.400000e+01
      vertex   4.326858e+00 9.442388e+01 -4.811732e+01
      vertex   4.514451e+00 9.448079e+01 -4.830491e+01
    endloop
  endfacet
  facet normal -2.705943e-03 -9.571490e-01 2.895832e-01
    outer loop
      vertex   4.271014e+00 9.439872e+01 -3.981044e+01
      vertex   4.581453e+00 9.449176e+01 -3.950000e+01
      vertex   1.209542e+00 9.442534e+01 -3.975104e+01
    endloop
  endfacet
  facet normal 0.000000e+00 -9.667365e-01 2.557744e-01
    outer loop
      vertex   1.209542e+00 9.442534e+01 -3.975104e+01
      vertex   4.581453e+00 9.449176e+01 -3.950000e+01
      vertex   -2.162370e+00 9.449176e+01 -3.950000e+01
    endloop
  endfacet
  facet normal 2.705943e-03 -9.571490e-01 2.895832e-01
    outer loop
      vertex   1.209542e+00 9.442534e+01 -3.975104e+01
      vertex   -2.162370e+00 9.449176e+01 -3.950000e+01
      vertex   -1.851931e+00 9.439872e+01 -3.981044e+01
    endloop
  endfacet
  facet normal -2.073014e-03 -8.682826e-01 4.960656e-01
    outer loop
      vertex   1.209542e+00 9.442534e+01 -3.975104e+01
      vertex   -1.851931e+00 9.439872e+01 -3.981044e+01
      vertex   1.209542e+00 9.429653e+01 -3.997652e+01
    endloop
  endfacet
  facet normal -1.096720e-03 -8.605762e-01 5.093206e-01
    outer loop
      vertex   1.209542e+00 9.429653e+01 -3.997652e+01
      vertex   -1.851931e+00 9.439872e+01 -3.981044e+01
      vertex   -1.712097e+00 9.431578e+01 -3.995027e+01
    endloop
  endfacet
  facet normal 7.310403e-04 -7.657060e-01 6.431903e-01
    outer loop
      vertex   1.209542e+00 9.429653e+01 -3.997652e+01
      vertex   -1.712097e+00 9.431578e+01 -3.995027e+01
      vertex   -1.587551e+00 9.421128e+01 -4.007482e+01
    endloop
  endfacet
  facet normal -3.026335e-03 -7.112779e-01 7.029044e-01
    outer loop
      vertex   1.209542e+00 9.429653e+01 -3.997652e+01
      vertex   -1.587551e+00 9.421128e+01 -4.007482e+01
      vertex   1.209542e+00 9.411400e+01 -4.016122e+01
    endloop
  endfacet
  facet normal 7.807575e-04 -6.514019e-01 7.587325e-01
    outer loop
      vertex   1.209542e+00 9.411400e+01 -4.016122e+01
      vertex   -1.587551e+00 9.421128e+01 -4.007482e+01
      vertex   -1.481584e+00 9.408798e+01 -4.018079e+01
    endloop
  endfacet
  facet normal -1.171967e-03 -5.208021e-01 8.536767e-01
    outer loop
      vertex   1.209542e+00 9.411400e+01 -4.016122e+01
      vertex   -1.481584e+00 9.408798e+01 -4.018079e+01
      vertex   -1.396996e+00 9.394914e+01 -4.026537e+01
    endloop
  endfacet
  facet normal -2.434827e-03 -5.063125e-01 8.623467e-01
    outer loop
      vertex   1.209542e+00 9.411400e+01 -4.016122e+01
      vertex   -1.396996e+00 9.394914e+01 -4.026537e+01
      vertex   1.209542e+00 9.389006e+01 -4.029270e+01
    endloop
  endfacet
  facet normal 1.230378e-03 -3.745953e-01 9.271876e-01
    outer loop
      vertex   1.209542e+00 9.389006e+01 -4.029270e+01
      vertex   -1.396996e+00 9.394914e+01 -4.026537e+01
      vertex   -1.336025e+00 9.379843e+01 -4.032634e+01
    endloop
  endfacet
  facet normal -2.275806e-03 -2.883352e-01 9.575268e-01
    outer loop
      vertex   1.209542e+00 9.389006e+01 -4.029270e+01
      vertex   -1.336025e+00 9.379843e+01 -4.032634e+01
      vertex   3.719365e+00 9.363982e+01 -4.036209e+01
    endloop
  endfacet
  facet normal 0.000000e+00 -2.198523e-01 9.755332e-01
    outer loop
      vertex   3.719365e+00 9.363982e+01 -4.036209e+01
      vertex   -1.336025e+00 9.379843e+01 -4.032634e+01
      vertex   -1.300282e+00 9.363982e+01 -4.036209e+01
    endloop
  endfacet
  facet normal 4.937701e-03 -2.209085e-01 9.752820e-01
    outer loop
      vertex   3.719365e+00 9.363982e+01 -4.036209e+01
      vertex   3.755109e+00 9.379843e+01 -4.032634e+01
      vertex   1.209542e+00 9.389006e+01 -4.029270e+01
    endloop
  endfacet
  facet normal -1.230378e-03 -3.745953e-01 9.271876e-01
    outer loop
      vertex   1.209542e+00 9.389006e+01 -4.029270e+01
      vertex   3.755109e+00 9.379843e+01 -4.032634e+01
      vertex   3.816080e+00 9.394914e+01 -4.026537e+01
    endloop
  endfacet
  facet normal 2.434827e-03 -5.063125e-01 8.623467e-01
    outer loop
      vertex   1.209542e+00 9.389006e+01 -4.029270e+01
      vertex   3.816080e+00 9.394914e+01 -4.026537e+01
      vertex   1.209542e+00 9.411400e+01 -4.016122e+01
    endloop
  endfacet
  facet normal 1.171967e-03 -5.208021e-01 8.536767e-01
    outer loop
      vertex   1.209542e+00 9.411400e+01 -4.016122e+01
      vertex   3.816080e+00 9.394914e+01 -4.026537e+01
      vertex   3.900667e+00 9.408798e+01 -4.018079e+01
    endloop
  endfacet
  facet normal -7.807575e-04 -6.514019e-01 7.587325e-01
    outer loop
      vertex   1.209542e+00 9.411400e+01 -4.016122e+01
      vertex   3.900667e+00 9.408798e+01 -4.018079e+01
      vertex   4.006634e+00 9.421128e+01 -4.007482e+01
    endloop
  endfacet
  facet normal 3.026335e-03 -7.112779e-01 7.029044e-01
    outer loop
      vertex   1.209542e+00 9.411400e+01 -4.016122e+01
      vertex   4.006634e+00 9.421128e+01 -4.007482e+01
      vertex   1.209542e+00 9.429653e+01 -3.997652e+01
    endloop
  endfacet
  facet normal -7.310403e-04 -7.657060e-01 6.431903e-01
    outer loop
      vertex   1.209542e+00 9.429653e+01 -3.997652e+01
      vertex   4.006634e+00 9.421128e+01 -4.007482e+01
      vertex   4.131181e+00 9.431578e+01 -3.995027e+01
    endloop
  endfacet
  facet normal 1.096720e-03 -8.605762e-01 5.093206e-01
    outer loop
      vertex   1.209542e+00 9.429653e+01 -3.997652e+01
      vertex   4.131181e+00 9.431578e+01 -3.995027e+01
      vertex   4.271014e+00 9.439872e+01 -3.981044e+01
    endloop
  endfacet
  facet normal 2.073014e-03 -8.682826e-01 4.960656e-01
    outer loop
      vertex   1.209542e+00 9.429653e+01 -3.997652e+01
      vertex   4.271014e+00 9.439872e+01 -3.981044e+01
      vertex   1.209542e+00 9.442534e+01 -3.975104e+01
    endloop
  endfacet
  facet normal -2.897824e-01 -9.570881e-01 -2.923372e-03
    outer loop
      vertex   -1.851931e+00 9.439872e+01 -3.981044e+01
      vertex   -2.162370e+00 9.449176e+01 -3.950000e+01
      vertex   -2.031639e+00 9.446593e+01 -4.400000e+01
    endloop
  endfacet
  facet normal -1.068300e-01 -9.942739e-01 2.605117e-03
    outer loop
      vertex   -2.031639e+00 9.446593e+01 -4.400000e+01
      vertex   -2.162370e+00 9.449176e+01 -3.950000e+01
      vertex   -2.204935e+00 9.449634e+01 -3.950000e+01
    endloop
  endfacet
  facet normal -1.360523e-01 -9.907006e-01 1.455613e-03
    outer loop
      vertex   -2.031639e+00 9.446593e+01 -4.400000e+01
      vertex   -2.204935e+00 9.449634e+01 -3.950000e+01
      vertex   -2.290458e+00 9.450000e+01 -4.500000e+01
    endloop
  endfacet
  facet normal -6.417662e-02 -9.979385e-01 3.331500e-04
    outer loop
      vertex   -2.290458e+00 9.450000e+01 -4.500000e+01
      vertex   -2.204935e+00 9.449634e+01 -3.950000e+01
      vertex   -2.247658e+00 9.449908e+01 -3.950000e+01
    endloop
  endfacet
  facet normal -2.140528e-02 -9.997709e-01 -2.560731e-15
    outer loop
      vertex   -2.290458e+00 9.450000e+01 -4.500000e+01
      vertex   -2.247658e+00 9.449908e+01 -3.950000e+01
      vertex   -2.290458e+00 9.450000e+01 -3.950000e+01
    endloop
  endfacet
  facet normal -9.801714e-02 -9.951847e-01 4.090440e-15
    outer loop
      vertex   -2.290458e+00 9.450000e+01 -4.850000e+01
      vertex   -2.095368e+00 9.448079e+01 -4.830491e+01
      vertex   -2.290458e+00 9.450000e+01 -4.500000e+01
    endloop
  endfacet
  facet normal -1.245171e-01 -9.922162e-01 -1.581561e-03
    outer loop
      vertex   -2.290458e+00 9.450000e+01 -4.500000e+01
      vertex   -2.095368e+00 9.448079e+01 -4.830491e+01
      vertex   -2.031639e+00 9.446593e+01 -4.400000e+01
    endloop
  endfacet
  facet normal -2.912082e-01 -9.566592e-01 1.008824e-03
    outer loop
      vertex   -2.095368e+00 9.448079e+01 -4.830491e+01
      vertex   -1.907775e+00 9.442388e+01 -4.811732e+01
      vertex   -2.031639e+00 9.446593e+01 -4.400000e+01
    endloop
  endfacet
  facet normal -3.826826e-01 -9.238775e-01 -2.077839e-03
    outer loop
      vertex   -2.031639e+00 9.446593e+01 -4.400000e+01
      vertex   -1.907775e+00 9.442388e+01 -4.811732e+01
      vertex   -1.790458e+00 9.436603e+01 -4.400000e+01
    endloop
  endfacet
  facet normal -3.826829e-01 -9.238784e-01 1.594274e-03
    outer loop
      vertex   -2.031639e+00 9.446593e+01 -4.400000e+01
      vertex   -1.790458e+00 9.436603e+01 -4.400000e+01
      vertex   -1.851931e+00 9.439872e+01 -3.981044e+01
    endloop
  endfacet
  facet normal -5.107126e-01 -8.597511e-01 -7.846897e-04
    outer loop
      vertex   -1.851931e+00 9.439872e+01 -3.981044e+01
      vertex   -1.790458e+00 9.436603e+01 -4.400000e+01
      vertex   -1.712097e+00 9.431578e+01 -3.995027e+01
    endloop
  endfacet
  facet normal -6.087603e-01 -7.933519e-01 1.936312e-03
    outer loop
      vertex   -1.712097e+00 9.431578e+01 -3.995027e+01
      vertex   -1.790458e+00 9.436603e+01 -4.400000e+01
      vertex   -1.583352e+00 9.420711e+01 -4.400000e+01
    endloop
  endfacet
  facet normal -6.426869e-01 -7.661290e-01 1.272207e-04
    outer loop
      vertex   -1.712097e+00 9.431578e+01 -3.995027e+01
      vertex   -1.583352e+00 9.420711e+01 -4.400000e+01
      vertex   -1.587551e+00 9.421128e+01 -4.007482e+01
    endloop
  endfacet
  facet normal -7.584514e-01 -6.517296e-01 -1.182879e-04
    outer loop
      vertex   -1.587551e+00 9.421128e+01 -4.007482e+01
      vertex   -1.583352e+00 9.420711e+01 -4.400000e+01
      vertex   -1.481584e+00 9.408798e+01 -4.018079e+01
    endloop
  endfacet
  facet normal -7.933515e-01 -6.087600e-01 2.151947e-03
    outer loop
      vertex   -1.481584e+00 9.408798e+01 -4.018079e+01
      vertex   -1.583352e+00 9.420711e+01 -4.400000e+01
      vertex   -1.424433e+00 9.400000e+01 -4.400000e+01
    endloop
  endfacet
  facet normal -8.542123e-01 -5.199238e-01 -8.052362e-04
    outer loop
      vertex   -1.481584e+00 9.408798e+01 -4.018079e+01
      vertex   -1.424433e+00 9.400000e+01 -4.400000e+01
      vertex   -1.396996e+00 9.394914e+01 -4.026537e+01
    endloop
  endfacet
  facet normal -9.238784e-01 -3.826830e-01 1.575618e-03
    outer loop
      vertex   -1.396996e+00 9.394914e+01 -4.026537e+01
      vertex   -1.424433e+00 9.400000e+01 -4.400000e+01
      vertex   -1.324533e+00 9.375882e+01 -4.400000e+01
    endloop
  endfacet
  facet normal -9.268532e-01 -3.754221e-01 1.147879e-03
    outer loop
      vertex   -1.396996e+00 9.394914e+01 -4.026537e+01
      vertex   -1.324533e+00 9.375882e+01 -4.400000e+01
      vertex   -1.336025e+00 9.379843e+01 -4.032634e+01
    endloop
  endfacet
  facet normal -9.755660e-01 -2.197057e-01 -6.833276e-04
    outer loop
      vertex   -1.336025e+00 9.379843e+01 -4.032634e+01
      vertex   -1.324533e+00 9.375882e+01 -4.400000e+01
      vertex   -1.300282e+00 9.363982e+01 -4.036209e+01
    endloop
  endfacet
  facet normal -9.931250e-01 -1.170254e-01 2.792365e-03
    outer loop
      vertex   -1.300282e+00 9.363982e+01 -4.036209e+01
      vertex   -1.324533e+00 9.375882e+01 -4.400000e+01
      vertex   -1.294828e+00 9.359339e+01 -4.036865e+01
    endloop
  endfacet
  facet normal -9.815491e-01 -1.912092e-01 -6.819027e-04
    outer loop
      vertex   -1.294828e+00 9.359339e+01 -4.036865e+01
      vertex   -1.324533e+00 9.375882e+01 -4.400000e+01
      vertex   -1.309673e+00 9.369509e+01 -4.751921e+01
    endloop
  endfacet
  facet normal -9.891758e-01 -1.467353e-01 -3.350692e-05
    outer loop
      vertex   -1.294828e+00 9.359339e+01 -4.036865e+01
      vertex   -1.309673e+00 9.369509e+01 -4.751921e+01
      vertex   -1.295274e+00 9.359802e+01 -4.750482e+01
    endloop
  endfacet
  facet normal -4.722280e-01 -8.814758e-01 1.069425e-03
    outer loop
      vertex   -1.907775e+00 9.442388e+01 -4.811732e+01
      vertex   -1.734888e+00 9.433147e+01 -4.794443e+01
      vertex   -1.790458e+00 9.436603e+01 -4.400000e+01
    endloop
  endfacet
  facet normal -6.087606e-01 -7.933523e-01 -1.626104e-03
    outer loop
      vertex   -1.790458e+00 9.436603e+01 -4.400000e+01
      vertex   -1.734888e+00 9.433147e+01 -4.794443e+01
      vertex   -1.583352e+00 9.420711e+01 -4.400000e+01
    endloop
  endfacet
  facet normal -6.343933e-01 -7.730105e-01 5.552705e-16
    outer loop
      vertex   -1.734888e+00 9.433147e+01 -4.794443e+01
      vertex   -1.583352e+00 9.420711e+01 -4.779289e+01
      vertex   -1.583352e+00 9.420711e+01 -4.400000e+01
    endloop
  endfacet
  facet normal -7.730105e-01 -6.343933e-01 6.788069e-16
    outer loop
      vertex   -1.583352e+00 9.420711e+01 -4.400000e+01
      vertex   -1.583352e+00 9.420711e+01 -4.779289e+01
      vertex   -1.458989e+00 9.405557e+01 -4.766853e+01
    endloop
  endfacet
  facet normal -7.933521e-01 -6.087605e-01 -1.748398e-03
    outer loop
      vertex   -1.583352e+00 9.420711e+01 -4.400000e+01
      vertex   -1.458989e+00 9.405557e+01 -4.766853e+01
      vertex   -1.424433e+00 9.400000e+01 -4.400000e+01
    endloop
  endfacet
  facet normal -8.821820e-01 -4.709072e-01 1.176512e-03
    outer loop
      vertex   -1.424433e+00 9.400000e+01 -4.400000e+01
      vertex   -1.458989e+00 9.405557e+01 -4.766853e+01
      vertex   -1.366579e+00 9.388268e+01 -4.757612e+01
    endloop
  endfacet
  facet normal -9.238769e-01 -3.826823e-01 -2.392289e-03
    outer loop
      vertex   -1.424433e+00 9.400000e+01 -4.400000e+01
      vertex   -1.366579e+00 9.388268e+01 -4.757612e+01
      vertex   -1.324533e+00 9.375882e+01 -4.400000e+01
    endloop
  endfacet
  facet normal -9.570415e-01 -2.899484e-01 1.209625e-03
    outer loop
      vertex   -1.324533e+00 9.375882e+01 -4.400000e+01
      vertex   -1.366579e+00 9.388268e+01 -4.757612e+01
      vertex   -1.309673e+00 9.369509e+01 -4.751921e+01
    endloop
  endfacet
  facet normal -9.975409e-01 -7.008667e-02 1.675586e-05
    outer loop
      vertex   -1.294828e+00 9.359339e+01 -4.036865e+01
      vertex   -1.295274e+00 9.359802e+01 -4.750482e+01
      vertex   -1.291551e+00 9.354674e+01 -4.037523e+01
    endloop
  endfacet
  facet normal -9.987958e-01 -4.905941e-02 1.686303e-04
    outer loop
      vertex   -1.291551e+00 9.354674e+01 -4.037523e+01
      vertex   -1.295274e+00 9.359802e+01 -4.750482e+01
      vertex   -1.290458e+00 9.350000e+01 -4.750000e+01
    endloop
  endfacet
  facet normal -9.997267e-01 -2.337848e-02 1.247411e-15
    outer loop
      vertex   -1.291551e+00 9.354674e+01 -4.037523e+01
      vertex   -1.290458e+00 9.350000e+01 -4.750000e+01
      vertex   -1.290458e+00 9.350000e+01 -4.038183e+01
    endloop
  endfacet
  facet normal -4.499788e-15 0.000000e+00 1.000000e+00
    outer loop
      vertex   -4.000000e+01 9.450000e+01 4.500000e+01
      vertex   -9.997892e+00 1.273907e+02 4.500000e+01
      vertex   -4.000000e+01 1.845000e+02 4.500000e+01
    endloop
  endfacet
  facet normal -4.499788e-15 4.849175e-31 1.000000e+00
    outer loop
      vertex   -4.000000e+01 1.845000e+02 4.500000e+01
      vertex   -9.997892e+00 1.273907e+02 4.500000e+01
      vertex   -9.997892e+00 1.829147e+02 4.500000e+01
    endloop
  endfacet
  facet normal -0.000000e+00 8.515859e-14 1.000000e+00
    outer loop
      vertex   -4.000000e+01 1.845000e+02 4.500000e+01
      vertex   -9.997892e+00 1.829147e+02 4.500000e+01
      vertex   4.000000e+01 1.845000e+02 4.500000e+01
    endloop
  endfacet
  facet normal 1.065921e-14 -2.510132e-13 1.000000e+00
    outer loop
      vertex   4.000000e+01 1.845000e+02 4.500000e+01
      vertex   -9.997892e+00 1.829147e+02 4.500000e+01
      vertex   1.000011e+01 1.829147e+02 4.500000e+01
    endloop
  endfacet
  facet normal -2.605333e-15 0.000000e+00 1.000000e+00
    outer loop
      vertex   4.000000e+01 1.845000e+02 4.500000e+01
      vertex   1.000011e+01 1.829147e+02 4.500000e+01
      vertex   1.000011e+01 1.273907e+02 4.500000e+01
    endloop
  endfacet
  facet normal 0.000000e+00 0.000000e+00 1.000000e+00
    outer loop
      vertex   -2.290458e+00 9.450000e+01 4.500000e+01
      vertex   -2.290458e+00 1.125000e+02 4.500000e+01
      vertex   -4.000000e+01 9.450000e+01 4.500000e+01
    endloop
  endfacet
  facet normal 3.470246e-15 -7.270077e-15 1.000000e+00
    outer loop
      vertex   -4.000000e+01 9.450000e+01 4.500000e+01
      vertex   -2.290458e+00 1.125000e+02 4.500000e+01
      vertex   -9.997892e+00 1.273907e+02 4.500000e+01
    endloop
  endfacet
  facet normal 1.065921e-14 -3.549063e-15 1.000000e+00
    outer loop
      vertex   -9.997892e+00 1.273907e+02 4.500000e+01
      vertex   -2.290458e+00 1.125000e+02 4.500000e+01
      vertex   1.000011e+01 1.273907e+02 4.500000e+01
    endloop
  endfacet
  facet normal 0.000000e+00 5.248899e-15 1.000000e+00
    outer loop
      vertex   1.000011e+01 1.273907e+02 4.500000e+01
      vertex   -2.290458e+00 1.125000e+02 4.500000e+01
      vertex   4.709542e+00 1.125000e+02 4.500000e+01
    endloop
  endfacet
  facet normal 2.266486e-15 4.443630e-15 1.000000e+00
    outer loop
      vertex   1.000011e+01 1.273907e+02 4.500000e+01
      vertex   4.709542e+00 1.125000e+02 4.500000e+01
      vertex   4.000000e+01 9.450000e+01 4.500000e+01
    endloop
  endfacet
  facet normal 0.000000e+00 0.000000e+00 1.000000e+00
    outer loop
      vertex   4.000000e+01 9.450000e+01 4.500000e+01
      vertex   4.709542e+00 1.125000e+02 4.500000e+01
      vertex   4.709542e+00 9.450000e+01 4.500000e+01
    endloop
  endfacet
  facet normal -2.605333e-15 0.000000e+00 1.000000e+00
    outer loop
      vertex   4.000000e+01 9.450000e+01 4.500000e+01
      vertex   4.000000e+01 1.845000e+02 4.500000e+01
      vertex   1.000011e+01 1.273907e+02 4.500000e+01
    endloop
  endfacet
  facet normal 1.136299e-14 -3.466440e-02 -9.993990e-01
    outer loop
      vertex   -9.997892e+00 1.790669e+02 5.104864e+01
      vertex   -4.998392e+00 1.790669e+02 5.104864e+01
      vertex   -9.997892e+00 1.788313e+02 5.105681e+01
    endloop
  endfacet
  facet normal 9.942584e-15 -3.466440e-02 -9.993990e-01
    outer loop
      vertex   -9.997892e+00 1.788313e+02 5.105681e+01
      vertex   -4.998392e+00 1.790669e+02 5.104864e+01
      vertex   1.107745e-03 1.790669e+02 5.104864e+01
    endloop
  endfacet
  facet normal 1.065280e-14 -3.466440e-02 -9.993990e-01
    outer loop
      vertex   -9.997892e+00 1.788313e+02 5.105681e+01
      vertex   1.107745e-03 1.790669e+02 5.104864e+01
      vertex   1.000011e+01 1.788313e+02 5.105681e+01
    endloop
  endfacet
  facet normal 1.136308e-14 -3.466440e-02 -9.993990e-01
    outer loop
      vertex   1.000011e+01 1.788313e+02 5.105681e+01
      vertex   1.107745e-03 1.790669e+02 5.104864e+01
      vertex   5.000608e+00 1.790669e+02 5.104864e+01
    endloop
  endfacet
  facet normal 9.942584e-15 -3.466440e-02 -9.993990e-01
    outer loop
      vertex   1.000011e+01 1.788313e+02 5.105681e+01
      vertex   5.000608e+00 1.790669e+02 5.104864e+01
      vertex   1.000011e+01 1.790669e+02 5.104864e+01
    endloop
  endfacet
  facet normal 9.585511e-15 -2.676934e-01 -9.635041e-01
    outer loop
      vertex   1.000011e+01 1.790669e+02 5.104864e+01
      vertex   5.000608e+00 1.790669e+02 5.104864e+01
      vertex   1.000011e+01 1.792941e+02 5.098552e+01
    endloop
  endfacet
  facet normal 1.232423e-14 -2.676934e-01 -9.635041e-01
    outer loop
      vertex   1.000011e+01 1.792941e+02 5.098552e+01
      vertex   5.000608e+00 1.790669e+02 5.104864e+01
      vertex   5.000608e+00 1.792941e+02 5.098552e+01
    endloop
  endfacet
  facet normal 1.117998e-14 -4.858411e-01 -8.740472e-01
    outer loop
      vertex   1.000011e+01 1.792941e+02 5.098552e+01
      vertex   5.000608e+00 1.792941e+02 5.098552e+01
      vertex   1.000011e+01 1.795002e+02 5.087097e+01
    endloop
  endfacet
  facet normal 6.211100e-15 -4.858411e-01 -8.740472e-01
    outer loop
      vertex   1.000011e+01 1.795002e+02 5.087097e+01
      vertex   5.000608e+00 1.792941e+02 5.098552e+01
      vertex   5.000608e+00 1.795002e+02 5.087097e+01
    endloop
  endfacet
  facet normal 5.230125e-15 -6.769804e-01 -7.360011e-01
    outer loop
      vertex   1.000011e+01 1.795002e+02 5.087097e+01
      vertex   5.000608e+00 1.795002e+02 5.087097e+01
      vertex   1.000011e+01 1.796737e+02 5.071135e+01
    endloop
  endfacet
  facet normal 7.322175e-15 -6.769804e-01 -7.360011e-01
    outer loop
      vertex   1.000011e+01 1.796737e+02 5.071135e+01
      vertex   5.000608e+00 1.795002e+02 5.087097e+01
      vertex   5.000608e+00 1.796737e+02 5.071135e+01
    endloop
  endfacet
  facet normal 5.541764e-15 -8.304857e-01 -5.570400e-01
    outer loop
      vertex   1.000011e+01 1.796737e+02 5.071135e+01
      vertex   5.000608e+00 1.796737e+02 5.071135e+01
      vertex   1.000011e+01 1.798051e+02 5.051554e+01
    endloop
  endfacet
  facet normal 1.184636e-14 -8.304857e-01 -5.570400e-01
    outer loop
      vertex   1.000011e+01 1.798051e+02 5.051554e+01
      vertex   5.000608e+00 1.796737e+02 5.071135e+01
      vertex   5.000608e+00 1.798051e+02 5.051554e+01
    endloop
  endfacet
  facet normal 9.771375e-15 -9.378235e-01 -3.471125e-01
    outer loop
      vertex   1.000011e+01 1.798051e+02 5.051554e+01
      vertex   5.000608e+00 1.798051e+02 5.051554e+01
      vertex   1.000011e+01 1.798869e+02 5.029442e+01
    endloop
  endfacet
  facet normal 3.946607e-15 -9.378235e-01 -3.471125e-01
    outer loop
      vertex   1.000011e+01 1.798869e+02 5.029442e+01
      vertex   5.000608e+00 1.798051e+02 5.051554e+01
      vertex   5.000608e+00 1.798869e+02 5.029442e+01
    endloop
  endfacet
  facet normal 1.340373e-15 -9.930268e-01 -1.178887e-01
    outer loop
      vertex   1.000011e+01 1.798869e+02 5.029442e+01
      vertex   5.000608e+00 1.798869e+02 5.029442e+01
      vertex   1.000011e+01 1.799147e+02 5.006029e+01
    endloop
  endfacet
  facet normal 1.172161e-15 -9.930268e-01 -1.178887e-01
    outer loop
      vertex   1.000011e+01 1.799147e+02 5.006029e+01
      vertex   5.000608e+00 1.798869e+02 5.029442e+01
      vertex   1.107745e-03 1.798869e+02 5.029442e+01
    endloop
  endfacet
  facet normal 1.256600e-15 -9.930268e-01 -1.178887e-01
    outer loop
      vertex   1.000011e+01 1.799147e+02 5.006029e+01
      vertex   1.107745e-03 1.798869e+02 5.029442e+01
      vertex   -9.997892e+00 1.799147e+02 5.006029e+01
    endloop
  endfacet
  facet normal 1.340664e-15 -9.930268e-01 -1.178887e-01
    outer loop
      vertex   -9.997892e+00 1.799147e+02 5.006029e+01
      vertex   1.107745e-03 1.798869e+02 5.029442e+01
      vertex   -4.998392e+00 1.798869e+02 5.029442e+01
    endloop
  endfacet
  facet normal 1.172897e-15 -9.930268e-01 -1.178887e-01
    outer loop
      vertex   -9.997892e+00 1.799147e+02 5.006029e+01
      vertex   -4.998392e+00 1.798869e+02 5.029442e+01
      vertex   -9.997892e+00 1.798869e+02 5.029442e+01
    endloop
  endfacet
  facet normal 3.453281e-15 -9.378235e-01 -3.471125e-01
    outer loop
      vertex   -9.997892e+00 1.798869e+02 5.029442e+01
      vertex   -4.998392e+00 1.798869e+02 5.029442e+01
      vertex   -9.997892e+00 1.798051e+02 5.051554e+01
    endloop
  endfacet
  facet normal 2.959955e-15 -9.378235e-01 -3.471125e-01
    outer loop
      vertex   -9.997892e+00 1.798051e+02 5.051554e+01
      vertex   -4.998392e+00 1.798869e+02 5.029442e+01
      vertex   -4.998392e+00 1.798051e+02 5.051554e+01
    endloop
  endfacet
  facet normal 4.750083e-15 -8.304857e-01 -5.570400e-01
    outer loop
      vertex   -9.997892e+00 1.798051e+02 5.051554e+01
      vertex   -4.998392e+00 1.798051e+02 5.051554e+01
      vertex   -9.997892e+00 1.796737e+02 5.071135e+01
    endloop
  endfacet
  facet normal 6.333445e-15 -8.304857e-01 -5.570400e-01
    outer loop
      vertex   -9.997892e+00 1.796737e+02 5.071135e+01
      vertex   -4.998392e+00 1.798051e+02 5.051554e+01
      vertex   -4.998392e+00 1.796737e+02 5.071135e+01
    endloop
  endfacet
  facet normal 8.368200e-15 -6.769804e-01 -7.360011e-01
    outer loop
      vertex   -9.997892e+00 1.796737e+02 5.071135e+01
      vertex   -4.998392e+00 1.796737e+02 5.071135e+01
      vertex   -9.997892e+00 1.795002e+02 5.087097e+01
    endloop
  endfacet
  facet normal 1.046025e-14 -6.769804e-01 -7.360011e-01
    outer loop
      vertex   -9.997892e+00 1.795002e+02 5.087097e+01
      vertex   -4.998392e+00 1.796737e+02 5.071135e+01
      vertex   -4.998392e+00 1.795002e+02 5.087097e+01
    endloop
  endfacet
  facet normal 1.242220e-14 -4.858411e-01 -8.740472e-01
    outer loop
      vertex   -9.997892e+00 1.795002e+02 5.087097e+01
      vertex   -4.998392e+00 1.795002e+02 5.087097e+01
      vertex   -9.997892e+00 1.792941e+02 5.098552e+01
    endloop
  endfacet
  facet normal 7.453320e-15 -4.858411e-01 -8.740472e-01
    outer loop
      vertex   -9.997892e+00 1.792941e+02 5.098552e+01
      vertex   -4.998392e+00 1.795002e+02 5.087097e+01
      vertex   -4.998392e+00 1.792941e+02 5.098552e+01
    endloop
  endfacet
  facet normal 8.216152e-15 -2.676934e-01 -9.635041e-01
    outer loop
      vertex   -9.997892e+00 1.792941e+02 5.098552e+01
      vertex   -4.998392e+00 1.792941e+02 5.098552e+01
      vertex   -9.997892e+00 1.790669e+02 5.104864e+01
    endloop
  endfacet
  facet normal 1.095487e-14 -2.676934e-01 -9.635041e-01
    outer loop
      vertex   -9.997892e+00 1.790669e+02 5.104864e+01
      vertex   -4.998392e+00 1.792941e+02 5.098552e+01
      vertex   -4.998392e+00 1.790669e+02 5.104864e+01
    endloop
  endfacet
  facet normal 1.095489e-14 -2.676934e-01 -9.635041e-01
    outer loop
      vertex   5.000608e+00 1.792941e+02 5.098552e+01
      vertex   5.000608e+00 1.790669e+02 5.104864e+01
      vertex   1.107745e-03 1.790669e+02 5.104864e+01
    endloop
  endfacet
  facet normal 9.585511e-15 -2.676934e-01 -9.635041e-01
    outer loop
      vertex   1.107745e-03 1.790669e+02 5.104864e+01
      vertex   -4.998392e+00 1.790669e+02 5.104864e+01
      vertex   1.107745e-03 1.792941e+02 5.098552e+01
    endloop
  endfacet
  facet normal 9.585511e-15 -2.676934e-01 -9.635041e-01
    outer loop
      vertex   1.107745e-03 1.792941e+02 5.098552e+01
      vertex   -4.998392e+00 1.790669e+02 5.104864e+01
      vertex   -4.998392e+00 1.792941e+02 5.098552e+01
    endloop
  endfacet
  facet normal 8.695540e-15 -4.858411e-01 -8.740472e-01
    outer loop
      vertex   1.107745e-03 1.792941e+02 5.098552e+01
      vertex   -4.998392e+00 1.792941e+02 5.098552e+01
      vertex   1.107745e-03 1.795002e+02 5.087097e+01
    endloop
  endfacet
  facet normal 8.695540e-15 -4.858411e-01 -8.740472e-01
    outer loop
      vertex   1.107745e-03 1.795002e+02 5.087097e+01
      vertex   -4.998392e+00 1.792941e+02 5.098552e+01
      vertex   -4.998392e+00 1.795002e+02 5.087097e+01
    endloop
  endfacet
  facet normal 7.322175e-15 -6.769804e-01 -7.360011e-01
    outer loop
      vertex   1.107745e-03 1.795002e+02 5.087097e+01
      vertex   -4.998392e+00 1.795002e+02 5.087097e+01
      vertex   1.107745e-03 1.796737e+02 5.071135e+01
    endloop
  endfacet
  facet normal 8.368200e-15 -6.769804e-01 -7.360011e-01
    outer loop
      vertex   1.107745e-03 1.796737e+02 5.071135e+01
      vertex   -4.998392e+00 1.795002e+02 5.087097e+01
      vertex   -4.998392e+00 1.796737e+02 5.071135e+01
    endloop
  endfacet
  facet normal 6.333445e-15 -8.304857e-01 -5.570400e-01
    outer loop
      vertex   1.107745e-03 1.796737e+02 5.071135e+01
      vertex   -4.998392e+00 1.796737e+02 5.071135e+01
      vertex   1.107745e-03 1.798051e+02 5.051554e+01
    endloop
  endfacet
  facet normal 1.612208e-15 -8.304857e-01 -5.570400e-01
    outer loop
      vertex   1.107745e-03 1.798051e+02 5.051554e+01
      vertex   -4.998392e+00 1.796737e+02 5.071135e+01
      vertex   -4.998392e+00 1.798051e+02 5.051554e+01
    endloop
  endfacet
  facet normal -1.384836e-15 -9.378235e-01 -3.471125e-01
    outer loop
      vertex   1.107745e-03 1.798051e+02 5.051554e+01
      vertex   -4.998392e+00 1.798051e+02 5.051554e+01
      vertex   1.107745e-03 1.798869e+02 5.029442e+01
    endloop
  endfacet
  facet normal 3.946607e-15 -9.378235e-01 -3.471125e-01
    outer loop
      vertex   1.107745e-03 1.798869e+02 5.029442e+01
      vertex   -4.998392e+00 1.798051e+02 5.051554e+01
      vertex   -4.998392e+00 1.798869e+02 5.029442e+01
    endloop
  endfacet
  facet normal 9.936514e-15 -4.858411e-01 -8.740472e-01
    outer loop
      vertex   5.000608e+00 1.795002e+02 5.087097e+01
      vertex   5.000608e+00 1.792941e+02 5.098552e+01
      vertex   1.107745e-03 1.792941e+02 5.098552e+01
    endloop
  endfacet
  facet normal 1.095487e-14 -2.676934e-01 -9.635041e-01
    outer loop
      vertex   1.107745e-03 1.792941e+02 5.098552e+01
      vertex   5.000608e+00 1.792941e+02 5.098552e+01
      vertex   1.107745e-03 1.790669e+02 5.104864e+01
    endloop
  endfacet
  facet normal 9.937760e-15 -4.858411e-01 -8.740472e-01
    outer loop
      vertex   5.000608e+00 1.795002e+02 5.087097e+01
      vertex   1.107745e-03 1.792941e+02 5.098552e+01
      vertex   1.107745e-03 1.795002e+02 5.087097e+01
    endloop
  endfacet
  facet normal 8.370689e-15 -6.769804e-01 -7.360011e-01
    outer loop
      vertex   5.000608e+00 1.796737e+02 5.071135e+01
      vertex   5.000608e+00 1.795002e+02 5.087097e+01
      vertex   1.107745e-03 1.795002e+02 5.087097e+01
    endloop
  endfacet
  facet normal 7.322175e-15 -6.769804e-01 -7.360011e-01
    outer loop
      vertex   5.000608e+00 1.796737e+02 5.071135e+01
      vertex   1.107745e-03 1.795002e+02 5.087097e+01
      vertex   1.107745e-03 1.796737e+02 5.071135e+01
    endloop
  endfacet
  facet normal 5.542197e-15 -8.304857e-01 -5.570400e-01
    outer loop
      vertex   5.000608e+00 1.798051e+02 5.051554e+01
      vertex   5.000608e+00 1.796737e+02 5.071135e+01
      vertex   1.107745e-03 1.796737e+02 5.071135e+01
    endloop
  endfacet
  facet normal 5.541764e-15 -8.304857e-01 -5.570400e-01
    outer loop
      vertex   5.000608e+00 1.798051e+02 5.051554e+01
      vertex   1.107745e-03 1.796737e+02 5.071135e+01
      vertex   1.107745e-03 1.798051e+02 5.051554e+01
    endloop
  endfacet
  facet normal 3.452468e-15 -9.378235e-01 -3.471125e-01
    outer loop
      vertex   5.000608e+00 1.798869e+02 5.029442e+01
      vertex   5.000608e+00 1.798051e+02 5.051554e+01
      vertex   1.107745e-03 1.798051e+02 5.051554e+01
    endloop
  endfacet
  facet normal 3.453281e-15 -9.378235e-01 -3.471125e-01
    outer loop
      vertex   5.000608e+00 1.798869e+02 5.029442e+01
      vertex   1.107745e-03 1.798051e+02 5.051554e+01
      vertex   1.107745e-03 1.798869e+02 5.029442e+01
    endloop
  endfacet
  facet normal 1.062208e-14 8.339514e-02 -9.965166e-01
    outer loop
      vertex   -9.997892e+00 1.271672e+02 4.673322e+01
      vertex   -9.997892e+00 1.788313e+02 5.105681e+01
      vertex   1.000011e+01 1.271672e+02 4.673322e+01
    endloop
  endfacet
  facet normal 1.060891e-14 8.339514e-02 -9.965166e-01
    outer loop
      vertex   1.000011e+01 1.271672e+02 4.673322e+01
      vertex   -9.997892e+00 1.788313e+02 5.105681e+01
      vertex   1.000011e+01 1.788313e+02 5.105681e+01
    endloop
  endfacet
  facet normal -1.040903e-14 -2.153834e-01 9.765296e-01
    outer loop
      vertex   -9.997892e+00 1.265645e+02 4.948430e+01
      vertex   -3.331892e+00 1.265645e+02 4.948430e+01
      vertex   -9.997892e+00 1.269263e+02 4.956410e+01
    endloop
  endfacet
  facet normal -1.040908e-14 -2.153834e-01 9.765296e-01
    outer loop
      vertex   -9.997892e+00 1.269263e+02 4.956410e+01
      vertex   -3.331892e+00 1.265645e+02 4.948430e+01
      vertex   3.334108e+00 1.265645e+02 4.948430e+01
    endloop
  endfacet
  facet normal -1.040903e-14 -2.153834e-01 9.765296e-01
    outer loop
      vertex   -9.997892e+00 1.269263e+02 4.956410e+01
      vertex   3.334108e+00 1.265645e+02 4.948430e+01
      vertex   1.000011e+01 1.269263e+02 4.956410e+01
    endloop
  endfacet
  facet normal -1.040767e-14 -2.153834e-01 9.765296e-01
    outer loop
      vertex   1.000011e+01 1.269263e+02 4.956410e+01
      vertex   3.334108e+00 1.265645e+02 4.948430e+01
      vertex   1.000011e+01 1.265645e+02 4.948430e+01
    endloop
  endfacet
  facet normal -9.461300e-15 -4.605810e-01 8.876177e-01
    outer loop
      vertex   1.000011e+01 1.265645e+02 4.948430e+01
      vertex   3.334108e+00 1.265645e+02 4.948430e+01
      vertex   1.000011e+01 1.262356e+02 4.931365e+01
    endloop
  endfacet
  facet normal -9.461300e-15 -4.605810e-01 8.876177e-01
    outer loop
      vertex   1.000011e+01 1.262356e+02 4.931365e+01
      vertex   3.334108e+00 1.265645e+02 4.948430e+01
      vertex   3.334108e+00 1.262356e+02 4.931365e+01
    endloop
  endfacet
  facet normal -7.869944e-15 -6.744466e-01 7.383236e-01
    outer loop
      vertex   1.000011e+01 1.262356e+02 4.931365e+01
      vertex   3.334108e+00 1.262356e+02 4.931365e+01
      vertex   1.000011e+01 1.259621e+02 4.906376e+01
    endloop
  endfacet
  facet normal -7.869944e-15 -6.744466e-01 7.383236e-01
    outer loop
      vertex   1.000011e+01 1.259621e+02 4.906376e+01
      vertex   3.334108e+00 1.262356e+02 4.931365e+01
      vertex   3.334108e+00 1.259621e+02 4.906376e+01
    endloop
  endfacet
  facet normal -5.743218e-15 -8.424315e-01 5.388035e-01
    outer loop
      vertex   1.000011e+01 1.259621e+02 4.906376e+01
      vertex   3.334108e+00 1.259621e+02 4.906376e+01
      vertex   1.000011e+01 1.257624e+02 4.875163e+01
    endloop
  endfacet
  facet normal -5.743218e-15 -8.424315e-01 5.388035e-01
    outer loop
      vertex   1.000011e+01 1.257624e+02 4.875163e+01
      vertex   3.334108e+00 1.259621e+02 4.906376e+01
      vertex   3.334108e+00 1.257624e+02 4.875163e+01
    endloop
  endfacet
  facet normal -3.225796e-15 -9.531081e-01 3.026300e-01
    outer loop
      vertex   1.000011e+01 1.257624e+02 4.875163e+01
      vertex   3.334108e+00 1.257624e+02 4.875163e+01
      vertex   1.000011e+01 1.256503e+02 4.839849e+01
    endloop
  endfacet
  facet normal -3.225796e-15 -9.531081e-01 3.026300e-01
    outer loop
      vertex   1.000011e+01 1.256503e+02 4.839849e+01
      vertex   3.334108e+00 1.257624e+02 4.875163e+01
      vertex   3.334108e+00 1.256503e+02 4.839849e+01
    endloop
  endfacet
  facet normal -4.889330e-16 -9.989474e-01 4.586955e-02
    outer loop
      vertex   1.000011e+01 1.256503e+02 4.839849e+01
      vertex   3.334108e+00 1.256503e+02 4.839849e+01
      vertex   1.000011e+01 1.256333e+02 4.802837e+01
    endloop
  endfacet
  facet normal -4.889330e-16 -9.989474e-01 4.586955e-02
    outer loop
      vertex   1.000011e+01 1.256333e+02 4.802837e+01
      vertex   3.334108e+00 1.256503e+02 4.839849e+01
      vertex   3.334108e+00 1.256333e+02 4.802837e+01
    endloop
  endfacet
  facet normal 2.281191e-15 -9.768312e-01 -2.140113e-01
    outer loop
      vertex   1.000011e+01 1.256333e+02 4.802837e+01
      vertex   3.334108e+00 1.256333e+02 4.802837e+01
      vertex   1.000011e+01 1.257126e+02 4.766644e+01
    endloop
  endfacet
  facet normal 2.281191e-15 -9.768312e-01 -2.140113e-01
    outer loop
      vertex   1.000011e+01 1.257126e+02 4.766644e+01
      vertex   3.334108e+00 1.256333e+02 4.802837e+01
      vertex   3.334108e+00 1.257126e+02 4.766644e+01
    endloop
  endfacet
  facet normal 4.896132e-15 -8.882638e-01 -4.593336e-01
    outer loop
      vertex   1.000011e+01 1.257126e+02 4.766644e+01
      vertex   3.334108e+00 1.257126e+02 4.766644e+01
      vertex   1.000011e+01 1.258828e+02 4.733733e+01
    endloop
  endfacet
  facet normal 4.896132e-15 -8.882638e-01 -4.593336e-01
    outer loop
      vertex   1.000011e+01 1.258828e+02 4.733733e+01
      vertex   3.334108e+00 1.257126e+02 4.766644e+01
      vertex   3.334108e+00 1.258828e+02 4.733733e+01
    endloop
  endfacet
  facet normal 7.178003e-15 -7.392704e-01 -6.734087e-01
    outer loop
      vertex   1.000011e+01 1.258828e+02 4.733733e+01
      vertex   3.334108e+00 1.258828e+02 4.733733e+01
      vertex   1.000011e+01 1.261323e+02 4.706343e+01
    endloop
  endfacet
  facet normal 7.895803e-15 -7.392704e-01 -6.734087e-01
    outer loop
      vertex   1.000011e+01 1.261323e+02 4.706343e+01
      vertex   3.334108e+00 1.258828e+02 4.733733e+01
      vertex   3.334108e+00 1.261323e+02 4.706343e+01
    endloop
  endfacet
  facet normal 9.868732e-15 -5.399864e-01 -8.416737e-01
    outer loop
      vertex   1.000011e+01 1.261323e+02 4.706343e+01
      vertex   3.334108e+00 1.261323e+02 4.706343e+01
      vertex   1.000011e+01 1.264442e+02 4.686335e+01
    endloop
  endfacet
  facet normal 8.074417e-15 -5.399864e-01 -8.416737e-01
    outer loop
      vertex   1.000011e+01 1.264442e+02 4.686335e+01
      vertex   3.334108e+00 1.261323e+02 4.706343e+01
      vertex   3.334108e+00 1.264442e+02 4.686335e+01
    endloop
  endfacet
  facet normal 9.139351e-15 -3.039687e-01 -9.526820e-01
    outer loop
      vertex   1.000011e+01 1.264442e+02 4.686335e+01
      vertex   3.334108e+00 1.264442e+02 4.686335e+01
      vertex   1.000011e+01 1.267971e+02 4.675073e+01
    endloop
  endfacet
  facet normal 1.015483e-14 -3.039687e-01 -9.526820e-01
    outer loop
      vertex   1.000011e+01 1.267971e+02 4.675073e+01
      vertex   3.334108e+00 1.264442e+02 4.686335e+01
      vertex   3.334108e+00 1.267971e+02 4.675073e+01
    endloop
  endfacet
  facet normal 1.064729e-14 -4.727289e-02 -9.988820e-01
    outer loop
      vertex   1.000011e+01 1.267971e+02 4.675073e+01
      vertex   3.334108e+00 1.267971e+02 4.675073e+01
      vertex   1.000011e+01 1.271672e+02 4.673322e+01
    endloop
  endfacet
  facet normal 1.064753e-14 -4.727289e-02 -9.988820e-01
    outer loop
      vertex   1.000011e+01 1.271672e+02 4.673322e+01
      vertex   3.334108e+00 1.267971e+02 4.675073e+01
      vertex   -3.331892e+00 1.267971e+02 4.675073e+01
    endloop
  endfacet
  facet normal 1.064729e-14 -4.727289e-02 -9.988820e-01
    outer loop
      vertex   1.000011e+01 1.271672e+02 4.673322e+01
      vertex   -3.331892e+00 1.267971e+02 4.675073e+01
      vertex   -9.997892e+00 1.271672e+02 4.673322e+01
    endloop
  endfacet
  facet normal 1.064718e-14 -4.727289e-02 -9.988820e-01
    outer loop
      vertex   -9.997892e+00 1.271672e+02 4.673322e+01
      vertex   -3.331892e+00 1.267971e+02 4.675073e+01
      vertex   -9.997892e+00 1.267971e+02 4.675073e+01
    endloop
  endfacet
  facet normal 1.015483e-14 -3.039687e-01 -9.526820e-01
    outer loop
      vertex   -9.997892e+00 1.267971e+02 4.675073e+01
      vertex   -3.331892e+00 1.267971e+02 4.675073e+01
      vertex   -9.997892e+00 1.264442e+02 4.686335e+01
    endloop
  endfacet
  facet normal 1.117032e-14 -3.039687e-01 -9.526820e-01
    outer loop
      vertex   -9.997892e+00 1.264442e+02 4.686335e+01
      vertex   -3.331892e+00 1.267971e+02 4.675073e+01
      vertex   -3.331892e+00 1.264442e+02 4.686335e+01
    endloop
  endfacet
  facet normal 9.868732e-15 -5.399864e-01 -8.416737e-01
    outer loop
      vertex   -9.997892e+00 1.264442e+02 4.686335e+01
      vertex   -3.331892e+00 1.264442e+02 4.686335e+01
      vertex   -9.997892e+00 1.261323e+02 4.706343e+01
    endloop
  endfacet
  facet normal 8.074417e-15 -5.399864e-01 -8.416737e-01
    outer loop
      vertex   -9.997892e+00 1.261323e+02 4.706343e+01
      vertex   -3.331892e+00 1.264442e+02 4.686335e+01
      vertex   -3.331892e+00 1.261323e+02 4.706343e+01
    endloop
  endfacet
  facet normal 6.460203e-15 -7.392704e-01 -6.734087e-01
    outer loop
      vertex   -9.997892e+00 1.261323e+02 4.706343e+01
      vertex   -3.331892e+00 1.261323e+02 4.706343e+01
      vertex   -9.997892e+00 1.258828e+02 4.733733e+01
    endloop
  endfacet
  facet normal 7.178003e-15 -7.392704e-01 -6.734087e-01
    outer loop
      vertex   -9.997892e+00 1.258828e+02 4.733733e+01
      vertex   -3.331892e+00 1.261323e+02 4.706343e+01
      vertex   -3.331892e+00 1.258828e+02 4.733733e+01
    endloop
  endfacet
  facet normal 4.896132e-15 -8.882638e-01 -4.593336e-01
    outer loop
      vertex   -9.997892e+00 1.258828e+02 4.733733e+01
      vertex   -3.331892e+00 1.258828e+02 4.733733e+01
      vertex   -9.997892e+00 1.257126e+02 4.766644e+01
    endloop
  endfacet
  facet normal 4.896132e-15 -8.882638e-01 -4.593336e-01
    outer loop
      vertex   -9.997892e+00 1.257126e+02 4.766644e+01
      vertex   -3.331892e+00 1.258828e+02 4.733733e+01
      vertex   -3.331892e+00 1.257126e+02 4.766644e+01
    endloop
  endfacet
  facet normal 2.281191e-15 -9.768312e-01 -2.140113e-01
    outer loop
      vertex   -9.997892e+00 1.257126e+02 4.766644e+01
      vertex   -3.331892e+00 1.257126e+02 4.766644e+01
      vertex   -9.997892e+00 1.256333e+02 4.802837e+01
    endloop
  endfacet
  facet normal 2.281191e-15 -9.768312e-01 -2.140113e-01
    outer loop
      vertex   -9.997892e+00 1.256333e+02 4.802837e+01
      vertex   -3.331892e+00 1.257126e+02 4.766644e+01
      vertex   -3.331892e+00 1.256333e+02 4.802837e+01
    endloop
  endfacet
  facet normal -4.889330e-16 -9.989474e-01 4.586955e-02
    outer loop
      vertex   -9.997892e+00 1.256333e+02 4.802837e+01
      vertex   -3.331892e+00 1.256333e+02 4.802837e+01
      vertex   -9.997892e+00 1.256503e+02 4.839849e+01
    endloop
  endfacet
  facet normal -4.889330e-16 -9.989474e-01 4.586955e-02
    outer loop
      vertex   -9.997892e+00 1.256503e+02 4.839849e+01
      vertex   -3.331892e+00 1.256333e+02 4.802837e+01
      vertex   -3.331892e+00 1.256503e+02 4.839849e+01
    endloop
  endfacet
  facet normal -3.225796e-15 -9.531081e-01 3.026300e-01
    outer loop
      vertex   -9.997892e+00 1.256503e+02 4.839849e+01
      vertex   -3.331892e+00 1.256503e+02 4.839849e+01
      vertex   -9.997892e+00 1.257624e+02 4.875163e+01
    endloop
  endfacet
  facet normal -3.225796e-15 -9.531081e-01 3.026300e-01
    outer loop
      vertex   -9.997892e+00 1.257624e+02 4.875163e+01
      vertex   -3.331892e+00 1.256503e+02 4.839849e+01
      vertex   -3.331892e+00 1.257624e+02 4.875163e+01
    endloop
  endfacet
  facet normal -5.743218e-15 -8.424315e-01 5.388035e-01
    outer loop
      vertex   -9.997892e+00 1.257624e+02 4.875163e+01
      vertex   -3.331892e+00 1.257624e+02 4.875163e+01
      vertex   -9.997892e+00 1.259621e+02 4.906376e+01
    endloop
  endfacet
  facet normal -5.743218e-15 -8.424315e-01 5.388035e-01
    outer loop
      vertex   -9.997892e+00 1.259621e+02 4.906376e+01
      vertex   -3.331892e+00 1.257624e+02 4.875163e+01
      vertex   -3.331892e+00 1.259621e+02 4.906376e+01
    endloop
  endfacet
  facet normal -7.869944e-15 -6.744466e-01 7.383236e-01
    outer loop
      vertex   -9.997892e+00 1.259621e+02 4.906376e+01
      vertex   -3.331892e+00 1.259621e+02 4.906376e+01
      vertex   -9.997892e+00 1.262356e+02 4.931365e+01
    endloop
  endfacet
  facet normal -7.869944e-15 -6.744466e-01 7.383236e-01
    outer loop
      vertex   -9.997892e+00 1.262356e+02 4.931365e+01
      vertex   -3.331892e+00 1.259621e+02 4.906376e+01
      vertex   -3.331892e+00 1.262356e+02 4.931365e+01
    endloop
  endfacet
  facet normal -9.461300e-15 -4.605810e-01 8.876177e-01
    outer loop
      vertex   -9.997892e+00 1.262356e+02 4.931365e+01
      vertex   -3.331892e+00 1.262356e+02 4.931365e+01
      vertex   -9.997892e+00 1.265645e+02 4.948430e+01
    endloop
  endfacet
  facet normal -9.461300e-15 -4.605810e-01 8.876177e-01
    outer loop
      vertex   -9.997892e+00 1.265645e+02 4.948430e+01
      vertex   -3.331892e+00 1.262356e+02 4.931365e+01
      vertex   -3.331892e+00 1.265645e+02 4.948430e+01
    endloop
  endfacet
  facet normal -9.459479e-15 -4.605810e-01 8.876177e-01
    outer loop
      vertex   3.334108e+00 1.262356e+02 4.931365e+01
      vertex   3.334108e+00 1.265645e+02 4.948430e+01
      vertex   -3.331892e+00 1.265645e+02 4.948430e+01
    endloop
  endfacet
  facet normal -9.461300e-15 -4.605810e-01 8.876177e-01
    outer loop
      vertex   3.334108e+00 1.262356e+02 4.931365e+01
      vertex   -3.331892e+00 1.265645e+02 4.948430e+01
      vertex   -3.331892e+00 1.262356e+02 4.931365e+01
    endloop
  endfacet
  facet normal -7.872130e-15 -6.744466e-01 7.383236e-01
    outer loop
      vertex   3.334108e+00 1.259621e+02 4.906376e+01
      vertex   3.334108e+00 1.262356e+02 4.931365e+01
      vertex   -3.331892e+00 1.262356e+02 4.931365e+01
    endloop
  endfacet
  facet normal -7.869944e-15 -6.744466e-01 7.383236e-01
    outer loop
      vertex   3.334108e+00 1.259621e+02 4.906376e+01
      vertex   -3.331892e+00 1.262356e+02 4.931365e+01
      vertex   -3.331892e+00 1.259621e+02 4.906376e+01
    endloop
  endfacet
  facet normal -5.742553e-15 -8.424315e-01 5.388035e-01
    outer loop
      vertex   3.334108e+00 1.257624e+02 4.875163e+01
      vertex   3.334108e+00 1.259621e+02 4.906376e+01
      vertex   -3.331892e+00 1.259621e+02 4.906376e+01
    endloop
  endfacet
  facet normal -5.743218e-15 -8.424315e-01 5.388035e-01
    outer loop
      vertex   3.334108e+00 1.257624e+02 4.875163e+01
      vertex   -3.331892e+00 1.259621e+02 4.906376e+01
      vertex   -3.331892e+00 1.257624e+02 4.875163e+01
    endloop
  endfacet
  facet normal -3.228079e-15 -9.531081e-01 3.026300e-01
    outer loop
      vertex   3.334108e+00 1.256503e+02 4.839849e+01
      vertex   3.334108e+00 1.257624e+02 4.875163e+01
      vertex   -3.331892e+00 1.257624e+02 4.875163e+01
    endloop
  endfacet
  facet normal -3.225796e-15 -9.531081e-01 3.026300e-01
    outer loop
      vertex   3.334108e+00 1.256503e+02 4.839849e+01
      vertex   -3.331892e+00 1.257624e+02 4.875163e+01
      vertex   -3.331892e+00 1.256503e+02 4.839849e+01
    endloop
  endfacet
  facet normal -4.891986e-16 -9.989474e-01 4.586955e-02
    outer loop
      vertex   3.334108e+00 1.256333e+02 4.802837e+01
      vertex   3.334108e+00 1.256503e+02 4.839849e+01
      vertex   -3.331892e+00 1.256503e+02 4.839849e+01
    endloop
  endfacet
  facet normal -4.889330e-16 -9.989474e-01 4.586955e-02
    outer loop
      vertex   3.334108e+00 1.256333e+02 4.802837e+01
      vertex   -3.331892e+00 1.256503e+02 4.839849e+01
      vertex   -3.331892e+00 1.256333e+02 4.802837e+01
    endloop
  endfacet
  facet normal 2.279883e-15 -9.768312e-01 -2.140113e-01
    outer loop
      vertex   3.334108e+00 1.257126e+02 4.766644e+01
      vertex   3.334108e+00 1.256333e+02 4.802837e+01
      vertex   -3.331892e+00 1.256333e+02 4.802837e+01
    endloop
  endfacet
  facet normal 2.281191e-15 -9.768312e-01 -2.140113e-01
    outer loop
      vertex   3.334108e+00 1.257126e+02 4.766644e+01
      vertex   -3.331892e+00 1.256333e+02 4.802837e+01
      vertex   -3.331892e+00 1.257126e+02 4.766644e+01
    endloop
  endfacet
  facet normal 4.894094e-15 -8.882638e-01 -4.593336e-01
    outer loop
      vertex   3.334108e+00 1.258828e+02 4.733733e+01
      vertex   3.334108e+00 1.257126e+02 4.766644e+01
      vertex   -3.331892e+00 1.257126e+02 4.766644e+01
    endloop
  endfacet
  facet normal 4.896132e-15 -8.882638e-01 -4.593336e-01
    outer loop
      vertex   3.334108e+00 1.258828e+02 4.733733e+01
      vertex   -3.331892e+00 1.257126e+02 4.766644e+01
      vertex   -3.331892e+00 1.258828e+02 4.733733e+01
    endloop
  endfacet
  facet normal 7.175382e-15 -7.392704e-01 -6.734087e-01
    outer loop
      vertex   3.334108e+00 1.261323e+02 4.706343e+01
      vertex   3.334108e+00 1.258828e+02 4.733733e+01
      vertex   -3.331892e+00 1.258828e+02 4.733733e+01
    endloop
  endfacet
  facet normal 7.178003e-15 -7.392704e-01 -6.734087e-01
    outer loop
      vertex   3.334108e+00 1.261323e+02 4.706343e+01
      vertex   -3.331892e+00 1.258828e+02 4.733733e+01
      vertex   -3.331892e+00 1.261323e+02 4.706343e+01
    endloop
  endfacet
  facet normal 8.973441e-15 -5.399864e-01 -8.416737e-01
    outer loop
      vertex   3.334108e+00 1.264442e+02 4.686335e+01
      vertex   3.334108e+00 1.261323e+02 4.706343e+01
      vertex   -3.331892e+00 1.261323e+02 4.706343e+01
    endloop
  endfacet
  facet normal 8.971574e-15 -5.399864e-01 -8.416737e-01
    outer loop
      vertex   3.334108e+00 1.264442e+02 4.686335e+01
      vertex   -3.331892e+00 1.261323e+02 4.706343e+01
      vertex   -3.331892e+00 1.264442e+02 4.686335e+01
    endloop
  endfacet
  facet normal 1.015623e-14 -3.039687e-01 -9.526820e-01
    outer loop
      vertex   3.334108e+00 1.267971e+02 4.675073e+01
      vertex   3.334108e+00 1.264442e+02 4.686335e+01
      vertex   -3.331892e+00 1.264442e+02 4.686335e+01
    endloop
  endfacet
  facet normal 1.015483e-14 -3.039687e-01 -9.526820e-01
    outer loop
      vertex   3.334108e+00 1.267971e+02 4.675073e+01
      vertex   -3.331892e+00 1.264442e+02 4.686335e+01
      vertex   -3.331892e+00 1.267971e+02 4.675073e+01
    endloop
  endfacet
  facet normal 0.000000e+00 -1.000000e+00 0.000000e+00
    outer loop
      vertex   -4.490393e+01 9.450000e+01 -4.097545e+01
      vertex   -4.461940e+01 9.450000e+01 -4.191342e+01
      vertex   -4.500000e+01 9.450000e+01 -4.000000e+01
    endloop
  endfacet
  facet normal 0.000000e+00 -1.000000e+00 0.000000e+00
    outer loop
      vertex   -4.500000e+01 9.450000e+01 -4.000000e+01
      vertex   -4.461940e+01 9.450000e+01 -4.191342e+01
      vertex   -4.415735e+01 9.450000e+01 -4.277785e+01
    endloop
  endfacet
  facet normal 0.000000e+00 -1.000000e+00 0.000000e+00
    outer loop
      vertex   -4.500000e+01 9.450000e+01 -4.000000e+01
      vertex   -4.415735e+01 9.450000e+01 -4.277785e+01
      vertex   -4.353553e+01 9.450000e+01 -4.353553e+01
    endloop
  endfacet
  facet normal 0.000000e+00 -1.000000e+00 0.000000e+00
    outer loop
      vertex   -4.353553e+01 9.450000e+01 -4.353553e+01
      vertex   -4.277785e+01 9.450000e+01 -4.415735e+01
      vertex   -4.500000e+01 9.450000e+01 -4.000000e+01
    endloop
  endfacet
  facet normal 0.000000e+00 -1.000000e+00 0.000000e+00
    outer loop
      vertex   -4.500000e+01 9.450000e+01 -4.000000e+01
      vertex   -4.277785e+01 9.450000e+01 -4.415735e+01
      vertex   -4.191342e+01 9.450000e+01 -4.461940e+01
    endloop
  endfacet
  facet normal 0.000000e+00 -1.000000e+00 0.000000e+00
    outer loop
      vertex   -4.500000e+01 9.450000e+01 -4.000000e+01
      vertex   -4.191342e+01 9.450000e+01 -4.461940e+01
      vertex   -4.097545e+01 9.450000e+01 -4.490393e+01
    endloop
  endfacet
  facet normal 0.000000e+00 -1.000000e+00 0.000000e+00
    outer loop
      vertex   -4.097545e+01 9.450000e+01 -4.490393e+01
      vertex   -4.000000e+01 9.450000e+01 -4.500000e+01
      vertex   -4.500000e+01 9.450000e+01 -4.000000e+01
    endloop
  endfacet
  facet normal 0.000000e+00 -1.000000e+00 0.000000e+00
    outer loop
      vertex   -4.500000e+01 9.450000e+01 -4.000000e+01
      vertex   -4.000000e+01 9.450000e+01 -4.500000e+01
      vertex   -2.290458e+00 9.450000e+01 -3.950000e+01
    endloop
  endfacet
  facet normal 0.000000e+00 -1.000000e+00 0.000000e+00
    outer loop
      vertex   -4.500000e+01 9.450000e+01 -4.000000e+01
      vertex   -2.290458e+00 9.450000e+01 -3.950000e+01
      vertex   -3.889087e+00 9.450000e+01 -3.889087e+00
    endloop
  endfacet
  facet normal 0.000000e+00 -1.000000e+00 0.000000e+00
    outer loop
      vertex   -3.889087e+00 9.450000e+01 -3.889087e+00
      vertex   -2.290458e+00 9.450000e+01 -3.950000e+01
      vertex   -3.055636e+00 9.450000e+01 -4.573083e+00
    endloop
  endfacet
  facet normal 0.000000e+00 -1.000000e+00 0.000000e+00
    outer loop
      vertex   -3.055636e+00 9.450000e+01 -4.573083e+00
      vertex   -2.290458e+00 9.450000e+01 -3.950000e+01
      vertex   -2.104759e+00 9.450000e+01 -5.081337e+00
    endloop
  endfacet
  facet normal 0.000000e+00 -1.000000e+00 -0.000000e+00
    outer loop
      vertex   -2.104759e+00 9.450000e+01 -5.081337e+00
      vertex   -2.290458e+00 9.450000e+01 -3.950000e+01
      vertex   -1.072997e+00 9.450000e+01 -5.394319e+00
    endloop
  endfacet
  facet normal 0.000000e+00 -1.000000e+00 -0.000000e+00
    outer loop
      vertex   -1.072997e+00 9.450000e+01 -5.394319e+00
      vertex   -2.290458e+00 9.450000e+01 -3.950000e+01
      vertex   -3.367779e-16 9.450000e+01 -5.500000e+00
    endloop
  endfacet
  facet normal 0.000000e+00 -1.000000e+00 -0.000000e+00
    outer loop
      vertex   -3.367779e-16 9.450000e+01 -5.500000e+00
      vertex   -2.290458e+00 9.450000e+01 -3.950000e+01
      vertex   4.709542e+00 9.450000e+01 -3.950000e+01
    endloop
  endfacet
  facet normal 0.000000e+00 -1.000000e+00 0.000000e+00
    outer loop
      vertex   -3.367779e-16 9.450000e+01 -5.500000e+00
      vertex   4.709542e+00 9.450000e+01 -3.950000e+01
      vertex   1.072997e+00 9.450000e+01 -5.394319e+00
    endloop
  endfacet
  facet normal 0.000000e+00 -1.000000e+00 0.000000e+00
    outer loop
      vertex   1.072997e+00 9.450000e+01 -5.394319e+00
      vertex   4.709542e+00 9.450000e+01 -3.950000e+01
      vertex   2.104759e+00 9.450000e+01 -5.081337e+00
    endloop
  endfacet
  facet normal 0.000000e+00 -1.000000e+00 0.000000e+00
    outer loop
      vertex   2.104759e+00 9.450000e+01 -5.081337e+00
      vertex   4.709542e+00 9.450000e+01 -3.950000e+01
      vertex   3.055636e+00 9.450000e+01 -4.573083e+00
    endloop
  endfacet
  facet normal 0.000000e+00 -1.000000e+00 0.000000e+00
    outer loop
      vertex   3.055636e+00 9.450000e+01 -4.573083e+00
      vertex   4.709542e+00 9.450000e+01 -3.950000e+01
      vertex   3.889087e+00 9.450000e+01 -3.889087e+00
    endloop
  endfacet
  facet normal 0.000000e+00 -1.000000e+00 0.000000e+00
    outer loop
      vertex   3.889087e+00 9.450000e+01 -3.889087e+00
      vertex   4.709542e+00 9.450000e+01 -3.950000e+01
      vertex   4.500000e+01 9.450000e+01 -4.000000e+01
    endloop
  endfacet
  facet normal 0.000000e+00 -1.000000e+00 0.000000e+00
    outer loop
      vertex   3.889087e+00 9.450000e+01 -3.889087e+00
      vertex   4.500000e+01 9.450000e+01 -4.000000e+01
      vertex   4.573083e+00 9.450000e+01 -3.055636e+00
    endloop
  endfacet
  facet normal 0.000000e+00 -1.000000e+00 0.000000e+00
    outer loop
      vertex   4.573083e+00 9.450000e+01 -3.055636e+00
      vertex   4.500000e+01 9.450000e+01 -4.000000e+01
      vertex   5.081337e+00 9.450000e+01 -2.104759e+00
    endloop
  endfacet
  facet normal 0.000000e+00 -1.000000e+00 0.000000e+00
    outer loop
      vertex   5.081337e+00 9.450000e+01 -2.104759e+00
      vertex   4.500000e+01 9.450000e+01 -4.000000e+01
      vertex   5.394319e+00 9.450000e+01 -1.072997e+00
    endloop
  endfacet
  facet normal 0.000000e+00 -1.000000e+00 0.000000e+00
    outer loop
      vertex   5.394319e+00 9.450000e+01 -1.072997e+00
      vertex   4.500000e+01 9.450000e+01 -4.000000e+01
      vertex   5.500000e+00 9.450000e+01 -6.735557e-16
    endloop
  endfacet
  facet normal 0.000000e+00 -1.000000e+00 0.000000e+00
    outer loop
      vertex   5.500000e+00 9.450000e+01 -6.735557e-16
      vertex   4.500000e+01 9.450000e+01 -4.000000e+01
      vertex   4.500000e+01 9.450000e+01 4.000000e+01
    endloop
  endfacet
  facet normal 0.000000e+00 -1.000000e+00 0.000000e+00
    outer loop
      vertex   5.500000e+00 9.450000e+01 -6.735557e-16
      vertex   4.500000e+01 9.450000e+01 4.000000e+01
      vertex   5.394319e+00 9.450000e+01 1.072997e+00
    endloop
  endfacet
  facet normal 0.000000e+00 -1.000000e+00 0.000000e+00
    outer loop
      vertex   5.394319e+00 9.450000e+01 1.072997e+00
      vertex   4.500000e+01 9.450000e+01 4.000000e+01
      vertex   1.006238e+01 9.450000e+01 2.264714e+01
    endloop
  endfacet
  facet normal 0.000000e+00 -1.000000e+00 0.000000e+00
    outer loop
      vertex   5.394319e+00 9.450000e+01 1.072997e+00
      vertex   1.006238e+01 9.450000e+01 2.264714e+01
      vertex   9.318391e+00 9.450000e+01 2.135852e+01
    endloop
  endfacet
  facet normal 3.768504e-16 -1.000000e+00 -2.583792e-15
    outer loop
      vertex   -4.000000e+01 9.450000e+01 -4.500000e+01
      vertex   -2.290458e+00 9.450000e+01 -4.500000e+01
      vertex   -2.290458e+00 9.450000e+01 -3.950000e+01
    endloop
  endfacet
  facet normal -4.026826e-16 -1.000000e+00 -2.583792e-15
    outer loop
      vertex   4.709542e+00 9.450000e+01 -4.500000e+01
      vertex   4.000000e+01 9.450000e+01 -4.500000e+01
      vertex   4.709542e+00 9.450000e+01 -3.950000e+01
    endloop
  endfacet
  facet normal 0.000000e+00 -1.000000e+00 0.000000e+00
    outer loop
      vertex   4.709542e+00 9.450000e+01 -3.950000e+01
      vertex   4.000000e+01 9.450000e+01 -4.500000e+01
      vertex   4.500000e+01 9.450000e+01 -4.000000e+01
    endloop
  endfacet
  facet normal 0.000000e+00 -1.000000e+00 0.000000e+00
    outer loop
      vertex   4.000000e+01 9.450000e+01 -4.500000e+01
      vertex   4.097545e+01 9.450000e+01 -4.490393e+01
      vertex   4.500000e+01 9.450000e+01 -4.000000e+01
    endloop
  endfacet
  facet normal 0.000000e+00 -1.000000e+00 0.000000e+00
    outer loop
      vertex   4.500000e+01 9.450000e+01 -4.000000e+01
      vertex   4.097545e+01 9.450000e+01 -4.490393e+01
      vertex   4.191342e+01 9.450000e+01 -4.461940e+01
    endloop
  endfacet
  facet normal 0.000000e+00 -1.000000e+00 0.000000e+00
    outer loop
      vertex   4.500000e+01 9.450000e+01 -4.000000e+01
      vertex   4.191342e+01 9.450000e+01 -4.461940e+01
      vertex   4.277785e+01 9.450000e+01 -4.415735e+01
    endloop
  endfacet
  facet normal 0.000000e+00 -1.000000e+00 0.000000e+00
    outer loop
      vertex   4.277785e+01 9.450000e+01 -4.415735e+01
      vertex   4.353553e+01 9.450000e+01 -4.353553e+01
      vertex   4.500000e+01 9.450000e+01 -4.000000e+01
    endloop
  endfacet
  facet normal 0.000000e+00 -1.000000e+00 0.000000e+00
    outer loop
      vertex   4.500000e+01 9.450000e+01 -4.000000e+01
      vertex   4.353553e+01 9.450000e+01 -4.353553e+01
      vertex   4.415735e+01 9.450000e+01 -4.277785e+01
    endloop
  endfacet
  facet normal 0.000000e+00 -1.000000e+00 0.000000e+00
    outer loop
      vertex   4.500000e+01 9.450000e+01 -4.000000e+01
      vertex   4.415735e+01 9.450000e+01 -4.277785e+01
      vertex   4.461940e+01 9.450000e+01 -4.191342e+01
    endloop
  endfacet
  facet normal 0.000000e+00 -1.000000e+00 0.000000e+00
    outer loop
      vertex   4.461940e+01 9.450000e+01 -4.191342e+01
      vertex   4.490393e+01 9.450000e+01 -4.097545e+01
      vertex   4.500000e+01 9.450000e+01 -4.000000e+01
    endloop
  endfacet
  facet normal -0.000000e+00 -1.000000e+00 -0.000000e+00
    outer loop
      vertex   4.490393e+01 9.450000e+01 4.097545e+01
      vertex   4.000000e+01 9.450000e+01 4.500000e+01
      vertex   4.500000e+01 9.450000e+01 4.000000e+01
    endloop
  endfacet
  facet normal -0.000000e+00 -1.000000e+00 0.000000e+00
    outer loop
      vertex   4.500000e+01 9.450000e+01 4.000000e+01
      vertex   4.000000e+01 9.450000e+01 4.500000e+01
      vertex   1.093710e+01 9.450000e+01 2.845054e+01
    endloop
  endfacet
  facet normal 0.000000e+00 -1.000000e+00 0.000000e+00
    outer loop
      vertex   4.500000e+01 9.450000e+01 4.000000e+01
      vertex   1.093710e+01 9.450000e+01 2.845054e+01
      vertex   1.104830e+01 9.450000e+01 2.696673e+01
    endloop
  endfacet
  facet normal 0.000000e+00 -1.000000e+00 0.000000e+00
    outer loop
      vertex   4.490393e+01 9.450000e+01 4.097545e+01
      vertex   4.461940e+01 9.450000e+01 4.191342e+01
      vertex   4.000000e+01 9.450000e+01 4.500000e+01
    endloop
  endfacet
  facet normal 0.000000e+00 -1.000000e+00 0.000000e+00
    outer loop
      vertex   4.000000e+01 9.450000e+01 4.500000e+01
      vertex   4.461940e+01 9.450000e+01 4.191342e+01
      vertex   4.415735e+01 9.450000e+01 4.277785e+01
    endloop
  endfacet
  facet normal 0.000000e+00 -1.000000e+00 0.000000e+00
    outer loop
      vertex   4.000000e+01 9.450000e+01 4.500000e+01
      vertex   4.415735e+01 9.450000e+01 4.277785e+01
      vertex   4.353553e+01 9.450000e+01 4.353553e+01
    endloop
  endfacet
  facet normal 0.000000e+00 -1.000000e+00 0.000000e+00
    outer loop
      vertex   4.353553e+01 9.450000e+01 4.353553e+01
      vertex   4.277785e+01 9.450000e+01 4.415735e+01
      vertex   4.000000e+01 9.450000e+01 4.500000e+01
    endloop
  endfacet
  facet normal 0.000000e+00 -1.000000e+00 0.000000e+00
    outer loop
      vertex   4.000000e+01 9.450000e+01 4.500000e+01
      vertex   4.277785e+01 9.450000e+01 4.415735e+01
      vertex   4.191342e+01 9.450000e+01 4.461940e+01
    endloop
  endfacet
  facet normal 0.000000e+00 -1.000000e+00 0.000000e+00
    outer loop
      vertex   4.000000e+01 9.450000e+01 4.500000e+01
      vertex   4.191342e+01 9.450000e+01 4.461940e+01
      vertex   4.097545e+01 9.450000e+01 4.490393e+01
    endloop
  endfacet
  facet normal -4.026826e-16 -1.000000e+00 1.130248e-15
    outer loop
      vertex   4.709542e+00 9.450000e+01 4.500000e+01
      vertex   8.390655e+00 9.450000e+01 3.373828e+01
      vertex   4.000000e+01 9.450000e+01 4.500000e+01
    endloop
  endfacet
  facet normal 0.000000e+00 -1.000000e+00 0.000000e+00
    outer loop
      vertex   4.000000e+01 9.450000e+01 4.500000e+01
      vertex   8.390655e+00 9.450000e+01 3.373828e+01
      vertex   9.318391e+00 9.450000e+01 3.257494e+01
    endloop
  endfacet
  facet normal 0.000000e+00 -1.000000e+00 0.000000e+00
    outer loop
      vertex   4.000000e+01 9.450000e+01 4.500000e+01
      vertex   9.318391e+00 9.450000e+01 3.257494e+01
      vertex   1.006238e+01 9.450000e+01 3.128632e+01
    endloop
  endfacet
  facet normal 5.533378e-15 -1.000000e+00 3.070567e-15
    outer loop
      vertex   4.709542e+00 9.450000e+01 4.500000e+01
      vertex   4.709542e+00 9.450000e+01 4.037191e+01
      vertex   8.390655e+00 9.450000e+01 3.373828e+01
    endloop
  endfacet
  facet normal 0.000000e+00 -1.000000e+00 0.000000e+00
    outer loop
      vertex   8.390655e+00 9.450000e+01 3.373828e+01
      vertex   4.709542e+00 9.450000e+01 4.037191e+01
      vertex   7.299895e+00 9.450000e+01 3.475036e+01
    endloop
  endfacet
  facet normal 0.000000e+00 -1.000000e+00 0.000000e+00
    outer loop
      vertex   7.299895e+00 9.450000e+01 3.475036e+01
      vertex   4.709542e+00 9.450000e+01 4.037191e+01
      vertex   6.070475e+00 9.450000e+01 3.558857e+01
    endloop
  endfacet
  facet normal 0.000000e+00 -1.000000e+00 0.000000e+00
    outer loop
      vertex   6.070475e+00 9.450000e+01 3.558857e+01
      vertex   4.709542e+00 9.450000e+01 4.037191e+01
      vertex   4.729858e+00 9.450000e+01 3.623417e+01
    endloop
  endfacet
  facet normal 0.000000e+00 -1.000000e+00 0.000000e+00
    outer loop
      vertex   4.729858e+00 9.450000e+01 3.623417e+01
      vertex   4.709542e+00 9.450000e+01 4.037191e+01
      vertex   3.307993e+00 9.450000e+01 3.667276e+01
    endloop
  endfacet
  facet normal 0.000000e+00 -1.000000e+00 0.000000e+00
    outer loop
      vertex   3.307993e+00 9.450000e+01 3.667276e+01
      vertex   4.709542e+00 9.450000e+01 4.037191e+01
      vertex   1.836640e+00 9.450000e+01 3.689453e+01
    endloop
  endfacet
  facet normal 0.000000e+00 -1.000000e+00 0.000000e+00
    outer loop
      vertex   1.836640e+00 9.450000e+01 3.689453e+01
      vertex   4.709542e+00 9.450000e+01 4.037191e+01
      vertex   -2.290458e+00 9.450000e+01 4.037191e+01
    endloop
  endfacet
  facet normal 0.000000e+00 -1.000000e+00 0.000000e+00
    outer loop
      vertex   1.836640e+00 9.450000e+01 3.689453e+01
      vertex   -2.290458e+00 9.450000e+01 4.037191e+01
      vertex   3.486686e-01 9.450000e+01 3.689453e+01
    endloop
  endfacet
  facet normal -0.000000e+00 -1.000000e+00 0.000000e+00
    outer loop
      vertex   3.486686e-01 9.450000e+01 3.689453e+01
      vertex   -2.290458e+00 9.450000e+01 4.037191e+01
      vertex   -1.122684e+00 9.450000e+01 3.667276e+01
    endloop
  endfacet
  facet normal -0.000000e+00 -1.000000e+00 0.000000e+00
    outer loop
      vertex   -1.122684e+00 9.450000e+01 3.667276e+01
      vertex   -2.290458e+00 9.450000e+01 4.037191e+01
      vertex   -2.544549e+00 9.450000e+01 3.623417e+01
    endloop
  endfacet
  facet normal -0.000000e+00 -1.000000e+00 0.000000e+00
    outer loop
      vertex   -2.544549e+00 9.450000e+01 3.623417e+01
      vertex   -2.290458e+00 9.450000e+01 4.037191e+01
      vertex   -3.885166e+00 9.450000e+01 3.558857e+01
    endloop
  endfacet
  facet normal -0.000000e+00 -1.000000e+00 0.000000e+00
    outer loop
      vertex   -3.885166e+00 9.450000e+01 3.558857e+01
      vertex   -2.290458e+00 9.450000e+01 4.037191e+01
      vertex   -5.114586e+00 9.450000e+01 3.475036e+01
    endloop
  endfacet
  facet normal -0.000000e+00 -1.000000e+00 0.000000e+00
    outer loop
      vertex   -5.114586e+00 9.450000e+01 3.475036e+01
      vertex   -2.290458e+00 9.450000e+01 4.037191e+01
      vertex   -6.205346e+00 9.450000e+01 3.373828e+01
    endloop
  endfacet
  facet normal -5.202957e-15 -1.000000e+00 3.070567e-15
    outer loop
      vertex   -6.205346e+00 9.450000e+01 3.373828e+01
      vertex   -2.290458e+00 9.450000e+01 4.037191e+01
      vertex   -2.290458e+00 9.450000e+01 4.500000e+01
    endloop
  endfacet
  facet normal 3.768504e-16 -1.000000e+00 1.130869e-15
    outer loop
      vertex   -6.205346e+00 9.450000e+01 3.373828e+01
      vertex   -2.290458e+00 9.450000e+01 4.500000e+01
      vertex   -4.000000e+01 9.450000e+01 4.500000e+01
    endloop
  endfacet
  facet normal 0.000000e+00 -1.000000e+00 -0.000000e+00
    outer loop
      vertex   -4.097545e+01 9.450000e+01 4.490393e+01
      vertex   -4.191342e+01 9.450000e+01 4.461940e+01
      vertex   -4.000000e+01 9.450000e+01 4.500000e+01
    endloop
  endfacet
  facet normal 0.000000e+00 -1.000000e+00 0.000000e+00
    outer loop
      vertex   -4.000000e+01 9.450000e+01 4.500000e+01
      vertex   -4.191342e+01 9.450000e+01 4.461940e+01
      vertex   -4.277785e+01 9.450000e+01 4.415735e+01
    endloop
  endfacet
  facet normal 0.000000e+00 -1.000000e+00 0.000000e+00
    outer loop
      vertex   -4.000000e+01 9.450000e+01 4.500000e+01
      vertex   -4.277785e+01 9.450000e+01 4.415735e+01
      vertex   -4.353553e+01 9.450000e+01 4.353553e+01
    endloop
  endfacet
  facet normal 0.000000e+00 -1.000000e+00 -0.000000e+00
    outer loop
      vertex   -4.353553e+01 9.450000e+01 4.353553e+01
      vertex   -4.415735e+01 9.450000e+01 4.277785e+01
      vertex   -4.000000e+01 9.450000e+01 4.500000e+01
    endloop
  endfacet
  facet normal 0.000000e+00 -1.000000e+00 0.000000e+00
    outer loop
      vertex   -4.000000e+01 9.450000e+01 4.500000e+01
      vertex   -4.415735e+01 9.450000e+01 4.277785e+01
      vertex   -4.461940e+01 9.450000e+01 4.191342e+01
    endloop
  endfacet
  facet normal 0.000000e+00 -1.000000e+00 0.000000e+00
    outer loop
      vertex   -4.000000e+01 9.450000e+01 4.500000e+01
      vertex   -4.461940e+01 9.450000e+01 4.191342e+01
      vertex   -4.490393e+01 9.450000e+01 4.097545e+01
    endloop
  endfacet
  facet normal 0.000000e+00 -1.000000e+00 -0.000000e+00
    outer loop
      vertex   -4.490393e+01 9.450000e+01 4.097545e+01
      vertex   -4.500000e+01 9.450000e+01 4.000000e+01
      vertex   -4.000000e+01 9.450000e+01 4.500000e+01
    endloop
  endfacet
  facet normal 0.000000e+00 -1.000000e+00 -0.000000e+00
    outer loop
      vertex   -4.000000e+01 9.450000e+01 4.500000e+01
      vertex   -4.500000e+01 9.450000e+01 4.000000e+01
      vertex   -8.862986e+00 9.450000e+01 2.696673e+01
    endloop
  endfacet
  facet normal 0.000000e+00 -1.000000e+00 0.000000e+00
    outer loop
      vertex   -4.000000e+01 9.450000e+01 4.500000e+01
      vertex   -8.862986e+00 9.450000e+01 2.696673e+01
      vertex   -8.751790e+00 9.450000e+01 2.845054e+01
    endloop
  endfacet
  facet normal 0.000000e+00 -1.000000e+00 0.000000e+00
    outer loop
      vertex   -4.500000e+01 9.450000e+01 -4.000000e+01
      vertex   -5.500000e+00 9.450000e+01 0.000000e+00
      vertex   -4.500000e+01 9.450000e+01 4.000000e+01
    endloop
  endfacet
  facet normal 0.000000e+00 -1.000000e+00 0.000000e+00
    outer loop
      vertex   -4.500000e+01 9.450000e+01 4.000000e+01
      vertex   -5.500000e+00 9.450000e+01 0.000000e+00
      vertex   -5.394319e+00 9.450000e+01 1.072997e+00
    endloop
  endfacet
  facet normal 0.000000e+00 -1.000000e+00 0.000000e+00
    outer loop
      vertex   -4.500000e+01 9.450000e+01 4.000000e+01
      vertex   -5.394319e+00 9.450000e+01 1.072997e+00
      vertex   -7.877068e+00 9.450000e+01 2.264714e+01
    endloop
  endfacet
  facet normal 0.000000e+00 -1.000000e+00 0.000000e+00
    outer loop
      vertex   -7.877068e+00 9.450000e+01 2.264714e+01
      vertex   -5.394319e+00 9.450000e+01 1.072997e+00
      vertex   -5.081337e+00 9.450000e+01 2.104759e+00
    endloop
  endfacet
  facet normal 0.000000e+00 -1.000000e+00 0.000000e+00
    outer loop
      vertex   -7.877068e+00 9.450000e+01 2.264714e+01
      vertex   -5.081337e+00 9.450000e+01 2.104759e+00
      vertex   -7.133082e+00 9.450000e+01 2.135852e+01
    endloop
  endfacet
  facet normal 0.000000e+00 -1.000000e+00 0.000000e+00
    outer loop
      vertex   -7.133082e+00 9.450000e+01 2.135852e+01
      vertex   -5.081337e+00 9.450000e+01 2.104759e+00
      vertex   -6.205346e+00 9.450000e+01 2.019517e+01
    endloop
  endfacet
  facet normal 0.000000e+00 -1.000000e+00 0.000000e+00
    outer loop
      vertex   -6.205346e+00 9.450000e+01 2.019517e+01
      vertex   -5.081337e+00 9.450000e+01 2.104759e+00
      vertex   -4.573083e+00 9.450000e+01 3.055636e+00
    endloop
  endfacet
  facet normal 0.000000e+00 -1.000000e+00 0.000000e+00
    outer loop
      vertex   -6.205346e+00 9.450000e+01 2.019517e+01
      vertex   -4.573083e+00 9.450000e+01 3.055636e+00
      vertex   -5.114586e+00 9.450000e+01 1.918310e+01
    endloop
  endfacet
  facet normal 0.000000e+00 -1.000000e+00 0.000000e+00
    outer loop
      vertex   -5.114586e+00 9.450000e+01 1.918310e+01
      vertex   -4.573083e+00 9.450000e+01 3.055636e+00
      vertex   -3.889087e+00 9.450000e+01 3.889087e+00
    endloop
  endfacet
  facet normal 0.000000e+00 -1.000000e+00 0.000000e+00
    outer loop
      vertex   -5.114586e+00 9.450000e+01 1.918310e+01
      vertex   -3.889087e+00 9.450000e+01 3.889087e+00
      vertex   -3.885166e+00 9.450000e+01 1.834489e+01
    endloop
  endfacet
  facet normal 0.000000e+00 -1.000000e+00 -0.000000e+00
    outer loop
      vertex   -3.885166e+00 9.450000e+01 1.834489e+01
      vertex   -3.889087e+00 9.450000e+01 3.889087e+00
      vertex   -3.055636e+00 9.450000e+01 4.573083e+00
    endloop
  endfacet
  facet normal 0.000000e+00 -1.000000e+00 0.000000e+00
    outer loop
      vertex   -3.885166e+00 9.450000e+01 1.834489e+01
      vertex   -3.055636e+00 9.450000e+01 4.573083e+00
      vertex   -2.544549e+00 9.450000e+01 1.769928e+01
    endloop
  endfacet
  facet normal 0.000000e+00 -1.000000e+00 -0.000000e+00
    outer loop
      vertex   -2.544549e+00 9.450000e+01 1.769928e+01
      vertex   -3.055636e+00 9.450000e+01 4.573083e+00
      vertex   -2.104759e+00 9.450000e+01 5.081337e+00
    endloop
  endfacet
  facet normal 0.000000e+00 -1.000000e+00 0.000000e+00
    outer loop
      vertex   -2.544549e+00 9.450000e+01 1.769928e+01
      vertex   -2.104759e+00 9.450000e+01 5.081337e+00
      vertex   -1.122684e+00 9.450000e+01 1.726070e+01
    endloop
  endfacet
  facet normal 0.000000e+00 -1.000000e+00 -0.000000e+00
    outer loop
      vertex   -1.122684e+00 9.450000e+01 1.726070e+01
      vertex   -2.104759e+00 9.450000e+01 5.081337e+00
      vertex   -1.072997e+00 9.450000e+01 5.394319e+00
    endloop
  endfacet
  facet normal 0.000000e+00 -1.000000e+00 0.000000e+00
    outer loop
      vertex   -1.122684e+00 9.450000e+01 1.726070e+01
      vertex   -1.072997e+00 9.450000e+01 5.394319e+00
      vertex   3.486686e-01 9.450000e+01 1.703893e+01
    endloop
  endfacet
  facet normal 0.000000e+00 -1.000000e+00 0.000000e+00
    outer loop
      vertex   3.486686e-01 9.450000e+01 1.703893e+01
      vertex   -1.072997e+00 9.450000e+01 5.394319e+00
      vertex   -3.367779e-16 9.450000e+01 5.500000e+00
    endloop
  endfacet
  facet normal 0.000000e+00 -1.000000e+00 -0.000000e+00
    outer loop
      vertex   3.486686e-01 9.450000e+01 1.703893e+01
      vertex   -3.367779e-16 9.450000e+01 5.500000e+00
      vertex   1.836640e+00 9.450000e+01 1.703893e+01
    endloop
  endfacet
  facet normal 0.000000e+00 -1.000000e+00 0.000000e+00
    outer loop
      vertex   1.836640e+00 9.450000e+01 1.703893e+01
      vertex   -3.367779e-16 9.450000e+01 5.500000e+00
      vertex   1.072997e+00 9.450000e+01 5.394319e+00
    endloop
  endfacet
  facet normal 0.000000e+00 -1.000000e+00 -0.000000e+00
    outer loop
      vertex   1.836640e+00 9.450000e+01 1.703893e+01
      vertex   1.072997e+00 9.450000e+01 5.394319e+00
      vertex   2.104759e+00 9.450000e+01 5.081337e+00
    endloop
  endfacet
  facet normal -0.000000e+00 -1.000000e+00 0.000000e+00
    outer loop
      vertex   -3.889087e+00 9.450000e+01 -3.889087e+00
      vertex   -4.573083e+00 9.450000e+01 -3.055636e+00
      vertex   -4.500000e+01 9.450000e+01 -4.000000e+01
    endloop
  endfacet
  facet normal 0.000000e+00 -1.000000e+00 0.000000e+00
    outer loop
      vertex   -4.500000e+01 9.450000e+01 -4.000000e+01
      vertex   -4.573083e+00 9.450000e+01 -3.055636e+00
      vertex   -5.081337e+00 9.450000e+01 -2.104759e+00
    endloop
  endfacet
  facet normal 0.000000e+00 -1.000000e+00 0.000000e+00
    outer loop
      vertex   -4.500000e+01 9.450000e+01 -4.000000e+01
      vertex   -5.081337e+00 9.450000e+01 -2.104759e+00
      vertex   -5.394319e+00 9.450000e+01 -1.072997e+00
    endloop
  endfacet
  facet normal -0.000000e+00 -1.000000e+00 0.000000e+00
    outer loop
      vertex   -5.394319e+00 9.450000e+01 -1.072997e+00
      vertex   -5.500000e+00 9.450000e+01 0.000000e+00
      vertex   -4.500000e+01 9.450000e+01 -4.000000e+01
    endloop
  endfacet
  facet normal 0.000000e+00 -1.000000e+00 0.000000e+00
    outer loop
      vertex   1.836640e+00 9.450000e+01 1.703893e+01
      vertex   2.104759e+00 9.450000e+01 5.081337e+00
      vertex   3.307993e+00 9.450000e+01 1.726070e+01
    endloop
  endfacet
  facet normal 0.000000e+00 -1.000000e+00 0.000000e+00
    outer loop
      vertex   3.307993e+00 9.450000e+01 1.726070e+01
      vertex   2.104759e+00 9.450000e+01 5.081337e+00
      vertex   3.055636e+00 9.450000e+01 4.573083e+00
    endloop
  endfacet
  facet normal 0.000000e+00 -1.000000e+00 -0.000000e+00
    outer loop
      vertex   3.307993e+00 9.450000e+01 1.726070e+01
      vertex   3.055636e+00 9.450000e+01 4.573083e+00
      vertex   4.729858e+00 9.450000e+01 1.769928e+01
    endloop
  endfacet
  facet normal 0.000000e+00 -1.000000e+00 0.000000e+00
    outer loop
      vertex   4.729858e+00 9.450000e+01 1.769928e+01
      vertex   3.055636e+00 9.450000e+01 4.573083e+00
      vertex   3.889087e+00 9.450000e+01 3.889087e+00
    endloop
  endfacet
  facet normal 0.000000e+00 -1.000000e+00 -0.000000e+00
    outer loop
      vertex   4.729858e+00 9.450000e+01 1.769928e+01
      vertex   3.889087e+00 9.450000e+01 3.889087e+00
      vertex   6.070475e+00 9.450000e+01 1.834489e+01
    endloop
  endfacet
  facet normal 0.000000e+00 -1.000000e+00 0.000000e+00
    outer loop
      vertex   6.070475e+00 9.450000e+01 1.834489e+01
      vertex   3.889087e+00 9.450000e+01 3.889087e+00
      vertex   4.573083e+00 9.450000e+01 3.055636e+00
    endloop
  endfacet
  facet normal 0.000000e+00 -1.000000e+00 -0.000000e+00
    outer loop
      vertex   6.070475e+00 9.450000e+01 1.834489e+01
      vertex   4.573083e+00 9.450000e+01 3.055636e+00
      vertex   7.299895e+00 9.450000e+01 1.918310e+01
    endloop
  endfacet
  facet normal 0.000000e+00 -1.000000e+00 0.000000e+00
    outer loop
      vertex   7.299895e+00 9.450000e+01 1.918310e+01
      vertex   4.573083e+00 9.450000e+01 3.055636e+00
      vertex   5.081337e+00 9.450000e+01 2.104759e+00
    endloop
  endfacet
  facet normal 0.000000e+00 -1.000000e+00 -0.000000e+00
    outer loop
      vertex   7.299895e+00 9.450000e+01 1.918310e+01
      vertex   5.081337e+00 9.450000e+01 2.104759e+00
      vertex   8.390655e+00 9.450000e+01 2.019517e+01
    endloop
  endfacet
  facet normal 0.000000e+00 -1.000000e+00 -0.000000e+00
    outer loop
      vertex   8.390655e+00 9.450000e+01 2.019517e+01
      vertex   5.081337e+00 9.450000e+01 2.104759e+00
      vertex   9.318391e+00 9.450000e+01 2.135852e+01
    endloop
  endfacet
  facet normal 0.000000e+00 -1.000000e+00 0.000000e+00
    outer loop
      vertex   9.318391e+00 9.450000e+01 2.135852e+01
      vertex   5.081337e+00 9.450000e+01 2.104759e+00
      vertex   5.394319e+00 9.450000e+01 1.072997e+00
    endloop
  endfacet
  facet normal 0.000000e+00 -1.000000e+00 -0.000000e+00
    outer loop
      vertex   1.104830e+01 9.450000e+01 2.696673e+01
      vertex   1.093710e+01 9.450000e+01 2.548292e+01
      vertex   4.500000e+01 9.450000e+01 4.000000e+01
    endloop
  endfacet
  facet normal 0.000000e+00 -1.000000e+00 0.000000e+00
    outer loop
      vertex   4.500000e+01 9.450000e+01 4.000000e+01
      vertex   1.093710e+01 9.450000e+01 2.548292e+01
      vertex   1.060599e+01 9.450000e+01 2.403225e+01
    endloop
  endfacet
  facet normal 0.000000e+00 -1.000000e+00 0.000000e+00
    outer loop
      vertex   4.500000e+01 9.450000e+01 4.000000e+01
      vertex   1.060599e+01 9.450000e+01 2.403225e+01
      vertex   1.006238e+01 9.450000e+01 2.264714e+01
    endloop
  endfacet
  facet normal 0.000000e+00 -1.000000e+00 0.000000e+00
    outer loop
      vertex   -7.877068e+00 9.450000e+01 2.264714e+01
      vertex   -8.420685e+00 9.450000e+01 2.403225e+01
      vertex   -4.500000e+01 9.450000e+01 4.000000e+01
    endloop
  endfacet
  facet normal 0.000000e+00 -1.000000e+00 0.000000e+00
    outer loop
      vertex   -4.500000e+01 9.450000e+01 4.000000e+01
      vertex   -8.420685e+00 9.450000e+01 2.403225e+01
      vertex   -8.751790e+00 9.450000e+01 2.548292e+01
    endloop
  endfacet
  facet normal 0.000000e+00 -1.000000e+00 0.000000e+00
    outer loop
      vertex   -4.500000e+01 9.450000e+01 4.000000e+01
      vertex   -8.751790e+00 9.450000e+01 2.548292e+01
      vertex   -8.862986e+00 9.450000e+01 2.696673e+01
    endloop
  endfacet
  facet normal 0.000000e+00 -1.000000e+00 0.000000e+00
    outer loop
      vertex   -8.751790e+00 9.450000e+01 2.845054e+01
      vertex   -8.420685e+00 9.450000e+01 2.990120e+01
      vertex   -4.000000e+01 9.450000e+01 4.500000e+01
    endloop
  endfacet
  facet normal 0.000000e+00 -1.000000e+00 0.000000e+00
    outer loop
      vertex   -4.000000e+01 9.450000e+01 4.500000e+01
      vertex   -8.420685e+00 9.450000e+01 2.990120e+01
      vertex   -7.877068e+00 9.450000e+01 3.128632e+01
    endloop
  endfacet
  facet normal 0.000000e+00 -1.000000e+00 0.000000e+00
    outer loop
      vertex   -4.000000e+01 9.450000e+01 4.500000e+01
      vertex   -7.877068e+00 9.450000e+01 3.128632e+01
      vertex   -7.133082e+00 9.450000e+01 3.257494e+01
    endloop
  endfacet
  facet normal 0.000000e+00 -1.000000e+00 0.000000e+00
    outer loop
      vertex   -7.133082e+00 9.450000e+01 3.257494e+01
      vertex   -6.205346e+00 9.450000e+01 3.373828e+01
      vertex   -4.000000e+01 9.450000e+01 4.500000e+01
    endloop
  endfacet
  facet normal 0.000000e+00 -1.000000e+00 0.000000e+00
    outer loop
      vertex   1.006238e+01 9.450000e+01 3.128632e+01
      vertex   1.060599e+01 9.450000e+01 2.990120e+01
      vertex   4.000000e+01 9.450000e+01 4.500000e+01
    endloop
  endfacet
  facet normal 0.000000e+00 -1.000000e+00 0.000000e+00
    outer loop
      vertex   4.000000e+01 9.450000e+01 4.500000e+01
      vertex   1.060599e+01 9.450000e+01 2.990120e+01
      vertex   1.093710e+01 9.450000e+01 2.845054e+01
    endloop
  endfacet
  facet normal 1.000000e+00 3.806479e-16 -3.552714e-15
    outer loop
      vertex   4.709542e+00 9.450000e+01 -4.500000e+01
      vertex   4.709542e+00 9.450000e+01 -4.850000e+01
      vertex   4.709542e+00 1.085000e+02 -4.500000e+01
    endloop
  endfacet
  facet normal 1.000000e+00 3.806479e-16 -3.552714e-15
    outer loop
      vertex   4.709542e+00 1.085000e+02 -4.500000e+01
      vertex   4.709542e+00 9.450000e+01 -4.850000e+01
      vertex   4.709542e+00 1.085000e+02 -4.850000e+01
    endloop
  endfacet
  facet normal -1.000000e+00 -3.489272e-16 7.612958e-16
    outer loop
      vertex   -2.290458e+00 1.085000e+02 -4.500000e+01
      vertex   -2.290458e+00 1.085000e+02 -4.850000e+01
      vertex   -2.290458e+00 9.450000e+01 -4.500000e+01
    endloop
  endfacet
  facet normal -1.000000e+00 -4.123686e-16 5.075305e-16
    outer loop
      vertex   -2.290458e+00 9.450000e+01 -4.500000e+01
      vertex   -2.290458e+00 1.085000e+02 -4.850000e+01
      vertex   -2.290458e+00 9.450000e+01 -4.850000e+01
    endloop
  endfacet
  facet normal 0.000000e+00 5.075305e-16 -1.000000e+00
    outer loop
      vertex   4.709542e+00 9.450000e+01 -4.850000e+01
      vertex   -2.290458e+00 9.450000e+01 -4.850000e+01
      vertex   4.709542e+00 1.085000e+02 -4.850000e+01
    endloop
  endfacet
  facet normal 0.000000e+00 5.075305e-16 -1.000000e+00
    outer loop
      vertex   4.709542e+00 1.085000e+02 -4.850000e+01
      vertex   -2.290458e+00 9.450000e+01 -4.850000e+01
      vertex   -2.290458e+00 1.085000e+02 -4.850000e+01
    endloop
  endfacet
  facet normal 0.000000e+00 1.000000e+00 -4.060244e-15
    outer loop
      vertex   4.709542e+00 1.085000e+02 -4.500000e+01
      vertex   4.709542e+00 1.085000e+02 -4.850000e+01
      vertex   -2.290458e+00 1.085000e+02 -4.500000e+01
    endloop
  endfacet
  facet normal 0.000000e+00 1.000000e+00 -4.060244e-15
    outer loop
      vertex   -2.290458e+00 1.085000e+02 -4.500000e+01
      vertex   4.709542e+00 1.085000e+02 -4.850000e+01
      vertex   -2.290458e+00 1.085000e+02 -4.850000e+01
    endloop
  endfacet
  facet normal 0.000000e+00 -9.951847e-01 -9.801714e-02
    outer loop
      vertex   -2.290458e+00 9.450000e+01 -4.850000e+01
      vertex   4.709542e+00 9.450000e+01 -4.850000e+01
      vertex   -2.095368e+00 9.448079e+01 -4.830491e+01
    endloop
  endfacet
  facet normal -1.534860e-03 -9.885477e-01 -1.509006e-01
    outer loop
      vertex   -2.095368e+00 9.448079e+01 -4.830491e+01
      vertex   4.709542e+00 9.450000e+01 -4.850000e+01
      vertex   1.209542e+00 9.446593e+01 -4.824118e+01
    endloop
  endfacet
  facet normal 1.319955e-03 -9.565721e-01 -2.914929e-01
    outer loop
      vertex   -2.095368e+00 9.448079e+01 -4.830491e+01
      vertex   1.209542e+00 9.446593e+01 -4.824118e+01
      vertex   -1.907775e+00 9.442388e+01 -4.811732e+01
    endloop
  endfacet
  facet normal -2.744382e-03 -9.238761e-01 -3.826820e-01
    outer loop
      vertex   -1.907775e+00 9.442388e+01 -4.811732e+01
      vertex   1.209542e+00 9.446593e+01 -4.824118e+01
      vertex   1.209542e+00 9.436603e+01 -4.800000e+01
    endloop
  endfacet
  facet normal 1.425659e-03 -8.813270e-01 -4.725047e-01
    outer loop
      vertex   -1.907775e+00 9.442388e+01 -4.811732e+01
      vertex   1.209542e+00 9.436603e+01 -4.800000e+01
      vertex   -1.734888e+00 9.433147e+01 -4.794443e+01
    endloop
  endfacet
  facet normal -2.178366e-03 -7.933515e-01 -6.087600e-01
    outer loop
      vertex   -1.734888e+00 9.433147e+01 -4.794443e+01
      vertex   1.209542e+00 9.436603e+01 -4.800000e+01
      vertex   1.209542e+00 9.420711e+01 -4.779289e+01
    endloop
  endfacet
  facet normal 0.000000e+00 -7.730105e-01 -6.343933e-01
    outer loop
      vertex   -1.734888e+00 9.433147e+01 -4.794443e+01
      vertex   1.209542e+00 9.420711e+01 -4.779289e+01
      vertex   -1.583352e+00 9.420711e+01 -4.779289e+01
    endloop
  endfacet
  facet normal 0.000000e+00 -6.343933e-01 -7.730105e-01
    outer loop
      vertex   -1.583352e+00 9.420711e+01 -4.779289e+01
      vertex   1.209542e+00 9.420711e+01 -4.779289e+01
      vertex   -1.458989e+00 9.405557e+01 -4.766853e+01
    endloop
  endfacet
  facet normal -2.403586e-03 -6.087597e-01 -7.933510e-01
    outer loop
      vertex   -1.458989e+00 9.405557e+01 -4.766853e+01
      vertex   1.209542e+00 9.420711e+01 -4.779289e+01
      vertex   1.209542e+00 9.400000e+01 -4.763397e+01
    endloop
  endfacet
  facet normal 1.622540e-03 -4.707214e-01 -8.822804e-01
    outer loop
      vertex   -1.458989e+00 9.405557e+01 -4.766853e+01
      vertex   1.209542e+00 9.400000e+01 -4.763397e+01
      vertex   -1.366579e+00 9.388268e+01 -4.757612e+01
    endloop
  endfacet
  facet normal -3.320921e-03 -3.826813e-01 -9.238744e-01
    outer loop
      vertex   -1.366579e+00 9.388268e+01 -4.757612e+01
      vertex   1.209542e+00 9.400000e+01 -4.763397e+01
      vertex   1.209542e+00 9.375882e+01 -4.753407e+01
    endloop
  endfacet
  facet normal 1.686197e-03 -2.898158e-01 -9.570809e-01
    outer loop
      vertex   -1.366579e+00 9.388268e+01 -4.757612e+01
      vertex   1.209542e+00 9.375882e+01 -4.753407e+01
      vertex   -1.309673e+00 9.369509e+01 -4.751921e+01
    endloop
  endfacet
  facet normal -2.114718e-03 -1.470371e-01 -9.891287e-01
    outer loop
      vertex   -1.309673e+00 9.369509e+01 -4.751921e+01
      vertex   1.209542e+00 9.375882e+01 -4.753407e+01
      vertex   -1.295274e+00 9.359802e+01 -4.750482e+01
    endloop
  endfacet
  facet normal 9.118717e-04 -1.927483e-01 -9.812478e-01
    outer loop
      vertex   -1.295274e+00 9.359802e+01 -4.750482e+01
      vertex   1.209542e+00 9.375882e+01 -4.753407e+01
      vertex   3.728756e+00 9.369509e+01 -4.751921e+01
    endloop
  endfacet
  facet normal 0.000000e+00 -1.467305e-01 -9.891765e-01
    outer loop
      vertex   -1.295274e+00 9.359802e+01 -4.750482e+01
      vertex   3.728756e+00 9.369509e+01 -4.751921e+01
      vertex   3.714357e+00 9.359802e+01 -4.750482e+01
    endloop
  endfacet
  facet normal 2.635935e-03 -9.954350e-01 -9.540585e-02
    outer loop
      vertex   4.709542e+00 9.450000e+01 -4.850000e+01
      vertex   4.514451e+00 9.448079e+01 -4.830491e+01
      vertex   1.209542e+00 9.446593e+01 -4.824118e+01
    endloop
  endfacet
  facet normal -1.319955e-03 -9.565721e-01 -2.914929e-01
    outer loop
      vertex   1.209542e+00 9.446593e+01 -4.824118e+01
      vertex   4.514451e+00 9.448079e+01 -4.830491e+01
      vertex   4.326858e+00 9.442388e+01 -4.811732e+01
    endloop
  endfacet
  facet normal 2.744382e-03 -9.238761e-01 -3.826820e-01
    outer loop
      vertex   1.209542e+00 9.446593e+01 -4.824118e+01
      vertex   4.326858e+00 9.442388e+01 -4.811732e+01
      vertex   1.209542e+00 9.436603e+01 -4.800000e+01
    endloop
  endfacet
  facet normal -1.425659e-03 -8.813270e-01 -4.725047e-01
    outer loop
      vertex   1.209542e+00 9.436603e+01 -4.800000e+01
      vertex   4.326858e+00 9.442388e+01 -4.811732e+01
      vertex   4.153971e+00 9.433147e+01 -4.794443e+01
    endloop
  endfacet
  facet normal 2.178366e-03 -7.933515e-01 -6.087600e-01
    outer loop
      vertex   1.209542e+00 9.436603e+01 -4.800000e+01
      vertex   4.153971e+00 9.433147e+01 -4.794443e+01
      vertex   1.209542e+00 9.420711e+01 -4.779289e+01
    endloop
  endfacet
  facet normal 0.000000e+00 -7.730105e-01 -6.343933e-01
    outer loop
      vertex   1.209542e+00 9.420711e+01 -4.779289e+01
      vertex   4.153971e+00 9.433147e+01 -4.794443e+01
      vertex   4.002435e+00 9.420711e+01 -4.779289e+01
    endloop
  endfacet
  facet normal 0.000000e+00 -6.343933e-01 -7.730105e-01
    outer loop
      vertex   1.209542e+00 9.420711e+01 -4.779289e+01
      vertex   4.002435e+00 9.420711e+01 -4.779289e+01
      vertex   3.878072e+00 9.405557e+01 -4.766853e+01
    endloop
  endfacet
  facet normal 2.403586e-03 -6.087597e-01 -7.933510e-01
    outer loop
      vertex   1.209542e+00 9.420711e+01 -4.779289e+01
      vertex   3.878072e+00 9.405557e+01 -4.766853e+01
      vertex   1.209542e+00 9.400000e+01 -4.763397e+01
    endloop
  endfacet
  facet normal -1.622540e-03 -4.707214e-01 -8.822804e-01
    outer loop
      vertex   1.209542e+00 9.400000e+01 -4.763397e+01
      vertex   3.878072e+00 9.405557e+01 -4.766853e+01
      vertex   3.785662e+00 9.388268e+01 -4.757612e+01
    endloop
  endfacet
  facet normal 3.320921e-03 -3.826813e-01 -9.238744e-01
    outer loop
      vertex   1.209542e+00 9.400000e+01 -4.763397e+01
      vertex   3.785662e+00 9.388268e+01 -4.757612e+01
      vertex   1.209542e+00 9.375882e+01 -4.753407e+01
    endloop
  endfacet
  facet normal -1.686197e-03 -2.898158e-01 -9.570809e-01
    outer loop
      vertex   1.209542e+00 9.375882e+01 -4.753407e+01
      vertex   3.785662e+00 9.388268e+01 -4.757612e+01
      vertex   3.728756e+00 9.369509e+01 -4.751921e+01
    endloop
  endfacet
  facet normal -0.000000e+00 -4.906767e-02 -9.987955e-01
    outer loop
      vertex   3.714357e+00 9.359802e+01 -4.750482e+01
      vertex   3.709542e+00 9.350000e+01 -4.750000e+01
      vertex   -1.295274e+00 9.359802e+01 -4.750482e+01
    endloop
  endfacet
  facet normal 0.000000e+00 -4.906767e-02 -9.987955e-01
    outer loop
      vertex   -1.295274e+00 9.359802e+01 -4.750482e+01
      vertex   3.709542e+00 9.350000e+01 -4.750000e+01
      vertex   -1.290458e+00 9.350000e+01 -4.750000e+01
    endloop
  endfacet
  facet normal 1.000000e+00 1.085551e-15 -1.247763e-15
    outer loop
      vertex   3.709542e+00 9.350000e+01 -4.750000e+01
      vertex   3.709542e+00 9.350000e+01 -4.038183e+01
      vertex   3.709542e+00 8.450000e+01 -4.750000e+01
    endloop
  endfacet
  facet normal 1.000000e+00 7.714478e-16 -8.506195e-16
    outer loop
      vertex   3.709542e+00 8.450000e+01 -4.750000e+01
      vertex   3.709542e+00 9.350000e+01 -4.038183e+01
      vertex   3.709542e+00 7.850000e+01 -4.250000e+01
    endloop
  endfacet
  facet normal 1.000000e+00 -2.103629e-30 -1.776357e-15
    outer loop
      vertex   3.709542e+00 8.450000e+01 -4.750000e+01
      vertex   3.709542e+00 7.850000e+01 -4.250000e+01
      vertex   3.709542e+00 7.850000e+01 -4.750000e+01
    endloop
  endfacet
  facet normal 1.000000e+00 0.000000e+00 0.000000e+00
    outer loop
      vertex   3.709542e+00 7.850000e+01 -4.750000e+01
      vertex   3.709542e+00 8.450000e+01 -5.350000e+01
      vertex   3.709542e+00 8.450000e+01 -4.750000e+01
    endloop
  endfacet
  facet normal 0.000000e+00 -1.398240e-01 9.901764e-01
    outer loop
      vertex   -1.300282e+00 9.363982e+01 -4.036209e+01
      vertex   -1.294828e+00 9.359339e+01 -4.036865e+01
      vertex   3.719365e+00 9.363982e+01 -4.036209e+01
    endloop
  endfacet
  facet normal 2.809249e-15 -1.398240e-01 9.901764e-01
    outer loop
      vertex   3.719365e+00 9.363982e+01 -4.036209e+01
      vertex   -1.294828e+00 9.359339e+01 -4.036865e+01
      vertex   3.713912e+00 9.359339e+01 -4.036865e+01
    endloop
  endfacet
  facet normal 2.809340e-15 -1.398240e-01 9.901764e-01
    outer loop
      vertex   3.713912e+00 9.359339e+01 -4.036865e+01
      vertex   -1.294828e+00 9.359339e+01 -4.036865e+01
      vertex   -1.291551e+00 9.354674e+01 -4.037523e+01
    endloop
  endfacet
  facet normal 2.813040e-15 -1.398240e-01 9.901764e-01
    outer loop
      vertex   3.713912e+00 9.359339e+01 -4.036865e+01
      vertex   -1.291551e+00 9.354674e+01 -4.037523e+01
      vertex   3.710635e+00 9.354674e+01 -4.037523e+01
    endloop
  endfacet
  facet normal 2.813021e-15 -1.398240e-01 9.901764e-01
    outer loop
      vertex   3.710635e+00 9.354674e+01 -4.037523e+01
      vertex   -1.291551e+00 9.354674e+01 -4.037523e+01
      vertex   -1.290458e+00 9.350000e+01 -4.038183e+01
    endloop
  endfacet
  facet normal 1.407159e-15 -1.398240e-01 9.901764e-01
    outer loop
      vertex   3.710635e+00 9.354674e+01 -4.037523e+01
      vertex   -1.290458e+00 9.350000e+01 -4.038183e+01
      vertex   3.709542e+00 9.350000e+01 -4.038183e+01
    endloop
  endfacet
  facet normal 1.407125e-15 -1.398240e-01 9.901764e-01
    outer loop
      vertex   3.709542e+00 9.350000e+01 -4.038183e+01
      vertex   -1.290458e+00 9.350000e+01 -4.038183e+01
      vertex   -1.290458e+00 7.850000e+01 -4.250000e+01
    endloop
  endfacet
  facet normal 4.221376e-15 -1.398240e-01 9.901764e-01
    outer loop
      vertex   3.709542e+00 9.350000e+01 -4.038183e+01
      vertex   -1.290458e+00 7.850000e+01 -4.250000e+01
      vertex   3.709542e+00 7.850000e+01 -4.250000e+01
    endloop
  endfacet
  facet normal 0.000000e+00 -1.000000e+00 0.000000e+00
    outer loop
      vertex   3.709542e+00 7.850000e+01 -4.750000e+01
      vertex   3.709542e+00 7.850000e+01 -4.250000e+01
      vertex   -1.290458e+00 7.850000e+01 -4.750000e+01
    endloop
  endfacet
  facet normal 0.000000e+00 -1.000000e+00 0.000000e+00
    outer loop
      vertex   -1.290458e+00 7.850000e+01 -4.750000e+01
      vertex   3.709542e+00 7.850000e+01 -4.250000e+01
      vertex   -1.290458e+00 7.850000e+01 -4.250000e+01
    endloop
  endfacet
  facet normal -0.000000e+00 -7.071068e-01 -7.071068e-01
    outer loop
      vertex   3.709542e+00 8.450000e+01 -5.350000e+01
      vertex   3.709542e+00 7.850000e+01 -4.750000e+01
      vertex   -1.290458e+00 8.450000e+01 -5.350000e+01
    endloop
  endfacet
  facet normal -1.004859e-15 -7.071068e-01 -7.071068e-01
    outer loop
      vertex   -1.290458e+00 8.450000e+01 -5.350000e+01
      vertex   3.709542e+00 7.850000e+01 -4.750000e+01
      vertex   -1.290458e+00 7.850000e+01 -4.750000e+01
    endloop
  endfacet
  facet normal 0.000000e+00 1.000000e+00 0.000000e+00
    outer loop
      vertex   3.709542e+00 8.450000e+01 -4.750000e+01
      vertex   3.709542e+00 8.450000e+01 -5.350000e+01
      vertex   -1.290458e+00 8.450000e+01 -4.750000e+01
    endloop
  endfacet
  facet normal 0.000000e+00 1.000000e+00 0.000000e+00
    outer loop
      vertex   -1.290458e+00 8.450000e+01 -4.750000e+01
      vertex   3.709542e+00 8.450000e+01 -5.350000e+01
      vertex   -1.290458e+00 8.450000e+01 -5.350000e+01
    endloop
  endfacet
  facet normal -0.000000e+00 -7.894919e-16 -1.000000e+00
    outer loop
      vertex   3.709542e+00 9.350000e+01 -4.750000e+01
      vertex   3.709542e+00 8.450000e+01 -4.750000e+01
      vertex   -1.290458e+00 9.350000e+01 -4.750000e+01
    endloop
  endfacet
  facet normal 0.000000e+00 -7.894919e-16 -1.000000e+00
    outer loop
      vertex   -1.290458e+00 9.350000e+01 -4.750000e+01
      vertex   3.709542e+00 8.450000e+01 -4.750000e+01
      vertex   -1.290458e+00 8.450000e+01 -4.750000e+01
    endloop
  endfacet
  facet normal -1.000000e+00 -8.635068e-16 1.247763e-15
    outer loop
      vertex   -1.290458e+00 9.350000e+01 -4.750000e+01
      vertex   -1.290458e+00 8.450000e+01 -4.750000e+01
      vertex   -1.290458e+00 9.350000e+01 -4.038183e+01
    endloop
  endfacet
  facet normal -1.000000e+00 -6.575256e-16 9.873262e-16
    outer loop
      vertex   -1.290458e+00 9.350000e+01 -4.038183e+01
      vertex   -1.290458e+00 8.450000e+01 -4.750000e+01
      vertex   -1.290458e+00 7.850000e+01 -4.250000e+01
    endloop
  endfacet
  facet normal -1.000000e+00 -1.850372e-16 1.554312e-15
    outer loop
      vertex   -1.290458e+00 7.850000e+01 -4.250000e+01
      vertex   -1.290458e+00 8.450000e+01 -4.750000e+01
      vertex   -1.290458e+00 7.850000e+01 -4.750000e+01
    endloop
  endfacet
  facet normal -1.000000e+00 -1.850372e-16 -1.850372e-16
    outer loop
      vertex   -1.290458e+00 7.850000e+01 -4.750000e+01
      vertex   -1.290458e+00 8.450000e+01 -4.750000e+01
      vertex   -1.290458e+00 8.450000e+01 -5.350000e+01
    endloop
  endfacet
  facet normal -1.000000e+00 -3.947460e-16 2.467162e-15
    outer loop
      vertex   -2.290458e+00 9.450000e+01 4.500000e+01
      vertex   -2.290458e+00 9.450000e+01 4.950000e+01
      vertex   -2.290458e+00 1.125000e+02 4.500000e+01
    endloop
  endfacet
  facet normal -1.000000e+00 -3.700743e-16 2.565849e-15
    outer loop
      vertex   -2.290458e+00 1.125000e+02 4.500000e+01
      vertex   -2.290458e+00 9.450000e+01 4.950000e+01
      vertex   -2.290458e+00 1.125000e+02 4.950000e+01
    endloop
  endfacet
  facet normal 1.000000e+00 3.454027e-16 -1.973730e-16
    outer loop
      vertex   4.709542e+00 1.125000e+02 4.500000e+01
      vertex   4.709542e+00 1.125000e+02 4.950000e+01
      vertex   4.709542e+00 9.450000e+01 4.500000e+01
    endloop
  endfacet
  facet normal 1.000000e+00 4.440892e-16 -5.921189e-16
    outer loop
      vertex   4.709542e+00 9.450000e+01 4.500000e+01
      vertex   4.709542e+00 1.125000e+02 4.950000e+01
      vertex   4.709542e+00 9.450000e+01 4.950000e+01
    endloop
  endfacet
  facet normal -0.000000e+00 3.947460e-16 1.000000e+00
    outer loop
      vertex   -2.290458e+00 9.450000e+01 4.950000e+01
      vertex   4.709542e+00 9.450000e+01 4.950000e+01
      vertex   -2.290458e+00 1.125000e+02 4.950000e+01
    endloop
  endfacet
  facet normal -0.000000e+00 3.947460e-16 1.000000e+00
    outer loop
      vertex   -2.290458e+00 1.125000e+02 4.950000e+01
      vertex   4.709542e+00 9.450000e+01 4.950000e+01
      vertex   4.709542e+00 1.125000e+02 4.950000e+01
    endloop
  endfacet
  facet normal -0.000000e+00 1.000000e+00 3.157968e-15
    outer loop
      vertex   -2.290458e+00 1.125000e+02 4.500000e+01
      vertex   -2.290458e+00 1.125000e+02 4.950000e+01
      vertex   4.709542e+00 1.125000e+02 4.500000e+01
    endloop
  endfacet
  facet normal 0.000000e+00 1.000000e+00 3.157968e-15
    outer loop
      vertex   4.709542e+00 1.125000e+02 4.500000e+01
      vertex   -2.290458e+00 1.125000e+02 4.950000e+01
      vertex   4.709542e+00 1.125000e+02 4.950000e+01
    endloop
  endfacet
  facet normal 0.000000e+00 -9.951847e-01 9.801714e-02
    outer loop
      vertex   4.709542e+00 9.450000e+01 4.950000e+01
      vertex   -2.290458e+00 9.450000e+01 4.950000e+01
      vertex   4.514451e+00 9.448079e+01 4.930491e+01
    endloop
  endfacet
  facet normal 1.534860e-03 -9.885477e-01 1.509006e-01
    outer loop
      vertex   4.514451e+00 9.448079e+01 4.930491e+01
      vertex   -2.290458e+00 9.450000e+01 4.950000e+01
      vertex   1.209542e+00 9.446593e+01 4.924118e+01
    endloop
  endfacet
  facet normal -1.319955e-03 -9.565721e-01 2.914929e-01
    outer loop
      vertex   4.514451e+00 9.448079e+01 4.930491e+01
      vertex   1.209542e+00 9.446593e+01 4.924118e+01
      vertex   4.326858e+00 9.442388e+01 4.911732e+01
    endloop
  endfacet
  facet normal 2.744382e-03 -9.238761e-01 3.826820e-01
    outer loop
      vertex   4.326858e+00 9.442388e+01 4.911732e+01
      vertex   1.209542e+00 9.446593e+01 4.924118e+01
      vertex   1.209542e+00 9.436603e+01 4.900000e+01
    endloop
  endfacet
  facet normal -1.425659e-03 -8.813270e-01 4.725047e-01
    outer loop
      vertex   4.326858e+00 9.442388e+01 4.911732e+01
      vertex   1.209542e+00 9.436603e+01 4.900000e+01
      vertex   4.153971e+00 9.433147e+01 4.894443e+01
    endloop
  endfacet
  facet normal 2.178366e-03 -7.933515e-01 6.087600e-01
    outer loop
      vertex   4.153971e+00 9.433147e+01 4.894443e+01
      vertex   1.209542e+00 9.436603e+01 4.900000e+01
      vertex   1.209542e+00 9.420711e+01 4.879289e+01
    endloop
  endfacet
  facet normal 0.000000e+00 -7.730105e-01 6.343933e-01
    outer loop
      vertex   4.153971e+00 9.433147e+01 4.894443e+01
      vertex   1.209542e+00 9.420711e+01 4.879289e+01
      vertex   4.002435e+00 9.420711e+01 4.879289e+01
    endloop
  endfacet
  facet normal 0.000000e+00 -6.343933e-01 7.730105e-01
    outer loop
      vertex   4.002435e+00 9.420711e+01 4.879289e+01
      vertex   1.209542e+00 9.420711e+01 4.879289e+01
      vertex   3.878072e+00 9.405557e+01 4.866853e+01
    endloop
  endfacet
  facet normal 2.403586e-03 -6.087597e-01 7.933510e-01
    outer loop
      vertex   3.878072e+00 9.405557e+01 4.866853e+01
      vertex   1.209542e+00 9.420711e+01 4.879289e+01
      vertex   1.209542e+00 9.400000e+01 4.863397e+01
    endloop
  endfacet
  facet normal -1.622540e-03 -4.707214e-01 8.822804e-01
    outer loop
      vertex   3.878072e+00 9.405557e+01 4.866853e+01
      vertex   1.209542e+00 9.400000e+01 4.863397e+01
      vertex   3.785662e+00 9.388268e+01 4.857612e+01
    endloop
  endfacet
  facet normal 3.320921e-03 -3.826813e-01 9.238744e-01
    outer loop
      vertex   3.785662e+00 9.388268e+01 4.857612e+01
      vertex   1.209542e+00 9.400000e+01 4.863397e+01
      vertex   1.209542e+00 9.375882e+01 4.853407e+01
    endloop
  endfacet
  facet normal -1.686197e-03 -2.898158e-01 9.570809e-01
    outer loop
      vertex   3.785662e+00 9.388268e+01 4.857612e+01
      vertex   1.209542e+00 9.375882e+01 4.853407e+01
      vertex   3.728756e+00 9.369509e+01 4.851921e+01
    endloop
  endfacet
  facet normal 2.114718e-03 -1.470371e-01 9.891287e-01
    outer loop
      vertex   3.728756e+00 9.369509e+01 4.851921e+01
      vertex   1.209542e+00 9.375882e+01 4.853407e+01
      vertex   3.714357e+00 9.359802e+01 4.850482e+01
    endloop
  endfacet
  facet normal -9.118717e-04 -1.927483e-01 9.812478e-01
    outer loop
      vertex   3.714357e+00 9.359802e+01 4.850482e+01
      vertex   1.209542e+00 9.375882e+01 4.853407e+01
      vertex   -1.309673e+00 9.369509e+01 4.851921e+01
    endloop
  endfacet
  facet normal 0.000000e+00 -1.467305e-01 9.891765e-01
    outer loop
      vertex   3.714357e+00 9.359802e+01 4.850482e+01
      vertex   -1.309673e+00 9.369509e+01 4.851921e+01
      vertex   -1.295274e+00 9.359802e+01 4.850482e+01
    endloop
  endfacet
  facet normal -2.635935e-03 -9.954350e-01 9.540585e-02
    outer loop
      vertex   -2.290458e+00 9.450000e+01 4.950000e+01
      vertex   -2.095368e+00 9.448079e+01 4.930491e+01
      vertex   1.209542e+00 9.446593e+01 4.924118e+01
    endloop
  endfacet
  facet normal 1.319955e-03 -9.565721e-01 2.914929e-01
    outer loop
      vertex   1.209542e+00 9.446593e+01 4.924118e+01
      vertex   -2.095368e+00 9.448079e+01 4.930491e+01
      vertex   -1.907775e+00 9.442388e+01 4.911732e+01
    endloop
  endfacet
  facet normal -2.744382e-03 -9.238761e-01 3.826820e-01
    outer loop
      vertex   1.209542e+00 9.446593e+01 4.924118e+01
      vertex   -1.907775e+00 9.442388e+01 4.911732e+01
      vertex   1.209542e+00 9.436603e+01 4.900000e+01
    endloop
  endfacet
  facet normal 1.425659e-03 -8.813270e-01 4.725047e-01
    outer loop
      vertex   1.209542e+00 9.436603e+01 4.900000e+01
      vertex   -1.907775e+00 9.442388e+01 4.911732e+01
      vertex   -1.734888e+00 9.433147e+01 4.894443e+01
    endloop
  endfacet
  facet normal -2.178366e-03 -7.933515e-01 6.087600e-01
    outer loop
      vertex   1.209542e+00 9.436603e+01 4.900000e+01
      vertex   -1.734888e+00 9.433147e+01 4.894443e+01
      vertex   1.209542e+00 9.420711e+01 4.879289e+01
    endloop
  endfacet
  facet normal 0.000000e+00 -7.730105e-01 6.343933e-01
    outer loop
      vertex   1.209542e+00 9.420711e+01 4.879289e+01
      vertex   -1.734888e+00 9.433147e+01 4.894443e+01
      vertex   -1.583352e+00 9.420711e+01 4.879289e+01
    endloop
  endfacet
  facet normal 0.000000e+00 -6.343933e-01 7.730105e-01
    outer loop
      vertex   1.209542e+00 9.420711e+01 4.879289e+01
      vertex   -1.583352e+00 9.420711e+01 4.879289e+01
      vertex   -1.458989e+00 9.405557e+01 4.866853e+01
    endloop
  endfacet
  facet normal -2.403586e-03 -6.087597e-01 7.933510e-01
    outer loop
      vertex   1.209542e+00 9.420711e+01 4.879289e+01
      vertex   -1.458989e+00 9.405557e+01 4.866853e+01
      vertex   1.209542e+00 9.400000e+01 4.863397e+01
    endloop
  endfacet
  facet normal 1.622540e-03 -4.707214e-01 8.822804e-01
    outer loop
      vertex   1.209542e+00 9.400000e+01 4.863397e+01
      vertex   -1.458989e+00 9.405557e+01 4.866853e+01
      vertex   -1.366579e+00 9.388268e+01 4.857612e+01
    endloop
  endfacet
  facet normal -3.320921e-03 -3.826813e-01 9.238744e-01
    outer loop
      vertex   1.209542e+00 9.400000e+01 4.863397e+01
      vertex   -1.366579e+00 9.388268e+01 4.857612e+01
      vertex   1.209542e+00 9.375882e+01 4.853407e+01
    endloop
  endfacet
  facet normal 1.686197e-03 -2.898158e-01 9.570809e-01
    outer loop
      vertex   1.209542e+00 9.375882e+01 4.853407e+01
      vertex   -1.366579e+00 9.388268e+01 4.857612e+01
      vertex   -1.309673e+00 9.369509e+01 4.851921e+01
    endloop
  endfacet
  facet normal 0.000000e+00 -4.906767e-02 9.987955e-01
    outer loop
      vertex   -1.295274e+00 9.359802e+01 4.850482e+01
      vertex   -1.290458e+00 9.350000e+01 4.850000e+01
      vertex   3.714357e+00 9.359802e+01 4.850482e+01
    endloop
  endfacet
  facet normal 0.000000e+00 -4.906767e-02 9.987955e-01
    outer loop
      vertex   3.714357e+00 9.359802e+01 4.850482e+01
      vertex   -1.290458e+00 9.350000e+01 4.850000e+01
      vertex   3.709542e+00 9.350000e+01 4.850000e+01
    endloop
  endfacet
  facet normal 4.337739e-03 -9.832779e-01 -1.820599e-01
    outer loop
      vertex   -1.940405e+00 9.443673e+01 4.072196e+01
      vertex   -2.290458e+00 9.450000e+01 4.037191e+01
      vertex   1.209542e+00 9.447171e+01 4.060808e+01
    endloop
  endfacet
  facet normal -2.417179e-16 -9.929030e-01 -1.189272e-01
    outer loop
      vertex   1.209542e+00 9.447171e+01 4.060808e+01
      vertex   -2.290458e+00 9.450000e+01 4.037191e+01
      vertex   4.709542e+00 9.450000e+01 4.037191e+01
    endloop
  endfacet
  facet normal -4.337739e-03 -9.832779e-01 -1.820599e-01
    outer loop
      vertex   1.209542e+00 9.447171e+01 4.060808e+01
      vertex   4.709542e+00 9.450000e+01 4.037191e+01
      vertex   4.359488e+00 9.443673e+01 4.072196e+01
    endloop
  endfacet
  facet normal 2.253058e-03 -9.367273e-01 -3.500526e-01
    outer loop
      vertex   1.209542e+00 9.447171e+01 4.060808e+01
      vertex   4.359488e+00 9.443673e+01 4.072196e+01
      vertex   1.209542e+00 9.438845e+01 4.083088e+01
    endloop
  endfacet
  facet normal -1.166808e-03 -9.012768e-01 -4.332422e-01
    outer loop
      vertex   1.209542e+00 9.438845e+01 4.083088e+01
      vertex   4.359488e+00 9.443673e+01 4.072196e+01
      vertex   4.198460e+00 9.435953e+01 4.088299e+01
    endloop
  endfacet
  facet normal 1.780305e-03 -8.275599e-01 -5.613746e-01
    outer loop
      vertex   1.209542e+00 9.438845e+01 4.083088e+01
      vertex   4.198460e+00 9.435953e+01 4.088299e+01
      vertex   1.209542e+00 9.425493e+01 4.102772e+01
    endloop
  endfacet
  facet normal -1.463425e-15 -8.104659e-01 -5.857858e-01
    outer loop
      vertex   1.209542e+00 9.425493e+01 4.102772e+01
      vertex   4.198460e+00 9.435953e+01 4.088299e+01
      vertex   4.053731e+00 9.425493e+01 4.102772e+01
    endloop
  endfacet
  facet normal -1.800215e-15 -6.933538e-01 -7.205973e-01
    outer loop
      vertex   1.209542e+00 9.425493e+01 4.102772e+01
      vertex   4.053731e+00 9.425493e+01 4.102772e+01
      vertex   3.929914e+00 9.412624e+01 4.115154e+01
    endloop
  endfacet
  facet normal 1.956050e-03 -6.715723e-01 -7.409364e-01
    outer loop
      vertex   1.209542e+00 9.425493e+01 4.102772e+01
      vertex   3.929914e+00 9.412624e+01 4.115154e+01
      vertex   1.209542e+00 9.407869e+01 4.118746e+01
    endloop
  endfacet
  facet normal -1.321008e-03 -5.535212e-01 -8.328341e-01
    outer loop
      vertex   1.209542e+00 9.407869e+01 4.118746e+01
      vertex   3.929914e+00 9.412624e+01 4.115154e+01
      vertex   3.830960e+00 9.397759e+01 4.125049e+01
    endloop
  endfacet
  facet normal 2.707314e-03 -4.775902e-01 -8.785786e-01
    outer loop
      vertex   1.209542e+00 9.407869e+01 4.118746e+01
      vertex   3.830960e+00 9.397759e+01 4.125049e+01
      vertex   1.209542e+00 9.386972e+01 4.130106e+01
    endloop
  endfacet
  facet normal -1.379150e-03 -3.967344e-01 -9.179324e-01
    outer loop
      vertex   1.209542e+00 9.386972e+01 4.130106e+01
      vertex   3.830960e+00 9.397759e+01 4.125049e+01
      vertex   3.760023e+00 9.381371e+01 4.132143e+01
    endloop
  endfacet
  facet normal 1.674742e-03 -2.736303e-01 -9.618335e-01
    outer loop
      vertex   1.209542e+00 9.386972e+01 4.130106e+01
      vertex   3.760023e+00 9.381371e+01 4.132143e+01
      vertex   -1.300282e+00 9.363982e+01 4.136209e+01
    endloop
  endfacet
  facet normal 0.000000e+00 -2.276763e-01 -9.737369e-01
    outer loop
      vertex   -1.300282e+00 9.363982e+01 4.136209e+01
      vertex   3.760023e+00 9.381371e+01 4.132143e+01
      vertex   3.719365e+00 9.363982e+01 4.136209e+01
    endloop
  endfacet
  facet normal -2.764303e-03 -2.282883e-01 -9.735897e-01
    outer loop
      vertex   -1.300282e+00 9.363982e+01 4.136209e+01
      vertex   -1.340940e+00 9.381371e+01 4.132143e+01
      vertex   1.209542e+00 9.386972e+01 4.130106e+01
    endloop
  endfacet
  facet normal 1.379150e-03 -3.967344e-01 -9.179324e-01
    outer loop
      vertex   1.209542e+00 9.386972e+01 4.130106e+01
      vertex   -1.340940e+00 9.381371e+01 4.132143e+01
      vertex   -1.411877e+00 9.397759e+01 4.125049e+01
    endloop
  endfacet
  facet normal -2.707314e-03 -4.775902e-01 -8.785786e-01
    outer loop
      vertex   1.209542e+00 9.386972e+01 4.130106e+01
      vertex   -1.411877e+00 9.397759e+01 4.125049e+01
      vertex   1.209542e+00 9.407869e+01 4.118746e+01
    endloop
  endfacet
  facet normal 1.321008e-03 -5.535212e-01 -8.328341e-01
    outer loop
      vertex   1.209542e+00 9.407869e+01 4.118746e+01
      vertex   -1.411877e+00 9.397759e+01 4.125049e+01
      vertex   -1.510831e+00 9.412624e+01 4.115154e+01
    endloop
  endfacet
  facet normal -1.956050e-03 -6.715723e-01 -7.409364e-01
    outer loop
      vertex   1.209542e+00 9.407869e+01 4.118746e+01
      vertex   -1.510831e+00 9.412624e+01 4.115154e+01
      vertex   1.209542e+00 9.425493e+01 4.102772e+01
    endloop
  endfacet
  facet normal -0.000000e+00 -6.933538e-01 -7.205973e-01
    outer loop
      vertex   1.209542e+00 9.425493e+01 4.102772e+01
      vertex   -1.510831e+00 9.412624e+01 4.115154e+01
      vertex   -1.634647e+00 9.425493e+01 4.102772e+01
    endloop
  endfacet
  facet normal -0.000000e+00 -8.104659e-01 -5.857858e-01
    outer loop
      vertex   1.209542e+00 9.425493e+01 4.102772e+01
      vertex   -1.634647e+00 9.425493e+01 4.102772e+01
      vertex   -1.779377e+00 9.435953e+01 4.088299e+01
    endloop
  endfacet
  facet normal -1.780305e-03 -8.275599e-01 -5.613746e-01
    outer loop
      vertex   1.209542e+00 9.425493e+01 4.102772e+01
      vertex   -1.779377e+00 9.435953e+01 4.088299e+01
      vertex   1.209542e+00 9.438845e+01 4.083088e+01
    endloop
  endfacet
  facet normal 1.166808e-03 -9.012768e-01 -4.332422e-01
    outer loop
      vertex   1.209542e+00 9.438845e+01 4.083088e+01
      vertex   -1.779377e+00 9.435953e+01 4.088299e+01
      vertex   -1.940405e+00 9.443673e+01 4.072196e+01
    endloop
  endfacet
  facet normal -2.253058e-03 -9.367273e-01 -3.500526e-01
    outer loop
      vertex   1.209542e+00 9.438845e+01 4.083088e+01
      vertex   -1.940405e+00 9.443673e+01 4.072196e+01
      vertex   1.209542e+00 9.447171e+01 4.060808e+01
    endloop
  endfacet
  facet normal 9.997267e-01 -2.337848e-02 -1.060308e-15
    outer loop
      vertex   3.709542e+00 9.350000e+01 4.138183e+01
      vertex   3.710635e+00 9.354674e+01 4.137523e+01
      vertex   3.709542e+00 9.350000e+01 4.850000e+01
    endloop
  endfacet
  facet normal 9.987958e-01 -4.905941e-02 -1.686303e-04
    outer loop
      vertex   3.709542e+00 9.350000e+01 4.850000e+01
      vertex   3.710635e+00 9.354674e+01 4.137523e+01
      vertex   3.714357e+00 9.359802e+01 4.850482e+01
    endloop
  endfacet
  facet normal 9.975409e-01 -7.008667e-02 -1.675586e-05
    outer loop
      vertex   3.714357e+00 9.359802e+01 4.850482e+01
      vertex   3.710635e+00 9.354674e+01 4.137523e+01
      vertex   3.713912e+00 9.359339e+01 4.136865e+01
    endloop
  endfacet
  facet normal 9.891758e-01 -1.467353e-01 3.350692e-05
    outer loop
      vertex   3.714357e+00 9.359802e+01 4.850482e+01
      vertex   3.713912e+00 9.359339e+01 4.136865e+01
      vertex   3.728756e+00 9.369509e+01 4.851921e+01
    endloop
  endfacet
  facet normal 9.816205e-01 -1.908424e-01 6.765361e-04
    outer loop
      vertex   3.728756e+00 9.369509e+01 4.851921e+01
      vertex   3.713912e+00 9.359339e+01 4.136865e+01
      vertex   3.743616e+00 9.375882e+01 4.493596e+01
    endloop
  endfacet
  facet normal 9.570397e-01 -2.899544e-01 -1.188119e-03
    outer loop
      vertex   3.728756e+00 9.369509e+01 4.851921e+01
      vertex   3.743616e+00 9.375882e+01 4.493596e+01
      vertex   3.785662e+00 9.388268e+01 4.857612e+01
    endloop
  endfacet
  facet normal 9.238770e-01 -3.826824e-01 2.350200e-03
    outer loop
      vertex   3.785662e+00 9.388268e+01 4.857612e+01
      vertex   3.743616e+00 9.375882e+01 4.493596e+01
      vertex   3.843516e+00 9.400000e+01 4.493596e+01
    endloop
  endfacet
  facet normal 8.821775e-01 -4.709157e-01 -1.156158e-03
    outer loop
      vertex   3.785662e+00 9.388268e+01 4.857612e+01
      vertex   3.843516e+00 9.400000e+01 4.493596e+01
      vertex   3.878072e+00 9.405557e+01 4.866853e+01
    endloop
  endfacet
  facet normal 7.933522e-01 -6.087605e-01 1.718399e-03
    outer loop
      vertex   3.878072e+00 9.405557e+01 4.866853e+01
      vertex   3.843516e+00 9.400000e+01 4.493596e+01
      vertex   4.002435e+00 9.420711e+01 4.493596e+01
    endloop
  endfacet
  facet normal 7.730105e-01 -6.343933e-01 -5.368729e-16
    outer loop
      vertex   3.878072e+00 9.405557e+01 4.866853e+01
      vertex   4.002435e+00 9.420711e+01 4.493596e+01
      vertex   4.002435e+00 9.420711e+01 4.879289e+01
    endloop
  endfacet
  facet normal 6.343933e-01 -7.730105e-01 -4.382657e-16
    outer loop
      vertex   4.002435e+00 9.420711e+01 4.879289e+01
      vertex   4.002435e+00 9.420711e+01 4.493596e+01
      vertex   4.153971e+00 9.433147e+01 4.894443e+01
    endloop
  endfacet
  facet normal 6.087606e-01 -7.933523e-01 1.600124e-03
    outer loop
      vertex   4.153971e+00 9.433147e+01 4.894443e+01
      vertex   4.002435e+00 9.420711e+01 4.493596e+01
      vertex   4.209542e+00 9.436603e+01 4.493596e+01
    endloop
  endfacet
  facet normal 4.722150e-01 -8.814828e-01 -1.052580e-03
    outer loop
      vertex   4.153971e+00 9.433147e+01 4.894443e+01
      vertex   4.209542e+00 9.436603e+01 4.493596e+01
      vertex   4.326858e+00 9.442388e+01 4.911732e+01
    endloop
  endfacet
  facet normal 3.826826e-01 -9.238776e-01 2.046013e-03
    outer loop
      vertex   4.326858e+00 9.442388e+01 4.911732e+01
      vertex   4.209542e+00 9.436603e+01 4.493596e+01
      vertex   4.450723e+00 9.446593e+01 4.493596e+01
    endloop
  endfacet
  facet normal 2.911945e-01 -9.566634e-01 -9.938207e-04
    outer loop
      vertex   4.326858e+00 9.442388e+01 4.911732e+01
      vertex   4.450723e+00 9.446593e+01 4.493596e+01
      vertex   4.514451e+00 9.448079e+01 4.930491e+01
    endloop
  endfacet
  facet normal 1.301676e-01 -9.914909e-01 1.473487e-03
    outer loop
      vertex   4.514451e+00 9.448079e+01 4.930491e+01
      vertex   4.450723e+00 9.446593e+01 4.493596e+01
      vertex   4.709542e+00 9.450000e+01 4.500000e+01
    endloop
  endfacet
  facet normal 9.801714e-02 -9.951847e-01 -3.200910e-15
    outer loop
      vertex   4.514451e+00 9.448079e+01 4.930491e+01
      vertex   4.709542e+00 9.450000e+01 4.500000e+01
      vertex   4.709542e+00 9.450000e+01 4.950000e+01
    endloop
  endfacet
  facet normal 9.931240e-01 -1.170323e-01 -2.842168e-03
    outer loop
      vertex   3.713912e+00 9.359339e+01 4.136865e+01
      vertex   3.719365e+00 9.363982e+01 4.136209e+01
      vertex   3.743616e+00 9.375882e+01 4.493596e+01
    endloop
  endfacet
  facet normal 9.737865e-01 -2.274621e-01 9.659032e-04
    outer loop
      vertex   3.743616e+00 9.375882e+01 4.493596e+01
      vertex   3.719365e+00 9.363982e+01 4.136209e+01
      vertex   3.760023e+00 9.381371e+01 4.132143e+01
    endloop
  endfacet
  facet normal 9.238783e-01 -3.826829e-01 -1.617854e-03
    outer loop
      vertex   3.743616e+00 9.375882e+01 4.493596e+01
      vertex   3.760023e+00 9.381371e+01 4.132143e+01
      vertex   3.843516e+00 9.400000e+01 4.493596e+01
    endloop
  endfacet
  facet normal 9.176036e-01 -3.974961e-01 -7.094518e-04
    outer loop
      vertex   3.843516e+00 9.400000e+01 4.493596e+01
      vertex   3.760023e+00 9.381371e+01 4.132143e+01
      vertex   3.830960e+00 9.397759e+01 4.125049e+01
    endloop
  endfacet
  facet normal 8.325923e-01 -5.538861e-01 5.310525e-04
    outer loop
      vertex   3.843516e+00 9.400000e+01 4.493596e+01
      vertex   3.830960e+00 9.397759e+01 4.125049e+01
      vertex   3.929914e+00 9.412624e+01 4.115154e+01
    endloop
  endfacet
  facet normal 7.933514e-01 -6.087600e-01 -2.195345e-03
    outer loop
      vertex   3.843516e+00 9.400000e+01 4.493596e+01
      vertex   3.929914e+00 9.412624e+01 4.115154e+01
      vertex   4.002435e+00 9.420711e+01 4.493596e+01
    endloop
  endfacet
  facet normal 7.210711e-01 -6.928603e-01 9.867591e-04
    outer loop
      vertex   4.002435e+00 9.420711e+01 4.493596e+01
      vertex   3.929914e+00 9.412624e+01 4.115154e+01
      vertex   4.053731e+00 9.425493e+01 4.102772e+01
    endloop
  endfacet
  facet normal 6.087605e-01 -7.933522e-01 -1.716872e-03
    outer loop
      vertex   4.002435e+00 9.420711e+01 4.493596e+01
      vertex   4.053731e+00 9.425493e+01 4.102772e+01
      vertex   4.209542e+00 9.436603e+01 4.493596e+01
    endloop
  endfacet
  facet normal 5.855871e-01 -8.106094e-01 -3.024332e-04
    outer loop
      vertex   4.209542e+00 9.436603e+01 4.493596e+01
      vertex   4.053731e+00 9.425493e+01 4.102772e+01
      vertex   4.198460e+00 9.435953e+01 4.088299e+01
    endloop
  endfacet
  facet normal 4.325069e-01 -9.016306e-01 2.619237e-04
    outer loop
      vertex   4.209542e+00 9.436603e+01 4.493596e+01
      vertex   4.198460e+00 9.435953e+01 4.088299e+01
      vertex   4.359488e+00 9.443673e+01 4.072196e+01
    endloop
  endfacet
  facet normal 3.826828e-01 -9.238779e-01 -1.884248e-03
    outer loop
      vertex   4.209542e+00 9.436603e+01 4.493596e+01
      vertex   4.359488e+00 9.443673e+01 4.072196e+01
      vertex   4.450723e+00 9.446593e+01 4.493596e+01
    endloop
  endfacet
  facet normal 1.806721e-01 -9.835391e-01 2.902710e-03
    outer loop
      vertex   4.450723e+00 9.446593e+01 4.493596e+01
      vertex   4.359488e+00 9.443673e+01 4.072196e+01
      vertex   4.709542e+00 9.450000e+01 4.037191e+01
    endloop
  endfacet
  facet normal 1.305262e-01 -9.914449e-01 2.894619e-15
    outer loop
      vertex   4.450723e+00 9.446593e+01 4.493596e+01
      vertex   4.709542e+00 9.450000e+01 4.037191e+01
      vertex   4.709542e+00 9.450000e+01 4.500000e+01
    endloop
  endfacet
  facet normal -9.801714e-02 -9.951847e-01 -2.900937e-15
    outer loop
      vertex   -2.290458e+00 9.450000e+01 4.950000e+01
      vertex   -2.290458e+00 9.450000e+01 4.500000e+01
      vertex   -2.095368e+00 9.448079e+01 4.930491e+01
    endloop
  endfacet
  facet normal -9.801714e-02 -9.951847e-01 3.149605e-15
    outer loop
      vertex   -2.095368e+00 9.448079e+01 4.930491e+01
      vertex   -2.290458e+00 9.450000e+01 4.500000e+01
      vertex   -2.290458e+00 9.450000e+01 4.037191e+01
    endloop
  endfacet
  facet normal -1.506817e-01 -9.885816e-01 1.164359e-03
    outer loop
      vertex   -2.095368e+00 9.448079e+01 4.930491e+01
      vertex   -2.290458e+00 9.450000e+01 4.037191e+01
      vertex   -2.031639e+00 9.446593e+01 4.493596e+01
    endloop
  endfacet
  facet normal -1.806721e-01 -9.835391e-01 2.902710e-03
    outer loop
      vertex   -2.031639e+00 9.446593e+01 4.493596e+01
      vertex   -2.290458e+00 9.450000e+01 4.037191e+01
      vertex   -1.940405e+00 9.443673e+01 4.072196e+01
    endloop
  endfacet
  facet normal -3.826828e-01 -9.238779e-01 -1.884248e-03
    outer loop
      vertex   -2.031639e+00 9.446593e+01 4.493596e+01
      vertex   -1.940405e+00 9.443673e+01 4.072196e+01
      vertex   -1.790458e+00 9.436603e+01 4.493596e+01
    endloop
  endfacet
  facet normal -4.325069e-01 -9.016306e-01 2.619237e-04
    outer loop
      vertex   -1.790458e+00 9.436603e+01 4.493596e+01
      vertex   -1.940405e+00 9.443673e+01 4.072196e+01
      vertex   -1.779377e+00 9.435953e+01 4.088299e+01
    endloop
  endfacet
  facet normal -5.855871e-01 -8.106094e-01 -3.024332e-04
    outer loop
      vertex   -1.790458e+00 9.436603e+01 4.493596e+01
      vertex   -1.779377e+00 9.435953e+01 4.088299e+01
      vertex   -1.634647e+00 9.425493e+01 4.102772e+01
    endloop
  endfacet
  facet normal -6.087605e-01 -7.933522e-01 -1.716872e-03
    outer loop
      vertex   -1.790458e+00 9.436603e+01 4.493596e+01
      vertex   -1.634647e+00 9.425493e+01 4.102772e+01
      vertex   -1.583352e+00 9.420711e+01 4.493596e+01
    endloop
  endfacet
  facet normal -7.210711e-01 -6.928603e-01 9.867591e-04
    outer loop
      vertex   -1.583352e+00 9.420711e+01 4.493596e+01
      vertex   -1.634647e+00 9.425493e+01 4.102772e+01
      vertex   -1.510831e+00 9.412624e+01 4.115154e+01
    endloop
  endfacet
  facet normal -7.933514e-01 -6.087600e-01 -2.195345e-03
    outer loop
      vertex   -1.583352e+00 9.420711e+01 4.493596e+01
      vertex   -1.510831e+00 9.412624e+01 4.115154e+01
      vertex   -1.424433e+00 9.400000e+01 4.493596e+01
    endloop
  endfacet
  facet normal -8.325923e-01 -5.538861e-01 5.310525e-04
    outer loop
      vertex   -1.424433e+00 9.400000e+01 4.493596e+01
      vertex   -1.510831e+00 9.412624e+01 4.115154e+01
      vertex   -1.411877e+00 9.397759e+01 4.125049e+01
    endloop
  endfacet
  facet normal -9.176036e-01 -3.974961e-01 -7.094518e-04
    outer loop
      vertex   -1.424433e+00 9.400000e+01 4.493596e+01
      vertex   -1.411877e+00 9.397759e+01 4.125049e+01
      vertex   -1.340940e+00 9.381371e+01 4.132143e+01
    endloop
  endfacet
  facet normal -9.238783e-01 -3.826829e-01 -1.617854e-03
    outer loop
      vertex   -1.424433e+00 9.400000e+01 4.493596e+01
      vertex   -1.340940e+00 9.381371e+01 4.132143e+01
      vertex   -1.324533e+00 9.375882e+01 4.493596e+01
    endloop
  endfacet
  facet normal -9.737865e-01 -2.274621e-01 9.659032e-04
    outer loop
      vertex   -1.324533e+00 9.375882e+01 4.493596e+01
      vertex   -1.340940e+00 9.381371e+01 4.132143e+01
      vertex   -1.300282e+00 9.363982e+01 4.136209e+01
    endloop
  endfacet
  facet normal -9.822010e-01 -1.878325e-01 -4.106942e-04
    outer loop
      vertex   -1.324533e+00 9.375882e+01 4.493596e+01
      vertex   -1.300282e+00 9.363982e+01 4.136209e+01
      vertex   -1.295274e+00 9.359802e+01 4.850482e+01
    endloop
  endfacet
  facet normal -9.931748e-01 -1.166350e-01 1.372393e-05
    outer loop
      vertex   -1.295274e+00 9.359802e+01 4.850482e+01
      vertex   -1.300282e+00 9.363982e+01 4.136209e+01
      vertex   -1.294828e+00 9.359339e+01 4.136865e+01
    endloop
  endfacet
  facet normal -9.975409e-01 -7.008667e-02 -1.675586e-05
    outer loop
      vertex   -1.295274e+00 9.359802e+01 4.850482e+01
      vertex   -1.294828e+00 9.359339e+01 4.136865e+01
      vertex   -1.291551e+00 9.354674e+01 4.137523e+01
    endloop
  endfacet
  facet normal -9.997267e-01 -2.337848e-02 1.185051e-15
    outer loop
      vertex   -1.290458e+00 9.350000e+01 4.138183e+01
      vertex   -1.290458e+00 9.350000e+01 4.850000e+01
      vertex   -1.291551e+00 9.354674e+01 4.137523e+01
    endloop
  endfacet
  facet normal -9.987958e-01 -4.905941e-02 -1.686303e-04
    outer loop
      vertex   -1.291551e+00 9.354674e+01 4.137523e+01
      vertex   -1.290458e+00 9.350000e+01 4.850000e+01
      vertex   -1.295274e+00 9.359802e+01 4.850482e+01
    endloop
  endfacet
  facet normal -9.891433e-01 -1.469463e-01 1.488429e-03
    outer loop
      vertex   -1.295274e+00 9.359802e+01 4.850482e+01
      vertex   -1.309673e+00 9.369509e+01 4.851921e+01
      vertex   -1.324533e+00 9.375882e+01 4.493596e+01
    endloop
  endfacet
  facet normal -9.570397e-01 -2.899544e-01 -1.188119e-03
    outer loop
      vertex   -1.324533e+00 9.375882e+01 4.493596e+01
      vertex   -1.309673e+00 9.369509e+01 4.851921e+01
      vertex   -1.366579e+00 9.388268e+01 4.857612e+01
    endloop
  endfacet
  facet normal -9.238770e-01 -3.826824e-01 2.350200e-03
    outer loop
      vertex   -1.324533e+00 9.375882e+01 4.493596e+01
      vertex   -1.366579e+00 9.388268e+01 4.857612e+01
      vertex   -1.424433e+00 9.400000e+01 4.493596e+01
    endloop
  endfacet
  facet normal -8.821775e-01 -4.709157e-01 -1.156158e-03
    outer loop
      vertex   -1.424433e+00 9.400000e+01 4.493596e+01
      vertex   -1.366579e+00 9.388268e+01 4.857612e+01
      vertex   -1.458989e+00 9.405557e+01 4.866853e+01
    endloop
  endfacet
  facet normal -7.933522e-01 -6.087605e-01 1.718399e-03
    outer loop
      vertex   -1.424433e+00 9.400000e+01 4.493596e+01
      vertex   -1.458989e+00 9.405557e+01 4.866853e+01
      vertex   -1.583352e+00 9.420711e+01 4.493596e+01
    endloop
  endfacet
  facet normal -7.730105e-01 -6.343933e-01 4.895259e-16
    outer loop
      vertex   -1.583352e+00 9.420711e+01 4.493596e+01
      vertex   -1.458989e+00 9.405557e+01 4.866853e+01
      vertex   -1.583352e+00 9.420711e+01 4.879289e+01
    endloop
  endfacet
  facet normal -6.343933e-01 -7.730105e-01 4.017435e-16
    outer loop
      vertex   -1.583352e+00 9.420711e+01 4.493596e+01
      vertex   -1.583352e+00 9.420711e+01 4.879289e+01
      vertex   -1.734888e+00 9.433147e+01 4.894443e+01
    endloop
  endfacet
  facet normal -6.087606e-01 -7.933523e-01 1.600124e-03
    outer loop
      vertex   -1.583352e+00 9.420711e+01 4.493596e+01
      vertex   -1.734888e+00 9.433147e+01 4.894443e+01
      vertex   -1.790458e+00 9.436603e+01 4.493596e+01
    endloop
  endfacet
  facet normal -4.722150e-01 -8.814828e-01 -1.052580e-03
    outer loop
      vertex   -1.790458e+00 9.436603e+01 4.493596e+01
      vertex   -1.734888e+00 9.433147e+01 4.894443e+01
      vertex   -1.907775e+00 9.442388e+01 4.911732e+01
    endloop
  endfacet
  facet normal -3.826826e-01 -9.238776e-01 2.046013e-03
    outer loop
      vertex   -1.790458e+00 9.436603e+01 4.493596e+01
      vertex   -1.907775e+00 9.442388e+01 4.911732e+01
      vertex   -2.031639e+00 9.446593e+01 4.493596e+01
    endloop
  endfacet
  facet normal -2.911945e-01 -9.566634e-01 -9.938207e-04
    outer loop
      vertex   -2.031639e+00 9.446593e+01 4.493596e+01
      vertex   -1.907775e+00 9.442388e+01 4.911732e+01
      vertex   -2.095368e+00 9.448079e+01 4.930491e+01
    endloop
  endfacet
  facet normal -1.000000e+00 2.467162e-16 1.185375e-15
    outer loop
      vertex   -1.290458e+00 9.350000e+01 4.850000e+01
      vertex   -1.290458e+00 9.350000e+01 4.138183e+01
      vertex   -1.290458e+00 8.450000e+01 4.850000e+01
    endloop
  endfacet
  facet normal -1.000000e+00 -1.201597e-16 7.215076e-16
    outer loop
      vertex   -1.290458e+00 8.450000e+01 4.850000e+01
      vertex   -1.290458e+00 9.350000e+01 4.138183e+01
      vertex   -1.290458e+00 7.850000e+01 4.350000e+01
    endloop
  endfacet
  facet normal -1.000000e+00 -7.401487e-16 1.465494e-15
    outer loop
      vertex   -1.290458e+00 8.450000e+01 4.850000e+01
      vertex   -1.290458e+00 7.850000e+01 4.350000e+01
      vertex   -1.290458e+00 7.850000e+01 4.850000e+01
    endloop
  endfacet
  facet normal -1.000000e+00 -7.401487e-16 -2.220446e-16
    outer loop
      vertex   -1.290458e+00 7.850000e+01 4.850000e+01
      vertex   -1.290458e+00 8.450000e+01 5.450000e+01
      vertex   -1.290458e+00 8.450000e+01 4.850000e+01
    endloop
  endfacet
  facet normal -0.000000e+00 -1.398240e-01 -9.901764e-01
    outer loop
      vertex   3.719365e+00 9.363982e+01 4.136209e+01
      vertex   3.713912e+00 9.359339e+01 4.136865e+01
      vertex   -1.300282e+00 9.363982e+01 4.136209e+01
    endloop
  endfacet
  facet normal -1.404740e-15 -1.398240e-01 -9.901764e-01
    outer loop
      vertex   -1.300282e+00 9.363982e+01 4.136209e+01
      vertex   3.713912e+00 9.359339e+01 4.136865e+01
      vertex   -1.294828e+00 9.359339e+01 4.136865e+01
    endloop
  endfacet
  facet normal -1.404670e-15 -1.398240e-01 -9.901764e-01
    outer loop
      vertex   -1.294828e+00 9.359339e+01 4.136865e+01
      vertex   3.713912e+00 9.359339e+01 4.136865e+01
      vertex   3.710635e+00 9.354674e+01 4.137523e+01
    endloop
  endfacet
  facet normal -1.406635e-15 -1.398240e-01 -9.901764e-01
    outer loop
      vertex   -1.294828e+00 9.359339e+01 4.136865e+01
      vertex   3.710635e+00 9.354674e+01 4.137523e+01
      vertex   -1.291551e+00 9.354674e+01 4.137523e+01
    endloop
  endfacet
  facet normal -1.406510e-15 -1.398240e-01 -9.901764e-01
    outer loop
      vertex   -1.291551e+00 9.354674e+01 4.137523e+01
      vertex   3.710635e+00 9.354674e+01 4.137523e+01
      vertex   3.709542e+00 9.350000e+01 4.138183e+01
    endloop
  endfacet
  facet normal -2.814319e-15 -1.398240e-01 -9.901764e-01
    outer loop
      vertex   -1.291551e+00 9.354674e+01 4.137523e+01
      vertex   3.709542e+00 9.350000e+01 4.138183e+01
      vertex   -1.290458e+00 9.350000e+01 4.138183e+01
    endloop
  endfacet
  facet normal -2.814251e-15 -1.398240e-01 -9.901764e-01
    outer loop
      vertex   -1.290458e+00 9.350000e+01 4.138183e+01
      vertex   3.709542e+00 9.350000e+01 4.138183e+01
      vertex   3.709542e+00 7.850000e+01 4.350000e+01
    endloop
  endfacet
  facet normal -5.628501e-15 -1.398240e-01 -9.901764e-01
    outer loop
      vertex   -1.290458e+00 9.350000e+01 4.138183e+01
      vertex   3.709542e+00 7.850000e+01 4.350000e+01
      vertex   -1.290458e+00 7.850000e+01 4.350000e+01
    endloop
  endfacet
  facet normal 0.000000e+00 -1.000000e+00 -0.000000e+00
    outer loop
      vertex   -1.290458e+00 7.850000e+01 4.850000e+01
      vertex   -1.290458e+00 7.850000e+01 4.350000e+01
      vertex   3.709542e+00 7.850000e+01 4.850000e+01
    endloop
  endfacet
  facet normal 0.000000e+00 -1.000000e+00 0.000000e+00
    outer loop
      vertex   3.709542e+00 7.850000e+01 4.850000e+01
      vertex   -1.290458e+00 7.850000e+01 4.350000e+01
      vertex   3.709542e+00 7.850000e+01 4.350000e+01
    endloop
  endfacet
  facet normal 0.000000e+00 -7.071068e-01 7.071068e-01
    outer loop
      vertex   -1.290458e+00 8.450000e+01 5.450000e+01
      vertex   -1.290458e+00 7.850000e+01 4.850000e+01
      vertex   3.709542e+00 8.450000e+01 5.450000e+01
    endloop
  endfacet
  facet normal 1.004859e-15 -7.071068e-01 7.071068e-01
    outer loop
      vertex   3.709542e+00 8.450000e+01 5.450000e+01
      vertex   -1.290458e+00 7.850000e+01 4.850000e+01
      vertex   3.709542e+00 7.850000e+01 4.850000e+01
    endloop
  endfacet
  facet normal 0.000000e+00 1.000000e+00 -0.000000e+00
    outer loop
      vertex   -1.290458e+00 8.450000e+01 4.850000e+01
      vertex   -1.290458e+00 8.450000e+01 5.450000e+01
      vertex   3.709542e+00 8.450000e+01 4.850000e+01
    endloop
  endfacet
  facet normal 0.000000e+00 1.000000e+00 0.000000e+00
    outer loop
      vertex   3.709542e+00 8.450000e+01 4.850000e+01
      vertex   -1.290458e+00 8.450000e+01 5.450000e+01
      vertex   3.709542e+00 8.450000e+01 5.450000e+01
    endloop
  endfacet
  facet normal 0.000000e+00 -1.578984e-15 1.000000e+00
    outer loop
      vertex   -1.290458e+00 9.350000e+01 4.850000e+01
      vertex   -1.290458e+00 8.450000e+01 4.850000e+01
      vertex   3.709542e+00 9.350000e+01 4.850000e+01
    endloop
  endfacet
  facet normal 0.000000e+00 -1.578984e-15 1.000000e+00
    outer loop
      vertex   3.709542e+00 9.350000e+01 4.850000e+01
      vertex   -1.290458e+00 8.450000e+01 4.850000e+01
      vertex   3.709542e+00 8.450000e+01 4.850000e+01
    endloop
  endfacet
  facet normal 1.000000e+00 -9.868649e-17 -1.060598e-15
    outer loop
      vertex   3.709542e+00 9.350000e+01 4.850000e+01
      vertex   3.709542e+00 8.450000e+01 4.850000e+01
      vertex   3.709542e+00 9.350000e+01 4.138183e+01
    endloop
  endfacet
  facet normal 1.000000e+00 9.141455e-17 -8.202402e-16
    outer loop
      vertex   3.709542e+00 9.350000e+01 4.138183e+01
      vertex   3.709542e+00 8.450000e+01 4.850000e+01
      vertex   3.709542e+00 7.850000e+01 4.350000e+01
    endloop
  endfacet
  facet normal 1.000000e+00 5.921189e-16 -1.421085e-15
    outer loop
      vertex   3.709542e+00 7.850000e+01 4.350000e+01
      vertex   3.709542e+00 8.450000e+01 4.850000e+01
      vertex   3.709542e+00 7.850000e+01 4.850000e+01
    endloop
  endfacet
  facet normal 1.000000e+00 5.921189e-16 1.480297e-16
    outer loop
      vertex   3.709542e+00 7.850000e+01 4.850000e+01
      vertex   3.709542e+00 8.450000e+01 4.850000e+01
      vertex   3.709542e+00 8.450000e+01 5.450000e+01
    endloop
  endfacet
endsolid
