solid ASCII
  facet normal 9.914449e-01 -1.305262e-01 0.000000e+00
    outer loop
      vertex   -2.196593e+01 5.125882e+01 6.000000e+00
      vertex   -2.196593e+01 5.125882e+01 1.155556e+01
      vertex   -2.200000e+01 5.100000e+01 6.000000e+00
    endloop
  endfacet
  facet normal 9.914449e-01 -1.305262e-01 0.000000e+00
    outer loop
      vertex   -2.200000e+01 5.100000e+01 6.000000e+00
      vertex   -2.196593e+01 5.125882e+01 1.155556e+01
      vertex   -2.196593e+01 5.125882e+01 1.711111e+01
    endloop
  endfacet
  facet normal 9.914449e-01 -1.305262e-01 0.000000e+00
    outer loop
      vertex   -2.200000e+01 5.100000e+01 6.000000e+00
      vertex   -2.196593e+01 5.125882e+01 1.711111e+01
      vertex   -2.196593e+01 5.125882e+01 2.266667e+01
    endloop
  endfacet
  facet normal 9.238795e-01 -3.826834e-01 0.000000e+00
    outer loop
      vertex   -2.196593e+01 5.125882e+01 2.266667e+01
      vertex   -2.196593e+01 5.125882e+01 1.711111e+01
      vertex   -2.186603e+01 5.150000e+01 2.266667e+01
    endloop
  endfacet
  facet normal 9.238795e-01 -3.826834e-01 0.000000e+00
    outer loop
      vertex   -2.196593e+01 5.125882e+01 2.266667e+01
      vertex   -2.186603e+01 5.150000e+01 2.266667e+01
      vertex   -2.186603e+01 5.150000e+01 2.822222e+01
    endloop
  endfacet
  facet normal 7.933533e-01 -6.087614e-01 0.000000e+00
    outer loop
      vertex   -2.186603e+01 5.150000e+01 2.822222e+01
      vertex   -2.186603e+01 5.150000e+01 2.266667e+01
      vertex   -2.170711e+01 5.170711e+01 2.822222e+01
    endloop
  endfacet
  facet normal 7.933533e-01 -6.087614e-01 0.000000e+00
    outer loop
      vertex   -2.186603e+01 5.150000e+01 2.822222e+01
      vertex   -2.170711e+01 5.170711e+01 2.822222e+01
      vertex   -2.170711e+01 5.170711e+01 3.377778e+01
    endloop
  endfacet
  facet normal 6.087614e-01 -7.933533e-01 0.000000e+00
    outer loop
      vertex   -2.170711e+01 5.170711e+01 3.377778e+01
      vertex   -2.170711e+01 5.170711e+01 2.822222e+01
      vertex   -2.150000e+01 5.186603e+01 3.377778e+01
    endloop
  endfacet
  facet normal 6.087614e-01 -7.933533e-01 0.000000e+00
    outer loop
      vertex   -2.170711e+01 5.170711e+01 3.377778e+01
      vertex   -2.150000e+01 5.186603e+01 3.377778e+01
      vertex   -2.150000e+01 5.186603e+01 3.933333e+01
    endloop
  endfacet
  facet normal 3.826834e-01 -9.238795e-01 0.000000e+00
    outer loop
      vertex   -2.150000e+01 5.186603e+01 3.933333e+01
      vertex   -2.150000e+01 5.186603e+01 3.377778e+01
      vertex   -2.125882e+01 5.196593e+01 3.933333e+01
    endloop
  endfacet
  facet normal 3.826834e-01 -9.238795e-01 0.000000e+00
    outer loop
      vertex   -2.150000e+01 5.186603e+01 3.933333e+01
      vertex   -2.125882e+01 5.196593e+01 3.933333e+01
      vertex   -2.125882e+01 5.196593e+01 4.488889e+01
    endloop
  endfacet
  facet normal 1.305262e-01 -9.914449e-01 0.000000e+00
    outer loop
      vertex   -2.125882e+01 5.196593e+01 4.488889e+01
      vertex   -2.125882e+01 5.196593e+01 3.933333e+01
      vertex   -2.100000e+01 5.200000e+01 5.600000e+01
    endloop
  endfacet
  facet normal 1.305262e-01 -9.914449e-01 0.000000e+00
    outer loop
      vertex   -2.125882e+01 5.196593e+01 4.488889e+01
      vertex   -2.100000e+01 5.200000e+01 5.600000e+01
      vertex   -2.125882e+01 5.196593e+01 5.044444e+01
    endloop
  endfacet
  facet normal 1.305262e-01 -9.914449e-01 0.000000e+00
    outer loop
      vertex   -2.125882e+01 5.196593e+01 5.044444e+01
      vertex   -2.100000e+01 5.200000e+01 5.600000e+01
      vertex   -2.125882e+01 5.196593e+01 5.600000e+01
    endloop
  endfacet
  facet normal 3.826834e-01 -9.238795e-01 0.000000e+00
    outer loop
      vertex   -2.125882e+01 5.196593e+01 5.044444e+01
      vertex   -2.125882e+01 5.196593e+01 5.600000e+01
      vertex   -2.150000e+01 5.186603e+01 5.044444e+01
    endloop
  endfacet
  facet normal 3.826834e-01 -9.238795e-01 4.894433e-16
    outer loop
      vertex   -2.150000e+01 5.186603e+01 5.044444e+01
      vertex   -2.125882e+01 5.196593e+01 5.600000e+01
      vertex   -2.150000e+01 5.186603e+01 5.600000e+01
    endloop
  endfacet
  facet normal 6.087614e-01 -7.933533e-01 7.785918e-16
    outer loop
      vertex   -2.150000e+01 5.186603e+01 5.044444e+01
      vertex   -2.150000e+01 5.186603e+01 5.600000e+01
      vertex   -2.170711e+01 5.170711e+01 5.044444e+01
    endloop
  endfacet
  facet normal 6.087614e-01 -7.933533e-01 0.000000e+00
    outer loop
      vertex   -2.170711e+01 5.170711e+01 5.044444e+01
      vertex   -2.150000e+01 5.186603e+01 5.600000e+01
      vertex   -2.170711e+01 5.170711e+01 5.600000e+01
    endloop
  endfacet
  facet normal 7.933533e-01 -6.087614e-01 0.000000e+00
    outer loop
      vertex   -2.170711e+01 5.170711e+01 5.044444e+01
      vertex   -2.170711e+01 5.170711e+01 5.600000e+01
      vertex   -2.186603e+01 5.150000e+01 5.044444e+01
    endloop
  endfacet
  facet normal 7.933533e-01 -6.087614e-01 0.000000e+00
    outer loop
      vertex   -2.186603e+01 5.150000e+01 5.044444e+01
      vertex   -2.170711e+01 5.170711e+01 5.600000e+01
      vertex   -2.186603e+01 5.150000e+01 5.600000e+01
    endloop
  endfacet
  facet normal 9.238795e-01 -3.826834e-01 0.000000e+00
    outer loop
      vertex   -2.186603e+01 5.150000e+01 5.044444e+01
      vertex   -2.186603e+01 5.150000e+01 5.600000e+01
      vertex   -2.196593e+01 5.125882e+01 5.044444e+01
    endloop
  endfacet
  facet normal 9.238795e-01 -3.826834e-01 0.000000e+00
    outer loop
      vertex   -2.196593e+01 5.125882e+01 5.044444e+01
      vertex   -2.186603e+01 5.150000e+01 5.600000e+01
      vertex   -2.196593e+01 5.125882e+01 5.600000e+01
    endloop
  endfacet
  facet normal 9.914449e-01 -1.305262e-01 0.000000e+00
    outer loop
      vertex   -2.196593e+01 5.125882e+01 5.044444e+01
      vertex   -2.196593e+01 5.125882e+01 5.600000e+01
      vertex   -2.200000e+01 5.100000e+01 5.600000e+01
    endloop
  endfacet
  facet normal 9.238795e-01 -3.826834e-01 0.000000e+00
    outer loop
      vertex   -2.196593e+01 5.125882e+01 1.155556e+01
      vertex   -2.196593e+01 5.125882e+01 6.000000e+00
      vertex   -2.186603e+01 5.150000e+01 1.155556e+01
    endloop
  endfacet
  facet normal 9.238795e-01 -3.826834e-01 0.000000e+00
    outer loop
      vertex   -2.186603e+01 5.150000e+01 1.155556e+01
      vertex   -2.196593e+01 5.125882e+01 6.000000e+00
      vertex   -2.186603e+01 5.150000e+01 6.000000e+00
    endloop
  endfacet
  facet normal 7.933533e-01 -6.087614e-01 0.000000e+00
    outer loop
      vertex   -2.186603e+01 5.150000e+01 1.155556e+01
      vertex   -2.186603e+01 5.150000e+01 6.000000e+00
      vertex   -2.170711e+01 5.170711e+01 1.155556e+01
    endloop
  endfacet
  facet normal 7.933533e-01 -6.087614e-01 0.000000e+00
    outer loop
      vertex   -2.170711e+01 5.170711e+01 1.155556e+01
      vertex   -2.186603e+01 5.150000e+01 6.000000e+00
      vertex   -2.170711e+01 5.170711e+01 6.000000e+00
    endloop
  endfacet
  facet normal 6.087614e-01 -7.933533e-01 0.000000e+00
    outer loop
      vertex   -2.170711e+01 5.170711e+01 1.155556e+01
      vertex   -2.170711e+01 5.170711e+01 6.000000e+00
      vertex   -2.150000e+01 5.186603e+01 1.155556e+01
    endloop
  endfacet
  facet normal 6.087614e-01 -7.933533e-01 -7.785918e-16
    outer loop
      vertex   -2.150000e+01 5.186603e+01 1.155556e+01
      vertex   -2.170711e+01 5.170711e+01 6.000000e+00
      vertex   -2.150000e+01 5.186603e+01 6.000000e+00
    endloop
  endfacet
  facet normal 3.826834e-01 -9.238795e-01 -4.894433e-16
    outer loop
      vertex   -2.150000e+01 5.186603e+01 1.155556e+01
      vertex   -2.150000e+01 5.186603e+01 6.000000e+00
      vertex   -2.125882e+01 5.196593e+01 1.155556e+01
    endloop
  endfacet
  facet normal 3.826834e-01 -9.238795e-01 0.000000e+00
    outer loop
      vertex   -2.125882e+01 5.196593e+01 1.155556e+01
      vertex   -2.150000e+01 5.186603e+01 6.000000e+00
      vertex   -2.125882e+01 5.196593e+01 6.000000e+00
    endloop
  endfacet
  facet normal 1.305262e-01 -9.914449e-01 0.000000e+00
    outer loop
      vertex   -2.125882e+01 5.196593e+01 1.155556e+01
      vertex   -2.125882e+01 5.196593e+01 6.000000e+00
      vertex   -2.100000e+01 5.200000e+01 6.000000e+00
    endloop
  endfacet
  facet normal 1.305262e-01 -9.914449e-01 -1.408928e-16
    outer loop
      vertex   -2.100000e+01 5.200000e+01 5.600000e+01
      vertex   -2.125882e+01 5.196593e+01 2.822222e+01
      vertex   -2.100000e+01 5.200000e+01 6.000000e+00
    endloop
  endfacet
  facet normal 1.305262e-01 -9.914449e-01 0.000000e+00
    outer loop
      vertex   -2.100000e+01 5.200000e+01 6.000000e+00
      vertex   -2.125882e+01 5.196593e+01 2.822222e+01
      vertex   -2.125882e+01 5.196593e+01 2.266667e+01
    endloop
  endfacet
  facet normal 1.305262e-01 -9.914449e-01 0.000000e+00
    outer loop
      vertex   -2.100000e+01 5.200000e+01 6.000000e+00
      vertex   -2.125882e+01 5.196593e+01 2.266667e+01
      vertex   -2.125882e+01 5.196593e+01 1.711111e+01
    endloop
  endfacet
  facet normal 3.826834e-01 -9.238795e-01 0.000000e+00
    outer loop
      vertex   -2.125882e+01 5.196593e+01 1.711111e+01
      vertex   -2.125882e+01 5.196593e+01 2.266667e+01
      vertex   -2.150000e+01 5.186603e+01 1.711111e+01
    endloop
  endfacet
  facet normal 3.826834e-01 -9.238795e-01 0.000000e+00
    outer loop
      vertex   -2.125882e+01 5.196593e+01 1.711111e+01
      vertex   -2.150000e+01 5.186603e+01 1.711111e+01
      vertex   -2.150000e+01 5.186603e+01 1.155556e+01
    endloop
  endfacet
  facet normal 6.087614e-01 -7.933533e-01 0.000000e+00
    outer loop
      vertex   -2.150000e+01 5.186603e+01 1.155556e+01
      vertex   -2.150000e+01 5.186603e+01 1.711111e+01
      vertex   -2.170711e+01 5.170711e+01 1.155556e+01
    endloop
  endfacet
  facet normal 9.914449e-01 -1.305262e-01 0.000000e+00
    outer loop
      vertex   -2.200000e+01 5.100000e+01 6.000000e+00
      vertex   -2.196593e+01 5.125882e+01 3.377778e+01
      vertex   -2.200000e+01 5.100000e+01 5.600000e+01
    endloop
  endfacet
  facet normal 9.914449e-01 -1.305262e-01 0.000000e+00
    outer loop
      vertex   -2.200000e+01 5.100000e+01 5.600000e+01
      vertex   -2.196593e+01 5.125882e+01 3.377778e+01
      vertex   -2.196593e+01 5.125882e+01 3.933333e+01
    endloop
  endfacet
  facet normal 9.914449e-01 -1.305262e-01 0.000000e+00
    outer loop
      vertex   -2.200000e+01 5.100000e+01 5.600000e+01
      vertex   -2.196593e+01 5.125882e+01 3.933333e+01
      vertex   -2.196593e+01 5.125882e+01 4.488889e+01
    endloop
  endfacet
  facet normal 9.238795e-01 -3.826834e-01 0.000000e+00
    outer loop
      vertex   -2.196593e+01 5.125882e+01 4.488889e+01
      vertex   -2.196593e+01 5.125882e+01 3.933333e+01
      vertex   -2.186603e+01 5.150000e+01 4.488889e+01
    endloop
  endfacet
  facet normal 9.238795e-01 -3.826834e-01 0.000000e+00
    outer loop
      vertex   -2.196593e+01 5.125882e+01 4.488889e+01
      vertex   -2.186603e+01 5.150000e+01 4.488889e+01
      vertex   -2.186603e+01 5.150000e+01 5.044444e+01
    endloop
  endfacet
  facet normal 7.933533e-01 -6.087614e-01 0.000000e+00
    outer loop
      vertex   -2.186603e+01 5.150000e+01 5.044444e+01
      vertex   -2.186603e+01 5.150000e+01 4.488889e+01
      vertex   -2.170711e+01 5.170711e+01 5.044444e+01
    endloop
  endfacet
  facet normal 9.238795e-01 -3.826834e-01 0.000000e+00
    outer loop
      vertex   -2.196593e+01 5.125882e+01 1.711111e+01
      vertex   -2.196593e+01 5.125882e+01 1.155556e+01
      vertex   -2.186603e+01 5.150000e+01 1.711111e+01
    endloop
  endfacet
  facet normal 9.238795e-01 -3.826834e-01 0.000000e+00
    outer loop
      vertex   -2.186603e+01 5.150000e+01 1.711111e+01
      vertex   -2.196593e+01 5.125882e+01 1.155556e+01
      vertex   -2.186603e+01 5.150000e+01 1.155556e+01
    endloop
  endfacet
  facet normal 7.933533e-01 -6.087614e-01 0.000000e+00
    outer loop
      vertex   -2.186603e+01 5.150000e+01 1.711111e+01
      vertex   -2.186603e+01 5.150000e+01 1.155556e+01
      vertex   -2.170711e+01 5.170711e+01 1.711111e+01
    endloop
  endfacet
  facet normal 7.933533e-01 -6.087614e-01 0.000000e+00
    outer loop
      vertex   -2.170711e+01 5.170711e+01 1.711111e+01
      vertex   -2.186603e+01 5.150000e+01 1.155556e+01
      vertex   -2.170711e+01 5.170711e+01 1.155556e+01
    endloop
  endfacet
  facet normal 6.087614e-01 -7.933533e-01 0.000000e+00
    outer loop
      vertex   -2.170711e+01 5.170711e+01 1.711111e+01
      vertex   -2.170711e+01 5.170711e+01 1.155556e+01
      vertex   -2.150000e+01 5.186603e+01 1.711111e+01
    endloop
  endfacet
  facet normal 9.914449e-01 -1.305262e-01 0.000000e+00
    outer loop
      vertex   -2.196593e+01 5.125882e+01 3.377778e+01
      vertex   -2.200000e+01 5.100000e+01 6.000000e+00
      vertex   -2.196593e+01 5.125882e+01 2.822222e+01
    endloop
  endfacet
  facet normal 9.914449e-01 -1.305262e-01 0.000000e+00
    outer loop
      vertex   -2.196593e+01 5.125882e+01 2.822222e+01
      vertex   -2.200000e+01 5.100000e+01 6.000000e+00
      vertex   -2.196593e+01 5.125882e+01 2.266667e+01
    endloop
  endfacet
  facet normal 9.238795e-01 -3.826834e-01 0.000000e+00
    outer loop
      vertex   -2.196593e+01 5.125882e+01 2.822222e+01
      vertex   -2.196593e+01 5.125882e+01 2.266667e+01
      vertex   -2.186603e+01 5.150000e+01 2.822222e+01
    endloop
  endfacet
  facet normal 9.238795e-01 -3.826834e-01 0.000000e+00
    outer loop
      vertex   -2.196593e+01 5.125882e+01 3.377778e+01
      vertex   -2.196593e+01 5.125882e+01 2.822222e+01
      vertex   -2.186603e+01 5.150000e+01 3.377778e+01
    endloop
  endfacet
  facet normal 9.238795e-01 -3.826834e-01 0.000000e+00
    outer loop
      vertex   -2.186603e+01 5.150000e+01 3.377778e+01
      vertex   -2.196593e+01 5.125882e+01 2.822222e+01
      vertex   -2.186603e+01 5.150000e+01 2.822222e+01
    endloop
  endfacet
  facet normal 7.933533e-01 -6.087614e-01 0.000000e+00
    outer loop
      vertex   -2.186603e+01 5.150000e+01 3.377778e+01
      vertex   -2.186603e+01 5.150000e+01 2.822222e+01
      vertex   -2.170711e+01 5.170711e+01 3.377778e+01
    endloop
  endfacet
  facet normal 9.914449e-01 -1.305262e-01 0.000000e+00
    outer loop
      vertex   -2.196593e+01 5.125882e+01 5.044444e+01
      vertex   -2.200000e+01 5.100000e+01 5.600000e+01
      vertex   -2.196593e+01 5.125882e+01 4.488889e+01
    endloop
  endfacet
  facet normal 9.238795e-01 -3.826834e-01 0.000000e+00
    outer loop
      vertex   -2.196593e+01 5.125882e+01 3.933333e+01
      vertex   -2.196593e+01 5.125882e+01 3.377778e+01
      vertex   -2.186603e+01 5.150000e+01 3.933333e+01
    endloop
  endfacet
  facet normal 9.238795e-01 -3.826834e-01 0.000000e+00
    outer loop
      vertex   -2.186603e+01 5.150000e+01 3.933333e+01
      vertex   -2.196593e+01 5.125882e+01 3.377778e+01
      vertex   -2.186603e+01 5.150000e+01 3.377778e+01
    endloop
  endfacet
  facet normal 7.933533e-01 -6.087614e-01 0.000000e+00
    outer loop
      vertex   -2.186603e+01 5.150000e+01 3.933333e+01
      vertex   -2.186603e+01 5.150000e+01 3.377778e+01
      vertex   -2.170711e+01 5.170711e+01 3.933333e+01
    endloop
  endfacet
  facet normal 7.933533e-01 -6.087614e-01 0.000000e+00
    outer loop
      vertex   -2.170711e+01 5.170711e+01 3.933333e+01
      vertex   -2.186603e+01 5.150000e+01 3.377778e+01
      vertex   -2.170711e+01 5.170711e+01 3.377778e+01
    endloop
  endfacet
  facet normal 6.087614e-01 -7.933533e-01 0.000000e+00
    outer loop
      vertex   -2.170711e+01 5.170711e+01 3.933333e+01
      vertex   -2.170711e+01 5.170711e+01 3.377778e+01
      vertex   -2.150000e+01 5.186603e+01 3.933333e+01
    endloop
  endfacet
  facet normal 9.238795e-01 -3.826834e-01 0.000000e+00
    outer loop
      vertex   -2.186603e+01 5.150000e+01 5.044444e+01
      vertex   -2.196593e+01 5.125882e+01 5.044444e+01
      vertex   -2.196593e+01 5.125882e+01 4.488889e+01
    endloop
  endfacet
  facet normal 9.238795e-01 -3.826834e-01 0.000000e+00
    outer loop
      vertex   -2.196593e+01 5.125882e+01 1.711111e+01
      vertex   -2.186603e+01 5.150000e+01 1.711111e+01
      vertex   -2.186603e+01 5.150000e+01 2.266667e+01
    endloop
  endfacet
  facet normal 7.933533e-01 -6.087614e-01 0.000000e+00
    outer loop
      vertex   -2.186603e+01 5.150000e+01 2.266667e+01
      vertex   -2.186603e+01 5.150000e+01 1.711111e+01
      vertex   -2.170711e+01 5.170711e+01 2.266667e+01
    endloop
  endfacet
  facet normal 7.933533e-01 -6.087614e-01 0.000000e+00
    outer loop
      vertex   -2.186603e+01 5.150000e+01 2.266667e+01
      vertex   -2.170711e+01 5.170711e+01 2.266667e+01
      vertex   -2.170711e+01 5.170711e+01 2.822222e+01
    endloop
  endfacet
  facet normal 6.087614e-01 -7.933533e-01 0.000000e+00
    outer loop
      vertex   -2.170711e+01 5.170711e+01 2.822222e+01
      vertex   -2.170711e+01 5.170711e+01 2.266667e+01
      vertex   -2.150000e+01 5.186603e+01 2.822222e+01
    endloop
  endfacet
  facet normal 6.087614e-01 -7.933533e-01 0.000000e+00
    outer loop
      vertex   -2.170711e+01 5.170711e+01 2.822222e+01
      vertex   -2.150000e+01 5.186603e+01 2.822222e+01
      vertex   -2.150000e+01 5.186603e+01 3.377778e+01
    endloop
  endfacet
  facet normal 3.826834e-01 -9.238795e-01 0.000000e+00
    outer loop
      vertex   -2.150000e+01 5.186603e+01 3.377778e+01
      vertex   -2.150000e+01 5.186603e+01 2.822222e+01
      vertex   -2.125882e+01 5.196593e+01 3.377778e+01
    endloop
  endfacet
  facet normal 3.826834e-01 -9.238795e-01 0.000000e+00
    outer loop
      vertex   -2.150000e+01 5.186603e+01 3.377778e+01
      vertex   -2.125882e+01 5.196593e+01 3.377778e+01
      vertex   -2.125882e+01 5.196593e+01 3.933333e+01
    endloop
  endfacet
  facet normal 1.305262e-01 -9.914449e-01 0.000000e+00
    outer loop
      vertex   -2.125882e+01 5.196593e+01 3.933333e+01
      vertex   -2.125882e+01 5.196593e+01 3.377778e+01
      vertex   -2.100000e+01 5.200000e+01 5.600000e+01
    endloop
  endfacet
  facet normal 7.933533e-01 -6.087614e-01 0.000000e+00
    outer loop
      vertex   -2.170711e+01 5.170711e+01 2.266667e+01
      vertex   -2.186603e+01 5.150000e+01 1.711111e+01
      vertex   -2.170711e+01 5.170711e+01 1.711111e+01
    endloop
  endfacet
  facet normal 9.238795e-01 -3.826834e-01 0.000000e+00
    outer loop
      vertex   -2.196593e+01 5.125882e+01 3.933333e+01
      vertex   -2.186603e+01 5.150000e+01 3.933333e+01
      vertex   -2.186603e+01 5.150000e+01 4.488889e+01
    endloop
  endfacet
  facet normal 7.933533e-01 -6.087614e-01 0.000000e+00
    outer loop
      vertex   -2.186603e+01 5.150000e+01 4.488889e+01
      vertex   -2.186603e+01 5.150000e+01 3.933333e+01
      vertex   -2.170711e+01 5.170711e+01 4.488889e+01
    endloop
  endfacet
  facet normal 7.933533e-01 -6.087614e-01 0.000000e+00
    outer loop
      vertex   -2.186603e+01 5.150000e+01 4.488889e+01
      vertex   -2.170711e+01 5.170711e+01 4.488889e+01
      vertex   -2.170711e+01 5.170711e+01 5.044444e+01
    endloop
  endfacet
  facet normal 6.087614e-01 -7.933533e-01 0.000000e+00
    outer loop
      vertex   -2.170711e+01 5.170711e+01 5.044444e+01
      vertex   -2.170711e+01 5.170711e+01 4.488889e+01
      vertex   -2.150000e+01 5.186603e+01 5.044444e+01
    endloop
  endfacet
  facet normal 7.933533e-01 -6.087614e-01 0.000000e+00
    outer loop
      vertex   -2.170711e+01 5.170711e+01 4.488889e+01
      vertex   -2.186603e+01 5.150000e+01 3.933333e+01
      vertex   -2.170711e+01 5.170711e+01 3.933333e+01
    endloop
  endfacet
  facet normal 6.087614e-01 -7.933533e-01 0.000000e+00
    outer loop
      vertex   -2.170711e+01 5.170711e+01 2.266667e+01
      vertex   -2.170711e+01 5.170711e+01 1.711111e+01
      vertex   -2.150000e+01 5.186603e+01 2.266667e+01
    endloop
  endfacet
  facet normal 6.087614e-01 -7.933533e-01 0.000000e+00
    outer loop
      vertex   -2.150000e+01 5.186603e+01 2.266667e+01
      vertex   -2.170711e+01 5.170711e+01 1.711111e+01
      vertex   -2.150000e+01 5.186603e+01 1.711111e+01
    endloop
  endfacet
  facet normal 3.826834e-01 -9.238795e-01 0.000000e+00
    outer loop
      vertex   -2.150000e+01 5.186603e+01 2.266667e+01
      vertex   -2.150000e+01 5.186603e+01 1.711111e+01
      vertex   -2.125882e+01 5.196593e+01 2.266667e+01
    endloop
  endfacet
  facet normal 6.087614e-01 -7.933533e-01 0.000000e+00
    outer loop
      vertex   -2.170711e+01 5.170711e+01 4.488889e+01
      vertex   -2.170711e+01 5.170711e+01 3.933333e+01
      vertex   -2.150000e+01 5.186603e+01 4.488889e+01
    endloop
  endfacet
  facet normal 6.087614e-01 -7.933533e-01 0.000000e+00
    outer loop
      vertex   -2.150000e+01 5.186603e+01 4.488889e+01
      vertex   -2.170711e+01 5.170711e+01 3.933333e+01
      vertex   -2.150000e+01 5.186603e+01 3.933333e+01
    endloop
  endfacet
  facet normal 3.826834e-01 -9.238795e-01 0.000000e+00
    outer loop
      vertex   -2.150000e+01 5.186603e+01 4.488889e+01
      vertex   -2.150000e+01 5.186603e+01 3.933333e+01
      vertex   -2.125882e+01 5.196593e+01 4.488889e+01
    endloop
  endfacet
  facet normal 3.826834e-01 -9.238795e-01 0.000000e+00
    outer loop
      vertex   -2.125882e+01 5.196593e+01 1.711111e+01
      vertex   -2.150000e+01 5.186603e+01 1.155556e+01
      vertex   -2.125882e+01 5.196593e+01 1.155556e+01
    endloop
  endfacet
  facet normal 6.087614e-01 -7.933533e-01 0.000000e+00
    outer loop
      vertex   -2.170711e+01 5.170711e+01 2.266667e+01
      vertex   -2.150000e+01 5.186603e+01 2.266667e+01
      vertex   -2.150000e+01 5.186603e+01 2.822222e+01
    endloop
  endfacet
  facet normal 3.826834e-01 -9.238795e-01 0.000000e+00
    outer loop
      vertex   -2.150000e+01 5.186603e+01 2.822222e+01
      vertex   -2.150000e+01 5.186603e+01 2.266667e+01
      vertex   -2.125882e+01 5.196593e+01 2.822222e+01
    endloop
  endfacet
  facet normal 3.826834e-01 -9.238795e-01 0.000000e+00
    outer loop
      vertex   -2.150000e+01 5.186603e+01 2.822222e+01
      vertex   -2.125882e+01 5.196593e+01 2.822222e+01
      vertex   -2.125882e+01 5.196593e+01 3.377778e+01
    endloop
  endfacet
  facet normal 1.305262e-01 -9.914449e-01 0.000000e+00
    outer loop
      vertex   -2.125882e+01 5.196593e+01 3.377778e+01
      vertex   -2.125882e+01 5.196593e+01 2.822222e+01
      vertex   -2.100000e+01 5.200000e+01 5.600000e+01
    endloop
  endfacet
  facet normal 3.826834e-01 -9.238795e-01 0.000000e+00
    outer loop
      vertex   -2.125882e+01 5.196593e+01 2.822222e+01
      vertex   -2.150000e+01 5.186603e+01 2.266667e+01
      vertex   -2.125882e+01 5.196593e+01 2.266667e+01
    endloop
  endfacet
  facet normal 3.826834e-01 -9.238795e-01 0.000000e+00
    outer loop
      vertex   -2.125882e+01 5.196593e+01 5.044444e+01
      vertex   -2.150000e+01 5.186603e+01 5.044444e+01
      vertex   -2.150000e+01 5.186603e+01 4.488889e+01
    endloop
  endfacet
  facet normal 6.087614e-01 -7.933533e-01 0.000000e+00
    outer loop
      vertex   -2.150000e+01 5.186603e+01 4.488889e+01
      vertex   -2.150000e+01 5.186603e+01 5.044444e+01
      vertex   -2.170711e+01 5.170711e+01 4.488889e+01
    endloop
  endfacet
  facet normal 3.826834e-01 -9.238795e-01 0.000000e+00
    outer loop
      vertex   -2.125882e+01 5.196593e+01 5.044444e+01
      vertex   -2.150000e+01 5.186603e+01 4.488889e+01
      vertex   -2.125882e+01 5.196593e+01 4.488889e+01
    endloop
  endfacet
  facet normal 1.305262e-01 -9.914449e-01 0.000000e+00
    outer loop
      vertex   -2.100000e+01 5.200000e+01 6.000000e+00
      vertex   -2.125882e+01 5.196593e+01 1.711111e+01
      vertex   -2.125882e+01 5.196593e+01 1.155556e+01
    endloop
  endfacet
  facet normal 0.000000e+00 -1.000000e+00 -1.421085e-16
    outer loop
      vertex   -2.100000e+01 5.200000e+01 6.000000e+00
      vertex   1.000000e+00 5.200000e+01 6.000000e+00
      vertex   -2.100000e+01 5.200000e+01 5.600000e+01
    endloop
  endfacet
  facet normal 0.000000e+00 -1.000000e+00 -1.421085e-16
    outer loop
      vertex   -2.100000e+01 5.200000e+01 5.600000e+01
      vertex   1.000000e+00 5.200000e+01 6.000000e+00
      vertex   1.000000e+00 5.200000e+01 5.600000e+01
    endloop
  endfacet
  facet normal -1.305262e-01 -9.914449e-01 1.299336e-15
    outer loop
      vertex   1.258819e+00 5.196593e+01 6.000000e+00
      vertex   1.258819e+00 5.196593e+01 1.155556e+01
      vertex   1.000000e+00 5.200000e+01 6.000000e+00
    endloop
  endfacet
  facet normal -1.305262e-01 -9.914449e-01 0.000000e+00
    outer loop
      vertex   1.000000e+00 5.200000e+01 6.000000e+00
      vertex   1.258819e+00 5.196593e+01 1.155556e+01
      vertex   1.258819e+00 5.196593e+01 1.711111e+01
    endloop
  endfacet
  facet normal -1.305262e-01 -9.914449e-01 0.000000e+00
    outer loop
      vertex   1.000000e+00 5.200000e+01 6.000000e+00
      vertex   1.258819e+00 5.196593e+01 1.711111e+01
      vertex   1.258819e+00 5.196593e+01 2.266667e+01
    endloop
  endfacet
  facet normal -3.826834e-01 -9.238795e-01 -0.000000e+00
    outer loop
      vertex   1.258819e+00 5.196593e+01 2.266667e+01
      vertex   1.258819e+00 5.196593e+01 1.711111e+01
      vertex   1.500000e+00 5.186603e+01 2.266667e+01
    endloop
  endfacet
  facet normal -3.826834e-01 -9.238795e-01 0.000000e+00
    outer loop
      vertex   1.258819e+00 5.196593e+01 2.266667e+01
      vertex   1.500000e+00 5.186603e+01 2.266667e+01
      vertex   1.500000e+00 5.186603e+01 2.822222e+01
    endloop
  endfacet
  facet normal -6.087614e-01 -7.933533e-01 -0.000000e+00
    outer loop
      vertex   1.500000e+00 5.186603e+01 2.822222e+01
      vertex   1.500000e+00 5.186603e+01 2.266667e+01
      vertex   1.707107e+00 5.170711e+01 2.822222e+01
    endloop
  endfacet
  facet normal -6.087614e-01 -7.933533e-01 0.000000e+00
    outer loop
      vertex   1.500000e+00 5.186603e+01 2.822222e+01
      vertex   1.707107e+00 5.170711e+01 2.822222e+01
      vertex   1.707107e+00 5.170711e+01 3.377778e+01
    endloop
  endfacet
  facet normal -7.933533e-01 -6.087614e-01 -0.000000e+00
    outer loop
      vertex   1.707107e+00 5.170711e+01 3.377778e+01
      vertex   1.707107e+00 5.170711e+01 2.822222e+01
      vertex   1.866025e+00 5.150000e+01 3.377778e+01
    endloop
  endfacet
  facet normal -7.933533e-01 -6.087614e-01 0.000000e+00
    outer loop
      vertex   1.707107e+00 5.170711e+01 3.377778e+01
      vertex   1.866025e+00 5.150000e+01 3.377778e+01
      vertex   1.866025e+00 5.150000e+01 3.933333e+01
    endloop
  endfacet
  facet normal -9.238795e-01 -3.826834e-01 -0.000000e+00
    outer loop
      vertex   1.866025e+00 5.150000e+01 3.933333e+01
      vertex   1.866025e+00 5.150000e+01 3.377778e+01
      vertex   1.965926e+00 5.125882e+01 3.933333e+01
    endloop
  endfacet
  facet normal -9.238795e-01 -3.826834e-01 0.000000e+00
    outer loop
      vertex   1.866025e+00 5.150000e+01 3.933333e+01
      vertex   1.965926e+00 5.125882e+01 3.933333e+01
      vertex   1.965926e+00 5.125882e+01 4.488889e+01
    endloop
  endfacet
  facet normal -9.914449e-01 -1.305262e-01 -0.000000e+00
    outer loop
      vertex   1.965926e+00 5.125882e+01 4.488889e+01
      vertex   1.965926e+00 5.125882e+01 3.933333e+01
      vertex   2.000000e+00 5.100000e+01 5.600000e+01
    endloop
  endfacet
  facet normal -9.914449e-01 -1.305262e-01 0.000000e+00
    outer loop
      vertex   1.965926e+00 5.125882e+01 4.488889e+01
      vertex   2.000000e+00 5.100000e+01 5.600000e+01
      vertex   1.965926e+00 5.125882e+01 5.044444e+01
    endloop
  endfacet
  facet normal -9.914449e-01 -1.305262e-01 -2.377566e-16
    outer loop
      vertex   1.965926e+00 5.125882e+01 5.044444e+01
      vertex   2.000000e+00 5.100000e+01 5.600000e+01
      vertex   1.965926e+00 5.125882e+01 5.600000e+01
    endloop
  endfacet
  facet normal -9.238795e-01 -3.826834e-01 -2.215539e-16
    outer loop
      vertex   1.965926e+00 5.125882e+01 5.044444e+01
      vertex   1.965926e+00 5.125882e+01 5.600000e+01
      vertex   1.866025e+00 5.150000e+01 5.044444e+01
    endloop
  endfacet
  facet normal -9.238795e-01 -3.826834e-01 -1.477026e-16
    outer loop
      vertex   1.866025e+00 5.150000e+01 5.044444e+01
      vertex   1.965926e+00 5.125882e+01 5.600000e+01
      vertex   1.866025e+00 5.150000e+01 5.600000e+01
    endloop
  endfacet
  facet normal -7.933533e-01 -6.087614e-01 -1.268351e-16
    outer loop
      vertex   1.866025e+00 5.150000e+01 5.044444e+01
      vertex   1.866025e+00 5.150000e+01 5.600000e+01
      vertex   1.707107e+00 5.170711e+01 5.044444e+01
    endloop
  endfacet
  facet normal -7.933533e-01 -6.087614e-01 -6.341754e-17
    outer loop
      vertex   1.707107e+00 5.170711e+01 5.044444e+01
      vertex   1.866025e+00 5.150000e+01 5.600000e+01
      vertex   1.707107e+00 5.170711e+01 5.600000e+01
    endloop
  endfacet
  facet normal -6.087614e-01 -7.933533e-01 -4.866199e-17
    outer loop
      vertex   1.707107e+00 5.170711e+01 5.044444e+01
      vertex   1.707107e+00 5.170711e+01 5.600000e+01
      vertex   1.500000e+00 5.186603e+01 5.044444e+01
    endloop
  endfacet
  facet normal -6.087614e-01 -7.933533e-01 1.946480e-16
    outer loop
      vertex   1.500000e+00 5.186603e+01 5.044444e+01
      vertex   1.707107e+00 5.170711e+01 5.600000e+01
      vertex   1.500000e+00 5.186603e+01 5.600000e+01
    endloop
  endfacet
  facet normal -3.826834e-01 -9.238795e-01 1.223608e-16
    outer loop
      vertex   1.500000e+00 5.186603e+01 5.044444e+01
      vertex   1.500000e+00 5.186603e+01 5.600000e+01
      vertex   1.258819e+00 5.196593e+01 5.044444e+01
    endloop
  endfacet
  facet normal -3.826834e-01 -9.238795e-01 -1.273391e-15
    outer loop
      vertex   1.258819e+00 5.196593e+01 5.044444e+01
      vertex   1.500000e+00 5.186603e+01 5.600000e+01
      vertex   1.258819e+00 5.196593e+01 5.600000e+01
    endloop
  endfacet
  facet normal -1.305262e-01 -9.914449e-01 -1.299336e-15
    outer loop
      vertex   1.258819e+00 5.196593e+01 5.044444e+01
      vertex   1.258819e+00 5.196593e+01 5.600000e+01
      vertex   1.000000e+00 5.200000e+01 5.600000e+01
    endloop
  endfacet
  facet normal -3.826834e-01 -9.238795e-01 1.273391e-15
    outer loop
      vertex   1.258819e+00 5.196593e+01 1.155556e+01
      vertex   1.258819e+00 5.196593e+01 6.000000e+00
      vertex   1.500000e+00 5.186603e+01 1.155556e+01
    endloop
  endfacet
  facet normal -3.826834e-01 -9.238795e-01 -1.223608e-16
    outer loop
      vertex   1.500000e+00 5.186603e+01 1.155556e+01
      vertex   1.258819e+00 5.196593e+01 6.000000e+00
      vertex   1.500000e+00 5.186603e+01 6.000000e+00
    endloop
  endfacet
  facet normal -6.087614e-01 -7.933533e-01 -1.946480e-16
    outer loop
      vertex   1.500000e+00 5.186603e+01 1.155556e+01
      vertex   1.500000e+00 5.186603e+01 6.000000e+00
      vertex   1.707107e+00 5.170711e+01 1.155556e+01
    endloop
  endfacet
  facet normal -6.087614e-01 -7.933533e-01 4.866199e-17
    outer loop
      vertex   1.707107e+00 5.170711e+01 1.155556e+01
      vertex   1.500000e+00 5.186603e+01 6.000000e+00
      vertex   1.707107e+00 5.170711e+01 6.000000e+00
    endloop
  endfacet
  facet normal -7.933533e-01 -6.087614e-01 6.341754e-17
    outer loop
      vertex   1.707107e+00 5.170711e+01 1.155556e+01
      vertex   1.707107e+00 5.170711e+01 6.000000e+00
      vertex   1.866025e+00 5.150000e+01 1.155556e+01
    endloop
  endfacet
  facet normal -7.933533e-01 -6.087614e-01 1.268351e-16
    outer loop
      vertex   1.866025e+00 5.150000e+01 1.155556e+01
      vertex   1.707107e+00 5.170711e+01 6.000000e+00
      vertex   1.866025e+00 5.150000e+01 6.000000e+00
    endloop
  endfacet
  facet normal -9.238795e-01 -3.826834e-01 1.477026e-16
    outer loop
      vertex   1.866025e+00 5.150000e+01 1.155556e+01
      vertex   1.866025e+00 5.150000e+01 6.000000e+00
      vertex   1.965926e+00 5.125882e+01 1.155556e+01
    endloop
  endfacet
  facet normal -9.238795e-01 -3.826834e-01 2.215539e-16
    outer loop
      vertex   1.965926e+00 5.125882e+01 1.155556e+01
      vertex   1.866025e+00 5.150000e+01 6.000000e+00
      vertex   1.965926e+00 5.125882e+01 6.000000e+00
    endloop
  endfacet
  facet normal -9.914449e-01 -1.305262e-01 2.377566e-16
    outer loop
      vertex   1.965926e+00 5.125882e+01 1.155556e+01
      vertex   1.965926e+00 5.125882e+01 6.000000e+00
      vertex   2.000000e+00 5.100000e+01 6.000000e+00
    endloop
  endfacet
  facet normal -9.914449e-01 -1.305262e-01 -0.000000e+00
    outer loop
      vertex   2.000000e+00 5.100000e+01 5.600000e+01
      vertex   1.965926e+00 5.125882e+01 2.822222e+01
      vertex   2.000000e+00 5.100000e+01 6.000000e+00
    endloop
  endfacet
  facet normal -9.914449e-01 -1.305262e-01 0.000000e+00
    outer loop
      vertex   2.000000e+00 5.100000e+01 6.000000e+00
      vertex   1.965926e+00 5.125882e+01 2.822222e+01
      vertex   1.965926e+00 5.125882e+01 2.266667e+01
    endloop
  endfacet
  facet normal -9.914449e-01 -1.305262e-01 0.000000e+00
    outer loop
      vertex   2.000000e+00 5.100000e+01 6.000000e+00
      vertex   1.965926e+00 5.125882e+01 2.266667e+01
      vertex   1.965926e+00 5.125882e+01 1.711111e+01
    endloop
  endfacet
  facet normal -9.238795e-01 -3.826834e-01 0.000000e+00
    outer loop
      vertex   1.965926e+00 5.125882e+01 1.711111e+01
      vertex   1.965926e+00 5.125882e+01 2.266667e+01
      vertex   1.866025e+00 5.150000e+01 1.711111e+01
    endloop
  endfacet
  facet normal -9.238795e-01 -3.826834e-01 0.000000e+00
    outer loop
      vertex   1.965926e+00 5.125882e+01 1.711111e+01
      vertex   1.866025e+00 5.150000e+01 1.711111e+01
      vertex   1.866025e+00 5.150000e+01 1.155556e+01
    endloop
  endfacet
  facet normal -7.933533e-01 -6.087614e-01 0.000000e+00
    outer loop
      vertex   1.866025e+00 5.150000e+01 1.155556e+01
      vertex   1.866025e+00 5.150000e+01 1.711111e+01
      vertex   1.707107e+00 5.170711e+01 1.155556e+01
    endloop
  endfacet
  facet normal -1.305262e-01 -9.914449e-01 -1.408928e-16
    outer loop
      vertex   1.000000e+00 5.200000e+01 6.000000e+00
      vertex   1.258819e+00 5.196593e+01 3.377778e+01
      vertex   1.000000e+00 5.200000e+01 5.600000e+01
    endloop
  endfacet
  facet normal -1.305262e-01 -9.914449e-01 0.000000e+00
    outer loop
      vertex   1.000000e+00 5.200000e+01 5.600000e+01
      vertex   1.258819e+00 5.196593e+01 3.377778e+01
      vertex   1.258819e+00 5.196593e+01 3.933333e+01
    endloop
  endfacet
  facet normal -1.305262e-01 -9.914449e-01 0.000000e+00
    outer loop
      vertex   1.000000e+00 5.200000e+01 5.600000e+01
      vertex   1.258819e+00 5.196593e+01 3.933333e+01
      vertex   1.258819e+00 5.196593e+01 4.488889e+01
    endloop
  endfacet
  facet normal -3.826834e-01 -9.238795e-01 -0.000000e+00
    outer loop
      vertex   1.258819e+00 5.196593e+01 4.488889e+01
      vertex   1.258819e+00 5.196593e+01 3.933333e+01
      vertex   1.500000e+00 5.186603e+01 4.488889e+01
    endloop
  endfacet
  facet normal -3.826834e-01 -9.238795e-01 0.000000e+00
    outer loop
      vertex   1.258819e+00 5.196593e+01 4.488889e+01
      vertex   1.500000e+00 5.186603e+01 4.488889e+01
      vertex   1.500000e+00 5.186603e+01 5.044444e+01
    endloop
  endfacet
  facet normal -6.087614e-01 -7.933533e-01 -0.000000e+00
    outer loop
      vertex   1.500000e+00 5.186603e+01 5.044444e+01
      vertex   1.500000e+00 5.186603e+01 4.488889e+01
      vertex   1.707107e+00 5.170711e+01 5.044444e+01
    endloop
  endfacet
  facet normal -3.826834e-01 -9.238795e-01 -0.000000e+00
    outer loop
      vertex   1.258819e+00 5.196593e+01 1.711111e+01
      vertex   1.258819e+00 5.196593e+01 1.155556e+01
      vertex   1.500000e+00 5.186603e+01 1.711111e+01
    endloop
  endfacet
  facet normal -3.826834e-01 -9.238795e-01 -0.000000e+00
    outer loop
      vertex   1.500000e+00 5.186603e+01 1.711111e+01
      vertex   1.258819e+00 5.196593e+01 1.155556e+01
      vertex   1.500000e+00 5.186603e+01 1.155556e+01
    endloop
  endfacet
  facet normal -6.087614e-01 -7.933533e-01 -0.000000e+00
    outer loop
      vertex   1.500000e+00 5.186603e+01 1.711111e+01
      vertex   1.500000e+00 5.186603e+01 1.155556e+01
      vertex   1.707107e+00 5.170711e+01 1.711111e+01
    endloop
  endfacet
  facet normal -6.087614e-01 -7.933533e-01 -0.000000e+00
    outer loop
      vertex   1.707107e+00 5.170711e+01 1.711111e+01
      vertex   1.500000e+00 5.186603e+01 1.155556e+01
      vertex   1.707107e+00 5.170711e+01 1.155556e+01
    endloop
  endfacet
  facet normal -7.933533e-01 -6.087614e-01 -0.000000e+00
    outer loop
      vertex   1.707107e+00 5.170711e+01 1.711111e+01
      vertex   1.707107e+00 5.170711e+01 1.155556e+01
      vertex   1.866025e+00 5.150000e+01 1.711111e+01
    endloop
  endfacet
  facet normal -1.305262e-01 -9.914449e-01 -0.000000e+00
    outer loop
      vertex   1.258819e+00 5.196593e+01 3.377778e+01
      vertex   1.000000e+00 5.200000e+01 6.000000e+00
      vertex   1.258819e+00 5.196593e+01 2.822222e+01
    endloop
  endfacet
  facet normal -1.305262e-01 -9.914449e-01 -0.000000e+00
    outer loop
      vertex   1.258819e+00 5.196593e+01 2.822222e+01
      vertex   1.000000e+00 5.200000e+01 6.000000e+00
      vertex   1.258819e+00 5.196593e+01 2.266667e+01
    endloop
  endfacet
  facet normal -3.826834e-01 -9.238795e-01 -0.000000e+00
    outer loop
      vertex   1.258819e+00 5.196593e+01 2.822222e+01
      vertex   1.258819e+00 5.196593e+01 2.266667e+01
      vertex   1.500000e+00 5.186603e+01 2.822222e+01
    endloop
  endfacet
  facet normal -3.826834e-01 -9.238795e-01 -0.000000e+00
    outer loop
      vertex   1.258819e+00 5.196593e+01 3.377778e+01
      vertex   1.258819e+00 5.196593e+01 2.822222e+01
      vertex   1.500000e+00 5.186603e+01 3.377778e+01
    endloop
  endfacet
  facet normal -3.826834e-01 -9.238795e-01 -0.000000e+00
    outer loop
      vertex   1.500000e+00 5.186603e+01 3.377778e+01
      vertex   1.258819e+00 5.196593e+01 2.822222e+01
      vertex   1.500000e+00 5.186603e+01 2.822222e+01
    endloop
  endfacet
  facet normal -6.087614e-01 -7.933533e-01 -0.000000e+00
    outer loop
      vertex   1.500000e+00 5.186603e+01 3.377778e+01
      vertex   1.500000e+00 5.186603e+01 2.822222e+01
      vertex   1.707107e+00 5.170711e+01 3.377778e+01
    endloop
  endfacet
  facet normal -1.305262e-01 -9.914449e-01 -0.000000e+00
    outer loop
      vertex   1.258819e+00 5.196593e+01 5.044444e+01
      vertex   1.000000e+00 5.200000e+01 5.600000e+01
      vertex   1.258819e+00 5.196593e+01 4.488889e+01
    endloop
  endfacet
  facet normal -3.826834e-01 -9.238795e-01 -0.000000e+00
    outer loop
      vertex   1.258819e+00 5.196593e+01 3.933333e+01
      vertex   1.258819e+00 5.196593e+01 3.377778e+01
      vertex   1.500000e+00 5.186603e+01 3.933333e+01
    endloop
  endfacet
  facet normal -3.826834e-01 -9.238795e-01 -0.000000e+00
    outer loop
      vertex   1.500000e+00 5.186603e+01 3.933333e+01
      vertex   1.258819e+00 5.196593e+01 3.377778e+01
      vertex   1.500000e+00 5.186603e+01 3.377778e+01
    endloop
  endfacet
  facet normal -6.087614e-01 -7.933533e-01 -0.000000e+00
    outer loop
      vertex   1.500000e+00 5.186603e+01 3.933333e+01
      vertex   1.500000e+00 5.186603e+01 3.377778e+01
      vertex   1.707107e+00 5.170711e+01 3.933333e+01
    endloop
  endfacet
  facet normal -6.087614e-01 -7.933533e-01 -0.000000e+00
    outer loop
      vertex   1.707107e+00 5.170711e+01 3.933333e+01
      vertex   1.500000e+00 5.186603e+01 3.377778e+01
      vertex   1.707107e+00 5.170711e+01 3.377778e+01
    endloop
  endfacet
  facet normal -7.933533e-01 -6.087614e-01 -0.000000e+00
    outer loop
      vertex   1.707107e+00 5.170711e+01 3.933333e+01
      vertex   1.707107e+00 5.170711e+01 3.377778e+01
      vertex   1.866025e+00 5.150000e+01 3.933333e+01
    endloop
  endfacet
  facet normal -3.826834e-01 -9.238795e-01 0.000000e+00
    outer loop
      vertex   1.500000e+00 5.186603e+01 5.044444e+01
      vertex   1.258819e+00 5.196593e+01 5.044444e+01
      vertex   1.258819e+00 5.196593e+01 4.488889e+01
    endloop
  endfacet
  facet normal -3.826834e-01 -9.238795e-01 0.000000e+00
    outer loop
      vertex   1.258819e+00 5.196593e+01 1.711111e+01
      vertex   1.500000e+00 5.186603e+01 1.711111e+01
      vertex   1.500000e+00 5.186603e+01 2.266667e+01
    endloop
  endfacet
  facet normal -6.087614e-01 -7.933533e-01 -0.000000e+00
    outer loop
      vertex   1.500000e+00 5.186603e+01 2.266667e+01
      vertex   1.500000e+00 5.186603e+01 1.711111e+01
      vertex   1.707107e+00 5.170711e+01 2.266667e+01
    endloop
  endfacet
  facet normal -6.087614e-01 -7.933533e-01 0.000000e+00
    outer loop
      vertex   1.500000e+00 5.186603e+01 2.266667e+01
      vertex   1.707107e+00 5.170711e+01 2.266667e+01
      vertex   1.707107e+00 5.170711e+01 2.822222e+01
    endloop
  endfacet
  facet normal -7.933533e-01 -6.087614e-01 -0.000000e+00
    outer loop
      vertex   1.707107e+00 5.170711e+01 2.822222e+01
      vertex   1.707107e+00 5.170711e+01 2.266667e+01
      vertex   1.866025e+00 5.150000e+01 2.822222e+01
    endloop
  endfacet
  facet normal -7.933533e-01 -6.087614e-01 0.000000e+00
    outer loop
      vertex   1.707107e+00 5.170711e+01 2.822222e+01
      vertex   1.866025e+00 5.150000e+01 2.822222e+01
      vertex   1.866025e+00 5.150000e+01 3.377778e+01
    endloop
  endfacet
  facet normal -9.238795e-01 -3.826834e-01 -0.000000e+00
    outer loop
      vertex   1.866025e+00 5.150000e+01 3.377778e+01
      vertex   1.866025e+00 5.150000e+01 2.822222e+01
      vertex   1.965926e+00 5.125882e+01 3.377778e+01
    endloop
  endfacet
  facet normal -9.238795e-01 -3.826834e-01 0.000000e+00
    outer loop
      vertex   1.866025e+00 5.150000e+01 3.377778e+01
      vertex   1.965926e+00 5.125882e+01 3.377778e+01
      vertex   1.965926e+00 5.125882e+01 3.933333e+01
    endloop
  endfacet
  facet normal -9.914449e-01 -1.305262e-01 -0.000000e+00
    outer loop
      vertex   1.965926e+00 5.125882e+01 3.933333e+01
      vertex   1.965926e+00 5.125882e+01 3.377778e+01
      vertex   2.000000e+00 5.100000e+01 5.600000e+01
    endloop
  endfacet
  facet normal -6.087614e-01 -7.933533e-01 -0.000000e+00
    outer loop
      vertex   1.707107e+00 5.170711e+01 2.266667e+01
      vertex   1.500000e+00 5.186603e+01 1.711111e+01
      vertex   1.707107e+00 5.170711e+01 1.711111e+01
    endloop
  endfacet
  facet normal -3.826834e-01 -9.238795e-01 0.000000e+00
    outer loop
      vertex   1.258819e+00 5.196593e+01 3.933333e+01
      vertex   1.500000e+00 5.186603e+01 3.933333e+01
      vertex   1.500000e+00 5.186603e+01 4.488889e+01
    endloop
  endfacet
  facet normal -6.087614e-01 -7.933533e-01 -0.000000e+00
    outer loop
      vertex   1.500000e+00 5.186603e+01 4.488889e+01
      vertex   1.500000e+00 5.186603e+01 3.933333e+01
      vertex   1.707107e+00 5.170711e+01 4.488889e+01
    endloop
  endfacet
  facet normal -6.087614e-01 -7.933533e-01 0.000000e+00
    outer loop
      vertex   1.500000e+00 5.186603e+01 4.488889e+01
      vertex   1.707107e+00 5.170711e+01 4.488889e+01
      vertex   1.707107e+00 5.170711e+01 5.044444e+01
    endloop
  endfacet
  facet normal -7.933533e-01 -6.087614e-01 -0.000000e+00
    outer loop
      vertex   1.707107e+00 5.170711e+01 5.044444e+01
      vertex   1.707107e+00 5.170711e+01 4.488889e+01
      vertex   1.866025e+00 5.150000e+01 5.044444e+01
    endloop
  endfacet
  facet normal -6.087614e-01 -7.933533e-01 -0.000000e+00
    outer loop
      vertex   1.707107e+00 5.170711e+01 4.488889e+01
      vertex   1.500000e+00 5.186603e+01 3.933333e+01
      vertex   1.707107e+00 5.170711e+01 3.933333e+01
    endloop
  endfacet
  facet normal -7.933533e-01 -6.087614e-01 -0.000000e+00
    outer loop
      vertex   1.707107e+00 5.170711e+01 2.266667e+01
      vertex   1.707107e+00 5.170711e+01 1.711111e+01
      vertex   1.866025e+00 5.150000e+01 2.266667e+01
    endloop
  endfacet
  facet normal -7.933533e-01 -6.087614e-01 -0.000000e+00
    outer loop
      vertex   1.866025e+00 5.150000e+01 2.266667e+01
      vertex   1.707107e+00 5.170711e+01 1.711111e+01
      vertex   1.866025e+00 5.150000e+01 1.711111e+01
    endloop
  endfacet
  facet normal -9.238795e-01 -3.826834e-01 -0.000000e+00
    outer loop
      vertex   1.866025e+00 5.150000e+01 2.266667e+01
      vertex   1.866025e+00 5.150000e+01 1.711111e+01
      vertex   1.965926e+00 5.125882e+01 2.266667e+01
    endloop
  endfacet
  facet normal -7.933533e-01 -6.087614e-01 -0.000000e+00
    outer loop
      vertex   1.707107e+00 5.170711e+01 4.488889e+01
      vertex   1.707107e+00 5.170711e+01 3.933333e+01
      vertex   1.866025e+00 5.150000e+01 4.488889e+01
    endloop
  endfacet
  facet normal -7.933533e-01 -6.087614e-01 -0.000000e+00
    outer loop
      vertex   1.866025e+00 5.150000e+01 4.488889e+01
      vertex   1.707107e+00 5.170711e+01 3.933333e+01
      vertex   1.866025e+00 5.150000e+01 3.933333e+01
    endloop
  endfacet
  facet normal -9.238795e-01 -3.826834e-01 -0.000000e+00
    outer loop
      vertex   1.866025e+00 5.150000e+01 4.488889e+01
      vertex   1.866025e+00 5.150000e+01 3.933333e+01
      vertex   1.965926e+00 5.125882e+01 4.488889e+01
    endloop
  endfacet
  facet normal -9.238795e-01 -3.826834e-01 -0.000000e+00
    outer loop
      vertex   1.965926e+00 5.125882e+01 1.711111e+01
      vertex   1.866025e+00 5.150000e+01 1.155556e+01
      vertex   1.965926e+00 5.125882e+01 1.155556e+01
    endloop
  endfacet
  facet normal -7.933533e-01 -6.087614e-01 0.000000e+00
    outer loop
      vertex   1.707107e+00 5.170711e+01 2.266667e+01
      vertex   1.866025e+00 5.150000e+01 2.266667e+01
      vertex   1.866025e+00 5.150000e+01 2.822222e+01
    endloop
  endfacet
  facet normal -9.238795e-01 -3.826834e-01 -0.000000e+00
    outer loop
      vertex   1.866025e+00 5.150000e+01 2.822222e+01
      vertex   1.866025e+00 5.150000e+01 2.266667e+01
      vertex   1.965926e+00 5.125882e+01 2.822222e+01
    endloop
  endfacet
  facet normal -9.238795e-01 -3.826834e-01 0.000000e+00
    outer loop
      vertex   1.866025e+00 5.150000e+01 2.822222e+01
      vertex   1.965926e+00 5.125882e+01 2.822222e+01
      vertex   1.965926e+00 5.125882e+01 3.377778e+01
    endloop
  endfacet
  facet normal -9.914449e-01 -1.305262e-01 -0.000000e+00
    outer loop
      vertex   1.965926e+00 5.125882e+01 3.377778e+01
      vertex   1.965926e+00 5.125882e+01 2.822222e+01
      vertex   2.000000e+00 5.100000e+01 5.600000e+01
    endloop
  endfacet
  facet normal -9.238795e-01 -3.826834e-01 -0.000000e+00
    outer loop
      vertex   1.965926e+00 5.125882e+01 2.822222e+01
      vertex   1.866025e+00 5.150000e+01 2.266667e+01
      vertex   1.965926e+00 5.125882e+01 2.266667e+01
    endloop
  endfacet
  facet normal -9.238795e-01 -3.826834e-01 0.000000e+00
    outer loop
      vertex   1.965926e+00 5.125882e+01 5.044444e+01
      vertex   1.866025e+00 5.150000e+01 5.044444e+01
      vertex   1.866025e+00 5.150000e+01 4.488889e+01
    endloop
  endfacet
  facet normal -7.933533e-01 -6.087614e-01 0.000000e+00
    outer loop
      vertex   1.866025e+00 5.150000e+01 4.488889e+01
      vertex   1.866025e+00 5.150000e+01 5.044444e+01
      vertex   1.707107e+00 5.170711e+01 4.488889e+01
    endloop
  endfacet
  facet normal -9.238795e-01 -3.826834e-01 -0.000000e+00
    outer loop
      vertex   1.965926e+00 5.125882e+01 5.044444e+01
      vertex   1.866025e+00 5.150000e+01 4.488889e+01
      vertex   1.965926e+00 5.125882e+01 4.488889e+01
    endloop
  endfacet
  facet normal -9.914449e-01 -1.305262e-01 0.000000e+00
    outer loop
      vertex   2.000000e+00 5.100000e+01 6.000000e+00
      vertex   1.965926e+00 5.125882e+01 1.711111e+01
      vertex   1.965926e+00 5.125882e+01 1.155556e+01
    endloop
  endfacet
  facet normal -0.000000e+00 0.000000e+00 1.000000e+00
    outer loop
      vertex   -2.125882e+01 5.196593e+01 6.000000e+00
      vertex   -2.150000e+01 5.186603e+01 6.000000e+00
      vertex   -2.100000e+01 5.200000e+01 6.000000e+00
    endloop
  endfacet
  facet normal 0.000000e+00 0.000000e+00 1.000000e+00
    outer loop
      vertex   -2.100000e+01 5.200000e+01 6.000000e+00
      vertex   -2.150000e+01 5.186603e+01 6.000000e+00
      vertex   -2.170711e+01 5.170711e+01 6.000000e+00
    endloop
  endfacet
  facet normal 0.000000e+00 0.000000e+00 1.000000e+00
    outer loop
      vertex   -2.100000e+01 5.200000e+01 6.000000e+00
      vertex   -2.170711e+01 5.170711e+01 6.000000e+00
      vertex   -2.186603e+01 5.150000e+01 6.000000e+00
    endloop
  endfacet
  facet normal -0.000000e+00 0.000000e+00 1.000000e+00
    outer loop
      vertex   -2.186603e+01 5.150000e+01 6.000000e+00
      vertex   -2.196593e+01 5.125882e+01 6.000000e+00
      vertex   -2.100000e+01 5.200000e+01 6.000000e+00
    endloop
  endfacet
  facet normal 0.000000e+00 0.000000e+00 1.000000e+00
    outer loop
      vertex   -2.100000e+01 5.200000e+01 6.000000e+00
      vertex   -2.196593e+01 5.125882e+01 6.000000e+00
      vertex   -2.200000e+01 5.100000e+01 6.000000e+00
    endloop
  endfacet
  facet normal 1.850372e-16 -1.850372e-16 1.000000e+00
    outer loop
      vertex   -2.100000e+01 5.200000e+01 6.000000e+00
      vertex   -2.200000e+01 5.100000e+01 6.000000e+00
      vertex   2.000000e+00 5.100000e+01 6.000000e+00
    endloop
  endfacet
  facet normal 1.850372e-16 0.000000e+00 1.000000e+00
    outer loop
      vertex   2.000000e+00 5.100000e+01 6.000000e+00
      vertex   -2.200000e+01 5.100000e+01 6.000000e+00
      vertex   2.000000e+00 4.100000e+01 6.000000e+00
    endloop
  endfacet
  facet normal 1.850372e-16 0.000000e+00 1.000000e+00
    outer loop
      vertex   2.000000e+00 4.100000e+01 6.000000e+00
      vertex   -2.200000e+01 5.100000e+01 6.000000e+00
      vertex   -2.200000e+01 4.100000e+01 6.000000e+00
    endloop
  endfacet
  facet normal 1.850372e-16 4.255855e-15 1.000000e+00
    outer loop
      vertex   2.000000e+00 4.100000e+01 6.000000e+00
      vertex   -2.200000e+01 4.100000e+01 6.000000e+00
      vertex   1.000000e+00 4.000000e+01 6.000000e+00
    endloop
  endfacet
  facet normal 0.000000e+00 0.000000e+00 1.000000e+00
    outer loop
      vertex   1.000000e+00 4.000000e+01 6.000000e+00
      vertex   -2.200000e+01 4.100000e+01 6.000000e+00
      vertex   -2.100000e+01 4.000000e+01 6.000000e+00
    endloop
  endfacet
  facet normal 0.000000e+00 0.000000e+00 1.000000e+00
    outer loop
      vertex   -2.100000e+01 4.000000e+01 6.000000e+00
      vertex   -2.200000e+01 4.100000e+01 6.000000e+00
      vertex   -2.196593e+01 4.074118e+01 6.000000e+00
    endloop
  endfacet
  facet normal 0.000000e+00 0.000000e+00 1.000000e+00
    outer loop
      vertex   -2.100000e+01 4.000000e+01 6.000000e+00
      vertex   -2.196593e+01 4.074118e+01 6.000000e+00
      vertex   -2.186603e+01 4.050000e+01 6.000000e+00
    endloop
  endfacet
  facet normal 0.000000e+00 0.000000e+00 1.000000e+00
    outer loop
      vertex   -2.186603e+01 4.050000e+01 6.000000e+00
      vertex   -2.170711e+01 4.029289e+01 6.000000e+00
      vertex   -2.100000e+01 4.000000e+01 6.000000e+00
    endloop
  endfacet
  facet normal 0.000000e+00 0.000000e+00 1.000000e+00
    outer loop
      vertex   -2.100000e+01 4.000000e+01 6.000000e+00
      vertex   -2.170711e+01 4.029289e+01 6.000000e+00
      vertex   -2.150000e+01 4.013398e+01 6.000000e+00
    endloop
  endfacet
  facet normal 0.000000e+00 0.000000e+00 1.000000e+00
    outer loop
      vertex   -2.100000e+01 4.000000e+01 6.000000e+00
      vertex   -2.150000e+01 4.013398e+01 6.000000e+00
      vertex   -2.125882e+01 4.003407e+01 6.000000e+00
    endloop
  endfacet
  facet normal 0.000000e+00 -0.000000e+00 1.000000e+00
    outer loop
      vertex   1.258819e+00 4.003407e+01 6.000000e+00
      vertex   1.500000e+00 4.013398e+01 6.000000e+00
      vertex   1.000000e+00 4.000000e+01 6.000000e+00
    endloop
  endfacet
  facet normal 0.000000e+00 0.000000e+00 1.000000e+00
    outer loop
      vertex   1.000000e+00 4.000000e+01 6.000000e+00
      vertex   1.500000e+00 4.013398e+01 6.000000e+00
      vertex   1.707107e+00 4.029289e+01 6.000000e+00
    endloop
  endfacet
  facet normal 0.000000e+00 0.000000e+00 1.000000e+00
    outer loop
      vertex   1.000000e+00 4.000000e+01 6.000000e+00
      vertex   1.707107e+00 4.029289e+01 6.000000e+00
      vertex   1.866025e+00 4.050000e+01 6.000000e+00
    endloop
  endfacet
  facet normal 0.000000e+00 -0.000000e+00 1.000000e+00
    outer loop
      vertex   1.866025e+00 4.050000e+01 6.000000e+00
      vertex   1.965926e+00 4.074118e+01 6.000000e+00
      vertex   1.000000e+00 4.000000e+01 6.000000e+00
    endloop
  endfacet
  facet normal -1.464552e-14 1.908641e-14 1.000000e+00
    outer loop
      vertex   1.000000e+00 4.000000e+01 6.000000e+00
      vertex   1.965926e+00 4.074118e+01 6.000000e+00
      vertex   2.000000e+00 4.100000e+01 6.000000e+00
    endloop
  endfacet
  facet normal 0.000000e+00 -4.440892e-15 1.000000e+00
    outer loop
      vertex   -2.100000e+01 5.200000e+01 6.000000e+00
      vertex   2.000000e+00 5.100000e+01 6.000000e+00
      vertex   1.000000e+00 5.200000e+01 6.000000e+00
    endloop
  endfacet
  facet normal -1.464552e-14 -1.908641e-14 1.000000e+00
    outer loop
      vertex   1.000000e+00 5.200000e+01 6.000000e+00
      vertex   2.000000e+00 5.100000e+01 6.000000e+00
      vertex   1.965926e+00 5.125882e+01 6.000000e+00
    endloop
  endfacet
  facet normal 0.000000e+00 0.000000e+00 1.000000e+00
    outer loop
      vertex   1.000000e+00 5.200000e+01 6.000000e+00
      vertex   1.965926e+00 5.125882e+01 6.000000e+00
      vertex   1.866025e+00 5.150000e+01 6.000000e+00
    endloop
  endfacet
  facet normal 0.000000e+00 0.000000e+00 1.000000e+00
    outer loop
      vertex   1.866025e+00 5.150000e+01 6.000000e+00
      vertex   1.707107e+00 5.170711e+01 6.000000e+00
      vertex   1.000000e+00 5.200000e+01 6.000000e+00
    endloop
  endfacet
  facet normal 0.000000e+00 0.000000e+00 1.000000e+00
    outer loop
      vertex   1.000000e+00 5.200000e+01 6.000000e+00
      vertex   1.707107e+00 5.170711e+01 6.000000e+00
      vertex   1.500000e+00 5.186603e+01 6.000000e+00
    endloop
  endfacet
  facet normal 0.000000e+00 0.000000e+00 1.000000e+00
    outer loop
      vertex   1.000000e+00 5.200000e+01 6.000000e+00
      vertex   1.500000e+00 5.186603e+01 6.000000e+00
      vertex   1.258819e+00 5.196593e+01 6.000000e+00
    endloop
  endfacet
  facet normal 1.000000e+00 0.000000e+00 0.000000e+00
    outer loop
      vertex   -2.200000e+01 5.100000e+01 5.600000e+01
      vertex   -2.200000e+01 4.100000e+01 5.600000e+01
      vertex   -2.200000e+01 5.100000e+01 6.000000e+00
    endloop
  endfacet
  facet normal 1.000000e+00 0.000000e+00 0.000000e+00
    outer loop
      vertex   -2.200000e+01 5.100000e+01 6.000000e+00
      vertex   -2.200000e+01 4.100000e+01 5.600000e+01
      vertex   -2.200000e+01 4.100000e+01 6.000000e+00
    endloop
  endfacet
  facet normal -1.000000e+00 -0.000000e+00 -0.000000e+00
    outer loop
      vertex   2.000000e+00 5.100000e+01 5.600000e+01
      vertex   2.000000e+00 5.100000e+01 6.000000e+00
      vertex   2.000000e+00 4.100000e+01 5.600000e+01
    endloop
  endfacet
  facet normal -1.000000e+00 0.000000e+00 -0.000000e+00
    outer loop
      vertex   2.000000e+00 4.100000e+01 5.600000e+01
      vertex   2.000000e+00 5.100000e+01 6.000000e+00
      vertex   2.000000e+00 4.100000e+01 6.000000e+00
    endloop
  endfacet
  facet normal 0.000000e+00 -0.000000e+00 1.000000e+00
    outer loop
      vertex   -2.200000e+01 4.100000e+01 5.600000e+01
      vertex   -2.200000e+01 5.100000e+01 5.600000e+01
      vertex   -2.500000e+01 5.400000e+01 5.600000e+01
    endloop
  endfacet
  facet normal 0.000000e+00 0.000000e+00 1.000000e+00
    outer loop
      vertex   -2.500000e+01 5.400000e+01 5.600000e+01
      vertex   -2.200000e+01 5.100000e+01 5.600000e+01
      vertex   -2.196593e+01 5.125882e+01 5.600000e+01
    endloop
  endfacet
  facet normal 0.000000e+00 0.000000e+00 1.000000e+00
    outer loop
      vertex   -2.500000e+01 5.400000e+01 5.600000e+01
      vertex   -2.196593e+01 5.125882e+01 5.600000e+01
      vertex   -2.186603e+01 5.150000e+01 5.600000e+01
    endloop
  endfacet
  facet normal 0.000000e+00 -0.000000e+00 1.000000e+00
    outer loop
      vertex   -2.186603e+01 5.150000e+01 5.600000e+01
      vertex   -2.170711e+01 5.170711e+01 5.600000e+01
      vertex   -2.500000e+01 5.400000e+01 5.600000e+01
    endloop
  endfacet
  facet normal 0.000000e+00 0.000000e+00 1.000000e+00
    outer loop
      vertex   -2.500000e+01 5.400000e+01 5.600000e+01
      vertex   -2.170711e+01 5.170711e+01 5.600000e+01
      vertex   -2.150000e+01 5.186603e+01 5.600000e+01
    endloop
  endfacet
  facet normal 0.000000e+00 0.000000e+00 1.000000e+00
    outer loop
      vertex   -2.500000e+01 5.400000e+01 5.600000e+01
      vertex   -2.150000e+01 5.186603e+01 5.600000e+01
      vertex   -2.125882e+01 5.196593e+01 5.600000e+01
    endloop
  endfacet
  facet normal -0.000000e+00 0.000000e+00 1.000000e+00
    outer loop
      vertex   -2.500000e+01 5.400000e+01 5.600000e+01
      vertex   -2.125882e+01 5.196593e+01 5.600000e+01
      vertex   -2.400000e+01 5.500000e+01 5.600000e+01
    endloop
  endfacet
  facet normal 0.000000e+00 0.000000e+00 1.000000e+00
    outer loop
      vertex   -2.400000e+01 5.500000e+01 5.600000e+01
      vertex   -2.125882e+01 5.196593e+01 5.600000e+01
      vertex   -2.100000e+01 5.200000e+01 5.600000e+01
    endloop
  endfacet
  facet normal 0.000000e+00 0.000000e+00 1.000000e+00
    outer loop
      vertex   -2.400000e+01 5.500000e+01 5.600000e+01
      vertex   -2.100000e+01 5.200000e+01 5.600000e+01
      vertex   1.000000e+00 5.200000e+01 5.600000e+01
    endloop
  endfacet
  facet normal -0.000000e+00 0.000000e+00 1.000000e+00
    outer loop
      vertex   -2.400000e+01 5.500000e+01 5.600000e+01
      vertex   1.000000e+00 5.200000e+01 5.600000e+01
      vertex   4.000000e+00 5.500000e+01 5.600000e+01
    endloop
  endfacet
  facet normal 0.000000e+00 0.000000e+00 1.000000e+00
    outer loop
      vertex   4.000000e+00 5.500000e+01 5.600000e+01
      vertex   1.000000e+00 5.200000e+01 5.600000e+01
      vertex   1.258819e+00 5.196593e+01 5.600000e+01
    endloop
  endfacet
  facet normal 0.000000e+00 0.000000e+00 1.000000e+00
    outer loop
      vertex   4.000000e+00 5.500000e+01 5.600000e+01
      vertex   1.258819e+00 5.196593e+01 5.600000e+01
      vertex   5.000000e+00 5.400000e+01 5.600000e+01
    endloop
  endfacet
  facet normal 0.000000e+00 0.000000e+00 1.000000e+00
    outer loop
      vertex   5.000000e+00 5.400000e+01 5.600000e+01
      vertex   1.258819e+00 5.196593e+01 5.600000e+01
      vertex   1.500000e+00 5.186603e+01 5.600000e+01
    endloop
  endfacet
  facet normal 0.000000e+00 0.000000e+00 1.000000e+00
    outer loop
      vertex   5.000000e+00 5.400000e+01 5.600000e+01
      vertex   1.500000e+00 5.186603e+01 5.600000e+01
      vertex   1.707107e+00 5.170711e+01 5.600000e+01
    endloop
  endfacet
  facet normal -0.000000e+00 0.000000e+00 1.000000e+00
    outer loop
      vertex   1.707107e+00 5.170711e+01 5.600000e+01
      vertex   1.866025e+00 5.150000e+01 5.600000e+01
      vertex   5.000000e+00 5.400000e+01 5.600000e+01
    endloop
  endfacet
  facet normal 0.000000e+00 0.000000e+00 1.000000e+00
    outer loop
      vertex   5.000000e+00 5.400000e+01 5.600000e+01
      vertex   1.866025e+00 5.150000e+01 5.600000e+01
      vertex   1.965926e+00 5.125882e+01 5.600000e+01
    endloop
  endfacet
  facet normal 0.000000e+00 0.000000e+00 1.000000e+00
    outer loop
      vertex   5.000000e+00 5.400000e+01 5.600000e+01
      vertex   1.965926e+00 5.125882e+01 5.600000e+01
      vertex   2.000000e+00 5.100000e+01 5.600000e+01
    endloop
  endfacet
  facet normal -0.000000e+00 0.000000e+00 1.000000e+00
    outer loop
      vertex   2.000000e+00 5.100000e+01 5.600000e+01
      vertex   2.000000e+00 4.100000e+01 5.600000e+01
      vertex   5.000000e+00 5.400000e+01 5.600000e+01
    endloop
  endfacet
  facet normal 0.000000e+00 0.000000e+00 1.000000e+00
    outer loop
      vertex   5.000000e+00 5.400000e+01 5.600000e+01
      vertex   2.000000e+00 4.100000e+01 5.600000e+01
      vertex   5.000000e+00 3.800000e+01 5.600000e+01
    endloop
  endfacet
  facet normal 0.000000e+00 0.000000e+00 1.000000e+00
    outer loop
      vertex   5.000000e+00 3.800000e+01 5.600000e+01
      vertex   2.000000e+00 4.100000e+01 5.600000e+01
      vertex   1.965926e+00 4.074118e+01 5.600000e+01
    endloop
  endfacet
  facet normal 0.000000e+00 0.000000e+00 1.000000e+00
    outer loop
      vertex   5.000000e+00 3.800000e+01 5.600000e+01
      vertex   1.965926e+00 4.074118e+01 5.600000e+01
      vertex   1.866025e+00 4.050000e+01 5.600000e+01
    endloop
  endfacet
  facet normal 0.000000e+00 0.000000e+00 1.000000e+00
    outer loop
      vertex   1.866025e+00 4.050000e+01 5.600000e+01
      vertex   1.707107e+00 4.029289e+01 5.600000e+01
      vertex   5.000000e+00 3.800000e+01 5.600000e+01
    endloop
  endfacet
  facet normal 0.000000e+00 0.000000e+00 1.000000e+00
    outer loop
      vertex   5.000000e+00 3.800000e+01 5.600000e+01
      vertex   1.707107e+00 4.029289e+01 5.600000e+01
      vertex   1.500000e+00 4.013398e+01 5.600000e+01
    endloop
  endfacet
  facet normal 0.000000e+00 0.000000e+00 1.000000e+00
    outer loop
      vertex   5.000000e+00 3.800000e+01 5.600000e+01
      vertex   1.500000e+00 4.013398e+01 5.600000e+01
      vertex   1.258819e+00 4.003407e+01 5.600000e+01
    endloop
  endfacet
  facet normal 0.000000e+00 0.000000e+00 1.000000e+00
    outer loop
      vertex   5.000000e+00 3.800000e+01 5.600000e+01
      vertex   1.258819e+00 4.003407e+01 5.600000e+01
      vertex   4.000000e+00 3.700000e+01 5.600000e+01
    endloop
  endfacet
  facet normal 0.000000e+00 0.000000e+00 1.000000e+00
    outer loop
      vertex   4.000000e+00 3.700000e+01 5.600000e+01
      vertex   1.258819e+00 4.003407e+01 5.600000e+01
      vertex   1.000000e+00 4.000000e+01 5.600000e+01
    endloop
  endfacet
  facet normal 0.000000e+00 0.000000e+00 1.000000e+00
    outer loop
      vertex   4.000000e+00 3.700000e+01 5.600000e+01
      vertex   1.000000e+00 4.000000e+01 5.600000e+01
      vertex   -2.400000e+01 3.700000e+01 5.600000e+01
    endloop
  endfacet
  facet normal 0.000000e+00 0.000000e+00 1.000000e+00
    outer loop
      vertex   -2.400000e+01 3.700000e+01 5.600000e+01
      vertex   1.000000e+00 4.000000e+01 5.600000e+01
      vertex   -2.100000e+01 4.000000e+01 5.600000e+01
    endloop
  endfacet
  facet normal 0.000000e+00 0.000000e+00 1.000000e+00
    outer loop
      vertex   -2.400000e+01 3.700000e+01 5.600000e+01
      vertex   -2.100000e+01 4.000000e+01 5.600000e+01
      vertex   -2.125882e+01 4.003407e+01 5.600000e+01
    endloop
  endfacet
  facet normal 0.000000e+00 -0.000000e+00 1.000000e+00
    outer loop
      vertex   -2.400000e+01 3.700000e+01 5.600000e+01
      vertex   -2.125882e+01 4.003407e+01 5.600000e+01
      vertex   -2.500000e+01 3.800000e+01 5.600000e+01
    endloop
  endfacet
  facet normal 0.000000e+00 0.000000e+00 1.000000e+00
    outer loop
      vertex   -2.500000e+01 3.800000e+01 5.600000e+01
      vertex   -2.125882e+01 4.003407e+01 5.600000e+01
      vertex   -2.150000e+01 4.013398e+01 5.600000e+01
    endloop
  endfacet
  facet normal 0.000000e+00 0.000000e+00 1.000000e+00
    outer loop
      vertex   -2.500000e+01 3.800000e+01 5.600000e+01
      vertex   -2.150000e+01 4.013398e+01 5.600000e+01
      vertex   -2.170711e+01 4.029289e+01 5.600000e+01
    endloop
  endfacet
  facet normal 0.000000e+00 0.000000e+00 1.000000e+00
    outer loop
      vertex   -2.170711e+01 4.029289e+01 5.600000e+01
      vertex   -2.186603e+01 4.050000e+01 5.600000e+01
      vertex   -2.500000e+01 3.800000e+01 5.600000e+01
    endloop
  endfacet
  facet normal 0.000000e+00 0.000000e+00 1.000000e+00
    outer loop
      vertex   -2.500000e+01 3.800000e+01 5.600000e+01
      vertex   -2.186603e+01 4.050000e+01 5.600000e+01
      vertex   -2.196593e+01 4.074118e+01 5.600000e+01
    endloop
  endfacet
  facet normal 0.000000e+00 0.000000e+00 1.000000e+00
    outer loop
      vertex   -2.500000e+01 3.800000e+01 5.600000e+01
      vertex   -2.196593e+01 4.074118e+01 5.600000e+01
      vertex   -2.200000e+01 4.100000e+01 5.600000e+01
    endloop
  endfacet
  facet normal 0.000000e+00 0.000000e+00 1.000000e+00
    outer loop
      vertex   -2.500000e+01 3.800000e+01 5.600000e+01
      vertex   -2.200000e+01 4.100000e+01 5.600000e+01
      vertex   -2.500000e+01 5.400000e+01 5.600000e+01
    endloop
  endfacet
  facet normal 0.000000e+00 -0.000000e+00 1.000000e+00
    outer loop
      vertex   4.258819e+00 3.703407e+01 5.600000e+01
      vertex   4.500000e+00 3.713398e+01 5.600000e+01
      vertex   4.000000e+00 3.700000e+01 5.600000e+01
    endloop
  endfacet
  facet normal 0.000000e+00 0.000000e+00 1.000000e+00
    outer loop
      vertex   4.000000e+00 3.700000e+01 5.600000e+01
      vertex   4.500000e+00 3.713398e+01 5.600000e+01
      vertex   4.707107e+00 3.729289e+01 5.600000e+01
    endloop
  endfacet
  facet normal 0.000000e+00 0.000000e+00 1.000000e+00
    outer loop
      vertex   4.000000e+00 3.700000e+01 5.600000e+01
      vertex   4.707107e+00 3.729289e+01 5.600000e+01
      vertex   4.866025e+00 3.750000e+01 5.600000e+01
    endloop
  endfacet
  facet normal 0.000000e+00 -0.000000e+00 1.000000e+00
    outer loop
      vertex   4.866025e+00 3.750000e+01 5.600000e+01
      vertex   4.965926e+00 3.774118e+01 5.600000e+01
      vertex   4.000000e+00 3.700000e+01 5.600000e+01
    endloop
  endfacet
  facet normal 0.000000e+00 0.000000e+00 1.000000e+00
    outer loop
      vertex   4.000000e+00 3.700000e+01 5.600000e+01
      vertex   4.965926e+00 3.774118e+01 5.600000e+01
      vertex   5.000000e+00 3.800000e+01 5.600000e+01
    endloop
  endfacet
  facet normal 0.000000e+00 0.000000e+00 1.000000e+00
    outer loop
      vertex   5.000000e+00 5.400000e+01 5.600000e+01
      vertex   4.965926e+00 5.425882e+01 5.600000e+01
      vertex   4.000000e+00 5.500000e+01 5.600000e+01
    endloop
  endfacet
  facet normal 0.000000e+00 0.000000e+00 1.000000e+00
    outer loop
      vertex   4.000000e+00 5.500000e+01 5.600000e+01
      vertex   4.965926e+00 5.425882e+01 5.600000e+01
      vertex   4.866025e+00 5.450000e+01 5.600000e+01
    endloop
  endfacet
  facet normal 0.000000e+00 0.000000e+00 1.000000e+00
    outer loop
      vertex   4.000000e+00 5.500000e+01 5.600000e+01
      vertex   4.866025e+00 5.450000e+01 5.600000e+01
      vertex   4.707107e+00 5.470711e+01 5.600000e+01
    endloop
  endfacet
  facet normal 0.000000e+00 0.000000e+00 1.000000e+00
    outer loop
      vertex   4.707107e+00 5.470711e+01 5.600000e+01
      vertex   4.500000e+00 5.486603e+01 5.600000e+01
      vertex   4.000000e+00 5.500000e+01 5.600000e+01
    endloop
  endfacet
  facet normal 0.000000e+00 0.000000e+00 1.000000e+00
    outer loop
      vertex   4.000000e+00 5.500000e+01 5.600000e+01
      vertex   4.500000e+00 5.486603e+01 5.600000e+01
      vertex   4.258819e+00 5.496593e+01 5.600000e+01
    endloop
  endfacet
  facet normal -0.000000e+00 0.000000e+00 1.000000e+00
    outer loop
      vertex   -2.425882e+01 5.496593e+01 5.600000e+01
      vertex   -2.450000e+01 5.486603e+01 5.600000e+01
      vertex   -2.400000e+01 5.500000e+01 5.600000e+01
    endloop
  endfacet
  facet normal 0.000000e+00 0.000000e+00 1.000000e+00
    outer loop
      vertex   -2.400000e+01 5.500000e+01 5.600000e+01
      vertex   -2.450000e+01 5.486603e+01 5.600000e+01
      vertex   -2.470711e+01 5.470711e+01 5.600000e+01
    endloop
  endfacet
  facet normal 0.000000e+00 0.000000e+00 1.000000e+00
    outer loop
      vertex   -2.400000e+01 5.500000e+01 5.600000e+01
      vertex   -2.470711e+01 5.470711e+01 5.600000e+01
      vertex   -2.486603e+01 5.450000e+01 5.600000e+01
    endloop
  endfacet
  facet normal -0.000000e+00 0.000000e+00 1.000000e+00
    outer loop
      vertex   -2.486603e+01 5.450000e+01 5.600000e+01
      vertex   -2.496593e+01 5.425882e+01 5.600000e+01
      vertex   -2.400000e+01 5.500000e+01 5.600000e+01
    endloop
  endfacet
  facet normal 0.000000e+00 0.000000e+00 1.000000e+00
    outer loop
      vertex   -2.400000e+01 5.500000e+01 5.600000e+01
      vertex   -2.496593e+01 5.425882e+01 5.600000e+01
      vertex   -2.500000e+01 5.400000e+01 5.600000e+01
    endloop
  endfacet
  facet normal 0.000000e+00 0.000000e+00 1.000000e+00
    outer loop
      vertex   -2.500000e+01 3.800000e+01 5.600000e+01
      vertex   -2.496593e+01 3.774118e+01 5.600000e+01
      vertex   -2.400000e+01 3.700000e+01 5.600000e+01
    endloop
  endfacet
  facet normal 0.000000e+00 0.000000e+00 1.000000e+00
    outer loop
      vertex   -2.400000e+01 3.700000e+01 5.600000e+01
      vertex   -2.496593e+01 3.774118e+01 5.600000e+01
      vertex   -2.486603e+01 3.750000e+01 5.600000e+01
    endloop
  endfacet
  facet normal 0.000000e+00 0.000000e+00 1.000000e+00
    outer loop
      vertex   -2.400000e+01 3.700000e+01 5.600000e+01
      vertex   -2.486603e+01 3.750000e+01 5.600000e+01
      vertex   -2.470711e+01 3.729289e+01 5.600000e+01
    endloop
  endfacet
  facet normal 0.000000e+00 0.000000e+00 1.000000e+00
    outer loop
      vertex   -2.470711e+01 3.729289e+01 5.600000e+01
      vertex   -2.450000e+01 3.713398e+01 5.600000e+01
      vertex   -2.400000e+01 3.700000e+01 5.600000e+01
    endloop
  endfacet
  facet normal 0.000000e+00 0.000000e+00 1.000000e+00
    outer loop
      vertex   -2.400000e+01 3.700000e+01 5.600000e+01
      vertex   -2.450000e+01 3.713398e+01 5.600000e+01
      vertex   -2.425882e+01 3.703407e+01 5.600000e+01
    endloop
  endfacet
  facet normal 9.914449e-01 1.305262e-01 -0.000000e+00
    outer loop
      vertex   4.965926e+00 5.425882e+01 0.000000e+00
      vertex   4.965926e+00 5.425882e+01 5.600000e+00
      vertex   5.000000e+00 5.400000e+01 -4.440892e-15
    endloop
  endfacet
  facet normal 9.914449e-01 1.305262e-01 0.000000e+00
    outer loop
      vertex   5.000000e+00 5.400000e+01 -4.440892e-15
      vertex   4.965926e+00 5.425882e+01 5.600000e+00
      vertex   4.965926e+00 5.425882e+01 1.120000e+01
    endloop
  endfacet
  facet normal 9.914449e-01 1.305262e-01 0.000000e+00
    outer loop
      vertex   5.000000e+00 5.400000e+01 -4.440892e-15
      vertex   4.965926e+00 5.425882e+01 1.120000e+01
      vertex   4.965926e+00 5.425882e+01 1.680000e+01
    endloop
  endfacet
  facet normal 9.238795e-01 3.826834e-01 0.000000e+00
    outer loop
      vertex   4.965926e+00 5.425882e+01 1.680000e+01
      vertex   4.965926e+00 5.425882e+01 1.120000e+01
      vertex   4.866025e+00 5.450000e+01 1.680000e+01
    endloop
  endfacet
  facet normal 9.238795e-01 3.826834e-01 0.000000e+00
    outer loop
      vertex   4.965926e+00 5.425882e+01 1.680000e+01
      vertex   4.866025e+00 5.450000e+01 1.680000e+01
      vertex   4.866025e+00 5.450000e+01 2.240000e+01
    endloop
  endfacet
  facet normal 7.933533e-01 6.087614e-01 0.000000e+00
    outer loop
      vertex   4.866025e+00 5.450000e+01 2.240000e+01
      vertex   4.866025e+00 5.450000e+01 1.680000e+01
      vertex   4.707107e+00 5.470711e+01 2.240000e+01
    endloop
  endfacet
  facet normal 7.933533e-01 6.087614e-01 0.000000e+00
    outer loop
      vertex   4.866025e+00 5.450000e+01 2.240000e+01
      vertex   4.707107e+00 5.470711e+01 2.240000e+01
      vertex   4.707107e+00 5.470711e+01 2.800000e+01
    endloop
  endfacet
  facet normal 6.087614e-01 7.933533e-01 0.000000e+00
    outer loop
      vertex   4.707107e+00 5.470711e+01 2.800000e+01
      vertex   4.707107e+00 5.470711e+01 2.240000e+01
      vertex   4.500000e+00 5.486603e+01 2.800000e+01
    endloop
  endfacet
  facet normal 6.087614e-01 7.933533e-01 0.000000e+00
    outer loop
      vertex   4.707107e+00 5.470711e+01 2.800000e+01
      vertex   4.500000e+00 5.486603e+01 2.800000e+01
      vertex   4.500000e+00 5.486603e+01 3.360000e+01
    endloop
  endfacet
  facet normal 3.826834e-01 9.238795e-01 0.000000e+00
    outer loop
      vertex   4.500000e+00 5.486603e+01 3.360000e+01
      vertex   4.500000e+00 5.486603e+01 2.800000e+01
      vertex   4.258819e+00 5.496593e+01 3.360000e+01
    endloop
  endfacet
  facet normal 3.826834e-01 9.238795e-01 0.000000e+00
    outer loop
      vertex   4.500000e+00 5.486603e+01 3.360000e+01
      vertex   4.258819e+00 5.496593e+01 3.360000e+01
      vertex   4.258819e+00 5.496593e+01 3.920000e+01
    endloop
  endfacet
  facet normal 1.305262e-01 9.914449e-01 0.000000e+00
    outer loop
      vertex   4.258819e+00 5.496593e+01 3.920000e+01
      vertex   4.258819e+00 5.496593e+01 3.360000e+01
      vertex   4.000000e+00 5.500000e+01 5.600000e+01
    endloop
  endfacet
  facet normal 1.305262e-01 9.914449e-01 -0.000000e+00
    outer loop
      vertex   4.258819e+00 5.496593e+01 3.920000e+01
      vertex   4.000000e+00 5.500000e+01 5.600000e+01
      vertex   4.258819e+00 5.496593e+01 4.480000e+01
    endloop
  endfacet
  facet normal 1.305262e-01 9.914449e-01 -2.070188e-17
    outer loop
      vertex   4.258819e+00 5.496593e+01 4.480000e+01
      vertex   4.000000e+00 5.500000e+01 5.600000e+01
      vertex   4.258819e+00 5.496593e+01 5.040000e+01
    endloop
  endfacet
  facet normal 3.826834e-01 9.238795e-01 -6.069485e-17
    outer loop
      vertex   4.258819e+00 5.496593e+01 4.480000e+01
      vertex   4.258819e+00 5.496593e+01 5.040000e+01
      vertex   4.500000e+00 5.486603e+01 4.480000e+01
    endloop
  endfacet
  facet normal 3.826834e-01 9.238795e-01 -0.000000e+00
    outer loop
      vertex   4.500000e+00 5.486603e+01 4.480000e+01
      vertex   4.258819e+00 5.496593e+01 5.040000e+01
      vertex   4.500000e+00 5.486603e+01 5.040000e+01
    endloop
  endfacet
  facet normal 6.087614e-01 7.933533e-01 -0.000000e+00
    outer loop
      vertex   4.500000e+00 5.486603e+01 4.480000e+01
      vertex   4.500000e+00 5.486603e+01 5.040000e+01
      vertex   4.707107e+00 5.470711e+01 4.480000e+01
    endloop
  endfacet
  facet normal 6.087614e-01 7.933533e-01 -0.000000e+00
    outer loop
      vertex   4.707107e+00 5.470711e+01 4.480000e+01
      vertex   4.500000e+00 5.486603e+01 5.040000e+01
      vertex   4.707107e+00 5.470711e+01 5.040000e+01
    endloop
  endfacet
  facet normal 7.933533e-01 6.087614e-01 -0.000000e+00
    outer loop
      vertex   4.707107e+00 5.470711e+01 4.480000e+01
      vertex   4.707107e+00 5.470711e+01 5.040000e+01
      vertex   4.866025e+00 5.450000e+01 4.480000e+01
    endloop
  endfacet
  facet normal 7.933533e-01 6.087614e-01 -0.000000e+00
    outer loop
      vertex   4.866025e+00 5.450000e+01 4.480000e+01
      vertex   4.707107e+00 5.470711e+01 5.040000e+01
      vertex   4.866025e+00 5.450000e+01 5.040000e+01
    endloop
  endfacet
  facet normal 9.238795e-01 3.826834e-01 -0.000000e+00
    outer loop
      vertex   4.866025e+00 5.450000e+01 4.480000e+01
      vertex   4.866025e+00 5.450000e+01 5.040000e+01
      vertex   4.965926e+00 5.425882e+01 4.480000e+01
    endloop
  endfacet
  facet normal 9.238795e-01 3.826834e-01 -0.000000e+00
    outer loop
      vertex   4.965926e+00 5.425882e+01 4.480000e+01
      vertex   4.866025e+00 5.450000e+01 5.040000e+01
      vertex   4.965926e+00 5.425882e+01 5.040000e+01
    endloop
  endfacet
  facet normal 9.914449e-01 1.305262e-01 -0.000000e+00
    outer loop
      vertex   4.965926e+00 5.425882e+01 4.480000e+01
      vertex   4.965926e+00 5.425882e+01 5.040000e+01
      vertex   5.000000e+00 5.400000e+01 5.600000e+01
    endloop
  endfacet
  facet normal 9.914449e-01 1.305262e-01 0.000000e+00
    outer loop
      vertex   5.000000e+00 5.400000e+01 5.600000e+01
      vertex   4.965926e+00 5.425882e+01 5.040000e+01
      vertex   4.965926e+00 5.425882e+01 5.600000e+01
    endloop
  endfacet
  facet normal 9.238795e-01 3.826834e-01 0.000000e+00
    outer loop
      vertex   4.965926e+00 5.425882e+01 5.600000e+01
      vertex   4.965926e+00 5.425882e+01 5.040000e+01
      vertex   4.866025e+00 5.450000e+01 5.600000e+01
    endloop
  endfacet
  facet normal 9.238795e-01 3.826834e-01 1.465303e-16
    outer loop
      vertex   4.866025e+00 5.450000e+01 5.600000e+01
      vertex   4.965926e+00 5.425882e+01 5.040000e+01
      vertex   4.866025e+00 5.450000e+01 5.040000e+01
    endloop
  endfacet
  facet normal 7.933533e-01 6.087614e-01 1.258284e-16
    outer loop
      vertex   4.866025e+00 5.450000e+01 5.600000e+01
      vertex   4.866025e+00 5.450000e+01 5.040000e+01
      vertex   4.707107e+00 5.470711e+01 5.600000e+01
    endloop
  endfacet
  facet normal 7.933533e-01 6.087614e-01 1.258284e-16
    outer loop
      vertex   4.707107e+00 5.470711e+01 5.600000e+01
      vertex   4.866025e+00 5.450000e+01 5.040000e+01
      vertex   4.707107e+00 5.470711e+01 5.040000e+01
    endloop
  endfacet
  facet normal 6.087614e-01 7.933533e-01 9.655156e-17
    outer loop
      vertex   4.707107e+00 5.470711e+01 5.600000e+01
      vertex   4.707107e+00 5.470711e+01 5.040000e+01
      vertex   4.500000e+00 5.486603e+01 5.600000e+01
    endloop
  endfacet
  facet normal 6.087614e-01 7.933533e-01 -1.931031e-16
    outer loop
      vertex   4.500000e+00 5.486603e+01 5.600000e+01
      vertex   4.707107e+00 5.470711e+01 5.040000e+01
      vertex   4.500000e+00 5.486603e+01 5.040000e+01
    endloop
  endfacet
  facet normal 3.826834e-01 9.238795e-01 -1.213897e-16
    outer loop
      vertex   4.500000e+00 5.486603e+01 5.600000e+01
      vertex   4.500000e+00 5.486603e+01 5.040000e+01
      vertex   4.258819e+00 5.496593e+01 5.600000e+01
    endloop
  endfacet
  facet normal 3.826834e-01 9.238795e-01 1.293632e-15
    outer loop
      vertex   4.258819e+00 5.496593e+01 5.600000e+01
      vertex   4.500000e+00 5.486603e+01 5.040000e+01
      vertex   4.258819e+00 5.496593e+01 5.040000e+01
    endloop
  endfacet
  facet normal 1.305262e-01 9.914449e-01 1.299375e-15
    outer loop
      vertex   4.258819e+00 5.496593e+01 5.600000e+01
      vertex   4.258819e+00 5.496593e+01 5.040000e+01
      vertex   4.000000e+00 5.500000e+01 5.600000e+01
    endloop
  endfacet
  facet normal 9.238795e-01 3.826834e-01 0.000000e+00
    outer loop
      vertex   4.965926e+00 5.425882e+01 5.600000e+00
      vertex   4.965926e+00 5.425882e+01 0.000000e+00
      vertex   4.866025e+00 5.450000e+01 5.600000e+00
    endloop
  endfacet
  facet normal 9.238795e-01 3.826834e-01 -1.465303e-16
    outer loop
      vertex   4.866025e+00 5.450000e+01 5.600000e+00
      vertex   4.965926e+00 5.425882e+01 0.000000e+00
      vertex   4.866025e+00 5.450000e+01 0.000000e+00
    endloop
  endfacet
  facet normal 7.933533e-01 6.087614e-01 -1.258284e-16
    outer loop
      vertex   4.866025e+00 5.450000e+01 5.600000e+00
      vertex   4.866025e+00 5.450000e+01 0.000000e+00
      vertex   4.707107e+00 5.470711e+01 5.600000e+00
    endloop
  endfacet
  facet normal 7.933533e-01 6.087614e-01 -1.258284e-16
    outer loop
      vertex   4.707107e+00 5.470711e+01 5.600000e+00
      vertex   4.866025e+00 5.450000e+01 0.000000e+00
      vertex   4.707107e+00 5.470711e+01 0.000000e+00
    endloop
  endfacet
  facet normal 6.087614e-01 7.933533e-01 -9.655156e-17
    outer loop
      vertex   4.707107e+00 5.470711e+01 5.600000e+00
      vertex   4.707107e+00 5.470711e+01 0.000000e+00
      vertex   4.500000e+00 5.486603e+01 5.600000e+00
    endloop
  endfacet
  facet normal 6.087614e-01 7.933533e-01 1.931031e-16
    outer loop
      vertex   4.500000e+00 5.486603e+01 5.600000e+00
      vertex   4.707107e+00 5.470711e+01 0.000000e+00
      vertex   4.500000e+00 5.486603e+01 0.000000e+00
    endloop
  endfacet
  facet normal 3.826834e-01 9.238795e-01 1.213897e-16
    outer loop
      vertex   4.500000e+00 5.486603e+01 5.600000e+00
      vertex   4.500000e+00 5.486603e+01 0.000000e+00
      vertex   4.258819e+00 5.496593e+01 5.600000e+00
    endloop
  endfacet
  facet normal 3.826834e-01 9.238795e-01 -1.232938e-15
    outer loop
      vertex   4.258819e+00 5.496593e+01 5.600000e+00
      vertex   4.500000e+00 5.486603e+01 0.000000e+00
      vertex   4.258819e+00 5.496593e+01 0.000000e+00
    endloop
  endfacet
  facet normal 1.305262e-01 9.914449e-01 -1.278673e-15
    outer loop
      vertex   4.258819e+00 5.496593e+01 5.600000e+00
      vertex   4.258819e+00 5.496593e+01 0.000000e+00
      vertex   4.000000e+00 5.500000e+01 0.000000e+00
    endloop
  endfacet
  facet normal 1.305262e-01 9.914449e-01 -2.070188e-18
    outer loop
      vertex   4.000000e+00 5.500000e+01 5.600000e+01
      vertex   4.258819e+00 5.496593e+01 2.800000e+01
      vertex   4.000000e+00 5.500000e+01 0.000000e+00
    endloop
  endfacet
  facet normal 1.305262e-01 9.914449e-01 0.000000e+00
    outer loop
      vertex   4.000000e+00 5.500000e+01 0.000000e+00
      vertex   4.258819e+00 5.496593e+01 2.800000e+01
      vertex   4.258819e+00 5.496593e+01 2.240000e+01
    endloop
  endfacet
  facet normal 1.305262e-01 9.914449e-01 0.000000e+00
    outer loop
      vertex   4.000000e+00 5.500000e+01 0.000000e+00
      vertex   4.258819e+00 5.496593e+01 2.240000e+01
      vertex   4.258819e+00 5.496593e+01 1.680000e+01
    endloop
  endfacet
  facet normal 3.826834e-01 9.238795e-01 -0.000000e+00
    outer loop
      vertex   4.258819e+00 5.496593e+01 1.680000e+01
      vertex   4.258819e+00 5.496593e+01 2.240000e+01
      vertex   4.500000e+00 5.486603e+01 1.680000e+01
    endloop
  endfacet
  facet normal 3.826834e-01 9.238795e-01 0.000000e+00
    outer loop
      vertex   4.258819e+00 5.496593e+01 1.680000e+01
      vertex   4.500000e+00 5.486603e+01 1.680000e+01
      vertex   4.500000e+00 5.486603e+01 1.120000e+01
    endloop
  endfacet
  facet normal 6.087614e-01 7.933533e-01 -0.000000e+00
    outer loop
      vertex   4.500000e+00 5.486603e+01 1.120000e+01
      vertex   4.500000e+00 5.486603e+01 1.680000e+01
      vertex   4.707107e+00 5.470711e+01 1.120000e+01
    endloop
  endfacet
  facet normal 6.087614e-01 7.933533e-01 0.000000e+00
    outer loop
      vertex   4.500000e+00 5.486603e+01 1.120000e+01
      vertex   4.707107e+00 5.470711e+01 1.120000e+01
      vertex   4.707107e+00 5.470711e+01 5.600000e+00
    endloop
  endfacet
  facet normal 7.933533e-01 6.087614e-01 -0.000000e+00
    outer loop
      vertex   4.707107e+00 5.470711e+01 5.600000e+00
      vertex   4.707107e+00 5.470711e+01 1.120000e+01
      vertex   4.866025e+00 5.450000e+01 5.600000e+00
    endloop
  endfacet
  facet normal 9.914449e-01 1.305262e-01 -0.000000e+00
    outer loop
      vertex   5.000000e+00 5.400000e+01 -4.440892e-15
      vertex   4.965926e+00 5.425882e+01 2.800000e+01
      vertex   5.000000e+00 5.400000e+01 5.600000e+01
    endloop
  endfacet
  facet normal 9.914449e-01 1.305262e-01 0.000000e+00
    outer loop
      vertex   5.000000e+00 5.400000e+01 5.600000e+01
      vertex   4.965926e+00 5.425882e+01 2.800000e+01
      vertex   4.965926e+00 5.425882e+01 3.360000e+01
    endloop
  endfacet
  facet normal 9.914449e-01 1.305262e-01 0.000000e+00
    outer loop
      vertex   5.000000e+00 5.400000e+01 5.600000e+01
      vertex   4.965926e+00 5.425882e+01 3.360000e+01
      vertex   4.965926e+00 5.425882e+01 3.920000e+01
    endloop
  endfacet
  facet normal 9.238795e-01 3.826834e-01 0.000000e+00
    outer loop
      vertex   4.965926e+00 5.425882e+01 3.920000e+01
      vertex   4.965926e+00 5.425882e+01 3.360000e+01
      vertex   4.866025e+00 5.450000e+01 3.920000e+01
    endloop
  endfacet
  facet normal 9.238795e-01 3.826834e-01 0.000000e+00
    outer loop
      vertex   4.965926e+00 5.425882e+01 3.920000e+01
      vertex   4.866025e+00 5.450000e+01 3.920000e+01
      vertex   4.866025e+00 5.450000e+01 4.480000e+01
    endloop
  endfacet
  facet normal 7.933533e-01 6.087614e-01 0.000000e+00
    outer loop
      vertex   4.866025e+00 5.450000e+01 4.480000e+01
      vertex   4.866025e+00 5.450000e+01 3.920000e+01
      vertex   4.707107e+00 5.470711e+01 4.480000e+01
    endloop
  endfacet
  facet normal 9.238795e-01 3.826834e-01 0.000000e+00
    outer loop
      vertex   4.965926e+00 5.425882e+01 1.120000e+01
      vertex   4.965926e+00 5.425882e+01 5.600000e+00
      vertex   4.866025e+00 5.450000e+01 1.120000e+01
    endloop
  endfacet
  facet normal 9.238795e-01 3.826834e-01 0.000000e+00
    outer loop
      vertex   4.866025e+00 5.450000e+01 1.120000e+01
      vertex   4.965926e+00 5.425882e+01 5.600000e+00
      vertex   4.866025e+00 5.450000e+01 5.600000e+00
    endloop
  endfacet
  facet normal 7.933533e-01 6.087614e-01 0.000000e+00
    outer loop
      vertex   4.866025e+00 5.450000e+01 1.120000e+01
      vertex   4.866025e+00 5.450000e+01 5.600000e+00
      vertex   4.707107e+00 5.470711e+01 1.120000e+01
    endloop
  endfacet
  facet normal 9.914449e-01 1.305262e-01 0.000000e+00
    outer loop
      vertex   4.965926e+00 5.425882e+01 2.800000e+01
      vertex   5.000000e+00 5.400000e+01 -4.440892e-15
      vertex   4.965926e+00 5.425882e+01 2.240000e+01
    endloop
  endfacet
  facet normal 9.914449e-01 1.305262e-01 0.000000e+00
    outer loop
      vertex   4.965926e+00 5.425882e+01 2.240000e+01
      vertex   5.000000e+00 5.400000e+01 -4.440892e-15
      vertex   4.965926e+00 5.425882e+01 1.680000e+01
    endloop
  endfacet
  facet normal 9.238795e-01 3.826834e-01 0.000000e+00
    outer loop
      vertex   4.965926e+00 5.425882e+01 2.240000e+01
      vertex   4.965926e+00 5.425882e+01 1.680000e+01
      vertex   4.866025e+00 5.450000e+01 2.240000e+01
    endloop
  endfacet
  facet normal 9.238795e-01 3.826834e-01 0.000000e+00
    outer loop
      vertex   4.965926e+00 5.425882e+01 2.800000e+01
      vertex   4.965926e+00 5.425882e+01 2.240000e+01
      vertex   4.866025e+00 5.450000e+01 2.800000e+01
    endloop
  endfacet
  facet normal 9.238795e-01 3.826834e-01 0.000000e+00
    outer loop
      vertex   4.866025e+00 5.450000e+01 2.800000e+01
      vertex   4.965926e+00 5.425882e+01 2.240000e+01
      vertex   4.866025e+00 5.450000e+01 2.240000e+01
    endloop
  endfacet
  facet normal 7.933533e-01 6.087614e-01 0.000000e+00
    outer loop
      vertex   4.866025e+00 5.450000e+01 2.800000e+01
      vertex   4.866025e+00 5.450000e+01 2.240000e+01
      vertex   4.707107e+00 5.470711e+01 2.800000e+01
    endloop
  endfacet
  facet normal 9.914449e-01 1.305262e-01 0.000000e+00
    outer loop
      vertex   4.965926e+00 5.425882e+01 4.480000e+01
      vertex   5.000000e+00 5.400000e+01 5.600000e+01
      vertex   4.965926e+00 5.425882e+01 3.920000e+01
    endloop
  endfacet
  facet normal 9.238795e-01 3.826834e-01 0.000000e+00
    outer loop
      vertex   4.965926e+00 5.425882e+01 3.360000e+01
      vertex   4.965926e+00 5.425882e+01 2.800000e+01
      vertex   4.866025e+00 5.450000e+01 3.360000e+01
    endloop
  endfacet
  facet normal 9.238795e-01 3.826834e-01 0.000000e+00
    outer loop
      vertex   4.866025e+00 5.450000e+01 3.360000e+01
      vertex   4.965926e+00 5.425882e+01 2.800000e+01
      vertex   4.866025e+00 5.450000e+01 2.800000e+01
    endloop
  endfacet
  facet normal 7.933533e-01 6.087614e-01 0.000000e+00
    outer loop
      vertex   4.866025e+00 5.450000e+01 3.360000e+01
      vertex   4.866025e+00 5.450000e+01 2.800000e+01
      vertex   4.707107e+00 5.470711e+01 3.360000e+01
    endloop
  endfacet
  facet normal 7.933533e-01 6.087614e-01 0.000000e+00
    outer loop
      vertex   4.707107e+00 5.470711e+01 3.360000e+01
      vertex   4.866025e+00 5.450000e+01 2.800000e+01
      vertex   4.707107e+00 5.470711e+01 2.800000e+01
    endloop
  endfacet
  facet normal 6.087614e-01 7.933533e-01 0.000000e+00
    outer loop
      vertex   4.707107e+00 5.470711e+01 3.360000e+01
      vertex   4.707107e+00 5.470711e+01 2.800000e+01
      vertex   4.500000e+00 5.486603e+01 3.360000e+01
    endloop
  endfacet
  facet normal 9.238795e-01 3.826834e-01 0.000000e+00
    outer loop
      vertex   4.866025e+00 5.450000e+01 4.480000e+01
      vertex   4.965926e+00 5.425882e+01 4.480000e+01
      vertex   4.965926e+00 5.425882e+01 3.920000e+01
    endloop
  endfacet
  facet normal 9.238795e-01 3.826834e-01 0.000000e+00
    outer loop
      vertex   4.965926e+00 5.425882e+01 1.120000e+01
      vertex   4.866025e+00 5.450000e+01 1.120000e+01
      vertex   4.866025e+00 5.450000e+01 1.680000e+01
    endloop
  endfacet
  facet normal 7.933533e-01 6.087614e-01 0.000000e+00
    outer loop
      vertex   4.866025e+00 5.450000e+01 1.680000e+01
      vertex   4.866025e+00 5.450000e+01 1.120000e+01
      vertex   4.707107e+00 5.470711e+01 1.680000e+01
    endloop
  endfacet
  facet normal 7.933533e-01 6.087614e-01 0.000000e+00
    outer loop
      vertex   4.866025e+00 5.450000e+01 1.680000e+01
      vertex   4.707107e+00 5.470711e+01 1.680000e+01
      vertex   4.707107e+00 5.470711e+01 2.240000e+01
    endloop
  endfacet
  facet normal 6.087614e-01 7.933533e-01 0.000000e+00
    outer loop
      vertex   4.707107e+00 5.470711e+01 2.240000e+01
      vertex   4.707107e+00 5.470711e+01 1.680000e+01
      vertex   4.500000e+00 5.486603e+01 2.240000e+01
    endloop
  endfacet
  facet normal 6.087614e-01 7.933533e-01 0.000000e+00
    outer loop
      vertex   4.707107e+00 5.470711e+01 2.240000e+01
      vertex   4.500000e+00 5.486603e+01 2.240000e+01
      vertex   4.500000e+00 5.486603e+01 2.800000e+01
    endloop
  endfacet
  facet normal 3.826834e-01 9.238795e-01 0.000000e+00
    outer loop
      vertex   4.500000e+00 5.486603e+01 2.800000e+01
      vertex   4.500000e+00 5.486603e+01 2.240000e+01
      vertex   4.258819e+00 5.496593e+01 2.800000e+01
    endloop
  endfacet
  facet normal 3.826834e-01 9.238795e-01 0.000000e+00
    outer loop
      vertex   4.500000e+00 5.486603e+01 2.800000e+01
      vertex   4.258819e+00 5.496593e+01 2.800000e+01
      vertex   4.258819e+00 5.496593e+01 3.360000e+01
    endloop
  endfacet
  facet normal 1.305262e-01 9.914449e-01 0.000000e+00
    outer loop
      vertex   4.258819e+00 5.496593e+01 3.360000e+01
      vertex   4.258819e+00 5.496593e+01 2.800000e+01
      vertex   4.000000e+00 5.500000e+01 5.600000e+01
    endloop
  endfacet
  facet normal 7.933533e-01 6.087614e-01 0.000000e+00
    outer loop
      vertex   4.707107e+00 5.470711e+01 1.680000e+01
      vertex   4.866025e+00 5.450000e+01 1.120000e+01
      vertex   4.707107e+00 5.470711e+01 1.120000e+01
    endloop
  endfacet
  facet normal 9.238795e-01 3.826834e-01 0.000000e+00
    outer loop
      vertex   4.965926e+00 5.425882e+01 3.360000e+01
      vertex   4.866025e+00 5.450000e+01 3.360000e+01
      vertex   4.866025e+00 5.450000e+01 3.920000e+01
    endloop
  endfacet
  facet normal 7.933533e-01 6.087614e-01 0.000000e+00
    outer loop
      vertex   4.866025e+00 5.450000e+01 3.920000e+01
      vertex   4.866025e+00 5.450000e+01 3.360000e+01
      vertex   4.707107e+00 5.470711e+01 3.920000e+01
    endloop
  endfacet
  facet normal 7.933533e-01 6.087614e-01 0.000000e+00
    outer loop
      vertex   4.866025e+00 5.450000e+01 3.920000e+01
      vertex   4.707107e+00 5.470711e+01 3.920000e+01
      vertex   4.707107e+00 5.470711e+01 4.480000e+01
    endloop
  endfacet
  facet normal 6.087614e-01 7.933533e-01 0.000000e+00
    outer loop
      vertex   4.707107e+00 5.470711e+01 4.480000e+01
      vertex   4.707107e+00 5.470711e+01 3.920000e+01
      vertex   4.500000e+00 5.486603e+01 4.480000e+01
    endloop
  endfacet
  facet normal 7.933533e-01 6.087614e-01 0.000000e+00
    outer loop
      vertex   4.707107e+00 5.470711e+01 3.920000e+01
      vertex   4.866025e+00 5.450000e+01 3.360000e+01
      vertex   4.707107e+00 5.470711e+01 3.360000e+01
    endloop
  endfacet
  facet normal 6.087614e-01 7.933533e-01 0.000000e+00
    outer loop
      vertex   4.500000e+00 5.486603e+01 1.120000e+01
      vertex   4.707107e+00 5.470711e+01 5.600000e+00
      vertex   4.500000e+00 5.486603e+01 5.600000e+00
    endloop
  endfacet
  facet normal 6.087614e-01 7.933533e-01 0.000000e+00
    outer loop
      vertex   4.500000e+00 5.486603e+01 2.240000e+01
      vertex   4.707107e+00 5.470711e+01 1.680000e+01
      vertex   4.500000e+00 5.486603e+01 1.680000e+01
    endloop
  endfacet
  facet normal 6.087614e-01 7.933533e-01 0.000000e+00
    outer loop
      vertex   4.500000e+00 5.486603e+01 1.680000e+01
      vertex   4.707107e+00 5.470711e+01 1.680000e+01
      vertex   4.707107e+00 5.470711e+01 1.120000e+01
    endloop
  endfacet
  facet normal 6.087614e-01 7.933533e-01 0.000000e+00
    outer loop
      vertex   4.707107e+00 5.470711e+01 3.920000e+01
      vertex   4.707107e+00 5.470711e+01 3.360000e+01
      vertex   4.500000e+00 5.486603e+01 3.920000e+01
    endloop
  endfacet
  facet normal 6.087614e-01 7.933533e-01 0.000000e+00
    outer loop
      vertex   4.500000e+00 5.486603e+01 3.920000e+01
      vertex   4.707107e+00 5.470711e+01 3.360000e+01
      vertex   4.500000e+00 5.486603e+01 3.360000e+01
    endloop
  endfacet
  facet normal 3.826834e-01 9.238795e-01 0.000000e+00
    outer loop
      vertex   4.500000e+00 5.486603e+01 3.920000e+01
      vertex   4.500000e+00 5.486603e+01 3.360000e+01
      vertex   4.258819e+00 5.496593e+01 3.920000e+01
    endloop
  endfacet
  facet normal 3.826834e-01 9.238795e-01 0.000000e+00
    outer loop
      vertex   4.500000e+00 5.486603e+01 1.120000e+01
      vertex   4.500000e+00 5.486603e+01 5.600000e+00
      vertex   4.258819e+00 5.496593e+01 1.120000e+01
    endloop
  endfacet
  facet normal 3.826834e-01 9.238795e-01 0.000000e+00
    outer loop
      vertex   4.258819e+00 5.496593e+01 1.120000e+01
      vertex   4.500000e+00 5.486603e+01 5.600000e+00
      vertex   4.258819e+00 5.496593e+01 5.600000e+00
    endloop
  endfacet
  facet normal 1.305262e-01 9.914449e-01 0.000000e+00
    outer loop
      vertex   4.258819e+00 5.496593e+01 1.120000e+01
      vertex   4.258819e+00 5.496593e+01 5.600000e+00
      vertex   4.000000e+00 5.500000e+01 0.000000e+00
    endloop
  endfacet
  facet normal 3.826834e-01 9.238795e-01 0.000000e+00
    outer loop
      vertex   4.258819e+00 5.496593e+01 2.800000e+01
      vertex   4.500000e+00 5.486603e+01 2.240000e+01
      vertex   4.258819e+00 5.496593e+01 2.240000e+01
    endloop
  endfacet
  facet normal 3.826834e-01 9.238795e-01 0.000000e+00
    outer loop
      vertex   4.258819e+00 5.496593e+01 2.240000e+01
      vertex   4.500000e+00 5.486603e+01 2.240000e+01
      vertex   4.500000e+00 5.486603e+01 1.680000e+01
    endloop
  endfacet
  facet normal 3.826834e-01 9.238795e-01 -6.170465e-17
    outer loop
      vertex   4.258819e+00 5.496593e+01 4.480000e+01
      vertex   4.500000e+00 5.486603e+01 4.480000e+01
      vertex   4.500000e+00 5.486603e+01 3.920000e+01
    endloop
  endfacet
  facet normal 6.087614e-01 7.933533e-01 -9.655156e-17
    outer loop
      vertex   4.500000e+00 5.486603e+01 3.920000e+01
      vertex   4.500000e+00 5.486603e+01 4.480000e+01
      vertex   4.707107e+00 5.470711e+01 3.920000e+01
    endloop
  endfacet
  facet normal 3.826834e-01 9.238795e-01 0.000000e+00
    outer loop
      vertex   4.258819e+00 5.496593e+01 4.480000e+01
      vertex   4.500000e+00 5.486603e+01 3.920000e+01
      vertex   4.258819e+00 5.496593e+01 3.920000e+01
    endloop
  endfacet
  facet normal 1.305262e-01 9.914449e-01 0.000000e+00
    outer loop
      vertex   4.000000e+00 5.500000e+01 0.000000e+00
      vertex   4.258819e+00 5.496593e+01 1.680000e+01
      vertex   4.258819e+00 5.496593e+01 1.120000e+01
    endloop
  endfacet
  facet normal 3.826834e-01 9.238795e-01 -0.000000e+00
    outer loop
      vertex   4.258819e+00 5.496593e+01 1.120000e+01
      vertex   4.258819e+00 5.496593e+01 1.680000e+01
      vertex   4.500000e+00 5.486603e+01 1.120000e+01
    endloop
  endfacet
  facet normal 0.000000e+00 1.000000e+00 -0.000000e+00
    outer loop
      vertex   4.000000e+00 5.500000e+01 0.000000e+00
      vertex   -2.400000e+01 5.500000e+01 0.000000e+00
      vertex   4.000000e+00 5.500000e+01 5.600000e+01
    endloop
  endfacet
  facet normal 0.000000e+00 1.000000e+00 0.000000e+00
    outer loop
      vertex   4.000000e+00 5.500000e+01 5.600000e+01
      vertex   -2.400000e+01 5.500000e+01 0.000000e+00
      vertex   -2.400000e+01 5.500000e+01 5.600000e+01
    endloop
  endfacet
  facet normal -1.305262e-01 9.914449e-01 0.000000e+00
    outer loop
      vertex   -2.425882e+01 5.496593e+01 0.000000e+00
      vertex   -2.425882e+01 5.496593e+01 5.600000e+00
      vertex   -2.400000e+01 5.500000e+01 0.000000e+00
    endloop
  endfacet
  facet normal -1.305262e-01 9.914449e-01 0.000000e+00
    outer loop
      vertex   -2.400000e+01 5.500000e+01 0.000000e+00
      vertex   -2.425882e+01 5.496593e+01 5.600000e+00
      vertex   -2.425882e+01 5.496593e+01 1.120000e+01
    endloop
  endfacet
  facet normal -1.305262e-01 9.914449e-01 0.000000e+00
    outer loop
      vertex   -2.400000e+01 5.500000e+01 0.000000e+00
      vertex   -2.425882e+01 5.496593e+01 1.120000e+01
      vertex   -2.425882e+01 5.496593e+01 1.680000e+01
    endloop
  endfacet
  facet normal -3.826834e-01 9.238795e-01 0.000000e+00
    outer loop
      vertex   -2.425882e+01 5.496593e+01 1.680000e+01
      vertex   -2.425882e+01 5.496593e+01 1.120000e+01
      vertex   -2.450000e+01 5.486603e+01 1.680000e+01
    endloop
  endfacet
  facet normal -3.826834e-01 9.238795e-01 0.000000e+00
    outer loop
      vertex   -2.425882e+01 5.496593e+01 1.680000e+01
      vertex   -2.450000e+01 5.486603e+01 1.680000e+01
      vertex   -2.450000e+01 5.486603e+01 2.240000e+01
    endloop
  endfacet
  facet normal -6.087614e-01 7.933533e-01 0.000000e+00
    outer loop
      vertex   -2.450000e+01 5.486603e+01 2.240000e+01
      vertex   -2.450000e+01 5.486603e+01 1.680000e+01
      vertex   -2.470711e+01 5.470711e+01 2.240000e+01
    endloop
  endfacet
  facet normal -6.087614e-01 7.933533e-01 0.000000e+00
    outer loop
      vertex   -2.450000e+01 5.486603e+01 2.240000e+01
      vertex   -2.470711e+01 5.470711e+01 2.240000e+01
      vertex   -2.470711e+01 5.470711e+01 2.800000e+01
    endloop
  endfacet
  facet normal -7.933533e-01 6.087614e-01 0.000000e+00
    outer loop
      vertex   -2.470711e+01 5.470711e+01 2.800000e+01
      vertex   -2.470711e+01 5.470711e+01 2.240000e+01
      vertex   -2.486603e+01 5.450000e+01 2.800000e+01
    endloop
  endfacet
  facet normal -7.933533e-01 6.087614e-01 0.000000e+00
    outer loop
      vertex   -2.470711e+01 5.470711e+01 2.800000e+01
      vertex   -2.486603e+01 5.450000e+01 2.800000e+01
      vertex   -2.486603e+01 5.450000e+01 3.360000e+01
    endloop
  endfacet
  facet normal -9.238795e-01 3.826834e-01 0.000000e+00
    outer loop
      vertex   -2.486603e+01 5.450000e+01 3.360000e+01
      vertex   -2.486603e+01 5.450000e+01 2.800000e+01
      vertex   -2.496593e+01 5.425882e+01 3.360000e+01
    endloop
  endfacet
  facet normal -9.238795e-01 3.826834e-01 0.000000e+00
    outer loop
      vertex   -2.486603e+01 5.450000e+01 3.360000e+01
      vertex   -2.496593e+01 5.425882e+01 3.360000e+01
      vertex   -2.496593e+01 5.425882e+01 3.920000e+01
    endloop
  endfacet
  facet normal -9.914449e-01 1.305262e-01 0.000000e+00
    outer loop
      vertex   -2.496593e+01 5.425882e+01 3.920000e+01
      vertex   -2.496593e+01 5.425882e+01 3.360000e+01
      vertex   -2.500000e+01 5.400000e+01 5.600000e+01
    endloop
  endfacet
  facet normal -9.914449e-01 1.305262e-01 0.000000e+00
    outer loop
      vertex   -2.496593e+01 5.425882e+01 3.920000e+01
      vertex   -2.500000e+01 5.400000e+01 5.600000e+01
      vertex   -2.496593e+01 5.425882e+01 4.480000e+01
    endloop
  endfacet
  facet normal -9.914449e-01 1.305262e-01 0.000000e+00
    outer loop
      vertex   -2.496593e+01 5.425882e+01 4.480000e+01
      vertex   -2.500000e+01 5.400000e+01 5.600000e+01
      vertex   -2.496593e+01 5.425882e+01 5.040000e+01
    endloop
  endfacet
  facet normal -9.238795e-01 3.826834e-01 0.000000e+00
    outer loop
      vertex   -2.496593e+01 5.425882e+01 4.480000e+01
      vertex   -2.496593e+01 5.425882e+01 5.040000e+01
      vertex   -2.486603e+01 5.450000e+01 4.480000e+01
    endloop
  endfacet
  facet normal -9.238795e-01 3.826834e-01 0.000000e+00
    outer loop
      vertex   -2.486603e+01 5.450000e+01 4.480000e+01
      vertex   -2.496593e+01 5.425882e+01 5.040000e+01
      vertex   -2.486603e+01 5.450000e+01 5.040000e+01
    endloop
  endfacet
  facet normal -7.933533e-01 6.087614e-01 0.000000e+00
    outer loop
      vertex   -2.486603e+01 5.450000e+01 4.480000e+01
      vertex   -2.486603e+01 5.450000e+01 5.040000e+01
      vertex   -2.470711e+01 5.470711e+01 4.480000e+01
    endloop
  endfacet
  facet normal -7.933533e-01 6.087614e-01 0.000000e+00
    outer loop
      vertex   -2.470711e+01 5.470711e+01 4.480000e+01
      vertex   -2.486603e+01 5.450000e+01 5.040000e+01
      vertex   -2.470711e+01 5.470711e+01 5.040000e+01
    endloop
  endfacet
  facet normal -6.087614e-01 7.933533e-01 0.000000e+00
    outer loop
      vertex   -2.470711e+01 5.470711e+01 4.480000e+01
      vertex   -2.470711e+01 5.470711e+01 5.040000e+01
      vertex   -2.450000e+01 5.486603e+01 4.480000e+01
    endloop
  endfacet
  facet normal -6.087614e-01 7.933533e-01 0.000000e+00
    outer loop
      vertex   -2.450000e+01 5.486603e+01 4.480000e+01
      vertex   -2.470711e+01 5.470711e+01 5.040000e+01
      vertex   -2.450000e+01 5.486603e+01 5.040000e+01
    endloop
  endfacet
  facet normal -3.826834e-01 9.238795e-01 0.000000e+00
    outer loop
      vertex   -2.450000e+01 5.486603e+01 4.480000e+01
      vertex   -2.450000e+01 5.486603e+01 5.040000e+01
      vertex   -2.425882e+01 5.496593e+01 4.480000e+01
    endloop
  endfacet
  facet normal -3.826834e-01 9.238795e-01 0.000000e+00
    outer loop
      vertex   -2.425882e+01 5.496593e+01 4.480000e+01
      vertex   -2.450000e+01 5.486603e+01 5.040000e+01
      vertex   -2.425882e+01 5.496593e+01 5.040000e+01
    endloop
  endfacet
  facet normal -1.305262e-01 9.914449e-01 0.000000e+00
    outer loop
      vertex   -2.425882e+01 5.496593e+01 4.480000e+01
      vertex   -2.425882e+01 5.496593e+01 5.040000e+01
      vertex   -2.400000e+01 5.500000e+01 5.600000e+01
    endloop
  endfacet
  facet normal -1.305262e-01 9.914449e-01 0.000000e+00
    outer loop
      vertex   -2.400000e+01 5.500000e+01 5.600000e+01
      vertex   -2.425882e+01 5.496593e+01 5.040000e+01
      vertex   -2.425882e+01 5.496593e+01 5.600000e+01
    endloop
  endfacet
  facet normal -3.826834e-01 9.238795e-01 0.000000e+00
    outer loop
      vertex   -2.425882e+01 5.496593e+01 5.600000e+01
      vertex   -2.425882e+01 5.496593e+01 5.040000e+01
      vertex   -2.450000e+01 5.486603e+01 5.600000e+01
    endloop
  endfacet
  facet normal -3.826834e-01 9.238795e-01 2.427794e-16
    outer loop
      vertex   -2.450000e+01 5.486603e+01 5.600000e+01
      vertex   -2.425882e+01 5.496593e+01 5.040000e+01
      vertex   -2.450000e+01 5.486603e+01 5.040000e+01
    endloop
  endfacet
  facet normal -6.087614e-01 7.933533e-01 3.862063e-16
    outer loop
      vertex   -2.450000e+01 5.486603e+01 5.600000e+01
      vertex   -2.450000e+01 5.486603e+01 5.040000e+01
      vertex   -2.470711e+01 5.470711e+01 5.600000e+01
    endloop
  endfacet
  facet normal -6.087614e-01 7.933533e-01 0.000000e+00
    outer loop
      vertex   -2.470711e+01 5.470711e+01 5.600000e+01
      vertex   -2.450000e+01 5.486603e+01 5.040000e+01
      vertex   -2.470711e+01 5.470711e+01 5.040000e+01
    endloop
  endfacet
  facet normal -7.933533e-01 6.087614e-01 0.000000e+00
    outer loop
      vertex   -2.470711e+01 5.470711e+01 5.600000e+01
      vertex   -2.470711e+01 5.470711e+01 5.040000e+01
      vertex   -2.486603e+01 5.450000e+01 5.600000e+01
    endloop
  endfacet
  facet normal -7.933533e-01 6.087614e-01 -5.033138e-16
    outer loop
      vertex   -2.486603e+01 5.450000e+01 5.600000e+01
      vertex   -2.470711e+01 5.470711e+01 5.040000e+01
      vertex   -2.486603e+01 5.450000e+01 5.040000e+01
    endloop
  endfacet
  facet normal -9.238795e-01 3.826834e-01 -5.861213e-16
    outer loop
      vertex   -2.486603e+01 5.450000e+01 5.600000e+01
      vertex   -2.486603e+01 5.450000e+01 5.040000e+01
      vertex   -2.496593e+01 5.425882e+01 5.600000e+01
    endloop
  endfacet
  facet normal -9.238795e-01 3.826834e-01 0.000000e+00
    outer loop
      vertex   -2.496593e+01 5.425882e+01 5.600000e+01
      vertex   -2.486603e+01 5.450000e+01 5.040000e+01
      vertex   -2.496593e+01 5.425882e+01 5.040000e+01
    endloop
  endfacet
  facet normal -9.914449e-01 1.305262e-01 0.000000e+00
    outer loop
      vertex   -2.496593e+01 5.425882e+01 5.600000e+01
      vertex   -2.496593e+01 5.425882e+01 5.040000e+01
      vertex   -2.500000e+01 5.400000e+01 5.600000e+01
    endloop
  endfacet
  facet normal -3.826834e-01 9.238795e-01 0.000000e+00
    outer loop
      vertex   -2.425882e+01 5.496593e+01 5.600000e+00
      vertex   -2.425882e+01 5.496593e+01 0.000000e+00
      vertex   -2.450000e+01 5.486603e+01 5.600000e+00
    endloop
  endfacet
  facet normal -3.826834e-01 9.238795e-01 -2.427794e-16
    outer loop
      vertex   -2.450000e+01 5.486603e+01 5.600000e+00
      vertex   -2.425882e+01 5.496593e+01 0.000000e+00
      vertex   -2.450000e+01 5.486603e+01 0.000000e+00
    endloop
  endfacet
  facet normal -6.087614e-01 7.933533e-01 -3.862063e-16
    outer loop
      vertex   -2.450000e+01 5.486603e+01 5.600000e+00
      vertex   -2.450000e+01 5.486603e+01 0.000000e+00
      vertex   -2.470711e+01 5.470711e+01 5.600000e+00
    endloop
  endfacet
  facet normal -6.087614e-01 7.933533e-01 0.000000e+00
    outer loop
      vertex   -2.470711e+01 5.470711e+01 5.600000e+00
      vertex   -2.450000e+01 5.486603e+01 0.000000e+00
      vertex   -2.470711e+01 5.470711e+01 0.000000e+00
    endloop
  endfacet
  facet normal -7.933533e-01 6.087614e-01 0.000000e+00
    outer loop
      vertex   -2.470711e+01 5.470711e+01 5.600000e+00
      vertex   -2.470711e+01 5.470711e+01 0.000000e+00
      vertex   -2.486603e+01 5.450000e+01 5.600000e+00
    endloop
  endfacet
  facet normal -7.933533e-01 6.087614e-01 5.033138e-16
    outer loop
      vertex   -2.486603e+01 5.450000e+01 5.600000e+00
      vertex   -2.470711e+01 5.470711e+01 0.000000e+00
      vertex   -2.486603e+01 5.450000e+01 0.000000e+00
    endloop
  endfacet
  facet normal -9.238795e-01 3.826834e-01 5.861213e-16
    outer loop
      vertex   -2.486603e+01 5.450000e+01 5.600000e+00
      vertex   -2.486603e+01 5.450000e+01 0.000000e+00
      vertex   -2.496593e+01 5.425882e+01 5.600000e+00
    endloop
  endfacet
  facet normal -9.238795e-01 3.826834e-01 0.000000e+00
    outer loop
      vertex   -2.496593e+01 5.425882e+01 5.600000e+00
      vertex   -2.486603e+01 5.450000e+01 0.000000e+00
      vertex   -2.496593e+01 5.425882e+01 0.000000e+00
    endloop
  endfacet
  facet normal -9.914449e-01 1.305262e-01 0.000000e+00
    outer loop
      vertex   -2.496593e+01 5.425882e+01 5.600000e+00
      vertex   -2.496593e+01 5.425882e+01 0.000000e+00
      vertex   -2.500000e+01 5.400000e+01 0.000000e+00
    endloop
  endfacet
  facet normal -9.914449e-01 1.305262e-01 0.000000e+00
    outer loop
      vertex   -2.500000e+01 5.400000e+01 5.600000e+01
      vertex   -2.496593e+01 5.425882e+01 2.800000e+01
      vertex   -2.500000e+01 5.400000e+01 0.000000e+00
    endloop
  endfacet
  facet normal -9.914449e-01 1.305262e-01 0.000000e+00
    outer loop
      vertex   -2.500000e+01 5.400000e+01 0.000000e+00
      vertex   -2.496593e+01 5.425882e+01 2.800000e+01
      vertex   -2.496593e+01 5.425882e+01 2.240000e+01
    endloop
  endfacet
  facet normal -9.914449e-01 1.305262e-01 0.000000e+00
    outer loop
      vertex   -2.500000e+01 5.400000e+01 0.000000e+00
      vertex   -2.496593e+01 5.425882e+01 2.240000e+01
      vertex   -2.496593e+01 5.425882e+01 1.680000e+01
    endloop
  endfacet
  facet normal -9.238795e-01 3.826834e-01 0.000000e+00
    outer loop
      vertex   -2.496593e+01 5.425882e+01 1.680000e+01
      vertex   -2.496593e+01 5.425882e+01 2.240000e+01
      vertex   -2.486603e+01 5.450000e+01 1.680000e+01
    endloop
  endfacet
  facet normal -9.238795e-01 3.826834e-01 0.000000e+00
    outer loop
      vertex   -2.496593e+01 5.425882e+01 1.680000e+01
      vertex   -2.486603e+01 5.450000e+01 1.680000e+01
      vertex   -2.486603e+01 5.450000e+01 1.120000e+01
    endloop
  endfacet
  facet normal -7.933533e-01 6.087614e-01 0.000000e+00
    outer loop
      vertex   -2.486603e+01 5.450000e+01 1.120000e+01
      vertex   -2.486603e+01 5.450000e+01 1.680000e+01
      vertex   -2.470711e+01 5.470711e+01 1.120000e+01
    endloop
  endfacet
  facet normal -7.933533e-01 6.087614e-01 0.000000e+00
    outer loop
      vertex   -2.486603e+01 5.450000e+01 1.120000e+01
      vertex   -2.470711e+01 5.470711e+01 1.120000e+01
      vertex   -2.470711e+01 5.470711e+01 5.600000e+00
    endloop
  endfacet
  facet normal -6.087614e-01 7.933533e-01 0.000000e+00
    outer loop
      vertex   -2.470711e+01 5.470711e+01 5.600000e+00
      vertex   -2.470711e+01 5.470711e+01 1.120000e+01
      vertex   -2.450000e+01 5.486603e+01 5.600000e+00
    endloop
  endfacet
  facet normal -1.305262e-01 9.914449e-01 0.000000e+00
    outer loop
      vertex   -2.400000e+01 5.500000e+01 0.000000e+00
      vertex   -2.425882e+01 5.496593e+01 2.800000e+01
      vertex   -2.400000e+01 5.500000e+01 5.600000e+01
    endloop
  endfacet
  facet normal -1.305262e-01 9.914449e-01 0.000000e+00
    outer loop
      vertex   -2.400000e+01 5.500000e+01 5.600000e+01
      vertex   -2.425882e+01 5.496593e+01 2.800000e+01
      vertex   -2.425882e+01 5.496593e+01 3.360000e+01
    endloop
  endfacet
  facet normal -1.305262e-01 9.914449e-01 0.000000e+00
    outer loop
      vertex   -2.400000e+01 5.500000e+01 5.600000e+01
      vertex   -2.425882e+01 5.496593e+01 3.360000e+01
      vertex   -2.425882e+01 5.496593e+01 3.920000e+01
    endloop
  endfacet
  facet normal -3.826834e-01 9.238795e-01 0.000000e+00
    outer loop
      vertex   -2.425882e+01 5.496593e+01 3.920000e+01
      vertex   -2.425882e+01 5.496593e+01 3.360000e+01
      vertex   -2.450000e+01 5.486603e+01 3.920000e+01
    endloop
  endfacet
  facet normal -3.826834e-01 9.238795e-01 0.000000e+00
    outer loop
      vertex   -2.425882e+01 5.496593e+01 3.920000e+01
      vertex   -2.450000e+01 5.486603e+01 3.920000e+01
      vertex   -2.450000e+01 5.486603e+01 4.480000e+01
    endloop
  endfacet
  facet normal -6.087614e-01 7.933533e-01 0.000000e+00
    outer loop
      vertex   -2.450000e+01 5.486603e+01 4.480000e+01
      vertex   -2.450000e+01 5.486603e+01 3.920000e+01
      vertex   -2.470711e+01 5.470711e+01 4.480000e+01
    endloop
  endfacet
  facet normal -3.826834e-01 9.238795e-01 0.000000e+00
    outer loop
      vertex   -2.425882e+01 5.496593e+01 1.120000e+01
      vertex   -2.425882e+01 5.496593e+01 5.600000e+00
      vertex   -2.450000e+01 5.486603e+01 1.120000e+01
    endloop
  endfacet
  facet normal -3.826834e-01 9.238795e-01 0.000000e+00
    outer loop
      vertex   -2.450000e+01 5.486603e+01 1.120000e+01
      vertex   -2.425882e+01 5.496593e+01 5.600000e+00
      vertex   -2.450000e+01 5.486603e+01 5.600000e+00
    endloop
  endfacet
  facet normal -6.087614e-01 7.933533e-01 0.000000e+00
    outer loop
      vertex   -2.450000e+01 5.486603e+01 1.120000e+01
      vertex   -2.450000e+01 5.486603e+01 5.600000e+00
      vertex   -2.470711e+01 5.470711e+01 1.120000e+01
    endloop
  endfacet
  facet normal -1.305262e-01 9.914449e-01 0.000000e+00
    outer loop
      vertex   -2.425882e+01 5.496593e+01 2.800000e+01
      vertex   -2.400000e+01 5.500000e+01 0.000000e+00
      vertex   -2.425882e+01 5.496593e+01 2.240000e+01
    endloop
  endfacet
  facet normal -1.305262e-01 9.914449e-01 0.000000e+00
    outer loop
      vertex   -2.425882e+01 5.496593e+01 2.240000e+01
      vertex   -2.400000e+01 5.500000e+01 0.000000e+00
      vertex   -2.425882e+01 5.496593e+01 1.680000e+01
    endloop
  endfacet
  facet normal -3.826834e-01 9.238795e-01 0.000000e+00
    outer loop
      vertex   -2.425882e+01 5.496593e+01 2.240000e+01
      vertex   -2.425882e+01 5.496593e+01 1.680000e+01
      vertex   -2.450000e+01 5.486603e+01 2.240000e+01
    endloop
  endfacet
  facet normal -3.826834e-01 9.238795e-01 0.000000e+00
    outer loop
      vertex   -2.425882e+01 5.496593e+01 2.800000e+01
      vertex   -2.425882e+01 5.496593e+01 2.240000e+01
      vertex   -2.450000e+01 5.486603e+01 2.800000e+01
    endloop
  endfacet
  facet normal -3.826834e-01 9.238795e-01 0.000000e+00
    outer loop
      vertex   -2.450000e+01 5.486603e+01 2.800000e+01
      vertex   -2.425882e+01 5.496593e+01 2.240000e+01
      vertex   -2.450000e+01 5.486603e+01 2.240000e+01
    endloop
  endfacet
  facet normal -6.087614e-01 7.933533e-01 0.000000e+00
    outer loop
      vertex   -2.450000e+01 5.486603e+01 2.800000e+01
      vertex   -2.450000e+01 5.486603e+01 2.240000e+01
      vertex   -2.470711e+01 5.470711e+01 2.800000e+01
    endloop
  endfacet
  facet normal -1.305262e-01 9.914449e-01 0.000000e+00
    outer loop
      vertex   -2.425882e+01 5.496593e+01 4.480000e+01
      vertex   -2.400000e+01 5.500000e+01 5.600000e+01
      vertex   -2.425882e+01 5.496593e+01 3.920000e+01
    endloop
  endfacet
  facet normal -3.826834e-01 9.238795e-01 0.000000e+00
    outer loop
      vertex   -2.425882e+01 5.496593e+01 3.360000e+01
      vertex   -2.425882e+01 5.496593e+01 2.800000e+01
      vertex   -2.450000e+01 5.486603e+01 3.360000e+01
    endloop
  endfacet
  facet normal -3.826834e-01 9.238795e-01 0.000000e+00
    outer loop
      vertex   -2.450000e+01 5.486603e+01 3.360000e+01
      vertex   -2.425882e+01 5.496593e+01 2.800000e+01
      vertex   -2.450000e+01 5.486603e+01 2.800000e+01
    endloop
  endfacet
  facet normal -6.087614e-01 7.933533e-01 0.000000e+00
    outer loop
      vertex   -2.450000e+01 5.486603e+01 3.360000e+01
      vertex   -2.450000e+01 5.486603e+01 2.800000e+01
      vertex   -2.470711e+01 5.470711e+01 3.360000e+01
    endloop
  endfacet
  facet normal -6.087614e-01 7.933533e-01 0.000000e+00
    outer loop
      vertex   -2.470711e+01 5.470711e+01 3.360000e+01
      vertex   -2.450000e+01 5.486603e+01 2.800000e+01
      vertex   -2.470711e+01 5.470711e+01 2.800000e+01
    endloop
  endfacet
  facet normal -7.933533e-01 6.087614e-01 0.000000e+00
    outer loop
      vertex   -2.470711e+01 5.470711e+01 3.360000e+01
      vertex   -2.470711e+01 5.470711e+01 2.800000e+01
      vertex   -2.486603e+01 5.450000e+01 3.360000e+01
    endloop
  endfacet
  facet normal -3.826834e-01 9.238795e-01 0.000000e+00
    outer loop
      vertex   -2.450000e+01 5.486603e+01 4.480000e+01
      vertex   -2.425882e+01 5.496593e+01 4.480000e+01
      vertex   -2.425882e+01 5.496593e+01 3.920000e+01
    endloop
  endfacet
  facet normal -3.826834e-01 9.238795e-01 0.000000e+00
    outer loop
      vertex   -2.425882e+01 5.496593e+01 1.120000e+01
      vertex   -2.450000e+01 5.486603e+01 1.120000e+01
      vertex   -2.450000e+01 5.486603e+01 1.680000e+01
    endloop
  endfacet
  facet normal -6.087614e-01 7.933533e-01 0.000000e+00
    outer loop
      vertex   -2.450000e+01 5.486603e+01 1.680000e+01
      vertex   -2.450000e+01 5.486603e+01 1.120000e+01
      vertex   -2.470711e+01 5.470711e+01 1.680000e+01
    endloop
  endfacet
  facet normal -6.087614e-01 7.933533e-01 0.000000e+00
    outer loop
      vertex   -2.450000e+01 5.486603e+01 1.680000e+01
      vertex   -2.470711e+01 5.470711e+01 1.680000e+01
      vertex   -2.470711e+01 5.470711e+01 2.240000e+01
    endloop
  endfacet
  facet normal -7.933533e-01 6.087614e-01 0.000000e+00
    outer loop
      vertex   -2.470711e+01 5.470711e+01 2.240000e+01
      vertex   -2.470711e+01 5.470711e+01 1.680000e+01
      vertex   -2.486603e+01 5.450000e+01 2.240000e+01
    endloop
  endfacet
  facet normal -7.933533e-01 6.087614e-01 0.000000e+00
    outer loop
      vertex   -2.470711e+01 5.470711e+01 2.240000e+01
      vertex   -2.486603e+01 5.450000e+01 2.240000e+01
      vertex   -2.486603e+01 5.450000e+01 2.800000e+01
    endloop
  endfacet
  facet normal -9.238795e-01 3.826834e-01 0.000000e+00
    outer loop
      vertex   -2.486603e+01 5.450000e+01 2.800000e+01
      vertex   -2.486603e+01 5.450000e+01 2.240000e+01
      vertex   -2.496593e+01 5.425882e+01 2.800000e+01
    endloop
  endfacet
  facet normal -9.238795e-01 3.826834e-01 0.000000e+00
    outer loop
      vertex   -2.486603e+01 5.450000e+01 2.800000e+01
      vertex   -2.496593e+01 5.425882e+01 2.800000e+01
      vertex   -2.496593e+01 5.425882e+01 3.360000e+01
    endloop
  endfacet
  facet normal -9.914449e-01 1.305262e-01 0.000000e+00
    outer loop
      vertex   -2.496593e+01 5.425882e+01 3.360000e+01
      vertex   -2.496593e+01 5.425882e+01 2.800000e+01
      vertex   -2.500000e+01 5.400000e+01 5.600000e+01
    endloop
  endfacet
  facet normal -6.087614e-01 7.933533e-01 0.000000e+00
    outer loop
      vertex   -2.470711e+01 5.470711e+01 1.680000e+01
      vertex   -2.450000e+01 5.486603e+01 1.120000e+01
      vertex   -2.470711e+01 5.470711e+01 1.120000e+01
    endloop
  endfacet
  facet normal -3.826834e-01 9.238795e-01 0.000000e+00
    outer loop
      vertex   -2.425882e+01 5.496593e+01 3.360000e+01
      vertex   -2.450000e+01 5.486603e+01 3.360000e+01
      vertex   -2.450000e+01 5.486603e+01 3.920000e+01
    endloop
  endfacet
  facet normal -6.087614e-01 7.933533e-01 0.000000e+00
    outer loop
      vertex   -2.450000e+01 5.486603e+01 3.920000e+01
      vertex   -2.450000e+01 5.486603e+01 3.360000e+01
      vertex   -2.470711e+01 5.470711e+01 3.920000e+01
    endloop
  endfacet
  facet normal -6.087614e-01 7.933533e-01 0.000000e+00
    outer loop
      vertex   -2.450000e+01 5.486603e+01 3.920000e+01
      vertex   -2.470711e+01 5.470711e+01 3.920000e+01
      vertex   -2.470711e+01 5.470711e+01 4.480000e+01
    endloop
  endfacet
  facet normal -7.933533e-01 6.087614e-01 0.000000e+00
    outer loop
      vertex   -2.470711e+01 5.470711e+01 4.480000e+01
      vertex   -2.470711e+01 5.470711e+01 3.920000e+01
      vertex   -2.486603e+01 5.450000e+01 4.480000e+01
    endloop
  endfacet
  facet normal -6.087614e-01 7.933533e-01 0.000000e+00
    outer loop
      vertex   -2.470711e+01 5.470711e+01 3.920000e+01
      vertex   -2.450000e+01 5.486603e+01 3.360000e+01
      vertex   -2.470711e+01 5.470711e+01 3.360000e+01
    endloop
  endfacet
  facet normal -7.933533e-01 6.087614e-01 0.000000e+00
    outer loop
      vertex   -2.486603e+01 5.450000e+01 1.120000e+01
      vertex   -2.470711e+01 5.470711e+01 5.600000e+00
      vertex   -2.486603e+01 5.450000e+01 5.600000e+00
    endloop
  endfacet
  facet normal -7.933533e-01 6.087614e-01 0.000000e+00
    outer loop
      vertex   -2.486603e+01 5.450000e+01 2.240000e+01
      vertex   -2.470711e+01 5.470711e+01 1.680000e+01
      vertex   -2.486603e+01 5.450000e+01 1.680000e+01
    endloop
  endfacet
  facet normal -7.933533e-01 6.087614e-01 0.000000e+00
    outer loop
      vertex   -2.486603e+01 5.450000e+01 1.680000e+01
      vertex   -2.470711e+01 5.470711e+01 1.680000e+01
      vertex   -2.470711e+01 5.470711e+01 1.120000e+01
    endloop
  endfacet
  facet normal -7.933533e-01 6.087614e-01 0.000000e+00
    outer loop
      vertex   -2.470711e+01 5.470711e+01 3.920000e+01
      vertex   -2.470711e+01 5.470711e+01 3.360000e+01
      vertex   -2.486603e+01 5.450000e+01 3.920000e+01
    endloop
  endfacet
  facet normal -7.933533e-01 6.087614e-01 0.000000e+00
    outer loop
      vertex   -2.486603e+01 5.450000e+01 3.920000e+01
      vertex   -2.470711e+01 5.470711e+01 3.360000e+01
      vertex   -2.486603e+01 5.450000e+01 3.360000e+01
    endloop
  endfacet
  facet normal -9.238795e-01 3.826834e-01 0.000000e+00
    outer loop
      vertex   -2.486603e+01 5.450000e+01 3.920000e+01
      vertex   -2.486603e+01 5.450000e+01 3.360000e+01
      vertex   -2.496593e+01 5.425882e+01 3.920000e+01
    endloop
  endfacet
  facet normal -9.238795e-01 3.826834e-01 0.000000e+00
    outer loop
      vertex   -2.486603e+01 5.450000e+01 1.120000e+01
      vertex   -2.486603e+01 5.450000e+01 5.600000e+00
      vertex   -2.496593e+01 5.425882e+01 1.120000e+01
    endloop
  endfacet
  facet normal -9.238795e-01 3.826834e-01 0.000000e+00
    outer loop
      vertex   -2.496593e+01 5.425882e+01 1.120000e+01
      vertex   -2.486603e+01 5.450000e+01 5.600000e+00
      vertex   -2.496593e+01 5.425882e+01 5.600000e+00
    endloop
  endfacet
  facet normal -9.914449e-01 1.305262e-01 0.000000e+00
    outer loop
      vertex   -2.496593e+01 5.425882e+01 1.120000e+01
      vertex   -2.496593e+01 5.425882e+01 5.600000e+00
      vertex   -2.500000e+01 5.400000e+01 0.000000e+00
    endloop
  endfacet
  facet normal -9.238795e-01 3.826834e-01 0.000000e+00
    outer loop
      vertex   -2.496593e+01 5.425882e+01 2.800000e+01
      vertex   -2.486603e+01 5.450000e+01 2.240000e+01
      vertex   -2.496593e+01 5.425882e+01 2.240000e+01
    endloop
  endfacet
  facet normal -9.238795e-01 3.826834e-01 0.000000e+00
    outer loop
      vertex   -2.496593e+01 5.425882e+01 2.240000e+01
      vertex   -2.486603e+01 5.450000e+01 2.240000e+01
      vertex   -2.486603e+01 5.450000e+01 1.680000e+01
    endloop
  endfacet
  facet normal -9.238795e-01 3.826834e-01 0.000000e+00
    outer loop
      vertex   -2.496593e+01 5.425882e+01 4.480000e+01
      vertex   -2.486603e+01 5.450000e+01 4.480000e+01
      vertex   -2.486603e+01 5.450000e+01 3.920000e+01
    endloop
  endfacet
  facet normal -7.933533e-01 6.087614e-01 0.000000e+00
    outer loop
      vertex   -2.486603e+01 5.450000e+01 3.920000e+01
      vertex   -2.486603e+01 5.450000e+01 4.480000e+01
      vertex   -2.470711e+01 5.470711e+01 3.920000e+01
    endloop
  endfacet
  facet normal -9.238795e-01 3.826834e-01 0.000000e+00
    outer loop
      vertex   -2.496593e+01 5.425882e+01 4.480000e+01
      vertex   -2.486603e+01 5.450000e+01 3.920000e+01
      vertex   -2.496593e+01 5.425882e+01 3.920000e+01
    endloop
  endfacet
  facet normal -9.914449e-01 1.305262e-01 0.000000e+00
    outer loop
      vertex   -2.500000e+01 5.400000e+01 0.000000e+00
      vertex   -2.496593e+01 5.425882e+01 1.680000e+01
      vertex   -2.496593e+01 5.425882e+01 1.120000e+01
    endloop
  endfacet
  facet normal -9.238795e-01 3.826834e-01 0.000000e+00
    outer loop
      vertex   -2.496593e+01 5.425882e+01 1.120000e+01
      vertex   -2.496593e+01 5.425882e+01 1.680000e+01
      vertex   -2.486603e+01 5.450000e+01 1.120000e+01
    endloop
  endfacet
  facet normal 0.000000e+00 -1.000000e+00 0.000000e+00
    outer loop
      vertex   0.000000e+00 3.700000e+01 5.000000e+00
      vertex   0.000000e+00 3.700000e+01 1.000000e+00
      vertex   4.000000e+00 3.700000e+01 0.000000e+00
    endloop
  endfacet
  facet normal 0.000000e+00 -1.000000e+00 0.000000e+00
    outer loop
      vertex   4.000000e+00 3.700000e+01 0.000000e+00
      vertex   0.000000e+00 3.700000e+01 1.000000e+00
      vertex   -3.407417e-02 3.700000e+01 7.411810e-01
    endloop
  endfacet
  facet normal 0.000000e+00 -1.000000e+00 0.000000e+00
    outer loop
      vertex   4.000000e+00 3.700000e+01 0.000000e+00
      vertex   -3.407417e-02 3.700000e+01 7.411810e-01
      vertex   -1.339746e-01 3.700000e+01 5.000000e-01
    endloop
  endfacet
  facet normal 0.000000e+00 -1.000000e+00 -0.000000e+00
    outer loop
      vertex   -1.339746e-01 3.700000e+01 5.000000e-01
      vertex   -2.928932e-01 3.700000e+01 2.928932e-01
      vertex   4.000000e+00 3.700000e+01 0.000000e+00
    endloop
  endfacet
  facet normal 0.000000e+00 -1.000000e+00 0.000000e+00
    outer loop
      vertex   4.000000e+00 3.700000e+01 0.000000e+00
      vertex   -2.928932e-01 3.700000e+01 2.928932e-01
      vertex   -5.000000e-01 3.700000e+01 1.339746e-01
    endloop
  endfacet
  facet normal 0.000000e+00 -1.000000e+00 0.000000e+00
    outer loop
      vertex   4.000000e+00 3.700000e+01 0.000000e+00
      vertex   -5.000000e-01 3.700000e+01 1.339746e-01
      vertex   -7.411810e-01 3.700000e+01 3.407417e-02
    endloop
  endfacet
  facet normal 0.000000e+00 -1.000000e+00 -0.000000e+00
    outer loop
      vertex   -7.411810e-01 3.700000e+01 3.407417e-02
      vertex   -1.000000e+00 3.700000e+01 0.000000e+00
      vertex   4.000000e+00 3.700000e+01 0.000000e+00
    endloop
  endfacet
  facet normal 0.000000e+00 -1.000000e+00 0.000000e+00
    outer loop
      vertex   4.000000e+00 3.700000e+01 5.600000e+01
      vertex   -1.339746e-01 3.700000e+01 5.500000e+00
      vertex   4.000000e+00 3.700000e+01 0.000000e+00
    endloop
  endfacet
  facet normal 0.000000e+00 -1.000000e+00 0.000000e+00
    outer loop
      vertex   4.000000e+00 3.700000e+01 0.000000e+00
      vertex   -1.339746e-01 3.700000e+01 5.500000e+00
      vertex   -3.407417e-02 3.700000e+01 5.258819e+00
    endloop
  endfacet
  facet normal 0.000000e+00 -1.000000e+00 0.000000e+00
    outer loop
      vertex   4.000000e+00 3.700000e+01 0.000000e+00
      vertex   -3.407417e-02 3.700000e+01 5.258819e+00
      vertex   0.000000e+00 3.700000e+01 5.000000e+00
    endloop
  endfacet
  facet normal 0.000000e+00 -1.000000e+00 0.000000e+00
    outer loop
      vertex   -2.400000e+01 3.700000e+01 5.600000e+01
      vertex   -1.000000e+00 3.700000e+01 6.000000e+00
      vertex   4.000000e+00 3.700000e+01 5.600000e+01
    endloop
  endfacet
  facet normal 0.000000e+00 -1.000000e+00 0.000000e+00
    outer loop
      vertex   4.000000e+00 3.700000e+01 5.600000e+01
      vertex   -1.000000e+00 3.700000e+01 6.000000e+00
      vertex   -7.411810e-01 3.700000e+01 5.965926e+00
    endloop
  endfacet
  facet normal 0.000000e+00 -1.000000e+00 0.000000e+00
    outer loop
      vertex   4.000000e+00 3.700000e+01 5.600000e+01
      vertex   -7.411810e-01 3.700000e+01 5.965926e+00
      vertex   -5.000000e-01 3.700000e+01 5.866025e+00
    endloop
  endfacet
  facet normal 0.000000e+00 -1.000000e+00 0.000000e+00
    outer loop
      vertex   -2.400000e+01 3.700000e+01 0.000000e+00
      vertex   -1.986603e+01 3.700000e+01 5.500000e+00
      vertex   -2.400000e+01 3.700000e+01 5.600000e+01
    endloop
  endfacet
  facet normal 0.000000e+00 -1.000000e+00 0.000000e+00
    outer loop
      vertex   -2.400000e+01 3.700000e+01 5.600000e+01
      vertex   -1.986603e+01 3.700000e+01 5.500000e+00
      vertex   -1.970711e+01 3.700000e+01 5.707107e+00
    endloop
  endfacet
  facet normal 0.000000e+00 -1.000000e+00 0.000000e+00
    outer loop
      vertex   -2.400000e+01 3.700000e+01 5.600000e+01
      vertex   -1.970711e+01 3.700000e+01 5.707107e+00
      vertex   -1.950000e+01 3.700000e+01 5.866025e+00
    endloop
  endfacet
  facet normal 0.000000e+00 -1.000000e+00 0.000000e+00
    outer loop
      vertex   -1.900000e+01 3.700000e+01 0.000000e+00
      vertex   -1.925882e+01 3.700000e+01 3.407417e-02
      vertex   -2.400000e+01 3.700000e+01 0.000000e+00
    endloop
  endfacet
  facet normal 0.000000e+00 -1.000000e+00 0.000000e+00
    outer loop
      vertex   -2.400000e+01 3.700000e+01 0.000000e+00
      vertex   -1.925882e+01 3.700000e+01 3.407417e-02
      vertex   -1.950000e+01 3.700000e+01 1.339746e-01
    endloop
  endfacet
  facet normal 0.000000e+00 -1.000000e+00 0.000000e+00
    outer loop
      vertex   -2.400000e+01 3.700000e+01 0.000000e+00
      vertex   -1.950000e+01 3.700000e+01 1.339746e-01
      vertex   -1.970711e+01 3.700000e+01 2.928932e-01
    endloop
  endfacet
  facet normal -0.000000e+00 -1.000000e+00 0.000000e+00
    outer loop
      vertex   -1.970711e+01 3.700000e+01 2.928932e-01
      vertex   -1.986603e+01 3.700000e+01 5.000000e-01
      vertex   -2.400000e+01 3.700000e+01 0.000000e+00
    endloop
  endfacet
  facet normal 0.000000e+00 -1.000000e+00 0.000000e+00
    outer loop
      vertex   -2.400000e+01 3.700000e+01 0.000000e+00
      vertex   -1.986603e+01 3.700000e+01 5.000000e-01
      vertex   -1.996593e+01 3.700000e+01 7.411810e-01
    endloop
  endfacet
  facet normal 0.000000e+00 -1.000000e+00 0.000000e+00
    outer loop
      vertex   -2.400000e+01 3.700000e+01 0.000000e+00
      vertex   -1.996593e+01 3.700000e+01 7.411810e-01
      vertex   -2.000000e+01 3.700000e+01 1.000000e+00
    endloop
  endfacet
  facet normal -0.000000e+00 -1.000000e+00 0.000000e+00
    outer loop
      vertex   -2.000000e+01 3.700000e+01 1.000000e+00
      vertex   -2.000000e+01 3.700000e+01 5.000000e+00
      vertex   -2.400000e+01 3.700000e+01 0.000000e+00
    endloop
  endfacet
  facet normal 0.000000e+00 -1.000000e+00 0.000000e+00
    outer loop
      vertex   -2.400000e+01 3.700000e+01 0.000000e+00
      vertex   -2.000000e+01 3.700000e+01 5.000000e+00
      vertex   -1.996593e+01 3.700000e+01 5.258819e+00
    endloop
  endfacet
  facet normal 0.000000e+00 -1.000000e+00 0.000000e+00
    outer loop
      vertex   -2.400000e+01 3.700000e+01 0.000000e+00
      vertex   -1.996593e+01 3.700000e+01 5.258819e+00
      vertex   -1.986603e+01 3.700000e+01 5.500000e+00
    endloop
  endfacet
  facet normal 0.000000e+00 -1.000000e+00 0.000000e+00
    outer loop
      vertex   -1.950000e+01 3.700000e+01 5.866025e+00
      vertex   -1.925882e+01 3.700000e+01 5.965926e+00
      vertex   -2.400000e+01 3.700000e+01 5.600000e+01
    endloop
  endfacet
  facet normal 0.000000e+00 -1.000000e+00 0.000000e+00
    outer loop
      vertex   -2.400000e+01 3.700000e+01 5.600000e+01
      vertex   -1.925882e+01 3.700000e+01 5.965926e+00
      vertex   -1.900000e+01 3.700000e+01 6.000000e+00
    endloop
  endfacet
  facet normal 0.000000e+00 -1.000000e+00 0.000000e+00
    outer loop
      vertex   -2.400000e+01 3.700000e+01 5.600000e+01
      vertex   -1.900000e+01 3.700000e+01 6.000000e+00
      vertex   -1.000000e+00 3.700000e+01 6.000000e+00
    endloop
  endfacet
  facet normal 0.000000e+00 -1.000000e+00 0.000000e+00
    outer loop
      vertex   -5.000000e-01 3.700000e+01 5.866025e+00
      vertex   -2.928932e-01 3.700000e+01 5.707107e+00
      vertex   4.000000e+00 3.700000e+01 5.600000e+01
    endloop
  endfacet
  facet normal 0.000000e+00 -1.000000e+00 0.000000e+00
    outer loop
      vertex   4.000000e+00 3.700000e+01 5.600000e+01
      vertex   -2.928932e-01 3.700000e+01 5.707107e+00
      vertex   -1.339746e-01 3.700000e+01 5.500000e+00
    endloop
  endfacet
  facet normal -1.000000e+00 0.000000e+00 0.000000e+00
    outer loop
      vertex   -2.500000e+01 3.800000e+01 0.000000e+00
      vertex   -2.500000e+01 3.800000e+01 5.600000e+01
      vertex   -2.500000e+01 5.400000e+01 0.000000e+00
    endloop
  endfacet
  facet normal -1.000000e+00 0.000000e+00 0.000000e+00
    outer loop
      vertex   -2.500000e+01 5.400000e+01 0.000000e+00
      vertex   -2.500000e+01 3.800000e+01 5.600000e+01
      vertex   -2.500000e+01 5.400000e+01 5.600000e+01
    endloop
  endfacet
  facet normal -9.914449e-01 -1.305262e-01 0.000000e+00
    outer loop
      vertex   -2.496593e+01 3.774118e+01 0.000000e+00
      vertex   -2.496593e+01 3.774118e+01 5.600000e+00
      vertex   -2.500000e+01 3.800000e+01 0.000000e+00
    endloop
  endfacet
  facet normal -9.914449e-01 -1.305262e-01 0.000000e+00
    outer loop
      vertex   -2.500000e+01 3.800000e+01 0.000000e+00
      vertex   -2.496593e+01 3.774118e+01 5.600000e+00
      vertex   -2.496593e+01 3.774118e+01 1.120000e+01
    endloop
  endfacet
  facet normal -9.914449e-01 -1.305262e-01 0.000000e+00
    outer loop
      vertex   -2.500000e+01 3.800000e+01 0.000000e+00
      vertex   -2.496593e+01 3.774118e+01 1.120000e+01
      vertex   -2.496593e+01 3.774118e+01 1.680000e+01
    endloop
  endfacet
  facet normal -9.238795e-01 -3.826834e-01 -0.000000e+00
    outer loop
      vertex   -2.496593e+01 3.774118e+01 1.680000e+01
      vertex   -2.496593e+01 3.774118e+01 1.120000e+01
      vertex   -2.486603e+01 3.750000e+01 1.680000e+01
    endloop
  endfacet
  facet normal -9.238795e-01 -3.826834e-01 0.000000e+00
    outer loop
      vertex   -2.496593e+01 3.774118e+01 1.680000e+01
      vertex   -2.486603e+01 3.750000e+01 1.680000e+01
      vertex   -2.486603e+01 3.750000e+01 2.240000e+01
    endloop
  endfacet
  facet normal -7.933533e-01 -6.087614e-01 -0.000000e+00
    outer loop
      vertex   -2.486603e+01 3.750000e+01 2.240000e+01
      vertex   -2.486603e+01 3.750000e+01 1.680000e+01
      vertex   -2.470711e+01 3.729289e+01 2.240000e+01
    endloop
  endfacet
  facet normal -7.933533e-01 -6.087614e-01 0.000000e+00
    outer loop
      vertex   -2.486603e+01 3.750000e+01 2.240000e+01
      vertex   -2.470711e+01 3.729289e+01 2.240000e+01
      vertex   -2.470711e+01 3.729289e+01 2.800000e+01
    endloop
  endfacet
  facet normal -6.087614e-01 -7.933533e-01 -0.000000e+00
    outer loop
      vertex   -2.470711e+01 3.729289e+01 2.800000e+01
      vertex   -2.470711e+01 3.729289e+01 2.240000e+01
      vertex   -2.450000e+01 3.713398e+01 2.800000e+01
    endloop
  endfacet
  facet normal -6.087614e-01 -7.933533e-01 0.000000e+00
    outer loop
      vertex   -2.470711e+01 3.729289e+01 2.800000e+01
      vertex   -2.450000e+01 3.713398e+01 2.800000e+01
      vertex   -2.450000e+01 3.713398e+01 3.360000e+01
    endloop
  endfacet
  facet normal -3.826834e-01 -9.238795e-01 -0.000000e+00
    outer loop
      vertex   -2.450000e+01 3.713398e+01 3.360000e+01
      vertex   -2.450000e+01 3.713398e+01 2.800000e+01
      vertex   -2.425882e+01 3.703407e+01 3.360000e+01
    endloop
  endfacet
  facet normal -3.826834e-01 -9.238795e-01 0.000000e+00
    outer loop
      vertex   -2.450000e+01 3.713398e+01 3.360000e+01
      vertex   -2.425882e+01 3.703407e+01 3.360000e+01
      vertex   -2.425882e+01 3.703407e+01 3.920000e+01
    endloop
  endfacet
  facet normal -1.305262e-01 -9.914449e-01 -0.000000e+00
    outer loop
      vertex   -2.425882e+01 3.703407e+01 3.920000e+01
      vertex   -2.425882e+01 3.703407e+01 3.360000e+01
      vertex   -2.400000e+01 3.700000e+01 5.600000e+01
    endloop
  endfacet
  facet normal -1.305262e-01 -9.914449e-01 0.000000e+00
    outer loop
      vertex   -2.425882e+01 3.703407e+01 3.920000e+01
      vertex   -2.400000e+01 3.700000e+01 5.600000e+01
      vertex   -2.425882e+01 3.703407e+01 4.480000e+01
    endloop
  endfacet
  facet normal -1.305262e-01 -9.914449e-01 0.000000e+00
    outer loop
      vertex   -2.425882e+01 3.703407e+01 4.480000e+01
      vertex   -2.400000e+01 3.700000e+01 5.600000e+01
      vertex   -2.425882e+01 3.703407e+01 5.040000e+01
    endloop
  endfacet
  facet normal -3.826834e-01 -9.238795e-01 0.000000e+00
    outer loop
      vertex   -2.425882e+01 3.703407e+01 4.480000e+01
      vertex   -2.425882e+01 3.703407e+01 5.040000e+01
      vertex   -2.450000e+01 3.713398e+01 4.480000e+01
    endloop
  endfacet
  facet normal -3.826834e-01 -9.238795e-01 0.000000e+00
    outer loop
      vertex   -2.450000e+01 3.713398e+01 4.480000e+01
      vertex   -2.425882e+01 3.703407e+01 5.040000e+01
      vertex   -2.450000e+01 3.713398e+01 5.040000e+01
    endloop
  endfacet
  facet normal -6.087614e-01 -7.933533e-01 0.000000e+00
    outer loop
      vertex   -2.450000e+01 3.713398e+01 4.480000e+01
      vertex   -2.450000e+01 3.713398e+01 5.040000e+01
      vertex   -2.470711e+01 3.729289e+01 4.480000e+01
    endloop
  endfacet
  facet normal -6.087614e-01 -7.933533e-01 0.000000e+00
    outer loop
      vertex   -2.470711e+01 3.729289e+01 4.480000e+01
      vertex   -2.450000e+01 3.713398e+01 5.040000e+01
      vertex   -2.470711e+01 3.729289e+01 5.040000e+01
    endloop
  endfacet
  facet normal -7.933533e-01 -6.087614e-01 0.000000e+00
    outer loop
      vertex   -2.470711e+01 3.729289e+01 4.480000e+01
      vertex   -2.470711e+01 3.729289e+01 5.040000e+01
      vertex   -2.486603e+01 3.750000e+01 4.480000e+01
    endloop
  endfacet
  facet normal -7.933533e-01 -6.087614e-01 0.000000e+00
    outer loop
      vertex   -2.486603e+01 3.750000e+01 4.480000e+01
      vertex   -2.470711e+01 3.729289e+01 5.040000e+01
      vertex   -2.486603e+01 3.750000e+01 5.040000e+01
    endloop
  endfacet
  facet normal -9.238795e-01 -3.826834e-01 0.000000e+00
    outer loop
      vertex   -2.486603e+01 3.750000e+01 4.480000e+01
      vertex   -2.486603e+01 3.750000e+01 5.040000e+01
      vertex   -2.496593e+01 3.774118e+01 4.480000e+01
    endloop
  endfacet
  facet normal -9.238795e-01 -3.826834e-01 0.000000e+00
    outer loop
      vertex   -2.496593e+01 3.774118e+01 4.480000e+01
      vertex   -2.486603e+01 3.750000e+01 5.040000e+01
      vertex   -2.496593e+01 3.774118e+01 5.040000e+01
    endloop
  endfacet
  facet normal -9.914449e-01 -1.305262e-01 0.000000e+00
    outer loop
      vertex   -2.496593e+01 3.774118e+01 4.480000e+01
      vertex   -2.496593e+01 3.774118e+01 5.040000e+01
      vertex   -2.500000e+01 3.800000e+01 5.600000e+01
    endloop
  endfacet
  facet normal -9.914449e-01 -1.305262e-01 0.000000e+00
    outer loop
      vertex   -2.500000e+01 3.800000e+01 5.600000e+01
      vertex   -2.496593e+01 3.774118e+01 5.040000e+01
      vertex   -2.496593e+01 3.774118e+01 5.600000e+01
    endloop
  endfacet
  facet normal -9.238795e-01 -3.826834e-01 -0.000000e+00
    outer loop
      vertex   -2.496593e+01 3.774118e+01 5.600000e+01
      vertex   -2.496593e+01 3.774118e+01 5.040000e+01
      vertex   -2.486603e+01 3.750000e+01 5.600000e+01
    endloop
  endfacet
  facet normal -9.238795e-01 -3.826834e-01 -0.000000e+00
    outer loop
      vertex   -2.486603e+01 3.750000e+01 5.600000e+01
      vertex   -2.496593e+01 3.774118e+01 5.040000e+01
      vertex   -2.486603e+01 3.750000e+01 5.040000e+01
    endloop
  endfacet
  facet normal -7.933533e-01 -6.087614e-01 -0.000000e+00
    outer loop
      vertex   -2.486603e+01 3.750000e+01 5.600000e+01
      vertex   -2.486603e+01 3.750000e+01 5.040000e+01
      vertex   -2.470711e+01 3.729289e+01 5.600000e+01
    endloop
  endfacet
  facet normal -7.933533e-01 -6.087614e-01 -0.000000e+00
    outer loop
      vertex   -2.470711e+01 3.729289e+01 5.600000e+01
      vertex   -2.486603e+01 3.750000e+01 5.040000e+01
      vertex   -2.470711e+01 3.729289e+01 5.040000e+01
    endloop
  endfacet
  facet normal -6.087614e-01 -7.933533e-01 -0.000000e+00
    outer loop
      vertex   -2.470711e+01 3.729289e+01 5.600000e+01
      vertex   -2.470711e+01 3.729289e+01 5.040000e+01
      vertex   -2.450000e+01 3.713398e+01 5.600000e+01
    endloop
  endfacet
  facet normal -6.087614e-01 -7.933533e-01 -0.000000e+00
    outer loop
      vertex   -2.450000e+01 3.713398e+01 5.600000e+01
      vertex   -2.470711e+01 3.729289e+01 5.040000e+01
      vertex   -2.450000e+01 3.713398e+01 5.040000e+01
    endloop
  endfacet
  facet normal -3.826834e-01 -9.238795e-01 -0.000000e+00
    outer loop
      vertex   -2.450000e+01 3.713398e+01 5.600000e+01
      vertex   -2.450000e+01 3.713398e+01 5.040000e+01
      vertex   -2.425882e+01 3.703407e+01 5.600000e+01
    endloop
  endfacet
  facet normal -3.826834e-01 -9.238795e-01 -0.000000e+00
    outer loop
      vertex   -2.425882e+01 3.703407e+01 5.600000e+01
      vertex   -2.450000e+01 3.713398e+01 5.040000e+01
      vertex   -2.425882e+01 3.703407e+01 5.040000e+01
    endloop
  endfacet
  facet normal -1.305262e-01 -9.914449e-01 -0.000000e+00
    outer loop
      vertex   -2.425882e+01 3.703407e+01 5.600000e+01
      vertex   -2.425882e+01 3.703407e+01 5.040000e+01
      vertex   -2.400000e+01 3.700000e+01 5.600000e+01
    endloop
  endfacet
  facet normal -9.238795e-01 -3.826834e-01 -0.000000e+00
    outer loop
      vertex   -2.496593e+01 3.774118e+01 5.600000e+00
      vertex   -2.496593e+01 3.774118e+01 0.000000e+00
      vertex   -2.486603e+01 3.750000e+01 5.600000e+00
    endloop
  endfacet
  facet normal -9.238795e-01 -3.826834e-01 -0.000000e+00
    outer loop
      vertex   -2.486603e+01 3.750000e+01 5.600000e+00
      vertex   -2.496593e+01 3.774118e+01 0.000000e+00
      vertex   -2.486603e+01 3.750000e+01 0.000000e+00
    endloop
  endfacet
  facet normal -7.933533e-01 -6.087614e-01 -0.000000e+00
    outer loop
      vertex   -2.486603e+01 3.750000e+01 5.600000e+00
      vertex   -2.486603e+01 3.750000e+01 0.000000e+00
      vertex   -2.470711e+01 3.729289e+01 5.600000e+00
    endloop
  endfacet
  facet normal -7.933533e-01 -6.087614e-01 -0.000000e+00
    outer loop
      vertex   -2.470711e+01 3.729289e+01 5.600000e+00
      vertex   -2.486603e+01 3.750000e+01 0.000000e+00
      vertex   -2.470711e+01 3.729289e+01 0.000000e+00
    endloop
  endfacet
  facet normal -6.087614e-01 -7.933533e-01 -0.000000e+00
    outer loop
      vertex   -2.470711e+01 3.729289e+01 5.600000e+00
      vertex   -2.470711e+01 3.729289e+01 0.000000e+00
      vertex   -2.450000e+01 3.713398e+01 5.600000e+00
    endloop
  endfacet
  facet normal -6.087614e-01 -7.933533e-01 -0.000000e+00
    outer loop
      vertex   -2.450000e+01 3.713398e+01 5.600000e+00
      vertex   -2.470711e+01 3.729289e+01 0.000000e+00
      vertex   -2.450000e+01 3.713398e+01 0.000000e+00
    endloop
  endfacet
  facet normal -3.826834e-01 -9.238795e-01 -0.000000e+00
    outer loop
      vertex   -2.450000e+01 3.713398e+01 5.600000e+00
      vertex   -2.450000e+01 3.713398e+01 0.000000e+00
      vertex   -2.425882e+01 3.703407e+01 5.600000e+00
    endloop
  endfacet
  facet normal -3.826834e-01 -9.238795e-01 -0.000000e+00
    outer loop
      vertex   -2.425882e+01 3.703407e+01 5.600000e+00
      vertex   -2.450000e+01 3.713398e+01 0.000000e+00
      vertex   -2.425882e+01 3.703407e+01 0.000000e+00
    endloop
  endfacet
  facet normal -1.305262e-01 -9.914449e-01 -0.000000e+00
    outer loop
      vertex   -2.425882e+01 3.703407e+01 5.600000e+00
      vertex   -2.425882e+01 3.703407e+01 0.000000e+00
      vertex   -2.400000e+01 3.700000e+01 0.000000e+00
    endloop
  endfacet
  facet normal -1.305262e-01 -9.914449e-01 -0.000000e+00
    outer loop
      vertex   -2.400000e+01 3.700000e+01 5.600000e+01
      vertex   -2.425882e+01 3.703407e+01 2.800000e+01
      vertex   -2.400000e+01 3.700000e+01 0.000000e+00
    endloop
  endfacet
  facet normal -1.305262e-01 -9.914449e-01 0.000000e+00
    outer loop
      vertex   -2.400000e+01 3.700000e+01 0.000000e+00
      vertex   -2.425882e+01 3.703407e+01 2.800000e+01
      vertex   -2.425882e+01 3.703407e+01 2.240000e+01
    endloop
  endfacet
  facet normal -1.305262e-01 -9.914449e-01 0.000000e+00
    outer loop
      vertex   -2.400000e+01 3.700000e+01 0.000000e+00
      vertex   -2.425882e+01 3.703407e+01 2.240000e+01
      vertex   -2.425882e+01 3.703407e+01 1.680000e+01
    endloop
  endfacet
  facet normal -3.826834e-01 -9.238795e-01 0.000000e+00
    outer loop
      vertex   -2.425882e+01 3.703407e+01 1.680000e+01
      vertex   -2.425882e+01 3.703407e+01 2.240000e+01
      vertex   -2.450000e+01 3.713398e+01 1.680000e+01
    endloop
  endfacet
  facet normal -3.826834e-01 -9.238795e-01 0.000000e+00
    outer loop
      vertex   -2.425882e+01 3.703407e+01 1.680000e+01
      vertex   -2.450000e+01 3.713398e+01 1.680000e+01
      vertex   -2.450000e+01 3.713398e+01 1.120000e+01
    endloop
  endfacet
  facet normal -6.087614e-01 -7.933533e-01 0.000000e+00
    outer loop
      vertex   -2.450000e+01 3.713398e+01 1.120000e+01
      vertex   -2.450000e+01 3.713398e+01 1.680000e+01
      vertex   -2.470711e+01 3.729289e+01 1.120000e+01
    endloop
  endfacet
  facet normal -6.087614e-01 -7.933533e-01 0.000000e+00
    outer loop
      vertex   -2.450000e+01 3.713398e+01 1.120000e+01
      vertex   -2.470711e+01 3.729289e+01 1.120000e+01
      vertex   -2.470711e+01 3.729289e+01 5.600000e+00
    endloop
  endfacet
  facet normal -7.933533e-01 -6.087614e-01 0.000000e+00
    outer loop
      vertex   -2.470711e+01 3.729289e+01 5.600000e+00
      vertex   -2.470711e+01 3.729289e+01 1.120000e+01
      vertex   -2.486603e+01 3.750000e+01 5.600000e+00
    endloop
  endfacet
  facet normal -9.914449e-01 -1.305262e-01 0.000000e+00
    outer loop
      vertex   -2.500000e+01 3.800000e+01 0.000000e+00
      vertex   -2.496593e+01 3.774118e+01 2.800000e+01
      vertex   -2.500000e+01 3.800000e+01 5.600000e+01
    endloop
  endfacet
  facet normal -9.914449e-01 -1.305262e-01 0.000000e+00
    outer loop
      vertex   -2.500000e+01 3.800000e+01 5.600000e+01
      vertex   -2.496593e+01 3.774118e+01 2.800000e+01
      vertex   -2.496593e+01 3.774118e+01 3.360000e+01
    endloop
  endfacet
  facet normal -9.914449e-01 -1.305262e-01 0.000000e+00
    outer loop
      vertex   -2.500000e+01 3.800000e+01 5.600000e+01
      vertex   -2.496593e+01 3.774118e+01 3.360000e+01
      vertex   -2.496593e+01 3.774118e+01 3.920000e+01
    endloop
  endfacet
  facet normal -9.238795e-01 -3.826834e-01 -0.000000e+00
    outer loop
      vertex   -2.496593e+01 3.774118e+01 3.920000e+01
      vertex   -2.496593e+01 3.774118e+01 3.360000e+01
      vertex   -2.486603e+01 3.750000e+01 3.920000e+01
    endloop
  endfacet
  facet normal -9.238795e-01 -3.826834e-01 0.000000e+00
    outer loop
      vertex   -2.496593e+01 3.774118e+01 3.920000e+01
      vertex   -2.486603e+01 3.750000e+01 3.920000e+01
      vertex   -2.486603e+01 3.750000e+01 4.480000e+01
    endloop
  endfacet
  facet normal -7.933533e-01 -6.087614e-01 -0.000000e+00
    outer loop
      vertex   -2.486603e+01 3.750000e+01 4.480000e+01
      vertex   -2.486603e+01 3.750000e+01 3.920000e+01
      vertex   -2.470711e+01 3.729289e+01 4.480000e+01
    endloop
  endfacet
  facet normal -9.238795e-01 -3.826834e-01 -0.000000e+00
    outer loop
      vertex   -2.496593e+01 3.774118e+01 1.120000e+01
      vertex   -2.496593e+01 3.774118e+01 5.600000e+00
      vertex   -2.486603e+01 3.750000e+01 1.120000e+01
    endloop
  endfacet
  facet normal -9.238795e-01 -3.826834e-01 -0.000000e+00
    outer loop
      vertex   -2.486603e+01 3.750000e+01 1.120000e+01
      vertex   -2.496593e+01 3.774118e+01 5.600000e+00
      vertex   -2.486603e+01 3.750000e+01 5.600000e+00
    endloop
  endfacet
  facet normal -7.933533e-01 -6.087614e-01 -0.000000e+00
    outer loop
      vertex   -2.486603e+01 3.750000e+01 1.120000e+01
      vertex   -2.486603e+01 3.750000e+01 5.600000e+00
      vertex   -2.470711e+01 3.729289e+01 1.120000e+01
    endloop
  endfacet
  facet normal -9.914449e-01 -1.305262e-01 -0.000000e+00
    outer loop
      vertex   -2.496593e+01 3.774118e+01 2.800000e+01
      vertex   -2.500000e+01 3.800000e+01 0.000000e+00
      vertex   -2.496593e+01 3.774118e+01 2.240000e+01
    endloop
  endfacet
  facet normal -9.914449e-01 -1.305262e-01 -0.000000e+00
    outer loop
      vertex   -2.496593e+01 3.774118e+01 2.240000e+01
      vertex   -2.500000e+01 3.800000e+01 0.000000e+00
      vertex   -2.496593e+01 3.774118e+01 1.680000e+01
    endloop
  endfacet
  facet normal -9.238795e-01 -3.826834e-01 -0.000000e+00
    outer loop
      vertex   -2.496593e+01 3.774118e+01 2.240000e+01
      vertex   -2.496593e+01 3.774118e+01 1.680000e+01
      vertex   -2.486603e+01 3.750000e+01 2.240000e+01
    endloop
  endfacet
  facet normal -9.238795e-01 -3.826834e-01 -0.000000e+00
    outer loop
      vertex   -2.496593e+01 3.774118e+01 2.800000e+01
      vertex   -2.496593e+01 3.774118e+01 2.240000e+01
      vertex   -2.486603e+01 3.750000e+01 2.800000e+01
    endloop
  endfacet
  facet normal -9.238795e-01 -3.826834e-01 -0.000000e+00
    outer loop
      vertex   -2.486603e+01 3.750000e+01 2.800000e+01
      vertex   -2.496593e+01 3.774118e+01 2.240000e+01
      vertex   -2.486603e+01 3.750000e+01 2.240000e+01
    endloop
  endfacet
  facet normal -7.933533e-01 -6.087614e-01 -0.000000e+00
    outer loop
      vertex   -2.486603e+01 3.750000e+01 2.800000e+01
      vertex   -2.486603e+01 3.750000e+01 2.240000e+01
      vertex   -2.470711e+01 3.729289e+01 2.800000e+01
    endloop
  endfacet
  facet normal -9.914449e-01 -1.305262e-01 -0.000000e+00
    outer loop
      vertex   -2.496593e+01 3.774118e+01 4.480000e+01
      vertex   -2.500000e+01 3.800000e+01 5.600000e+01
      vertex   -2.496593e+01 3.774118e+01 3.920000e+01
    endloop
  endfacet
  facet normal -9.238795e-01 -3.826834e-01 -0.000000e+00
    outer loop
      vertex   -2.496593e+01 3.774118e+01 3.360000e+01
      vertex   -2.496593e+01 3.774118e+01 2.800000e+01
      vertex   -2.486603e+01 3.750000e+01 3.360000e+01
    endloop
  endfacet
  facet normal -9.238795e-01 -3.826834e-01 -0.000000e+00
    outer loop
      vertex   -2.486603e+01 3.750000e+01 3.360000e+01
      vertex   -2.496593e+01 3.774118e+01 2.800000e+01
      vertex   -2.486603e+01 3.750000e+01 2.800000e+01
    endloop
  endfacet
  facet normal -7.933533e-01 -6.087614e-01 -0.000000e+00
    outer loop
      vertex   -2.486603e+01 3.750000e+01 3.360000e+01
      vertex   -2.486603e+01 3.750000e+01 2.800000e+01
      vertex   -2.470711e+01 3.729289e+01 3.360000e+01
    endloop
  endfacet
  facet normal -7.933533e-01 -6.087614e-01 -0.000000e+00
    outer loop
      vertex   -2.470711e+01 3.729289e+01 3.360000e+01
      vertex   -2.486603e+01 3.750000e+01 2.800000e+01
      vertex   -2.470711e+01 3.729289e+01 2.800000e+01
    endloop
  endfacet
  facet normal -6.087614e-01 -7.933533e-01 -0.000000e+00
    outer loop
      vertex   -2.470711e+01 3.729289e+01 3.360000e+01
      vertex   -2.470711e+01 3.729289e+01 2.800000e+01
      vertex   -2.450000e+01 3.713398e+01 3.360000e+01
    endloop
  endfacet
  facet normal -9.238795e-01 -3.826834e-01 0.000000e+00
    outer loop
      vertex   -2.486603e+01 3.750000e+01 4.480000e+01
      vertex   -2.496593e+01 3.774118e+01 4.480000e+01
      vertex   -2.496593e+01 3.774118e+01 3.920000e+01
    endloop
  endfacet
  facet normal -9.238795e-01 -3.826834e-01 0.000000e+00
    outer loop
      vertex   -2.496593e+01 3.774118e+01 1.120000e+01
      vertex   -2.486603e+01 3.750000e+01 1.120000e+01
      vertex   -2.486603e+01 3.750000e+01 1.680000e+01
    endloop
  endfacet
  facet normal -7.933533e-01 -6.087614e-01 -0.000000e+00
    outer loop
      vertex   -2.486603e+01 3.750000e+01 1.680000e+01
      vertex   -2.486603e+01 3.750000e+01 1.120000e+01
      vertex   -2.470711e+01 3.729289e+01 1.680000e+01
    endloop
  endfacet
  facet normal -7.933533e-01 -6.087614e-01 0.000000e+00
    outer loop
      vertex   -2.486603e+01 3.750000e+01 1.680000e+01
      vertex   -2.470711e+01 3.729289e+01 1.680000e+01
      vertex   -2.470711e+01 3.729289e+01 2.240000e+01
    endloop
  endfacet
  facet normal -6.087614e-01 -7.933533e-01 -0.000000e+00
    outer loop
      vertex   -2.470711e+01 3.729289e+01 2.240000e+01
      vertex   -2.470711e+01 3.729289e+01 1.680000e+01
      vertex   -2.450000e+01 3.713398e+01 2.240000e+01
    endloop
  endfacet
  facet normal -6.087614e-01 -7.933533e-01 0.000000e+00
    outer loop
      vertex   -2.470711e+01 3.729289e+01 2.240000e+01
      vertex   -2.450000e+01 3.713398e+01 2.240000e+01
      vertex   -2.450000e+01 3.713398e+01 2.800000e+01
    endloop
  endfacet
  facet normal -3.826834e-01 -9.238795e-01 -0.000000e+00
    outer loop
      vertex   -2.450000e+01 3.713398e+01 2.800000e+01
      vertex   -2.450000e+01 3.713398e+01 2.240000e+01
      vertex   -2.425882e+01 3.703407e+01 2.800000e+01
    endloop
  endfacet
  facet normal -3.826834e-01 -9.238795e-01 0.000000e+00
    outer loop
      vertex   -2.450000e+01 3.713398e+01 2.800000e+01
      vertex   -2.425882e+01 3.703407e+01 2.800000e+01
      vertex   -2.425882e+01 3.703407e+01 3.360000e+01
    endloop
  endfacet
  facet normal -1.305262e-01 -9.914449e-01 -0.000000e+00
    outer loop
      vertex   -2.425882e+01 3.703407e+01 3.360000e+01
      vertex   -2.425882e+01 3.703407e+01 2.800000e+01
      vertex   -2.400000e+01 3.700000e+01 5.600000e+01
    endloop
  endfacet
  facet normal -7.933533e-01 -6.087614e-01 -0.000000e+00
    outer loop
      vertex   -2.470711e+01 3.729289e+01 1.680000e+01
      vertex   -2.486603e+01 3.750000e+01 1.120000e+01
      vertex   -2.470711e+01 3.729289e+01 1.120000e+01
    endloop
  endfacet
  facet normal -9.238795e-01 -3.826834e-01 0.000000e+00
    outer loop
      vertex   -2.496593e+01 3.774118e+01 3.360000e+01
      vertex   -2.486603e+01 3.750000e+01 3.360000e+01
      vertex   -2.486603e+01 3.750000e+01 3.920000e+01
    endloop
  endfacet
  facet normal -7.933533e-01 -6.087614e-01 -0.000000e+00
    outer loop
      vertex   -2.486603e+01 3.750000e+01 3.920000e+01
      vertex   -2.486603e+01 3.750000e+01 3.360000e+01
      vertex   -2.470711e+01 3.729289e+01 3.920000e+01
    endloop
  endfacet
  facet normal -7.933533e-01 -6.087614e-01 0.000000e+00
    outer loop
      vertex   -2.486603e+01 3.750000e+01 3.920000e+01
      vertex   -2.470711e+01 3.729289e+01 3.920000e+01
      vertex   -2.470711e+01 3.729289e+01 4.480000e+01
    endloop
  endfacet
  facet normal -6.087614e-01 -7.933533e-01 -0.000000e+00
    outer loop
      vertex   -2.470711e+01 3.729289e+01 4.480000e+01
      vertex   -2.470711e+01 3.729289e+01 3.920000e+01
      vertex   -2.450000e+01 3.713398e+01 4.480000e+01
    endloop
  endfacet
  facet normal -7.933533e-01 -6.087614e-01 -0.000000e+00
    outer loop
      vertex   -2.470711e+01 3.729289e+01 3.920000e+01
      vertex   -2.486603e+01 3.750000e+01 3.360000e+01
      vertex   -2.470711e+01 3.729289e+01 3.360000e+01
    endloop
  endfacet
  facet normal -6.087614e-01 -7.933533e-01 -0.000000e+00
    outer loop
      vertex   -2.450000e+01 3.713398e+01 1.120000e+01
      vertex   -2.470711e+01 3.729289e+01 5.600000e+00
      vertex   -2.450000e+01 3.713398e+01 5.600000e+00
    endloop
  endfacet
  facet normal -6.087614e-01 -7.933533e-01 -0.000000e+00
    outer loop
      vertex   -2.450000e+01 3.713398e+01 2.240000e+01
      vertex   -2.470711e+01 3.729289e+01 1.680000e+01
      vertex   -2.450000e+01 3.713398e+01 1.680000e+01
    endloop
  endfacet
  facet normal -6.087614e-01 -7.933533e-01 0.000000e+00
    outer loop
      vertex   -2.450000e+01 3.713398e+01 1.680000e+01
      vertex   -2.470711e+01 3.729289e+01 1.680000e+01
      vertex   -2.470711e+01 3.729289e+01 1.120000e+01
    endloop
  endfacet
  facet normal -6.087614e-01 -7.933533e-01 -0.000000e+00
    outer loop
      vertex   -2.470711e+01 3.729289e+01 3.920000e+01
      vertex   -2.470711e+01 3.729289e+01 3.360000e+01
      vertex   -2.450000e+01 3.713398e+01 3.920000e+01
    endloop
  endfacet
  facet normal -6.087614e-01 -7.933533e-01 -0.000000e+00
    outer loop
      vertex   -2.450000e+01 3.713398e+01 3.920000e+01
      vertex   -2.470711e+01 3.729289e+01 3.360000e+01
      vertex   -2.450000e+01 3.713398e+01 3.360000e+01
    endloop
  endfacet
  facet normal -3.826834e-01 -9.238795e-01 -0.000000e+00
    outer loop
      vertex   -2.450000e+01 3.713398e+01 3.920000e+01
      vertex   -2.450000e+01 3.713398e+01 3.360000e+01
      vertex   -2.425882e+01 3.703407e+01 3.920000e+01
    endloop
  endfacet
  facet normal -3.826834e-01 -9.238795e-01 -0.000000e+00
    outer loop
      vertex   -2.450000e+01 3.713398e+01 1.120000e+01
      vertex   -2.450000e+01 3.713398e+01 5.600000e+00
      vertex   -2.425882e+01 3.703407e+01 1.120000e+01
    endloop
  endfacet
  facet normal -3.826834e-01 -9.238795e-01 -0.000000e+00
    outer loop
      vertex   -2.425882e+01 3.703407e+01 1.120000e+01
      vertex   -2.450000e+01 3.713398e+01 5.600000e+00
      vertex   -2.425882e+01 3.703407e+01 5.600000e+00
    endloop
  endfacet
  facet normal -1.305262e-01 -9.914449e-01 -0.000000e+00
    outer loop
      vertex   -2.425882e+01 3.703407e+01 1.120000e+01
      vertex   -2.425882e+01 3.703407e+01 5.600000e+00
      vertex   -2.400000e+01 3.700000e+01 0.000000e+00
    endloop
  endfacet
  facet normal -3.826834e-01 -9.238795e-01 -0.000000e+00
    outer loop
      vertex   -2.425882e+01 3.703407e+01 2.800000e+01
      vertex   -2.450000e+01 3.713398e+01 2.240000e+01
      vertex   -2.425882e+01 3.703407e+01 2.240000e+01
    endloop
  endfacet
  facet normal -3.826834e-01 -9.238795e-01 0.000000e+00
    outer loop
      vertex   -2.425882e+01 3.703407e+01 2.240000e+01
      vertex   -2.450000e+01 3.713398e+01 2.240000e+01
      vertex   -2.450000e+01 3.713398e+01 1.680000e+01
    endloop
  endfacet
  facet normal -3.826834e-01 -9.238795e-01 0.000000e+00
    outer loop
      vertex   -2.425882e+01 3.703407e+01 4.480000e+01
      vertex   -2.450000e+01 3.713398e+01 4.480000e+01
      vertex   -2.450000e+01 3.713398e+01 3.920000e+01
    endloop
  endfacet
  facet normal -6.087614e-01 -7.933533e-01 0.000000e+00
    outer loop
      vertex   -2.450000e+01 3.713398e+01 3.920000e+01
      vertex   -2.450000e+01 3.713398e+01 4.480000e+01
      vertex   -2.470711e+01 3.729289e+01 3.920000e+01
    endloop
  endfacet
  facet normal -3.826834e-01 -9.238795e-01 -0.000000e+00
    outer loop
      vertex   -2.425882e+01 3.703407e+01 4.480000e+01
      vertex   -2.450000e+01 3.713398e+01 3.920000e+01
      vertex   -2.425882e+01 3.703407e+01 3.920000e+01
    endloop
  endfacet
  facet normal -1.305262e-01 -9.914449e-01 0.000000e+00
    outer loop
      vertex   -2.400000e+01 3.700000e+01 0.000000e+00
      vertex   -2.425882e+01 3.703407e+01 1.680000e+01
      vertex   -2.425882e+01 3.703407e+01 1.120000e+01
    endloop
  endfacet
  facet normal -3.826834e-01 -9.238795e-01 0.000000e+00
    outer loop
      vertex   -2.425882e+01 3.703407e+01 1.120000e+01
      vertex   -2.425882e+01 3.703407e+01 1.680000e+01
      vertex   -2.450000e+01 3.713398e+01 1.120000e+01
    endloop
  endfacet
  facet normal 0.000000e+00 0.000000e+00 -1.000000e+00
    outer loop
      vertex   -5.955919e+00 1.932516e+01 0.000000e+00
      vertex   -5.900000e+00 2.000000e+01 0.000000e+00
      vertex   -1.000000e+00 3.700000e+01 0.000000e+00
    endloop
  endfacet
  facet normal 0.000000e+00 0.000000e+00 -1.000000e+00
    outer loop
      vertex   -1.000000e+00 3.700000e+01 0.000000e+00
      vertex   -5.900000e+00 2.000000e+01 0.000000e+00
      vertex   -5.955919e+00 2.067484e+01 0.000000e+00
    endloop
  endfacet
  facet normal 0.000000e+00 0.000000e+00 -1.000000e+00
    outer loop
      vertex   -1.000000e+00 3.700000e+01 0.000000e+00
      vertex   -5.955919e+00 2.067484e+01 0.000000e+00
      vertex   -6.122149e+00 2.133127e+01 0.000000e+00
    endloop
  endfacet
  facet normal 0.000000e+00 0.000000e+00 -1.000000e+00
    outer loop
      vertex   -6.122149e+00 2.133127e+01 0.000000e+00
      vertex   -6.394158e+00 2.195138e+01 0.000000e+00
      vertex   -1.000000e+00 3.700000e+01 0.000000e+00
    endloop
  endfacet
  facet normal 0.000000e+00 0.000000e+00 -1.000000e+00
    outer loop
      vertex   -1.000000e+00 3.700000e+01 0.000000e+00
      vertex   -6.394158e+00 2.195138e+01 0.000000e+00
      vertex   -6.764524e+00 2.251827e+01 0.000000e+00
    endloop
  endfacet
  facet normal 0.000000e+00 0.000000e+00 -1.000000e+00
    outer loop
      vertex   -1.000000e+00 3.700000e+01 0.000000e+00
      vertex   -6.764524e+00 2.251827e+01 0.000000e+00
      vertex   -7.223146e+00 2.301647e+01 0.000000e+00
    endloop
  endfacet
  facet normal 0.000000e+00 0.000000e+00 -1.000000e+00
    outer loop
      vertex   -7.223146e+00 2.301647e+01 0.000000e+00
      vertex   -7.757513e+00 2.343238e+01 0.000000e+00
      vertex   -1.000000e+00 3.700000e+01 0.000000e+00
    endloop
  endfacet
  facet normal 0.000000e+00 0.000000e+00 -1.000000e+00
    outer loop
      vertex   -1.000000e+00 3.700000e+01 0.000000e+00
      vertex   -7.757513e+00 2.343238e+01 0.000000e+00
      vertex   -8.353049e+00 2.375467e+01 0.000000e+00
    endloop
  endfacet
  facet normal 0.000000e+00 0.000000e+00 -1.000000e+00
    outer loop
      vertex   -1.000000e+00 3.700000e+01 0.000000e+00
      vertex   -8.353049e+00 2.375467e+01 0.000000e+00
      vertex   -8.993510e+00 2.397454e+01 0.000000e+00
    endloop
  endfacet
  facet normal 0.000000e+00 0.000000e+00 -1.000000e+00
    outer loop
      vertex   -8.993510e+00 2.397454e+01 0.000000e+00
      vertex   -9.661425e+00 2.408600e+01 0.000000e+00
      vertex   -1.000000e+00 3.700000e+01 0.000000e+00
    endloop
  endfacet
  facet normal -0.000000e+00 0.000000e+00 -1.000000e+00
    outer loop
      vertex   -1.000000e+00 3.700000e+01 0.000000e+00
      vertex   -9.661425e+00 2.408600e+01 0.000000e+00
      vertex   -1.900000e+01 3.700000e+01 0.000000e+00
    endloop
  endfacet
  facet normal 0.000000e+00 0.000000e+00 -1.000000e+00
    outer loop
      vertex   -1.000000e+00 3.700000e+01 0.000000e+00
      vertex   -1.900000e+01 3.700000e+01 0.000000e+00
      vertex   4.000000e+00 5.500000e+01 0.000000e+00
    endloop
  endfacet
  facet normal -0.000000e+00 0.000000e+00 -1.000000e+00
    outer loop
      vertex   4.000000e+00 5.500000e+01 0.000000e+00
      vertex   -1.900000e+01 3.700000e+01 0.000000e+00
      vertex   -2.400000e+01 5.500000e+01 0.000000e+00
    endloop
  endfacet
  facet normal 0.000000e+00 0.000000e+00 -1.000000e+00
    outer loop
      vertex   -2.400000e+01 5.500000e+01 0.000000e+00
      vertex   -1.900000e+01 3.700000e+01 0.000000e+00
      vertex   -2.400000e+01 3.700000e+01 0.000000e+00
    endloop
  endfacet
  facet normal 0.000000e+00 -0.000000e+00 -1.000000e+00
    outer loop
      vertex   -2.400000e+01 5.500000e+01 0.000000e+00
      vertex   -2.400000e+01 3.700000e+01 0.000000e+00
      vertex   -2.500000e+01 3.800000e+01 0.000000e+00
    endloop
  endfacet
  facet normal 0.000000e+00 0.000000e+00 -1.000000e+00
    outer loop
      vertex   -2.500000e+01 3.800000e+01 0.000000e+00
      vertex   -2.400000e+01 3.700000e+01 0.000000e+00
      vertex   -2.425882e+01 3.703407e+01 0.000000e+00
    endloop
  endfacet
  facet normal 0.000000e+00 0.000000e+00 -1.000000e+00
    outer loop
      vertex   -2.500000e+01 3.800000e+01 0.000000e+00
      vertex   -2.425882e+01 3.703407e+01 0.000000e+00
      vertex   -2.450000e+01 3.713398e+01 0.000000e+00
    endloop
  endfacet
  facet normal 0.000000e+00 0.000000e+00 -1.000000e+00
    outer loop
      vertex   -9.661425e+00 2.408600e+01 0.000000e+00
      vertex   -1.033858e+01 2.408600e+01 0.000000e+00
      vertex   -1.900000e+01 3.700000e+01 0.000000e+00
    endloop
  endfacet
  facet normal 0.000000e+00 0.000000e+00 -1.000000e+00
    outer loop
      vertex   -1.900000e+01 3.700000e+01 0.000000e+00
      vertex   -1.033858e+01 2.408600e+01 0.000000e+00
      vertex   -1.100649e+01 2.397454e+01 0.000000e+00
    endloop
  endfacet
  facet normal 0.000000e+00 0.000000e+00 -1.000000e+00
    outer loop
      vertex   -1.900000e+01 3.700000e+01 0.000000e+00
      vertex   -1.100649e+01 2.397454e+01 0.000000e+00
      vertex   -1.164695e+01 2.375467e+01 0.000000e+00
    endloop
  endfacet
  facet normal -0.000000e+00 0.000000e+00 -1.000000e+00
    outer loop
      vertex   -1.164695e+01 2.375467e+01 0.000000e+00
      vertex   -1.224249e+01 2.343238e+01 0.000000e+00
      vertex   -1.900000e+01 3.700000e+01 0.000000e+00
    endloop
  endfacet
  facet normal 0.000000e+00 0.000000e+00 -1.000000e+00
    outer loop
      vertex   -1.900000e+01 3.700000e+01 0.000000e+00
      vertex   -1.224249e+01 2.343238e+01 0.000000e+00
      vertex   -1.277685e+01 2.301647e+01 0.000000e+00
    endloop
  endfacet
  facet normal 0.000000e+00 0.000000e+00 -1.000000e+00
    outer loop
      vertex   -1.900000e+01 3.700000e+01 0.000000e+00
      vertex   -1.277685e+01 2.301647e+01 0.000000e+00
      vertex   -1.323548e+01 2.251827e+01 0.000000e+00
    endloop
  endfacet
  facet normal -0.000000e+00 0.000000e+00 -1.000000e+00
    outer loop
      vertex   -1.323548e+01 2.251827e+01 0.000000e+00
      vertex   -1.360584e+01 2.195138e+01 0.000000e+00
      vertex   -1.900000e+01 3.700000e+01 0.000000e+00
    endloop
  endfacet
  facet normal 0.000000e+00 0.000000e+00 -1.000000e+00
    outer loop
      vertex   -1.900000e+01 3.700000e+01 0.000000e+00
      vertex   -1.360584e+01 2.195138e+01 0.000000e+00
      vertex   -1.387785e+01 2.133127e+01 0.000000e+00
    endloop
  endfacet
  facet normal 0.000000e+00 0.000000e+00 -1.000000e+00
    outer loop
      vertex   -1.900000e+01 3.700000e+01 0.000000e+00
      vertex   -1.387785e+01 2.133127e+01 0.000000e+00
      vertex   -1.404408e+01 2.067484e+01 0.000000e+00
    endloop
  endfacet
  facet normal -0.000000e+00 0.000000e+00 -1.000000e+00
    outer loop
      vertex   -1.404408e+01 2.067484e+01 0.000000e+00
      vertex   -1.410000e+01 2.000000e+01 0.000000e+00
      vertex   -1.900000e+01 3.700000e+01 0.000000e+00
    endloop
  endfacet
  facet normal 0.000000e+00 0.000000e+00 -1.000000e+00
    outer loop
      vertex   -1.900000e+01 3.700000e+01 0.000000e+00
      vertex   -1.410000e+01 2.000000e+01 0.000000e+00
      vertex   -1.404408e+01 1.932516e+01 0.000000e+00
    endloop
  endfacet
  facet normal 0.000000e+00 0.000000e+00 -1.000000e+00
    outer loop
      vertex   -1.900000e+01 3.700000e+01 0.000000e+00
      vertex   -1.404408e+01 1.932516e+01 0.000000e+00
      vertex   -1.900000e+01 -1.200000e+01 0.000000e+00
    endloop
  endfacet
  facet normal 0.000000e+00 0.000000e+00 -1.000000e+00
    outer loop
      vertex   -1.900000e+01 -1.200000e+01 0.000000e+00
      vertex   -1.404408e+01 1.932516e+01 0.000000e+00
      vertex   -1.387785e+01 1.866873e+01 0.000000e+00
    endloop
  endfacet
  facet normal 0.000000e+00 0.000000e+00 -1.000000e+00
    outer loop
      vertex   -1.900000e+01 -1.200000e+01 0.000000e+00
      vertex   -1.387785e+01 1.866873e+01 0.000000e+00
      vertex   -1.387785e+01 -4.668732e+00 0.000000e+00
    endloop
  endfacet
  facet normal 0.000000e+00 0.000000e+00 -1.000000e+00
    outer loop
      vertex   -1.387785e+01 -4.668732e+00 0.000000e+00
      vertex   -1.387785e+01 1.866873e+01 0.000000e+00
      vertex   -1.360584e+01 -4.048616e+00 0.000000e+00
    endloop
  endfacet
  facet normal 0.000000e+00 0.000000e+00 -1.000000e+00
    outer loop
      vertex   -1.360584e+01 -4.048616e+00 0.000000e+00
      vertex   -1.387785e+01 1.866873e+01 0.000000e+00
      vertex   -1.360584e+01 1.804862e+01 0.000000e+00
    endloop
  endfacet
  facet normal 0.000000e+00 0.000000e+00 -1.000000e+00
    outer loop
      vertex   -1.360584e+01 -4.048616e+00 0.000000e+00
      vertex   -1.360584e+01 1.804862e+01 0.000000e+00
      vertex   -1.323548e+01 -3.481728e+00 0.000000e+00
    endloop
  endfacet
  facet normal 0.000000e+00 0.000000e+00 -1.000000e+00
    outer loop
      vertex   -1.323548e+01 -3.481728e+00 0.000000e+00
      vertex   -1.360584e+01 1.804862e+01 0.000000e+00
      vertex   -1.323548e+01 1.748173e+01 0.000000e+00
    endloop
  endfacet
  facet normal 0.000000e+00 0.000000e+00 -1.000000e+00
    outer loop
      vertex   -1.323548e+01 -3.481728e+00 0.000000e+00
      vertex   -1.323548e+01 1.748173e+01 0.000000e+00
      vertex   -1.277685e+01 1.698353e+01 0.000000e+00
    endloop
  endfacet
  facet normal 0.000000e+00 0.000000e+00 -1.000000e+00
    outer loop
      vertex   -1.323548e+01 -3.481728e+00 0.000000e+00
      vertex   -1.277685e+01 1.698353e+01 0.000000e+00
      vertex   -1.277685e+01 -2.983532e+00 0.000000e+00
    endloop
  endfacet
  facet normal 0.000000e+00 0.000000e+00 -1.000000e+00
    outer loop
      vertex   -1.277685e+01 -2.983532e+00 0.000000e+00
      vertex   -1.277685e+01 1.698353e+01 0.000000e+00
      vertex   -1.224249e+01 1.656762e+01 0.000000e+00
    endloop
  endfacet
  facet normal 0.000000e+00 0.000000e+00 -1.000000e+00
    outer loop
      vertex   -1.277685e+01 -2.983532e+00 0.000000e+00
      vertex   -1.224249e+01 1.656762e+01 0.000000e+00
      vertex   -1.224249e+01 -2.567617e+00 0.000000e+00
    endloop
  endfacet
  facet normal 0.000000e+00 0.000000e+00 -1.000000e+00
    outer loop
      vertex   -1.224249e+01 -2.567617e+00 0.000000e+00
      vertex   -1.224249e+01 1.656762e+01 0.000000e+00
      vertex   -1.164695e+01 1.624533e+01 0.000000e+00
    endloop
  endfacet
  facet normal 0.000000e+00 0.000000e+00 -1.000000e+00
    outer loop
      vertex   -1.224249e+01 -2.567617e+00 0.000000e+00
      vertex   -1.164695e+01 1.624533e+01 0.000000e+00
      vertex   -1.164695e+01 -2.245329e+00 0.000000e+00
    endloop
  endfacet
  facet normal 0.000000e+00 0.000000e+00 -1.000000e+00
    outer loop
      vertex   -1.164695e+01 -2.245329e+00 0.000000e+00
      vertex   -1.164695e+01 1.624533e+01 0.000000e+00
      vertex   -1.100649e+01 1.602546e+01 0.000000e+00
    endloop
  endfacet
  facet normal 0.000000e+00 0.000000e+00 -1.000000e+00
    outer loop
      vertex   -1.164695e+01 -2.245329e+00 0.000000e+00
      vertex   -1.100649e+01 1.602546e+01 0.000000e+00
      vertex   -1.100649e+01 -2.025459e+00 0.000000e+00
    endloop
  endfacet
  facet normal 0.000000e+00 0.000000e+00 -1.000000e+00
    outer loop
      vertex   -1.100649e+01 -2.025459e+00 0.000000e+00
      vertex   -1.100649e+01 1.602546e+01 0.000000e+00
      vertex   -1.033858e+01 1.591400e+01 0.000000e+00
    endloop
  endfacet
  facet normal 0.000000e+00 0.000000e+00 -1.000000e+00
    outer loop
      vertex   -1.100649e+01 -2.025459e+00 0.000000e+00
      vertex   -1.033858e+01 1.591400e+01 0.000000e+00
      vertex   -1.033858e+01 -1.914003e+00 0.000000e+00
    endloop
  endfacet
  facet normal 0.000000e+00 0.000000e+00 -1.000000e+00
    outer loop
      vertex   -1.033858e+01 -1.914003e+00 0.000000e+00
      vertex   -1.033858e+01 1.591400e+01 0.000000e+00
      vertex   -9.661425e+00 1.591400e+01 0.000000e+00
    endloop
  endfacet
  facet normal 0.000000e+00 0.000000e+00 -1.000000e+00
    outer loop
      vertex   -1.033858e+01 -1.914003e+00 0.000000e+00
      vertex   -9.661425e+00 1.591400e+01 0.000000e+00
      vertex   -9.661425e+00 -1.914003e+00 0.000000e+00
    endloop
  endfacet
  facet normal 0.000000e+00 0.000000e+00 -1.000000e+00
    outer loop
      vertex   -9.661425e+00 -1.914003e+00 0.000000e+00
      vertex   -9.661425e+00 1.591400e+01 0.000000e+00
      vertex   -8.993510e+00 -2.025459e+00 0.000000e+00
    endloop
  endfacet
  facet normal 0.000000e+00 0.000000e+00 -1.000000e+00
    outer loop
      vertex   -8.993510e+00 -2.025459e+00 0.000000e+00
      vertex   -9.661425e+00 1.591400e+01 0.000000e+00
      vertex   -8.993510e+00 1.602546e+01 0.000000e+00
    endloop
  endfacet
  facet normal 0.000000e+00 0.000000e+00 -1.000000e+00
    outer loop
      vertex   -8.993510e+00 -2.025459e+00 0.000000e+00
      vertex   -8.993510e+00 1.602546e+01 0.000000e+00
      vertex   -8.353049e+00 -2.245329e+00 0.000000e+00
    endloop
  endfacet
  facet normal 0.000000e+00 0.000000e+00 -1.000000e+00
    outer loop
      vertex   -8.353049e+00 -2.245329e+00 0.000000e+00
      vertex   -8.993510e+00 1.602546e+01 0.000000e+00
      vertex   -8.353049e+00 1.624533e+01 0.000000e+00
    endloop
  endfacet
  facet normal 0.000000e+00 0.000000e+00 -1.000000e+00
    outer loop
      vertex   -8.353049e+00 -2.245329e+00 0.000000e+00
      vertex   -8.353049e+00 1.624533e+01 0.000000e+00
      vertex   -7.757513e+00 -2.567617e+00 0.000000e+00
    endloop
  endfacet
  facet normal 0.000000e+00 0.000000e+00 -1.000000e+00
    outer loop
      vertex   -7.757513e+00 -2.567617e+00 0.000000e+00
      vertex   -8.353049e+00 1.624533e+01 0.000000e+00
      vertex   -7.757513e+00 1.656762e+01 0.000000e+00
    endloop
  endfacet
  facet normal 0.000000e+00 0.000000e+00 -1.000000e+00
    outer loop
      vertex   -7.757513e+00 -2.567617e+00 0.000000e+00
      vertex   -7.757513e+00 1.656762e+01 0.000000e+00
      vertex   -7.223146e+00 -2.983532e+00 0.000000e+00
    endloop
  endfacet
  facet normal 0.000000e+00 0.000000e+00 -1.000000e+00
    outer loop
      vertex   -7.223146e+00 -2.983532e+00 0.000000e+00
      vertex   -7.757513e+00 1.656762e+01 0.000000e+00
      vertex   -7.223146e+00 1.698353e+01 0.000000e+00
    endloop
  endfacet
  facet normal 0.000000e+00 0.000000e+00 -1.000000e+00
    outer loop
      vertex   -7.223146e+00 -2.983532e+00 0.000000e+00
      vertex   -7.223146e+00 1.698353e+01 0.000000e+00
      vertex   -6.764524e+00 -3.481728e+00 0.000000e+00
    endloop
  endfacet
  facet normal 0.000000e+00 0.000000e+00 -1.000000e+00
    outer loop
      vertex   -6.764524e+00 -3.481728e+00 0.000000e+00
      vertex   -7.223146e+00 1.698353e+01 0.000000e+00
      vertex   -6.764524e+00 1.748173e+01 0.000000e+00
    endloop
  endfacet
  facet normal 0.000000e+00 0.000000e+00 -1.000000e+00
    outer loop
      vertex   -6.764524e+00 -3.481728e+00 0.000000e+00
      vertex   -6.764524e+00 1.748173e+01 0.000000e+00
      vertex   -6.394158e+00 1.804862e+01 0.000000e+00
    endloop
  endfacet
  facet normal 0.000000e+00 0.000000e+00 -1.000000e+00
    outer loop
      vertex   -6.764524e+00 -3.481728e+00 0.000000e+00
      vertex   -6.394158e+00 1.804862e+01 0.000000e+00
      vertex   -6.394158e+00 -4.048616e+00 0.000000e+00
    endloop
  endfacet
  facet normal 0.000000e+00 0.000000e+00 -1.000000e+00
    outer loop
      vertex   -6.394158e+00 -4.048616e+00 0.000000e+00
      vertex   -6.394158e+00 1.804862e+01 0.000000e+00
      vertex   -6.122149e+00 1.866873e+01 0.000000e+00
    endloop
  endfacet
  facet normal 0.000000e+00 0.000000e+00 -1.000000e+00
    outer loop
      vertex   -6.394158e+00 -4.048616e+00 0.000000e+00
      vertex   -6.122149e+00 1.866873e+01 0.000000e+00
      vertex   -6.122149e+00 -4.668732e+00 0.000000e+00
    endloop
  endfacet
  facet normal 0.000000e+00 0.000000e+00 -1.000000e+00
    outer loop
      vertex   -6.122149e+00 -4.668732e+00 0.000000e+00
      vertex   -6.122149e+00 1.866873e+01 0.000000e+00
      vertex   -1.000000e+00 -1.200000e+01 0.000000e+00
    endloop
  endfacet
  facet normal 0.000000e+00 0.000000e+00 -1.000000e+00
    outer loop
      vertex   -6.122149e+00 -4.668732e+00 0.000000e+00
      vertex   -1.000000e+00 -1.200000e+01 0.000000e+00
      vertex   -5.955919e+00 -5.325162e+00 0.000000e+00
    endloop
  endfacet
  facet normal 0.000000e+00 0.000000e+00 -1.000000e+00
    outer loop
      vertex   -5.955919e+00 -5.325162e+00 0.000000e+00
      vertex   -1.000000e+00 -1.200000e+01 0.000000e+00
      vertex   -5.900000e+00 -6.000000e+00 0.000000e+00
    endloop
  endfacet
  facet normal 0.000000e+00 -0.000000e+00 -1.000000e+00
    outer loop
      vertex   -5.900000e+00 -6.000000e+00 0.000000e+00
      vertex   -1.000000e+00 -1.200000e+01 0.000000e+00
      vertex   -5.955919e+00 -6.674838e+00 0.000000e+00
    endloop
  endfacet
  facet normal 0.000000e+00 -0.000000e+00 -1.000000e+00
    outer loop
      vertex   -5.955919e+00 -6.674838e+00 0.000000e+00
      vertex   -1.000000e+00 -1.200000e+01 0.000000e+00
      vertex   -6.122149e+00 -7.331268e+00 0.000000e+00
    endloop
  endfacet
  facet normal 0.000000e+00 -0.000000e+00 -1.000000e+00
    outer loop
      vertex   -6.122149e+00 -7.331268e+00 0.000000e+00
      vertex   -1.000000e+00 -1.200000e+01 0.000000e+00
      vertex   -6.394158e+00 -7.951384e+00 0.000000e+00
    endloop
  endfacet
  facet normal 0.000000e+00 -0.000000e+00 -1.000000e+00
    outer loop
      vertex   -6.394158e+00 -7.951384e+00 0.000000e+00
      vertex   -1.000000e+00 -1.200000e+01 0.000000e+00
      vertex   -6.764524e+00 -8.518272e+00 0.000000e+00
    endloop
  endfacet
  facet normal 0.000000e+00 -0.000000e+00 -1.000000e+00
    outer loop
      vertex   -6.764524e+00 -8.518272e+00 0.000000e+00
      vertex   -1.000000e+00 -1.200000e+01 0.000000e+00
      vertex   -7.223146e+00 -9.016468e+00 0.000000e+00
    endloop
  endfacet
  facet normal 0.000000e+00 -0.000000e+00 -1.000000e+00
    outer loop
      vertex   -7.223146e+00 -9.016468e+00 0.000000e+00
      vertex   -1.000000e+00 -1.200000e+01 0.000000e+00
      vertex   -7.757513e+00 -9.432382e+00 0.000000e+00
    endloop
  endfacet
  facet normal 0.000000e+00 -0.000000e+00 -1.000000e+00
    outer loop
      vertex   -7.757513e+00 -9.432382e+00 0.000000e+00
      vertex   -1.000000e+00 -1.200000e+01 0.000000e+00
      vertex   -8.353049e+00 -9.754671e+00 0.000000e+00
    endloop
  endfacet
  facet normal 0.000000e+00 -0.000000e+00 -1.000000e+00
    outer loop
      vertex   -8.353049e+00 -9.754671e+00 0.000000e+00
      vertex   -1.000000e+00 -1.200000e+01 0.000000e+00
      vertex   -8.993510e+00 -9.974541e+00 0.000000e+00
    endloop
  endfacet
  facet normal 0.000000e+00 -0.000000e+00 -1.000000e+00
    outer loop
      vertex   -8.993510e+00 -9.974541e+00 0.000000e+00
      vertex   -1.000000e+00 -1.200000e+01 0.000000e+00
      vertex   -9.661425e+00 -1.008600e+01 0.000000e+00
    endloop
  endfacet
  facet normal 0.000000e+00 -0.000000e+00 -1.000000e+00
    outer loop
      vertex   -9.661425e+00 -1.008600e+01 0.000000e+00
      vertex   -1.000000e+00 -1.200000e+01 0.000000e+00
      vertex   -1.900000e+01 -1.200000e+01 0.000000e+00
    endloop
  endfacet
  facet normal -0.000000e+00 0.000000e+00 -1.000000e+00
    outer loop
      vertex   -9.661425e+00 -1.008600e+01 0.000000e+00
      vertex   -1.900000e+01 -1.200000e+01 0.000000e+00
      vertex   -1.033858e+01 -1.008600e+01 0.000000e+00
    endloop
  endfacet
  facet normal -0.000000e+00 0.000000e+00 -1.000000e+00
    outer loop
      vertex   -1.033858e+01 -1.008600e+01 0.000000e+00
      vertex   -1.900000e+01 -1.200000e+01 0.000000e+00
      vertex   -1.100649e+01 -9.974541e+00 0.000000e+00
    endloop
  endfacet
  facet normal -0.000000e+00 0.000000e+00 -1.000000e+00
    outer loop
      vertex   -1.100649e+01 -9.974541e+00 0.000000e+00
      vertex   -1.900000e+01 -1.200000e+01 0.000000e+00
      vertex   -1.164695e+01 -9.754671e+00 0.000000e+00
    endloop
  endfacet
  facet normal -0.000000e+00 0.000000e+00 -1.000000e+00
    outer loop
      vertex   -1.164695e+01 -9.754671e+00 0.000000e+00
      vertex   -1.900000e+01 -1.200000e+01 0.000000e+00
      vertex   -1.224249e+01 -9.432382e+00 0.000000e+00
    endloop
  endfacet
  facet normal -0.000000e+00 0.000000e+00 -1.000000e+00
    outer loop
      vertex   -1.224249e+01 -9.432382e+00 0.000000e+00
      vertex   -1.900000e+01 -1.200000e+01 0.000000e+00
      vertex   -1.277685e+01 -9.016468e+00 0.000000e+00
    endloop
  endfacet
  facet normal -0.000000e+00 0.000000e+00 -1.000000e+00
    outer loop
      vertex   -1.277685e+01 -9.016468e+00 0.000000e+00
      vertex   -1.900000e+01 -1.200000e+01 0.000000e+00
      vertex   -1.323548e+01 -8.518272e+00 0.000000e+00
    endloop
  endfacet
  facet normal -0.000000e+00 0.000000e+00 -1.000000e+00
    outer loop
      vertex   -1.323548e+01 -8.518272e+00 0.000000e+00
      vertex   -1.900000e+01 -1.200000e+01 0.000000e+00
      vertex   -1.360584e+01 -7.951384e+00 0.000000e+00
    endloop
  endfacet
  facet normal -0.000000e+00 0.000000e+00 -1.000000e+00
    outer loop
      vertex   -1.360584e+01 -7.951384e+00 0.000000e+00
      vertex   -1.900000e+01 -1.200000e+01 0.000000e+00
      vertex   -1.387785e+01 -7.331268e+00 0.000000e+00
    endloop
  endfacet
  facet normal -0.000000e+00 0.000000e+00 -1.000000e+00
    outer loop
      vertex   -1.387785e+01 -7.331268e+00 0.000000e+00
      vertex   -1.900000e+01 -1.200000e+01 0.000000e+00
      vertex   -1.404408e+01 -6.674838e+00 0.000000e+00
    endloop
  endfacet
  facet normal -0.000000e+00 0.000000e+00 -1.000000e+00
    outer loop
      vertex   -1.404408e+01 -6.674838e+00 0.000000e+00
      vertex   -1.900000e+01 -1.200000e+01 0.000000e+00
      vertex   -1.410000e+01 -6.000000e+00 0.000000e+00
    endloop
  endfacet
  facet normal -0.000000e+00 0.000000e+00 -1.000000e+00
    outer loop
      vertex   -1.410000e+01 -6.000000e+00 0.000000e+00
      vertex   -1.900000e+01 -1.200000e+01 0.000000e+00
      vertex   -1.404408e+01 -5.325162e+00 0.000000e+00
    endloop
  endfacet
  facet normal -0.000000e+00 0.000000e+00 -1.000000e+00
    outer loop
      vertex   -1.404408e+01 -5.325162e+00 0.000000e+00
      vertex   -1.900000e+01 -1.200000e+01 0.000000e+00
      vertex   -1.387785e+01 -4.668732e+00 0.000000e+00
    endloop
  endfacet
  facet normal 0.000000e+00 0.000000e+00 -1.000000e+00
    outer loop
      vertex   -6.122149e+00 1.866873e+01 0.000000e+00
      vertex   -5.955919e+00 1.932516e+01 0.000000e+00
      vertex   -1.000000e+00 -1.200000e+01 0.000000e+00
    endloop
  endfacet
  facet normal 0.000000e+00 0.000000e+00 -1.000000e+00
    outer loop
      vertex   -1.000000e+00 -1.200000e+01 0.000000e+00
      vertex   -5.955919e+00 1.932516e+01 0.000000e+00
      vertex   -1.000000e+00 3.700000e+01 0.000000e+00
    endloop
  endfacet
  facet normal 0.000000e+00 0.000000e+00 -1.000000e+00
    outer loop
      vertex   -2.450000e+01 3.713398e+01 0.000000e+00
      vertex   -2.470711e+01 3.729289e+01 0.000000e+00
      vertex   -2.500000e+01 3.800000e+01 0.000000e+00
    endloop
  endfacet
  facet normal 0.000000e+00 0.000000e+00 -1.000000e+00
    outer loop
      vertex   -2.500000e+01 3.800000e+01 0.000000e+00
      vertex   -2.470711e+01 3.729289e+01 0.000000e+00
      vertex   -2.486603e+01 3.750000e+01 0.000000e+00
    endloop
  endfacet
  facet normal 0.000000e+00 0.000000e+00 -1.000000e+00
    outer loop
      vertex   -2.500000e+01 3.800000e+01 0.000000e+00
      vertex   -2.486603e+01 3.750000e+01 0.000000e+00
      vertex   -2.496593e+01 3.774118e+01 0.000000e+00
    endloop
  endfacet
  facet normal 0.000000e+00 0.000000e+00 -1.000000e+00
    outer loop
      vertex   -2.500000e+01 3.800000e+01 0.000000e+00
      vertex   -2.500000e+01 5.400000e+01 0.000000e+00
      vertex   -2.400000e+01 5.500000e+01 0.000000e+00
    endloop
  endfacet
  facet normal 0.000000e+00 0.000000e+00 -1.000000e+00
    outer loop
      vertex   -2.400000e+01 5.500000e+01 0.000000e+00
      vertex   -2.500000e+01 5.400000e+01 0.000000e+00
      vertex   -2.425882e+01 5.496593e+01 0.000000e+00
    endloop
  endfacet
  facet normal 0.000000e+00 0.000000e+00 -1.000000e+00
    outer loop
      vertex   -2.425882e+01 5.496593e+01 0.000000e+00
      vertex   -2.500000e+01 5.400000e+01 0.000000e+00
      vertex   -2.450000e+01 5.486603e+01 0.000000e+00
    endloop
  endfacet
  facet normal 0.000000e+00 0.000000e+00 -1.000000e+00
    outer loop
      vertex   -2.450000e+01 5.486603e+01 0.000000e+00
      vertex   -2.500000e+01 5.400000e+01 0.000000e+00
      vertex   -2.470711e+01 5.470711e+01 0.000000e+00
    endloop
  endfacet
  facet normal 0.000000e+00 0.000000e+00 -1.000000e+00
    outer loop
      vertex   -2.470711e+01 5.470711e+01 0.000000e+00
      vertex   -2.500000e+01 5.400000e+01 0.000000e+00
      vertex   -2.486603e+01 5.450000e+01 0.000000e+00
    endloop
  endfacet
  facet normal 0.000000e+00 0.000000e+00 -1.000000e+00
    outer loop
      vertex   -2.486603e+01 5.450000e+01 0.000000e+00
      vertex   -2.500000e+01 5.400000e+01 0.000000e+00
      vertex   -2.496593e+01 5.425882e+01 0.000000e+00
    endloop
  endfacet
  facet normal 6.732956e-16 5.114188e-15 -1.000000e+00
    outer loop
      vertex   4.258819e+00 5.496593e+01 0.000000e+00
      vertex   5.000000e+00 5.400000e+01 -4.440892e-15
      vertex   4.000000e+00 5.500000e+01 0.000000e+00
    endloop
  endfacet
  facet normal -4.440892e-15 0.000000e+00 -1.000000e+00
    outer loop
      vertex   4.000000e+00 5.500000e+01 0.000000e+00
      vertex   5.000000e+00 5.400000e+01 -4.440892e-15
      vertex   5.000000e+00 3.800000e+01 -4.440892e-15
    endloop
  endfacet
  facet normal -4.440892e-15 -0.000000e+00 -1.000000e+00
    outer loop
      vertex   4.000000e+00 5.500000e+01 0.000000e+00
      vertex   5.000000e+00 3.800000e+01 -4.440892e-15
      vertex   4.000000e+00 3.700000e+01 0.000000e+00
    endloop
  endfacet
  facet normal 6.732956e-16 -5.114188e-15 -1.000000e+00
    outer loop
      vertex   4.000000e+00 3.700000e+01 0.000000e+00
      vertex   5.000000e+00 3.800000e+01 -4.440892e-15
      vertex   4.258819e+00 3.703407e+01 0.000000e+00
    endloop
  endfacet
  facet normal 2.791661e-15 -6.739667e-15 -1.000000e+00
    outer loop
      vertex   4.258819e+00 3.703407e+01 0.000000e+00
      vertex   5.000000e+00 3.800000e+01 -4.440892e-15
      vertex   4.500000e+00 3.713398e+01 0.000000e+00
    endloop
  endfacet
  facet normal 7.064439e-15 -9.206556e-15 -1.000000e+00
    outer loop
      vertex   4.500000e+00 3.713398e+01 0.000000e+00
      vertex   5.000000e+00 3.800000e+01 -4.440892e-15
      vertex   4.707107e+00 3.729289e+01 0.000000e+00
    endloop
  endfacet
  facet normal 1.778570e-14 -1.364745e-14 -1.000000e+00
    outer loop
      vertex   4.707107e+00 3.729289e+01 0.000000e+00
      vertex   5.000000e+00 3.800000e+01 -4.440892e-15
      vertex   4.866025e+00 3.750000e+01 0.000000e+00
    endloop
  endfacet
  facet normal 6.072418e-14 -2.515278e-14 -1.000000e+00
    outer loop
      vertex   4.866025e+00 3.750000e+01 0.000000e+00
      vertex   5.000000e+00 3.800000e+01 -4.440892e-15
      vertex   4.965926e+00 3.774118e+01 0.000000e+00
    endloop
  endfacet
  facet normal 2.791661e-15 6.739667e-15 -1.000000e+00
    outer loop
      vertex   4.258819e+00 5.496593e+01 0.000000e+00
      vertex   4.500000e+00 5.486603e+01 0.000000e+00
      vertex   5.000000e+00 5.400000e+01 -4.440892e-15
    endloop
  endfacet
  facet normal 7.064439e-15 9.206556e-15 -1.000000e+00
    outer loop
      vertex   5.000000e+00 5.400000e+01 -4.440892e-15
      vertex   4.500000e+00 5.486603e+01 0.000000e+00
      vertex   4.707107e+00 5.470711e+01 0.000000e+00
    endloop
  endfacet
  facet normal 1.778570e-14 1.364745e-14 -1.000000e+00
    outer loop
      vertex   5.000000e+00 5.400000e+01 -4.440892e-15
      vertex   4.707107e+00 5.470711e+01 0.000000e+00
      vertex   4.866025e+00 5.450000e+01 0.000000e+00
    endloop
  endfacet
  facet normal 6.072418e-14 2.515278e-14 -1.000000e+00
    outer loop
      vertex   4.866025e+00 5.450000e+01 0.000000e+00
      vertex   4.965926e+00 5.425882e+01 0.000000e+00
      vertex   5.000000e+00 5.400000e+01 -4.440892e-15
    endloop
  endfacet
  facet normal 0.000000e+00 0.000000e+00 -1.000000e+00
    outer loop
      vertex   4.000000e+00 3.700000e+01 0.000000e+00
      vertex   -1.000000e+00 3.700000e+01 0.000000e+00
      vertex   4.000000e+00 5.500000e+01 0.000000e+00
    endloop
  endfacet
  facet normal 1.000000e+00 -0.000000e+00 0.000000e+00
    outer loop
      vertex   5.000000e+00 3.800000e+01 5.600000e+01
      vertex   5.000000e+00 3.800000e+01 -4.440892e-15
      vertex   5.000000e+00 5.400000e+01 5.600000e+01
    endloop
  endfacet
  facet normal 1.000000e+00 0.000000e+00 0.000000e+00
    outer loop
      vertex   5.000000e+00 5.400000e+01 5.600000e+01
      vertex   5.000000e+00 3.800000e+01 -4.440892e-15
      vertex   5.000000e+00 5.400000e+01 -4.440892e-15
    endloop
  endfacet
  facet normal 9.914449e-01 -1.305262e-01 0.000000e+00
    outer loop
      vertex   4.965926e+00 3.774118e+01 5.600000e+01
      vertex   4.965926e+00 3.774118e+01 5.040000e+01
      vertex   5.000000e+00 3.800000e+01 5.600000e+01
    endloop
  endfacet
  facet normal 9.914449e-01 -1.305262e-01 0.000000e+00
    outer loop
      vertex   5.000000e+00 3.800000e+01 5.600000e+01
      vertex   4.965926e+00 3.774118e+01 5.040000e+01
      vertex   4.965926e+00 3.774118e+01 4.480000e+01
    endloop
  endfacet
  facet normal 9.914449e-01 -1.305262e-01 0.000000e+00
    outer loop
      vertex   5.000000e+00 3.800000e+01 5.600000e+01
      vertex   4.965926e+00 3.774118e+01 4.480000e+01
      vertex   4.965926e+00 3.774118e+01 3.920000e+01
    endloop
  endfacet
  facet normal 9.238795e-01 -3.826834e-01 0.000000e+00
    outer loop
      vertex   4.965926e+00 3.774118e+01 3.920000e+01
      vertex   4.965926e+00 3.774118e+01 4.480000e+01
      vertex   4.866025e+00 3.750000e+01 3.920000e+01
    endloop
  endfacet
  facet normal 9.238795e-01 -3.826834e-01 0.000000e+00
    outer loop
      vertex   4.965926e+00 3.774118e+01 3.920000e+01
      vertex   4.866025e+00 3.750000e+01 3.920000e+01
      vertex   4.866025e+00 3.750000e+01 3.360000e+01
    endloop
  endfacet
  facet normal 7.933533e-01 -6.087614e-01 0.000000e+00
    outer loop
      vertex   4.866025e+00 3.750000e+01 3.360000e+01
      vertex   4.866025e+00 3.750000e+01 3.920000e+01
      vertex   4.707107e+00 3.729289e+01 3.360000e+01
    endloop
  endfacet
  facet normal 7.933533e-01 -6.087614e-01 0.000000e+00
    outer loop
      vertex   4.866025e+00 3.750000e+01 3.360000e+01
      vertex   4.707107e+00 3.729289e+01 3.360000e+01
      vertex   4.707107e+00 3.729289e+01 2.800000e+01
    endloop
  endfacet
  facet normal 6.087614e-01 -7.933533e-01 0.000000e+00
    outer loop
      vertex   4.707107e+00 3.729289e+01 2.800000e+01
      vertex   4.707107e+00 3.729289e+01 3.360000e+01
      vertex   4.500000e+00 3.713398e+01 2.800000e+01
    endloop
  endfacet
  facet normal 6.087614e-01 -7.933533e-01 0.000000e+00
    outer loop
      vertex   4.707107e+00 3.729289e+01 2.800000e+01
      vertex   4.500000e+00 3.713398e+01 2.800000e+01
      vertex   4.500000e+00 3.713398e+01 2.240000e+01
    endloop
  endfacet
  facet normal 3.826834e-01 -9.238795e-01 0.000000e+00
    outer loop
      vertex   4.500000e+00 3.713398e+01 2.240000e+01
      vertex   4.500000e+00 3.713398e+01 2.800000e+01
      vertex   4.258819e+00 3.703407e+01 2.240000e+01
    endloop
  endfacet
  facet normal 3.826834e-01 -9.238795e-01 0.000000e+00
    outer loop
      vertex   4.500000e+00 3.713398e+01 2.240000e+01
      vertex   4.258819e+00 3.703407e+01 2.240000e+01
      vertex   4.258819e+00 3.703407e+01 1.680000e+01
    endloop
  endfacet
  facet normal 1.305262e-01 -9.914449e-01 0.000000e+00
    outer loop
      vertex   4.258819e+00 3.703407e+01 1.680000e+01
      vertex   4.258819e+00 3.703407e+01 2.240000e+01
      vertex   4.000000e+00 3.700000e+01 0.000000e+00
    endloop
  endfacet
  facet normal 1.305262e-01 -9.914449e-01 0.000000e+00
    outer loop
      vertex   4.258819e+00 3.703407e+01 1.680000e+01
      vertex   4.000000e+00 3.700000e+01 0.000000e+00
      vertex   4.258819e+00 3.703407e+01 1.120000e+01
    endloop
  endfacet
  facet normal 1.305262e-01 -9.914449e-01 0.000000e+00
    outer loop
      vertex   4.258819e+00 3.703407e+01 1.120000e+01
      vertex   4.000000e+00 3.700000e+01 0.000000e+00
      vertex   4.258819e+00 3.703407e+01 5.600000e+00
    endloop
  endfacet
  facet normal 3.826834e-01 -9.238795e-01 0.000000e+00
    outer loop
      vertex   4.258819e+00 3.703407e+01 1.120000e+01
      vertex   4.258819e+00 3.703407e+01 5.600000e+00
      vertex   4.500000e+00 3.713398e+01 1.120000e+01
    endloop
  endfacet
  facet normal 3.826834e-01 -9.238795e-01 0.000000e+00
    outer loop
      vertex   4.500000e+00 3.713398e+01 1.120000e+01
      vertex   4.258819e+00 3.703407e+01 5.600000e+00
      vertex   4.500000e+00 3.713398e+01 5.600000e+00
    endloop
  endfacet
  facet normal 6.087614e-01 -7.933533e-01 0.000000e+00
    outer loop
      vertex   4.500000e+00 3.713398e+01 1.120000e+01
      vertex   4.500000e+00 3.713398e+01 5.600000e+00
      vertex   4.707107e+00 3.729289e+01 1.120000e+01
    endloop
  endfacet
  facet normal 6.087614e-01 -7.933533e-01 0.000000e+00
    outer loop
      vertex   4.707107e+00 3.729289e+01 1.120000e+01
      vertex   4.500000e+00 3.713398e+01 5.600000e+00
      vertex   4.707107e+00 3.729289e+01 5.600000e+00
    endloop
  endfacet
  facet normal 7.933533e-01 -6.087614e-01 0.000000e+00
    outer loop
      vertex   4.707107e+00 3.729289e+01 1.120000e+01
      vertex   4.707107e+00 3.729289e+01 5.600000e+00
      vertex   4.866025e+00 3.750000e+01 1.120000e+01
    endloop
  endfacet
  facet normal 7.933533e-01 -6.087614e-01 0.000000e+00
    outer loop
      vertex   4.866025e+00 3.750000e+01 1.120000e+01
      vertex   4.707107e+00 3.729289e+01 5.600000e+00
      vertex   4.866025e+00 3.750000e+01 5.600000e+00
    endloop
  endfacet
  facet normal 9.238795e-01 -3.826834e-01 0.000000e+00
    outer loop
      vertex   4.866025e+00 3.750000e+01 1.120000e+01
      vertex   4.866025e+00 3.750000e+01 5.600000e+00
      vertex   4.965926e+00 3.774118e+01 1.120000e+01
    endloop
  endfacet
  facet normal 9.238795e-01 -3.826834e-01 0.000000e+00
    outer loop
      vertex   4.965926e+00 3.774118e+01 1.120000e+01
      vertex   4.866025e+00 3.750000e+01 5.600000e+00
      vertex   4.965926e+00 3.774118e+01 5.600000e+00
    endloop
  endfacet
  facet normal 9.914449e-01 -1.305262e-01 0.000000e+00
    outer loop
      vertex   4.965926e+00 3.774118e+01 1.120000e+01
      vertex   4.965926e+00 3.774118e+01 5.600000e+00
      vertex   5.000000e+00 3.800000e+01 -4.440892e-15
    endloop
  endfacet
  facet normal 9.914449e-01 -1.305262e-01 1.566349e-16
    outer loop
      vertex   5.000000e+00 3.800000e+01 -4.440892e-15
      vertex   4.965926e+00 3.774118e+01 5.600000e+00
      vertex   4.965926e+00 3.774118e+01 0.000000e+00
    endloop
  endfacet
  facet normal 9.238795e-01 -3.826834e-01 1.465303e-16
    outer loop
      vertex   4.965926e+00 3.774118e+01 0.000000e+00
      vertex   4.965926e+00 3.774118e+01 5.600000e+00
      vertex   4.866025e+00 3.750000e+01 0.000000e+00
    endloop
  endfacet
  facet normal 9.238795e-01 -3.826834e-01 0.000000e+00
    outer loop
      vertex   4.866025e+00 3.750000e+01 0.000000e+00
      vertex   4.965926e+00 3.774118e+01 5.600000e+00
      vertex   4.866025e+00 3.750000e+01 5.600000e+00
    endloop
  endfacet
  facet normal 7.933533e-01 -6.087614e-01 0.000000e+00
    outer loop
      vertex   4.866025e+00 3.750000e+01 0.000000e+00
      vertex   4.866025e+00 3.750000e+01 5.600000e+00
      vertex   4.707107e+00 3.729289e+01 0.000000e+00
    endloop
  endfacet
  facet normal 7.933533e-01 -6.087614e-01 2.516569e-16
    outer loop
      vertex   4.707107e+00 3.729289e+01 0.000000e+00
      vertex   4.866025e+00 3.750000e+01 5.600000e+00
      vertex   4.707107e+00 3.729289e+01 5.600000e+00
    endloop
  endfacet
  facet normal 6.087614e-01 -7.933533e-01 1.931031e-16
    outer loop
      vertex   4.707107e+00 3.729289e+01 0.000000e+00
      vertex   4.707107e+00 3.729289e+01 5.600000e+00
      vertex   4.500000e+00 3.713398e+01 0.000000e+00
    endloop
  endfacet
  facet normal 6.087614e-01 -7.933533e-01 0.000000e+00
    outer loop
      vertex   4.500000e+00 3.713398e+01 0.000000e+00
      vertex   4.707107e+00 3.729289e+01 5.600000e+00
      vertex   4.500000e+00 3.713398e+01 5.600000e+00
    endloop
  endfacet
  facet normal 3.826834e-01 -9.238795e-01 0.000000e+00
    outer loop
      vertex   4.500000e+00 3.713398e+01 0.000000e+00
      vertex   4.500000e+00 3.713398e+01 5.600000e+00
      vertex   4.258819e+00 3.703407e+01 0.000000e+00
    endloop
  endfacet
  facet normal 3.826834e-01 -9.238795e-01 1.232938e-15
    outer loop
      vertex   4.258819e+00 3.703407e+01 0.000000e+00
      vertex   4.500000e+00 3.713398e+01 5.600000e+00
      vertex   4.258819e+00 3.703407e+01 5.600000e+00
    endloop
  endfacet
  facet normal 1.305262e-01 -9.914449e-01 1.278673e-15
    outer loop
      vertex   4.258819e+00 3.703407e+01 0.000000e+00
      vertex   4.258819e+00 3.703407e+01 5.600000e+00
      vertex   4.000000e+00 3.700000e+01 0.000000e+00
    endloop
  endfacet
  facet normal 9.238795e-01 -3.826834e-01 0.000000e+00
    outer loop
      vertex   4.965926e+00 3.774118e+01 5.040000e+01
      vertex   4.965926e+00 3.774118e+01 5.600000e+01
      vertex   4.866025e+00 3.750000e+01 5.040000e+01
    endloop
  endfacet
  facet normal 9.238795e-01 -3.826834e-01 0.000000e+00
    outer loop
      vertex   4.866025e+00 3.750000e+01 5.040000e+01
      vertex   4.965926e+00 3.774118e+01 5.600000e+01
      vertex   4.866025e+00 3.750000e+01 5.600000e+01
    endloop
  endfacet
  facet normal 7.933533e-01 -6.087614e-01 0.000000e+00
    outer loop
      vertex   4.866025e+00 3.750000e+01 5.040000e+01
      vertex   4.866025e+00 3.750000e+01 5.600000e+01
      vertex   4.707107e+00 3.729289e+01 5.040000e+01
    endloop
  endfacet
  facet normal 7.933533e-01 -6.087614e-01 -2.516569e-16
    outer loop
      vertex   4.707107e+00 3.729289e+01 5.040000e+01
      vertex   4.866025e+00 3.750000e+01 5.600000e+01
      vertex   4.707107e+00 3.729289e+01 5.600000e+01
    endloop
  endfacet
  facet normal 6.087614e-01 -7.933533e-01 -1.931031e-16
    outer loop
      vertex   4.707107e+00 3.729289e+01 5.040000e+01
      vertex   4.707107e+00 3.729289e+01 5.600000e+01
      vertex   4.500000e+00 3.713398e+01 5.040000e+01
    endloop
  endfacet
  facet normal 6.087614e-01 -7.933533e-01 0.000000e+00
    outer loop
      vertex   4.500000e+00 3.713398e+01 5.040000e+01
      vertex   4.707107e+00 3.729289e+01 5.600000e+01
      vertex   4.500000e+00 3.713398e+01 5.600000e+01
    endloop
  endfacet
  facet normal 3.826834e-01 -9.238795e-01 0.000000e+00
    outer loop
      vertex   4.500000e+00 3.713398e+01 5.040000e+01
      vertex   4.500000e+00 3.713398e+01 5.600000e+01
      vertex   4.258819e+00 3.703407e+01 5.040000e+01
    endloop
  endfacet
  facet normal 3.826834e-01 -9.238795e-01 -1.232938e-15
    outer loop
      vertex   4.258819e+00 3.703407e+01 5.040000e+01
      vertex   4.500000e+00 3.713398e+01 5.600000e+01
      vertex   4.258819e+00 3.703407e+01 5.600000e+01
    endloop
  endfacet
  facet normal 1.305262e-01 -9.914449e-01 -1.278673e-15
    outer loop
      vertex   4.258819e+00 3.703407e+01 5.040000e+01
      vertex   4.258819e+00 3.703407e+01 5.600000e+01
      vertex   4.000000e+00 3.700000e+01 5.600000e+01
    endloop
  endfacet
  facet normal 1.305262e-01 -9.914449e-01 -2.070188e-18
    outer loop
      vertex   4.000000e+00 3.700000e+01 0.000000e+00
      vertex   4.258819e+00 3.703407e+01 2.800000e+01
      vertex   4.000000e+00 3.700000e+01 5.600000e+01
    endloop
  endfacet
  facet normal 1.305262e-01 -9.914449e-01 0.000000e+00
    outer loop
      vertex   4.000000e+00 3.700000e+01 5.600000e+01
      vertex   4.258819e+00 3.703407e+01 2.800000e+01
      vertex   4.258819e+00 3.703407e+01 3.360000e+01
    endloop
  endfacet
  facet normal 1.305262e-01 -9.914449e-01 0.000000e+00
    outer loop
      vertex   4.000000e+00 3.700000e+01 5.600000e+01
      vertex   4.258819e+00 3.703407e+01 3.360000e+01
      vertex   4.258819e+00 3.703407e+01 3.920000e+01
    endloop
  endfacet
  facet normal 3.826834e-01 -9.238795e-01 0.000000e+00
    outer loop
      vertex   4.258819e+00 3.703407e+01 3.920000e+01
      vertex   4.258819e+00 3.703407e+01 3.360000e+01
      vertex   4.500000e+00 3.713398e+01 3.920000e+01
    endloop
  endfacet
  facet normal 3.826834e-01 -9.238795e-01 0.000000e+00
    outer loop
      vertex   4.258819e+00 3.703407e+01 3.920000e+01
      vertex   4.500000e+00 3.713398e+01 3.920000e+01
      vertex   4.500000e+00 3.713398e+01 4.480000e+01
    endloop
  endfacet
  facet normal 6.087614e-01 -7.933533e-01 0.000000e+00
    outer loop
      vertex   4.500000e+00 3.713398e+01 4.480000e+01
      vertex   4.500000e+00 3.713398e+01 3.920000e+01
      vertex   4.707107e+00 3.729289e+01 4.480000e+01
    endloop
  endfacet
  facet normal 6.087614e-01 -7.933533e-01 0.000000e+00
    outer loop
      vertex   4.500000e+00 3.713398e+01 4.480000e+01
      vertex   4.707107e+00 3.729289e+01 4.480000e+01
      vertex   4.707107e+00 3.729289e+01 5.040000e+01
    endloop
  endfacet
  facet normal 7.933533e-01 -6.087614e-01 0.000000e+00
    outer loop
      vertex   4.707107e+00 3.729289e+01 5.040000e+01
      vertex   4.707107e+00 3.729289e+01 4.480000e+01
      vertex   4.866025e+00 3.750000e+01 5.040000e+01
    endloop
  endfacet
  facet normal 9.914449e-01 -1.305262e-01 0.000000e+00
    outer loop
      vertex   5.000000e+00 3.800000e+01 5.600000e+01
      vertex   4.965926e+00 3.774118e+01 2.800000e+01
      vertex   5.000000e+00 3.800000e+01 -4.440892e-15
    endloop
  endfacet
  facet normal 9.914449e-01 -1.305262e-01 0.000000e+00
    outer loop
      vertex   5.000000e+00 3.800000e+01 -4.440892e-15
      vertex   4.965926e+00 3.774118e+01 2.800000e+01
      vertex   4.965926e+00 3.774118e+01 2.240000e+01
    endloop
  endfacet
  facet normal 9.914449e-01 -1.305262e-01 0.000000e+00
    outer loop
      vertex   5.000000e+00 3.800000e+01 -4.440892e-15
      vertex   4.965926e+00 3.774118e+01 2.240000e+01
      vertex   4.965926e+00 3.774118e+01 1.680000e+01
    endloop
  endfacet
  facet normal 9.238795e-01 -3.826834e-01 0.000000e+00
    outer loop
      vertex   4.965926e+00 3.774118e+01 1.680000e+01
      vertex   4.965926e+00 3.774118e+01 2.240000e+01
      vertex   4.866025e+00 3.750000e+01 1.680000e+01
    endloop
  endfacet
  facet normal 9.238795e-01 -3.826834e-01 0.000000e+00
    outer loop
      vertex   4.965926e+00 3.774118e+01 1.680000e+01
      vertex   4.866025e+00 3.750000e+01 1.680000e+01
      vertex   4.866025e+00 3.750000e+01 1.120000e+01
    endloop
  endfacet
  facet normal 7.933533e-01 -6.087614e-01 0.000000e+00
    outer loop
      vertex   4.866025e+00 3.750000e+01 1.120000e+01
      vertex   4.866025e+00 3.750000e+01 1.680000e+01
      vertex   4.707107e+00 3.729289e+01 1.120000e+01
    endloop
  endfacet
  facet normal 9.238795e-01 -3.826834e-01 0.000000e+00
    outer loop
      vertex   4.965926e+00 3.774118e+01 4.480000e+01
      vertex   4.965926e+00 3.774118e+01 5.040000e+01
      vertex   4.866025e+00 3.750000e+01 4.480000e+01
    endloop
  endfacet
  facet normal 9.238795e-01 -3.826834e-01 0.000000e+00
    outer loop
      vertex   4.866025e+00 3.750000e+01 4.480000e+01
      vertex   4.965926e+00 3.774118e+01 5.040000e+01
      vertex   4.866025e+00 3.750000e+01 5.040000e+01
    endloop
  endfacet
  facet normal 7.933533e-01 -6.087614e-01 0.000000e+00
    outer loop
      vertex   4.866025e+00 3.750000e+01 4.480000e+01
      vertex   4.866025e+00 3.750000e+01 5.040000e+01
      vertex   4.707107e+00 3.729289e+01 4.480000e+01
    endloop
  endfacet
  facet normal 9.914449e-01 -1.305262e-01 0.000000e+00
    outer loop
      vertex   4.965926e+00 3.774118e+01 2.800000e+01
      vertex   5.000000e+00 3.800000e+01 5.600000e+01
      vertex   4.965926e+00 3.774118e+01 3.360000e+01
    endloop
  endfacet
  facet normal 9.914449e-01 -1.305262e-01 0.000000e+00
    outer loop
      vertex   4.965926e+00 3.774118e+01 3.360000e+01
      vertex   5.000000e+00 3.800000e+01 5.600000e+01
      vertex   4.965926e+00 3.774118e+01 3.920000e+01
    endloop
  endfacet
  facet normal 9.238795e-01 -3.826834e-01 0.000000e+00
    outer loop
      vertex   4.965926e+00 3.774118e+01 3.360000e+01
      vertex   4.965926e+00 3.774118e+01 3.920000e+01
      vertex   4.866025e+00 3.750000e+01 3.360000e+01
    endloop
  endfacet
  facet normal 9.238795e-01 -3.826834e-01 0.000000e+00
    outer loop
      vertex   4.965926e+00 3.774118e+01 2.800000e+01
      vertex   4.965926e+00 3.774118e+01 3.360000e+01
      vertex   4.866025e+00 3.750000e+01 2.800000e+01
    endloop
  endfacet
  facet normal 9.238795e-01 -3.826834e-01 0.000000e+00
    outer loop
      vertex   4.866025e+00 3.750000e+01 2.800000e+01
      vertex   4.965926e+00 3.774118e+01 3.360000e+01
      vertex   4.866025e+00 3.750000e+01 3.360000e+01
    endloop
  endfacet
  facet normal 7.933533e-01 -6.087614e-01 0.000000e+00
    outer loop
      vertex   4.866025e+00 3.750000e+01 2.800000e+01
      vertex   4.866025e+00 3.750000e+01 3.360000e+01
      vertex   4.707107e+00 3.729289e+01 2.800000e+01
    endloop
  endfacet
  facet normal 9.914449e-01 -1.305262e-01 0.000000e+00
    outer loop
      vertex   4.965926e+00 3.774118e+01 1.120000e+01
      vertex   5.000000e+00 3.800000e+01 -4.440892e-15
      vertex   4.965926e+00 3.774118e+01 1.680000e+01
    endloop
  endfacet
  facet normal 9.238795e-01 -3.826834e-01 0.000000e+00
    outer loop
      vertex   4.965926e+00 3.774118e+01 2.240000e+01
      vertex   4.965926e+00 3.774118e+01 2.800000e+01
      vertex   4.866025e+00 3.750000e+01 2.240000e+01
    endloop
  endfacet
  facet normal 9.238795e-01 -3.826834e-01 0.000000e+00
    outer loop
      vertex   4.866025e+00 3.750000e+01 2.240000e+01
      vertex   4.965926e+00 3.774118e+01 2.800000e+01
      vertex   4.866025e+00 3.750000e+01 2.800000e+01
    endloop
  endfacet
  facet normal 7.933533e-01 -6.087614e-01 0.000000e+00
    outer loop
      vertex   4.866025e+00 3.750000e+01 2.240000e+01
      vertex   4.866025e+00 3.750000e+01 2.800000e+01
      vertex   4.707107e+00 3.729289e+01 2.240000e+01
    endloop
  endfacet
  facet normal 7.933533e-01 -6.087614e-01 0.000000e+00
    outer loop
      vertex   4.707107e+00 3.729289e+01 2.240000e+01
      vertex   4.866025e+00 3.750000e+01 2.800000e+01
      vertex   4.707107e+00 3.729289e+01 2.800000e+01
    endloop
  endfacet
  facet normal 6.087614e-01 -7.933533e-01 0.000000e+00
    outer loop
      vertex   4.707107e+00 3.729289e+01 2.240000e+01
      vertex   4.707107e+00 3.729289e+01 2.800000e+01
      vertex   4.500000e+00 3.713398e+01 2.240000e+01
    endloop
  endfacet
  facet normal 9.238795e-01 -3.826834e-01 0.000000e+00
    outer loop
      vertex   4.866025e+00 3.750000e+01 1.120000e+01
      vertex   4.965926e+00 3.774118e+01 1.120000e+01
      vertex   4.965926e+00 3.774118e+01 1.680000e+01
    endloop
  endfacet
  facet normal 9.238795e-01 -3.826834e-01 0.000000e+00
    outer loop
      vertex   4.965926e+00 3.774118e+01 4.480000e+01
      vertex   4.866025e+00 3.750000e+01 4.480000e+01
      vertex   4.866025e+00 3.750000e+01 3.920000e+01
    endloop
  endfacet
  facet normal 7.933533e-01 -6.087614e-01 0.000000e+00
    outer loop
      vertex   4.866025e+00 3.750000e+01 3.920000e+01
      vertex   4.866025e+00 3.750000e+01 4.480000e+01
      vertex   4.707107e+00 3.729289e+01 3.920000e+01
    endloop
  endfacet
  facet normal 7.933533e-01 -6.087614e-01 0.000000e+00
    outer loop
      vertex   4.866025e+00 3.750000e+01 3.920000e+01
      vertex   4.707107e+00 3.729289e+01 3.920000e+01
      vertex   4.707107e+00 3.729289e+01 3.360000e+01
    endloop
  endfacet
  facet normal 6.087614e-01 -7.933533e-01 0.000000e+00
    outer loop
      vertex   4.707107e+00 3.729289e+01 3.360000e+01
      vertex   4.707107e+00 3.729289e+01 3.920000e+01
      vertex   4.500000e+00 3.713398e+01 3.360000e+01
    endloop
  endfacet
  facet normal 6.087614e-01 -7.933533e-01 0.000000e+00
    outer loop
      vertex   4.707107e+00 3.729289e+01 3.360000e+01
      vertex   4.500000e+00 3.713398e+01 3.360000e+01
      vertex   4.500000e+00 3.713398e+01 2.800000e+01
    endloop
  endfacet
  facet normal 3.826834e-01 -9.238795e-01 0.000000e+00
    outer loop
      vertex   4.500000e+00 3.713398e+01 2.800000e+01
      vertex   4.500000e+00 3.713398e+01 3.360000e+01
      vertex   4.258819e+00 3.703407e+01 2.800000e+01
    endloop
  endfacet
  facet normal 3.826834e-01 -9.238795e-01 0.000000e+00
    outer loop
      vertex   4.500000e+00 3.713398e+01 2.800000e+01
      vertex   4.258819e+00 3.703407e+01 2.800000e+01
      vertex   4.258819e+00 3.703407e+01 2.240000e+01
    endloop
  endfacet
  facet normal 1.305262e-01 -9.914449e-01 0.000000e+00
    outer loop
      vertex   4.258819e+00 3.703407e+01 2.240000e+01
      vertex   4.258819e+00 3.703407e+01 2.800000e+01
      vertex   4.000000e+00 3.700000e+01 0.000000e+00
    endloop
  endfacet
  facet normal 7.933533e-01 -6.087614e-01 0.000000e+00
    outer loop
      vertex   4.707107e+00 3.729289e+01 3.920000e+01
      vertex   4.866025e+00 3.750000e+01 4.480000e+01
      vertex   4.707107e+00 3.729289e+01 4.480000e+01
    endloop
  endfacet
  facet normal 9.238795e-01 -3.826834e-01 0.000000e+00
    outer loop
      vertex   4.965926e+00 3.774118e+01 2.240000e+01
      vertex   4.866025e+00 3.750000e+01 2.240000e+01
      vertex   4.866025e+00 3.750000e+01 1.680000e+01
    endloop
  endfacet
  facet normal 7.933533e-01 -6.087614e-01 0.000000e+00
    outer loop
      vertex   4.866025e+00 3.750000e+01 1.680000e+01
      vertex   4.866025e+00 3.750000e+01 2.240000e+01
      vertex   4.707107e+00 3.729289e+01 1.680000e+01
    endloop
  endfacet
  facet normal 7.933533e-01 -6.087614e-01 0.000000e+00
    outer loop
      vertex   4.866025e+00 3.750000e+01 1.680000e+01
      vertex   4.707107e+00 3.729289e+01 1.680000e+01
      vertex   4.707107e+00 3.729289e+01 1.120000e+01
    endloop
  endfacet
  facet normal 6.087614e-01 -7.933533e-01 0.000000e+00
    outer loop
      vertex   4.707107e+00 3.729289e+01 1.120000e+01
      vertex   4.707107e+00 3.729289e+01 1.680000e+01
      vertex   4.500000e+00 3.713398e+01 1.120000e+01
    endloop
  endfacet
  facet normal 7.933533e-01 -6.087614e-01 0.000000e+00
    outer loop
      vertex   4.707107e+00 3.729289e+01 1.680000e+01
      vertex   4.866025e+00 3.750000e+01 2.240000e+01
      vertex   4.707107e+00 3.729289e+01 2.240000e+01
    endloop
  endfacet
  facet normal 6.087614e-01 -7.933533e-01 0.000000e+00
    outer loop
      vertex   4.500000e+00 3.713398e+01 4.480000e+01
      vertex   4.707107e+00 3.729289e+01 5.040000e+01
      vertex   4.500000e+00 3.713398e+01 5.040000e+01
    endloop
  endfacet
  facet normal 6.087614e-01 -7.933533e-01 0.000000e+00
    outer loop
      vertex   4.500000e+00 3.713398e+01 3.360000e+01
      vertex   4.707107e+00 3.729289e+01 3.920000e+01
      vertex   4.500000e+00 3.713398e+01 3.920000e+01
    endloop
  endfacet
  facet normal 6.087614e-01 -7.933533e-01 0.000000e+00
    outer loop
      vertex   4.500000e+00 3.713398e+01 3.920000e+01
      vertex   4.707107e+00 3.729289e+01 3.920000e+01
      vertex   4.707107e+00 3.729289e+01 4.480000e+01
    endloop
  endfacet
  facet normal 6.087614e-01 -7.933533e-01 0.000000e+00
    outer loop
      vertex   4.707107e+00 3.729289e+01 1.680000e+01
      vertex   4.707107e+00 3.729289e+01 2.240000e+01
      vertex   4.500000e+00 3.713398e+01 1.680000e+01
    endloop
  endfacet
  facet normal 6.087614e-01 -7.933533e-01 0.000000e+00
    outer loop
      vertex   4.500000e+00 3.713398e+01 1.680000e+01
      vertex   4.707107e+00 3.729289e+01 2.240000e+01
      vertex   4.500000e+00 3.713398e+01 2.240000e+01
    endloop
  endfacet
  facet normal 3.826834e-01 -9.238795e-01 0.000000e+00
    outer loop
      vertex   4.500000e+00 3.713398e+01 1.680000e+01
      vertex   4.500000e+00 3.713398e+01 2.240000e+01
      vertex   4.258819e+00 3.703407e+01 1.680000e+01
    endloop
  endfacet
  facet normal 3.826834e-01 -9.238795e-01 0.000000e+00
    outer loop
      vertex   4.500000e+00 3.713398e+01 4.480000e+01
      vertex   4.500000e+00 3.713398e+01 5.040000e+01
      vertex   4.258819e+00 3.703407e+01 4.480000e+01
    endloop
  endfacet
  facet normal 3.826834e-01 -9.238795e-01 0.000000e+00
    outer loop
      vertex   4.258819e+00 3.703407e+01 4.480000e+01
      vertex   4.500000e+00 3.713398e+01 5.040000e+01
      vertex   4.258819e+00 3.703407e+01 5.040000e+01
    endloop
  endfacet
  facet normal 1.305262e-01 -9.914449e-01 0.000000e+00
    outer loop
      vertex   4.258819e+00 3.703407e+01 4.480000e+01
      vertex   4.258819e+00 3.703407e+01 5.040000e+01
      vertex   4.000000e+00 3.700000e+01 5.600000e+01
    endloop
  endfacet
  facet normal 3.826834e-01 -9.238795e-01 0.000000e+00
    outer loop
      vertex   4.258819e+00 3.703407e+01 2.800000e+01
      vertex   4.500000e+00 3.713398e+01 3.360000e+01
      vertex   4.258819e+00 3.703407e+01 3.360000e+01
    endloop
  endfacet
  facet normal 3.826834e-01 -9.238795e-01 0.000000e+00
    outer loop
      vertex   4.258819e+00 3.703407e+01 3.360000e+01
      vertex   4.500000e+00 3.713398e+01 3.360000e+01
      vertex   4.500000e+00 3.713398e+01 3.920000e+01
    endloop
  endfacet
  facet normal 3.826834e-01 -9.238795e-01 0.000000e+00
    outer loop
      vertex   4.258819e+00 3.703407e+01 1.120000e+01
      vertex   4.500000e+00 3.713398e+01 1.120000e+01
      vertex   4.500000e+00 3.713398e+01 1.680000e+01
    endloop
  endfacet
  facet normal 6.087614e-01 -7.933533e-01 0.000000e+00
    outer loop
      vertex   4.500000e+00 3.713398e+01 1.680000e+01
      vertex   4.500000e+00 3.713398e+01 1.120000e+01
      vertex   4.707107e+00 3.729289e+01 1.680000e+01
    endloop
  endfacet
  facet normal 3.826834e-01 -9.238795e-01 0.000000e+00
    outer loop
      vertex   4.258819e+00 3.703407e+01 1.120000e+01
      vertex   4.500000e+00 3.713398e+01 1.680000e+01
      vertex   4.258819e+00 3.703407e+01 1.680000e+01
    endloop
  endfacet
  facet normal 1.305262e-01 -9.914449e-01 0.000000e+00
    outer loop
      vertex   4.000000e+00 3.700000e+01 5.600000e+01
      vertex   4.258819e+00 3.703407e+01 3.920000e+01
      vertex   4.258819e+00 3.703407e+01 4.480000e+01
    endloop
  endfacet
  facet normal 3.826834e-01 -9.238795e-01 0.000000e+00
    outer loop
      vertex   4.258819e+00 3.703407e+01 4.480000e+01
      vertex   4.258819e+00 3.703407e+01 3.920000e+01
      vertex   4.500000e+00 3.713398e+01 4.480000e+01
    endloop
  endfacet
  facet normal 0.000000e+00 1.000000e+00 -2.128736e-09
    outer loop
      vertex   1.000000e+00 4.000000e+01 5.600000e+01
      vertex   1.000000e+00 4.000000e+01 6.000000e+00
      vertex   -2.100000e+01 4.000000e+01 5.600000e+01
    endloop
  endfacet
  facet normal 0.000000e+00 1.000000e+00 -2.128736e-09
    outer loop
      vertex   -2.100000e+01 4.000000e+01 5.600000e+01
      vertex   1.000000e+00 4.000000e+01 6.000000e+00
      vertex   -2.100000e+01 4.000000e+01 6.000000e+00
    endloop
  endfacet
  facet normal 1.305262e-01 9.914449e-01 -2.110524e-09
    outer loop
      vertex   -2.125882e+01 4.003407e+01 6.000000e+00
      vertex   -2.125882e+01 4.003407e+01 1.155556e+01
      vertex   -2.100000e+01 4.000000e+01 6.000000e+00
    endloop
  endfacet
  facet normal 1.305262e-01 9.914449e-01 -2.110524e-09
    outer loop
      vertex   -2.100000e+01 4.000000e+01 6.000000e+00
      vertex   -2.125882e+01 4.003407e+01 1.155556e+01
      vertex   -2.125882e+01 4.003407e+01 1.711111e+01
    endloop
  endfacet
  facet normal 1.305262e-01 9.914449e-01 -2.110524e-09
    outer loop
      vertex   -2.100000e+01 4.000000e+01 6.000000e+00
      vertex   -2.125882e+01 4.003407e+01 1.711111e+01
      vertex   -2.125882e+01 4.003407e+01 2.266667e+01
    endloop
  endfacet
  facet normal 3.826834e-01 9.238795e-01 -1.966695e-09
    outer loop
      vertex   -2.125882e+01 4.003407e+01 2.266667e+01
      vertex   -2.125882e+01 4.003407e+01 1.711111e+01
      vertex   -2.150000e+01 4.013398e+01 2.266667e+01
    endloop
  endfacet
  facet normal 3.826834e-01 9.238795e-01 -1.966696e-09
    outer loop
      vertex   -2.125882e+01 4.003407e+01 2.266667e+01
      vertex   -2.150000e+01 4.013398e+01 2.266667e+01
      vertex   -2.150000e+01 4.013398e+01 2.822222e+01
    endloop
  endfacet
  facet normal 6.087614e-01 7.933533e-01 -1.688841e-09
    outer loop
      vertex   -2.150000e+01 4.013398e+01 2.822222e+01
      vertex   -2.150000e+01 4.013398e+01 2.266667e+01
      vertex   -2.170711e+01 4.029289e+01 2.822222e+01
    endloop
  endfacet
  facet normal 6.087614e-01 7.933533e-01 -1.688839e-09
    outer loop
      vertex   -2.150000e+01 4.013398e+01 2.822222e+01
      vertex   -2.170711e+01 4.029289e+01 2.822222e+01
      vertex   -2.170711e+01 4.029289e+01 3.377778e+01
    endloop
  endfacet
  facet normal 7.933533e-01 6.087614e-01 -1.295892e-09
    outer loop
      vertex   -2.170711e+01 4.029289e+01 3.377778e+01
      vertex   -2.170711e+01 4.029289e+01 2.822222e+01
      vertex   -2.186603e+01 4.050000e+01 3.377778e+01
    endloop
  endfacet
  facet normal 7.933533e-01 6.087614e-01 -1.295890e-09
    outer loop
      vertex   -2.170711e+01 4.029289e+01 3.377778e+01
      vertex   -2.186603e+01 4.050000e+01 3.377778e+01
      vertex   -2.186603e+01 4.050000e+01 3.933333e+01
    endloop
  endfacet
  facet normal 9.238795e-01 3.826834e-01 -8.146302e-10
    outer loop
      vertex   -2.186603e+01 4.050000e+01 3.933333e+01
      vertex   -2.186603e+01 4.050000e+01 3.377778e+01
      vertex   -2.196593e+01 4.074118e+01 3.933333e+01
    endloop
  endfacet
  facet normal 9.238795e-01 3.826834e-01 -8.146318e-10
    outer loop
      vertex   -2.186603e+01 4.050000e+01 3.933333e+01
      vertex   -2.196593e+01 4.074118e+01 3.933333e+01
      vertex   -2.196593e+01 4.074118e+01 4.488889e+01
    endloop
  endfacet
  facet normal 9.914449e-01 1.305262e-01 -2.778558e-10
    outer loop
      vertex   -2.196593e+01 4.074118e+01 4.488889e+01
      vertex   -2.196593e+01 4.074118e+01 3.933333e+01
      vertex   -2.200000e+01 4.100000e+01 5.600000e+01
    endloop
  endfacet
  facet normal 9.914449e-01 1.305262e-01 -2.778558e-10
    outer loop
      vertex   -2.196593e+01 4.074118e+01 4.488889e+01
      vertex   -2.200000e+01 4.100000e+01 5.600000e+01
      vertex   -2.196593e+01 4.074118e+01 5.044444e+01
    endloop
  endfacet
  facet normal 9.914449e-01 1.305262e-01 -2.778556e-10
    outer loop
      vertex   -2.196593e+01 4.074118e+01 5.044444e+01
      vertex   -2.200000e+01 4.100000e+01 5.600000e+01
      vertex   -2.196593e+01 4.074118e+01 5.600000e+01
    endloop
  endfacet
  facet normal 9.238795e-01 3.826834e-01 -8.146314e-10
    outer loop
      vertex   -2.196593e+01 4.074118e+01 5.044444e+01
      vertex   -2.196593e+01 4.074118e+01 5.600000e+01
      vertex   -2.186603e+01 4.050000e+01 5.044444e+01
    endloop
  endfacet
  facet normal 9.238795e-01 3.826834e-01 -8.146330e-10
    outer loop
      vertex   -2.186603e+01 4.050000e+01 5.044444e+01
      vertex   -2.196593e+01 4.074118e+01 5.600000e+01
      vertex   -2.186603e+01 4.050000e+01 5.600000e+01
    endloop
  endfacet
  facet normal 7.933533e-01 6.087614e-01 -1.295893e-09
    outer loop
      vertex   -2.186603e+01 4.050000e+01 5.044444e+01
      vertex   -2.186603e+01 4.050000e+01 5.600000e+01
      vertex   -2.170711e+01 4.029289e+01 5.044444e+01
    endloop
  endfacet
  facet normal 7.933533e-01 6.087614e-01 -1.295893e-09
    outer loop
      vertex   -2.170711e+01 4.029289e+01 5.044444e+01
      vertex   -2.186603e+01 4.050000e+01 5.600000e+01
      vertex   -2.170711e+01 4.029289e+01 5.600000e+01
    endloop
  endfacet
  facet normal 6.087614e-01 7.933533e-01 -1.688841e-09
    outer loop
      vertex   -2.170711e+01 4.029289e+01 5.044444e+01
      vertex   -2.170711e+01 4.029289e+01 5.600000e+01
      vertex   -2.150000e+01 4.013398e+01 5.044444e+01
    endloop
  endfacet
  facet normal 6.087614e-01 7.933533e-01 -1.688839e-09
    outer loop
      vertex   -2.150000e+01 4.013398e+01 5.044444e+01
      vertex   -2.170711e+01 4.029289e+01 5.600000e+01
      vertex   -2.150000e+01 4.013398e+01 5.600000e+01
    endloop
  endfacet
  facet normal 3.826834e-01 9.238795e-01 -1.966695e-09
    outer loop
      vertex   -2.150000e+01 4.013398e+01 5.044444e+01
      vertex   -2.150000e+01 4.013398e+01 5.600000e+01
      vertex   -2.125882e+01 4.003407e+01 5.044444e+01
    endloop
  endfacet
  facet normal 3.826834e-01 9.238795e-01 -1.966695e-09
    outer loop
      vertex   -2.125882e+01 4.003407e+01 5.044444e+01
      vertex   -2.150000e+01 4.013398e+01 5.600000e+01
      vertex   -2.125882e+01 4.003407e+01 5.600000e+01
    endloop
  endfacet
  facet normal 1.305262e-01 9.914449e-01 -2.110524e-09
    outer loop
      vertex   -2.125882e+01 4.003407e+01 5.044444e+01
      vertex   -2.125882e+01 4.003407e+01 5.600000e+01
      vertex   -2.100000e+01 4.000000e+01 5.600000e+01
    endloop
  endfacet
  facet normal 3.826834e-01 9.238795e-01 -1.966695e-09
    outer loop
      vertex   -2.125882e+01 4.003407e+01 1.155556e+01
      vertex   -2.125882e+01 4.003407e+01 6.000000e+00
      vertex   -2.150000e+01 4.013398e+01 1.155556e+01
    endloop
  endfacet
  facet normal 3.826834e-01 9.238795e-01 -1.966695e-09
    outer loop
      vertex   -2.150000e+01 4.013398e+01 1.155556e+01
      vertex   -2.125882e+01 4.003407e+01 6.000000e+00
      vertex   -2.150000e+01 4.013398e+01 6.000000e+00
    endloop
  endfacet
  facet normal 6.087614e-01 7.933533e-01 -1.688839e-09
    outer loop
      vertex   -2.150000e+01 4.013398e+01 1.155556e+01
      vertex   -2.150000e+01 4.013398e+01 6.000000e+00
      vertex   -2.170711e+01 4.029289e+01 1.155556e+01
    endloop
  endfacet
  facet normal 6.087614e-01 7.933533e-01 -1.688839e-09
    outer loop
      vertex   -2.170711e+01 4.029289e+01 1.155556e+01
      vertex   -2.150000e+01 4.013398e+01 6.000000e+00
      vertex   -2.170711e+01 4.029289e+01 6.000000e+00
    endloop
  endfacet
  facet normal 7.933533e-01 6.087614e-01 -1.295892e-09
    outer loop
      vertex   -2.170711e+01 4.029289e+01 1.155556e+01
      vertex   -2.170711e+01 4.029289e+01 6.000000e+00
      vertex   -2.186603e+01 4.050000e+01 1.155556e+01
    endloop
  endfacet
  facet normal 7.933533e-01 6.087614e-01 -1.295892e-09
    outer loop
      vertex   -2.186603e+01 4.050000e+01 1.155556e+01
      vertex   -2.170711e+01 4.029289e+01 6.000000e+00
      vertex   -2.186603e+01 4.050000e+01 6.000000e+00
    endloop
  endfacet
  facet normal 9.238795e-01 3.826834e-01 -8.146318e-10
    outer loop
      vertex   -2.186603e+01 4.050000e+01 1.155556e+01
      vertex   -2.186603e+01 4.050000e+01 6.000000e+00
      vertex   -2.196593e+01 4.074118e+01 1.155556e+01
    endloop
  endfacet
  facet normal 9.238795e-01 3.826834e-01 -8.146318e-10
    outer loop
      vertex   -2.196593e+01 4.074118e+01 1.155556e+01
      vertex   -2.186603e+01 4.050000e+01 6.000000e+00
      vertex   -2.196593e+01 4.074118e+01 6.000000e+00
    endloop
  endfacet
  facet normal 9.914449e-01 1.305262e-01 -2.778558e-10
    outer loop
      vertex   -2.196593e+01 4.074118e+01 1.155556e+01
      vertex   -2.196593e+01 4.074118e+01 6.000000e+00
      vertex   -2.200000e+01 4.100000e+01 6.000000e+00
    endloop
  endfacet
  facet normal 9.914449e-01 1.305262e-01 -2.778557e-10
    outer loop
      vertex   -2.200000e+01 4.100000e+01 5.600000e+01
      vertex   -2.196593e+01 4.074118e+01 2.822222e+01
      vertex   -2.200000e+01 4.100000e+01 6.000000e+00
    endloop
  endfacet
  facet normal 9.914449e-01 1.305262e-01 -2.778558e-10
    outer loop
      vertex   -2.200000e+01 4.100000e+01 6.000000e+00
      vertex   -2.196593e+01 4.074118e+01 2.822222e+01
      vertex   -2.196593e+01 4.074118e+01 2.266667e+01
    endloop
  endfacet
  facet normal 9.914449e-01 1.305262e-01 -2.778558e-10
    outer loop
      vertex   -2.200000e+01 4.100000e+01 6.000000e+00
      vertex   -2.196593e+01 4.074118e+01 2.266667e+01
      vertex   -2.196593e+01 4.074118e+01 1.711111e+01
    endloop
  endfacet
  facet normal 9.238795e-01 3.826834e-01 -8.146318e-10
    outer loop
      vertex   -2.196593e+01 4.074118e+01 1.711111e+01
      vertex   -2.196593e+01 4.074118e+01 2.266667e+01
      vertex   -2.186603e+01 4.050000e+01 1.711111e+01
    endloop
  endfacet
  facet normal 9.238795e-01 3.826834e-01 -8.146318e-10
    outer loop
      vertex   -2.196593e+01 4.074118e+01 1.711111e+01
      vertex   -2.186603e+01 4.050000e+01 1.711111e+01
      vertex   -2.186603e+01 4.050000e+01 1.155556e+01
    endloop
  endfacet
  facet normal 7.933533e-01 6.087614e-01 -1.295892e-09
    outer loop
      vertex   -2.186603e+01 4.050000e+01 1.155556e+01
      vertex   -2.186603e+01 4.050000e+01 1.711111e+01
      vertex   -2.170711e+01 4.029289e+01 1.155556e+01
    endloop
  endfacet
  facet normal 1.305262e-01 9.914449e-01 -2.110524e-09
    outer loop
      vertex   -2.100000e+01 4.000000e+01 6.000000e+00
      vertex   -2.125882e+01 4.003407e+01 3.377778e+01
      vertex   -2.100000e+01 4.000000e+01 5.600000e+01
    endloop
  endfacet
  facet normal 1.305262e-01 9.914449e-01 -2.110523e-09
    outer loop
      vertex   -2.100000e+01 4.000000e+01 5.600000e+01
      vertex   -2.125882e+01 4.003407e+01 3.377778e+01
      vertex   -2.125882e+01 4.003407e+01 3.933333e+01
    endloop
  endfacet
  facet normal 1.305262e-01 9.914449e-01 -2.110524e-09
    outer loop
      vertex   -2.100000e+01 4.000000e+01 5.600000e+01
      vertex   -2.125882e+01 4.003407e+01 3.933333e+01
      vertex   -2.125882e+01 4.003407e+01 4.488889e+01
    endloop
  endfacet
  facet normal 3.826834e-01 9.238795e-01 -1.966695e-09
    outer loop
      vertex   -2.125882e+01 4.003407e+01 4.488889e+01
      vertex   -2.125882e+01 4.003407e+01 3.933333e+01
      vertex   -2.150000e+01 4.013398e+01 4.488889e+01
    endloop
  endfacet
  facet normal 3.826834e-01 9.238795e-01 -1.966695e-09
    outer loop
      vertex   -2.125882e+01 4.003407e+01 4.488889e+01
      vertex   -2.150000e+01 4.013398e+01 4.488889e+01
      vertex   -2.150000e+01 4.013398e+01 5.044444e+01
    endloop
  endfacet
  facet normal 6.087614e-01 7.933533e-01 -1.688839e-09
    outer loop
      vertex   -2.150000e+01 4.013398e+01 5.044444e+01
      vertex   -2.150000e+01 4.013398e+01 4.488889e+01
      vertex   -2.170711e+01 4.029289e+01 5.044444e+01
    endloop
  endfacet
  facet normal 3.826834e-01 9.238795e-01 -1.966695e-09
    outer loop
      vertex   -2.125882e+01 4.003407e+01 1.711111e+01
      vertex   -2.125882e+01 4.003407e+01 1.155556e+01
      vertex   -2.150000e+01 4.013398e+01 1.711111e+01
    endloop
  endfacet
  facet normal 3.826834e-01 9.238795e-01 -1.966696e-09
    outer loop
      vertex   -2.150000e+01 4.013398e+01 1.711111e+01
      vertex   -2.125882e+01 4.003407e+01 1.155556e+01
      vertex   -2.150000e+01 4.013398e+01 1.155556e+01
    endloop
  endfacet
  facet normal 6.087614e-01 7.933533e-01 -1.688841e-09
    outer loop
      vertex   -2.150000e+01 4.013398e+01 1.711111e+01
      vertex   -2.150000e+01 4.013398e+01 1.155556e+01
      vertex   -2.170711e+01 4.029289e+01 1.711111e+01
    endloop
  endfacet
  facet normal 6.087614e-01 7.933533e-01 -1.688839e-09
    outer loop
      vertex   -2.170711e+01 4.029289e+01 1.711111e+01
      vertex   -2.150000e+01 4.013398e+01 1.155556e+01
      vertex   -2.170711e+01 4.029289e+01 1.155556e+01
    endloop
  endfacet
  facet normal 7.933533e-01 6.087614e-01 -1.295892e-09
    outer loop
      vertex   -2.170711e+01 4.029289e+01 1.711111e+01
      vertex   -2.170711e+01 4.029289e+01 1.155556e+01
      vertex   -2.186603e+01 4.050000e+01 1.711111e+01
    endloop
  endfacet
  facet normal 1.305262e-01 9.914449e-01 -2.110524e-09
    outer loop
      vertex   -2.125882e+01 4.003407e+01 3.377778e+01
      vertex   -2.100000e+01 4.000000e+01 6.000000e+00
      vertex   -2.125882e+01 4.003407e+01 2.822222e+01
    endloop
  endfacet
  facet normal 1.305262e-01 9.914449e-01 -2.110524e-09
    outer loop
      vertex   -2.125882e+01 4.003407e+01 2.822222e+01
      vertex   -2.100000e+01 4.000000e+01 6.000000e+00
      vertex   -2.125882e+01 4.003407e+01 2.266667e+01
    endloop
  endfacet
  facet normal 3.826834e-01 9.238795e-01 -1.966695e-09
    outer loop
      vertex   -2.125882e+01 4.003407e+01 2.822222e+01
      vertex   -2.125882e+01 4.003407e+01 2.266667e+01
      vertex   -2.150000e+01 4.013398e+01 2.822222e+01
    endloop
  endfacet
  facet normal 3.826834e-01 9.238795e-01 -1.966695e-09
    outer loop
      vertex   -2.125882e+01 4.003407e+01 3.377778e+01
      vertex   -2.125882e+01 4.003407e+01 2.822222e+01
      vertex   -2.150000e+01 4.013398e+01 3.377778e+01
    endloop
  endfacet
  facet normal 3.826834e-01 9.238795e-01 -1.966694e-09
    outer loop
      vertex   -2.150000e+01 4.013398e+01 3.377778e+01
      vertex   -2.125882e+01 4.003407e+01 2.822222e+01
      vertex   -2.150000e+01 4.013398e+01 2.822222e+01
    endloop
  endfacet
  facet normal 6.087614e-01 7.933533e-01 -1.688838e-09
    outer loop
      vertex   -2.150000e+01 4.013398e+01 3.377778e+01
      vertex   -2.150000e+01 4.013398e+01 2.822222e+01
      vertex   -2.170711e+01 4.029289e+01 3.377778e+01
    endloop
  endfacet
  facet normal 1.305262e-01 9.914449e-01 -2.110524e-09
    outer loop
      vertex   -2.125882e+01 4.003407e+01 5.044444e+01
      vertex   -2.100000e+01 4.000000e+01 5.600000e+01
      vertex   -2.125882e+01 4.003407e+01 4.488889e+01
    endloop
  endfacet
  facet normal 3.826834e-01 9.238795e-01 -1.966694e-09
    outer loop
      vertex   -2.125882e+01 4.003407e+01 3.933333e+01
      vertex   -2.125882e+01 4.003407e+01 3.377778e+01
      vertex   -2.150000e+01 4.013398e+01 3.933333e+01
    endloop
  endfacet
  facet normal 3.826834e-01 9.238795e-01 -1.966694e-09
    outer loop
      vertex   -2.150000e+01 4.013398e+01 3.933333e+01
      vertex   -2.125882e+01 4.003407e+01 3.377778e+01
      vertex   -2.150000e+01 4.013398e+01 3.377778e+01
    endloop
  endfacet
  facet normal 6.087614e-01 7.933533e-01 -1.688838e-09
    outer loop
      vertex   -2.150000e+01 4.013398e+01 3.933333e+01
      vertex   -2.150000e+01 4.013398e+01 3.377778e+01
      vertex   -2.170711e+01 4.029289e+01 3.933333e+01
    endloop
  endfacet
  facet normal 6.087614e-01 7.933533e-01 -1.688837e-09
    outer loop
      vertex   -2.170711e+01 4.029289e+01 3.933333e+01
      vertex   -2.150000e+01 4.013398e+01 3.377778e+01
      vertex   -2.170711e+01 4.029289e+01 3.377778e+01
    endloop
  endfacet
  facet normal 7.933533e-01 6.087614e-01 -1.295891e-09
    outer loop
      vertex   -2.170711e+01 4.029289e+01 3.933333e+01
      vertex   -2.170711e+01 4.029289e+01 3.377778e+01
      vertex   -2.186603e+01 4.050000e+01 3.933333e+01
    endloop
  endfacet
  facet normal 3.826834e-01 9.238795e-01 -1.966695e-09
    outer loop
      vertex   -2.150000e+01 4.013398e+01 5.044444e+01
      vertex   -2.125882e+01 4.003407e+01 5.044444e+01
      vertex   -2.125882e+01 4.003407e+01 4.488889e+01
    endloop
  endfacet
  facet normal 3.826834e-01 9.238795e-01 -1.966694e-09
    outer loop
      vertex   -2.125882e+01 4.003407e+01 1.711111e+01
      vertex   -2.150000e+01 4.013398e+01 1.711111e+01
      vertex   -2.150000e+01 4.013398e+01 2.266667e+01
    endloop
  endfacet
  facet normal 6.087614e-01 7.933533e-01 -1.688838e-09
    outer loop
      vertex   -2.150000e+01 4.013398e+01 2.266667e+01
      vertex   -2.150000e+01 4.013398e+01 1.711111e+01
      vertex   -2.170711e+01 4.029289e+01 2.266667e+01
    endloop
  endfacet
  facet normal 6.087614e-01 7.933533e-01 -1.688839e-09
    outer loop
      vertex   -2.150000e+01 4.013398e+01 2.266667e+01
      vertex   -2.170711e+01 4.029289e+01 2.266667e+01
      vertex   -2.170711e+01 4.029289e+01 2.822222e+01
    endloop
  endfacet
  facet normal 7.933533e-01 6.087614e-01 -1.295892e-09
    outer loop
      vertex   -2.170711e+01 4.029289e+01 2.822222e+01
      vertex   -2.170711e+01 4.029289e+01 2.266667e+01
      vertex   -2.186603e+01 4.050000e+01 2.822222e+01
    endloop
  endfacet
  facet normal 7.933533e-01 6.087614e-01 -1.295892e-09
    outer loop
      vertex   -2.170711e+01 4.029289e+01 2.822222e+01
      vertex   -2.186603e+01 4.050000e+01 2.822222e+01
      vertex   -2.186603e+01 4.050000e+01 3.377778e+01
    endloop
  endfacet
  facet normal 9.238795e-01 3.826834e-01 -8.146318e-10
    outer loop
      vertex   -2.186603e+01 4.050000e+01 3.377778e+01
      vertex   -2.186603e+01 4.050000e+01 2.822222e+01
      vertex   -2.196593e+01 4.074118e+01 3.377778e+01
    endloop
  endfacet
  facet normal 9.238795e-01 3.826834e-01 -8.146318e-10
    outer loop
      vertex   -2.186603e+01 4.050000e+01 3.377778e+01
      vertex   -2.196593e+01 4.074118e+01 3.377778e+01
      vertex   -2.196593e+01 4.074118e+01 3.933333e+01
    endloop
  endfacet
  facet normal 9.914449e-01 1.305262e-01 -2.778558e-10
    outer loop
      vertex   -2.196593e+01 4.074118e+01 3.933333e+01
      vertex   -2.196593e+01 4.074118e+01 3.377778e+01
      vertex   -2.200000e+01 4.100000e+01 5.600000e+01
    endloop
  endfacet
  facet normal 6.087614e-01 7.933533e-01 -1.688839e-09
    outer loop
      vertex   -2.170711e+01 4.029289e+01 2.266667e+01
      vertex   -2.150000e+01 4.013398e+01 1.711111e+01
      vertex   -2.170711e+01 4.029289e+01 1.711111e+01
    endloop
  endfacet
  facet normal 3.826834e-01 9.238795e-01 -1.966695e-09
    outer loop
      vertex   -2.125882e+01 4.003407e+01 3.933333e+01
      vertex   -2.150000e+01 4.013398e+01 3.933333e+01
      vertex   -2.150000e+01 4.013398e+01 4.488889e+01
    endloop
  endfacet
  facet normal 6.087614e-01 7.933533e-01 -1.688839e-09
    outer loop
      vertex   -2.150000e+01 4.013398e+01 4.488889e+01
      vertex   -2.150000e+01 4.013398e+01 3.933333e+01
      vertex   -2.170711e+01 4.029289e+01 4.488889e+01
    endloop
  endfacet
  facet normal 6.087614e-01 7.933533e-01 -1.688838e-09
    outer loop
      vertex   -2.150000e+01 4.013398e+01 4.488889e+01
      vertex   -2.170711e+01 4.029289e+01 4.488889e+01
      vertex   -2.170711e+01 4.029289e+01 5.044444e+01
    endloop
  endfacet
  facet normal 7.933533e-01 6.087614e-01 -1.295891e-09
    outer loop
      vertex   -2.170711e+01 4.029289e+01 5.044444e+01
      vertex   -2.170711e+01 4.029289e+01 4.488889e+01
      vertex   -2.186603e+01 4.050000e+01 5.044444e+01
    endloop
  endfacet
  facet normal 6.087614e-01 7.933533e-01 -1.688841e-09
    outer loop
      vertex   -2.170711e+01 4.029289e+01 4.488889e+01
      vertex   -2.150000e+01 4.013398e+01 3.933333e+01
      vertex   -2.170711e+01 4.029289e+01 3.933333e+01
    endloop
  endfacet
  facet normal 7.933533e-01 6.087614e-01 -1.295892e-09
    outer loop
      vertex   -2.170711e+01 4.029289e+01 2.266667e+01
      vertex   -2.170711e+01 4.029289e+01 1.711111e+01
      vertex   -2.186603e+01 4.050000e+01 2.266667e+01
    endloop
  endfacet
  facet normal 7.933533e-01 6.087614e-01 -1.295892e-09
    outer loop
      vertex   -2.186603e+01 4.050000e+01 2.266667e+01
      vertex   -2.170711e+01 4.029289e+01 1.711111e+01
      vertex   -2.186603e+01 4.050000e+01 1.711111e+01
    endloop
  endfacet
  facet normal 9.238795e-01 3.826834e-01 -8.146318e-10
    outer loop
      vertex   -2.186603e+01 4.050000e+01 2.266667e+01
      vertex   -2.186603e+01 4.050000e+01 1.711111e+01
      vertex   -2.196593e+01 4.074118e+01 2.266667e+01
    endloop
  endfacet
  facet normal 7.933533e-01 6.087614e-01 -1.295893e-09
    outer loop
      vertex   -2.170711e+01 4.029289e+01 4.488889e+01
      vertex   -2.170711e+01 4.029289e+01 3.933333e+01
      vertex   -2.186603e+01 4.050000e+01 4.488889e+01
    endloop
  endfacet
  facet normal 7.933533e-01 6.087614e-01 -1.295892e-09
    outer loop
      vertex   -2.186603e+01 4.050000e+01 4.488889e+01
      vertex   -2.170711e+01 4.029289e+01 3.933333e+01
      vertex   -2.186603e+01 4.050000e+01 3.933333e+01
    endloop
  endfacet
  facet normal 9.238795e-01 3.826834e-01 -8.146318e-10
    outer loop
      vertex   -2.186603e+01 4.050000e+01 4.488889e+01
      vertex   -2.186603e+01 4.050000e+01 3.933333e+01
      vertex   -2.196593e+01 4.074118e+01 4.488889e+01
    endloop
  endfacet
  facet normal 9.238795e-01 3.826834e-01 -8.146318e-10
    outer loop
      vertex   -2.196593e+01 4.074118e+01 1.711111e+01
      vertex   -2.186603e+01 4.050000e+01 1.155556e+01
      vertex   -2.196593e+01 4.074118e+01 1.155556e+01
    endloop
  endfacet
  facet normal 7.933533e-01 6.087614e-01 -1.295892e-09
    outer loop
      vertex   -2.170711e+01 4.029289e+01 2.266667e+01
      vertex   -2.186603e+01 4.050000e+01 2.266667e+01
      vertex   -2.186603e+01 4.050000e+01 2.822222e+01
    endloop
  endfacet
  facet normal 9.238795e-01 3.826834e-01 -8.146318e-10
    outer loop
      vertex   -2.186603e+01 4.050000e+01 2.822222e+01
      vertex   -2.186603e+01 4.050000e+01 2.266667e+01
      vertex   -2.196593e+01 4.074118e+01 2.822222e+01
    endloop
  endfacet
  facet normal 9.238795e-01 3.826834e-01 -8.146318e-10
    outer loop
      vertex   -2.186603e+01 4.050000e+01 2.822222e+01
      vertex   -2.196593e+01 4.074118e+01 2.822222e+01
      vertex   -2.196593e+01 4.074118e+01 3.377778e+01
    endloop
  endfacet
  facet normal 9.914449e-01 1.305262e-01 -2.778558e-10
    outer loop
      vertex   -2.196593e+01 4.074118e+01 3.377778e+01
      vertex   -2.196593e+01 4.074118e+01 2.822222e+01
      vertex   -2.200000e+01 4.100000e+01 5.600000e+01
    endloop
  endfacet
  facet normal 9.238795e-01 3.826834e-01 -8.146318e-10
    outer loop
      vertex   -2.196593e+01 4.074118e+01 2.822222e+01
      vertex   -2.186603e+01 4.050000e+01 2.266667e+01
      vertex   -2.196593e+01 4.074118e+01 2.266667e+01
    endloop
  endfacet
  facet normal 9.238795e-01 3.826834e-01 -8.146318e-10
    outer loop
      vertex   -2.196593e+01 4.074118e+01 5.044444e+01
      vertex   -2.186603e+01 4.050000e+01 5.044444e+01
      vertex   -2.186603e+01 4.050000e+01 4.488889e+01
    endloop
  endfacet
  facet normal 7.933533e-01 6.087614e-01 -1.295892e-09
    outer loop
      vertex   -2.186603e+01 4.050000e+01 4.488889e+01
      vertex   -2.186603e+01 4.050000e+01 5.044444e+01
      vertex   -2.170711e+01 4.029289e+01 4.488889e+01
    endloop
  endfacet
  facet normal 9.238795e-01 3.826834e-01 -8.146318e-10
    outer loop
      vertex   -2.196593e+01 4.074118e+01 5.044444e+01
      vertex   -2.186603e+01 4.050000e+01 4.488889e+01
      vertex   -2.196593e+01 4.074118e+01 4.488889e+01
    endloop
  endfacet
  facet normal 9.914449e-01 1.305262e-01 -2.778558e-10
    outer loop
      vertex   -2.200000e+01 4.100000e+01 6.000000e+00
      vertex   -2.196593e+01 4.074118e+01 1.711111e+01
      vertex   -2.196593e+01 4.074118e+01 1.155556e+01
    endloop
  endfacet
  facet normal -9.914449e-01 1.305262e-01 -2.778566e-10
    outer loop
      vertex   1.965926e+00 4.074118e+01 6.000000e+00
      vertex   1.965926e+00 4.074118e+01 1.155556e+01
      vertex   2.000000e+00 4.100000e+01 6.000000e+00
    endloop
  endfacet
  facet normal -9.914449e-01 1.305262e-01 -2.778553e-10
    outer loop
      vertex   2.000000e+00 4.100000e+01 6.000000e+00
      vertex   1.965926e+00 4.074118e+01 1.155556e+01
      vertex   1.965926e+00 4.074118e+01 1.711111e+01
    endloop
  endfacet
  facet normal -9.914449e-01 1.305262e-01 -2.778558e-10
    outer loop
      vertex   2.000000e+00 4.100000e+01 6.000000e+00
      vertex   1.965926e+00 4.074118e+01 1.711111e+01
      vertex   1.965926e+00 4.074118e+01 2.266667e+01
    endloop
  endfacet
  facet normal -9.238795e-01 3.826834e-01 -8.146326e-10
    outer loop
      vertex   1.965926e+00 4.074118e+01 2.266667e+01
      vertex   1.965926e+00 4.074118e+01 1.711111e+01
      vertex   1.866025e+00 4.050000e+01 2.266667e+01
    endloop
  endfacet
  facet normal -9.238795e-01 3.826834e-01 -8.146320e-10
    outer loop
      vertex   1.965926e+00 4.074118e+01 2.266667e+01
      vertex   1.866025e+00 4.050000e+01 2.266667e+01
      vertex   1.866025e+00 4.050000e+01 2.822222e+01
    endloop
  endfacet
  facet normal -7.933533e-01 6.087614e-01 -1.295893e-09
    outer loop
      vertex   1.866025e+00 4.050000e+01 2.822222e+01
      vertex   1.866025e+00 4.050000e+01 2.266667e+01
      vertex   1.707107e+00 4.029289e+01 2.822222e+01
    endloop
  endfacet
  facet normal -7.933533e-01 6.087614e-01 -1.295892e-09
    outer loop
      vertex   1.866025e+00 4.050000e+01 2.822222e+01
      vertex   1.707107e+00 4.029289e+01 2.822222e+01
      vertex   1.707107e+00 4.029289e+01 3.377778e+01
    endloop
  endfacet
  facet normal -6.087614e-01 7.933533e-01 -1.688839e-09
    outer loop
      vertex   1.707107e+00 4.029289e+01 3.377778e+01
      vertex   1.707107e+00 4.029289e+01 2.822222e+01
      vertex   1.500000e+00 4.013398e+01 3.377778e+01
    endloop
  endfacet
  facet normal -6.087614e-01 7.933533e-01 -1.688841e-09
    outer loop
      vertex   1.707107e+00 4.029289e+01 3.377778e+01
      vertex   1.500000e+00 4.013398e+01 3.377778e+01
      vertex   1.500000e+00 4.013398e+01 3.933333e+01
    endloop
  endfacet
  facet normal -3.826834e-01 9.238795e-01 -1.966697e-09
    outer loop
      vertex   1.500000e+00 4.013398e+01 3.933333e+01
      vertex   1.500000e+00 4.013398e+01 3.377778e+01
      vertex   1.258819e+00 4.003407e+01 3.933333e+01
    endloop
  endfacet
  facet normal -3.826834e-01 9.238795e-01 -1.966696e-09
    outer loop
      vertex   1.500000e+00 4.013398e+01 3.933333e+01
      vertex   1.258819e+00 4.003407e+01 3.933333e+01
      vertex   1.258819e+00 4.003407e+01 4.488889e+01
    endloop
  endfacet
  facet normal -1.305262e-01 9.914449e-01 -2.110524e-09
    outer loop
      vertex   1.258819e+00 4.003407e+01 4.488889e+01
      vertex   1.258819e+00 4.003407e+01 3.933333e+01
      vertex   1.000000e+00 4.000000e+01 5.600000e+01
    endloop
  endfacet
  facet normal -1.305262e-01 9.914449e-01 -2.110524e-09
    outer loop
      vertex   1.258819e+00 4.003407e+01 4.488889e+01
      vertex   1.000000e+00 4.000000e+01 5.600000e+01
      vertex   1.258819e+00 4.003407e+01 5.044444e+01
    endloop
  endfacet
  facet normal -1.305262e-01 9.914449e-01 -2.110525e-09
    outer loop
      vertex   1.258819e+00 4.003407e+01 5.044444e+01
      vertex   1.000000e+00 4.000000e+01 5.600000e+01
      vertex   1.258819e+00 4.003407e+01 5.600000e+01
    endloop
  endfacet
  facet normal -3.826834e-01 9.238795e-01 -1.966695e-09
    outer loop
      vertex   1.258819e+00 4.003407e+01 5.044444e+01
      vertex   1.258819e+00 4.003407e+01 5.600000e+01
      vertex   1.500000e+00 4.013398e+01 5.044444e+01
    endloop
  endfacet
  facet normal -3.826834e-01 9.238795e-01 -1.966693e-09
    outer loop
      vertex   1.500000e+00 4.013398e+01 5.044444e+01
      vertex   1.258819e+00 4.003407e+01 5.600000e+01
      vertex   1.500000e+00 4.013398e+01 5.600000e+01
    endloop
  endfacet
  facet normal -6.087614e-01 7.933533e-01 -1.688838e-09
    outer loop
      vertex   1.500000e+00 4.013398e+01 5.044444e+01
      vertex   1.500000e+00 4.013398e+01 5.600000e+01
      vertex   1.707107e+00 4.029289e+01 5.044444e+01
    endloop
  endfacet
  facet normal -6.087614e-01 7.933533e-01 -1.688840e-09
    outer loop
      vertex   1.707107e+00 4.029289e+01 5.044444e+01
      vertex   1.500000e+00 4.013398e+01 5.600000e+01
      vertex   1.707107e+00 4.029289e+01 5.600000e+01
    endloop
  endfacet
  facet normal -7.933533e-01 6.087614e-01 -1.295892e-09
    outer loop
      vertex   1.707107e+00 4.029289e+01 5.044444e+01
      vertex   1.707107e+00 4.029289e+01 5.600000e+01
      vertex   1.866025e+00 4.050000e+01 5.044444e+01
    endloop
  endfacet
  facet normal -7.933533e-01 6.087614e-01 -1.295892e-09
    outer loop
      vertex   1.866025e+00 4.050000e+01 5.044444e+01
      vertex   1.707107e+00 4.029289e+01 5.600000e+01
      vertex   1.866025e+00 4.050000e+01 5.600000e+01
    endloop
  endfacet
  facet normal -9.238795e-01 3.826834e-01 -8.146325e-10
    outer loop
      vertex   1.866025e+00 4.050000e+01 5.044444e+01
      vertex   1.866025e+00 4.050000e+01 5.600000e+01
      vertex   1.965926e+00 4.074118e+01 5.044444e+01
    endloop
  endfacet
  facet normal -9.238795e-01 3.826834e-01 -8.146311e-10
    outer loop
      vertex   1.965926e+00 4.074118e+01 5.044444e+01
      vertex   1.866025e+00 4.050000e+01 5.600000e+01
      vertex   1.965926e+00 4.074118e+01 5.600000e+01
    endloop
  endfacet
  facet normal -9.914449e-01 1.305262e-01 -2.778560e-10
    outer loop
      vertex   1.965926e+00 4.074118e+01 5.044444e+01
      vertex   1.965926e+00 4.074118e+01 5.600000e+01
      vertex   2.000000e+00 4.100000e+01 5.600000e+01
    endloop
  endfacet
  facet normal -9.238795e-01 3.826834e-01 -8.146320e-10
    outer loop
      vertex   1.965926e+00 4.074118e+01 1.155556e+01
      vertex   1.965926e+00 4.074118e+01 6.000000e+00
      vertex   1.866025e+00 4.050000e+01 1.155556e+01
    endloop
  endfacet
  facet normal -9.238795e-01 3.826834e-01 -8.146322e-10
    outer loop
      vertex   1.866025e+00 4.050000e+01 1.155556e+01
      vertex   1.965926e+00 4.074118e+01 6.000000e+00
      vertex   1.866025e+00 4.050000e+01 6.000000e+00
    endloop
  endfacet
  facet normal -7.933533e-01 6.087614e-01 -1.295892e-09
    outer loop
      vertex   1.866025e+00 4.050000e+01 1.155556e+01
      vertex   1.866025e+00 4.050000e+01 6.000000e+00
      vertex   1.707107e+00 4.029289e+01 1.155556e+01
    endloop
  endfacet
  facet normal -7.933533e-01 6.087614e-01 -1.295892e-09
    outer loop
      vertex   1.707107e+00 4.029289e+01 1.155556e+01
      vertex   1.866025e+00 4.050000e+01 6.000000e+00
      vertex   1.707107e+00 4.029289e+01 6.000000e+00
    endloop
  endfacet
  facet normal -6.087614e-01 7.933533e-01 -1.688840e-09
    outer loop
      vertex   1.707107e+00 4.029289e+01 1.155556e+01
      vertex   1.707107e+00 4.029289e+01 6.000000e+00
      vertex   1.500000e+00 4.013398e+01 1.155556e+01
    endloop
  endfacet
  facet normal -6.087614e-01 7.933533e-01 -1.688840e-09
    outer loop
      vertex   1.500000e+00 4.013398e+01 1.155556e+01
      vertex   1.707107e+00 4.029289e+01 6.000000e+00
      vertex   1.500000e+00 4.013398e+01 6.000000e+00
    endloop
  endfacet
  facet normal -3.826834e-01 9.238795e-01 -1.966696e-09
    outer loop
      vertex   1.500000e+00 4.013398e+01 1.155556e+01
      vertex   1.500000e+00 4.013398e+01 6.000000e+00
      vertex   1.258819e+00 4.003407e+01 1.155556e+01
    endloop
  endfacet
  facet normal -3.826834e-01 9.238795e-01 -1.966694e-09
    outer loop
      vertex   1.258819e+00 4.003407e+01 1.155556e+01
      vertex   1.500000e+00 4.013398e+01 6.000000e+00
      vertex   1.258819e+00 4.003407e+01 6.000000e+00
    endloop
  endfacet
  facet normal -1.305262e-01 9.914449e-01 -2.110524e-09
    outer loop
      vertex   1.258819e+00 4.003407e+01 1.155556e+01
      vertex   1.258819e+00 4.003407e+01 6.000000e+00
      vertex   1.000000e+00 4.000000e+01 6.000000e+00
    endloop
  endfacet
  facet normal -1.305262e-01 9.914449e-01 -2.110524e-09
    outer loop
      vertex   1.000000e+00 4.000000e+01 5.600000e+01
      vertex   1.258819e+00 4.003407e+01 2.822222e+01
      vertex   1.000000e+00 4.000000e+01 6.000000e+00
    endloop
  endfacet
  facet normal -1.305262e-01 9.914449e-01 -2.110523e-09
    outer loop
      vertex   1.000000e+00 4.000000e+01 6.000000e+00
      vertex   1.258819e+00 4.003407e+01 2.822222e+01
      vertex   1.258819e+00 4.003407e+01 2.266667e+01
    endloop
  endfacet
  facet normal -1.305262e-01 9.914449e-01 -2.110524e-09
    outer loop
      vertex   1.000000e+00 4.000000e+01 6.000000e+00
      vertex   1.258819e+00 4.003407e+01 2.266667e+01
      vertex   1.258819e+00 4.003407e+01 1.711111e+01
    endloop
  endfacet
  facet normal -3.826834e-01 9.238795e-01 -1.966696e-09
    outer loop
      vertex   1.258819e+00 4.003407e+01 1.711111e+01
      vertex   1.258819e+00 4.003407e+01 2.266667e+01
      vertex   1.500000e+00 4.013398e+01 1.711111e+01
    endloop
  endfacet
  facet normal -3.826834e-01 9.238795e-01 -1.966695e-09
    outer loop
      vertex   1.258819e+00 4.003407e+01 1.711111e+01
      vertex   1.500000e+00 4.013398e+01 1.711111e+01
      vertex   1.500000e+00 4.013398e+01 1.155556e+01
    endloop
  endfacet
  facet normal -6.087614e-01 7.933533e-01 -1.688840e-09
    outer loop
      vertex   1.500000e+00 4.013398e+01 1.155556e+01
      vertex   1.500000e+00 4.013398e+01 1.711111e+01
      vertex   1.707107e+00 4.029289e+01 1.155556e+01
    endloop
  endfacet
  facet normal -9.914449e-01 1.305262e-01 -2.778558e-10
    outer loop
      vertex   2.000000e+00 4.100000e+01 6.000000e+00
      vertex   1.965926e+00 4.074118e+01 3.377778e+01
      vertex   2.000000e+00 4.100000e+01 5.600000e+01
    endloop
  endfacet
  facet normal -9.914449e-01 1.305262e-01 -2.778557e-10
    outer loop
      vertex   2.000000e+00 4.100000e+01 5.600000e+01
      vertex   1.965926e+00 4.074118e+01 3.377778e+01
      vertex   1.965926e+00 4.074118e+01 3.933333e+01
    endloop
  endfacet
  facet normal -9.914449e-01 1.305262e-01 -2.778556e-10
    outer loop
      vertex   2.000000e+00 4.100000e+01 5.600000e+01
      vertex   1.965926e+00 4.074118e+01 3.933333e+01
      vertex   1.965926e+00 4.074118e+01 4.488889e+01
    endloop
  endfacet
  facet normal -9.238795e-01 3.826834e-01 -8.146320e-10
    outer loop
      vertex   1.965926e+00 4.074118e+01 4.488889e+01
      vertex   1.965926e+00 4.074118e+01 3.933333e+01
      vertex   1.866025e+00 4.050000e+01 4.488889e+01
    endloop
  endfacet
  facet normal -9.238795e-01 3.826834e-01 -8.146316e-10
    outer loop
      vertex   1.965926e+00 4.074118e+01 4.488889e+01
      vertex   1.866025e+00 4.050000e+01 4.488889e+01
      vertex   1.866025e+00 4.050000e+01 5.044444e+01
    endloop
  endfacet
  facet normal -7.933533e-01 6.087614e-01 -1.295892e-09
    outer loop
      vertex   1.866025e+00 4.050000e+01 5.044444e+01
      vertex   1.866025e+00 4.050000e+01 4.488889e+01
      vertex   1.707107e+00 4.029289e+01 5.044444e+01
    endloop
  endfacet
  facet normal -9.238795e-01 3.826834e-01 -8.146311e-10
    outer loop
      vertex   1.965926e+00 4.074118e+01 1.711111e+01
      vertex   1.965926e+00 4.074118e+01 1.155556e+01
      vertex   1.866025e+00 4.050000e+01 1.711111e+01
    endloop
  endfacet
  facet normal -9.238795e-01 3.826834e-01 -8.146316e-10
    outer loop
      vertex   1.866025e+00 4.050000e+01 1.711111e+01
      vertex   1.965926e+00 4.074118e+01 1.155556e+01
      vertex   1.866025e+00 4.050000e+01 1.155556e+01
    endloop
  endfacet
  facet normal -7.933533e-01 6.087614e-01 -1.295892e-09
    outer loop
      vertex   1.866025e+00 4.050000e+01 1.711111e+01
      vertex   1.866025e+00 4.050000e+01 1.155556e+01
      vertex   1.707107e+00 4.029289e+01 1.711111e+01
    endloop
  endfacet
  facet normal -7.933533e-01 6.087614e-01 -1.295892e-09
    outer loop
      vertex   1.707107e+00 4.029289e+01 1.711111e+01
      vertex   1.866025e+00 4.050000e+01 1.155556e+01
      vertex   1.707107e+00 4.029289e+01 1.155556e+01
    endloop
  endfacet
  facet normal -6.087614e-01 7.933533e-01 -1.688839e-09
    outer loop
      vertex   1.707107e+00 4.029289e+01 1.711111e+01
      vertex   1.707107e+00 4.029289e+01 1.155556e+01
      vertex   1.500000e+00 4.013398e+01 1.711111e+01
    endloop
  endfacet
  facet normal -9.914449e-01 1.305262e-01 -2.778555e-10
    outer loop
      vertex   1.965926e+00 4.074118e+01 3.377778e+01
      vertex   2.000000e+00 4.100000e+01 6.000000e+00
      vertex   1.965926e+00 4.074118e+01 2.822222e+01
    endloop
  endfacet
  facet normal -9.914449e-01 1.305262e-01 -2.778556e-10
    outer loop
      vertex   1.965926e+00 4.074118e+01 2.822222e+01
      vertex   2.000000e+00 4.100000e+01 6.000000e+00
      vertex   1.965926e+00 4.074118e+01 2.266667e+01
    endloop
  endfacet
  facet normal -9.238795e-01 3.826834e-01 -8.146320e-10
    outer loop
      vertex   1.965926e+00 4.074118e+01 2.822222e+01
      vertex   1.965926e+00 4.074118e+01 2.266667e+01
      vertex   1.866025e+00 4.050000e+01 2.822222e+01
    endloop
  endfacet
  facet normal -9.238795e-01 3.826834e-01 -8.146316e-10
    outer loop
      vertex   1.965926e+00 4.074118e+01 3.377778e+01
      vertex   1.965926e+00 4.074118e+01 2.822222e+01
      vertex   1.866025e+00 4.050000e+01 3.377778e+01
    endloop
  endfacet
  facet normal -9.238795e-01 3.826834e-01 -8.146315e-10
    outer loop
      vertex   1.866025e+00 4.050000e+01 3.377778e+01
      vertex   1.965926e+00 4.074118e+01 2.822222e+01
      vertex   1.866025e+00 4.050000e+01 2.822222e+01
    endloop
  endfacet
  facet normal -7.933533e-01 6.087614e-01 -1.295892e-09
    outer loop
      vertex   1.866025e+00 4.050000e+01 3.377778e+01
      vertex   1.866025e+00 4.050000e+01 2.822222e+01
      vertex   1.707107e+00 4.029289e+01 3.377778e+01
    endloop
  endfacet
  facet normal -9.914449e-01 1.305262e-01 -2.778557e-10
    outer loop
      vertex   1.965926e+00 4.074118e+01 5.044444e+01
      vertex   2.000000e+00 4.100000e+01 5.600000e+01
      vertex   1.965926e+00 4.074118e+01 4.488889e+01
    endloop
  endfacet
  facet normal -9.238795e-01 3.826834e-01 -8.146321e-10
    outer loop
      vertex   1.965926e+00 4.074118e+01 3.933333e+01
      vertex   1.965926e+00 4.074118e+01 3.377778e+01
      vertex   1.866025e+00 4.050000e+01 3.933333e+01
    endloop
  endfacet
  facet normal -9.238795e-01 3.826834e-01 -8.146316e-10
    outer loop
      vertex   1.866025e+00 4.050000e+01 3.933333e+01
      vertex   1.965926e+00 4.074118e+01 3.377778e+01
      vertex   1.866025e+00 4.050000e+01 3.377778e+01
    endloop
  endfacet
  facet normal -7.933533e-01 6.087614e-01 -1.295892e-09
    outer loop
      vertex   1.866025e+00 4.050000e+01 3.933333e+01
      vertex   1.866025e+00 4.050000e+01 3.377778e+01
      vertex   1.707107e+00 4.029289e+01 3.933333e+01
    endloop
  endfacet
  facet normal -7.933533e-01 6.087614e-01 -1.295892e-09
    outer loop
      vertex   1.707107e+00 4.029289e+01 3.933333e+01
      vertex   1.866025e+00 4.050000e+01 3.377778e+01
      vertex   1.707107e+00 4.029289e+01 3.377778e+01
    endloop
  endfacet
  facet normal -6.087614e-01 7.933533e-01 -1.688839e-09
    outer loop
      vertex   1.707107e+00 4.029289e+01 3.933333e+01
      vertex   1.707107e+00 4.029289e+01 3.377778e+01
      vertex   1.500000e+00 4.013398e+01 3.933333e+01
    endloop
  endfacet
  facet normal -9.238795e-01 3.826834e-01 -8.146321e-10
    outer loop
      vertex   1.866025e+00 4.050000e+01 5.044444e+01
      vertex   1.965926e+00 4.074118e+01 5.044444e+01
      vertex   1.965926e+00 4.074118e+01 4.488889e+01
    endloop
  endfacet
  facet normal -9.238795e-01 3.826834e-01 -8.146316e-10
    outer loop
      vertex   1.965926e+00 4.074118e+01 1.711111e+01
      vertex   1.866025e+00 4.050000e+01 1.711111e+01
      vertex   1.866025e+00 4.050000e+01 2.266667e+01
    endloop
  endfacet
  facet normal -7.933533e-01 6.087614e-01 -1.295892e-09
    outer loop
      vertex   1.866025e+00 4.050000e+01 2.266667e+01
      vertex   1.866025e+00 4.050000e+01 1.711111e+01
      vertex   1.707107e+00 4.029289e+01 2.266667e+01
    endloop
  endfacet
  facet normal -7.933533e-01 6.087614e-01 -1.295892e-09
    outer loop
      vertex   1.866025e+00 4.050000e+01 2.266667e+01
      vertex   1.707107e+00 4.029289e+01 2.266667e+01
      vertex   1.707107e+00 4.029289e+01 2.822222e+01
    endloop
  endfacet
  facet normal -6.087614e-01 7.933533e-01 -1.688839e-09
    outer loop
      vertex   1.707107e+00 4.029289e+01 2.822222e+01
      vertex   1.707107e+00 4.029289e+01 2.266667e+01
      vertex   1.500000e+00 4.013398e+01 2.822222e+01
    endloop
  endfacet
  facet normal -6.087614e-01 7.933533e-01 -1.688839e-09
    outer loop
      vertex   1.707107e+00 4.029289e+01 2.822222e+01
      vertex   1.500000e+00 4.013398e+01 2.822222e+01
      vertex   1.500000e+00 4.013398e+01 3.377778e+01
    endloop
  endfacet
  facet normal -3.826834e-01 9.238795e-01 -1.966694e-09
    outer loop
      vertex   1.500000e+00 4.013398e+01 3.377778e+01
      vertex   1.500000e+00 4.013398e+01 2.822222e+01
      vertex   1.258819e+00 4.003407e+01 3.377778e+01
    endloop
  endfacet
  facet normal -3.826834e-01 9.238795e-01 -1.966696e-09
    outer loop
      vertex   1.500000e+00 4.013398e+01 3.377778e+01
      vertex   1.258819e+00 4.003407e+01 3.377778e+01
      vertex   1.258819e+00 4.003407e+01 3.933333e+01
    endloop
  endfacet
  facet normal -1.305262e-01 9.914449e-01 -2.110524e-09
    outer loop
      vertex   1.258819e+00 4.003407e+01 3.933333e+01
      vertex   1.258819e+00 4.003407e+01 3.377778e+01
      vertex   1.000000e+00 4.000000e+01 5.600000e+01
    endloop
  endfacet
  facet normal -7.933533e-01 6.087614e-01 -1.295892e-09
    outer loop
      vertex   1.707107e+00 4.029289e+01 2.266667e+01
      vertex   1.866025e+00 4.050000e+01 1.711111e+01
      vertex   1.707107e+00 4.029289e+01 1.711111e+01
    endloop
  endfacet
  facet normal -9.238795e-01 3.826834e-01 -8.146320e-10
    outer loop
      vertex   1.965926e+00 4.074118e+01 3.933333e+01
      vertex   1.866025e+00 4.050000e+01 3.933333e+01
      vertex   1.866025e+00 4.050000e+01 4.488889e+01
    endloop
  endfacet
  facet normal -7.933533e-01 6.087614e-01 -1.295893e-09
    outer loop
      vertex   1.866025e+00 4.050000e+01 4.488889e+01
      vertex   1.866025e+00 4.050000e+01 3.933333e+01
      vertex   1.707107e+00 4.029289e+01 4.488889e+01
    endloop
  endfacet
  facet normal -7.933533e-01 6.087614e-01 -1.295892e-09
    outer loop
      vertex   1.866025e+00 4.050000e+01 4.488889e+01
      vertex   1.707107e+00 4.029289e+01 4.488889e+01
      vertex   1.707107e+00 4.029289e+01 5.044444e+01
    endloop
  endfacet
  facet normal -6.087614e-01 7.933533e-01 -1.688839e-09
    outer loop
      vertex   1.707107e+00 4.029289e+01 5.044444e+01
      vertex   1.707107e+00 4.029289e+01 4.488889e+01
      vertex   1.500000e+00 4.013398e+01 5.044444e+01
    endloop
  endfacet
  facet normal -7.933533e-01 6.087614e-01 -1.295892e-09
    outer loop
      vertex   1.707107e+00 4.029289e+01 4.488889e+01
      vertex   1.866025e+00 4.050000e+01 3.933333e+01
      vertex   1.707107e+00 4.029289e+01 3.933333e+01
    endloop
  endfacet
  facet normal -6.087614e-01 7.933533e-01 -1.688839e-09
    outer loop
      vertex   1.707107e+00 4.029289e+01 2.266667e+01
      vertex   1.707107e+00 4.029289e+01 1.711111e+01
      vertex   1.500000e+00 4.013398e+01 2.266667e+01
    endloop
  endfacet
  facet normal -6.087614e-01 7.933533e-01 -1.688840e-09
    outer loop
      vertex   1.500000e+00 4.013398e+01 2.266667e+01
      vertex   1.707107e+00 4.029289e+01 1.711111e+01
      vertex   1.500000e+00 4.013398e+01 1.711111e+01
    endloop
  endfacet
  facet normal -3.826834e-01 9.238795e-01 -1.966695e-09
    outer loop
      vertex   1.500000e+00 4.013398e+01 2.266667e+01
      vertex   1.500000e+00 4.013398e+01 1.711111e+01
      vertex   1.258819e+00 4.003407e+01 2.266667e+01
    endloop
  endfacet
  facet normal -6.087614e-01 7.933533e-01 -1.688839e-09
    outer loop
      vertex   1.707107e+00 4.029289e+01 4.488889e+01
      vertex   1.707107e+00 4.029289e+01 3.933333e+01
      vertex   1.500000e+00 4.013398e+01 4.488889e+01
    endloop
  endfacet
  facet normal -6.087614e-01 7.933533e-01 -1.688839e-09
    outer loop
      vertex   1.500000e+00 4.013398e+01 4.488889e+01
      vertex   1.707107e+00 4.029289e+01 3.933333e+01
      vertex   1.500000e+00 4.013398e+01 3.933333e+01
    endloop
  endfacet
  facet normal -3.826834e-01 9.238795e-01 -1.966694e-09
    outer loop
      vertex   1.500000e+00 4.013398e+01 4.488889e+01
      vertex   1.500000e+00 4.013398e+01 3.933333e+01
      vertex   1.258819e+00 4.003407e+01 4.488889e+01
    endloop
  endfacet
  facet normal -3.826834e-01 9.238795e-01 -1.966696e-09
    outer loop
      vertex   1.258819e+00 4.003407e+01 1.711111e+01
      vertex   1.500000e+00 4.013398e+01 1.155556e+01
      vertex   1.258819e+00 4.003407e+01 1.155556e+01
    endloop
  endfacet
  facet normal -6.087614e-01 7.933533e-01 -1.688839e-09
    outer loop
      vertex   1.707107e+00 4.029289e+01 2.266667e+01
      vertex   1.500000e+00 4.013398e+01 2.266667e+01
      vertex   1.500000e+00 4.013398e+01 2.822222e+01
    endloop
  endfacet
  facet normal -3.826834e-01 9.238795e-01 -1.966694e-09
    outer loop
      vertex   1.500000e+00 4.013398e+01 2.822222e+01
      vertex   1.500000e+00 4.013398e+01 2.266667e+01
      vertex   1.258819e+00 4.003407e+01 2.822222e+01
    endloop
  endfacet
  facet normal -3.826834e-01 9.238795e-01 -1.966696e-09
    outer loop
      vertex   1.500000e+00 4.013398e+01 2.822222e+01
      vertex   1.258819e+00 4.003407e+01 2.822222e+01
      vertex   1.258819e+00 4.003407e+01 3.377778e+01
    endloop
  endfacet
  facet normal -1.305262e-01 9.914449e-01 -2.110524e-09
    outer loop
      vertex   1.258819e+00 4.003407e+01 3.377778e+01
      vertex   1.258819e+00 4.003407e+01 2.822222e+01
      vertex   1.000000e+00 4.000000e+01 5.600000e+01
    endloop
  endfacet
  facet normal -3.826834e-01 9.238795e-01 -1.966694e-09
    outer loop
      vertex   1.258819e+00 4.003407e+01 2.822222e+01
      vertex   1.500000e+00 4.013398e+01 2.266667e+01
      vertex   1.258819e+00 4.003407e+01 2.266667e+01
    endloop
  endfacet
  facet normal -3.826834e-01 9.238795e-01 -1.966697e-09
    outer loop
      vertex   1.258819e+00 4.003407e+01 5.044444e+01
      vertex   1.500000e+00 4.013398e+01 5.044444e+01
      vertex   1.500000e+00 4.013398e+01 4.488889e+01
    endloop
  endfacet
  facet normal -6.087614e-01 7.933533e-01 -1.688841e-09
    outer loop
      vertex   1.500000e+00 4.013398e+01 4.488889e+01
      vertex   1.500000e+00 4.013398e+01 5.044444e+01
      vertex   1.707107e+00 4.029289e+01 4.488889e+01
    endloop
  endfacet
  facet normal -3.826834e-01 9.238795e-01 -1.966696e-09
    outer loop
      vertex   1.258819e+00 4.003407e+01 5.044444e+01
      vertex   1.500000e+00 4.013398e+01 4.488889e+01
      vertex   1.258819e+00 4.003407e+01 4.488889e+01
    endloop
  endfacet
  facet normal -1.305262e-01 9.914449e-01 -2.110524e-09
    outer loop
      vertex   1.000000e+00 4.000000e+01 6.000000e+00
      vertex   1.258819e+00 4.003407e+01 1.711111e+01
      vertex   1.258819e+00 4.003407e+01 1.155556e+01
    endloop
  endfacet
  facet normal -3.268886e-02 -1.304564e-01 9.909150e-01
    outer loop
      vertex   -1.900000e+01 -1.225882e+01 5.965926e+00
      vertex   -1.900000e+01 -1.200000e+01 6.000000e+00
      vertex   -1.915391e+01 -1.218574e+01 5.970469e+00
    endloop
  endfacet
  facet normal -1.303668e-01 -4.940940e-02 9.902339e-01
    outer loop
      vertex   -1.915391e+01 -1.218574e+01 5.970469e+00
      vertex   -1.900000e+01 -1.200000e+01 6.000000e+00
      vertex   -1.925882e+01 -1.200000e+01 5.965926e+00
    endloop
  endfacet
  facet normal -2.711922e-01 -1.298391e-01 9.537278e-01
    outer loop
      vertex   -1.915391e+01 -1.218574e+01 5.970469e+00
      vertex   -1.925882e+01 -1.200000e+01 5.965926e+00
      vertex   -1.938864e+01 -1.208453e+01 5.917502e+00
    endloop
  endfacet
  facet normal -3.820305e-01 5.839280e-02 9.223031e-01
    outer loop
      vertex   -1.938864e+01 -1.208453e+01 5.917502e+00
      vertex   -1.925882e+01 -1.200000e+01 5.965926e+00
      vertex   -1.950000e+01 -1.200000e+01 5.866025e+00
    endloop
  endfacet
  facet normal -5.110938e-01 -1.588805e-01 8.447130e-01
    outer loop
      vertex   -1.938864e+01 -1.208453e+01 5.917502e+00
      vertex   -1.950000e+01 -1.200000e+01 5.866025e+00
      vertex   -1.945904e+01 -1.231041e+01 5.832423e+00
    endloop
  endfacet
  facet normal -5.407082e-01 -1.607312e-01 8.257119e-01
    outer loop
      vertex   -1.945904e+01 -1.231041e+01 5.832423e+00
      vertex   -1.950000e+01 -1.200000e+01 5.866025e+00
      vertex   -1.966657e+01 -1.220112e+01 5.717801e+00
    endloop
  endfacet
  facet normal -5.901245e-01 -3.657544e-01 7.197061e-01
    outer loop
      vertex   -1.945904e+01 -1.231041e+01 5.832423e+00
      vertex   -1.966657e+01 -1.220112e+01 5.717801e+00
      vertex   -1.949540e+01 -1.251888e+01 5.696665e+00
    endloop
  endfacet
  facet normal -5.901245e-01 -3.657544e-01 7.197061e-01
    outer loop
      vertex   -1.949540e+01 -1.251888e+01 5.696665e+00
      vertex   -1.966657e+01 -1.220112e+01 5.717801e+00
      vertex   -1.970255e+01 -1.240746e+01 5.583430e+00
    endloop
  endfacet
  facet normal -6.085140e-01 -5.611197e-01 5.611197e-01
    outer loop
      vertex   -1.949540e+01 -1.251888e+01 5.696665e+00
      vertex   -1.970255e+01 -1.240746e+01 5.583430e+00
      vertex   -1.949540e+01 -1.269666e+01 5.518881e+00
    endloop
  endfacet
  facet normal -6.085140e-01 -5.611197e-01 5.611197e-01
    outer loop
      vertex   -1.949540e+01 -1.269666e+01 5.518881e+00
      vertex   -1.970255e+01 -1.240746e+01 5.583430e+00
      vertex   -1.970255e+01 -1.258343e+01 5.407464e+00
    endloop
  endfacet
  facet normal -5.901245e-01 -7.197061e-01 3.657544e-01
    outer loop
      vertex   -1.949540e+01 -1.269666e+01 5.518881e+00
      vertex   -1.970255e+01 -1.258343e+01 5.407464e+00
      vertex   -1.945904e+01 -1.283242e+01 5.310406e+00
    endloop
  endfacet
  facet normal -5.901245e-01 -7.197061e-01 3.657544e-01
    outer loop
      vertex   -1.945904e+01 -1.283242e+01 5.310406e+00
      vertex   -1.970255e+01 -1.258343e+01 5.407464e+00
      vertex   -1.966657e+01 -1.271780e+01 5.201121e+00
    endloop
  endfacet
  facet normal -5.407082e-01 -8.257119e-01 1.607312e-01
    outer loop
      vertex   -1.945904e+01 -1.283242e+01 5.310406e+00
      vertex   -1.966657e+01 -1.271780e+01 5.201121e+00
      vertex   -1.950000e+01 -1.286603e+01 5.000000e+00
    endloop
  endfacet
  facet normal -6.067974e-01 -7.907938e-01 8.026201e-02
    outer loop
      vertex   -1.950000e+01 -1.286603e+01 5.000000e+00
      vertex   -1.966657e+01 -1.271780e+01 5.201121e+00
      vertex   -1.970711e+01 -1.270711e+01 5.000000e+00
    endloop
  endfacet
  facet normal -7.476569e-01 -6.538873e-01 1.159338e-01
    outer loop
      vertex   -1.970711e+01 -1.270711e+01 5.000000e+00
      vertex   -1.966657e+01 -1.271780e+01 5.201121e+00
      vertex   -1.982867e+01 -1.255426e+01 5.078131e+00
    endloop
  endfacet
  facet normal -7.926058e-01 -6.081878e-01 -4.340169e-02
    outer loop
      vertex   -1.970711e+01 -1.270711e+01 5.000000e+00
      vertex   -1.982867e+01 -1.255426e+01 5.078131e+00
      vertex   -1.986603e+01 -1.250000e+01 5.000000e+00
    endloop
  endfacet
  facet normal -8.925984e-01 -4.328324e-01 1.261909e-01
    outer loop
      vertex   -1.986603e+01 -1.250000e+01 5.000000e+00
      vertex   -1.982867e+01 -1.255426e+01 5.078131e+00
      vertex   -1.986183e+01 -1.243044e+01 5.268280e+00
    endloop
  endfacet
  facet normal -9.091026e-01 -3.995626e-01 1.178222e-01
    outer loop
      vertex   -1.986603e+01 -1.250000e+01 5.000000e+00
      vertex   -1.986183e+01 -1.243044e+01 5.268280e+00
      vertex   -1.996237e+01 -1.224811e+01 5.110813e+00
    endloop
  endfacet
  facet normal -9.224889e-01 -2.729599e-01 2.729599e-01
    outer loop
      vertex   -1.996237e+01 -1.224811e+01 5.110813e+00
      vertex   -1.986183e+01 -1.243044e+01 5.268280e+00
      vertex   -1.996237e+01 -1.211081e+01 5.248108e+00
    endloop
  endfacet
  facet normal -9.891881e-01 -1.036987e-01 1.036987e-01
    outer loop
      vertex   -1.996237e+01 -1.224811e+01 5.110813e+00
      vertex   -1.996237e+01 -1.211081e+01 5.248108e+00
      vertex   -2.000000e+01 -1.200000e+01 5.000000e+00
    endloop
  endfacet
  facet normal -9.904691e-01 -4.435481e-02 1.303977e-01
    outer loop
      vertex   -2.000000e+01 -1.200000e+01 5.000000e+00
      vertex   -1.996237e+01 -1.211081e+01 5.248108e+00
      vertex   -1.996593e+01 -1.200000e+01 5.258819e+00
    endloop
  endfacet
  facet normal -9.218370e-01 -6.645835e-02 3.818374e-01
    outer loop
      vertex   -1.996593e+01 -1.200000e+01 5.258819e+00
      vertex   -1.996237e+01 -1.211081e+01 5.248108e+00
      vertex   -1.986603e+01 -1.200000e+01 5.500000e+00
    endloop
  endfacet
  facet normal -9.091026e-01 -1.178222e-01 3.995626e-01
    outer loop
      vertex   -1.986603e+01 -1.200000e+01 5.500000e+00
      vertex   -1.996237e+01 -1.211081e+01 5.248108e+00
      vertex   -1.986183e+01 -1.226828e+01 5.430436e+00
    endloop
  endfacet
  facet normal -8.925984e-01 -1.261909e-01 4.328324e-01
    outer loop
      vertex   -1.986603e+01 -1.200000e+01 5.500000e+00
      vertex   -1.986183e+01 -1.226828e+01 5.430436e+00
      vertex   -1.982867e+01 -1.207813e+01 5.554261e+00
    endloop
  endfacet
  facet normal -7.743828e-01 -2.448663e-01 5.834139e-01
    outer loop
      vertex   -1.982867e+01 -1.207813e+01 5.554261e+00
      vertex   -1.986183e+01 -1.226828e+01 5.430436e+00
      vertex   -1.970255e+01 -1.240746e+01 5.583430e+00
    endloop
  endfacet
  facet normal -7.743828e-01 -2.448663e-01 5.834139e-01
    outer loop
      vertex   -1.982867e+01 -1.207813e+01 5.554261e+00
      vertex   -1.970255e+01 -1.240746e+01 5.583430e+00
      vertex   -1.966657e+01 -1.220112e+01 5.717801e+00
    endloop
  endfacet
  facet normal -6.067974e-01 -8.026201e-02 7.907938e-01
    outer loop
      vertex   -1.950000e+01 -1.200000e+01 5.866025e+00
      vertex   -1.970711e+01 -1.200000e+01 5.707107e+00
      vertex   -1.966657e+01 -1.220112e+01 5.717801e+00
    endloop
  endfacet
  facet normal -7.476569e-01 -1.159338e-01 6.538873e-01
    outer loop
      vertex   -1.966657e+01 -1.220112e+01 5.717801e+00
      vertex   -1.970711e+01 -1.200000e+01 5.707107e+00
      vertex   -1.982867e+01 -1.207813e+01 5.554261e+00
    endloop
  endfacet
  facet normal -7.926058e-01 4.340169e-02 6.081878e-01
    outer loop
      vertex   -1.970711e+01 -1.200000e+01 5.707107e+00
      vertex   -1.986603e+01 -1.200000e+01 5.500000e+00
      vertex   -1.982867e+01 -1.207813e+01 5.554261e+00
    endloop
  endfacet
  facet normal -9.904691e-01 -1.303977e-01 4.435481e-02
    outer loop
      vertex   -2.000000e+01 -1.200000e+01 5.000000e+00
      vertex   -1.996593e+01 -1.225882e+01 5.000000e+00
      vertex   -1.996237e+01 -1.224811e+01 5.110813e+00
    endloop
  endfacet
  facet normal -9.218370e-01 -3.818374e-01 6.645835e-02
    outer loop
      vertex   -1.996237e+01 -1.224811e+01 5.110813e+00
      vertex   -1.996593e+01 -1.225882e+01 5.000000e+00
      vertex   -1.986603e+01 -1.250000e+01 5.000000e+00
    endloop
  endfacet
  facet normal -5.110938e-01 -8.447130e-01 1.588805e-01
    outer loop
      vertex   -1.945904e+01 -1.283242e+01 5.310406e+00
      vertex   -1.950000e+01 -1.286603e+01 5.000000e+00
      vertex   -1.938864e+01 -1.291750e+01 5.084530e+00
    endloop
  endfacet
  facet normal -3.820305e-01 -9.223031e-01 -5.839280e-02
    outer loop
      vertex   -1.938864e+01 -1.291750e+01 5.084530e+00
      vertex   -1.950000e+01 -1.286603e+01 5.000000e+00
      vertex   -1.925882e+01 -1.296593e+01 5.000000e+00
    endloop
  endfacet
  facet normal -2.711922e-01 -9.537278e-01 1.298391e-01
    outer loop
      vertex   -1.938864e+01 -1.291750e+01 5.084530e+00
      vertex   -1.925882e+01 -1.296593e+01 5.000000e+00
      vertex   -1.915391e+01 -1.297047e+01 5.185744e+00
    endloop
  endfacet
  facet normal -1.303668e-01 -9.902339e-01 4.940940e-02
    outer loop
      vertex   -1.915391e+01 -1.297047e+01 5.185744e+00
      vertex   -1.925882e+01 -1.296593e+01 5.000000e+00
      vertex   -1.900000e+01 -1.300000e+01 5.000000e+00
    endloop
  endfacet
  facet normal -3.268886e-02 -9.909150e-01 1.304564e-01
    outer loop
      vertex   -1.915391e+01 -1.297047e+01 5.185744e+00
      vertex   -1.900000e+01 -1.300000e+01 5.000000e+00
      vertex   -1.900000e+01 -1.296593e+01 5.258819e+00
    endloop
  endfacet
  facet normal -1.223638e-01 -9.407634e-01 3.162140e-01
    outer loop
      vertex   -1.915391e+01 -1.297047e+01 5.185744e+00
      vertex   -1.900000e+01 -1.296593e+01 5.258819e+00
      vertex   -1.922023e+01 -1.289032e+01 5.398536e+00
    endloop
  endfacet
  facet normal -7.419375e-02 -9.213332e-01 3.816287e-01
    outer loop
      vertex   -1.922023e+01 -1.289032e+01 5.398536e+00
      vertex   -1.900000e+01 -1.296593e+01 5.258819e+00
      vertex   -1.900000e+01 -1.286603e+01 5.500000e+00
    endloop
  endfacet
  facet normal -1.475718e-01 -8.403810e-01 5.215192e-01
    outer loop
      vertex   -1.922023e+01 -1.289032e+01 5.398536e+00
      vertex   -1.900000e+01 -1.286603e+01 5.500000e+00
      vertex   -1.925449e+01 -1.276242e+01 5.594936e+00
    endloop
  endfacet
  facet normal -9.544300e-02 -7.897316e-01 6.059824e-01
    outer loop
      vertex   -1.925449e+01 -1.276242e+01 5.594936e+00
      vertex   -1.900000e+01 -1.286603e+01 5.500000e+00
      vertex   -1.900000e+01 -1.270711e+01 5.707107e+00
    endloop
  endfacet
  facet normal -1.560404e-01 -6.984452e-01 6.984452e-01
    outer loop
      vertex   -1.925449e+01 -1.276242e+01 5.594936e+00
      vertex   -1.900000e+01 -1.270711e+01 5.707107e+00
      vertex   -1.925449e+01 -1.259494e+01 5.762422e+00
    endloop
  endfacet
  facet normal -9.544300e-02 -6.059824e-01 7.897316e-01
    outer loop
      vertex   -1.925449e+01 -1.259494e+01 5.762422e+00
      vertex   -1.900000e+01 -1.270711e+01 5.707107e+00
      vertex   -1.900000e+01 -1.250000e+01 5.866025e+00
    endloop
  endfacet
  facet normal -1.475718e-01 -5.215192e-01 8.403810e-01
    outer loop
      vertex   -1.925449e+01 -1.259494e+01 5.762422e+00
      vertex   -1.900000e+01 -1.250000e+01 5.866025e+00
      vertex   -1.922023e+01 -1.239854e+01 5.890318e+00
    endloop
  endfacet
  facet normal -7.419375e-02 -3.816287e-01 9.213332e-01
    outer loop
      vertex   -1.922023e+01 -1.239854e+01 5.890318e+00
      vertex   -1.900000e+01 -1.250000e+01 5.866025e+00
      vertex   -1.900000e+01 -1.225882e+01 5.965926e+00
    endloop
  endfacet
  facet normal -1.223638e-01 -3.162140e-01 9.407634e-01
    outer loop
      vertex   -1.922023e+01 -1.239854e+01 5.890318e+00
      vertex   -1.900000e+01 -1.225882e+01 5.965926e+00
      vertex   -1.915391e+01 -1.218574e+01 5.970469e+00
    endloop
  endfacet
  facet normal -3.135991e-01 -2.475550e-01 9.167181e-01
    outer loop
      vertex   -1.922023e+01 -1.239854e+01 5.890318e+00
      vertex   -1.915391e+01 -1.218574e+01 5.970469e+00
      vertex   -1.938864e+01 -1.208453e+01 5.917502e+00
    endloop
  endfacet
  facet normal -3.663208e-01 -4.620595e-01 8.076571e-01
    outer loop
      vertex   -1.925449e+01 -1.259494e+01 5.762422e+00
      vertex   -1.922023e+01 -1.239854e+01 5.890318e+00
      vertex   -1.945904e+01 -1.231041e+01 5.832423e+00
    endloop
  endfacet
  facet normal -3.135991e-01 -2.475550e-01 9.167181e-01
    outer loop
      vertex   -1.945904e+01 -1.231041e+01 5.832423e+00
      vertex   -1.922023e+01 -1.239854e+01 5.890318e+00
      vertex   -1.938864e+01 -1.208453e+01 5.917502e+00
    endloop
  endfacet
  facet normal -3.663208e-01 -4.620595e-01 8.076571e-01
    outer loop
      vertex   -1.925449e+01 -1.259494e+01 5.762422e+00
      vertex   -1.945904e+01 -1.231041e+01 5.832423e+00
      vertex   -1.949540e+01 -1.251888e+01 5.696665e+00
    endloop
  endfacet
  facet normal -7.919720e-01 -4.317293e-01 4.317293e-01
    outer loop
      vertex   -1.970255e+01 -1.258343e+01 5.407464e+00
      vertex   -1.970255e+01 -1.240746e+01 5.583430e+00
      vertex   -1.986183e+01 -1.226828e+01 5.430436e+00
    endloop
  endfacet
  facet normal -7.919720e-01 -4.317293e-01 4.317293e-01
    outer loop
      vertex   -1.970255e+01 -1.258343e+01 5.407464e+00
      vertex   -1.986183e+01 -1.226828e+01 5.430436e+00
      vertex   -1.986183e+01 -1.243044e+01 5.268280e+00
    endloop
  endfacet
  facet normal -9.224889e-01 -2.729599e-01 2.729599e-01
    outer loop
      vertex   -1.986183e+01 -1.243044e+01 5.268280e+00
      vertex   -1.986183e+01 -1.226828e+01 5.430436e+00
      vertex   -1.996237e+01 -1.211081e+01 5.248108e+00
    endloop
  endfacet
  facet normal -3.842763e-01 -6.528138e-01 6.528138e-01
    outer loop
      vertex   -1.925449e+01 -1.276242e+01 5.594936e+00
      vertex   -1.925449e+01 -1.259494e+01 5.762422e+00
      vertex   -1.949540e+01 -1.251888e+01 5.696665e+00
    endloop
  endfacet
  facet normal -3.842763e-01 -6.528138e-01 6.528138e-01
    outer loop
      vertex   -1.925449e+01 -1.276242e+01 5.594936e+00
      vertex   -1.949540e+01 -1.251888e+01 5.696665e+00
      vertex   -1.949540e+01 -1.269666e+01 5.518881e+00
    endloop
  endfacet
  facet normal -7.743828e-01 -5.834139e-01 2.448663e-01
    outer loop
      vertex   -1.966657e+01 -1.271780e+01 5.201121e+00
      vertex   -1.970255e+01 -1.258343e+01 5.407464e+00
      vertex   -1.986183e+01 -1.243044e+01 5.268280e+00
    endloop
  endfacet
  facet normal -7.743828e-01 -5.834139e-01 2.448663e-01
    outer loop
      vertex   -1.982867e+01 -1.255426e+01 5.078131e+00
      vertex   -1.966657e+01 -1.271780e+01 5.201121e+00
      vertex   -1.986183e+01 -1.243044e+01 5.268280e+00
    endloop
  endfacet
  facet normal -3.663208e-01 -8.076571e-01 4.620595e-01
    outer loop
      vertex   -1.922023e+01 -1.289032e+01 5.398536e+00
      vertex   -1.925449e+01 -1.276242e+01 5.594936e+00
      vertex   -1.949540e+01 -1.269666e+01 5.518881e+00
    endloop
  endfacet
  facet normal -3.663208e-01 -8.076571e-01 4.620595e-01
    outer loop
      vertex   -1.922023e+01 -1.289032e+01 5.398536e+00
      vertex   -1.949540e+01 -1.269666e+01 5.518881e+00
      vertex   -1.945904e+01 -1.283242e+01 5.310406e+00
    endloop
  endfacet
  facet normal -3.135991e-01 -9.167181e-01 2.475550e-01
    outer loop
      vertex   -1.915391e+01 -1.297047e+01 5.185744e+00
      vertex   -1.922023e+01 -1.289032e+01 5.398536e+00
      vertex   -1.945904e+01 -1.283242e+01 5.310406e+00
    endloop
  endfacet
  facet normal -3.135991e-01 -9.167181e-01 2.475550e-01
    outer loop
      vertex   -1.938864e+01 -1.291750e+01 5.084530e+00
      vertex   -1.915391e+01 -1.297047e+01 5.185744e+00
      vertex   -1.945904e+01 -1.283242e+01 5.310406e+00
    endloop
  endfacet
  facet normal 0.000000e+00 -1.000000e+00 0.000000e+00
    outer loop
      vertex   -1.900000e+01 -1.300000e+01 1.000000e+00
      vertex   -1.000000e+00 -1.300000e+01 1.000000e+00
      vertex   -1.900000e+01 -1.300000e+01 5.000000e+00
    endloop
  endfacet
  facet normal 0.000000e+00 -1.000000e+00 0.000000e+00
    outer loop
      vertex   -1.900000e+01 -1.300000e+01 5.000000e+00
      vertex   -1.000000e+00 -1.300000e+01 1.000000e+00
      vertex   -1.000000e+00 -1.300000e+01 5.000000e+00
    endloop
  endfacet
  facet normal 1.304564e-01 -3.268886e-02 9.909150e-01
    outer loop
      vertex   -7.411810e-01 -1.200000e+01 5.965926e+00
      vertex   -1.000000e+00 -1.200000e+01 6.000000e+00
      vertex   -8.142561e-01 -1.215391e+01 5.970469e+00
    endloop
  endfacet
  facet normal 4.940940e-02 -1.303668e-01 9.902339e-01
    outer loop
      vertex   -8.142561e-01 -1.215391e+01 5.970469e+00
      vertex   -1.000000e+00 -1.200000e+01 6.000000e+00
      vertex   -1.000000e+00 -1.225882e+01 5.965926e+00
    endloop
  endfacet
  facet normal 1.298391e-01 -2.711922e-01 9.537278e-01
    outer loop
      vertex   -8.142561e-01 -1.215391e+01 5.970469e+00
      vertex   -1.000000e+00 -1.225882e+01 5.965926e+00
      vertex   -9.154700e-01 -1.238864e+01 5.917502e+00
    endloop
  endfacet
  facet normal -5.839280e-02 -3.820305e-01 9.223031e-01
    outer loop
      vertex   -9.154700e-01 -1.238864e+01 5.917502e+00
      vertex   -1.000000e+00 -1.225882e+01 5.965926e+00
      vertex   -1.000000e+00 -1.250000e+01 5.866025e+00
    endloop
  endfacet
  facet normal 1.588805e-01 -5.110938e-01 8.447130e-01
    outer loop
      vertex   -9.154700e-01 -1.238864e+01 5.917502e+00
      vertex   -1.000000e+00 -1.250000e+01 5.866025e+00
      vertex   -6.895943e-01 -1.245904e+01 5.832423e+00
    endloop
  endfacet
  facet normal 1.607312e-01 -5.407082e-01 8.257119e-01
    outer loop
      vertex   -6.895943e-01 -1.245904e+01 5.832423e+00
      vertex   -1.000000e+00 -1.250000e+01 5.866025e+00
      vertex   -7.988787e-01 -1.266657e+01 5.717801e+00
    endloop
  endfacet
  facet normal 3.657544e-01 -5.901245e-01 7.197061e-01
    outer loop
      vertex   -6.895943e-01 -1.245904e+01 5.832423e+00
      vertex   -7.988787e-01 -1.266657e+01 5.717801e+00
      vertex   -4.811193e-01 -1.249540e+01 5.696665e+00
    endloop
  endfacet
  facet normal 3.657544e-01 -5.901245e-01 7.197061e-01
    outer loop
      vertex   -4.811193e-01 -1.249540e+01 5.696665e+00
      vertex   -7.988787e-01 -1.266657e+01 5.717801e+00
      vertex   -5.925356e-01 -1.270255e+01 5.583430e+00
    endloop
  endfacet
  facet normal 5.611197e-01 -6.085140e-01 5.611197e-01
    outer loop
      vertex   -4.811193e-01 -1.249540e+01 5.696665e+00
      vertex   -5.925356e-01 -1.270255e+01 5.583430e+00
      vertex   -3.033355e-01 -1.249540e+01 5.518881e+00
    endloop
  endfacet
  facet normal 5.611197e-01 -6.085140e-01 5.611197e-01
    outer loop
      vertex   -3.033355e-01 -1.249540e+01 5.518881e+00
      vertex   -5.925356e-01 -1.270255e+01 5.583430e+00
      vertex   -4.165699e-01 -1.270255e+01 5.407464e+00
    endloop
  endfacet
  facet normal 7.197061e-01 -5.901245e-01 3.657544e-01
    outer loop
      vertex   -3.033355e-01 -1.249540e+01 5.518881e+00
      vertex   -4.165699e-01 -1.270255e+01 5.407464e+00
      vertex   -1.675766e-01 -1.245904e+01 5.310406e+00
    endloop
  endfacet
  facet normal 7.197061e-01 -5.901245e-01 3.657544e-01
    outer loop
      vertex   -1.675766e-01 -1.245904e+01 5.310406e+00
      vertex   -4.165699e-01 -1.270255e+01 5.407464e+00
      vertex   -2.821994e-01 -1.266657e+01 5.201121e+00
    endloop
  endfacet
  facet normal 8.257119e-01 -5.407082e-01 1.607312e-01
    outer loop
      vertex   -1.675766e-01 -1.245904e+01 5.310406e+00
      vertex   -2.821994e-01 -1.266657e+01 5.201121e+00
      vertex   -1.339746e-01 -1.250000e+01 5.000000e+00
    endloop
  endfacet
  facet normal 7.907938e-01 -6.067974e-01 8.026201e-02
    outer loop
      vertex   -1.339746e-01 -1.250000e+01 5.000000e+00
      vertex   -2.821994e-01 -1.266657e+01 5.201121e+00
      vertex   -2.928932e-01 -1.270711e+01 5.000000e+00
    endloop
  endfacet
  facet normal 6.538873e-01 -7.476569e-01 1.159338e-01
    outer loop
      vertex   -2.928932e-01 -1.270711e+01 5.000000e+00
      vertex   -2.821994e-01 -1.266657e+01 5.201121e+00
      vertex   -4.457391e-01 -1.282867e+01 5.078131e+00
    endloop
  endfacet
  facet normal 6.081878e-01 -7.926058e-01 -4.340169e-02
    outer loop
      vertex   -2.928932e-01 -1.270711e+01 5.000000e+00
      vertex   -4.457391e-01 -1.282867e+01 5.078131e+00
      vertex   -5.000000e-01 -1.286603e+01 5.000000e+00
    endloop
  endfacet
  facet normal 4.328324e-01 -8.925984e-01 1.261909e-01
    outer loop
      vertex   -5.000000e-01 -1.286603e+01 5.000000e+00
      vertex   -4.457391e-01 -1.282867e+01 5.078131e+00
      vertex   -5.695642e-01 -1.286183e+01 5.268280e+00
    endloop
  endfacet
  facet normal 3.995626e-01 -9.091026e-01 1.178222e-01
    outer loop
      vertex   -5.000000e-01 -1.286603e+01 5.000000e+00
      vertex   -5.695642e-01 -1.286183e+01 5.268280e+00
      vertex   -7.518919e-01 -1.296237e+01 5.110813e+00
    endloop
  endfacet
  facet normal 2.729599e-01 -9.224889e-01 2.729599e-01
    outer loop
      vertex   -7.518919e-01 -1.296237e+01 5.110813e+00
      vertex   -5.695642e-01 -1.286183e+01 5.268280e+00
      vertex   -8.891872e-01 -1.296237e+01 5.248108e+00
    endloop
  endfacet
  facet normal 1.036987e-01 -9.891881e-01 1.036987e-01
    outer loop
      vertex   -7.518919e-01 -1.296237e+01 5.110813e+00
      vertex   -8.891872e-01 -1.296237e+01 5.248108e+00
      vertex   -1.000000e+00 -1.300000e+01 5.000000e+00
    endloop
  endfacet
  facet normal 4.435481e-02 -9.904691e-01 1.303977e-01
    outer loop
      vertex   -1.000000e+00 -1.300000e+01 5.000000e+00
      vertex   -8.891872e-01 -1.296237e+01 5.248108e+00
      vertex   -1.000000e+00 -1.296593e+01 5.258819e+00
    endloop
  endfacet
  facet normal 6.645835e-02 -9.218370e-01 3.818374e-01
    outer loop
      vertex   -1.000000e+00 -1.296593e+01 5.258819e+00
      vertex   -8.891872e-01 -1.296237e+01 5.248108e+00
      vertex   -1.000000e+00 -1.286603e+01 5.500000e+00
    endloop
  endfacet
  facet normal 1.178222e-01 -9.091026e-01 3.995626e-01
    outer loop
      vertex   -1.000000e+00 -1.286603e+01 5.500000e+00
      vertex   -8.891872e-01 -1.296237e+01 5.248108e+00
      vertex   -7.317200e-01 -1.286183e+01 5.430436e+00
    endloop
  endfacet
  facet normal 1.261909e-01 -8.925984e-01 4.328324e-01
    outer loop
      vertex   -1.000000e+00 -1.286603e+01 5.500000e+00
      vertex   -7.317200e-01 -1.286183e+01 5.430436e+00
      vertex   -9.218691e-01 -1.282867e+01 5.554261e+00
    endloop
  endfacet
  facet normal 2.448663e-01 -7.743828e-01 5.834139e-01
    outer loop
      vertex   -9.218691e-01 -1.282867e+01 5.554261e+00
      vertex   -7.317200e-01 -1.286183e+01 5.430436e+00
      vertex   -5.925356e-01 -1.270255e+01 5.583430e+00
    endloop
  endfacet
  facet normal 2.448663e-01 -7.743828e-01 5.834139e-01
    outer loop
      vertex   -9.218691e-01 -1.282867e+01 5.554261e+00
      vertex   -5.925356e-01 -1.270255e+01 5.583430e+00
      vertex   -7.988787e-01 -1.266657e+01 5.717801e+00
    endloop
  endfacet
  facet normal 8.026201e-02 -6.067974e-01 7.907938e-01
    outer loop
      vertex   -1.000000e+00 -1.250000e+01 5.866025e+00
      vertex   -1.000000e+00 -1.270711e+01 5.707107e+00
      vertex   -7.988787e-01 -1.266657e+01 5.717801e+00
    endloop
  endfacet
  facet normal 1.159338e-01 -7.476569e-01 6.538873e-01
    outer loop
      vertex   -7.988787e-01 -1.266657e+01 5.717801e+00
      vertex   -1.000000e+00 -1.270711e+01 5.707107e+00
      vertex   -9.218691e-01 -1.282867e+01 5.554261e+00
    endloop
  endfacet
  facet normal -4.340169e-02 -7.926058e-01 6.081878e-01
    outer loop
      vertex   -1.000000e+00 -1.270711e+01 5.707107e+00
      vertex   -1.000000e+00 -1.286603e+01 5.500000e+00
      vertex   -9.218691e-01 -1.282867e+01 5.554261e+00
    endloop
  endfacet
  facet normal 1.303977e-01 -9.904691e-01 4.435481e-02
    outer loop
      vertex   -1.000000e+00 -1.300000e+01 5.000000e+00
      vertex   -7.411810e-01 -1.296593e+01 5.000000e+00
      vertex   -7.518919e-01 -1.296237e+01 5.110813e+00
    endloop
  endfacet
  facet normal 3.818374e-01 -9.218370e-01 6.645835e-02
    outer loop
      vertex   -7.518919e-01 -1.296237e+01 5.110813e+00
      vertex   -7.411810e-01 -1.296593e+01 5.000000e+00
      vertex   -5.000000e-01 -1.286603e+01 5.000000e+00
    endloop
  endfacet
  facet normal 8.447130e-01 -5.110938e-01 1.588805e-01
    outer loop
      vertex   -1.675766e-01 -1.245904e+01 5.310406e+00
      vertex   -1.339746e-01 -1.250000e+01 5.000000e+00
      vertex   -8.249758e-02 -1.238864e+01 5.084530e+00
    endloop
  endfacet
  facet normal 9.223031e-01 -3.820305e-01 -5.839280e-02
    outer loop
      vertex   -8.249758e-02 -1.238864e+01 5.084530e+00
      vertex   -1.339746e-01 -1.250000e+01 5.000000e+00
      vertex   -3.407417e-02 -1.225882e+01 5.000000e+00
    endloop
  endfacet
  facet normal 9.537278e-01 -2.711922e-01 1.298391e-01
    outer loop
      vertex   -8.249758e-02 -1.238864e+01 5.084530e+00
      vertex   -3.407417e-02 -1.225882e+01 5.000000e+00
      vertex   -2.953101e-02 -1.215391e+01 5.185744e+00
    endloop
  endfacet
  facet normal 9.902339e-01 -1.303668e-01 4.940940e-02
    outer loop
      vertex   -2.953101e-02 -1.215391e+01 5.185744e+00
      vertex   -3.407417e-02 -1.225882e+01 5.000000e+00
      vertex   0.000000e+00 -1.200000e+01 5.000000e+00
    endloop
  endfacet
  facet normal 9.909150e-01 -3.268886e-02 1.304564e-01
    outer loop
      vertex   -2.953101e-02 -1.215391e+01 5.185744e+00
      vertex   0.000000e+00 -1.200000e+01 5.000000e+00
      vertex   -3.407417e-02 -1.200000e+01 5.258819e+00
    endloop
  endfacet
  facet normal 9.407634e-01 -1.223638e-01 3.162140e-01
    outer loop
      vertex   -2.953101e-02 -1.215391e+01 5.185744e+00
      vertex   -3.407417e-02 -1.200000e+01 5.258819e+00
      vertex   -1.096821e-01 -1.222023e+01 5.398536e+00
    endloop
  endfacet
  facet normal 9.213332e-01 -7.419375e-02 3.816287e-01
    outer loop
      vertex   -1.096821e-01 -1.222023e+01 5.398536e+00
      vertex   -3.407417e-02 -1.200000e+01 5.258819e+00
      vertex   -1.339746e-01 -1.200000e+01 5.500000e+00
    endloop
  endfacet
  facet normal 8.403810e-01 -1.475718e-01 5.215192e-01
    outer loop
      vertex   -1.096821e-01 -1.222023e+01 5.398536e+00
      vertex   -1.339746e-01 -1.200000e+01 5.500000e+00
      vertex   -2.375775e-01 -1.225449e+01 5.594936e+00
    endloop
  endfacet
  facet normal 7.897316e-01 -9.544300e-02 6.059824e-01
    outer loop
      vertex   -2.375775e-01 -1.225449e+01 5.594936e+00
      vertex   -1.339746e-01 -1.200000e+01 5.500000e+00
      vertex   -2.928932e-01 -1.200000e+01 5.707107e+00
    endloop
  endfacet
  facet normal 6.984452e-01 -1.560404e-01 6.984452e-01
    outer loop
      vertex   -2.375775e-01 -1.225449e+01 5.594936e+00
      vertex   -2.928932e-01 -1.200000e+01 5.707107e+00
      vertex   -4.050638e-01 -1.225449e+01 5.762422e+00
    endloop
  endfacet
  facet normal 6.059824e-01 -9.544300e-02 7.897316e-01
    outer loop
      vertex   -4.050638e-01 -1.225449e+01 5.762422e+00
      vertex   -2.928932e-01 -1.200000e+01 5.707107e+00
      vertex   -5.000000e-01 -1.200000e+01 5.866025e+00
    endloop
  endfacet
  facet normal 5.215192e-01 -1.475718e-01 8.403810e-01
    outer loop
      vertex   -4.050638e-01 -1.225449e+01 5.762422e+00
      vertex   -5.000000e-01 -1.200000e+01 5.866025e+00
      vertex   -6.014636e-01 -1.222023e+01 5.890318e+00
    endloop
  endfacet
  facet normal 3.816287e-01 -7.419375e-02 9.213332e-01
    outer loop
      vertex   -6.014636e-01 -1.222023e+01 5.890318e+00
      vertex   -5.000000e-01 -1.200000e+01 5.866025e+00
      vertex   -7.411810e-01 -1.200000e+01 5.965926e+00
    endloop
  endfacet
  facet normal 3.162140e-01 -1.223638e-01 9.407634e-01
    outer loop
      vertex   -6.014636e-01 -1.222023e+01 5.890318e+00
      vertex   -7.411810e-01 -1.200000e+01 5.965926e+00
      vertex   -8.142561e-01 -1.215391e+01 5.970469e+00
    endloop
  endfacet
  facet normal 2.475550e-01 -3.135991e-01 9.167181e-01
    outer loop
      vertex   -6.014636e-01 -1.222023e+01 5.890318e+00
      vertex   -8.142561e-01 -1.215391e+01 5.970469e+00
      vertex   -9.154700e-01 -1.238864e+01 5.917502e+00
    endloop
  endfacet
  facet normal 4.620595e-01 -3.663208e-01 8.076571e-01
    outer loop
      vertex   -4.050638e-01 -1.225449e+01 5.762422e+00
      vertex   -6.014636e-01 -1.222023e+01 5.890318e+00
      vertex   -6.895943e-01 -1.245904e+01 5.832423e+00
    endloop
  endfacet
  facet normal 2.475550e-01 -3.135991e-01 9.167181e-01
    outer loop
      vertex   -6.895943e-01 -1.245904e+01 5.832423e+00
      vertex   -6.014636e-01 -1.222023e+01 5.890318e+00
      vertex   -9.154700e-01 -1.238864e+01 5.917502e+00
    endloop
  endfacet
  facet normal 4.620595e-01 -3.663208e-01 8.076571e-01
    outer loop
      vertex   -4.050638e-01 -1.225449e+01 5.762422e+00
      vertex   -6.895943e-01 -1.245904e+01 5.832423e+00
      vertex   -4.811193e-01 -1.249540e+01 5.696665e+00
    endloop
  endfacet
  facet normal 4.317293e-01 -7.919720e-01 4.317293e-01
    outer loop
      vertex   -4.165699e-01 -1.270255e+01 5.407464e+00
      vertex   -5.925356e-01 -1.270255e+01 5.583430e+00
      vertex   -7.317200e-01 -1.286183e+01 5.430436e+00
    endloop
  endfacet
  facet normal 4.317293e-01 -7.919720e-01 4.317293e-01
    outer loop
      vertex   -4.165699e-01 -1.270255e+01 5.407464e+00
      vertex   -7.317200e-01 -1.286183e+01 5.430436e+00
      vertex   -5.695642e-01 -1.286183e+01 5.268280e+00
    endloop
  endfacet
  facet normal 2.729599e-01 -9.224889e-01 2.729599e-01
    outer loop
      vertex   -5.695642e-01 -1.286183e+01 5.268280e+00
      vertex   -7.317200e-01 -1.286183e+01 5.430436e+00
      vertex   -8.891872e-01 -1.296237e+01 5.248108e+00
    endloop
  endfacet
  facet normal 6.528138e-01 -3.842763e-01 6.528138e-01
    outer loop
      vertex   -2.375775e-01 -1.225449e+01 5.594936e+00
      vertex   -4.050638e-01 -1.225449e+01 5.762422e+00
      vertex   -4.811193e-01 -1.249540e+01 5.696665e+00
    endloop
  endfacet
  facet normal 6.528138e-01 -3.842763e-01 6.528138e-01
    outer loop
      vertex   -2.375775e-01 -1.225449e+01 5.594936e+00
      vertex   -4.811193e-01 -1.249540e+01 5.696665e+00
      vertex   -3.033355e-01 -1.249540e+01 5.518881e+00
    endloop
  endfacet
  facet normal 5.834139e-01 -7.743828e-01 2.448663e-01
    outer loop
      vertex   -2.821994e-01 -1.266657e+01 5.201121e+00
      vertex   -4.165699e-01 -1.270255e+01 5.407464e+00
      vertex   -5.695642e-01 -1.286183e+01 5.268280e+00
    endloop
  endfacet
  facet normal 5.834139e-01 -7.743828e-01 2.448663e-01
    outer loop
      vertex   -4.457391e-01 -1.282867e+01 5.078131e+00
      vertex   -2.821994e-01 -1.266657e+01 5.201121e+00
      vertex   -5.695642e-01 -1.286183e+01 5.268280e+00
    endloop
  endfacet
  facet normal 8.076571e-01 -3.663208e-01 4.620595e-01
    outer loop
      vertex   -1.096821e-01 -1.222023e+01 5.398536e+00
      vertex   -2.375775e-01 -1.225449e+01 5.594936e+00
      vertex   -3.033355e-01 -1.249540e+01 5.518881e+00
    endloop
  endfacet
  facet normal 8.076571e-01 -3.663208e-01 4.620595e-01
    outer loop
      vertex   -1.096821e-01 -1.222023e+01 5.398536e+00
      vertex   -3.033355e-01 -1.249540e+01 5.518881e+00
      vertex   -1.675766e-01 -1.245904e+01 5.310406e+00
    endloop
  endfacet
  facet normal 9.167181e-01 -3.135991e-01 2.475550e-01
    outer loop
      vertex   -2.953101e-02 -1.215391e+01 5.185744e+00
      vertex   -1.096821e-01 -1.222023e+01 5.398536e+00
      vertex   -1.675766e-01 -1.245904e+01 5.310406e+00
    endloop
  endfacet
  facet normal 9.167181e-01 -3.135991e-01 2.475550e-01
    outer loop
      vertex   -8.249758e-02 -1.238864e+01 5.084530e+00
      vertex   -2.953101e-02 -1.215391e+01 5.185744e+00
      vertex   -1.675766e-01 -1.245904e+01 5.310406e+00
    endloop
  endfacet
  facet normal 0.000000e+00 -9.914449e-01 1.305262e-01
    outer loop
      vertex   -1.000000e+00 -1.296593e+01 5.258819e+00
      vertex   -5.500000e+00 -1.296593e+01 5.258819e+00
      vertex   -1.000000e+00 -1.300000e+01 5.000000e+00
    endloop
  endfacet
  facet normal -2.658047e-17 -9.914449e-01 1.305262e-01
    outer loop
      vertex   -1.000000e+00 -1.300000e+01 5.000000e+00
      vertex   -5.500000e+00 -1.296593e+01 5.258819e+00
      vertex   -1.000000e+01 -1.296593e+01 5.258819e+00
    endloop
  endfacet
  facet normal 0.000000e+00 -9.914449e-01 1.305262e-01
    outer loop
      vertex   -1.000000e+00 -1.300000e+01 5.000000e+00
      vertex   -1.000000e+01 -1.296593e+01 5.258819e+00
      vertex   -1.900000e+01 -1.300000e+01 5.000000e+00
    endloop
  endfacet
  facet normal 0.000000e+00 -9.914449e-01 1.305262e-01
    outer loop
      vertex   -1.900000e+01 -1.300000e+01 5.000000e+00
      vertex   -1.000000e+01 -1.296593e+01 5.258819e+00
      vertex   -1.450000e+01 -1.296593e+01 5.258819e+00
    endloop
  endfacet
  facet normal 0.000000e+00 -9.914449e-01 1.305262e-01
    outer loop
      vertex   -1.900000e+01 -1.300000e+01 5.000000e+00
      vertex   -1.450000e+01 -1.296593e+01 5.258819e+00
      vertex   -1.900000e+01 -1.296593e+01 5.258819e+00
    endloop
  endfacet
  facet normal 0.000000e+00 -9.238795e-01 3.826834e-01
    outer loop
      vertex   -1.900000e+01 -1.296593e+01 5.258819e+00
      vertex   -1.450000e+01 -1.296593e+01 5.258819e+00
      vertex   -1.900000e+01 -1.286603e+01 5.500000e+00
    endloop
  endfacet
  facet normal -7.553137e-17 -9.238795e-01 3.826834e-01
    outer loop
      vertex   -1.900000e+01 -1.286603e+01 5.500000e+00
      vertex   -1.450000e+01 -1.296593e+01 5.258819e+00
      vertex   -1.450000e+01 -1.286603e+01 5.500000e+00
    endloop
  endfacet
  facet normal -1.201531e-16 -7.933533e-01 6.087614e-01
    outer loop
      vertex   -1.900000e+01 -1.286603e+01 5.500000e+00
      vertex   -1.450000e+01 -1.286603e+01 5.500000e+00
      vertex   -1.900000e+01 -1.270711e+01 5.707107e+00
    endloop
  endfacet
  facet normal -1.201531e-16 -7.933533e-01 6.087614e-01
    outer loop
      vertex   -1.900000e+01 -1.270711e+01 5.707107e+00
      vertex   -1.450000e+01 -1.286603e+01 5.500000e+00
      vertex   -1.450000e+01 -1.270711e+01 5.707107e+00
    endloop
  endfacet
  facet normal -1.565865e-16 -6.087614e-01 7.933533e-01
    outer loop
      vertex   -1.900000e+01 -1.270711e+01 5.707107e+00
      vertex   -1.450000e+01 -1.270711e+01 5.707107e+00
      vertex   -1.900000e+01 -1.250000e+01 5.866025e+00
    endloop
  endfacet
  facet normal 0.000000e+00 -6.087614e-01 7.933533e-01
    outer loop
      vertex   -1.900000e+01 -1.250000e+01 5.866025e+00
      vertex   -1.450000e+01 -1.270711e+01 5.707107e+00
      vertex   -1.450000e+01 -1.250000e+01 5.866025e+00
    endloop
  endfacet
  facet normal 0.000000e+00 -3.826834e-01 9.238795e-01
    outer loop
      vertex   -1.900000e+01 -1.250000e+01 5.866025e+00
      vertex   -1.450000e+01 -1.250000e+01 5.866025e+00
      vertex   -1.900000e+01 -1.225882e+01 5.965926e+00
    endloop
  endfacet
  facet normal -6.257224e-17 -3.826834e-01 9.238795e-01
    outer loop
      vertex   -1.900000e+01 -1.225882e+01 5.965926e+00
      vertex   -1.450000e+01 -1.250000e+01 5.866025e+00
      vertex   -1.450000e+01 -1.225882e+01 5.965926e+00
    endloop
  endfacet
  facet normal -2.883195e-16 -1.305262e-01 9.914449e-01
    outer loop
      vertex   -1.900000e+01 -1.225882e+01 5.965926e+00
      vertex   -1.450000e+01 -1.225882e+01 5.965926e+00
      vertex   -1.900000e+01 -1.200000e+01 6.000000e+00
    endloop
  endfacet
  facet normal 0.000000e+00 -1.305262e-01 9.914449e-01
    outer loop
      vertex   -1.900000e+01 -1.200000e+01 6.000000e+00
      vertex   -1.450000e+01 -1.225882e+01 5.965926e+00
      vertex   -1.000000e+01 -1.225882e+01 5.965926e+00
    endloop
  endfacet
  facet normal 3.864352e-17 -1.305262e-01 9.914449e-01
    outer loop
      vertex   -1.900000e+01 -1.200000e+01 6.000000e+00
      vertex   -1.000000e+01 -1.225882e+01 5.965926e+00
      vertex   -1.000000e+00 -1.200000e+01 6.000000e+00
    endloop
  endfacet
  facet normal 5.168424e-17 -1.305262e-01 9.914449e-01
    outer loop
      vertex   -1.000000e+00 -1.200000e+01 6.000000e+00
      vertex   -1.000000e+01 -1.225882e+01 5.965926e+00
      vertex   -5.500000e+00 -1.225882e+01 5.965926e+00
    endloop
  endfacet
  facet normal -1.964001e-16 -1.305262e-01 9.914449e-01
    outer loop
      vertex   -1.000000e+00 -1.200000e+01 6.000000e+00
      vertex   -5.500000e+00 -1.225882e+01 5.965926e+00
      vertex   -1.000000e+00 -1.225882e+01 5.965926e+00
    endloop
  endfacet
  facet normal -1.823489e-16 -3.826834e-01 9.238795e-01
    outer loop
      vertex   -1.000000e+00 -1.225882e+01 5.965926e+00
      vertex   -5.500000e+00 -1.225882e+01 5.965926e+00
      vertex   -1.000000e+00 -1.250000e+01 5.866025e+00
    endloop
  endfacet
  facet normal -3.646977e-16 -3.826834e-01 9.238795e-01
    outer loop
      vertex   -1.000000e+00 -1.250000e+01 5.866025e+00
      vertex   -5.500000e+00 -1.225882e+01 5.965926e+00
      vertex   -5.500000e+00 -1.250000e+01 5.866025e+00
    endloop
  endfacet
  facet normal -3.131730e-16 -6.087614e-01 7.933533e-01
    outer loop
      vertex   -1.000000e+00 -1.250000e+01 5.866025e+00
      vertex   -5.500000e+00 -1.250000e+01 5.866025e+00
      vertex   -1.000000e+00 -1.270711e+01 5.707107e+00
    endloop
  endfacet
  facet normal -3.131730e-16 -6.087614e-01 7.933533e-01
    outer loop
      vertex   -1.000000e+00 -1.270711e+01 5.707107e+00
      vertex   -5.500000e+00 -1.250000e+01 5.866025e+00
      vertex   -5.500000e+00 -1.270711e+01 5.707107e+00
    endloop
  endfacet
  facet normal -2.403061e-16 -7.933533e-01 6.087614e-01
    outer loop
      vertex   -1.000000e+00 -1.270711e+01 5.707107e+00
      vertex   -5.500000e+00 -1.270711e+01 5.707107e+00
      vertex   -1.000000e+00 -1.286603e+01 5.500000e+00
    endloop
  endfacet
  facet normal 0.000000e+00 -7.933533e-01 6.087614e-01
    outer loop
      vertex   -1.000000e+00 -1.286603e+01 5.500000e+00
      vertex   -5.500000e+00 -1.270711e+01 5.707107e+00
      vertex   -5.500000e+00 -1.286603e+01 5.500000e+00
    endloop
  endfacet
  facet normal 0.000000e+00 -9.238795e-01 3.826834e-01
    outer loop
      vertex   -1.000000e+00 -1.286603e+01 5.500000e+00
      vertex   -5.500000e+00 -1.286603e+01 5.500000e+00
      vertex   -1.000000e+00 -1.296593e+01 5.258819e+00
    endloop
  endfacet
  facet normal 0.000000e+00 -9.238795e-01 3.826834e-01
    outer loop
      vertex   -1.000000e+00 -1.296593e+01 5.258819e+00
      vertex   -5.500000e+00 -1.286603e+01 5.500000e+00
      vertex   -5.500000e+00 -1.296593e+01 5.258819e+00
    endloop
  endfacet
  facet normal 0.000000e+00 -9.238795e-01 3.826834e-01
    outer loop
      vertex   -1.450000e+01 -1.286603e+01 5.500000e+00
      vertex   -1.450000e+01 -1.296593e+01 5.258819e+00
      vertex   -1.000000e+01 -1.296593e+01 5.258819e+00
    endloop
  endfacet
  facet normal -7.553137e-17 -9.238795e-01 3.826834e-01
    outer loop
      vertex   -1.000000e+01 -1.296593e+01 5.258819e+00
      vertex   -5.500000e+00 -1.296593e+01 5.258819e+00
      vertex   -1.000000e+01 -1.286603e+01 5.500000e+00
    endloop
  endfacet
  facet normal -1.510627e-16 -9.238795e-01 3.826834e-01
    outer loop
      vertex   -1.000000e+01 -1.286603e+01 5.500000e+00
      vertex   -5.500000e+00 -1.296593e+01 5.258819e+00
      vertex   -5.500000e+00 -1.286603e+01 5.500000e+00
    endloop
  endfacet
  facet normal -2.403061e-16 -7.933533e-01 6.087614e-01
    outer loop
      vertex   -1.000000e+01 -1.286603e+01 5.500000e+00
      vertex   -5.500000e+00 -1.286603e+01 5.500000e+00
      vertex   -1.000000e+01 -1.270711e+01 5.707107e+00
    endloop
  endfacet
  facet normal 0.000000e+00 -7.933533e-01 6.087614e-01
    outer loop
      vertex   -1.000000e+01 -1.270711e+01 5.707107e+00
      vertex   -5.500000e+00 -1.286603e+01 5.500000e+00
      vertex   -5.500000e+00 -1.270711e+01 5.707107e+00
    endloop
  endfacet
  facet normal 0.000000e+00 -6.087614e-01 7.933533e-01
    outer loop
      vertex   -1.000000e+01 -1.270711e+01 5.707107e+00
      vertex   -5.500000e+00 -1.270711e+01 5.707107e+00
      vertex   -1.000000e+01 -1.250000e+01 5.866025e+00
    endloop
  endfacet
  facet normal -1.565865e-16 -6.087614e-01 7.933533e-01
    outer loop
      vertex   -1.000000e+01 -1.250000e+01 5.866025e+00
      vertex   -5.500000e+00 -1.270711e+01 5.707107e+00
      vertex   -5.500000e+00 -1.250000e+01 5.866025e+00
    endloop
  endfacet
  facet normal -1.823489e-16 -3.826834e-01 9.238795e-01
    outer loop
      vertex   -1.000000e+01 -1.250000e+01 5.866025e+00
      vertex   -5.500000e+00 -1.250000e+01 5.866025e+00
      vertex   -1.000000e+01 -1.225882e+01 5.965926e+00
    endloop
  endfacet
  facet normal 1.510627e-16 -3.826834e-01 9.238795e-01
    outer loop
      vertex   -1.000000e+01 -1.225882e+01 5.965926e+00
      vertex   -5.500000e+00 -1.250000e+01 5.866025e+00
      vertex   -5.500000e+00 -1.225882e+01 5.965926e+00
    endloop
  endfacet
  facet normal 0.000000e+00 -7.933533e-01 6.087614e-01
    outer loop
      vertex   -1.450000e+01 -1.270711e+01 5.707107e+00
      vertex   -1.450000e+01 -1.286603e+01 5.500000e+00
      vertex   -1.000000e+01 -1.286603e+01 5.500000e+00
    endloop
  endfacet
  facet normal 0.000000e+00 -9.238795e-01 3.826834e-01
    outer loop
      vertex   -1.000000e+01 -1.286603e+01 5.500000e+00
      vertex   -1.450000e+01 -1.286603e+01 5.500000e+00
      vertex   -1.000000e+01 -1.296593e+01 5.258819e+00
    endloop
  endfacet
  facet normal 0.000000e+00 -7.933533e-01 6.087614e-01
    outer loop
      vertex   -1.450000e+01 -1.270711e+01 5.707107e+00
      vertex   -1.000000e+01 -1.286603e+01 5.500000e+00
      vertex   -1.000000e+01 -1.270711e+01 5.707107e+00
    endloop
  endfacet
  facet normal 0.000000e+00 -6.087614e-01 7.933533e-01
    outer loop
      vertex   -1.450000e+01 -1.250000e+01 5.866025e+00
      vertex   -1.450000e+01 -1.270711e+01 5.707107e+00
      vertex   -1.000000e+01 -1.270711e+01 5.707107e+00
    endloop
  endfacet
  facet normal 2.403061e-16 -6.087614e-01 7.933533e-01
    outer loop
      vertex   -1.450000e+01 -1.250000e+01 5.866025e+00
      vertex   -1.000000e+01 -1.270711e+01 5.707107e+00
      vertex   -1.000000e+01 -1.250000e+01 5.866025e+00
    endloop
  endfacet
  facet normal 1.506226e-16 -3.826834e-01 9.238795e-01
    outer loop
      vertex   -1.450000e+01 -1.225882e+01 5.965926e+00
      vertex   -1.450000e+01 -1.250000e+01 5.866025e+00
      vertex   -1.000000e+01 -1.250000e+01 5.866025e+00
    endloop
  endfacet
  facet normal 0.000000e+00 -3.826834e-01 9.238795e-01
    outer loop
      vertex   -1.450000e+01 -1.225882e+01 5.965926e+00
      vertex   -1.000000e+01 -1.250000e+01 5.866025e+00
      vertex   -1.000000e+01 -1.225882e+01 5.965926e+00
    endloop
  endfacet
  facet normal -9.914449e-01 0.000000e+00 1.305262e-01
    outer loop
      vertex   -2.000000e+01 -1.200000e+01 5.000000e+00
      vertex   -1.996593e+01 1.522222e+01 5.258819e+00
      vertex   -2.000000e+01 3.700000e+01 5.000000e+00
    endloop
  endfacet
  facet normal -9.914449e-01 0.000000e+00 1.305262e-01
    outer loop
      vertex   -2.000000e+01 3.700000e+01 5.000000e+00
      vertex   -1.996593e+01 1.522222e+01 5.258819e+00
      vertex   -1.996593e+01 2.066667e+01 5.258819e+00
    endloop
  endfacet
  facet normal -9.914449e-01 0.000000e+00 1.305262e-01
    outer loop
      vertex   -2.000000e+01 3.700000e+01 5.000000e+00
      vertex   -1.996593e+01 2.066667e+01 5.258819e+00
      vertex   -1.996593e+01 2.611111e+01 5.258819e+00
    endloop
  endfacet
  facet normal -9.238795e-01 0.000000e+00 3.826834e-01
    outer loop
      vertex   -1.996593e+01 2.611111e+01 5.258819e+00
      vertex   -1.996593e+01 2.066667e+01 5.258819e+00
      vertex   -1.986603e+01 2.611111e+01 5.500000e+00
    endloop
  endfacet
  facet normal -9.238795e-01 0.000000e+00 3.826834e-01
    outer loop
      vertex   -1.996593e+01 2.611111e+01 5.258819e+00
      vertex   -1.986603e+01 2.611111e+01 5.500000e+00
      vertex   -1.986603e+01 3.155556e+01 5.500000e+00
    endloop
  endfacet
  facet normal -7.933533e-01 0.000000e+00 6.087614e-01
    outer loop
      vertex   -1.986603e+01 3.155556e+01 5.500000e+00
      vertex   -1.986603e+01 2.611111e+01 5.500000e+00
      vertex   -1.970711e+01 3.155556e+01 5.707107e+00
    endloop
  endfacet
  facet normal -7.933533e-01 -2.001672e-16 6.087614e-01
    outer loop
      vertex   -1.986603e+01 3.155556e+01 5.500000e+00
      vertex   -1.970711e+01 3.155556e+01 5.707107e+00
      vertex   -1.970711e+01 3.700000e+01 5.707107e+00
    endloop
  endfacet
  facet normal -6.087614e-01 -2.588471e-16 7.933533e-01
    outer loop
      vertex   -1.970711e+01 3.700000e+01 5.707107e+00
      vertex   -1.970711e+01 3.155556e+01 5.707107e+00
      vertex   -1.950000e+01 3.700000e+01 5.866025e+00
    endloop
  endfacet
  facet normal -6.087614e-01 0.000000e+00 7.933533e-01
    outer loop
      vertex   -1.950000e+01 3.700000e+01 5.866025e+00
      vertex   -1.970711e+01 3.155556e+01 5.707107e+00
      vertex   -1.950000e+01 3.155556e+01 5.866025e+00
    endloop
  endfacet
  facet normal -3.826834e-01 0.000000e+00 9.238795e-01
    outer loop
      vertex   -1.950000e+01 3.700000e+01 5.866025e+00
      vertex   -1.950000e+01 3.155556e+01 5.866025e+00
      vertex   -1.925882e+01 3.700000e+01 5.965926e+00
    endloop
  endfacet
  facet normal -3.826834e-01 -1.507169e-16 9.238795e-01
    outer loop
      vertex   -1.925882e+01 3.700000e+01 5.965926e+00
      vertex   -1.950000e+01 3.155556e+01 5.866025e+00
      vertex   -1.925882e+01 3.155556e+01 5.965926e+00
    endloop
  endfacet
  facet normal -1.305262e-01 -1.617392e-16 9.914449e-01
    outer loop
      vertex   -1.925882e+01 3.700000e+01 5.965926e+00
      vertex   -1.925882e+01 3.155556e+01 5.965926e+00
      vertex   -1.900000e+01 3.700000e+01 6.000000e+00
    endloop
  endfacet
  facet normal -1.305262e-01 0.000000e+00 9.914449e-01
    outer loop
      vertex   -1.900000e+01 3.700000e+01 6.000000e+00
      vertex   -1.925882e+01 3.155556e+01 5.965926e+00
      vertex   -1.925882e+01 2.611111e+01 5.965926e+00
    endloop
  endfacet
  facet normal -1.305262e-01 0.000000e+00 9.914449e-01
    outer loop
      vertex   -1.900000e+01 3.700000e+01 6.000000e+00
      vertex   -1.925882e+01 2.611111e+01 5.965926e+00
      vertex   -1.925882e+01 2.066667e+01 5.965926e+00
    endloop
  endfacet
  facet normal -3.826834e-01 0.000000e+00 9.238795e-01
    outer loop
      vertex   -1.925882e+01 2.066667e+01 5.965926e+00
      vertex   -1.925882e+01 2.611111e+01 5.965926e+00
      vertex   -1.950000e+01 2.066667e+01 5.866025e+00
    endloop
  endfacet
  facet normal -3.826834e-01 0.000000e+00 9.238795e-01
    outer loop
      vertex   -1.925882e+01 2.066667e+01 5.965926e+00
      vertex   -1.950000e+01 2.066667e+01 5.866025e+00
      vertex   -1.950000e+01 1.522222e+01 5.866025e+00
    endloop
  endfacet
  facet normal -6.087614e-01 0.000000e+00 7.933533e-01
    outer loop
      vertex   -1.950000e+01 1.522222e+01 5.866025e+00
      vertex   -1.950000e+01 2.066667e+01 5.866025e+00
      vertex   -1.970711e+01 1.522222e+01 5.707107e+00
    endloop
  endfacet
  facet normal -6.087614e-01 0.000000e+00 7.933533e-01
    outer loop
      vertex   -1.950000e+01 1.522222e+01 5.866025e+00
      vertex   -1.970711e+01 1.522222e+01 5.707107e+00
      vertex   -1.970711e+01 9.777778e+00 5.707107e+00
    endloop
  endfacet
  facet normal -7.933533e-01 0.000000e+00 6.087614e-01
    outer loop
      vertex   -1.970711e+01 9.777778e+00 5.707107e+00
      vertex   -1.970711e+01 1.522222e+01 5.707107e+00
      vertex   -1.986603e+01 9.777778e+00 5.500000e+00
    endloop
  endfacet
  facet normal -7.933533e-01 0.000000e+00 6.087614e-01
    outer loop
      vertex   -1.970711e+01 9.777778e+00 5.707107e+00
      vertex   -1.986603e+01 9.777778e+00 5.500000e+00
      vertex   -1.986603e+01 4.333334e+00 5.500000e+00
    endloop
  endfacet
  facet normal -9.238795e-01 0.000000e+00 3.826834e-01
    outer loop
      vertex   -1.986603e+01 4.333334e+00 5.500000e+00
      vertex   -1.986603e+01 9.777778e+00 5.500000e+00
      vertex   -1.996593e+01 4.333334e+00 5.258819e+00
    endloop
  endfacet
  facet normal -9.238795e-01 0.000000e+00 3.826834e-01
    outer loop
      vertex   -1.986603e+01 4.333334e+00 5.500000e+00
      vertex   -1.996593e+01 4.333334e+00 5.258819e+00
      vertex   -1.996593e+01 -1.111111e+00 5.258819e+00
    endloop
  endfacet
  facet normal -9.914449e-01 0.000000e+00 1.305262e-01
    outer loop
      vertex   -1.996593e+01 -1.111111e+00 5.258819e+00
      vertex   -1.996593e+01 4.333334e+00 5.258819e+00
      vertex   -2.000000e+01 -1.200000e+01 5.000000e+00
    endloop
  endfacet
  facet normal -9.914449e-01 0.000000e+00 1.305262e-01
    outer loop
      vertex   -1.996593e+01 -1.111111e+00 5.258819e+00
      vertex   -2.000000e+01 -1.200000e+01 5.000000e+00
      vertex   -1.996593e+01 -6.555555e+00 5.258819e+00
    endloop
  endfacet
  facet normal -9.914449e-01 0.000000e+00 1.305262e-01
    outer loop
      vertex   -1.996593e+01 -6.555555e+00 5.258819e+00
      vertex   -2.000000e+01 -1.200000e+01 5.000000e+00
      vertex   -1.996593e+01 -1.200000e+01 5.258819e+00
    endloop
  endfacet
  facet normal -9.238795e-01 0.000000e+00 3.826834e-01
    outer loop
      vertex   -1.996593e+01 -6.555555e+00 5.258819e+00
      vertex   -1.996593e+01 -1.200000e+01 5.258819e+00
      vertex   -1.986603e+01 -6.555555e+00 5.500000e+00
    endloop
  endfacet
  facet normal -9.238795e-01 0.000000e+00 3.826834e-01
    outer loop
      vertex   -1.986603e+01 -6.555555e+00 5.500000e+00
      vertex   -1.996593e+01 -1.200000e+01 5.258819e+00
      vertex   -1.986603e+01 -1.200000e+01 5.500000e+00
    endloop
  endfacet
  facet normal -7.933533e-01 0.000000e+00 6.087614e-01
    outer loop
      vertex   -1.986603e+01 -6.555555e+00 5.500000e+00
      vertex   -1.986603e+01 -1.200000e+01 5.500000e+00
      vertex   -1.970711e+01 -6.555555e+00 5.707107e+00
    endloop
  endfacet
  facet normal -7.933533e-01 1.986204e-16 6.087614e-01
    outer loop
      vertex   -1.970711e+01 -6.555555e+00 5.707107e+00
      vertex   -1.986603e+01 -1.200000e+01 5.500000e+00
      vertex   -1.970711e+01 -1.200000e+01 5.707107e+00
    endloop
  endfacet
  facet normal -6.087614e-01 2.588471e-16 7.933533e-01
    outer loop
      vertex   -1.970711e+01 -6.555555e+00 5.707107e+00
      vertex   -1.970711e+01 -1.200000e+01 5.707107e+00
      vertex   -1.950000e+01 -6.555555e+00 5.866025e+00
    endloop
  endfacet
  facet normal -6.087614e-01 2.588471e-16 7.933533e-01
    outer loop
      vertex   -1.950000e+01 -6.555555e+00 5.866025e+00
      vertex   -1.970711e+01 -1.200000e+01 5.707107e+00
      vertex   -1.950000e+01 -1.200000e+01 5.866025e+00
    endloop
  endfacet
  facet normal -3.826834e-01 3.014338e-16 9.238795e-01
    outer loop
      vertex   -1.950000e+01 -6.555555e+00 5.866025e+00
      vertex   -1.950000e+01 -1.200000e+01 5.866025e+00
      vertex   -1.925882e+01 -6.555555e+00 5.965926e+00
    endloop
  endfacet
  facet normal -3.826834e-01 1.507169e-16 9.238795e-01
    outer loop
      vertex   -1.925882e+01 -6.555555e+00 5.965926e+00
      vertex   -1.950000e+01 -1.200000e+01 5.866025e+00
      vertex   -1.925882e+01 -1.200000e+01 5.965926e+00
    endloop
  endfacet
  facet normal -1.305262e-01 1.617392e-16 9.914449e-01
    outer loop
      vertex   -1.925882e+01 -6.555555e+00 5.965926e+00
      vertex   -1.925882e+01 -1.200000e+01 5.965926e+00
      vertex   -1.900000e+01 -1.200000e+01 6.000000e+00
    endloop
  endfacet
  facet normal -1.305262e-01 0.000000e+00 9.914449e-01
    outer loop
      vertex   -1.900000e+01 3.700000e+01 6.000000e+00
      vertex   -1.925882e+01 9.777778e+00 5.965926e+00
      vertex   -1.900000e+01 -1.200000e+01 6.000000e+00
    endloop
  endfacet
  facet normal -1.305262e-01 0.000000e+00 9.914449e-01
    outer loop
      vertex   -1.900000e+01 -1.200000e+01 6.000000e+00
      vertex   -1.925882e+01 9.777778e+00 5.965926e+00
      vertex   -1.925882e+01 4.333334e+00 5.965926e+00
    endloop
  endfacet
  facet normal -1.305262e-01 0.000000e+00 9.914449e-01
    outer loop
      vertex   -1.900000e+01 -1.200000e+01 6.000000e+00
      vertex   -1.925882e+01 4.333334e+00 5.965926e+00
      vertex   -1.925882e+01 -1.111111e+00 5.965926e+00
    endloop
  endfacet
  facet normal -3.826834e-01 0.000000e+00 9.238795e-01
    outer loop
      vertex   -1.925882e+01 -1.111111e+00 5.965926e+00
      vertex   -1.925882e+01 4.333334e+00 5.965926e+00
      vertex   -1.950000e+01 -1.111111e+00 5.866025e+00
    endloop
  endfacet
  facet normal -3.826834e-01 0.000000e+00 9.238795e-01
    outer loop
      vertex   -1.925882e+01 -1.111111e+00 5.965926e+00
      vertex   -1.950000e+01 -1.111111e+00 5.866025e+00
      vertex   -1.950000e+01 -6.555555e+00 5.866025e+00
    endloop
  endfacet
  facet normal -6.087614e-01 0.000000e+00 7.933533e-01
    outer loop
      vertex   -1.950000e+01 -6.555555e+00 5.866025e+00
      vertex   -1.950000e+01 -1.111111e+00 5.866025e+00
      vertex   -1.970711e+01 -6.555555e+00 5.707107e+00
    endloop
  endfacet
  facet normal -7.933533e-01 0.000000e+00 6.087614e-01
    outer loop
      vertex   -1.970711e+01 3.700000e+01 5.707107e+00
      vertex   -1.986603e+01 3.700000e+01 5.500000e+00
      vertex   -1.986603e+01 3.155556e+01 5.500000e+00
    endloop
  endfacet
  facet normal -9.238795e-01 0.000000e+00 3.826834e-01
    outer loop
      vertex   -1.986603e+01 3.155556e+01 5.500000e+00
      vertex   -1.986603e+01 3.700000e+01 5.500000e+00
      vertex   -1.996593e+01 3.155556e+01 5.258819e+00
    endloop
  endfacet
  facet normal -9.238795e-01 0.000000e+00 3.826834e-01
    outer loop
      vertex   -1.986603e+01 3.155556e+01 5.500000e+00
      vertex   -1.996593e+01 3.155556e+01 5.258819e+00
      vertex   -1.996593e+01 2.611111e+01 5.258819e+00
    endloop
  endfacet
  facet normal -9.914449e-01 0.000000e+00 1.305262e-01
    outer loop
      vertex   -1.996593e+01 2.611111e+01 5.258819e+00
      vertex   -1.996593e+01 3.155556e+01 5.258819e+00
      vertex   -2.000000e+01 3.700000e+01 5.000000e+00
    endloop
  endfacet
  facet normal -9.238795e-01 0.000000e+00 3.826834e-01
    outer loop
      vertex   -1.986603e+01 3.700000e+01 5.500000e+00
      vertex   -1.996593e+01 3.700000e+01 5.258819e+00
      vertex   -1.996593e+01 3.155556e+01 5.258819e+00
    endloop
  endfacet
  facet normal -9.914449e-01 0.000000e+00 1.305262e-01
    outer loop
      vertex   -1.996593e+01 3.155556e+01 5.258819e+00
      vertex   -1.996593e+01 3.700000e+01 5.258819e+00
      vertex   -2.000000e+01 3.700000e+01 5.000000e+00
    endloop
  endfacet
  facet normal -9.238795e-01 0.000000e+00 3.826834e-01
    outer loop
      vertex   -1.996593e+01 -1.111111e+00 5.258819e+00
      vertex   -1.996593e+01 -6.555555e+00 5.258819e+00
      vertex   -1.986603e+01 -1.111111e+00 5.500000e+00
    endloop
  endfacet
  facet normal -9.238795e-01 0.000000e+00 3.826834e-01
    outer loop
      vertex   -1.986603e+01 -1.111111e+00 5.500000e+00
      vertex   -1.996593e+01 -6.555555e+00 5.258819e+00
      vertex   -1.986603e+01 -6.555555e+00 5.500000e+00
    endloop
  endfacet
  facet normal -7.933533e-01 0.000000e+00 6.087614e-01
    outer loop
      vertex   -1.986603e+01 -1.111111e+00 5.500000e+00
      vertex   -1.986603e+01 -6.555555e+00 5.500000e+00
      vertex   -1.970711e+01 -1.111111e+00 5.707107e+00
    endloop
  endfacet
  facet normal -7.933533e-01 0.000000e+00 6.087614e-01
    outer loop
      vertex   -1.970711e+01 -1.111111e+00 5.707107e+00
      vertex   -1.986603e+01 -6.555555e+00 5.500000e+00
      vertex   -1.970711e+01 -6.555555e+00 5.707107e+00
    endloop
  endfacet
  facet normal -6.087614e-01 0.000000e+00 7.933533e-01
    outer loop
      vertex   -1.970711e+01 -1.111111e+00 5.707107e+00
      vertex   -1.970711e+01 -6.555555e+00 5.707107e+00
      vertex   -1.950000e+01 -1.111111e+00 5.866025e+00
    endloop
  endfacet
  facet normal -9.914449e-01 0.000000e+00 1.305262e-01
    outer loop
      vertex   -1.996593e+01 1.522222e+01 5.258819e+00
      vertex   -2.000000e+01 -1.200000e+01 5.000000e+00
      vertex   -1.996593e+01 9.777778e+00 5.258819e+00
    endloop
  endfacet
  facet normal -9.914449e-01 0.000000e+00 1.305262e-01
    outer loop
      vertex   -1.996593e+01 9.777778e+00 5.258819e+00
      vertex   -2.000000e+01 -1.200000e+01 5.000000e+00
      vertex   -1.996593e+01 4.333334e+00 5.258819e+00
    endloop
  endfacet
  facet normal -9.238795e-01 0.000000e+00 3.826834e-01
    outer loop
      vertex   -1.996593e+01 9.777778e+00 5.258819e+00
      vertex   -1.996593e+01 4.333334e+00 5.258819e+00
      vertex   -1.986603e+01 9.777778e+00 5.500000e+00
    endloop
  endfacet
  facet normal -9.238795e-01 0.000000e+00 3.826834e-01
    outer loop
      vertex   -1.996593e+01 1.522222e+01 5.258819e+00
      vertex   -1.996593e+01 9.777778e+00 5.258819e+00
      vertex   -1.986603e+01 1.522222e+01 5.500000e+00
    endloop
  endfacet
  facet normal -9.238795e-01 1.248580e-16 3.826834e-01
    outer loop
      vertex   -1.986603e+01 1.522222e+01 5.500000e+00
      vertex   -1.996593e+01 9.777778e+00 5.258819e+00
      vertex   -1.986603e+01 9.777778e+00 5.500000e+00
    endloop
  endfacet
  facet normal -7.933533e-01 1.986204e-16 6.087614e-01
    outer loop
      vertex   -1.986603e+01 1.522222e+01 5.500000e+00
      vertex   -1.986603e+01 9.777778e+00 5.500000e+00
      vertex   -1.970711e+01 1.522222e+01 5.707107e+00
    endloop
  endfacet
  facet normal -9.238795e-01 0.000000e+00 3.826834e-01
    outer loop
      vertex   -1.996593e+01 2.066667e+01 5.258819e+00
      vertex   -1.996593e+01 1.522222e+01 5.258819e+00
      vertex   -1.986603e+01 2.066667e+01 5.500000e+00
    endloop
  endfacet
  facet normal -9.238795e-01 0.000000e+00 3.826834e-01
    outer loop
      vertex   -1.986603e+01 2.066667e+01 5.500000e+00
      vertex   -1.996593e+01 1.522222e+01 5.258819e+00
      vertex   -1.986603e+01 1.522222e+01 5.500000e+00
    endloop
  endfacet
  facet normal -7.933533e-01 0.000000e+00 6.087614e-01
    outer loop
      vertex   -1.986603e+01 2.066667e+01 5.500000e+00
      vertex   -1.986603e+01 1.522222e+01 5.500000e+00
      vertex   -1.970711e+01 2.066667e+01 5.707107e+00
    endloop
  endfacet
  facet normal -7.933533e-01 0.000000e+00 6.087614e-01
    outer loop
      vertex   -1.970711e+01 2.066667e+01 5.707107e+00
      vertex   -1.986603e+01 1.522222e+01 5.500000e+00
      vertex   -1.970711e+01 1.522222e+01 5.707107e+00
    endloop
  endfacet
  facet normal -6.087614e-01 0.000000e+00 7.933533e-01
    outer loop
      vertex   -1.970711e+01 2.066667e+01 5.707107e+00
      vertex   -1.970711e+01 1.522222e+01 5.707107e+00
      vertex   -1.950000e+01 2.066667e+01 5.866025e+00
    endloop
  endfacet
  facet normal -9.238795e-01 0.000000e+00 3.826834e-01
    outer loop
      vertex   -1.996593e+01 -1.111111e+00 5.258819e+00
      vertex   -1.986603e+01 -1.111111e+00 5.500000e+00
      vertex   -1.986603e+01 4.333334e+00 5.500000e+00
    endloop
  endfacet
  facet normal -7.933533e-01 0.000000e+00 6.087614e-01
    outer loop
      vertex   -1.986603e+01 4.333334e+00 5.500000e+00
      vertex   -1.986603e+01 -1.111111e+00 5.500000e+00
      vertex   -1.970711e+01 4.333334e+00 5.707107e+00
    endloop
  endfacet
  facet normal -7.933533e-01 0.000000e+00 6.087614e-01
    outer loop
      vertex   -1.986603e+01 4.333334e+00 5.500000e+00
      vertex   -1.970711e+01 4.333334e+00 5.707107e+00
      vertex   -1.970711e+01 9.777778e+00 5.707107e+00
    endloop
  endfacet
  facet normal -6.087614e-01 0.000000e+00 7.933533e-01
    outer loop
      vertex   -1.970711e+01 9.777778e+00 5.707107e+00
      vertex   -1.970711e+01 4.333334e+00 5.707107e+00
      vertex   -1.950000e+01 9.777778e+00 5.866025e+00
    endloop
  endfacet
  facet normal -6.087614e-01 0.000000e+00 7.933533e-01
    outer loop
      vertex   -1.970711e+01 9.777778e+00 5.707107e+00
      vertex   -1.950000e+01 9.777778e+00 5.866025e+00
      vertex   -1.950000e+01 1.522222e+01 5.866025e+00
    endloop
  endfacet
  facet normal -3.826834e-01 0.000000e+00 9.238795e-01
    outer loop
      vertex   -1.950000e+01 1.522222e+01 5.866025e+00
      vertex   -1.950000e+01 9.777778e+00 5.866025e+00
      vertex   -1.925882e+01 1.522222e+01 5.965926e+00
    endloop
  endfacet
  facet normal -3.826834e-01 0.000000e+00 9.238795e-01
    outer loop
      vertex   -1.950000e+01 1.522222e+01 5.866025e+00
      vertex   -1.925882e+01 1.522222e+01 5.965926e+00
      vertex   -1.925882e+01 2.066667e+01 5.965926e+00
    endloop
  endfacet
  facet normal -1.305262e-01 0.000000e+00 9.914449e-01
    outer loop
      vertex   -1.925882e+01 2.066667e+01 5.965926e+00
      vertex   -1.925882e+01 1.522222e+01 5.965926e+00
      vertex   -1.900000e+01 3.700000e+01 6.000000e+00
    endloop
  endfacet
  facet normal -7.933533e-01 0.000000e+00 6.087614e-01
    outer loop
      vertex   -1.970711e+01 4.333334e+00 5.707107e+00
      vertex   -1.986603e+01 -1.111111e+00 5.500000e+00
      vertex   -1.970711e+01 -1.111111e+00 5.707107e+00
    endloop
  endfacet
  facet normal -9.238795e-01 0.000000e+00 3.826834e-01
    outer loop
      vertex   -1.996593e+01 2.066667e+01 5.258819e+00
      vertex   -1.986603e+01 2.066667e+01 5.500000e+00
      vertex   -1.986603e+01 2.611111e+01 5.500000e+00
    endloop
  endfacet
  facet normal -7.933533e-01 0.000000e+00 6.087614e-01
    outer loop
      vertex   -1.986603e+01 2.611111e+01 5.500000e+00
      vertex   -1.986603e+01 2.066667e+01 5.500000e+00
      vertex   -1.970711e+01 2.611111e+01 5.707107e+00
    endloop
  endfacet
  facet normal -7.933533e-01 0.000000e+00 6.087614e-01
    outer loop
      vertex   -1.986603e+01 2.611111e+01 5.500000e+00
      vertex   -1.970711e+01 2.611111e+01 5.707107e+00
      vertex   -1.970711e+01 3.155556e+01 5.707107e+00
    endloop
  endfacet
  facet normal -6.087614e-01 0.000000e+00 7.933533e-01
    outer loop
      vertex   -1.970711e+01 3.155556e+01 5.707107e+00
      vertex   -1.970711e+01 2.611111e+01 5.707107e+00
      vertex   -1.950000e+01 3.155556e+01 5.866025e+00
    endloop
  endfacet
  facet normal -7.933533e-01 0.000000e+00 6.087614e-01
    outer loop
      vertex   -1.970711e+01 2.611111e+01 5.707107e+00
      vertex   -1.986603e+01 2.066667e+01 5.500000e+00
      vertex   -1.970711e+01 2.066667e+01 5.707107e+00
    endloop
  endfacet
  facet normal -6.087614e-01 0.000000e+00 7.933533e-01
    outer loop
      vertex   -1.970711e+01 4.333334e+00 5.707107e+00
      vertex   -1.970711e+01 -1.111111e+00 5.707107e+00
      vertex   -1.950000e+01 4.333334e+00 5.866025e+00
    endloop
  endfacet
  facet normal -6.087614e-01 0.000000e+00 7.933533e-01
    outer loop
      vertex   -1.950000e+01 4.333334e+00 5.866025e+00
      vertex   -1.970711e+01 -1.111111e+00 5.707107e+00
      vertex   -1.950000e+01 -1.111111e+00 5.866025e+00
    endloop
  endfacet
  facet normal -3.826834e-01 0.000000e+00 9.238795e-01
    outer loop
      vertex   -1.950000e+01 4.333334e+00 5.866025e+00
      vertex   -1.950000e+01 -1.111111e+00 5.866025e+00
      vertex   -1.925882e+01 4.333334e+00 5.965926e+00
    endloop
  endfacet
  facet normal -6.087614e-01 0.000000e+00 7.933533e-01
    outer loop
      vertex   -1.970711e+01 2.611111e+01 5.707107e+00
      vertex   -1.970711e+01 2.066667e+01 5.707107e+00
      vertex   -1.950000e+01 2.611111e+01 5.866025e+00
    endloop
  endfacet
  facet normal -6.087614e-01 0.000000e+00 7.933533e-01
    outer loop
      vertex   -1.950000e+01 2.611111e+01 5.866025e+00
      vertex   -1.970711e+01 2.066667e+01 5.707107e+00
      vertex   -1.950000e+01 2.066667e+01 5.866025e+00
    endloop
  endfacet
  facet normal -3.826834e-01 0.000000e+00 9.238795e-01
    outer loop
      vertex   -1.950000e+01 2.611111e+01 5.866025e+00
      vertex   -1.950000e+01 2.066667e+01 5.866025e+00
      vertex   -1.925882e+01 2.611111e+01 5.965926e+00
    endloop
  endfacet
  facet normal -3.826834e-01 0.000000e+00 9.238795e-01
    outer loop
      vertex   -1.925882e+01 -1.111111e+00 5.965926e+00
      vertex   -1.950000e+01 -6.555555e+00 5.866025e+00
      vertex   -1.925882e+01 -6.555555e+00 5.965926e+00
    endloop
  endfacet
  facet normal -6.087614e-01 0.000000e+00 7.933533e-01
    outer loop
      vertex   -1.970711e+01 4.333334e+00 5.707107e+00
      vertex   -1.950000e+01 4.333334e+00 5.866025e+00
      vertex   -1.950000e+01 9.777778e+00 5.866025e+00
    endloop
  endfacet
  facet normal -3.826834e-01 0.000000e+00 9.238795e-01
    outer loop
      vertex   -1.950000e+01 9.777778e+00 5.866025e+00
      vertex   -1.950000e+01 4.333334e+00 5.866025e+00
      vertex   -1.925882e+01 9.777778e+00 5.965926e+00
    endloop
  endfacet
  facet normal -3.826834e-01 0.000000e+00 9.238795e-01
    outer loop
      vertex   -1.950000e+01 9.777778e+00 5.866025e+00
      vertex   -1.925882e+01 9.777778e+00 5.965926e+00
      vertex   -1.925882e+01 1.522222e+01 5.965926e+00
    endloop
  endfacet
  facet normal -1.305262e-01 0.000000e+00 9.914449e-01
    outer loop
      vertex   -1.925882e+01 1.522222e+01 5.965926e+00
      vertex   -1.925882e+01 9.777778e+00 5.965926e+00
      vertex   -1.900000e+01 3.700000e+01 6.000000e+00
    endloop
  endfacet
  facet normal -3.826834e-01 0.000000e+00 9.238795e-01
    outer loop
      vertex   -1.925882e+01 9.777778e+00 5.965926e+00
      vertex   -1.950000e+01 4.333334e+00 5.866025e+00
      vertex   -1.925882e+01 4.333334e+00 5.965926e+00
    endloop
  endfacet
  facet normal -3.826834e-01 0.000000e+00 9.238795e-01
    outer loop
      vertex   -1.925882e+01 3.155556e+01 5.965926e+00
      vertex   -1.950000e+01 3.155556e+01 5.866025e+00
      vertex   -1.950000e+01 2.611111e+01 5.866025e+00
    endloop
  endfacet
  facet normal -6.087614e-01 0.000000e+00 7.933533e-01
    outer loop
      vertex   -1.950000e+01 2.611111e+01 5.866025e+00
      vertex   -1.950000e+01 3.155556e+01 5.866025e+00
      vertex   -1.970711e+01 2.611111e+01 5.707107e+00
    endloop
  endfacet
  facet normal -3.826834e-01 0.000000e+00 9.238795e-01
    outer loop
      vertex   -1.925882e+01 3.155556e+01 5.965926e+00
      vertex   -1.950000e+01 2.611111e+01 5.866025e+00
      vertex   -1.925882e+01 2.611111e+01 5.965926e+00
    endloop
  endfacet
  facet normal -1.305262e-01 0.000000e+00 9.914449e-01
    outer loop
      vertex   -1.900000e+01 -1.200000e+01 6.000000e+00
      vertex   -1.925882e+01 -1.111111e+00 5.965926e+00
      vertex   -1.925882e+01 -6.555555e+00 5.965926e+00
    endloop
  endfacet
  facet normal -1.305262e-01 -9.914449e-01 0.000000e+00
    outer loop
      vertex   -1.900000e+01 -1.300000e+01 1.000000e+00
      vertex   -1.900000e+01 -1.300000e+01 5.000000e+00
      vertex   -1.925882e+01 -1.296593e+01 1.000000e+00
    endloop
  endfacet
  facet normal -1.305262e-01 -9.914449e-01 0.000000e+00
    outer loop
      vertex   -1.925882e+01 -1.296593e+01 1.000000e+00
      vertex   -1.900000e+01 -1.300000e+01 5.000000e+00
      vertex   -1.925882e+01 -1.296593e+01 5.000000e+00
    endloop
  endfacet
  facet normal -3.826834e-01 -9.238795e-01 0.000000e+00
    outer loop
      vertex   -1.925882e+01 -1.296593e+01 1.000000e+00
      vertex   -1.925882e+01 -1.296593e+01 5.000000e+00
      vertex   -1.950000e+01 -1.286603e+01 1.000000e+00
    endloop
  endfacet
  facet normal -3.826834e-01 -9.238795e-01 7.039377e-17
    outer loop
      vertex   -1.950000e+01 -1.286603e+01 1.000000e+00
      vertex   -1.925882e+01 -1.296593e+01 5.000000e+00
      vertex   -1.950000e+01 -1.286603e+01 5.000000e+00
    endloop
  endfacet
  facet normal -6.087614e-01 -7.933533e-01 -1.883691e-16
    outer loop
      vertex   -1.950000e+01 -1.286603e+01 1.000000e+00
      vertex   -1.950000e+01 -1.286603e+01 5.000000e+00
      vertex   -1.970711e+01 -1.270711e+01 1.000000e+00
    endloop
  endfacet
  facet normal -6.087614e-01 -7.933533e-01 3.523197e-16
    outer loop
      vertex   -1.970711e+01 -1.270711e+01 1.000000e+00
      vertex   -1.950000e+01 -1.286603e+01 5.000000e+00
      vertex   -1.970711e+01 -1.270711e+01 5.000000e+00
    endloop
  endfacet
  facet normal -7.933533e-01 -6.087614e-01 2.703444e-16
    outer loop
      vertex   -1.970711e+01 -1.270711e+01 1.000000e+00
      vertex   -1.970711e+01 -1.270711e+01 5.000000e+00
      vertex   -1.986603e+01 -1.250000e+01 1.000000e+00
    endloop
  endfacet
  facet normal -7.933533e-01 -6.087614e-01 2.703444e-16
    outer loop
      vertex   -1.986603e+01 -1.250000e+01 1.000000e+00
      vertex   -1.970711e+01 -1.270711e+01 5.000000e+00
      vertex   -1.986603e+01 -1.250000e+01 5.000000e+00
    endloop
  endfacet
  facet normal -9.238795e-01 -3.826834e-01 1.699456e-16
    outer loop
      vertex   -1.986603e+01 -1.250000e+01 1.000000e+00
      vertex   -1.986603e+01 -1.250000e+01 5.000000e+00
      vertex   -1.996593e+01 -1.225882e+01 1.000000e+00
    endloop
  endfacet
  facet normal -9.238795e-01 -3.826834e-01 5.098367e-16
    outer loop
      vertex   -1.996593e+01 -1.225882e+01 1.000000e+00
      vertex   -1.986603e+01 -1.250000e+01 5.000000e+00
      vertex   -1.996593e+01 -1.225882e+01 5.000000e+00
    endloop
  endfacet
  facet normal -9.914449e-01 -1.305262e-01 1.738958e-16
    outer loop
      vertex   -1.996593e+01 -1.225882e+01 1.000000e+00
      vertex   -1.996593e+01 -1.225882e+01 5.000000e+00
      vertex   -2.000000e+01 -1.200000e+01 1.000000e+00
    endloop
  endfacet
  facet normal -9.914449e-01 -1.305262e-01 1.738958e-16
    outer loop
      vertex   -2.000000e+01 -1.200000e+01 1.000000e+00
      vertex   -1.996593e+01 -1.225882e+01 5.000000e+00
      vertex   -2.000000e+01 -1.200000e+01 5.000000e+00
    endloop
  endfacet
  facet normal -4.940940e-02 -9.902339e-01 -1.303668e-01
    outer loop
      vertex   -1.900000e+01 -1.296593e+01 7.411810e-01
      vertex   -1.900000e+01 -1.300000e+01 1.000000e+00
      vertex   -1.918574e+01 -1.297047e+01 8.460872e-01
    endloop
  endfacet
  facet normal -1.304564e-01 -9.909150e-01 -3.268886e-02
    outer loop
      vertex   -1.918574e+01 -1.297047e+01 8.460872e-01
      vertex   -1.900000e+01 -1.300000e+01 1.000000e+00
      vertex   -1.925882e+01 -1.296593e+01 1.000000e+00
    endloop
  endfacet
  facet normal -3.162140e-01 -9.407634e-01 -1.223638e-01
    outer loop
      vertex   -1.918574e+01 -1.297047e+01 8.460872e-01
      vertex   -1.925882e+01 -1.296593e+01 1.000000e+00
      vertex   -1.939854e+01 -1.289032e+01 7.797665e-01
    endloop
  endfacet
  facet normal -3.816287e-01 -9.213332e-01 -7.419375e-02
    outer loop
      vertex   -1.939854e+01 -1.289032e+01 7.797665e-01
      vertex   -1.925882e+01 -1.296593e+01 1.000000e+00
      vertex   -1.950000e+01 -1.286603e+01 1.000000e+00
    endloop
  endfacet
  facet normal -5.215192e-01 -8.403810e-01 -1.475718e-01
    outer loop
      vertex   -1.939854e+01 -1.289032e+01 7.797665e-01
      vertex   -1.950000e+01 -1.286603e+01 1.000000e+00
      vertex   -1.959494e+01 -1.276242e+01 7.455143e-01
    endloop
  endfacet
  facet normal -6.059824e-01 -7.897316e-01 -9.544300e-02
    outer loop
      vertex   -1.959494e+01 -1.276242e+01 7.455143e-01
      vertex   -1.950000e+01 -1.286603e+01 1.000000e+00
      vertex   -1.970711e+01 -1.270711e+01 1.000000e+00
    endloop
  endfacet
  facet normal -6.984452e-01 -6.984452e-01 -1.560404e-01
    outer loop
      vertex   -1.959494e+01 -1.276242e+01 7.455143e-01
      vertex   -1.970711e+01 -1.270711e+01 1.000000e+00
      vertex   -1.976242e+01 -1.259494e+01 7.455143e-01
    endloop
  endfacet
  facet normal -7.897316e-01 -6.059824e-01 -9.544300e-02
    outer loop
      vertex   -1.976242e+01 -1.259494e+01 7.455143e-01
      vertex   -1.970711e+01 -1.270711e+01 1.000000e+00
      vertex   -1.986603e+01 -1.250000e+01 1.000000e+00
    endloop
  endfacet
  facet normal -8.403810e-01 -5.215192e-01 -1.475718e-01
    outer loop
      vertex   -1.976242e+01 -1.259494e+01 7.455143e-01
      vertex   -1.986603e+01 -1.250000e+01 1.000000e+00
      vertex   -1.989032e+01 -1.239854e+01 7.797665e-01
    endloop
  endfacet
  facet normal -9.213332e-01 -3.816287e-01 -7.419375e-02
    outer loop
      vertex   -1.989032e+01 -1.239854e+01 7.797665e-01
      vertex   -1.986603e+01 -1.250000e+01 1.000000e+00
      vertex   -1.996593e+01 -1.225882e+01 1.000000e+00
    endloop
  endfacet
  facet normal -9.407634e-01 -3.162140e-01 -1.223638e-01
    outer loop
      vertex   -1.989032e+01 -1.239854e+01 7.797665e-01
      vertex   -1.996593e+01 -1.225882e+01 1.000000e+00
      vertex   -1.997047e+01 -1.218574e+01 8.460872e-01
    endloop
  endfacet
  facet normal -9.909150e-01 -1.304564e-01 -3.268886e-02
    outer loop
      vertex   -1.997047e+01 -1.218574e+01 8.460872e-01
      vertex   -1.996593e+01 -1.225882e+01 1.000000e+00
      vertex   -2.000000e+01 -1.200000e+01 1.000000e+00
    endloop
  endfacet
  facet normal -9.902339e-01 -4.940940e-02 -1.303668e-01
    outer loop
      vertex   -1.997047e+01 -1.218574e+01 8.460872e-01
      vertex   -2.000000e+01 -1.200000e+01 1.000000e+00
      vertex   -1.996593e+01 -1.200000e+01 7.411810e-01
    endloop
  endfacet
  facet normal -9.537278e-01 -1.298391e-01 -2.711922e-01
    outer loop
      vertex   -1.997047e+01 -1.218574e+01 8.460872e-01
      vertex   -1.996593e+01 -1.200000e+01 7.411810e-01
      vertex   -1.991750e+01 -1.208453e+01 6.113562e-01
    endloop
  endfacet
  facet normal -9.223031e-01 5.839280e-02 -3.820305e-01
    outer loop
      vertex   -1.991750e+01 -1.208453e+01 6.113562e-01
      vertex   -1.996593e+01 -1.200000e+01 7.411810e-01
      vertex   -1.986603e+01 -1.200000e+01 5.000000e-01
    endloop
  endfacet
  facet normal -8.447130e-01 -1.588805e-01 -5.110938e-01
    outer loop
      vertex   -1.991750e+01 -1.208453e+01 6.113562e-01
      vertex   -1.986603e+01 -1.200000e+01 5.000000e-01
      vertex   -1.983242e+01 -1.231041e+01 5.409579e-01
    endloop
  endfacet
  facet normal -8.257119e-01 -1.607312e-01 -5.407082e-01
    outer loop
      vertex   -1.983242e+01 -1.231041e+01 5.409579e-01
      vertex   -1.986603e+01 -1.200000e+01 5.000000e-01
      vertex   -1.971780e+01 -1.220112e+01 3.334323e-01
    endloop
  endfacet
  facet normal -7.197061e-01 -3.657544e-01 -5.901245e-01
    outer loop
      vertex   -1.983242e+01 -1.231041e+01 5.409579e-01
      vertex   -1.971780e+01 -1.220112e+01 3.334323e-01
      vertex   -1.969666e+01 -1.251888e+01 5.045998e-01
    endloop
  endfacet
  facet normal -7.197061e-01 -3.657544e-01 -5.901245e-01
    outer loop
      vertex   -1.969666e+01 -1.251888e+01 5.045998e-01
      vertex   -1.971780e+01 -1.220112e+01 3.334323e-01
      vertex   -1.958343e+01 -1.240746e+01 2.974460e-01
    endloop
  endfacet
  facet normal -5.611197e-01 -5.611197e-01 -6.085140e-01
    outer loop
      vertex   -1.969666e+01 -1.251888e+01 5.045998e-01
      vertex   -1.958343e+01 -1.240746e+01 2.974460e-01
      vertex   -1.951888e+01 -1.269666e+01 5.045998e-01
    endloop
  endfacet
  facet normal -5.611197e-01 -5.611197e-01 -6.085140e-01
    outer loop
      vertex   -1.951888e+01 -1.269666e+01 5.045998e-01
      vertex   -1.958343e+01 -1.240746e+01 2.974460e-01
      vertex   -1.940746e+01 -1.258343e+01 2.974460e-01
    endloop
  endfacet
  facet normal -3.657544e-01 -7.197061e-01 -5.901245e-01
    outer loop
      vertex   -1.951888e+01 -1.269666e+01 5.045998e-01
      vertex   -1.940746e+01 -1.258343e+01 2.974460e-01
      vertex   -1.931041e+01 -1.283242e+01 5.409579e-01
    endloop
  endfacet
  facet normal -3.657544e-01 -7.197061e-01 -5.901245e-01
    outer loop
      vertex   -1.931041e+01 -1.283242e+01 5.409579e-01
      vertex   -1.940746e+01 -1.258343e+01 2.974460e-01
      vertex   -1.920112e+01 -1.271780e+01 3.334323e-01
    endloop
  endfacet
  facet normal -1.607312e-01 -8.257119e-01 -5.407082e-01
    outer loop
      vertex   -1.931041e+01 -1.283242e+01 5.409579e-01
      vertex   -1.920112e+01 -1.271780e+01 3.334323e-01
      vertex   -1.900000e+01 -1.286603e+01 5.000000e-01
    endloop
  endfacet
  facet normal -8.026201e-02 -7.907938e-01 -6.067974e-01
    outer loop
      vertex   -1.900000e+01 -1.286603e+01 5.000000e-01
      vertex   -1.920112e+01 -1.271780e+01 3.334323e-01
      vertex   -1.900000e+01 -1.270711e+01 2.928932e-01
    endloop
  endfacet
  facet normal -1.159338e-01 -6.538873e-01 -7.476569e-01
    outer loop
      vertex   -1.900000e+01 -1.270711e+01 2.928932e-01
      vertex   -1.920112e+01 -1.271780e+01 3.334323e-01
      vertex   -1.907813e+01 -1.255426e+01 1.713321e-01
    endloop
  endfacet
  facet normal 4.340169e-02 -6.081878e-01 -7.926058e-01
    outer loop
      vertex   -1.900000e+01 -1.270711e+01 2.928932e-01
      vertex   -1.907813e+01 -1.255426e+01 1.713321e-01
      vertex   -1.900000e+01 -1.250000e+01 1.339746e-01
    endloop
  endfacet
  facet normal -1.261909e-01 -4.328324e-01 -8.925984e-01
    outer loop
      vertex   -1.900000e+01 -1.250000e+01 1.339746e-01
      vertex   -1.907813e+01 -1.255426e+01 1.713321e-01
      vertex   -1.926828e+01 -1.243044e+01 1.381701e-01
    endloop
  endfacet
  facet normal -1.178222e-01 -3.995626e-01 -9.091026e-01
    outer loop
      vertex   -1.900000e+01 -1.250000e+01 1.339746e-01
      vertex   -1.926828e+01 -1.243044e+01 1.381701e-01
      vertex   -1.911081e+01 -1.224811e+01 3.762643e-02
    endloop
  endfacet
  facet normal -2.729599e-01 -2.729599e-01 -9.224889e-01
    outer loop
      vertex   -1.911081e+01 -1.224811e+01 3.762643e-02
      vertex   -1.926828e+01 -1.243044e+01 1.381701e-01
      vertex   -1.924811e+01 -1.211081e+01 3.762643e-02
    endloop
  endfacet
  facet normal -1.036987e-01 -1.036987e-01 -9.891881e-01
    outer loop
      vertex   -1.911081e+01 -1.224811e+01 3.762643e-02
      vertex   -1.924811e+01 -1.211081e+01 3.762643e-02
      vertex   -1.900000e+01 -1.200000e+01 0.000000e+00
    endloop
  endfacet
  facet normal -1.303977e-01 -4.435481e-02 -9.904691e-01
    outer loop
      vertex   -1.900000e+01 -1.200000e+01 0.000000e+00
      vertex   -1.924811e+01 -1.211081e+01 3.762643e-02
      vertex   -1.925882e+01 -1.200000e+01 3.407417e-02
    endloop
  endfacet
  facet normal -3.818374e-01 -6.645835e-02 -9.218370e-01
    outer loop
      vertex   -1.925882e+01 -1.200000e+01 3.407417e-02
      vertex   -1.924811e+01 -1.211081e+01 3.762643e-02
      vertex   -1.950000e+01 -1.200000e+01 1.339746e-01
    endloop
  endfacet
  facet normal -3.995626e-01 -1.178222e-01 -9.091026e-01
    outer loop
      vertex   -1.950000e+01 -1.200000e+01 1.339746e-01
      vertex   -1.924811e+01 -1.211081e+01 3.762643e-02
      vertex   -1.943044e+01 -1.226828e+01 1.381701e-01
    endloop
  endfacet
  facet normal -4.328324e-01 -1.261909e-01 -8.925984e-01
    outer loop
      vertex   -1.950000e+01 -1.200000e+01 1.339746e-01
      vertex   -1.943044e+01 -1.226828e+01 1.381701e-01
      vertex   -1.955426e+01 -1.207813e+01 1.713321e-01
    endloop
  endfacet
  facet normal -5.834139e-01 -2.448663e-01 -7.743828e-01
    outer loop
      vertex   -1.955426e+01 -1.207813e+01 1.713321e-01
      vertex   -1.943044e+01 -1.226828e+01 1.381701e-01
      vertex   -1.958343e+01 -1.240746e+01 2.974460e-01
    endloop
  endfacet
  facet normal -5.834139e-01 -2.448663e-01 -7.743828e-01
    outer loop
      vertex   -1.955426e+01 -1.207813e+01 1.713321e-01
      vertex   -1.958343e+01 -1.240746e+01 2.974460e-01
      vertex   -1.971780e+01 -1.220112e+01 3.334323e-01
    endloop
  endfacet
  facet normal -7.907938e-01 -8.026201e-02 -6.067974e-01
    outer loop
      vertex   -1.986603e+01 -1.200000e+01 5.000000e-01
      vertex   -1.970711e+01 -1.200000e+01 2.928932e-01
      vertex   -1.971780e+01 -1.220112e+01 3.334323e-01
    endloop
  endfacet
  facet normal -6.538873e-01 -1.159338e-01 -7.476569e-01
    outer loop
      vertex   -1.971780e+01 -1.220112e+01 3.334323e-01
      vertex   -1.970711e+01 -1.200000e+01 2.928932e-01
      vertex   -1.955426e+01 -1.207813e+01 1.713321e-01
    endloop
  endfacet
  facet normal -6.081878e-01 4.340169e-02 -7.926058e-01
    outer loop
      vertex   -1.970711e+01 -1.200000e+01 2.928932e-01
      vertex   -1.950000e+01 -1.200000e+01 1.339746e-01
      vertex   -1.955426e+01 -1.207813e+01 1.713321e-01
    endloop
  endfacet
  facet normal -4.435481e-02 -1.303977e-01 -9.904691e-01
    outer loop
      vertex   -1.900000e+01 -1.200000e+01 0.000000e+00
      vertex   -1.900000e+01 -1.225882e+01 3.407417e-02
      vertex   -1.911081e+01 -1.224811e+01 3.762643e-02
    endloop
  endfacet
  facet normal -6.645835e-02 -3.818374e-01 -9.218370e-01
    outer loop
      vertex   -1.911081e+01 -1.224811e+01 3.762643e-02
      vertex   -1.900000e+01 -1.225882e+01 3.407417e-02
      vertex   -1.900000e+01 -1.250000e+01 1.339746e-01
    endloop
  endfacet
  facet normal -1.588805e-01 -8.447130e-01 -5.110938e-01
    outer loop
      vertex   -1.931041e+01 -1.283242e+01 5.409579e-01
      vertex   -1.900000e+01 -1.286603e+01 5.000000e-01
      vertex   -1.908453e+01 -1.291750e+01 6.113562e-01
    endloop
  endfacet
  facet normal 5.839280e-02 -9.223031e-01 -3.820305e-01
    outer loop
      vertex   -1.908453e+01 -1.291750e+01 6.113562e-01
      vertex   -1.900000e+01 -1.286603e+01 5.000000e-01
      vertex   -1.900000e+01 -1.296593e+01 7.411810e-01
    endloop
  endfacet
  facet normal -1.298391e-01 -9.537278e-01 -2.711922e-01
    outer loop
      vertex   -1.908453e+01 -1.291750e+01 6.113562e-01
      vertex   -1.900000e+01 -1.296593e+01 7.411810e-01
      vertex   -1.918574e+01 -1.297047e+01 8.460872e-01
    endloop
  endfacet
  facet normal -2.475550e-01 -9.167181e-01 -3.135991e-01
    outer loop
      vertex   -1.931041e+01 -1.283242e+01 5.409579e-01
      vertex   -1.908453e+01 -1.291750e+01 6.113562e-01
      vertex   -1.918574e+01 -1.297047e+01 8.460872e-01
    endloop
  endfacet
  facet normal -4.620595e-01 -8.076571e-01 -3.663208e-01
    outer loop
      vertex   -1.951888e+01 -1.269666e+01 5.045998e-01
      vertex   -1.931041e+01 -1.283242e+01 5.409579e-01
      vertex   -1.939854e+01 -1.289032e+01 7.797665e-01
    endloop
  endfacet
  facet normal -2.475550e-01 -9.167181e-01 -3.135991e-01
    outer loop
      vertex   -1.939854e+01 -1.289032e+01 7.797665e-01
      vertex   -1.931041e+01 -1.283242e+01 5.409579e-01
      vertex   -1.918574e+01 -1.297047e+01 8.460872e-01
    endloop
  endfacet
  facet normal -2.448663e-01 -5.834139e-01 -7.743828e-01
    outer loop
      vertex   -1.926828e+01 -1.243044e+01 1.381701e-01
      vertex   -1.907813e+01 -1.255426e+01 1.713321e-01
      vertex   -1.920112e+01 -1.271780e+01 3.334323e-01
    endloop
  endfacet
  facet normal -2.448663e-01 -5.834139e-01 -7.743828e-01
    outer loop
      vertex   -1.926828e+01 -1.243044e+01 1.381701e-01
      vertex   -1.920112e+01 -1.271780e+01 3.334323e-01
      vertex   -1.940746e+01 -1.258343e+01 2.974460e-01
    endloop
  endfacet
  facet normal -6.528138e-01 -6.528138e-01 -3.842763e-01
    outer loop
      vertex   -1.969666e+01 -1.251888e+01 5.045998e-01
      vertex   -1.951888e+01 -1.269666e+01 5.045998e-01
      vertex   -1.959494e+01 -1.276242e+01 7.455143e-01
    endloop
  endfacet
  facet normal -4.620595e-01 -8.076571e-01 -3.663208e-01
    outer loop
      vertex   -1.959494e+01 -1.276242e+01 7.455143e-01
      vertex   -1.951888e+01 -1.269666e+01 5.045998e-01
      vertex   -1.939854e+01 -1.289032e+01 7.797665e-01
    endloop
  endfacet
  facet normal -4.317293e-01 -4.317293e-01 -7.919720e-01
    outer loop
      vertex   -1.958343e+01 -1.240746e+01 2.974460e-01
      vertex   -1.943044e+01 -1.226828e+01 1.381701e-01
      vertex   -1.940746e+01 -1.258343e+01 2.974460e-01
    endloop
  endfacet
  facet normal -4.317293e-01 -4.317293e-01 -7.919720e-01
    outer loop
      vertex   -1.940746e+01 -1.258343e+01 2.974460e-01
      vertex   -1.943044e+01 -1.226828e+01 1.381701e-01
      vertex   -1.926828e+01 -1.243044e+01 1.381701e-01
    endloop
  endfacet
  facet normal -2.729599e-01 -2.729599e-01 -9.224889e-01
    outer loop
      vertex   -1.943044e+01 -1.226828e+01 1.381701e-01
      vertex   -1.924811e+01 -1.211081e+01 3.762643e-02
      vertex   -1.926828e+01 -1.243044e+01 1.381701e-01
    endloop
  endfacet
  facet normal -8.076571e-01 -4.620595e-01 -3.663208e-01
    outer loop
      vertex   -1.983242e+01 -1.231041e+01 5.409579e-01
      vertex   -1.969666e+01 -1.251888e+01 5.045998e-01
      vertex   -1.976242e+01 -1.259494e+01 7.455143e-01
    endloop
  endfacet
  facet normal -6.528138e-01 -6.528138e-01 -3.842763e-01
    outer loop
      vertex   -1.976242e+01 -1.259494e+01 7.455143e-01
      vertex   -1.969666e+01 -1.251888e+01 5.045998e-01
      vertex   -1.959494e+01 -1.276242e+01 7.455143e-01
    endloop
  endfacet
  facet normal -9.167181e-01 -2.475550e-01 -3.135991e-01
    outer loop
      vertex   -1.991750e+01 -1.208453e+01 6.113562e-01
      vertex   -1.983242e+01 -1.231041e+01 5.409579e-01
      vertex   -1.989032e+01 -1.239854e+01 7.797665e-01
    endloop
  endfacet
  facet normal -8.076571e-01 -4.620595e-01 -3.663208e-01
    outer loop
      vertex   -1.989032e+01 -1.239854e+01 7.797665e-01
      vertex   -1.983242e+01 -1.231041e+01 5.409579e-01
      vertex   -1.976242e+01 -1.259494e+01 7.455143e-01
    endloop
  endfacet
  facet normal -9.167181e-01 -2.475550e-01 -3.135991e-01
    outer loop
      vertex   -1.997047e+01 -1.218574e+01 8.460872e-01
      vertex   -1.991750e+01 -1.208453e+01 6.113562e-01
      vertex   -1.989032e+01 -1.239854e+01 7.797665e-01
    endloop
  endfacet
  facet normal 3.220293e-18 -9.914449e-01 -1.305262e-01
    outer loop
      vertex   -1.900000e+01 -1.296593e+01 7.411810e-01
      vertex   -1.450000e+01 -1.296593e+01 7.411810e-01
      vertex   -1.900000e+01 -1.300000e+01 1.000000e+00
    endloop
  endfacet
  facet normal 0.000000e+00 -9.914449e-01 -1.305262e-01
    outer loop
      vertex   -1.900000e+01 -1.300000e+01 1.000000e+00
      vertex   -1.450000e+01 -1.296593e+01 7.411810e-01
      vertex   -1.000000e+01 -1.296593e+01 7.411810e-01
    endloop
  endfacet
  facet normal 0.000000e+00 -9.914449e-01 -1.305262e-01
    outer loop
      vertex   -1.900000e+01 -1.300000e+01 1.000000e+00
      vertex   -1.000000e+01 -1.296593e+01 7.411810e-01
      vertex   -1.000000e+00 -1.300000e+01 1.000000e+00
    endloop
  endfacet
  facet normal 0.000000e+00 -9.914449e-01 -1.305262e-01
    outer loop
      vertex   -1.000000e+00 -1.300000e+01 1.000000e+00
      vertex   -1.000000e+01 -1.296593e+01 7.411810e-01
      vertex   -5.500000e+00 -1.296593e+01 7.411810e-01
    endloop
  endfacet
  facet normal -2.953385e-18 -9.914449e-01 -1.305262e-01
    outer loop
      vertex   -1.000000e+00 -1.300000e+01 1.000000e+00
      vertex   -5.500000e+00 -1.296593e+01 7.411810e-01
      vertex   -1.000000e+00 -1.296593e+01 7.411810e-01
    endloop
  endfacet
  facet normal -9.441421e-18 -9.238795e-01 -3.826834e-01
    outer loop
      vertex   -1.000000e+00 -1.296593e+01 7.411810e-01
      vertex   -5.500000e+00 -1.296593e+01 7.411810e-01
      vertex   -1.000000e+00 -1.286603e+01 5.000000e-01
    endloop
  endfacet
  facet normal 2.360355e-17 -9.238795e-01 -3.826834e-01
    outer loop
      vertex   -1.000000e+00 -1.286603e+01 5.000000e-01
      vertex   -5.500000e+00 -1.296593e+01 7.411810e-01
      vertex   -5.500000e+00 -1.286603e+01 5.000000e-01
    endloop
  endfacet
  facet normal 3.754783e-17 -7.933533e-01 -6.087614e-01
    outer loop
      vertex   -1.000000e+00 -1.286603e+01 5.000000e-01
      vertex   -5.500000e+00 -1.286603e+01 5.000000e-01
      vertex   -1.000000e+00 -1.270711e+01 2.928932e-01
    endloop
  endfacet
  facet normal -5.256696e-17 -7.933533e-01 -6.087614e-01
    outer loop
      vertex   -1.000000e+00 -1.270711e+01 2.928932e-01
      vertex   -5.500000e+00 -1.286603e+01 5.000000e-01
      vertex   -5.500000e+00 -1.270711e+01 2.928932e-01
    endloop
  endfacet
  facet normal -6.850660e-17 -6.087614e-01 -7.933533e-01
    outer loop
      vertex   -1.000000e+00 -1.270711e+01 2.928932e-01
      vertex   -5.500000e+00 -1.270711e+01 2.928932e-01
      vertex   -1.000000e+00 -1.250000e+01 1.339746e-01
    endloop
  endfacet
  facet normal -2.446664e-17 -6.087614e-01 -7.933533e-01
    outer loop
      vertex   -1.000000e+00 -1.250000e+01 1.339746e-01
      vertex   -5.500000e+00 -1.270711e+01 2.928932e-01
      vertex   -5.500000e+00 -1.250000e+01 1.339746e-01
    endloop
  endfacet
  facet normal -2.849201e-17 -3.826834e-01 -9.238795e-01
    outer loop
      vertex   -1.000000e+00 -1.250000e+01 1.339746e-01
      vertex   -5.500000e+00 -1.250000e+01 1.339746e-01
      vertex   -1.000000e+00 -1.225882e+01 3.407417e-02
    endloop
  endfacet
  facet normal 2.849201e-17 -3.826834e-01 -9.238795e-01
    outer loop
      vertex   -1.000000e+00 -1.225882e+01 3.407417e-02
      vertex   -5.500000e+00 -1.250000e+01 1.339746e-01
      vertex   -5.500000e+00 -1.225882e+01 3.407417e-02
    endloop
  endfacet
  facet normal 3.057569e-17 -1.305262e-01 -9.914449e-01
    outer loop
      vertex   -1.000000e+00 -1.225882e+01 3.407417e-02
      vertex   -5.500000e+00 -1.225882e+01 3.407417e-02
      vertex   -1.000000e+00 -1.200000e+01 0.000000e+00
    endloop
  endfacet
  facet normal 0.000000e+00 -1.305262e-01 -9.914449e-01
    outer loop
      vertex   -1.000000e+00 -1.200000e+01 0.000000e+00
      vertex   -5.500000e+00 -1.225882e+01 3.407417e-02
      vertex   -1.000000e+01 -1.225882e+01 3.407417e-02
    endloop
  endfacet
  facet normal -0.000000e+00 -1.305262e-01 -9.914449e-01
    outer loop
      vertex   -1.000000e+00 -1.200000e+01 0.000000e+00
      vertex   -1.000000e+01 -1.225882e+01 3.407417e-02
      vertex   -1.900000e+01 -1.200000e+01 0.000000e+00
    endloop
  endfacet
  facet normal 0.000000e+00 -1.305262e-01 -9.914449e-01
    outer loop
      vertex   -1.900000e+01 -1.200000e+01 0.000000e+00
      vertex   -1.000000e+01 -1.225882e+01 3.407417e-02
      vertex   -1.450000e+01 -1.225882e+01 3.407417e-02
    endloop
  endfacet
  facet normal 1.225655e-16 -1.305262e-01 -9.914449e-01
    outer loop
      vertex   -1.900000e+01 -1.200000e+01 0.000000e+00
      vertex   -1.450000e+01 -1.225882e+01 3.407417e-02
      vertex   -1.900000e+01 -1.225882e+01 3.407417e-02
    endloop
  endfacet
  facet normal 1.139680e-16 -3.826834e-01 -9.238795e-01
    outer loop
      vertex   -1.900000e+01 -1.225882e+01 3.407417e-02
      vertex   -1.450000e+01 -1.225882e+01 3.407417e-02
      vertex   -1.900000e+01 -1.250000e+01 1.339746e-01
    endloop
  endfacet
  facet normal 1.424600e-16 -3.826834e-01 -9.238795e-01
    outer loop
      vertex   -1.900000e+01 -1.250000e+01 1.339746e-01
      vertex   -1.450000e+01 -1.225882e+01 3.407417e-02
      vertex   -1.450000e+01 -1.250000e+01 1.339746e-01
    endloop
  endfacet
  facet normal 1.223332e-16 -6.087614e-01 -7.933533e-01
    outer loop
      vertex   -1.900000e+01 -1.250000e+01 1.339746e-01
      vertex   -1.450000e+01 -1.250000e+01 1.339746e-01
      vertex   -1.900000e+01 -1.270711e+01 2.928932e-01
    endloop
  endfacet
  facet normal 1.370132e-16 -6.087614e-01 -7.933533e-01
    outer loop
      vertex   -1.900000e+01 -1.270711e+01 2.928932e-01
      vertex   -1.450000e+01 -1.250000e+01 1.339746e-01
      vertex   -1.450000e+01 -1.270711e+01 2.928932e-01
    endloop
  endfacet
  facet normal 1.051339e-16 -7.933533e-01 -6.087614e-01
    outer loop
      vertex   -1.900000e+01 -1.270711e+01 2.928932e-01
      vertex   -1.450000e+01 -1.270711e+01 2.928932e-01
      vertex   -1.900000e+01 -1.286603e+01 5.000000e-01
    endloop
  endfacet
  facet normal -7.509566e-18 -7.933533e-01 -6.087614e-01
    outer loop
      vertex   -1.900000e+01 -1.286603e+01 5.000000e-01
      vertex   -1.450000e+01 -1.270711e+01 2.928932e-01
      vertex   -1.450000e+01 -1.286603e+01 5.000000e-01
    endloop
  endfacet
  facet normal -4.720711e-18 -9.238795e-01 -3.826834e-01
    outer loop
      vertex   -1.900000e+01 -1.286603e+01 5.000000e-01
      vertex   -1.450000e+01 -1.286603e+01 5.000000e-01
      vertex   -1.900000e+01 -1.296593e+01 7.411810e-01
    endloop
  endfacet
  facet normal 9.441421e-18 -9.238795e-01 -3.826834e-01
    outer loop
      vertex   -1.900000e+01 -1.296593e+01 7.411810e-01
      vertex   -1.450000e+01 -1.286603e+01 5.000000e-01
      vertex   -1.450000e+01 -1.296593e+01 7.411810e-01
    endloop
  endfacet
  facet normal 0.000000e+00 -9.238795e-01 -3.826834e-01
    outer loop
      vertex   -5.500000e+00 -1.286603e+01 5.000000e-01
      vertex   -5.500000e+00 -1.296593e+01 7.411810e-01
      vertex   -1.000000e+01 -1.296593e+01 7.411810e-01
    endloop
  endfacet
  facet normal -0.000000e+00 -9.238795e-01 -3.826834e-01
    outer loop
      vertex   -1.000000e+01 -1.296593e+01 7.411810e-01
      vertex   -1.450000e+01 -1.296593e+01 7.411810e-01
      vertex   -1.000000e+01 -1.286603e+01 5.000000e-01
    endloop
  endfacet
  facet normal -0.000000e+00 -9.238795e-01 -3.826834e-01
    outer loop
      vertex   -1.000000e+01 -1.286603e+01 5.000000e-01
      vertex   -1.450000e+01 -1.296593e+01 7.411810e-01
      vertex   -1.450000e+01 -1.286603e+01 5.000000e-01
    endloop
  endfacet
  facet normal -0.000000e+00 -7.933533e-01 -6.087614e-01
    outer loop
      vertex   -1.000000e+01 -1.286603e+01 5.000000e-01
      vertex   -1.450000e+01 -1.286603e+01 5.000000e-01
      vertex   -1.000000e+01 -1.270711e+01 2.928932e-01
    endloop
  endfacet
  facet normal -0.000000e+00 -7.933533e-01 -6.087614e-01
    outer loop
      vertex   -1.000000e+01 -1.270711e+01 2.928932e-01
      vertex   -1.450000e+01 -1.286603e+01 5.000000e-01
      vertex   -1.450000e+01 -1.270711e+01 2.928932e-01
    endloop
  endfacet
  facet normal -0.000000e+00 -6.087614e-01 -7.933533e-01
    outer loop
      vertex   -1.000000e+01 -1.270711e+01 2.928932e-01
      vertex   -1.450000e+01 -1.270711e+01 2.928932e-01
      vertex   -1.000000e+01 -1.250000e+01 1.339746e-01
    endloop
  endfacet
  facet normal -0.000000e+00 -6.087614e-01 -7.933533e-01
    outer loop
      vertex   -1.000000e+01 -1.250000e+01 1.339746e-01
      vertex   -1.450000e+01 -1.270711e+01 2.928932e-01
      vertex   -1.450000e+01 -1.250000e+01 1.339746e-01
    endloop
  endfacet
  facet normal -0.000000e+00 -3.826834e-01 -9.238795e-01
    outer loop
      vertex   -1.000000e+01 -1.250000e+01 1.339746e-01
      vertex   -1.450000e+01 -1.250000e+01 1.339746e-01
      vertex   -1.000000e+01 -1.225882e+01 3.407417e-02
    endloop
  endfacet
  facet normal -0.000000e+00 -3.826834e-01 -9.238795e-01
    outer loop
      vertex   -1.000000e+01 -1.225882e+01 3.407417e-02
      vertex   -1.450000e+01 -1.250000e+01 1.339746e-01
      vertex   -1.450000e+01 -1.225882e+01 3.407417e-02
    endloop
  endfacet
  facet normal 0.000000e+00 -7.933533e-01 -6.087614e-01
    outer loop
      vertex   -5.500000e+00 -1.270711e+01 2.928932e-01
      vertex   -5.500000e+00 -1.286603e+01 5.000000e-01
      vertex   -1.000000e+01 -1.286603e+01 5.000000e-01
    endloop
  endfacet
  facet normal 0.000000e+00 -9.238795e-01 -3.826834e-01
    outer loop
      vertex   -1.000000e+01 -1.286603e+01 5.000000e-01
      vertex   -5.500000e+00 -1.286603e+01 5.000000e-01
      vertex   -1.000000e+01 -1.296593e+01 7.411810e-01
    endloop
  endfacet
  facet normal 2.252870e-17 -7.933533e-01 -6.087614e-01
    outer loop
      vertex   -5.500000e+00 -1.270711e+01 2.928932e-01
      vertex   -1.000000e+01 -1.286603e+01 5.000000e-01
      vertex   -1.000000e+01 -1.270711e+01 2.928932e-01
    endloop
  endfacet
  facet normal 2.953385e-17 -6.087614e-01 -7.933533e-01
    outer loop
      vertex   -5.500000e+00 -1.250000e+01 1.339746e-01
      vertex   -5.500000e+00 -1.270711e+01 2.928932e-01
      vertex   -1.000000e+01 -1.270711e+01 2.928932e-01
    endloop
  endfacet
  facet normal -0.000000e+00 -6.087614e-01 -7.933533e-01
    outer loop
      vertex   -5.500000e+00 -1.250000e+01 1.339746e-01
      vertex   -1.000000e+01 -1.270711e+01 2.928932e-01
      vertex   -1.000000e+01 -1.250000e+01 1.339746e-01
    endloop
  endfacet
  facet normal 0.000000e+00 -3.826834e-01 -9.238795e-01
    outer loop
      vertex   -5.500000e+00 -1.225882e+01 3.407417e-02
      vertex   -5.500000e+00 -1.250000e+01 1.339746e-01
      vertex   -1.000000e+01 -1.250000e+01 1.339746e-01
    endloop
  endfacet
  facet normal -0.000000e+00 -3.826834e-01 -9.238795e-01
    outer loop
      vertex   -5.500000e+00 -1.225882e+01 3.407417e-02
      vertex   -1.000000e+01 -1.250000e+01 1.339746e-01
      vertex   -1.000000e+01 -1.225882e+01 3.407417e-02
    endloop
  endfacet
  facet normal -9.965845e-01 8.257935e-02 -1.222420e-17
    outer loop
      vertex   -5.955919e+00 -6.674838e+00 0.000000e+00
      vertex   -5.955919e+00 -6.674838e+00 6.000000e+00
      vertex   -5.900000e+00 -6.000000e+00 0.000000e+00
    endloop
  endfacet
  facet normal -9.965845e-01 8.257935e-02 0.000000e+00
    outer loop
      vertex   -5.900000e+00 -6.000000e+00 0.000000e+00
      vertex   -5.955919e+00 -6.674838e+00 6.000000e+00
      vertex   -5.900000e+00 -6.000000e+00 6.000000e+00
    endloop
  endfacet
  facet normal -9.965845e-01 -8.257935e-02 0.000000e+00
    outer loop
      vertex   -5.900000e+00 -6.000000e+00 0.000000e+00
      vertex   -5.900000e+00 -6.000000e+00 6.000000e+00
      vertex   -5.955919e+00 -5.325162e+00 0.000000e+00
    endloop
  endfacet
  facet normal -9.965845e-01 -8.257935e-02 1.222420e-17
    outer loop
      vertex   -5.955919e+00 -5.325162e+00 0.000000e+00
      vertex   -5.900000e+00 -6.000000e+00 6.000000e+00
      vertex   -5.955919e+00 -5.325162e+00 6.000000e+00
    endloop
  endfacet
  facet normal -9.694003e-01 -2.454855e-01 3.633915e-17
    outer loop
      vertex   -5.955919e+00 -5.325162e+00 0.000000e+00
      vertex   -5.955919e+00 -5.325162e+00 6.000000e+00
      vertex   -6.122149e+00 -4.668732e+00 6.000000e+00
    endloop
  endfacet
  facet normal -9.694003e-01 2.454855e-01 -3.633915e-17
    outer loop
      vertex   -5.955919e+00 -6.674838e+00 0.000000e+00
      vertex   -6.122149e+00 -7.331268e+00 0.000000e+00
      vertex   -5.955919e+00 -6.674838e+00 6.000000e+00
    endloop
  endfacet
  facet normal -9.694003e-01 2.454855e-01 0.000000e+00
    outer loop
      vertex   -5.955919e+00 -6.674838e+00 6.000000e+00
      vertex   -6.122149e+00 -7.331268e+00 0.000000e+00
      vertex   -6.122149e+00 -7.331268e+00 6.000000e+00
    endloop
  endfacet
  facet normal -9.157733e-01 4.016954e-01 0.000000e+00
    outer loop
      vertex   -6.122149e+00 -7.331268e+00 6.000000e+00
      vertex   -6.122149e+00 -7.331268e+00 0.000000e+00
      vertex   -6.394158e+00 -7.951384e+00 0.000000e+00
    endloop
  endfacet
  facet normal -9.157733e-01 4.016954e-01 9.564048e-17
    outer loop
      vertex   -6.122149e+00 -7.331268e+00 6.000000e+00
      vertex   -6.394158e+00 -7.951384e+00 0.000000e+00
      vertex   -6.394158e+00 -7.951384e+00 6.000000e+00
    endloop
  endfacet
  facet normal -8.371665e-01 5.469482e-01 4.957291e-18
    outer loop
      vertex   -6.394158e+00 -7.951384e+00 6.000000e+00
      vertex   -6.394158e+00 -7.951384e+00 0.000000e+00
      vertex   -6.764524e+00 -8.518272e+00 0.000000e+00
    endloop
  endfacet
  facet normal -8.371665e-01 5.469482e-01 0.000000e+00
    outer loop
      vertex   -6.394158e+00 -7.951384e+00 6.000000e+00
      vertex   -6.764524e+00 -8.518272e+00 0.000000e+00
      vertex   -6.764524e+00 -8.518272e+00 6.000000e+00
    endloop
  endfacet
  facet normal -7.357239e-01 6.772816e-01 0.000000e+00
    outer loop
      vertex   -6.764524e+00 -8.518272e+00 6.000000e+00
      vertex   -6.764524e+00 -8.518272e+00 0.000000e+00
      vertex   -7.223146e+00 -9.016468e+00 0.000000e+00
    endloop
  endfacet
  facet normal -7.357239e-01 6.772816e-01 1.297978e-16
    outer loop
      vertex   -6.764524e+00 -8.518272e+00 6.000000e+00
      vertex   -7.223146e+00 -9.016468e+00 0.000000e+00
      vertex   -7.223146e+00 -9.016468e+00 6.000000e+00
    endloop
  endfacet
  facet normal -6.142127e-01 7.891405e-01 3.913271e-17
    outer loop
      vertex   -7.223146e+00 -9.016468e+00 6.000000e+00
      vertex   -7.223146e+00 -9.016468e+00 0.000000e+00
      vertex   -7.757513e+00 -9.432382e+00 0.000000e+00
    endloop
  endfacet
  facet normal -6.142127e-01 7.891405e-01 0.000000e+00
    outer loop
      vertex   -7.223146e+00 -9.016468e+00 6.000000e+00
      vertex   -7.757513e+00 -9.432382e+00 0.000000e+00
      vertex   -7.757513e+00 -9.432382e+00 6.000000e+00
    endloop
  endfacet
  facet normal -4.759474e-01 8.794738e-01 0.000000e+00
    outer loop
      vertex   -7.757513e+00 -9.432382e+00 6.000000e+00
      vertex   -7.757513e+00 -9.432382e+00 0.000000e+00
      vertex   -8.353049e+00 -9.754671e+00 0.000000e+00
    endloop
  endfacet
  facet normal -4.759474e-01 8.794738e-01 0.000000e+00
    outer loop
      vertex   -7.757513e+00 -9.432382e+00 6.000000e+00
      vertex   -8.353049e+00 -9.754671e+00 0.000000e+00
      vertex   -8.353049e+00 -9.754671e+00 6.000000e+00
    endloop
  endfacet
  facet normal -3.246995e-01 9.458172e-01 0.000000e+00
    outer loop
      vertex   -8.353049e+00 -9.754671e+00 6.000000e+00
      vertex   -8.353049e+00 -9.754671e+00 0.000000e+00
      vertex   -8.993510e+00 -9.974541e+00 0.000000e+00
    endloop
  endfacet
  facet normal -3.246995e-01 9.458172e-01 9.564048e-17
    outer loop
      vertex   -8.353049e+00 -9.754671e+00 6.000000e+00
      vertex   -8.993510e+00 -9.974541e+00 0.000000e+00
      vertex   -8.993510e+00 -9.974541e+00 6.000000e+00
    endloop
  endfacet
  facet normal -1.645946e-01 9.863613e-01 4.872979e-17
    outer loop
      vertex   -8.993510e+00 -9.974541e+00 6.000000e+00
      vertex   -8.993510e+00 -9.974541e+00 0.000000e+00
      vertex   -9.661425e+00 -1.008600e+01 0.000000e+00
    endloop
  endfacet
  facet normal -1.645946e-01 9.863613e-01 0.000000e+00
    outer loop
      vertex   -8.993510e+00 -9.974541e+00 6.000000e+00
      vertex   -9.661425e+00 -1.008600e+01 0.000000e+00
      vertex   -9.661425e+00 -1.008600e+01 6.000000e+00
    endloop
  endfacet
  facet normal 0.000000e+00 1.000000e+00 0.000000e+00
    outer loop
      vertex   -9.661425e+00 -1.008600e+01 6.000000e+00
      vertex   -9.661425e+00 -1.008600e+01 0.000000e+00
      vertex   -1.033858e+01 -1.008600e+01 0.000000e+00
    endloop
  endfacet
  facet normal 0.000000e+00 1.000000e+00 0.000000e+00
    outer loop
      vertex   -9.661425e+00 -1.008600e+01 6.000000e+00
      vertex   -1.033858e+01 -1.008600e+01 0.000000e+00
      vertex   -1.033858e+01 -1.008600e+01 6.000000e+00
    endloop
  endfacet
  facet normal 1.645946e-01 9.863613e-01 -4.872979e-17
    outer loop
      vertex   -1.033858e+01 -1.008600e+01 6.000000e+00
      vertex   -1.033858e+01 -1.008600e+01 0.000000e+00
      vertex   -1.100649e+01 -9.974541e+00 0.000000e+00
    endloop
  endfacet
  facet normal 1.645946e-01 9.863613e-01 4.782024e-17
    outer loop
      vertex   -1.033858e+01 -1.008600e+01 6.000000e+00
      vertex   -1.100649e+01 -9.974541e+00 0.000000e+00
      vertex   -1.100649e+01 -9.974541e+00 6.000000e+00
    endloop
  endfacet
  facet normal 3.246995e-01 9.458172e-01 9.613035e-17
    outer loop
      vertex   -1.100649e+01 -9.974541e+00 6.000000e+00
      vertex   -1.100649e+01 -9.974541e+00 0.000000e+00
      vertex   -1.164695e+01 -9.754671e+00 0.000000e+00
    endloop
  endfacet
  facet normal 3.246995e-01 9.458172e-01 2.800900e-16
    outer loop
      vertex   -1.100649e+01 -9.974541e+00 6.000000e+00
      vertex   -1.164695e+01 -9.754671e+00 0.000000e+00
      vertex   -1.164695e+01 -9.754671e+00 6.000000e+00
    endloop
  endfacet
  facet normal 4.759474e-01 8.794738e-01 2.603765e-16
    outer loop
      vertex   -1.164695e+01 -9.754671e+00 6.000000e+00
      vertex   -1.164695e+01 -9.754671e+00 0.000000e+00
      vertex   -1.224249e+01 -9.432382e+00 0.000000e+00
    endloop
  endfacet
  facet normal 4.759474e-01 8.794738e-01 0.000000e+00
    outer loop
      vertex   -1.164695e+01 -9.754671e+00 6.000000e+00
      vertex   -1.224249e+01 -9.432382e+00 0.000000e+00
      vertex   -1.224249e+01 -9.432382e+00 6.000000e+00
    endloop
  endfacet
  facet normal 6.142127e-01 7.891405e-01 0.000000e+00
    outer loop
      vertex   -1.224249e+01 -9.432382e+00 6.000000e+00
      vertex   -1.224249e+01 -9.432382e+00 0.000000e+00
      vertex   -1.277685e+01 -9.016468e+00 0.000000e+00
    endloop
  endfacet
  facet normal 6.142127e-01 7.891405e-01 4.782024e-17
    outer loop
      vertex   -1.224249e+01 -9.432382e+00 6.000000e+00
      vertex   -1.277685e+01 -9.016468e+00 0.000000e+00
      vertex   -1.277685e+01 -9.016468e+00 6.000000e+00
    endloop
  endfacet
  facet normal 7.357239e-01 6.772816e-01 -1.730241e-17
    outer loop
      vertex   -1.277685e+01 -9.016468e+00 6.000000e+00
      vertex   -1.277685e+01 -9.016468e+00 0.000000e+00
      vertex   -1.323548e+01 -8.518272e+00 0.000000e+00
    endloop
  endfacet
  facet normal 7.357239e-01 6.772816e-01 0.000000e+00
    outer loop
      vertex   -1.277685e+01 -9.016468e+00 6.000000e+00
      vertex   -1.323548e+01 -8.518272e+00 0.000000e+00
      vertex   -1.323548e+01 -8.518272e+00 6.000000e+00
    endloop
  endfacet
  facet normal 8.371665e-01 5.469482e-01 0.000000e+00
    outer loop
      vertex   -1.323548e+01 -8.518272e+00 6.000000e+00
      vertex   -1.323548e+01 -8.518272e+00 0.000000e+00
      vertex   -1.360584e+01 -7.951384e+00 0.000000e+00
    endloop
  endfacet
  facet normal 8.371665e-01 5.469482e-01 0.000000e+00
    outer loop
      vertex   -1.323548e+01 -8.518272e+00 6.000000e+00
      vertex   -1.360584e+01 -7.951384e+00 0.000000e+00
      vertex   -1.360584e+01 -7.951384e+00 6.000000e+00
    endloop
  endfacet
  facet normal 9.157733e-01 4.016954e-01 0.000000e+00
    outer loop
      vertex   -1.360584e+01 -7.951384e+00 6.000000e+00
      vertex   -1.360584e+01 -7.951384e+00 0.000000e+00
      vertex   -1.387785e+01 -7.331268e+00 0.000000e+00
    endloop
  endfacet
  facet normal 9.157733e-01 4.016954e-01 0.000000e+00
    outer loop
      vertex   -1.360584e+01 -7.951384e+00 6.000000e+00
      vertex   -1.387785e+01 -7.331268e+00 0.000000e+00
      vertex   -1.387785e+01 -7.331268e+00 6.000000e+00
    endloop
  endfacet
  facet normal 9.694003e-01 2.454855e-01 0.000000e+00
    outer loop
      vertex   -1.387785e+01 -7.331268e+00 6.000000e+00
      vertex   -1.387785e+01 -7.331268e+00 0.000000e+00
      vertex   -1.404408e+01 -6.674838e+00 0.000000e+00
    endloop
  endfacet
  facet normal 9.694003e-01 2.454855e-01 0.000000e+00
    outer loop
      vertex   -1.387785e+01 -7.331268e+00 6.000000e+00
      vertex   -1.404408e+01 -6.674838e+00 0.000000e+00
      vertex   -1.404408e+01 -6.674838e+00 6.000000e+00
    endloop
  endfacet
  facet normal 9.965845e-01 8.257935e-02 0.000000e+00
    outer loop
      vertex   -1.404408e+01 -6.674838e+00 6.000000e+00
      vertex   -1.404408e+01 -6.674838e+00 0.000000e+00
      vertex   -1.410000e+01 -6.000000e+00 0.000000e+00
    endloop
  endfacet
  facet normal 9.965845e-01 8.257935e-02 0.000000e+00
    outer loop
      vertex   -1.404408e+01 -6.674838e+00 6.000000e+00
      vertex   -1.410000e+01 -6.000000e+00 0.000000e+00
      vertex   -1.410000e+01 -6.000000e+00 6.000000e+00
    endloop
  endfacet
  facet normal 9.965845e-01 -8.257935e-02 0.000000e+00
    outer loop
      vertex   -1.410000e+01 -6.000000e+00 6.000000e+00
      vertex   -1.410000e+01 -6.000000e+00 0.000000e+00
      vertex   -1.404408e+01 -5.325162e+00 0.000000e+00
    endloop
  endfacet
  facet normal 9.965845e-01 -8.257935e-02 0.000000e+00
    outer loop
      vertex   -1.410000e+01 -6.000000e+00 6.000000e+00
      vertex   -1.404408e+01 -5.325162e+00 0.000000e+00
      vertex   -1.404408e+01 -5.325162e+00 6.000000e+00
    endloop
  endfacet
  facet normal 9.694003e-01 -2.454855e-01 0.000000e+00
    outer loop
      vertex   -1.404408e+01 -5.325162e+00 6.000000e+00
      vertex   -1.404408e+01 -5.325162e+00 0.000000e+00
      vertex   -1.387785e+01 -4.668732e+00 0.000000e+00
    endloop
  endfacet
  facet normal 9.694003e-01 -2.454855e-01 0.000000e+00
    outer loop
      vertex   -1.404408e+01 -5.325162e+00 6.000000e+00
      vertex   -1.387785e+01 -4.668732e+00 0.000000e+00
      vertex   -1.387785e+01 -4.668732e+00 6.000000e+00
    endloop
  endfacet
  facet normal 9.157733e-01 -4.016954e-01 0.000000e+00
    outer loop
      vertex   -1.387785e+01 -4.668732e+00 6.000000e+00
      vertex   -1.387785e+01 -4.668732e+00 0.000000e+00
      vertex   -1.360584e+01 -4.048616e+00 0.000000e+00
    endloop
  endfacet
  facet normal 9.157733e-01 -4.016954e-01 0.000000e+00
    outer loop
      vertex   -1.387785e+01 -4.668732e+00 6.000000e+00
      vertex   -1.360584e+01 -4.048616e+00 0.000000e+00
      vertex   -1.360584e+01 -4.048616e+00 6.000000e+00
    endloop
  endfacet
  facet normal 8.371665e-01 -5.469482e-01 0.000000e+00
    outer loop
      vertex   -1.360584e+01 -4.048616e+00 6.000000e+00
      vertex   -1.360584e+01 -4.048616e+00 0.000000e+00
      vertex   -1.323548e+01 -3.481728e+00 0.000000e+00
    endloop
  endfacet
  facet normal 8.371665e-01 -5.469482e-01 0.000000e+00
    outer loop
      vertex   -1.360584e+01 -4.048616e+00 6.000000e+00
      vertex   -1.323548e+01 -3.481728e+00 0.000000e+00
      vertex   -1.323548e+01 -3.481728e+00 6.000000e+00
    endloop
  endfacet
  facet normal 7.357239e-01 -6.772816e-01 0.000000e+00
    outer loop
      vertex   -1.323548e+01 -3.481728e+00 6.000000e+00
      vertex   -1.323548e+01 -3.481728e+00 0.000000e+00
      vertex   -1.277685e+01 -2.983532e+00 0.000000e+00
    endloop
  endfacet
  facet normal 7.357239e-01 -6.772816e-01 1.229663e-16
    outer loop
      vertex   -1.323548e+01 -3.481728e+00 6.000000e+00
      vertex   -1.277685e+01 -2.983532e+00 0.000000e+00
      vertex   -1.277685e+01 -2.983532e+00 6.000000e+00
    endloop
  endfacet
  facet normal 6.142127e-01 -7.891405e-01 6.502723e-17
    outer loop
      vertex   -1.277685e+01 -2.983532e+00 6.000000e+00
      vertex   -1.277685e+01 -2.983532e+00 0.000000e+00
      vertex   -1.224249e+01 -2.567617e+00 0.000000e+00
    endloop
  endfacet
  facet normal 6.142127e-01 -7.891405e-01 0.000000e+00
    outer loop
      vertex   -1.277685e+01 -2.983532e+00 6.000000e+00
      vertex   -1.224249e+01 -2.567617e+00 0.000000e+00
      vertex   -1.224249e+01 -2.567617e+00 6.000000e+00
    endloop
  endfacet
  facet normal 4.759474e-01 -8.794738e-01 0.000000e+00
    outer loop
      vertex   -1.224249e+01 -2.567617e+00 6.000000e+00
      vertex   -1.224249e+01 -2.567617e+00 0.000000e+00
      vertex   -1.164695e+01 -2.245329e+00 0.000000e+00
    endloop
  endfacet
  facet normal 4.759474e-01 -8.794738e-01 -6.831463e-17
    outer loop
      vertex   -1.224249e+01 -2.567617e+00 6.000000e+00
      vertex   -1.164695e+01 -2.245329e+00 0.000000e+00
      vertex   -1.164695e+01 -2.245329e+00 6.000000e+00
    endloop
  endfacet
  facet normal 3.246995e-01 -9.458172e-01 -7.000454e-17
    outer loop
      vertex   -1.164695e+01 -2.245329e+00 6.000000e+00
      vertex   -1.164695e+01 -2.245329e+00 0.000000e+00
      vertex   -1.100649e+01 -2.025459e+00 0.000000e+00
    endloop
  endfacet
  facet normal 3.246995e-01 -9.458172e-01 -9.564048e-17
    outer loop
      vertex   -1.164695e+01 -2.245329e+00 6.000000e+00
      vertex   -1.100649e+01 -2.025459e+00 0.000000e+00
      vertex   -1.100649e+01 -2.025459e+00 6.000000e+00
    endloop
  endfacet
  facet normal 1.645946e-01 -9.863613e-01 -4.872979e-17
    outer loop
      vertex   -1.100649e+01 -2.025459e+00 6.000000e+00
      vertex   -1.100649e+01 -2.025459e+00 0.000000e+00
      vertex   -1.033858e+01 -1.914003e+00 0.000000e+00
    endloop
  endfacet
  facet normal 1.645946e-01 -9.863613e-01 5.123597e-17
    outer loop
      vertex   -1.100649e+01 -2.025459e+00 6.000000e+00
      vertex   -1.033858e+01 -1.914003e+00 0.000000e+00
      vertex   -1.033858e+01 -1.914003e+00 6.000000e+00
    endloop
  endfacet
  facet normal 0.000000e+00 -1.000000e+00 0.000000e+00
    outer loop
      vertex   -1.033858e+01 -1.914003e+00 6.000000e+00
      vertex   -1.033858e+01 -1.914003e+00 0.000000e+00
      vertex   -9.661425e+00 -1.914003e+00 0.000000e+00
    endloop
  endfacet
  facet normal 0.000000e+00 -1.000000e+00 0.000000e+00
    outer loop
      vertex   -1.033858e+01 -1.914003e+00 6.000000e+00
      vertex   -9.661425e+00 -1.914003e+00 0.000000e+00
      vertex   -9.661425e+00 -1.914003e+00 6.000000e+00
    endloop
  endfacet
  facet normal -1.645946e-01 -9.863613e-01 -0.000000e+00
    outer loop
      vertex   -9.661425e+00 -1.914003e+00 6.000000e+00
      vertex   -9.661425e+00 -1.914003e+00 0.000000e+00
      vertex   -8.993510e+00 -2.025459e+00 0.000000e+00
    endloop
  endfacet
  facet normal -1.645946e-01 -9.863613e-01 -4.782024e-17
    outer loop
      vertex   -9.661425e+00 -1.914003e+00 6.000000e+00
      vertex   -8.993510e+00 -2.025459e+00 0.000000e+00
      vertex   -8.993510e+00 -2.025459e+00 6.000000e+00
    endloop
  endfacet
  facet normal -3.246995e-01 -9.458172e-01 -9.613035e-17
    outer loop
      vertex   -8.993510e+00 -2.025459e+00 6.000000e+00
      vertex   -8.993510e+00 -2.025459e+00 0.000000e+00
      vertex   -8.353049e+00 -2.245329e+00 0.000000e+00
    endloop
  endfacet
  facet normal -3.246995e-01 -9.458172e-01 0.000000e+00
    outer loop
      vertex   -8.993510e+00 -2.025459e+00 6.000000e+00
      vertex   -8.353049e+00 -2.245329e+00 0.000000e+00
      vertex   -8.353049e+00 -2.245329e+00 6.000000e+00
    endloop
  endfacet
  facet normal -4.759474e-01 -8.794738e-01 -0.000000e+00
    outer loop
      vertex   -8.353049e+00 -2.245329e+00 6.000000e+00
      vertex   -8.353049e+00 -2.245329e+00 0.000000e+00
      vertex   -7.757513e+00 -2.567617e+00 0.000000e+00
    endloop
  endfacet
  facet normal -4.759474e-01 -8.794738e-01 0.000000e+00
    outer loop
      vertex   -8.353049e+00 -2.245329e+00 6.000000e+00
      vertex   -7.757513e+00 -2.567617e+00 0.000000e+00
      vertex   -7.757513e+00 -2.567617e+00 6.000000e+00
    endloop
  endfacet
  facet normal -6.142127e-01 -7.891405e-01 -0.000000e+00
    outer loop
      vertex   -7.757513e+00 -2.567617e+00 6.000000e+00
      vertex   -7.757513e+00 -2.567617e+00 0.000000e+00
      vertex   -7.223146e+00 -2.983532e+00 0.000000e+00
    endloop
  endfacet
  facet normal -6.142127e-01 -7.891405e-01 -4.098878e-17
    outer loop
      vertex   -7.757513e+00 -2.567617e+00 6.000000e+00
      vertex   -7.223146e+00 -2.983532e+00 0.000000e+00
      vertex   -7.223146e+00 -2.983532e+00 6.000000e+00
    endloop
  endfacet
  facet normal -7.357239e-01 -6.772816e-01 -1.262114e-16
    outer loop
      vertex   -7.223146e+00 -2.983532e+00 6.000000e+00
      vertex   -7.223146e+00 -2.983532e+00 0.000000e+00
      vertex   -6.764524e+00 -3.481728e+00 0.000000e+00
    endloop
  endfacet
  facet normal -7.357239e-01 -6.772816e-01 0.000000e+00
    outer loop
      vertex   -7.223146e+00 -2.983532e+00 6.000000e+00
      vertex   -6.764524e+00 -3.481728e+00 0.000000e+00
      vertex   -6.764524e+00 -3.481728e+00 6.000000e+00
    endloop
  endfacet
  facet normal -8.371665e-01 -5.469482e-01 -0.000000e+00
    outer loop
      vertex   -6.764524e+00 -3.481728e+00 6.000000e+00
      vertex   -6.764524e+00 -3.481728e+00 0.000000e+00
      vertex   -6.394158e+00 -4.048616e+00 0.000000e+00
    endloop
  endfacet
  facet normal -8.371665e-01 -5.469482e-01 -6.831463e-18
    outer loop
      vertex   -6.764524e+00 -3.481728e+00 6.000000e+00
      vertex   -6.394158e+00 -4.048616e+00 0.000000e+00
      vertex   -6.394158e+00 -4.048616e+00 6.000000e+00
    endloop
  endfacet
  facet normal -9.157733e-01 -4.016954e-01 -9.273476e-17
    outer loop
      vertex   -6.394158e+00 -4.048616e+00 6.000000e+00
      vertex   -6.394158e+00 -4.048616e+00 0.000000e+00
      vertex   -6.122149e+00 -4.668732e+00 0.000000e+00
    endloop
  endfacet
  facet normal -9.157733e-01 -4.016954e-01 0.000000e+00
    outer loop
      vertex   -6.394158e+00 -4.048616e+00 6.000000e+00
      vertex   -6.122149e+00 -4.668732e+00 0.000000e+00
      vertex   -6.122149e+00 -4.668732e+00 6.000000e+00
    endloop
  endfacet
  facet normal -9.694003e-01 -2.454855e-01 -0.000000e+00
    outer loop
      vertex   -6.122149e+00 -4.668732e+00 6.000000e+00
      vertex   -6.122149e+00 -4.668732e+00 0.000000e+00
      vertex   -5.955919e+00 -5.325162e+00 0.000000e+00
    endloop
  endfacet
  facet normal -9.965845e-01 8.257935e-02 0.000000e+00
    outer loop
      vertex   -5.955919e+00 1.932516e+01 0.000000e+00
      vertex   -5.955919e+00 1.932516e+01 6.000000e+00
      vertex   -5.900000e+00 2.000000e+01 0.000000e+00
    endloop
  endfacet
  facet normal -9.965845e-01 8.257935e-02 0.000000e+00
    outer loop
      vertex   -5.900000e+00 2.000000e+01 0.000000e+00
      vertex   -5.955919e+00 1.932516e+01 6.000000e+00
      vertex   -5.900000e+00 2.000000e+01 6.000000e+00
    endloop
  endfacet
  facet normal -9.965845e-01 -8.257935e-02 0.000000e+00
    outer loop
      vertex   -5.900000e+00 2.000000e+01 0.000000e+00
      vertex   -5.900000e+00 2.000000e+01 6.000000e+00
      vertex   -5.955919e+00 2.067484e+01 0.000000e+00
    endloop
  endfacet
  facet normal -9.965845e-01 -8.257935e-02 4.889680e-17
    outer loop
      vertex   -5.955919e+00 2.067484e+01 0.000000e+00
      vertex   -5.900000e+00 2.000000e+01 6.000000e+00
      vertex   -5.955919e+00 2.067484e+01 6.000000e+00
    endloop
  endfacet
  facet normal -9.694003e-01 -2.454855e-01 1.453566e-16
    outer loop
      vertex   -5.955919e+00 2.067484e+01 0.000000e+00
      vertex   -5.955919e+00 2.067484e+01 6.000000e+00
      vertex   -6.122149e+00 2.133127e+01 6.000000e+00
    endloop
  endfacet
  facet normal -9.694003e-01 2.454855e-01 0.000000e+00
    outer loop
      vertex   -5.955919e+00 1.932516e+01 0.000000e+00
      vertex   -6.122149e+00 1.866873e+01 0.000000e+00
      vertex   -5.955919e+00 1.932516e+01 6.000000e+00
    endloop
  endfacet
  facet normal -9.694003e-01 2.454855e-01 0.000000e+00
    outer loop
      vertex   -5.955919e+00 1.932516e+01 6.000000e+00
      vertex   -6.122149e+00 1.866873e+01 0.000000e+00
      vertex   -6.122149e+00 1.866873e+01 6.000000e+00
    endloop
  endfacet
  facet normal -9.157733e-01 4.016954e-01 0.000000e+00
    outer loop
      vertex   -6.122149e+00 1.866873e+01 6.000000e+00
      vertex   -6.122149e+00 1.866873e+01 0.000000e+00
      vertex   -6.394158e+00 1.804862e+01 0.000000e+00
    endloop
  endfacet
  facet normal -9.157733e-01 4.016954e-01 3.415731e-17
    outer loop
      vertex   -6.122149e+00 1.866873e+01 6.000000e+00
      vertex   -6.394158e+00 1.804862e+01 0.000000e+00
      vertex   -6.394158e+00 1.804862e+01 6.000000e+00
    endloop
  endfacet
  facet normal -8.371665e-01 5.469482e-01 -7.600730e-17
    outer loop
      vertex   -6.394158e+00 1.804862e+01 6.000000e+00
      vertex   -6.394158e+00 1.804862e+01 0.000000e+00
      vertex   -6.764524e+00 1.748173e+01 0.000000e+00
    endloop
  endfacet
  facet normal -8.371665e-01 5.469482e-01 0.000000e+00
    outer loop
      vertex   -6.394158e+00 1.804862e+01 6.000000e+00
      vertex   -6.764524e+00 1.748173e+01 0.000000e+00
      vertex   -6.764524e+00 1.748173e+01 6.000000e+00
    endloop
  endfacet
  facet normal -7.357239e-01 6.772816e-01 0.000000e+00
    outer loop
      vertex   -6.764524e+00 1.748173e+01 6.000000e+00
      vertex   -6.764524e+00 1.748173e+01 0.000000e+00
      vertex   -7.223146e+00 1.698353e+01 0.000000e+00
    endloop
  endfacet
  facet normal -7.357239e-01 6.772816e-01 1.093034e-16
    outer loop
      vertex   -6.764524e+00 1.748173e+01 6.000000e+00
      vertex   -7.223146e+00 1.698353e+01 0.000000e+00
      vertex   -7.223146e+00 1.698353e+01 6.000000e+00
    endloop
  endfacet
  facet normal -6.142127e-01 7.891405e-01 9.092175e-17
    outer loop
      vertex   -7.223146e+00 1.698353e+01 6.000000e+00
      vertex   -7.223146e+00 1.698353e+01 0.000000e+00
      vertex   -7.757513e+00 1.656762e+01 0.000000e+00
    endloop
  endfacet
  facet normal -6.142127e-01 7.891405e-01 0.000000e+00
    outer loop
      vertex   -7.223146e+00 1.698353e+01 6.000000e+00
      vertex   -7.757513e+00 1.656762e+01 0.000000e+00
      vertex   -7.757513e+00 1.656762e+01 6.000000e+00
    endloop
  endfacet
  facet normal -4.759474e-01 8.794738e-01 0.000000e+00
    outer loop
      vertex   -7.757513e+00 1.656762e+01 6.000000e+00
      vertex   -7.757513e+00 1.656762e+01 0.000000e+00
      vertex   -8.353049e+00 1.624533e+01 0.000000e+00
    endloop
  endfacet
  facet normal -4.759474e-01 8.794738e-01 0.000000e+00
    outer loop
      vertex   -7.757513e+00 1.656762e+01 6.000000e+00
      vertex   -8.353049e+00 1.624533e+01 0.000000e+00
      vertex   -8.353049e+00 1.624533e+01 6.000000e+00
    endloop
  endfacet
  facet normal -3.246995e-01 9.458172e-01 0.000000e+00
    outer loop
      vertex   -8.353049e+00 1.624533e+01 6.000000e+00
      vertex   -8.353049e+00 1.624533e+01 0.000000e+00
      vertex   -8.993510e+00 1.602546e+01 0.000000e+00
    endloop
  endfacet
  facet normal -3.246995e-01 9.458172e-01 0.000000e+00
    outer loop
      vertex   -8.353049e+00 1.624533e+01 6.000000e+00
      vertex   -8.993510e+00 1.602546e+01 0.000000e+00
      vertex   -8.993510e+00 1.602546e+01 6.000000e+00
    endloop
  endfacet
  facet normal -1.645946e-01 9.863613e-01 0.000000e+00
    outer loop
      vertex   -8.993510e+00 1.602546e+01 6.000000e+00
      vertex   -8.993510e+00 1.602546e+01 0.000000e+00
      vertex   -9.661425e+00 1.591400e+01 0.000000e+00
    endloop
  endfacet
  facet normal -1.645946e-01 9.863613e-01 0.000000e+00
    outer loop
      vertex   -8.993510e+00 1.602546e+01 6.000000e+00
      vertex   -9.661425e+00 1.591400e+01 0.000000e+00
      vertex   -9.661425e+00 1.591400e+01 6.000000e+00
    endloop
  endfacet
  facet normal 0.000000e+00 1.000000e+00 0.000000e+00
    outer loop
      vertex   -9.661425e+00 1.591400e+01 6.000000e+00
      vertex   -9.661425e+00 1.591400e+01 0.000000e+00
      vertex   -1.033858e+01 1.591400e+01 0.000000e+00
    endloop
  endfacet
  facet normal 0.000000e+00 1.000000e+00 0.000000e+00
    outer loop
      vertex   -9.661425e+00 1.591400e+01 6.000000e+00
      vertex   -1.033858e+01 1.591400e+01 0.000000e+00
      vertex   -1.033858e+01 1.591400e+01 6.000000e+00
    endloop
  endfacet
  facet normal 1.645946e-01 9.863613e-01 -4.872979e-17
    outer loop
      vertex   -1.033858e+01 1.591400e+01 6.000000e+00
      vertex   -1.033858e+01 1.591400e+01 0.000000e+00
      vertex   -1.100649e+01 1.602546e+01 0.000000e+00
    endloop
  endfacet
  facet normal 1.645946e-01 9.863613e-01 0.000000e+00
    outer loop
      vertex   -1.033858e+01 1.591400e+01 6.000000e+00
      vertex   -1.100649e+01 1.602546e+01 0.000000e+00
      vertex   -1.100649e+01 1.602546e+01 6.000000e+00
    endloop
  endfacet
  facet normal 3.246995e-01 9.458172e-01 0.000000e+00
    outer loop
      vertex   -1.100649e+01 1.602546e+01 6.000000e+00
      vertex   -1.100649e+01 1.602546e+01 0.000000e+00
      vertex   -1.164695e+01 1.624533e+01 0.000000e+00
    endloop
  endfacet
  facet normal 3.246995e-01 9.458172e-01 -9.564048e-17
    outer loop
      vertex   -1.100649e+01 1.602546e+01 6.000000e+00
      vertex   -1.164695e+01 1.624533e+01 0.000000e+00
      vertex   -1.164695e+01 1.624533e+01 6.000000e+00
    endloop
  endfacet
  facet normal 4.759474e-01 8.794738e-01 -1.409087e-16
    outer loop
      vertex   -1.164695e+01 1.624533e+01 6.000000e+00
      vertex   -1.164695e+01 1.624533e+01 0.000000e+00
      vertex   -1.224249e+01 1.656762e+01 0.000000e+00
    endloop
  endfacet
  facet normal 4.759474e-01 8.794738e-01 0.000000e+00
    outer loop
      vertex   -1.164695e+01 1.624533e+01 6.000000e+00
      vertex   -1.224249e+01 1.656762e+01 0.000000e+00
      vertex   -1.224249e+01 1.656762e+01 6.000000e+00
    endloop
  endfacet
  facet normal 6.142127e-01 7.891405e-01 0.000000e+00
    outer loop
      vertex   -1.224249e+01 1.656762e+01 6.000000e+00
      vertex   -1.224249e+01 1.656762e+01 0.000000e+00
      vertex   -1.277685e+01 1.698353e+01 0.000000e+00
    endloop
  endfacet
  facet normal 6.142127e-01 7.891405e-01 0.000000e+00
    outer loop
      vertex   -1.224249e+01 1.656762e+01 6.000000e+00
      vertex   -1.277685e+01 1.698353e+01 0.000000e+00
      vertex   -1.277685e+01 1.698353e+01 6.000000e+00
    endloop
  endfacet
  facet normal 7.357239e-01 6.772816e-01 0.000000e+00
    outer loop
      vertex   -1.277685e+01 1.698353e+01 6.000000e+00
      vertex   -1.277685e+01 1.698353e+01 0.000000e+00
      vertex   -1.323548e+01 1.748173e+01 0.000000e+00
    endloop
  endfacet
  facet normal 7.357239e-01 6.772816e-01 0.000000e+00
    outer loop
      vertex   -1.277685e+01 1.698353e+01 6.000000e+00
      vertex   -1.323548e+01 1.748173e+01 0.000000e+00
      vertex   -1.323548e+01 1.748173e+01 6.000000e+00
    endloop
  endfacet
  facet normal 8.371665e-01 5.469482e-01 0.000000e+00
    outer loop
      vertex   -1.323548e+01 1.748173e+01 6.000000e+00
      vertex   -1.323548e+01 1.748173e+01 0.000000e+00
      vertex   -1.360584e+01 1.804862e+01 0.000000e+00
    endloop
  endfacet
  facet normal 8.371665e-01 5.469482e-01 0.000000e+00
    outer loop
      vertex   -1.323548e+01 1.748173e+01 6.000000e+00
      vertex   -1.360584e+01 1.804862e+01 0.000000e+00
      vertex   -1.360584e+01 1.804862e+01 6.000000e+00
    endloop
  endfacet
  facet normal 9.157733e-01 4.016954e-01 0.000000e+00
    outer loop
      vertex   -1.360584e+01 1.804862e+01 6.000000e+00
      vertex   -1.360584e+01 1.804862e+01 0.000000e+00
      vertex   -1.387785e+01 1.866873e+01 0.000000e+00
    endloop
  endfacet
  facet normal 9.157733e-01 4.016954e-01 0.000000e+00
    outer loop
      vertex   -1.360584e+01 1.804862e+01 6.000000e+00
      vertex   -1.387785e+01 1.866873e+01 0.000000e+00
      vertex   -1.387785e+01 1.866873e+01 6.000000e+00
    endloop
  endfacet
  facet normal 9.694003e-01 2.454855e-01 0.000000e+00
    outer loop
      vertex   -1.387785e+01 1.866873e+01 6.000000e+00
      vertex   -1.387785e+01 1.866873e+01 0.000000e+00
      vertex   -1.404408e+01 1.932516e+01 0.000000e+00
    endloop
  endfacet
  facet normal 9.694003e-01 2.454855e-01 0.000000e+00
    outer loop
      vertex   -1.387785e+01 1.866873e+01 6.000000e+00
      vertex   -1.404408e+01 1.932516e+01 0.000000e+00
      vertex   -1.404408e+01 1.932516e+01 6.000000e+00
    endloop
  endfacet
  facet normal 9.965845e-01 8.257935e-02 0.000000e+00
    outer loop
      vertex   -1.404408e+01 1.932516e+01 6.000000e+00
      vertex   -1.404408e+01 1.932516e+01 0.000000e+00
      vertex   -1.410000e+01 2.000000e+01 0.000000e+00
    endloop
  endfacet
  facet normal 9.965845e-01 8.257935e-02 0.000000e+00
    outer loop
      vertex   -1.404408e+01 1.932516e+01 6.000000e+00
      vertex   -1.410000e+01 2.000000e+01 0.000000e+00
      vertex   -1.410000e+01 2.000000e+01 6.000000e+00
    endloop
  endfacet
  facet normal 9.965845e-01 -8.257935e-02 0.000000e+00
    outer loop
      vertex   -1.410000e+01 2.000000e+01 6.000000e+00
      vertex   -1.410000e+01 2.000000e+01 0.000000e+00
      vertex   -1.404408e+01 2.067484e+01 0.000000e+00
    endloop
  endfacet
  facet normal 9.965845e-01 -8.257935e-02 0.000000e+00
    outer loop
      vertex   -1.410000e+01 2.000000e+01 6.000000e+00
      vertex   -1.404408e+01 2.067484e+01 0.000000e+00
      vertex   -1.404408e+01 2.067484e+01 6.000000e+00
    endloop
  endfacet
  facet normal 9.694003e-01 -2.454855e-01 0.000000e+00
    outer loop
      vertex   -1.404408e+01 2.067484e+01 6.000000e+00
      vertex   -1.404408e+01 2.067484e+01 0.000000e+00
      vertex   -1.387785e+01 2.133127e+01 0.000000e+00
    endloop
  endfacet
  facet normal 9.694003e-01 -2.454855e-01 0.000000e+00
    outer loop
      vertex   -1.404408e+01 2.067484e+01 6.000000e+00
      vertex   -1.387785e+01 2.133127e+01 0.000000e+00
      vertex   -1.387785e+01 2.133127e+01 6.000000e+00
    endloop
  endfacet
  facet normal 9.157733e-01 -4.016954e-01 0.000000e+00
    outer loop
      vertex   -1.387785e+01 2.133127e+01 6.000000e+00
      vertex   -1.387785e+01 2.133127e+01 0.000000e+00
      vertex   -1.360584e+01 2.195138e+01 0.000000e+00
    endloop
  endfacet
  facet normal 9.157733e-01 -4.016954e-01 0.000000e+00
    outer loop
      vertex   -1.387785e+01 2.133127e+01 6.000000e+00
      vertex   -1.360584e+01 2.195138e+01 0.000000e+00
      vertex   -1.360584e+01 2.195138e+01 6.000000e+00
    endloop
  endfacet
  facet normal 8.371665e-01 -5.469482e-01 0.000000e+00
    outer loop
      vertex   -1.360584e+01 2.195138e+01 6.000000e+00
      vertex   -1.360584e+01 2.195138e+01 0.000000e+00
      vertex   -1.323548e+01 2.251827e+01 0.000000e+00
    endloop
  endfacet
  facet normal 8.371665e-01 -5.469482e-01 0.000000e+00
    outer loop
      vertex   -1.360584e+01 2.195138e+01 6.000000e+00
      vertex   -1.323548e+01 2.251827e+01 0.000000e+00
      vertex   -1.323548e+01 2.251827e+01 6.000000e+00
    endloop
  endfacet
  facet normal 7.357239e-01 -6.772816e-01 0.000000e+00
    outer loop
      vertex   -1.323548e+01 2.251827e+01 6.000000e+00
      vertex   -1.323548e+01 2.251827e+01 0.000000e+00
      vertex   -1.277685e+01 2.301647e+01 0.000000e+00
    endloop
  endfacet
  facet normal 7.357239e-01 -6.772816e-01 -4.030563e-16
    outer loop
      vertex   -1.323548e+01 2.251827e+01 6.000000e+00
      vertex   -1.277685e+01 2.301647e+01 0.000000e+00
      vertex   -1.277685e+01 2.301647e+01 6.000000e+00
    endloop
  endfacet
  facet normal 6.142127e-01 -7.891405e-01 -4.672650e-16
    outer loop
      vertex   -1.277685e+01 2.301647e+01 6.000000e+00
      vertex   -1.277685e+01 2.301647e+01 0.000000e+00
      vertex   -1.224249e+01 2.343238e+01 0.000000e+00
    endloop
  endfacet
  facet normal 6.142127e-01 -7.891405e-01 0.000000e+00
    outer loop
      vertex   -1.277685e+01 2.301647e+01 6.000000e+00
      vertex   -1.224249e+01 2.343238e+01 0.000000e+00
      vertex   -1.224249e+01 2.343238e+01 6.000000e+00
    endloop
  endfacet
  facet normal 4.759474e-01 -8.794738e-01 0.000000e+00
    outer loop
      vertex   -1.224249e+01 2.343238e+01 6.000000e+00
      vertex   -1.224249e+01 2.343238e+01 0.000000e+00
      vertex   -1.164695e+01 2.375467e+01 0.000000e+00
    endloop
  endfacet
  facet normal 4.759474e-01 -8.794738e-01 1.434607e-16
    outer loop
      vertex   -1.224249e+01 2.343238e+01 6.000000e+00
      vertex   -1.164695e+01 2.375467e+01 0.000000e+00
      vertex   -1.164695e+01 2.375467e+01 6.000000e+00
    endloop
  endfacet
  facet normal 3.246995e-01 -9.458172e-01 9.613035e-17
    outer loop
      vertex   -1.164695e+01 2.375467e+01 6.000000e+00
      vertex   -1.164695e+01 2.375467e+01 0.000000e+00
      vertex   -1.100649e+01 2.397454e+01 0.000000e+00
    endloop
  endfacet
  facet normal 3.246995e-01 -9.458172e-01 0.000000e+00
    outer loop
      vertex   -1.164695e+01 2.375467e+01 6.000000e+00
      vertex   -1.100649e+01 2.397454e+01 0.000000e+00
      vertex   -1.100649e+01 2.397454e+01 6.000000e+00
    endloop
  endfacet
  facet normal 1.645946e-01 -9.863613e-01 0.000000e+00
    outer loop
      vertex   -1.100649e+01 2.397454e+01 6.000000e+00
      vertex   -1.100649e+01 2.397454e+01 0.000000e+00
      vertex   -1.033858e+01 2.408600e+01 0.000000e+00
    endloop
  endfacet
  facet normal 1.645946e-01 -9.863613e-01 5.123597e-17
    outer loop
      vertex   -1.100649e+01 2.397454e+01 6.000000e+00
      vertex   -1.033858e+01 2.408600e+01 0.000000e+00
      vertex   -1.033858e+01 2.408600e+01 6.000000e+00
    endloop
  endfacet
  facet normal 0.000000e+00 -1.000000e+00 0.000000e+00
    outer loop
      vertex   -1.033858e+01 2.408600e+01 6.000000e+00
      vertex   -1.033858e+01 2.408600e+01 0.000000e+00
      vertex   -9.661425e+00 2.408600e+01 0.000000e+00
    endloop
  endfacet
  facet normal 0.000000e+00 -1.000000e+00 0.000000e+00
    outer loop
      vertex   -1.033858e+01 2.408600e+01 6.000000e+00
      vertex   -9.661425e+00 2.408600e+01 0.000000e+00
      vertex   -9.661425e+00 2.408600e+01 6.000000e+00
    endloop
  endfacet
  facet normal -1.645946e-01 -9.863613e-01 -0.000000e+00
    outer loop
      vertex   -9.661425e+00 2.408600e+01 6.000000e+00
      vertex   -9.661425e+00 2.408600e+01 0.000000e+00
      vertex   -8.993510e+00 2.397454e+01 0.000000e+00
    endloop
  endfacet
  facet normal -1.645946e-01 -9.863613e-01 0.000000e+00
    outer loop
      vertex   -9.661425e+00 2.408600e+01 6.000000e+00
      vertex   -8.993510e+00 2.397454e+01 0.000000e+00
      vertex   -8.993510e+00 2.397454e+01 6.000000e+00
    endloop
  endfacet
  facet normal -3.246995e-01 -9.458172e-01 -0.000000e+00
    outer loop
      vertex   -8.993510e+00 2.397454e+01 6.000000e+00
      vertex   -8.993510e+00 2.397454e+01 0.000000e+00
      vertex   -8.353049e+00 2.375467e+01 0.000000e+00
    endloop
  endfacet
  facet normal -3.246995e-01 -9.458172e-01 0.000000e+00
    outer loop
      vertex   -8.993510e+00 2.397454e+01 6.000000e+00
      vertex   -8.353049e+00 2.375467e+01 0.000000e+00
      vertex   -8.353049e+00 2.375467e+01 6.000000e+00
    endloop
  endfacet
  facet normal -4.759474e-01 -8.794738e-01 -0.000000e+00
    outer loop
      vertex   -8.353049e+00 2.375467e+01 6.000000e+00
      vertex   -8.353049e+00 2.375467e+01 0.000000e+00
      vertex   -7.757513e+00 2.343238e+01 0.000000e+00
    endloop
  endfacet
  facet normal -4.759474e-01 -8.794738e-01 0.000000e+00
    outer loop
      vertex   -8.353049e+00 2.375467e+01 6.000000e+00
      vertex   -7.757513e+00 2.343238e+01 0.000000e+00
      vertex   -7.757513e+00 2.343238e+01 6.000000e+00
    endloop
  endfacet
  facet normal -6.142127e-01 -7.891405e-01 -0.000000e+00
    outer loop
      vertex   -7.757513e+00 2.343238e+01 6.000000e+00
      vertex   -7.757513e+00 2.343238e+01 0.000000e+00
      vertex   -7.223146e+00 2.301647e+01 0.000000e+00
    endloop
  endfacet
  facet normal -6.142127e-01 -7.891405e-01 -8.880901e-17
    outer loop
      vertex   -7.757513e+00 2.343238e+01 6.000000e+00
      vertex   -7.223146e+00 2.301647e+01 0.000000e+00
      vertex   -7.223146e+00 2.301647e+01 6.000000e+00
    endloop
  endfacet
  facet normal -7.357239e-01 -6.772816e-01 -1.089090e-16
    outer loop
      vertex   -7.223146e+00 2.301647e+01 6.000000e+00
      vertex   -7.223146e+00 2.301647e+01 0.000000e+00
      vertex   -6.764524e+00 2.251827e+01 0.000000e+00
    endloop
  endfacet
  facet normal -7.357239e-01 -6.772816e-01 0.000000e+00
    outer loop
      vertex   -7.223146e+00 2.301647e+01 6.000000e+00
      vertex   -6.764524e+00 2.251827e+01 0.000000e+00
      vertex   -6.764524e+00 2.251827e+01 6.000000e+00
    endloop
  endfacet
  facet normal -8.371665e-01 -5.469482e-01 -0.000000e+00
    outer loop
      vertex   -6.764524e+00 2.251827e+01 6.000000e+00
      vertex   -6.764524e+00 2.251827e+01 0.000000e+00
      vertex   -6.394158e+00 2.195138e+01 0.000000e+00
    endloop
  endfacet
  facet normal -8.371665e-01 -5.469482e-01 -2.459327e-16
    outer loop
      vertex   -6.764524e+00 2.251827e+01 6.000000e+00
      vertex   -6.394158e+00 2.195138e+01 0.000000e+00
      vertex   -6.394158e+00 2.195138e+01 6.000000e+00
    endloop
  endfacet
  facet normal -9.157733e-01 -4.016954e-01 -2.711234e-16
    outer loop
      vertex   -6.394158e+00 2.195138e+01 6.000000e+00
      vertex   -6.394158e+00 2.195138e+01 0.000000e+00
      vertex   -6.122149e+00 2.133127e+01 0.000000e+00
    endloop
  endfacet
  facet normal -9.157733e-01 -4.016954e-01 0.000000e+00
    outer loop
      vertex   -6.394158e+00 2.195138e+01 6.000000e+00
      vertex   -6.122149e+00 2.133127e+01 0.000000e+00
      vertex   -6.122149e+00 2.133127e+01 6.000000e+00
    endloop
  endfacet
  facet normal -9.694003e-01 -2.454855e-01 -0.000000e+00
    outer loop
      vertex   -6.122149e+00 2.133127e+01 6.000000e+00
      vertex   -6.122149e+00 2.133127e+01 0.000000e+00
      vertex   -5.955919e+00 2.067484e+01 0.000000e+00
    endloop
  endfacet
  facet normal 9.902339e-01 -4.940940e-02 -1.303668e-01
    outer loop
      vertex   -3.407417e-02 -1.200000e+01 7.411810e-01
      vertex   0.000000e+00 -1.200000e+01 1.000000e+00
      vertex   -2.953101e-02 -1.218574e+01 8.460872e-01
    endloop
  endfacet
  facet normal 9.909150e-01 -1.304564e-01 -3.268886e-02
    outer loop
      vertex   -2.953101e-02 -1.218574e+01 8.460872e-01
      vertex   0.000000e+00 -1.200000e+01 1.000000e+00
      vertex   -3.407417e-02 -1.225882e+01 1.000000e+00
    endloop
  endfacet
  facet normal 9.407634e-01 -3.162140e-01 -1.223638e-01
    outer loop
      vertex   -2.953101e-02 -1.218574e+01 8.460872e-01
      vertex   -3.407417e-02 -1.225882e+01 1.000000e+00
      vertex   -1.096821e-01 -1.239854e+01 7.797665e-01
    endloop
  endfacet
  facet normal 9.213332e-01 -3.816287e-01 -7.419375e-02
    outer loop
      vertex   -1.096821e-01 -1.239854e+01 7.797665e-01
      vertex   -3.407417e-02 -1.225882e+01 1.000000e+00
      vertex   -1.339746e-01 -1.250000e+01 1.000000e+00
    endloop
  endfacet
  facet normal 8.403810e-01 -5.215192e-01 -1.475718e-01
    outer loop
      vertex   -1.096821e-01 -1.239854e+01 7.797665e-01
      vertex   -1.339746e-01 -1.250000e+01 1.000000e+00
      vertex   -2.375775e-01 -1.259494e+01 7.455143e-01
    endloop
  endfacet
  facet normal 7.897316e-01 -6.059824e-01 -9.544300e-02
    outer loop
      vertex   -2.375775e-01 -1.259494e+01 7.455143e-01
      vertex   -1.339746e-01 -1.250000e+01 1.000000e+00
      vertex   -2.928932e-01 -1.270711e+01 1.000000e+00
    endloop
  endfacet
  facet normal 6.984452e-01 -6.984452e-01 -1.560404e-01
    outer loop
      vertex   -2.375775e-01 -1.259494e+01 7.455143e-01
      vertex   -2.928932e-01 -1.270711e+01 1.000000e+00
      vertex   -4.050638e-01 -1.276242e+01 7.455143e-01
    endloop
  endfacet
  facet normal 6.059824e-01 -7.897316e-01 -9.544300e-02
    outer loop
      vertex   -4.050638e-01 -1.276242e+01 7.455143e-01
      vertex   -2.928932e-01 -1.270711e+01 1.000000e+00
      vertex   -5.000000e-01 -1.286603e+01 1.000000e+00
    endloop
  endfacet
  facet normal 5.215192e-01 -8.403810e-01 -1.475718e-01
    outer loop
      vertex   -4.050638e-01 -1.276242e+01 7.455143e-01
      vertex   -5.000000e-01 -1.286603e+01 1.000000e+00
      vertex   -6.014636e-01 -1.289032e+01 7.797665e-01
    endloop
  endfacet
  facet normal 3.816287e-01 -9.213332e-01 -7.419375e-02
    outer loop
      vertex   -6.014636e-01 -1.289032e+01 7.797665e-01
      vertex   -5.000000e-01 -1.286603e+01 1.000000e+00
      vertex   -7.411810e-01 -1.296593e+01 1.000000e+00
    endloop
  endfacet
  facet normal 3.162140e-01 -9.407634e-01 -1.223638e-01
    outer loop
      vertex   -6.014636e-01 -1.289032e+01 7.797665e-01
      vertex   -7.411810e-01 -1.296593e+01 1.000000e+00
      vertex   -8.142561e-01 -1.297047e+01 8.460872e-01
    endloop
  endfacet
  facet normal 1.304564e-01 -9.909150e-01 -3.268886e-02
    outer loop
      vertex   -8.142561e-01 -1.297047e+01 8.460872e-01
      vertex   -7.411810e-01 -1.296593e+01 1.000000e+00
      vertex   -1.000000e+00 -1.300000e+01 1.000000e+00
    endloop
  endfacet
  facet normal 4.940940e-02 -9.902339e-01 -1.303668e-01
    outer loop
      vertex   -8.142561e-01 -1.297047e+01 8.460872e-01
      vertex   -1.000000e+00 -1.300000e+01 1.000000e+00
      vertex   -1.000000e+00 -1.296593e+01 7.411810e-01
    endloop
  endfacet
  facet normal 1.298391e-01 -9.537278e-01 -2.711922e-01
    outer loop
      vertex   -8.142561e-01 -1.297047e+01 8.460872e-01
      vertex   -1.000000e+00 -1.296593e+01 7.411810e-01
      vertex   -9.154700e-01 -1.291750e+01 6.113562e-01
    endloop
  endfacet
  facet normal -5.839280e-02 -9.223031e-01 -3.820305e-01
    outer loop
      vertex   -9.154700e-01 -1.291750e+01 6.113562e-01
      vertex   -1.000000e+00 -1.296593e+01 7.411810e-01
      vertex   -1.000000e+00 -1.286603e+01 5.000000e-01
    endloop
  endfacet
  facet normal 1.588805e-01 -8.447130e-01 -5.110938e-01
    outer loop
      vertex   -9.154700e-01 -1.291750e+01 6.113562e-01
      vertex   -1.000000e+00 -1.286603e+01 5.000000e-01
      vertex   -6.895943e-01 -1.283242e+01 5.409579e-01
    endloop
  endfacet
  facet normal 1.607312e-01 -8.257119e-01 -5.407082e-01
    outer loop
      vertex   -6.895943e-01 -1.283242e+01 5.409579e-01
      vertex   -1.000000e+00 -1.286603e+01 5.000000e-01
      vertex   -7.988787e-01 -1.271780e+01 3.334323e-01
    endloop
  endfacet
  facet normal 3.657544e-01 -7.197061e-01 -5.901245e-01
    outer loop
      vertex   -6.895943e-01 -1.283242e+01 5.409579e-01
      vertex   -7.988787e-01 -1.271780e+01 3.334323e-01
      vertex   -4.811193e-01 -1.269666e+01 5.045998e-01
    endloop
  endfacet
  facet normal 3.657544e-01 -7.197061e-01 -5.901245e-01
    outer loop
      vertex   -4.811193e-01 -1.269666e+01 5.045998e-01
      vertex   -7.988787e-01 -1.271780e+01 3.334323e-01
      vertex   -5.925356e-01 -1.258343e+01 2.974460e-01
    endloop
  endfacet
  facet normal 5.611197e-01 -5.611197e-01 -6.085140e-01
    outer loop
      vertex   -4.811193e-01 -1.269666e+01 5.045998e-01
      vertex   -5.925356e-01 -1.258343e+01 2.974460e-01
      vertex   -3.033355e-01 -1.251888e+01 5.045998e-01
    endloop
  endfacet
  facet normal 5.611197e-01 -5.611197e-01 -6.085140e-01
    outer loop
      vertex   -3.033355e-01 -1.251888e+01 5.045998e-01
      vertex   -5.925356e-01 -1.258343e+01 2.974460e-01
      vertex   -4.165699e-01 -1.240746e+01 2.974460e-01
    endloop
  endfacet
  facet normal 7.197061e-01 -3.657544e-01 -5.901245e-01
    outer loop
      vertex   -3.033355e-01 -1.251888e+01 5.045998e-01
      vertex   -4.165699e-01 -1.240746e+01 2.974460e-01
      vertex   -1.675766e-01 -1.231041e+01 5.409579e-01
    endloop
  endfacet
  facet normal 7.197061e-01 -3.657544e-01 -5.901245e-01
    outer loop
      vertex   -1.675766e-01 -1.231041e+01 5.409579e-01
      vertex   -4.165699e-01 -1.240746e+01 2.974460e-01
      vertex   -2.821994e-01 -1.220112e+01 3.334323e-01
    endloop
  endfacet
  facet normal 8.257119e-01 -1.607312e-01 -5.407082e-01
    outer loop
      vertex   -1.675766e-01 -1.231041e+01 5.409579e-01
      vertex   -2.821994e-01 -1.220112e+01 3.334323e-01
      vertex   -1.339746e-01 -1.200000e+01 5.000000e-01
    endloop
  endfacet
  facet normal 7.907938e-01 -8.026201e-02 -6.067974e-01
    outer loop
      vertex   -1.339746e-01 -1.200000e+01 5.000000e-01
      vertex   -2.821994e-01 -1.220112e+01 3.334323e-01
      vertex   -2.928932e-01 -1.200000e+01 2.928932e-01
    endloop
  endfacet
  facet normal 6.538873e-01 -1.159338e-01 -7.476569e-01
    outer loop
      vertex   -2.928932e-01 -1.200000e+01 2.928932e-01
      vertex   -2.821994e-01 -1.220112e+01 3.334323e-01
      vertex   -4.457391e-01 -1.207813e+01 1.713321e-01
    endloop
  endfacet
  facet normal 6.081878e-01 4.340169e-02 -7.926058e-01
    outer loop
      vertex   -2.928932e-01 -1.200000e+01 2.928932e-01
      vertex   -4.457391e-01 -1.207813e+01 1.713321e-01
      vertex   -5.000000e-01 -1.200000e+01 1.339746e-01
    endloop
  endfacet
  facet normal 4.328324e-01 -1.261909e-01 -8.925984e-01
    outer loop
      vertex   -5.000000e-01 -1.200000e+01 1.339746e-01
      vertex   -4.457391e-01 -1.207813e+01 1.713321e-01
      vertex   -5.695642e-01 -1.226828e+01 1.381701e-01
    endloop
  endfacet
  facet normal 3.995626e-01 -1.178222e-01 -9.091026e-01
    outer loop
      vertex   -5.000000e-01 -1.200000e+01 1.339746e-01
      vertex   -5.695642e-01 -1.226828e+01 1.381701e-01
      vertex   -7.518919e-01 -1.211081e+01 3.762643e-02
    endloop
  endfacet
  facet normal 2.729599e-01 -2.729599e-01 -9.224889e-01
    outer loop
      vertex   -7.518919e-01 -1.211081e+01 3.762643e-02
      vertex   -5.695642e-01 -1.226828e+01 1.381701e-01
      vertex   -8.891872e-01 -1.224811e+01 3.762643e-02
    endloop
  endfacet
  facet normal 1.036987e-01 -1.036987e-01 -9.891881e-01
    outer loop
      vertex   -7.518919e-01 -1.211081e+01 3.762643e-02
      vertex   -8.891872e-01 -1.224811e+01 3.762643e-02
      vertex   -1.000000e+00 -1.200000e+01 0.000000e+00
    endloop
  endfacet
  facet normal 4.435481e-02 -1.303977e-01 -9.904691e-01
    outer loop
      vertex   -1.000000e+00 -1.200000e+01 0.000000e+00
      vertex   -8.891872e-01 -1.224811e+01 3.762643e-02
      vertex   -1.000000e+00 -1.225882e+01 3.407417e-02
    endloop
  endfacet
  facet normal 6.645835e-02 -3.818374e-01 -9.218370e-01
    outer loop
      vertex   -1.000000e+00 -1.225882e+01 3.407417e-02
      vertex   -8.891872e-01 -1.224811e+01 3.762643e-02
      vertex   -1.000000e+00 -1.250000e+01 1.339746e-01
    endloop
  endfacet
  facet normal 1.178222e-01 -3.995626e-01 -9.091026e-01
    outer loop
      vertex   -1.000000e+00 -1.250000e+01 1.339746e-01
      vertex   -8.891872e-01 -1.224811e+01 3.762643e-02
      vertex   -7.317200e-01 -1.243044e+01 1.381701e-01
    endloop
  endfacet
  facet normal 1.261909e-01 -4.328324e-01 -8.925984e-01
    outer loop
      vertex   -1.000000e+00 -1.250000e+01 1.339746e-01
      vertex   -7.317200e-01 -1.243044e+01 1.381701e-01
      vertex   -9.218691e-01 -1.255426e+01 1.713321e-01
    endloop
  endfacet
  facet normal 2.448663e-01 -5.834139e-01 -7.743828e-01
    outer loop
      vertex   -9.218691e-01 -1.255426e+01 1.713321e-01
      vertex   -7.317200e-01 -1.243044e+01 1.381701e-01
      vertex   -5.925356e-01 -1.258343e+01 2.974460e-01
    endloop
  endfacet
  facet normal 2.448663e-01 -5.834139e-01 -7.743828e-01
    outer loop
      vertex   -9.218691e-01 -1.255426e+01 1.713321e-01
      vertex   -5.925356e-01 -1.258343e+01 2.974460e-01
      vertex   -7.988787e-01 -1.271780e+01 3.334323e-01
    endloop
  endfacet
  facet normal 8.026201e-02 -7.907938e-01 -6.067974e-01
    outer loop
      vertex   -1.000000e+00 -1.286603e+01 5.000000e-01
      vertex   -1.000000e+00 -1.270711e+01 2.928932e-01
      vertex   -7.988787e-01 -1.271780e+01 3.334323e-01
    endloop
  endfacet
  facet normal 1.159338e-01 -6.538873e-01 -7.476569e-01
    outer loop
      vertex   -7.988787e-01 -1.271780e+01 3.334323e-01
      vertex   -1.000000e+00 -1.270711e+01 2.928932e-01
      vertex   -9.218691e-01 -1.255426e+01 1.713321e-01
    endloop
  endfacet
  facet normal -4.340169e-02 -6.081878e-01 -7.926058e-01
    outer loop
      vertex   -1.000000e+00 -1.270711e+01 2.928932e-01
      vertex   -1.000000e+00 -1.250000e+01 1.339746e-01
      vertex   -9.218691e-01 -1.255426e+01 1.713321e-01
    endloop
  endfacet
  facet normal 1.303977e-01 -4.435481e-02 -9.904691e-01
    outer loop
      vertex   -1.000000e+00 -1.200000e+01 0.000000e+00
      vertex   -7.411810e-01 -1.200000e+01 3.407417e-02
      vertex   -7.518919e-01 -1.211081e+01 3.762643e-02
    endloop
  endfacet
  facet normal 3.818374e-01 -6.645835e-02 -9.218370e-01
    outer loop
      vertex   -7.518919e-01 -1.211081e+01 3.762643e-02
      vertex   -7.411810e-01 -1.200000e+01 3.407417e-02
      vertex   -5.000000e-01 -1.200000e+01 1.339746e-01
    endloop
  endfacet
  facet normal 8.447130e-01 -1.588805e-01 -5.110938e-01
    outer loop
      vertex   -1.675766e-01 -1.231041e+01 5.409579e-01
      vertex   -1.339746e-01 -1.200000e+01 5.000000e-01
      vertex   -8.249758e-02 -1.208453e+01 6.113562e-01
    endloop
  endfacet
  facet normal 9.223031e-01 5.839280e-02 -3.820305e-01
    outer loop
      vertex   -8.249758e-02 -1.208453e+01 6.113562e-01
      vertex   -1.339746e-01 -1.200000e+01 5.000000e-01
      vertex   -3.407417e-02 -1.200000e+01 7.411810e-01
    endloop
  endfacet
  facet normal 9.537278e-01 -1.298391e-01 -2.711922e-01
    outer loop
      vertex   -8.249758e-02 -1.208453e+01 6.113562e-01
      vertex   -3.407417e-02 -1.200000e+01 7.411810e-01
      vertex   -2.953101e-02 -1.218574e+01 8.460872e-01
    endloop
  endfacet
  facet normal 9.167181e-01 -2.475550e-01 -3.135991e-01
    outer loop
      vertex   -1.675766e-01 -1.231041e+01 5.409579e-01
      vertex   -8.249758e-02 -1.208453e+01 6.113562e-01
      vertex   -2.953101e-02 -1.218574e+01 8.460872e-01
    endloop
  endfacet
  facet normal 8.076571e-01 -4.620595e-01 -3.663208e-01
    outer loop
      vertex   -3.033355e-01 -1.251888e+01 5.045998e-01
      vertex   -1.675766e-01 -1.231041e+01 5.409579e-01
      vertex   -1.096821e-01 -1.239854e+01 7.797665e-01
    endloop
  endfacet
  facet normal 9.167181e-01 -2.475550e-01 -3.135991e-01
    outer loop
      vertex   -1.096821e-01 -1.239854e+01 7.797665e-01
      vertex   -1.675766e-01 -1.231041e+01 5.409579e-01
      vertex   -2.953101e-02 -1.218574e+01 8.460872e-01
    endloop
  endfacet
  facet normal 5.834139e-01 -2.448663e-01 -7.743828e-01
    outer loop
      vertex   -5.695642e-01 -1.226828e+01 1.381701e-01
      vertex   -4.457391e-01 -1.207813e+01 1.713321e-01
      vertex   -2.821994e-01 -1.220112e+01 3.334323e-01
    endloop
  endfacet
  facet normal 5.834139e-01 -2.448663e-01 -7.743828e-01
    outer loop
      vertex   -5.695642e-01 -1.226828e+01 1.381701e-01
      vertex   -2.821994e-01 -1.220112e+01 3.334323e-01
      vertex   -4.165699e-01 -1.240746e+01 2.974460e-01
    endloop
  endfacet
  facet normal 6.528138e-01 -6.528138e-01 -3.842763e-01
    outer loop
      vertex   -4.811193e-01 -1.269666e+01 5.045998e-01
      vertex   -3.033355e-01 -1.251888e+01 5.045998e-01
      vertex   -2.375775e-01 -1.259494e+01 7.455143e-01
    endloop
  endfacet
  facet normal 8.076571e-01 -4.620595e-01 -3.663208e-01
    outer loop
      vertex   -2.375775e-01 -1.259494e+01 7.455143e-01
      vertex   -3.033355e-01 -1.251888e+01 5.045998e-01
      vertex   -1.096821e-01 -1.239854e+01 7.797665e-01
    endloop
  endfacet
  facet normal 4.317293e-01 -4.317293e-01 -7.919720e-01
    outer loop
      vertex   -5.925356e-01 -1.258343e+01 2.974460e-01
      vertex   -7.317200e-01 -1.243044e+01 1.381701e-01
      vertex   -4.165699e-01 -1.240746e+01 2.974460e-01
    endloop
  endfacet
  facet normal 4.317293e-01 -4.317293e-01 -7.919720e-01
    outer loop
      vertex   -4.165699e-01 -1.240746e+01 2.974460e-01
      vertex   -7.317200e-01 -1.243044e+01 1.381701e-01
      vertex   -5.695642e-01 -1.226828e+01 1.381701e-01
    endloop
  endfacet
  facet normal 2.729599e-01 -2.729599e-01 -9.224889e-01
    outer loop
      vertex   -7.317200e-01 -1.243044e+01 1.381701e-01
      vertex   -8.891872e-01 -1.224811e+01 3.762643e-02
      vertex   -5.695642e-01 -1.226828e+01 1.381701e-01
    endloop
  endfacet
  facet normal 4.620595e-01 -8.076571e-01 -3.663208e-01
    outer loop
      vertex   -6.895943e-01 -1.283242e+01 5.409579e-01
      vertex   -4.811193e-01 -1.269666e+01 5.045998e-01
      vertex   -4.050638e-01 -1.276242e+01 7.455143e-01
    endloop
  endfacet
  facet normal 6.528138e-01 -6.528138e-01 -3.842763e-01
    outer loop
      vertex   -4.050638e-01 -1.276242e+01 7.455143e-01
      vertex   -4.811193e-01 -1.269666e+01 5.045998e-01
      vertex   -2.375775e-01 -1.259494e+01 7.455143e-01
    endloop
  endfacet
  facet normal 2.475550e-01 -9.167181e-01 -3.135991e-01
    outer loop
      vertex   -9.154700e-01 -1.291750e+01 6.113562e-01
      vertex   -6.895943e-01 -1.283242e+01 5.409579e-01
      vertex   -6.014636e-01 -1.289032e+01 7.797665e-01
    endloop
  endfacet
  facet normal 4.620595e-01 -8.076571e-01 -3.663208e-01
    outer loop
      vertex   -6.014636e-01 -1.289032e+01 7.797665e-01
      vertex   -6.895943e-01 -1.283242e+01 5.409579e-01
      vertex   -4.050638e-01 -1.276242e+01 7.455143e-01
    endloop
  endfacet
  facet normal 2.475550e-01 -9.167181e-01 -3.135991e-01
    outer loop
      vertex   -8.142561e-01 -1.297047e+01 8.460872e-01
      vertex   -9.154700e-01 -1.291750e+01 6.113562e-01
      vertex   -6.014636e-01 -1.289032e+01 7.797665e-01
    endloop
  endfacet
  facet normal 9.914449e-01 -1.305262e-01 0.000000e+00
    outer loop
      vertex   0.000000e+00 -1.200000e+01 1.000000e+00
      vertex   0.000000e+00 -1.200000e+01 5.000000e+00
      vertex   -3.407417e-02 -1.225882e+01 1.000000e+00
    endloop
  endfacet
  facet normal 9.914449e-01 -1.305262e-01 3.439765e-17
    outer loop
      vertex   -3.407417e-02 -1.225882e+01 1.000000e+00
      vertex   0.000000e+00 -1.200000e+01 5.000000e+00
      vertex   -3.407417e-02 -1.225882e+01 5.000000e+00
    endloop
  endfacet
  facet normal 9.238795e-01 -3.826834e-01 3.205351e-17
    outer loop
      vertex   -3.407417e-02 -1.225882e+01 1.000000e+00
      vertex   -3.407417e-02 -1.225882e+01 5.000000e+00
      vertex   -1.339746e-01 -1.250000e+01 1.000000e+00
    endloop
  endfacet
  facet normal 9.238795e-01 -3.826834e-01 3.205351e-17
    outer loop
      vertex   -1.339746e-01 -1.250000e+01 1.000000e+00
      vertex   -3.407417e-02 -1.225882e+01 5.000000e+00
      vertex   -1.339746e-01 -1.250000e+01 5.000000e+00
    endloop
  endfacet
  facet normal 7.933533e-01 -6.087614e-01 2.752497e-17
    outer loop
      vertex   -1.339746e-01 -1.250000e+01 1.000000e+00
      vertex   -1.339746e-01 -1.250000e+01 5.000000e+00
      vertex   -2.928932e-01 -1.270711e+01 1.000000e+00
    endloop
  endfacet
  facet normal 7.933533e-01 -6.087614e-01 6.605994e-17
    outer loop
      vertex   -2.928932e-01 -1.270711e+01 1.000000e+00
      vertex   -1.339746e-01 -1.250000e+01 5.000000e+00
      vertex   -2.928932e-01 -1.270711e+01 5.000000e+00
    endloop
  endfacet
  facet normal 6.087614e-01 -7.933533e-01 5.068957e-17
    outer loop
      vertex   -2.928932e-01 -1.270711e+01 1.000000e+00
      vertex   -2.928932e-01 -1.270711e+01 5.000000e+00
      vertex   -5.000000e-01 -1.286603e+01 1.000000e+00
    endloop
  endfacet
  facet normal 6.087614e-01 -7.933533e-01 -8.448262e-18
    outer loop
      vertex   -5.000000e-01 -1.286603e+01 1.000000e+00
      vertex   -2.928932e-01 -1.270711e+01 5.000000e+00
      vertex   -5.000000e-01 -1.286603e+01 5.000000e+00
    endloop
  endfacet
  facet normal 3.826834e-01 -9.238795e-01 -5.310799e-18
    outer loop
      vertex   -5.000000e-01 -1.286603e+01 1.000000e+00
      vertex   -5.000000e-01 -1.286603e+01 5.000000e+00
      vertex   -7.411810e-01 -1.296593e+01 1.000000e+00
    endloop
  endfacet
  facet normal 3.826834e-01 -9.238795e-01 3.996633e-16
    outer loop
      vertex   -7.411810e-01 -1.296593e+01 1.000000e+00
      vertex   -5.000000e-01 -1.286603e+01 5.000000e+00
      vertex   -7.411810e-01 -1.296593e+01 5.000000e+00
    endloop
  endfacet
  facet normal 1.305262e-01 -9.914449e-01 4.366671e-16
    outer loop
      vertex   -7.411810e-01 -1.296593e+01 1.000000e+00
      vertex   -7.411810e-01 -1.296593e+01 5.000000e+00
      vertex   -1.000000e+00 -1.300000e+01 1.000000e+00
    endloop
  endfacet
  facet normal 1.305262e-01 -9.914449e-01 -3.622830e-17
    outer loop
      vertex   -1.000000e+00 -1.300000e+01 1.000000e+00
      vertex   -7.411810e-01 -1.296593e+01 5.000000e+00
      vertex   -1.000000e+00 -1.300000e+01 5.000000e+00
    endloop
  endfacet
  facet normal 1.305262e-01 -2.957412e-18 9.914449e-01
    outer loop
      vertex   -1.000000e+00 -1.200000e+01 6.000000e+00
      vertex   -7.411810e-01 1.522222e+01 5.965926e+00
      vertex   -1.000000e+00 3.700000e+01 6.000000e+00
    endloop
  endfacet
  facet normal 1.305262e-01 0.000000e+00 9.914449e-01
    outer loop
      vertex   -1.000000e+00 3.700000e+01 6.000000e+00
      vertex   -7.411810e-01 1.522222e+01 5.965926e+00
      vertex   -7.411810e-01 2.066667e+01 5.965926e+00
    endloop
  endfacet
  facet normal 1.305262e-01 0.000000e+00 9.914449e-01
    outer loop
      vertex   -1.000000e+00 3.700000e+01 6.000000e+00
      vertex   -7.411810e-01 2.066667e+01 5.965926e+00
      vertex   -7.411810e-01 2.611111e+01 5.965926e+00
    endloop
  endfacet
  facet normal 3.826834e-01 0.000000e+00 9.238795e-01
    outer loop
      vertex   -7.411810e-01 2.611111e+01 5.965926e+00
      vertex   -7.411810e-01 2.066667e+01 5.965926e+00
      vertex   -5.000000e-01 2.611111e+01 5.866025e+00
    endloop
  endfacet
  facet normal 3.826834e-01 0.000000e+00 9.238795e-01
    outer loop
      vertex   -7.411810e-01 2.611111e+01 5.965926e+00
      vertex   -5.000000e-01 2.611111e+01 5.866025e+00
      vertex   -5.000000e-01 3.155556e+01 5.866025e+00
    endloop
  endfacet
  facet normal 6.087614e-01 0.000000e+00 7.933533e-01
    outer loop
      vertex   -5.000000e-01 3.155556e+01 5.866025e+00
      vertex   -5.000000e-01 2.611111e+01 5.866025e+00
      vertex   -2.928932e-01 3.155556e+01 5.707107e+00
    endloop
  endfacet
  facet normal 6.087614e-01 4.882126e-18 7.933533e-01
    outer loop
      vertex   -5.000000e-01 3.155556e+01 5.866025e+00
      vertex   -2.928932e-01 3.155556e+01 5.707107e+00
      vertex   -2.928932e-01 3.700000e+01 5.707107e+00
    endloop
  endfacet
  facet normal 7.933533e-01 8.088972e-18 6.087614e-01
    outer loop
      vertex   -2.928932e-01 3.700000e+01 5.707107e+00
      vertex   -2.928932e-01 3.155556e+01 5.707107e+00
      vertex   -1.339746e-01 3.700000e+01 5.500000e+00
    endloop
  endfacet
  facet normal 7.933533e-01 -2.022243e-17 6.087614e-01
    outer loop
      vertex   -1.339746e-01 3.700000e+01 5.500000e+00
      vertex   -2.928932e-01 3.155556e+01 5.707107e+00
      vertex   -1.339746e-01 3.155556e+01 5.500000e+00
    endloop
  endfacet
  facet normal 9.238795e-01 -2.354952e-17 3.826834e-01
    outer loop
      vertex   -1.339746e-01 3.700000e+01 5.500000e+00
      vertex   -1.339746e-01 3.155556e+01 5.500000e+00
      vertex   -3.407417e-02 3.700000e+01 5.258819e+00
    endloop
  endfacet
  facet normal 9.238795e-01 -4.709903e-17 3.826834e-01
    outer loop
      vertex   -3.407417e-02 3.700000e+01 5.258819e+00
      vertex   -1.339746e-01 3.155556e+01 5.500000e+00
      vertex   -3.407417e-02 3.155556e+01 5.258819e+00
    endloop
  endfacet
  facet normal 9.914449e-01 -5.054349e-17 1.305262e-01
    outer loop
      vertex   -3.407417e-02 3.700000e+01 5.258819e+00
      vertex   -3.407417e-02 3.155556e+01 5.258819e+00
      vertex   0.000000e+00 3.700000e+01 5.000000e+00
    endloop
  endfacet
  facet normal 9.914449e-01 0.000000e+00 1.305262e-01
    outer loop
      vertex   0.000000e+00 3.700000e+01 5.000000e+00
      vertex   -3.407417e-02 3.155556e+01 5.258819e+00
      vertex   -3.407417e-02 2.611111e+01 5.258819e+00
    endloop
  endfacet
  facet normal 9.914449e-01 2.441063e-17 1.305262e-01
    outer loop
      vertex   0.000000e+00 3.700000e+01 5.000000e+00
      vertex   -3.407417e-02 2.611111e+01 5.258819e+00
      vertex   -3.407417e-02 2.066667e+01 5.258819e+00
    endloop
  endfacet
  facet normal 9.238795e-01 2.354952e-17 3.826834e-01
    outer loop
      vertex   -3.407417e-02 2.066667e+01 5.258819e+00
      vertex   -3.407417e-02 2.611111e+01 5.258819e+00
      vertex   -1.339746e-01 2.066667e+01 5.500000e+00
    endloop
  endfacet
  facet normal 9.238795e-01 0.000000e+00 3.826834e-01
    outer loop
      vertex   -3.407417e-02 2.066667e+01 5.258819e+00
      vertex   -1.339746e-01 2.066667e+01 5.500000e+00
      vertex   -1.339746e-01 1.522222e+01 5.500000e+00
    endloop
  endfacet
  facet normal 7.933533e-01 -0.000000e+00 6.087614e-01
    outer loop
      vertex   -1.339746e-01 1.522222e+01 5.500000e+00
      vertex   -1.339746e-01 2.066667e+01 5.500000e+00
      vertex   -2.928932e-01 1.522222e+01 5.707107e+00
    endloop
  endfacet
  facet normal 7.933533e-01 0.000000e+00 6.087614e-01
    outer loop
      vertex   -1.339746e-01 1.522222e+01 5.500000e+00
      vertex   -2.928932e-01 1.522222e+01 5.707107e+00
      vertex   -2.928932e-01 9.777778e+00 5.707107e+00
    endloop
  endfacet
  facet normal 6.087614e-01 -0.000000e+00 7.933533e-01
    outer loop
      vertex   -2.928932e-01 9.777778e+00 5.707107e+00
      vertex   -2.928932e-01 1.522222e+01 5.707107e+00
      vertex   -5.000000e-01 9.777778e+00 5.866025e+00
    endloop
  endfacet
  facet normal 6.087614e-01 0.000000e+00 7.933533e-01
    outer loop
      vertex   -2.928932e-01 9.777778e+00 5.707107e+00
      vertex   -5.000000e-01 9.777778e+00 5.866025e+00
      vertex   -5.000000e-01 4.333334e+00 5.866025e+00
    endloop
  endfacet
  facet normal 3.826834e-01 -0.000000e+00 9.238795e-01
    outer loop
      vertex   -5.000000e-01 4.333334e+00 5.866025e+00
      vertex   -5.000000e-01 9.777778e+00 5.866025e+00
      vertex   -7.411810e-01 4.333334e+00 5.965926e+00
    endloop
  endfacet
  facet normal 3.826834e-01 0.000000e+00 9.238795e-01
    outer loop
      vertex   -5.000000e-01 4.333334e+00 5.866025e+00
      vertex   -7.411810e-01 4.333334e+00 5.965926e+00
      vertex   -7.411810e-01 -1.111111e+00 5.965926e+00
    endloop
  endfacet
  facet normal 1.305262e-01 -0.000000e+00 9.914449e-01
    outer loop
      vertex   -7.411810e-01 -1.111111e+00 5.965926e+00
      vertex   -7.411810e-01 4.333334e+00 5.965926e+00
      vertex   -1.000000e+00 -1.200000e+01 6.000000e+00
    endloop
  endfacet
  facet normal 1.305262e-01 0.000000e+00 9.914449e-01
    outer loop
      vertex   -7.411810e-01 -1.111111e+00 5.965926e+00
      vertex   -1.000000e+00 -1.200000e+01 6.000000e+00
      vertex   -7.411810e-01 -6.555555e+00 5.965926e+00
    endloop
  endfacet
  facet normal 1.305262e-01 0.000000e+00 9.914449e-01
    outer loop
      vertex   -7.411810e-01 -6.555555e+00 5.965926e+00
      vertex   -1.000000e+00 -1.200000e+01 6.000000e+00
      vertex   -7.411810e-01 -1.200000e+01 5.965926e+00
    endloop
  endfacet
  facet normal 3.826834e-01 0.000000e+00 9.238795e-01
    outer loop
      vertex   -7.411810e-01 -6.555555e+00 5.965926e+00
      vertex   -7.411810e-01 -1.200000e+01 5.965926e+00
      vertex   -5.000000e-01 -6.555555e+00 5.866025e+00
    endloop
  endfacet
  facet normal 3.826834e-01 -3.901812e-18 9.238795e-01
    outer loop
      vertex   -5.000000e-01 -6.555555e+00 5.866025e+00
      vertex   -7.411810e-01 -1.200000e+01 5.965926e+00
      vertex   -5.000000e-01 -1.200000e+01 5.866025e+00
    endloop
  endfacet
  facet normal 6.087614e-01 -6.206886e-18 7.933533e-01
    outer loop
      vertex   -5.000000e-01 -6.555555e+00 5.866025e+00
      vertex   -5.000000e-01 -1.200000e+01 5.866025e+00
      vertex   -2.928932e-01 -6.555555e+00 5.707107e+00
    endloop
  endfacet
  facet normal 6.087614e-01 -1.862066e-17 7.933533e-01
    outer loop
      vertex   -2.928932e-01 -6.555555e+00 5.707107e+00
      vertex   -5.000000e-01 -1.200000e+01 5.866025e+00
      vertex   -2.928932e-01 -1.200000e+01 5.707107e+00
    endloop
  endfacet
  facet normal 7.933533e-01 -2.426691e-17 6.087614e-01
    outer loop
      vertex   -2.928932e-01 -6.555555e+00 5.707107e+00
      vertex   -2.928932e-01 -1.200000e+01 5.707107e+00
      vertex   -1.339746e-01 -6.555555e+00 5.500000e+00
    endloop
  endfacet
  facet normal 7.933533e-01 2.022243e-17 6.087614e-01
    outer loop
      vertex   -1.339746e-01 -6.555555e+00 5.500000e+00
      vertex   -2.928932e-01 -1.200000e+01 5.707107e+00
      vertex   -1.339746e-01 -1.200000e+01 5.500000e+00
    endloop
  endfacet
  facet normal 9.238795e-01 2.354952e-17 3.826834e-01
    outer loop
      vertex   -1.339746e-01 -6.555555e+00 5.500000e+00
      vertex   -1.339746e-01 -1.200000e+01 5.500000e+00
      vertex   -3.407417e-02 -6.555555e+00 5.258819e+00
    endloop
  endfacet
  facet normal 9.238795e-01 -4.709903e-17 3.826834e-01
    outer loop
      vertex   -3.407417e-02 -6.555555e+00 5.258819e+00
      vertex   -1.339746e-01 -1.200000e+01 5.500000e+00
      vertex   -3.407417e-02 -1.200000e+01 5.258819e+00
    endloop
  endfacet
  facet normal 9.914449e-01 -5.054349e-17 1.305262e-01
    outer loop
      vertex   -3.407417e-02 -6.555555e+00 5.258819e+00
      vertex   -3.407417e-02 -1.200000e+01 5.258819e+00
      vertex   0.000000e+00 -1.200000e+01 5.000000e+00
    endloop
  endfacet
  facet normal 9.914449e-01 0.000000e+00 1.305262e-01
    outer loop
      vertex   0.000000e+00 3.700000e+01 5.000000e+00
      vertex   -3.407417e-02 9.777778e+00 5.258819e+00
      vertex   0.000000e+00 -1.200000e+01 5.000000e+00
    endloop
  endfacet
  facet normal 9.914449e-01 -6.834977e-17 1.305262e-01
    outer loop
      vertex   0.000000e+00 -1.200000e+01 5.000000e+00
      vertex   -3.407417e-02 9.777778e+00 5.258819e+00
      vertex   -3.407417e-02 4.333334e+00 5.258819e+00
    endloop
  endfacet
  facet normal 9.914449e-01 2.563116e-17 1.305262e-01
    outer loop
      vertex   0.000000e+00 -1.200000e+01 5.000000e+00
      vertex   -3.407417e-02 4.333334e+00 5.258819e+00
      vertex   -3.407417e-02 -1.111111e+00 5.258819e+00
    endloop
  endfacet
  facet normal 9.238795e-01 2.354952e-17 3.826834e-01
    outer loop
      vertex   -3.407417e-02 -1.111111e+00 5.258819e+00
      vertex   -3.407417e-02 4.333334e+00 5.258819e+00
      vertex   -1.339746e-01 -1.111111e+00 5.500000e+00
    endloop
  endfacet
  facet normal 9.238795e-01 0.000000e+00 3.826834e-01
    outer loop
      vertex   -3.407417e-02 -1.111111e+00 5.258819e+00
      vertex   -1.339746e-01 -1.111111e+00 5.500000e+00
      vertex   -1.339746e-01 -6.555555e+00 5.500000e+00
    endloop
  endfacet
  facet normal 7.933533e-01 -0.000000e+00 6.087614e-01
    outer loop
      vertex   -1.339746e-01 -6.555555e+00 5.500000e+00
      vertex   -1.339746e-01 -1.111111e+00 5.500000e+00
      vertex   -2.928932e-01 -6.555555e+00 5.707107e+00
    endloop
  endfacet
  facet normal 6.087614e-01 0.000000e+00 7.933533e-01
    outer loop
      vertex   -2.928932e-01 3.700000e+01 5.707107e+00
      vertex   -5.000000e-01 3.700000e+01 5.866025e+00
      vertex   -5.000000e-01 3.155556e+01 5.866025e+00
    endloop
  endfacet
  facet normal 3.826834e-01 -0.000000e+00 9.238795e-01
    outer loop
      vertex   -5.000000e-01 3.155556e+01 5.866025e+00
      vertex   -5.000000e-01 3.700000e+01 5.866025e+00
      vertex   -7.411810e-01 3.155556e+01 5.965926e+00
    endloop
  endfacet
  facet normal 3.826834e-01 7.323189e-18 9.238795e-01
    outer loop
      vertex   -5.000000e-01 3.155556e+01 5.866025e+00
      vertex   -7.411810e-01 3.155556e+01 5.965926e+00
      vertex   -7.411810e-01 2.611111e+01 5.965926e+00
    endloop
  endfacet
  facet normal 1.305262e-01 2.661671e-18 9.914449e-01
    outer loop
      vertex   -7.411810e-01 2.611111e+01 5.965926e+00
      vertex   -7.411810e-01 3.155556e+01 5.965926e+00
      vertex   -1.000000e+00 3.700000e+01 6.000000e+00
    endloop
  endfacet
  facet normal 3.826834e-01 0.000000e+00 9.238795e-01
    outer loop
      vertex   -5.000000e-01 3.700000e+01 5.866025e+00
      vertex   -7.411810e-01 3.700000e+01 5.965926e+00
      vertex   -7.411810e-01 3.155556e+01 5.965926e+00
    endloop
  endfacet
  facet normal 1.305262e-01 -0.000000e+00 9.914449e-01
    outer loop
      vertex   -7.411810e-01 3.155556e+01 5.965926e+00
      vertex   -7.411810e-01 3.700000e+01 5.965926e+00
      vertex   -1.000000e+00 3.700000e+01 6.000000e+00
    endloop
  endfacet
  facet normal 3.826834e-01 0.000000e+00 9.238795e-01
    outer loop
      vertex   -7.411810e-01 -1.111111e+00 5.965926e+00
      vertex   -7.411810e-01 -6.555555e+00 5.965926e+00
      vertex   -5.000000e-01 -1.111111e+00 5.866025e+00
    endloop
  endfacet
  facet normal 3.826834e-01 0.000000e+00 9.238795e-01
    outer loop
      vertex   -5.000000e-01 -1.111111e+00 5.866025e+00
      vertex   -7.411810e-01 -6.555555e+00 5.965926e+00
      vertex   -5.000000e-01 -6.555555e+00 5.866025e+00
    endloop
  endfacet
  facet normal 6.087614e-01 0.000000e+00 7.933533e-01
    outer loop
      vertex   -5.000000e-01 -1.111111e+00 5.866025e+00
      vertex   -5.000000e-01 -6.555555e+00 5.866025e+00
      vertex   -2.928932e-01 -1.111111e+00 5.707107e+00
    endloop
  endfacet
  facet normal 6.087614e-01 0.000000e+00 7.933533e-01
    outer loop
      vertex   -2.928932e-01 -1.111111e+00 5.707107e+00
      vertex   -5.000000e-01 -6.555555e+00 5.866025e+00
      vertex   -2.928932e-01 -6.555555e+00 5.707107e+00
    endloop
  endfacet
  facet normal 7.933533e-01 0.000000e+00 6.087614e-01
    outer loop
      vertex   -2.928932e-01 -1.111111e+00 5.707107e+00
      vertex   -2.928932e-01 -6.555555e+00 5.707107e+00
      vertex   -1.339746e-01 -1.111111e+00 5.500000e+00
    endloop
  endfacet
  facet normal 1.305262e-01 0.000000e+00 9.914449e-01
    outer loop
      vertex   -7.411810e-01 1.522222e+01 5.965926e+00
      vertex   -1.000000e+00 -1.200000e+01 6.000000e+00
      vertex   -7.411810e-01 9.777778e+00 5.965926e+00
    endloop
  endfacet
  facet normal 1.305262e-01 0.000000e+00 9.914449e-01
    outer loop
      vertex   -7.411810e-01 9.777778e+00 5.965926e+00
      vertex   -1.000000e+00 -1.200000e+01 6.000000e+00
      vertex   -7.411810e-01 4.333334e+00 5.965926e+00
    endloop
  endfacet
  facet normal 3.826834e-01 0.000000e+00 9.238795e-01
    outer loop
      vertex   -7.411810e-01 9.777778e+00 5.965926e+00
      vertex   -7.411810e-01 4.333334e+00 5.965926e+00
      vertex   -5.000000e-01 9.777778e+00 5.866025e+00
    endloop
  endfacet
  facet normal 3.826834e-01 0.000000e+00 9.238795e-01
    outer loop
      vertex   -7.411810e-01 1.522222e+01 5.965926e+00
      vertex   -7.411810e-01 9.777778e+00 5.965926e+00
      vertex   -5.000000e-01 1.522222e+01 5.866025e+00
    endloop
  endfacet
  facet normal 3.826834e-01 0.000000e+00 9.238795e-01
    outer loop
      vertex   -5.000000e-01 1.522222e+01 5.866025e+00
      vertex   -7.411810e-01 9.777778e+00 5.965926e+00
      vertex   -5.000000e-01 9.777778e+00 5.866025e+00
    endloop
  endfacet
  facet normal 6.087614e-01 0.000000e+00 7.933533e-01
    outer loop
      vertex   -5.000000e-01 1.522222e+01 5.866025e+00
      vertex   -5.000000e-01 9.777778e+00 5.866025e+00
      vertex   -2.928932e-01 1.522222e+01 5.707107e+00
    endloop
  endfacet
  facet normal 3.826834e-01 0.000000e+00 9.238795e-01
    outer loop
      vertex   -7.411810e-01 2.066667e+01 5.965926e+00
      vertex   -7.411810e-01 1.522222e+01 5.965926e+00
      vertex   -5.000000e-01 2.066667e+01 5.866025e+00
    endloop
  endfacet
  facet normal 3.826834e-01 0.000000e+00 9.238795e-01
    outer loop
      vertex   -5.000000e-01 2.066667e+01 5.866025e+00
      vertex   -7.411810e-01 1.522222e+01 5.965926e+00
      vertex   -5.000000e-01 1.522222e+01 5.866025e+00
    endloop
  endfacet
  facet normal 6.087614e-01 0.000000e+00 7.933533e-01
    outer loop
      vertex   -5.000000e-01 2.066667e+01 5.866025e+00
      vertex   -5.000000e-01 1.522222e+01 5.866025e+00
      vertex   -2.928932e-01 2.066667e+01 5.707107e+00
    endloop
  endfacet
  facet normal 6.087614e-01 0.000000e+00 7.933533e-01
    outer loop
      vertex   -2.928932e-01 2.066667e+01 5.707107e+00
      vertex   -5.000000e-01 1.522222e+01 5.866025e+00
      vertex   -2.928932e-01 1.522222e+01 5.707107e+00
    endloop
  endfacet
  facet normal 7.933533e-01 0.000000e+00 6.087614e-01
    outer loop
      vertex   -2.928932e-01 2.066667e+01 5.707107e+00
      vertex   -2.928932e-01 1.522222e+01 5.707107e+00
      vertex   -1.339746e-01 2.066667e+01 5.500000e+00
    endloop
  endfacet
  facet normal 3.826834e-01 0.000000e+00 9.238795e-01
    outer loop
      vertex   -7.411810e-01 -1.111111e+00 5.965926e+00
      vertex   -5.000000e-01 -1.111111e+00 5.866025e+00
      vertex   -5.000000e-01 4.333334e+00 5.866025e+00
    endloop
  endfacet
  facet normal 6.087614e-01 0.000000e+00 7.933533e-01
    outer loop
      vertex   -5.000000e-01 4.333334e+00 5.866025e+00
      vertex   -5.000000e-01 -1.111111e+00 5.866025e+00
      vertex   -2.928932e-01 4.333334e+00 5.707107e+00
    endloop
  endfacet
  facet normal 6.087614e-01 0.000000e+00 7.933533e-01
    outer loop
      vertex   -5.000000e-01 4.333334e+00 5.866025e+00
      vertex   -2.928932e-01 4.333334e+00 5.707107e+00
      vertex   -2.928932e-01 9.777778e+00 5.707107e+00
    endloop
  endfacet
  facet normal 7.933533e-01 0.000000e+00 6.087614e-01
    outer loop
      vertex   -2.928932e-01 9.777778e+00 5.707107e+00
      vertex   -2.928932e-01 4.333334e+00 5.707107e+00
      vertex   -1.339746e-01 9.777778e+00 5.500000e+00
    endloop
  endfacet
  facet normal 7.933533e-01 0.000000e+00 6.087614e-01
    outer loop
      vertex   -2.928932e-01 9.777778e+00 5.707107e+00
      vertex   -1.339746e-01 9.777778e+00 5.500000e+00
      vertex   -1.339746e-01 1.522222e+01 5.500000e+00
    endloop
  endfacet
  facet normal 9.238795e-01 0.000000e+00 3.826834e-01
    outer loop
      vertex   -1.339746e-01 1.522222e+01 5.500000e+00
      vertex   -1.339746e-01 9.777778e+00 5.500000e+00
      vertex   -3.407417e-02 1.522222e+01 5.258819e+00
    endloop
  endfacet
  facet normal 9.238795e-01 0.000000e+00 3.826834e-01
    outer loop
      vertex   -1.339746e-01 1.522222e+01 5.500000e+00
      vertex   -3.407417e-02 1.522222e+01 5.258819e+00
      vertex   -3.407417e-02 2.066667e+01 5.258819e+00
    endloop
  endfacet
  facet normal 9.914449e-01 0.000000e+00 1.305262e-01
    outer loop
      vertex   -3.407417e-02 2.066667e+01 5.258819e+00
      vertex   -3.407417e-02 1.522222e+01 5.258819e+00
      vertex   0.000000e+00 3.700000e+01 5.000000e+00
    endloop
  endfacet
  facet normal 6.087614e-01 0.000000e+00 7.933533e-01
    outer loop
      vertex   -2.928932e-01 4.333334e+00 5.707107e+00
      vertex   -5.000000e-01 -1.111111e+00 5.866025e+00
      vertex   -2.928932e-01 -1.111111e+00 5.707107e+00
    endloop
  endfacet
  facet normal 3.826834e-01 0.000000e+00 9.238795e-01
    outer loop
      vertex   -7.411810e-01 2.066667e+01 5.965926e+00
      vertex   -5.000000e-01 2.066667e+01 5.866025e+00
      vertex   -5.000000e-01 2.611111e+01 5.866025e+00
    endloop
  endfacet
  facet normal 6.087614e-01 0.000000e+00 7.933533e-01
    outer loop
      vertex   -5.000000e-01 2.611111e+01 5.866025e+00
      vertex   -5.000000e-01 2.066667e+01 5.866025e+00
      vertex   -2.928932e-01 2.611111e+01 5.707107e+00
    endloop
  endfacet
  facet normal 6.087614e-01 0.000000e+00 7.933533e-01
    outer loop
      vertex   -5.000000e-01 2.611111e+01 5.866025e+00
      vertex   -2.928932e-01 2.611111e+01 5.707107e+00
      vertex   -2.928932e-01 3.155556e+01 5.707107e+00
    endloop
  endfacet
  facet normal 7.933533e-01 0.000000e+00 6.087614e-01
    outer loop
      vertex   -2.928932e-01 3.155556e+01 5.707107e+00
      vertex   -2.928932e-01 2.611111e+01 5.707107e+00
      vertex   -1.339746e-01 3.155556e+01 5.500000e+00
    endloop
  endfacet
  facet normal 6.087614e-01 0.000000e+00 7.933533e-01
    outer loop
      vertex   -2.928932e-01 2.611111e+01 5.707107e+00
      vertex   -5.000000e-01 2.066667e+01 5.866025e+00
      vertex   -2.928932e-01 2.066667e+01 5.707107e+00
    endloop
  endfacet
  facet normal 7.933533e-01 0.000000e+00 6.087614e-01
    outer loop
      vertex   -2.928932e-01 4.333334e+00 5.707107e+00
      vertex   -2.928932e-01 -1.111111e+00 5.707107e+00
      vertex   -1.339746e-01 4.333334e+00 5.500000e+00
    endloop
  endfacet
  facet normal 7.933533e-01 0.000000e+00 6.087614e-01
    outer loop
      vertex   -1.339746e-01 4.333334e+00 5.500000e+00
      vertex   -2.928932e-01 -1.111111e+00 5.707107e+00
      vertex   -1.339746e-01 -1.111111e+00 5.500000e+00
    endloop
  endfacet
  facet normal 9.238795e-01 0.000000e+00 3.826834e-01
    outer loop
      vertex   -1.339746e-01 4.333334e+00 5.500000e+00
      vertex   -1.339746e-01 -1.111111e+00 5.500000e+00
      vertex   -3.407417e-02 4.333334e+00 5.258819e+00
    endloop
  endfacet
  facet normal 7.933533e-01 0.000000e+00 6.087614e-01
    outer loop
      vertex   -2.928932e-01 2.611111e+01 5.707107e+00
      vertex   -2.928932e-01 2.066667e+01 5.707107e+00
      vertex   -1.339746e-01 2.611111e+01 5.500000e+00
    endloop
  endfacet
  facet normal 7.933533e-01 -2.022243e-17 6.087614e-01
    outer loop
      vertex   -1.339746e-01 2.611111e+01 5.500000e+00
      vertex   -2.928932e-01 2.066667e+01 5.707107e+00
      vertex   -1.339746e-01 2.066667e+01 5.500000e+00
    endloop
  endfacet
  facet normal 9.238795e-01 -2.354952e-17 3.826834e-01
    outer loop
      vertex   -1.339746e-01 2.611111e+01 5.500000e+00
      vertex   -1.339746e-01 2.066667e+01 5.500000e+00
      vertex   -3.407417e-02 2.611111e+01 5.258819e+00
    endloop
  endfacet
  facet normal 9.238795e-01 0.000000e+00 3.826834e-01
    outer loop
      vertex   -3.407417e-02 -1.111111e+00 5.258819e+00
      vertex   -1.339746e-01 -6.555555e+00 5.500000e+00
      vertex   -3.407417e-02 -6.555555e+00 5.258819e+00
    endloop
  endfacet
  facet normal 7.933533e-01 0.000000e+00 6.087614e-01
    outer loop
      vertex   -2.928932e-01 4.333334e+00 5.707107e+00
      vertex   -1.339746e-01 4.333334e+00 5.500000e+00
      vertex   -1.339746e-01 9.777778e+00 5.500000e+00
    endloop
  endfacet
  facet normal 9.238795e-01 0.000000e+00 3.826834e-01
    outer loop
      vertex   -1.339746e-01 9.777778e+00 5.500000e+00
      vertex   -1.339746e-01 4.333334e+00 5.500000e+00
      vertex   -3.407417e-02 9.777778e+00 5.258819e+00
    endloop
  endfacet
  facet normal 9.238795e-01 2.196957e-17 3.826834e-01
    outer loop
      vertex   -1.339746e-01 9.777778e+00 5.500000e+00
      vertex   -3.407417e-02 9.777778e+00 5.258819e+00
      vertex   -3.407417e-02 1.522222e+01 5.258819e+00
    endloop
  endfacet
  facet normal 9.914449e-01 2.527175e-17 1.305262e-01
    outer loop
      vertex   -3.407417e-02 1.522222e+01 5.258819e+00
      vertex   -3.407417e-02 9.777778e+00 5.258819e+00
      vertex   0.000000e+00 3.700000e+01 5.000000e+00
    endloop
  endfacet
  facet normal 9.238795e-01 -1.484075e-16 3.826834e-01
    outer loop
      vertex   -3.407417e-02 9.777778e+00 5.258819e+00
      vertex   -1.339746e-01 4.333334e+00 5.500000e+00
      vertex   -3.407417e-02 4.333334e+00 5.258819e+00
    endloop
  endfacet
  facet normal 9.238795e-01 0.000000e+00 3.826834e-01
    outer loop
      vertex   -3.407417e-02 3.155556e+01 5.258819e+00
      vertex   -1.339746e-01 3.155556e+01 5.500000e+00
      vertex   -1.339746e-01 2.611111e+01 5.500000e+00
    endloop
  endfacet
  facet normal 7.933533e-01 -0.000000e+00 6.087614e-01
    outer loop
      vertex   -1.339746e-01 2.611111e+01 5.500000e+00
      vertex   -1.339746e-01 3.155556e+01 5.500000e+00
      vertex   -2.928932e-01 2.611111e+01 5.707107e+00
    endloop
  endfacet
  facet normal 9.238795e-01 0.000000e+00 3.826834e-01
    outer loop
      vertex   -3.407417e-02 3.155556e+01 5.258819e+00
      vertex   -1.339746e-01 2.611111e+01 5.500000e+00
      vertex   -3.407417e-02 2.611111e+01 5.258819e+00
    endloop
  endfacet
  facet normal 9.914449e-01 0.000000e+00 1.305262e-01
    outer loop
      vertex   0.000000e+00 -1.200000e+01 5.000000e+00
      vertex   -3.407417e-02 -1.111111e+00 5.258819e+00
      vertex   -3.407417e-02 -6.555555e+00 5.258819e+00
    endloop
  endfacet
  facet normal 0.000000e+00 0.000000e+00 1.000000e+00
    outer loop
      vertex   -1.900000e+01 -1.200000e+01 6.000000e+00
      vertex   -1.404408e+01 1.932516e+01 6.000000e+00
      vertex   -1.900000e+01 3.700000e+01 6.000000e+00
    endloop
  endfacet
  facet normal 0.000000e+00 0.000000e+00 1.000000e+00
    outer loop
      vertex   -1.900000e+01 3.700000e+01 6.000000e+00
      vertex   -1.404408e+01 1.932516e+01 6.000000e+00
      vertex   -1.410000e+01 2.000000e+01 6.000000e+00
    endloop
  endfacet
  facet normal 0.000000e+00 0.000000e+00 1.000000e+00
    outer loop
      vertex   -1.900000e+01 3.700000e+01 6.000000e+00
      vertex   -1.410000e+01 2.000000e+01 6.000000e+00
      vertex   -1.404408e+01 2.067484e+01 6.000000e+00
    endloop
  endfacet
  facet normal 0.000000e+00 0.000000e+00 1.000000e+00
    outer loop
      vertex   -1.000000e+00 -1.200000e+01 6.000000e+00
      vertex   -9.661425e+00 -1.008600e+01 6.000000e+00
      vertex   -1.900000e+01 -1.200000e+01 6.000000e+00
    endloop
  endfacet
  facet normal 0.000000e+00 0.000000e+00 1.000000e+00
    outer loop
      vertex   -1.900000e+01 -1.200000e+01 6.000000e+00
      vertex   -9.661425e+00 -1.008600e+01 6.000000e+00
      vertex   -1.033858e+01 -1.008600e+01 6.000000e+00
    endloop
  endfacet
  facet normal 0.000000e+00 0.000000e+00 1.000000e+00
    outer loop
      vertex   -1.900000e+01 -1.200000e+01 6.000000e+00
      vertex   -1.033858e+01 -1.008600e+01 6.000000e+00
      vertex   -1.100649e+01 -9.974541e+00 6.000000e+00
    endloop
  endfacet
  facet normal 0.000000e+00 0.000000e+00 1.000000e+00
    outer loop
      vertex   -1.000000e+00 3.700000e+01 6.000000e+00
      vertex   -5.955919e+00 1.932516e+01 6.000000e+00
      vertex   -1.000000e+00 -1.200000e+01 6.000000e+00
    endloop
  endfacet
  facet normal 0.000000e+00 0.000000e+00 1.000000e+00
    outer loop
      vertex   -1.000000e+00 -1.200000e+01 6.000000e+00
      vertex   -5.955919e+00 1.932516e+01 6.000000e+00
      vertex   -6.122149e+00 1.866873e+01 6.000000e+00
    endloop
  endfacet
  facet normal 0.000000e+00 0.000000e+00 1.000000e+00
    outer loop
      vertex   -1.000000e+00 -1.200000e+01 6.000000e+00
      vertex   -6.122149e+00 1.866873e+01 6.000000e+00
      vertex   -6.122149e+00 -4.668732e+00 6.000000e+00
    endloop
  endfacet
  facet normal 0.000000e+00 -0.000000e+00 1.000000e+00
    outer loop
      vertex   -6.122149e+00 -4.668732e+00 6.000000e+00
      vertex   -6.122149e+00 1.866873e+01 6.000000e+00
      vertex   -6.394158e+00 -4.048616e+00 6.000000e+00
    endloop
  endfacet
  facet normal 0.000000e+00 0.000000e+00 1.000000e+00
    outer loop
      vertex   -6.394158e+00 -4.048616e+00 6.000000e+00
      vertex   -6.122149e+00 1.866873e+01 6.000000e+00
      vertex   -6.394158e+00 1.804862e+01 6.000000e+00
    endloop
  endfacet
  facet normal 0.000000e+00 -0.000000e+00 1.000000e+00
    outer loop
      vertex   -6.394158e+00 -4.048616e+00 6.000000e+00
      vertex   -6.394158e+00 1.804862e+01 6.000000e+00
      vertex   -6.764524e+00 -3.481728e+00 6.000000e+00
    endloop
  endfacet
  facet normal 0.000000e+00 0.000000e+00 1.000000e+00
    outer loop
      vertex   -6.764524e+00 -3.481728e+00 6.000000e+00
      vertex   -6.394158e+00 1.804862e+01 6.000000e+00
      vertex   -6.764524e+00 1.748173e+01 6.000000e+00
    endloop
  endfacet
  facet normal 0.000000e+00 -0.000000e+00 1.000000e+00
    outer loop
      vertex   -6.764524e+00 -3.481728e+00 6.000000e+00
      vertex   -6.764524e+00 1.748173e+01 6.000000e+00
      vertex   -7.223146e+00 1.698353e+01 6.000000e+00
    endloop
  endfacet
  facet normal -0.000000e+00 0.000000e+00 1.000000e+00
    outer loop
      vertex   -1.900000e+01 3.700000e+01 6.000000e+00
      vertex   -9.661425e+00 2.408600e+01 6.000000e+00
      vertex   -1.000000e+00 3.700000e+01 6.000000e+00
    endloop
  endfacet
  facet normal 0.000000e+00 0.000000e+00 1.000000e+00
    outer loop
      vertex   -1.000000e+00 3.700000e+01 6.000000e+00
      vertex   -9.661425e+00 2.408600e+01 6.000000e+00
      vertex   -8.993510e+00 2.397454e+01 6.000000e+00
    endloop
  endfacet
  facet normal 0.000000e+00 0.000000e+00 1.000000e+00
    outer loop
      vertex   -1.000000e+00 3.700000e+01 6.000000e+00
      vertex   -8.993510e+00 2.397454e+01 6.000000e+00
      vertex   -8.353049e+00 2.375467e+01 6.000000e+00
    endloop
  endfacet
  facet normal -0.000000e+00 0.000000e+00 1.000000e+00
    outer loop
      vertex   -5.955919e+00 2.067484e+01 6.000000e+00
      vertex   -5.900000e+00 2.000000e+01 6.000000e+00
      vertex   -1.000000e+00 3.700000e+01 6.000000e+00
    endloop
  endfacet
  facet normal 0.000000e+00 0.000000e+00 1.000000e+00
    outer loop
      vertex   -1.000000e+00 3.700000e+01 6.000000e+00
      vertex   -5.900000e+00 2.000000e+01 6.000000e+00
      vertex   -5.955919e+00 1.932516e+01 6.000000e+00
    endloop
  endfacet
  facet normal 0.000000e+00 0.000000e+00 1.000000e+00
    outer loop
      vertex   -6.764524e+00 -3.481728e+00 6.000000e+00
      vertex   -7.223146e+00 1.698353e+01 6.000000e+00
      vertex   -7.223146e+00 -2.983532e+00 6.000000e+00
    endloop
  endfacet
  facet normal 0.000000e+00 -0.000000e+00 1.000000e+00
    outer loop
      vertex   -7.223146e+00 -2.983532e+00 6.000000e+00
      vertex   -7.223146e+00 1.698353e+01 6.000000e+00
      vertex   -7.757513e+00 1.656762e+01 6.000000e+00
    endloop
  endfacet
  facet normal 0.000000e+00 0.000000e+00 1.000000e+00
    outer loop
      vertex   -7.223146e+00 -2.983532e+00 6.000000e+00
      vertex   -7.757513e+00 1.656762e+01 6.000000e+00
      vertex   -7.757513e+00 -2.567617e+00 6.000000e+00
    endloop
  endfacet
  facet normal 0.000000e+00 -0.000000e+00 1.000000e+00
    outer loop
      vertex   -7.757513e+00 -2.567617e+00 6.000000e+00
      vertex   -7.757513e+00 1.656762e+01 6.000000e+00
      vertex   -8.353049e+00 1.624533e+01 6.000000e+00
    endloop
  endfacet
  facet normal 0.000000e+00 0.000000e+00 1.000000e+00
    outer loop
      vertex   -7.757513e+00 -2.567617e+00 6.000000e+00
      vertex   -8.353049e+00 1.624533e+01 6.000000e+00
      vertex   -8.353049e+00 -2.245329e+00 6.000000e+00
    endloop
  endfacet
  facet normal 0.000000e+00 -0.000000e+00 1.000000e+00
    outer loop
      vertex   -8.353049e+00 -2.245329e+00 6.000000e+00
      vertex   -8.353049e+00 1.624533e+01 6.000000e+00
      vertex   -8.993510e+00 1.602546e+01 6.000000e+00
    endloop
  endfacet
  facet normal 0.000000e+00 0.000000e+00 1.000000e+00
    outer loop
      vertex   -8.353049e+00 -2.245329e+00 6.000000e+00
      vertex   -8.993510e+00 1.602546e+01 6.000000e+00
      vertex   -8.993510e+00 -2.025459e+00 6.000000e+00
    endloop
  endfacet
  facet normal 0.000000e+00 -0.000000e+00 1.000000e+00
    outer loop
      vertex   -8.993510e+00 -2.025459e+00 6.000000e+00
      vertex   -8.993510e+00 1.602546e+01 6.000000e+00
      vertex   -9.661425e+00 1.591400e+01 6.000000e+00
    endloop
  endfacet
  facet normal 0.000000e+00 0.000000e+00 1.000000e+00
    outer loop
      vertex   -8.993510e+00 -2.025459e+00 6.000000e+00
      vertex   -9.661425e+00 1.591400e+01 6.000000e+00
      vertex   -9.661425e+00 -1.914003e+00 6.000000e+00
    endloop
  endfacet
  facet normal 0.000000e+00 -0.000000e+00 1.000000e+00
    outer loop
      vertex   -9.661425e+00 -1.914003e+00 6.000000e+00
      vertex   -9.661425e+00 1.591400e+01 6.000000e+00
      vertex   -1.033858e+01 1.591400e+01 6.000000e+00
    endloop
  endfacet
  facet normal 0.000000e+00 0.000000e+00 1.000000e+00
    outer loop
      vertex   -9.661425e+00 -1.914003e+00 6.000000e+00
      vertex   -1.033858e+01 1.591400e+01 6.000000e+00
      vertex   -1.033858e+01 -1.914003e+00 6.000000e+00
    endloop
  endfacet
  facet normal 0.000000e+00 -0.000000e+00 1.000000e+00
    outer loop
      vertex   -1.033858e+01 -1.914003e+00 6.000000e+00
      vertex   -1.033858e+01 1.591400e+01 6.000000e+00
      vertex   -1.100649e+01 -2.025459e+00 6.000000e+00
    endloop
  endfacet
  facet normal 0.000000e+00 -0.000000e+00 1.000000e+00
    outer loop
      vertex   -1.100649e+01 -2.025459e+00 6.000000e+00
      vertex   -1.033858e+01 1.591400e+01 6.000000e+00
      vertex   -1.100649e+01 1.602546e+01 6.000000e+00
    endloop
  endfacet
  facet normal 0.000000e+00 0.000000e+00 1.000000e+00
    outer loop
      vertex   -1.100649e+01 -2.025459e+00 6.000000e+00
      vertex   -1.100649e+01 1.602546e+01 6.000000e+00
      vertex   -1.164695e+01 -2.245329e+00 6.000000e+00
    endloop
  endfacet
  facet normal 0.000000e+00 0.000000e+00 1.000000e+00
    outer loop
      vertex   -1.164695e+01 -2.245329e+00 6.000000e+00
      vertex   -1.100649e+01 1.602546e+01 6.000000e+00
      vertex   -1.164695e+01 1.624533e+01 6.000000e+00
    endloop
  endfacet
  facet normal 0.000000e+00 -0.000000e+00 1.000000e+00
    outer loop
      vertex   -1.164695e+01 -2.245329e+00 6.000000e+00
      vertex   -1.164695e+01 1.624533e+01 6.000000e+00
      vertex   -1.224249e+01 -2.567617e+00 6.000000e+00
    endloop
  endfacet
  facet normal 0.000000e+00 -0.000000e+00 1.000000e+00
    outer loop
      vertex   -1.224249e+01 -2.567617e+00 6.000000e+00
      vertex   -1.164695e+01 1.624533e+01 6.000000e+00
      vertex   -1.224249e+01 1.656762e+01 6.000000e+00
    endloop
  endfacet
  facet normal 0.000000e+00 0.000000e+00 1.000000e+00
    outer loop
      vertex   -1.224249e+01 -2.567617e+00 6.000000e+00
      vertex   -1.224249e+01 1.656762e+01 6.000000e+00
      vertex   -1.277685e+01 -2.983532e+00 6.000000e+00
    endloop
  endfacet
  facet normal 0.000000e+00 0.000000e+00 1.000000e+00
    outer loop
      vertex   -1.277685e+01 -2.983532e+00 6.000000e+00
      vertex   -1.224249e+01 1.656762e+01 6.000000e+00
      vertex   -1.277685e+01 1.698353e+01 6.000000e+00
    endloop
  endfacet
  facet normal 0.000000e+00 -0.000000e+00 1.000000e+00
    outer loop
      vertex   -1.277685e+01 -2.983532e+00 6.000000e+00
      vertex   -1.277685e+01 1.698353e+01 6.000000e+00
      vertex   -1.323548e+01 -3.481728e+00 6.000000e+00
    endloop
  endfacet
  facet normal 0.000000e+00 -0.000000e+00 1.000000e+00
    outer loop
      vertex   -1.323548e+01 -3.481728e+00 6.000000e+00
      vertex   -1.277685e+01 1.698353e+01 6.000000e+00
      vertex   -1.323548e+01 1.748173e+01 6.000000e+00
    endloop
  endfacet
  facet normal 0.000000e+00 0.000000e+00 1.000000e+00
    outer loop
      vertex   -1.323548e+01 -3.481728e+00 6.000000e+00
      vertex   -1.323548e+01 1.748173e+01 6.000000e+00
      vertex   -1.360584e+01 1.804862e+01 6.000000e+00
    endloop
  endfacet
  facet normal 0.000000e+00 0.000000e+00 1.000000e+00
    outer loop
      vertex   -1.323548e+01 -3.481728e+00 6.000000e+00
      vertex   -1.360584e+01 1.804862e+01 6.000000e+00
      vertex   -1.360584e+01 -4.048616e+00 6.000000e+00
    endloop
  endfacet
  facet normal 0.000000e+00 0.000000e+00 1.000000e+00
    outer loop
      vertex   -1.360584e+01 -4.048616e+00 6.000000e+00
      vertex   -1.360584e+01 1.804862e+01 6.000000e+00
      vertex   -1.387785e+01 1.866873e+01 6.000000e+00
    endloop
  endfacet
  facet normal 0.000000e+00 0.000000e+00 1.000000e+00
    outer loop
      vertex   -1.360584e+01 -4.048616e+00 6.000000e+00
      vertex   -1.387785e+01 1.866873e+01 6.000000e+00
      vertex   -1.387785e+01 -4.668732e+00 6.000000e+00
    endloop
  endfacet
  facet normal 0.000000e+00 0.000000e+00 1.000000e+00
    outer loop
      vertex   -1.387785e+01 -4.668732e+00 6.000000e+00
      vertex   -1.387785e+01 1.866873e+01 6.000000e+00
      vertex   -1.900000e+01 -1.200000e+01 6.000000e+00
    endloop
  endfacet
  facet normal 0.000000e+00 0.000000e+00 1.000000e+00
    outer loop
      vertex   -1.387785e+01 -4.668732e+00 6.000000e+00
      vertex   -1.900000e+01 -1.200000e+01 6.000000e+00
      vertex   -1.404408e+01 -5.325162e+00 6.000000e+00
    endloop
  endfacet
  facet normal 0.000000e+00 0.000000e+00 1.000000e+00
    outer loop
      vertex   -1.404408e+01 -5.325162e+00 6.000000e+00
      vertex   -1.900000e+01 -1.200000e+01 6.000000e+00
      vertex   -1.410000e+01 -6.000000e+00 6.000000e+00
    endloop
  endfacet
  facet normal 0.000000e+00 0.000000e+00 1.000000e+00
    outer loop
      vertex   -1.410000e+01 -6.000000e+00 6.000000e+00
      vertex   -1.900000e+01 -1.200000e+01 6.000000e+00
      vertex   -1.404408e+01 -6.674838e+00 6.000000e+00
    endloop
  endfacet
  facet normal 0.000000e+00 0.000000e+00 1.000000e+00
    outer loop
      vertex   -1.404408e+01 -6.674838e+00 6.000000e+00
      vertex   -1.900000e+01 -1.200000e+01 6.000000e+00
      vertex   -1.387785e+01 -7.331268e+00 6.000000e+00
    endloop
  endfacet
  facet normal 0.000000e+00 0.000000e+00 1.000000e+00
    outer loop
      vertex   -1.387785e+01 -7.331268e+00 6.000000e+00
      vertex   -1.900000e+01 -1.200000e+01 6.000000e+00
      vertex   -1.360584e+01 -7.951384e+00 6.000000e+00
    endloop
  endfacet
  facet normal 0.000000e+00 0.000000e+00 1.000000e+00
    outer loop
      vertex   -1.360584e+01 -7.951384e+00 6.000000e+00
      vertex   -1.900000e+01 -1.200000e+01 6.000000e+00
      vertex   -1.323548e+01 -8.518272e+00 6.000000e+00
    endloop
  endfacet
  facet normal 0.000000e+00 0.000000e+00 1.000000e+00
    outer loop
      vertex   -1.323548e+01 -8.518272e+00 6.000000e+00
      vertex   -1.900000e+01 -1.200000e+01 6.000000e+00
      vertex   -1.277685e+01 -9.016468e+00 6.000000e+00
    endloop
  endfacet
  facet normal 0.000000e+00 0.000000e+00 1.000000e+00
    outer loop
      vertex   -1.277685e+01 -9.016468e+00 6.000000e+00
      vertex   -1.900000e+01 -1.200000e+01 6.000000e+00
      vertex   -1.224249e+01 -9.432382e+00 6.000000e+00
    endloop
  endfacet
  facet normal 0.000000e+00 0.000000e+00 1.000000e+00
    outer loop
      vertex   -1.224249e+01 -9.432382e+00 6.000000e+00
      vertex   -1.900000e+01 -1.200000e+01 6.000000e+00
      vertex   -1.164695e+01 -9.754671e+00 6.000000e+00
    endloop
  endfacet
  facet normal 0.000000e+00 0.000000e+00 1.000000e+00
    outer loop
      vertex   -1.164695e+01 -9.754671e+00 6.000000e+00
      vertex   -1.900000e+01 -1.200000e+01 6.000000e+00
      vertex   -1.100649e+01 -9.974541e+00 6.000000e+00
    endloop
  endfacet
  facet normal 0.000000e+00 0.000000e+00 1.000000e+00
    outer loop
      vertex   -1.387785e+01 1.866873e+01 6.000000e+00
      vertex   -1.404408e+01 1.932516e+01 6.000000e+00
      vertex   -1.900000e+01 -1.200000e+01 6.000000e+00
    endloop
  endfacet
  facet normal 0.000000e+00 -0.000000e+00 1.000000e+00
    outer loop
      vertex   -1.404408e+01 2.067484e+01 6.000000e+00
      vertex   -1.387785e+01 2.133127e+01 6.000000e+00
      vertex   -1.900000e+01 3.700000e+01 6.000000e+00
    endloop
  endfacet
  facet normal 0.000000e+00 0.000000e+00 1.000000e+00
    outer loop
      vertex   -1.900000e+01 3.700000e+01 6.000000e+00
      vertex   -1.387785e+01 2.133127e+01 6.000000e+00
      vertex   -1.360584e+01 2.195138e+01 6.000000e+00
    endloop
  endfacet
  facet normal 0.000000e+00 0.000000e+00 1.000000e+00
    outer loop
      vertex   -1.900000e+01 3.700000e+01 6.000000e+00
      vertex   -1.360584e+01 2.195138e+01 6.000000e+00
      vertex   -1.323548e+01 2.251827e+01 6.000000e+00
    endloop
  endfacet
  facet normal 0.000000e+00 -0.000000e+00 1.000000e+00
    outer loop
      vertex   -1.323548e+01 2.251827e+01 6.000000e+00
      vertex   -1.277685e+01 2.301647e+01 6.000000e+00
      vertex   -1.900000e+01 3.700000e+01 6.000000e+00
    endloop
  endfacet
  facet normal 0.000000e+00 0.000000e+00 1.000000e+00
    outer loop
      vertex   -1.900000e+01 3.700000e+01 6.000000e+00
      vertex   -1.277685e+01 2.301647e+01 6.000000e+00
      vertex   -1.224249e+01 2.343238e+01 6.000000e+00
    endloop
  endfacet
  facet normal 0.000000e+00 0.000000e+00 1.000000e+00
    outer loop
      vertex   -1.900000e+01 3.700000e+01 6.000000e+00
      vertex   -1.224249e+01 2.343238e+01 6.000000e+00
      vertex   -1.164695e+01 2.375467e+01 6.000000e+00
    endloop
  endfacet
  facet normal 0.000000e+00 -0.000000e+00 1.000000e+00
    outer loop
      vertex   -1.164695e+01 2.375467e+01 6.000000e+00
      vertex   -1.100649e+01 2.397454e+01 6.000000e+00
      vertex   -1.900000e+01 3.700000e+01 6.000000e+00
    endloop
  endfacet
  facet normal 0.000000e+00 0.000000e+00 1.000000e+00
    outer loop
      vertex   -1.900000e+01 3.700000e+01 6.000000e+00
      vertex   -1.100649e+01 2.397454e+01 6.000000e+00
      vertex   -1.033858e+01 2.408600e+01 6.000000e+00
    endloop
  endfacet
  facet normal 0.000000e+00 0.000000e+00 1.000000e+00
    outer loop
      vertex   -1.900000e+01 3.700000e+01 6.000000e+00
      vertex   -1.033858e+01 2.408600e+01 6.000000e+00
      vertex   -9.661425e+00 2.408600e+01 6.000000e+00
    endloop
  endfacet
  facet normal -0.000000e+00 0.000000e+00 1.000000e+00
    outer loop
      vertex   -8.353049e+00 2.375467e+01 6.000000e+00
      vertex   -7.757513e+00 2.343238e+01 6.000000e+00
      vertex   -1.000000e+00 3.700000e+01 6.000000e+00
    endloop
  endfacet
  facet normal 0.000000e+00 0.000000e+00 1.000000e+00
    outer loop
      vertex   -1.000000e+00 3.700000e+01 6.000000e+00
      vertex   -7.757513e+00 2.343238e+01 6.000000e+00
      vertex   -7.223146e+00 2.301647e+01 6.000000e+00
    endloop
  endfacet
  facet normal 0.000000e+00 0.000000e+00 1.000000e+00
    outer loop
      vertex   -1.000000e+00 3.700000e+01 6.000000e+00
      vertex   -7.223146e+00 2.301647e+01 6.000000e+00
      vertex   -6.764524e+00 2.251827e+01 6.000000e+00
    endloop
  endfacet
  facet normal -0.000000e+00 0.000000e+00 1.000000e+00
    outer loop
      vertex   -6.764524e+00 2.251827e+01 6.000000e+00
      vertex   -6.394158e+00 2.195138e+01 6.000000e+00
      vertex   -1.000000e+00 3.700000e+01 6.000000e+00
    endloop
  endfacet
  facet normal 0.000000e+00 0.000000e+00 1.000000e+00
    outer loop
      vertex   -1.000000e+00 3.700000e+01 6.000000e+00
      vertex   -6.394158e+00 2.195138e+01 6.000000e+00
      vertex   -6.122149e+00 2.133127e+01 6.000000e+00
    endloop
  endfacet
  facet normal 0.000000e+00 0.000000e+00 1.000000e+00
    outer loop
      vertex   -1.000000e+00 3.700000e+01 6.000000e+00
      vertex   -6.122149e+00 2.133127e+01 6.000000e+00
      vertex   -5.955919e+00 2.067484e+01 6.000000e+00
    endloop
  endfacet
  facet normal 0.000000e+00 0.000000e+00 1.000000e+00
    outer loop
      vertex   -5.955919e+00 -5.325162e+00 6.000000e+00
      vertex   -5.900000e+00 -6.000000e+00 6.000000e+00
      vertex   -1.000000e+00 -1.200000e+01 6.000000e+00
    endloop
  endfacet
  facet normal 0.000000e+00 0.000000e+00 1.000000e+00
    outer loop
      vertex   -1.000000e+00 -1.200000e+01 6.000000e+00
      vertex   -5.900000e+00 -6.000000e+00 6.000000e+00
      vertex   -5.955919e+00 -6.674838e+00 6.000000e+00
    endloop
  endfacet
  facet normal 0.000000e+00 0.000000e+00 1.000000e+00
    outer loop
      vertex   -1.000000e+00 -1.200000e+01 6.000000e+00
      vertex   -5.955919e+00 -6.674838e+00 6.000000e+00
      vertex   -6.122149e+00 -7.331268e+00 6.000000e+00
    endloop
  endfacet
  facet normal 0.000000e+00 0.000000e+00 1.000000e+00
    outer loop
      vertex   -6.122149e+00 -7.331268e+00 6.000000e+00
      vertex   -6.394158e+00 -7.951384e+00 6.000000e+00
      vertex   -1.000000e+00 -1.200000e+01 6.000000e+00
    endloop
  endfacet
  facet normal 0.000000e+00 0.000000e+00 1.000000e+00
    outer loop
      vertex   -1.000000e+00 -1.200000e+01 6.000000e+00
      vertex   -6.394158e+00 -7.951384e+00 6.000000e+00
      vertex   -6.764524e+00 -8.518272e+00 6.000000e+00
    endloop
  endfacet
  facet normal 0.000000e+00 0.000000e+00 1.000000e+00
    outer loop
      vertex   -1.000000e+00 -1.200000e+01 6.000000e+00
      vertex   -6.764524e+00 -8.518272e+00 6.000000e+00
      vertex   -7.223146e+00 -9.016468e+00 6.000000e+00
    endloop
  endfacet
  facet normal 0.000000e+00 0.000000e+00 1.000000e+00
    outer loop
      vertex   -7.223146e+00 -9.016468e+00 6.000000e+00
      vertex   -7.757513e+00 -9.432382e+00 6.000000e+00
      vertex   -1.000000e+00 -1.200000e+01 6.000000e+00
    endloop
  endfacet
  facet normal 0.000000e+00 0.000000e+00 1.000000e+00
    outer loop
      vertex   -1.000000e+00 -1.200000e+01 6.000000e+00
      vertex   -7.757513e+00 -9.432382e+00 6.000000e+00
      vertex   -8.353049e+00 -9.754671e+00 6.000000e+00
    endloop
  endfacet
  facet normal 0.000000e+00 0.000000e+00 1.000000e+00
    outer loop
      vertex   -1.000000e+00 -1.200000e+01 6.000000e+00
      vertex   -8.353049e+00 -9.754671e+00 6.000000e+00
      vertex   -8.993510e+00 -9.974541e+00 6.000000e+00
    endloop
  endfacet
  facet normal 0.000000e+00 0.000000e+00 1.000000e+00
    outer loop
      vertex   -8.993510e+00 -9.974541e+00 6.000000e+00
      vertex   -9.661425e+00 -1.008600e+01 6.000000e+00
      vertex   -1.000000e+00 -1.200000e+01 6.000000e+00
    endloop
  endfacet
  facet normal 0.000000e+00 0.000000e+00 1.000000e+00
    outer loop
      vertex   -6.122149e+00 -4.668732e+00 6.000000e+00
      vertex   -5.955919e+00 -5.325162e+00 6.000000e+00
      vertex   -1.000000e+00 -1.200000e+01 6.000000e+00
    endloop
  endfacet
  facet normal -1.000000e+00 0.000000e+00 0.000000e+00
    outer loop
      vertex   -2.000000e+01 3.700000e+01 1.000000e+00
      vertex   -2.000000e+01 -1.200000e+01 1.000000e+00
      vertex   -2.000000e+01 3.700000e+01 5.000000e+00
    endloop
  endfacet
  facet normal -1.000000e+00 -0.000000e+00 0.000000e+00
    outer loop
      vertex   -2.000000e+01 3.700000e+01 5.000000e+00
      vertex   -2.000000e+01 -1.200000e+01 1.000000e+00
      vertex   -2.000000e+01 -1.200000e+01 5.000000e+00
    endloop
  endfacet
  facet normal -1.305262e-01 0.000000e+00 -9.914449e-01
    outer loop
      vertex   -1.900000e+01 -1.200000e+01 0.000000e+00
      vertex   -1.925882e+01 1.522222e+01 3.407417e-02
      vertex   -1.900000e+01 3.700000e+01 0.000000e+00
    endloop
  endfacet
  facet normal -1.305262e-01 0.000000e+00 -9.914449e-01
    outer loop
      vertex   -1.900000e+01 3.700000e+01 0.000000e+00
      vertex   -1.925882e+01 1.522222e+01 3.407417e-02
      vertex   -1.925882e+01 2.066667e+01 3.407417e-02
    endloop
  endfacet
  facet normal -1.305262e-01 0.000000e+00 -9.914449e-01
    outer loop
      vertex   -1.900000e+01 3.700000e+01 0.000000e+00
      vertex   -1.925882e+01 2.066667e+01 3.407417e-02
      vertex   -1.925882e+01 2.611111e+01 3.407417e-02
    endloop
  endfacet
  facet normal -3.826834e-01 -0.000000e+00 -9.238795e-01
    outer loop
      vertex   -1.925882e+01 2.611111e+01 3.407417e-02
      vertex   -1.925882e+01 2.066667e+01 3.407417e-02
      vertex   -1.950000e+01 2.611111e+01 1.339746e-01
    endloop
  endfacet
  facet normal -3.826834e-01 0.000000e+00 -9.238795e-01
    outer loop
      vertex   -1.925882e+01 2.611111e+01 3.407417e-02
      vertex   -1.950000e+01 2.611111e+01 1.339746e-01
      vertex   -1.950000e+01 3.155556e+01 1.339746e-01
    endloop
  endfacet
  facet normal -6.087614e-01 -0.000000e+00 -7.933533e-01
    outer loop
      vertex   -1.950000e+01 3.155556e+01 1.339746e-01
      vertex   -1.950000e+01 2.611111e+01 1.339746e-01
      vertex   -1.970711e+01 3.155556e+01 2.928932e-01
    endloop
  endfacet
  facet normal -6.087614e-01 -5.370339e-17 -7.933533e-01
    outer loop
      vertex   -1.950000e+01 3.155556e+01 1.339746e-01
      vertex   -1.970711e+01 3.155556e+01 2.928932e-01
      vertex   -1.970711e+01 3.700000e+01 2.928932e-01
    endloop
  endfacet
  facet normal -7.933533e-01 -4.344820e-17 -6.087614e-01
    outer loop
      vertex   -1.970711e+01 3.700000e+01 2.928932e-01
      vertex   -1.970711e+01 3.155556e+01 2.928932e-01
      vertex   -1.986603e+01 3.700000e+01 5.000000e-01
    endloop
  endfacet
  facet normal -7.933533e-01 -0.000000e+00 -6.087614e-01
    outer loop
      vertex   -1.986603e+01 3.700000e+01 5.000000e-01
      vertex   -1.970711e+01 3.155556e+01 2.928932e-01
      vertex   -1.986603e+01 3.155556e+01 5.000000e-01
    endloop
  endfacet
  facet normal -9.238795e-01 -0.000000e+00 -3.826834e-01
    outer loop
      vertex   -1.986603e+01 3.700000e+01 5.000000e-01
      vertex   -1.986603e+01 3.155556e+01 5.000000e-01
      vertex   -1.996593e+01 3.700000e+01 7.411810e-01
    endloop
  endfacet
  facet normal -9.238795e-01 -7.803624e-18 -3.826834e-01
    outer loop
      vertex   -1.996593e+01 3.700000e+01 7.411810e-01
      vertex   -1.986603e+01 3.155556e+01 5.000000e-01
      vertex   -1.996593e+01 3.155556e+01 7.411810e-01
    endloop
  endfacet
  facet normal -9.914449e-01 -2.661671e-18 -1.305262e-01
    outer loop
      vertex   -1.996593e+01 3.700000e+01 7.411810e-01
      vertex   -1.996593e+01 3.155556e+01 7.411810e-01
      vertex   -2.000000e+01 3.700000e+01 1.000000e+00
    endloop
  endfacet
  facet normal -9.914449e-01 0.000000e+00 -1.305262e-01
    outer loop
      vertex   -2.000000e+01 3.700000e+01 1.000000e+00
      vertex   -1.996593e+01 3.155556e+01 7.411810e-01
      vertex   -1.996593e+01 2.611111e+01 7.411810e-01
    endloop
  endfacet
  facet normal -9.914449e-01 0.000000e+00 -1.305262e-01
    outer loop
      vertex   -2.000000e+01 3.700000e+01 1.000000e+00
      vertex   -1.996593e+01 2.611111e+01 7.411810e-01
      vertex   -1.996593e+01 2.066667e+01 7.411810e-01
    endloop
  endfacet
  facet normal -9.238795e-01 0.000000e+00 -3.826834e-01
    outer loop
      vertex   -1.996593e+01 2.066667e+01 7.411810e-01
      vertex   -1.996593e+01 2.611111e+01 7.411810e-01
      vertex   -1.986603e+01 2.066667e+01 5.000000e-01
    endloop
  endfacet
  facet normal -9.238795e-01 0.000000e+00 -3.826834e-01
    outer loop
      vertex   -1.996593e+01 2.066667e+01 7.411810e-01
      vertex   -1.986603e+01 2.066667e+01 5.000000e-01
      vertex   -1.986603e+01 1.522222e+01 5.000000e-01
    endloop
  endfacet
  facet normal -7.933533e-01 0.000000e+00 -6.087614e-01
    outer loop
      vertex   -1.986603e+01 1.522222e+01 5.000000e-01
      vertex   -1.986603e+01 2.066667e+01 5.000000e-01
      vertex   -1.970711e+01 1.522222e+01 2.928932e-01
    endloop
  endfacet
  facet normal -7.933533e-01 0.000000e+00 -6.087614e-01
    outer loop
      vertex   -1.986603e+01 1.522222e+01 5.000000e-01
      vertex   -1.970711e+01 1.522222e+01 2.928932e-01
      vertex   -1.970711e+01 9.777778e+00 2.928932e-01
    endloop
  endfacet
  facet normal -6.087614e-01 0.000000e+00 -7.933533e-01
    outer loop
      vertex   -1.970711e+01 9.777778e+00 2.928932e-01
      vertex   -1.970711e+01 1.522222e+01 2.928932e-01
      vertex   -1.950000e+01 9.777778e+00 1.339746e-01
    endloop
  endfacet
  facet normal -6.087614e-01 0.000000e+00 -7.933533e-01
    outer loop
      vertex   -1.970711e+01 9.777778e+00 2.928932e-01
      vertex   -1.950000e+01 9.777778e+00 1.339746e-01
      vertex   -1.950000e+01 4.333334e+00 1.339746e-01
    endloop
  endfacet
  facet normal -3.826834e-01 0.000000e+00 -9.238795e-01
    outer loop
      vertex   -1.950000e+01 4.333334e+00 1.339746e-01
      vertex   -1.950000e+01 9.777778e+00 1.339746e-01
      vertex   -1.925882e+01 4.333334e+00 3.407417e-02
    endloop
  endfacet
  facet normal -3.826834e-01 0.000000e+00 -9.238795e-01
    outer loop
      vertex   -1.950000e+01 4.333334e+00 1.339746e-01
      vertex   -1.925882e+01 4.333334e+00 3.407417e-02
      vertex   -1.925882e+01 -1.111111e+00 3.407417e-02
    endloop
  endfacet
  facet normal -1.305262e-01 0.000000e+00 -9.914449e-01
    outer loop
      vertex   -1.925882e+01 -1.111111e+00 3.407417e-02
      vertex   -1.925882e+01 4.333334e+00 3.407417e-02
      vertex   -1.900000e+01 -1.200000e+01 0.000000e+00
    endloop
  endfacet
  facet normal -1.305262e-01 -0.000000e+00 -9.914449e-01
    outer loop
      vertex   -1.925882e+01 -1.111111e+00 3.407417e-02
      vertex   -1.900000e+01 -1.200000e+01 0.000000e+00
      vertex   -1.925882e+01 -6.555555e+00 3.407417e-02
    endloop
  endfacet
  facet normal -1.305262e-01 -2.527175e-17 -9.914449e-01
    outer loop
      vertex   -1.925882e+01 -6.555555e+00 3.407417e-02
      vertex   -1.900000e+01 -1.200000e+01 0.000000e+00
      vertex   -1.925882e+01 -1.200000e+01 3.407417e-02
    endloop
  endfacet
  facet normal -3.826834e-01 -2.354952e-17 -9.238795e-01
    outer loop
      vertex   -1.925882e+01 -6.555555e+00 3.407417e-02
      vertex   -1.925882e+01 -1.200000e+01 3.407417e-02
      vertex   -1.950000e+01 -6.555555e+00 1.339746e-01
    endloop
  endfacet
  facet normal -3.826834e-01 4.709903e-17 -9.238795e-01
    outer loop
      vertex   -1.950000e+01 -6.555555e+00 1.339746e-01
      vertex   -1.925882e+01 -1.200000e+01 3.407417e-02
      vertex   -1.950000e+01 -1.200000e+01 1.339746e-01
    endloop
  endfacet
  facet normal -6.087614e-01 4.044486e-17 -7.933533e-01
    outer loop
      vertex   -1.950000e+01 -6.555555e+00 1.339746e-01
      vertex   -1.950000e+01 -1.200000e+01 1.339746e-01
      vertex   -1.970711e+01 -6.555555e+00 2.928932e-01
    endloop
  endfacet
  facet normal -6.087614e-01 5.662280e-17 -7.933533e-01
    outer loop
      vertex   -1.970711e+01 -6.555555e+00 2.928932e-01
      vertex   -1.950000e+01 -1.200000e+01 1.339746e-01
      vertex   -1.970711e+01 -1.200000e+01 2.928932e-01
    endloop
  endfacet
  facet normal -7.933533e-01 4.344820e-17 -6.087614e-01
    outer loop
      vertex   -1.970711e+01 -6.555555e+00 2.928932e-01
      vertex   -1.970711e+01 -1.200000e+01 2.928932e-01
      vertex   -1.986603e+01 -6.555555e+00 5.000000e-01
    endloop
  endfacet
  facet normal -7.933533e-01 -0.000000e+00 -6.087614e-01
    outer loop
      vertex   -1.986603e+01 -6.555555e+00 5.000000e-01
      vertex   -1.970711e+01 -1.200000e+01 2.928932e-01
      vertex   -1.986603e+01 -1.200000e+01 5.000000e-01
    endloop
  endfacet
  facet normal -9.238795e-01 -0.000000e+00 -3.826834e-01
    outer loop
      vertex   -1.986603e+01 -6.555555e+00 5.000000e-01
      vertex   -1.986603e+01 -1.200000e+01 5.000000e-01
      vertex   -1.996593e+01 -6.555555e+00 7.411810e-01
    endloop
  endfacet
  facet normal -9.238795e-01 7.803624e-18 -3.826834e-01
    outer loop
      vertex   -1.996593e+01 -6.555555e+00 7.411810e-01
      vertex   -1.986603e+01 -1.200000e+01 5.000000e-01
      vertex   -1.996593e+01 -1.200000e+01 7.411810e-01
    endloop
  endfacet
  facet normal -9.914449e-01 2.661671e-18 -1.305262e-01
    outer loop
      vertex   -1.996593e+01 -6.555555e+00 7.411810e-01
      vertex   -1.996593e+01 -1.200000e+01 7.411810e-01
      vertex   -2.000000e+01 -1.200000e+01 1.000000e+00
    endloop
  endfacet
  facet normal -9.914449e-01 -5.914824e-19 -1.305262e-01
    outer loop
      vertex   -2.000000e+01 3.700000e+01 1.000000e+00
      vertex   -1.996593e+01 9.777778e+00 7.411810e-01
      vertex   -2.000000e+01 -1.200000e+01 1.000000e+00
    endloop
  endfacet
  facet normal -9.914449e-01 0.000000e+00 -1.305262e-01
    outer loop
      vertex   -2.000000e+01 -1.200000e+01 1.000000e+00
      vertex   -1.996593e+01 9.777778e+00 7.411810e-01
      vertex   -1.996593e+01 4.333334e+00 7.411810e-01
    endloop
  endfacet
  facet normal -9.914449e-01 0.000000e+00 -1.305262e-01
    outer loop
      vertex   -2.000000e+01 -1.200000e+01 1.000000e+00
      vertex   -1.996593e+01 4.333334e+00 7.411810e-01
      vertex   -1.996593e+01 -1.111111e+00 7.411810e-01
    endloop
  endfacet
  facet normal -9.238795e-01 0.000000e+00 -3.826834e-01
    outer loop
      vertex   -1.996593e+01 -1.111111e+00 7.411810e-01
      vertex   -1.996593e+01 4.333334e+00 7.411810e-01
      vertex   -1.986603e+01 -1.111111e+00 5.000000e-01
    endloop
  endfacet
  facet normal -9.238795e-01 0.000000e+00 -3.826834e-01
    outer loop
      vertex   -1.996593e+01 -1.111111e+00 7.411810e-01
      vertex   -1.986603e+01 -1.111111e+00 5.000000e-01
      vertex   -1.986603e+01 -6.555555e+00 5.000000e-01
    endloop
  endfacet
  facet normal -7.933533e-01 0.000000e+00 -6.087614e-01
    outer loop
      vertex   -1.986603e+01 -6.555555e+00 5.000000e-01
      vertex   -1.986603e+01 -1.111111e+00 5.000000e-01
      vertex   -1.970711e+01 -6.555555e+00 2.928932e-01
    endloop
  endfacet
  facet normal -6.087614e-01 -4.882126e-18 -7.933533e-01
    outer loop
      vertex   -1.970711e+01 3.700000e+01 2.928932e-01
      vertex   -1.950000e+01 3.700000e+01 1.339746e-01
      vertex   -1.950000e+01 3.155556e+01 1.339746e-01
    endloop
  endfacet
  facet normal -3.826834e-01 -4.709903e-18 -9.238795e-01
    outer loop
      vertex   -1.950000e+01 3.155556e+01 1.339746e-01
      vertex   -1.950000e+01 3.700000e+01 1.339746e-01
      vertex   -1.925882e+01 3.155556e+01 3.407417e-02
    endloop
  endfacet
  facet normal -3.826834e-01 0.000000e+00 -9.238795e-01
    outer loop
      vertex   -1.950000e+01 3.155556e+01 1.339746e-01
      vertex   -1.925882e+01 3.155556e+01 3.407417e-02
      vertex   -1.925882e+01 2.611111e+01 3.407417e-02
    endloop
  endfacet
  facet normal -1.305262e-01 0.000000e+00 -9.914449e-01
    outer loop
      vertex   -1.925882e+01 2.611111e+01 3.407417e-02
      vertex   -1.925882e+01 3.155556e+01 3.407417e-02
      vertex   -1.900000e+01 3.700000e+01 0.000000e+00
    endloop
  endfacet
  facet normal -3.826834e-01 2.441063e-17 -9.238795e-01
    outer loop
      vertex   -1.950000e+01 3.700000e+01 1.339746e-01
      vertex   -1.925882e+01 3.700000e+01 3.407417e-02
      vertex   -1.925882e+01 3.155556e+01 3.407417e-02
    endloop
  endfacet
  facet normal -1.305262e-01 2.527175e-17 -9.914449e-01
    outer loop
      vertex   -1.925882e+01 3.155556e+01 3.407417e-02
      vertex   -1.925882e+01 3.700000e+01 3.407417e-02
      vertex   -1.900000e+01 3.700000e+01 0.000000e+00
    endloop
  endfacet
  facet normal -3.826834e-01 -0.000000e+00 -9.238795e-01
    outer loop
      vertex   -1.925882e+01 -1.111111e+00 3.407417e-02
      vertex   -1.925882e+01 -6.555555e+00 3.407417e-02
      vertex   -1.950000e+01 -1.111111e+00 1.339746e-01
    endloop
  endfacet
  facet normal -3.826834e-01 -0.000000e+00 -9.238795e-01
    outer loop
      vertex   -1.950000e+01 -1.111111e+00 1.339746e-01
      vertex   -1.925882e+01 -6.555555e+00 3.407417e-02
      vertex   -1.950000e+01 -6.555555e+00 1.339746e-01
    endloop
  endfacet
  facet normal -6.087614e-01 -0.000000e+00 -7.933533e-01
    outer loop
      vertex   -1.950000e+01 -1.111111e+00 1.339746e-01
      vertex   -1.950000e+01 -6.555555e+00 1.339746e-01
      vertex   -1.970711e+01 -1.111111e+00 2.928932e-01
    endloop
  endfacet
  facet normal -6.087614e-01 -0.000000e+00 -7.933533e-01
    outer loop
      vertex   -1.970711e+01 -1.111111e+00 2.928932e-01
      vertex   -1.950000e+01 -6.555555e+00 1.339746e-01
      vertex   -1.970711e+01 -6.555555e+00 2.928932e-01
    endloop
  endfacet
  facet normal -7.933533e-01 -0.000000e+00 -6.087614e-01
    outer loop
      vertex   -1.970711e+01 -1.111111e+00 2.928932e-01
      vertex   -1.970711e+01 -6.555555e+00 2.928932e-01
      vertex   -1.986603e+01 -1.111111e+00 5.000000e-01
    endloop
  endfacet
  facet normal -1.305262e-01 -0.000000e+00 -9.914449e-01
    outer loop
      vertex   -1.925882e+01 1.522222e+01 3.407417e-02
      vertex   -1.900000e+01 -1.200000e+01 0.000000e+00
      vertex   -1.925882e+01 9.777778e+00 3.407417e-02
    endloop
  endfacet
  facet normal -1.305262e-01 -0.000000e+00 -9.914449e-01
    outer loop
      vertex   -1.925882e+01 9.777778e+00 3.407417e-02
      vertex   -1.900000e+01 -1.200000e+01 0.000000e+00
      vertex   -1.925882e+01 4.333334e+00 3.407417e-02
    endloop
  endfacet
  facet normal -3.826834e-01 -0.000000e+00 -9.238795e-01
    outer loop
      vertex   -1.925882e+01 9.777778e+00 3.407417e-02
      vertex   -1.925882e+01 4.333334e+00 3.407417e-02
      vertex   -1.950000e+01 9.777778e+00 1.339746e-01
    endloop
  endfacet
  facet normal -3.826834e-01 -0.000000e+00 -9.238795e-01
    outer loop
      vertex   -1.925882e+01 1.522222e+01 3.407417e-02
      vertex   -1.925882e+01 9.777778e+00 3.407417e-02
      vertex   -1.950000e+01 1.522222e+01 1.339746e-01
    endloop
  endfacet
  facet normal -3.826834e-01 -0.000000e+00 -9.238795e-01
    outer loop
      vertex   -1.950000e+01 1.522222e+01 1.339746e-01
      vertex   -1.925882e+01 9.777778e+00 3.407417e-02
      vertex   -1.950000e+01 9.777778e+00 1.339746e-01
    endloop
  endfacet
  facet normal -6.087614e-01 -0.000000e+00 -7.933533e-01
    outer loop
      vertex   -1.950000e+01 1.522222e+01 1.339746e-01
      vertex   -1.950000e+01 9.777778e+00 1.339746e-01
      vertex   -1.970711e+01 1.522222e+01 2.928932e-01
    endloop
  endfacet
  facet normal -3.826834e-01 -0.000000e+00 -9.238795e-01
    outer loop
      vertex   -1.925882e+01 2.066667e+01 3.407417e-02
      vertex   -1.925882e+01 1.522222e+01 3.407417e-02
      vertex   -1.950000e+01 2.066667e+01 1.339746e-01
    endloop
  endfacet
  facet normal -3.826834e-01 -0.000000e+00 -9.238795e-01
    outer loop
      vertex   -1.950000e+01 2.066667e+01 1.339746e-01
      vertex   -1.925882e+01 1.522222e+01 3.407417e-02
      vertex   -1.950000e+01 1.522222e+01 1.339746e-01
    endloop
  endfacet
  facet normal -6.087614e-01 -0.000000e+00 -7.933533e-01
    outer loop
      vertex   -1.950000e+01 2.066667e+01 1.339746e-01
      vertex   -1.950000e+01 1.522222e+01 1.339746e-01
      vertex   -1.970711e+01 2.066667e+01 2.928932e-01
    endloop
  endfacet
  facet normal -6.087614e-01 -0.000000e+00 -7.933533e-01
    outer loop
      vertex   -1.970711e+01 2.066667e+01 2.928932e-01
      vertex   -1.950000e+01 1.522222e+01 1.339746e-01
      vertex   -1.970711e+01 1.522222e+01 2.928932e-01
    endloop
  endfacet
  facet normal -7.933533e-01 -0.000000e+00 -6.087614e-01
    outer loop
      vertex   -1.970711e+01 2.066667e+01 2.928932e-01
      vertex   -1.970711e+01 1.522222e+01 2.928932e-01
      vertex   -1.986603e+01 2.066667e+01 5.000000e-01
    endloop
  endfacet
  facet normal -3.826834e-01 0.000000e+00 -9.238795e-01
    outer loop
      vertex   -1.925882e+01 -1.111111e+00 3.407417e-02
      vertex   -1.950000e+01 -1.111111e+00 1.339746e-01
      vertex   -1.950000e+01 4.333334e+00 1.339746e-01
    endloop
  endfacet
  facet normal -6.087614e-01 -0.000000e+00 -7.933533e-01
    outer loop
      vertex   -1.950000e+01 4.333334e+00 1.339746e-01
      vertex   -1.950000e+01 -1.111111e+00 1.339746e-01
      vertex   -1.970711e+01 4.333334e+00 2.928932e-01
    endloop
  endfacet
  facet normal -6.087614e-01 0.000000e+00 -7.933533e-01
    outer loop
      vertex   -1.950000e+01 4.333334e+00 1.339746e-01
      vertex   -1.970711e+01 4.333334e+00 2.928932e-01
      vertex   -1.970711e+01 9.777778e+00 2.928932e-01
    endloop
  endfacet
  facet normal -7.933533e-01 -0.000000e+00 -6.087614e-01
    outer loop
      vertex   -1.970711e+01 9.777778e+00 2.928932e-01
      vertex   -1.970711e+01 4.333334e+00 2.928932e-01
      vertex   -1.986603e+01 9.777778e+00 5.000000e-01
    endloop
  endfacet
  facet normal -7.933533e-01 0.000000e+00 -6.087614e-01
    outer loop
      vertex   -1.970711e+01 9.777778e+00 2.928932e-01
      vertex   -1.986603e+01 9.777778e+00 5.000000e-01
      vertex   -1.986603e+01 1.522222e+01 5.000000e-01
    endloop
  endfacet
  facet normal -9.238795e-01 -0.000000e+00 -3.826834e-01
    outer loop
      vertex   -1.986603e+01 1.522222e+01 5.000000e-01
      vertex   -1.986603e+01 9.777778e+00 5.000000e-01
      vertex   -1.996593e+01 1.522222e+01 7.411810e-01
    endloop
  endfacet
  facet normal -9.238795e-01 0.000000e+00 -3.826834e-01
    outer loop
      vertex   -1.986603e+01 1.522222e+01 5.000000e-01
      vertex   -1.996593e+01 1.522222e+01 7.411810e-01
      vertex   -1.996593e+01 2.066667e+01 7.411810e-01
    endloop
  endfacet
  facet normal -9.914449e-01 -0.000000e+00 -1.305262e-01
    outer loop
      vertex   -1.996593e+01 2.066667e+01 7.411810e-01
      vertex   -1.996593e+01 1.522222e+01 7.411810e-01
      vertex   -2.000000e+01 3.700000e+01 1.000000e+00
    endloop
  endfacet
  facet normal -6.087614e-01 -0.000000e+00 -7.933533e-01
    outer loop
      vertex   -1.970711e+01 4.333334e+00 2.928932e-01
      vertex   -1.950000e+01 -1.111111e+00 1.339746e-01
      vertex   -1.970711e+01 -1.111111e+00 2.928932e-01
    endloop
  endfacet
  facet normal -3.826834e-01 -2.441063e-17 -9.238795e-01
    outer loop
      vertex   -1.925882e+01 2.066667e+01 3.407417e-02
      vertex   -1.950000e+01 2.066667e+01 1.339746e-01
      vertex   -1.950000e+01 2.611111e+01 1.339746e-01
    endloop
  endfacet
  facet normal -6.087614e-01 -2.022243e-17 -7.933533e-01
    outer loop
      vertex   -1.950000e+01 2.611111e+01 1.339746e-01
      vertex   -1.950000e+01 2.066667e+01 1.339746e-01
      vertex   -1.970711e+01 2.611111e+01 2.928932e-01
    endloop
  endfacet
  facet normal -6.087614e-01 0.000000e+00 -7.933533e-01
    outer loop
      vertex   -1.950000e+01 2.611111e+01 1.339746e-01
      vertex   -1.970711e+01 2.611111e+01 2.928932e-01
      vertex   -1.970711e+01 3.155556e+01 2.928932e-01
    endloop
  endfacet
  facet normal -7.933533e-01 -0.000000e+00 -6.087614e-01
    outer loop
      vertex   -1.970711e+01 3.155556e+01 2.928932e-01
      vertex   -1.970711e+01 2.611111e+01 2.928932e-01
      vertex   -1.986603e+01 3.155556e+01 5.000000e-01
    endloop
  endfacet
  facet normal -6.087614e-01 -0.000000e+00 -7.933533e-01
    outer loop
      vertex   -1.970711e+01 2.611111e+01 2.928932e-01
      vertex   -1.950000e+01 2.066667e+01 1.339746e-01
      vertex   -1.970711e+01 2.066667e+01 2.928932e-01
    endloop
  endfacet
  facet normal -7.933533e-01 -0.000000e+00 -6.087614e-01
    outer loop
      vertex   -1.970711e+01 4.333334e+00 2.928932e-01
      vertex   -1.970711e+01 -1.111111e+00 2.928932e-01
      vertex   -1.986603e+01 4.333334e+00 5.000000e-01
    endloop
  endfacet
  facet normal -7.933533e-01 -0.000000e+00 -6.087614e-01
    outer loop
      vertex   -1.986603e+01 4.333334e+00 5.000000e-01
      vertex   -1.970711e+01 -1.111111e+00 2.928932e-01
      vertex   -1.986603e+01 -1.111111e+00 5.000000e-01
    endloop
  endfacet
  facet normal -9.238795e-01 -0.000000e+00 -3.826834e-01
    outer loop
      vertex   -1.986603e+01 4.333334e+00 5.000000e-01
      vertex   -1.986603e+01 -1.111111e+00 5.000000e-01
      vertex   -1.996593e+01 4.333334e+00 7.411810e-01
    endloop
  endfacet
  facet normal -7.933533e-01 -0.000000e+00 -6.087614e-01
    outer loop
      vertex   -1.970711e+01 2.611111e+01 2.928932e-01
      vertex   -1.970711e+01 2.066667e+01 2.928932e-01
      vertex   -1.986603e+01 2.611111e+01 5.000000e-01
    endloop
  endfacet
  facet normal -7.933533e-01 -0.000000e+00 -6.087614e-01
    outer loop
      vertex   -1.986603e+01 2.611111e+01 5.000000e-01
      vertex   -1.970711e+01 2.066667e+01 2.928932e-01
      vertex   -1.986603e+01 2.066667e+01 5.000000e-01
    endloop
  endfacet
  facet normal -9.238795e-01 -0.000000e+00 -3.826834e-01
    outer loop
      vertex   -1.986603e+01 2.611111e+01 5.000000e-01
      vertex   -1.986603e+01 2.066667e+01 5.000000e-01
      vertex   -1.996593e+01 2.611111e+01 7.411810e-01
    endloop
  endfacet
  facet normal -9.238795e-01 -0.000000e+00 -3.826834e-01
    outer loop
      vertex   -1.996593e+01 -1.111111e+00 7.411810e-01
      vertex   -1.986603e+01 -6.555555e+00 5.000000e-01
      vertex   -1.996593e+01 -6.555555e+00 7.411810e-01
    endloop
  endfacet
  facet normal -7.933533e-01 0.000000e+00 -6.087614e-01
    outer loop
      vertex   -1.970711e+01 4.333334e+00 2.928932e-01
      vertex   -1.986603e+01 4.333334e+00 5.000000e-01
      vertex   -1.986603e+01 9.777778e+00 5.000000e-01
    endloop
  endfacet
  facet normal -9.238795e-01 -0.000000e+00 -3.826834e-01
    outer loop
      vertex   -1.986603e+01 9.777778e+00 5.000000e-01
      vertex   -1.986603e+01 4.333334e+00 5.000000e-01
      vertex   -1.996593e+01 9.777778e+00 7.411810e-01
    endloop
  endfacet
  facet normal -9.238795e-01 0.000000e+00 -3.826834e-01
    outer loop
      vertex   -1.986603e+01 9.777778e+00 5.000000e-01
      vertex   -1.996593e+01 9.777778e+00 7.411810e-01
      vertex   -1.996593e+01 1.522222e+01 7.411810e-01
    endloop
  endfacet
  facet normal -9.914449e-01 -0.000000e+00 -1.305262e-01
    outer loop
      vertex   -1.996593e+01 1.522222e+01 7.411810e-01
      vertex   -1.996593e+01 9.777778e+00 7.411810e-01
      vertex   -2.000000e+01 3.700000e+01 1.000000e+00
    endloop
  endfacet
  facet normal -9.238795e-01 -0.000000e+00 -3.826834e-01
    outer loop
      vertex   -1.996593e+01 9.777778e+00 7.411810e-01
      vertex   -1.986603e+01 4.333334e+00 5.000000e-01
      vertex   -1.996593e+01 4.333334e+00 7.411810e-01
    endloop
  endfacet
  facet normal -9.238795e-01 0.000000e+00 -3.826834e-01
    outer loop
      vertex   -1.996593e+01 3.155556e+01 7.411810e-01
      vertex   -1.986603e+01 3.155556e+01 5.000000e-01
      vertex   -1.986603e+01 2.611111e+01 5.000000e-01
    endloop
  endfacet
  facet normal -7.933533e-01 0.000000e+00 -6.087614e-01
    outer loop
      vertex   -1.986603e+01 2.611111e+01 5.000000e-01
      vertex   -1.986603e+01 3.155556e+01 5.000000e-01
      vertex   -1.970711e+01 2.611111e+01 2.928932e-01
    endloop
  endfacet
  facet normal -9.238795e-01 -0.000000e+00 -3.826834e-01
    outer loop
      vertex   -1.996593e+01 3.155556e+01 7.411810e-01
      vertex   -1.986603e+01 2.611111e+01 5.000000e-01
      vertex   -1.996593e+01 2.611111e+01 7.411810e-01
    endloop
  endfacet
  facet normal -9.914449e-01 0.000000e+00 -1.305262e-01
    outer loop
      vertex   -2.000000e+01 -1.200000e+01 1.000000e+00
      vertex   -1.996593e+01 -1.111111e+00 7.411810e-01
      vertex   -1.996593e+01 -6.555555e+00 7.411810e-01
    endloop
  endfacet
  facet normal 9.914449e-01 -5.914824e-19 -1.305262e-01
    outer loop
      vertex   0.000000e+00 -1.200000e+01 1.000000e+00
      vertex   -3.407417e-02 1.522222e+01 7.411810e-01
      vertex   0.000000e+00 3.700000e+01 1.000000e+00
    endloop
  endfacet
  facet normal 9.914449e-01 -2.441063e-18 -1.305262e-01
    outer loop
      vertex   0.000000e+00 3.700000e+01 1.000000e+00
      vertex   -3.407417e-02 1.522222e+01 7.411810e-01
      vertex   -3.407417e-02 2.066667e+01 7.411810e-01
    endloop
  endfacet
  facet normal 9.914449e-01 0.000000e+00 -1.305262e-01
    outer loop
      vertex   0.000000e+00 3.700000e+01 1.000000e+00
      vertex   -3.407417e-02 2.066667e+01 7.411810e-01
      vertex   -3.407417e-02 2.611111e+01 7.411810e-01
    endloop
  endfacet
  facet normal 9.238795e-01 0.000000e+00 -3.826834e-01
    outer loop
      vertex   -3.407417e-02 2.611111e+01 7.411810e-01
      vertex   -3.407417e-02 2.066667e+01 7.411810e-01
      vertex   -1.339746e-01 2.611111e+01 5.000000e-01
    endloop
  endfacet
  facet normal 9.238795e-01 -4.882126e-18 -3.826834e-01
    outer loop
      vertex   -3.407417e-02 2.611111e+01 7.411810e-01
      vertex   -1.339746e-01 2.611111e+01 5.000000e-01
      vertex   -1.339746e-01 3.155556e+01 5.000000e-01
    endloop
  endfacet
  facet normal 7.933533e-01 -6.206886e-18 -6.087614e-01
    outer loop
      vertex   -1.339746e-01 3.155556e+01 5.000000e-01
      vertex   -1.339746e-01 2.611111e+01 5.000000e-01
      vertex   -2.928932e-01 3.155556e+01 2.928932e-01
    endloop
  endfacet
  facet normal 7.933533e-01 0.000000e+00 -6.087614e-01
    outer loop
      vertex   -1.339746e-01 3.155556e+01 5.000000e-01
      vertex   -2.928932e-01 3.155556e+01 2.928932e-01
      vertex   -2.928932e-01 3.700000e+01 2.928932e-01
    endloop
  endfacet
  facet normal 6.087614e-01 0.000000e+00 -7.933533e-01
    outer loop
      vertex   -2.928932e-01 3.700000e+01 2.928932e-01
      vertex   -2.928932e-01 3.155556e+01 2.928932e-01
      vertex   -5.000000e-01 3.700000e+01 1.339746e-01
    endloop
  endfacet
  facet normal 6.087614e-01 0.000000e+00 -7.933533e-01
    outer loop
      vertex   -5.000000e-01 3.700000e+01 1.339746e-01
      vertex   -2.928932e-01 3.155556e+01 2.928932e-01
      vertex   -5.000000e-01 3.155556e+01 1.339746e-01
    endloop
  endfacet
  facet normal 3.826834e-01 0.000000e+00 -9.238795e-01
    outer loop
      vertex   -5.000000e-01 3.700000e+01 1.339746e-01
      vertex   -5.000000e-01 3.155556e+01 1.339746e-01
      vertex   -7.411810e-01 3.700000e+01 3.407417e-02
    endloop
  endfacet
  facet normal 3.826834e-01 0.000000e+00 -9.238795e-01
    outer loop
      vertex   -7.411810e-01 3.700000e+01 3.407417e-02
      vertex   -5.000000e-01 3.155556e+01 1.339746e-01
      vertex   -7.411810e-01 3.155556e+01 3.407417e-02
    endloop
  endfacet
  facet normal 1.305262e-01 0.000000e+00 -9.914449e-01
    outer loop
      vertex   -7.411810e-01 3.700000e+01 3.407417e-02
      vertex   -7.411810e-01 3.155556e+01 3.407417e-02
      vertex   -1.000000e+00 3.700000e+01 0.000000e+00
    endloop
  endfacet
  facet normal 1.305262e-01 0.000000e+00 -9.914449e-01
    outer loop
      vertex   -1.000000e+00 3.700000e+01 0.000000e+00
      vertex   -7.411810e-01 3.155556e+01 3.407417e-02
      vertex   -7.411810e-01 2.611111e+01 3.407417e-02
    endloop
  endfacet
  facet normal 1.305262e-01 0.000000e+00 -9.914449e-01
    outer loop
      vertex   -1.000000e+00 3.700000e+01 0.000000e+00
      vertex   -7.411810e-01 2.611111e+01 3.407417e-02
      vertex   -7.411810e-01 2.066667e+01 3.407417e-02
    endloop
  endfacet
  facet normal 3.826834e-01 0.000000e+00 -9.238795e-01
    outer loop
      vertex   -7.411810e-01 2.066667e+01 3.407417e-02
      vertex   -7.411810e-01 2.611111e+01 3.407417e-02
      vertex   -5.000000e-01 2.066667e+01 1.339746e-01
    endloop
  endfacet
  facet normal 3.826834e-01 4.882126e-18 -9.238795e-01
    outer loop
      vertex   -7.411810e-01 2.066667e+01 3.407417e-02
      vertex   -5.000000e-01 2.066667e+01 1.339746e-01
      vertex   -5.000000e-01 1.522222e+01 1.339746e-01
    endloop
  endfacet
  facet normal 6.087614e-01 6.206886e-18 -7.933533e-01
    outer loop
      vertex   -5.000000e-01 1.522222e+01 1.339746e-01
      vertex   -5.000000e-01 2.066667e+01 1.339746e-01
      vertex   -2.928932e-01 1.522222e+01 2.928932e-01
    endloop
  endfacet
  facet normal 6.087614e-01 0.000000e+00 -7.933533e-01
    outer loop
      vertex   -5.000000e-01 1.522222e+01 1.339746e-01
      vertex   -2.928932e-01 1.522222e+01 2.928932e-01
      vertex   -2.928932e-01 9.777778e+00 2.928932e-01
    endloop
  endfacet
  facet normal 7.933533e-01 1.185314e-17 -6.087614e-01
    outer loop
      vertex   -2.928932e-01 9.777778e+00 2.928932e-01
      vertex   -2.928932e-01 1.522222e+01 2.928932e-01
      vertex   -1.339746e-01 9.777778e+00 5.000000e-01
    endloop
  endfacet
  facet normal 7.933533e-01 0.000000e+00 -6.087614e-01
    outer loop
      vertex   -2.928932e-01 9.777778e+00 2.928932e-01
      vertex   -1.339746e-01 9.777778e+00 5.000000e-01
      vertex   -1.339746e-01 4.333334e+00 5.000000e-01
    endloop
  endfacet
  facet normal 9.238795e-01 0.000000e+00 -3.826834e-01
    outer loop
      vertex   -1.339746e-01 4.333334e+00 5.000000e-01
      vertex   -1.339746e-01 9.777778e+00 5.000000e-01
      vertex   -3.407417e-02 4.333334e+00 7.411810e-01
    endloop
  endfacet
  facet normal 9.238795e-01 0.000000e+00 -3.826834e-01
    outer loop
      vertex   -1.339746e-01 4.333334e+00 5.000000e-01
      vertex   -3.407417e-02 4.333334e+00 7.411810e-01
      vertex   -3.407417e-02 -1.111111e+00 7.411810e-01
    endloop
  endfacet
  facet normal 9.914449e-01 0.000000e+00 -1.305262e-01
    outer loop
      vertex   -3.407417e-02 -1.111111e+00 7.411810e-01
      vertex   -3.407417e-02 4.333334e+00 7.411810e-01
      vertex   0.000000e+00 -1.200000e+01 1.000000e+00
    endloop
  endfacet
  facet normal 9.914449e-01 0.000000e+00 -1.305262e-01
    outer loop
      vertex   -3.407417e-02 -1.111111e+00 7.411810e-01
      vertex   0.000000e+00 -1.200000e+01 1.000000e+00
      vertex   -3.407417e-02 -6.555555e+00 7.411810e-01
    endloop
  endfacet
  facet normal 9.914449e-01 -2.793342e-17 -1.305262e-01
    outer loop
      vertex   -3.407417e-02 -6.555555e+00 7.411810e-01
      vertex   0.000000e+00 -1.200000e+01 1.000000e+00
      vertex   -3.407417e-02 -1.200000e+01 7.411810e-01
    endloop
  endfacet
  facet normal 9.238795e-01 -3.135314e-17 -3.826834e-01
    outer loop
      vertex   -3.407417e-02 -6.555555e+00 7.411810e-01
      vertex   -3.407417e-02 -1.200000e+01 7.411810e-01
      vertex   -1.339746e-01 -6.555555e+00 5.000000e-01
    endloop
  endfacet
  facet normal 9.238795e-01 -3.135314e-17 -3.826834e-01
    outer loop
      vertex   -1.339746e-01 -6.555555e+00 5.000000e-01
      vertex   -3.407417e-02 -1.200000e+01 7.411810e-01
      vertex   -1.339746e-01 -1.200000e+01 5.000000e-01
    endloop
  endfacet
  facet normal 7.933533e-01 -3.263620e-17 -6.087614e-01
    outer loop
      vertex   -1.339746e-01 -6.555555e+00 5.000000e-01
      vertex   -1.339746e-01 -1.200000e+01 5.000000e-01
      vertex   -2.928932e-01 -6.555555e+00 2.928932e-01
    endloop
  endfacet
  facet normal 7.933533e-01 -3.668069e-17 -6.087614e-01
    outer loop
      vertex   -2.928932e-01 -6.555555e+00 2.928932e-01
      vertex   -1.339746e-01 -1.200000e+01 5.000000e-01
      vertex   -2.928932e-01 -1.200000e+01 2.928932e-01
    endloop
  endfacet
  facet normal 6.087614e-01 -3.479860e-17 -7.933533e-01
    outer loop
      vertex   -2.928932e-01 -6.555555e+00 2.928932e-01
      vertex   -2.928932e-01 -1.200000e+01 2.928932e-01
      vertex   -5.000000e-01 -6.555555e+00 1.339746e-01
    endloop
  endfacet
  facet normal 6.087614e-01 -2.022243e-17 -7.933533e-01
    outer loop
      vertex   -5.000000e-01 -6.555555e+00 1.339746e-01
      vertex   -2.928932e-01 -1.200000e+01 2.928932e-01
      vertex   -5.000000e-01 -1.200000e+01 1.339746e-01
    endloop
  endfacet
  facet normal 3.826834e-01 -2.354952e-17 -9.238795e-01
    outer loop
      vertex   -5.000000e-01 -6.555555e+00 1.339746e-01
      vertex   -5.000000e-01 -1.200000e+01 1.339746e-01
      vertex   -7.411810e-01 -6.555555e+00 3.407417e-02
    endloop
  endfacet
  facet normal 3.826834e-01 -3.929541e-17 -9.238795e-01
    outer loop
      vertex   -7.411810e-01 -6.555555e+00 3.407417e-02
      vertex   -5.000000e-01 -1.200000e+01 1.339746e-01
      vertex   -7.411810e-01 -1.200000e+01 3.407417e-02
    endloop
  endfacet
  facet normal 1.305262e-01 -4.788182e-17 -9.914449e-01
    outer loop
      vertex   -7.411810e-01 -6.555555e+00 3.407417e-02
      vertex   -7.411810e-01 -1.200000e+01 3.407417e-02
      vertex   -1.000000e+00 -1.200000e+01 0.000000e+00
    endloop
  endfacet
  facet normal 1.305262e-01 0.000000e+00 -9.914449e-01
    outer loop
      vertex   -1.000000e+00 3.700000e+01 0.000000e+00
      vertex   -7.411810e-01 9.777778e+00 3.407417e-02
      vertex   -1.000000e+00 -1.200000e+01 0.000000e+00
    endloop
  endfacet
  facet normal 1.305262e-01 0.000000e+00 -9.914449e-01
    outer loop
      vertex   -1.000000e+00 -1.200000e+01 0.000000e+00
      vertex   -7.411810e-01 9.777778e+00 3.407417e-02
      vertex   -7.411810e-01 4.333334e+00 3.407417e-02
    endloop
  endfacet
  facet normal 1.305262e-01 0.000000e+00 -9.914449e-01
    outer loop
      vertex   -1.000000e+00 -1.200000e+01 0.000000e+00
      vertex   -7.411810e-01 4.333334e+00 3.407417e-02
      vertex   -7.411810e-01 -1.111111e+00 3.407417e-02
    endloop
  endfacet
  facet normal 3.826834e-01 0.000000e+00 -9.238795e-01
    outer loop
      vertex   -7.411810e-01 -1.111111e+00 3.407417e-02
      vertex   -7.411810e-01 4.333334e+00 3.407417e-02
      vertex   -5.000000e-01 -1.111111e+00 1.339746e-01
    endloop
  endfacet
  facet normal 3.826834e-01 4.882126e-18 -9.238795e-01
    outer loop
      vertex   -7.411810e-01 -1.111111e+00 3.407417e-02
      vertex   -5.000000e-01 -1.111111e+00 1.339746e-01
      vertex   -5.000000e-01 -6.555555e+00 1.339746e-01
    endloop
  endfacet
  facet normal 6.087614e-01 6.206886e-18 -7.933533e-01
    outer loop
      vertex   -5.000000e-01 -6.555555e+00 1.339746e-01
      vertex   -5.000000e-01 -1.111111e+00 1.339746e-01
      vertex   -2.928932e-01 -6.555555e+00 2.928932e-01
    endloop
  endfacet
  facet normal 7.933533e-01 0.000000e+00 -6.087614e-01
    outer loop
      vertex   -2.928932e-01 3.700000e+01 2.928932e-01
      vertex   -1.339746e-01 3.700000e+01 5.000000e-01
      vertex   -1.339746e-01 3.155556e+01 5.000000e-01
    endloop
  endfacet
  facet normal 9.238795e-01 0.000000e+00 -3.826834e-01
    outer loop
      vertex   -1.339746e-01 3.155556e+01 5.000000e-01
      vertex   -1.339746e-01 3.700000e+01 5.000000e-01
      vertex   -3.407417e-02 3.155556e+01 7.411810e-01
    endloop
  endfacet
  facet normal 9.238795e-01 0.000000e+00 -3.826834e-01
    outer loop
      vertex   -1.339746e-01 3.155556e+01 5.000000e-01
      vertex   -3.407417e-02 3.155556e+01 7.411810e-01
      vertex   -3.407417e-02 2.611111e+01 7.411810e-01
    endloop
  endfacet
  facet normal 9.914449e-01 0.000000e+00 -1.305262e-01
    outer loop
      vertex   -3.407417e-02 2.611111e+01 7.411810e-01
      vertex   -3.407417e-02 3.155556e+01 7.411810e-01
      vertex   0.000000e+00 3.700000e+01 1.000000e+00
    endloop
  endfacet
  facet normal 9.238795e-01 1.220532e-17 -3.826834e-01
    outer loop
      vertex   -1.339746e-01 3.700000e+01 5.000000e-01
      vertex   -3.407417e-02 3.700000e+01 7.411810e-01
      vertex   -3.407417e-02 3.155556e+01 7.411810e-01
    endloop
  endfacet
  facet normal 9.914449e-01 1.263587e-17 -1.305262e-01
    outer loop
      vertex   -3.407417e-02 3.155556e+01 7.411810e-01
      vertex   -3.407417e-02 3.700000e+01 7.411810e-01
      vertex   0.000000e+00 3.700000e+01 1.000000e+00
    endloop
  endfacet
  facet normal 9.238795e-01 0.000000e+00 -3.826834e-01
    outer loop
      vertex   -3.407417e-02 -1.111111e+00 7.411810e-01
      vertex   -3.407417e-02 -6.555555e+00 7.411810e-01
      vertex   -1.339746e-01 -1.111111e+00 5.000000e-01
    endloop
  endfacet
  facet normal 9.238795e-01 0.000000e+00 -3.826834e-01
    outer loop
      vertex   -1.339746e-01 -1.111111e+00 5.000000e-01
      vertex   -3.407417e-02 -6.555555e+00 7.411810e-01
      vertex   -1.339746e-01 -6.555555e+00 5.000000e-01
    endloop
  endfacet
  facet normal 7.933533e-01 0.000000e+00 -6.087614e-01
    outer loop
      vertex   -1.339746e-01 -1.111111e+00 5.000000e-01
      vertex   -1.339746e-01 -6.555555e+00 5.000000e-01
      vertex   -2.928932e-01 -1.111111e+00 2.928932e-01
    endloop
  endfacet
  facet normal 7.933533e-01 0.000000e+00 -6.087614e-01
    outer loop
      vertex   -2.928932e-01 -1.111111e+00 2.928932e-01
      vertex   -1.339746e-01 -6.555555e+00 5.000000e-01
      vertex   -2.928932e-01 -6.555555e+00 2.928932e-01
    endloop
  endfacet
  facet normal 6.087614e-01 0.000000e+00 -7.933533e-01
    outer loop
      vertex   -2.928932e-01 -1.111111e+00 2.928932e-01
      vertex   -2.928932e-01 -6.555555e+00 2.928932e-01
      vertex   -5.000000e-01 -1.111111e+00 1.339746e-01
    endloop
  endfacet
  facet normal 9.914449e-01 0.000000e+00 -1.305262e-01
    outer loop
      vertex   -3.407417e-02 1.522222e+01 7.411810e-01
      vertex   0.000000e+00 -1.200000e+01 1.000000e+00
      vertex   -3.407417e-02 9.777778e+00 7.411810e-01
    endloop
  endfacet
  facet normal 9.914449e-01 0.000000e+00 -1.305262e-01
    outer loop
      vertex   -3.407417e-02 9.777778e+00 7.411810e-01
      vertex   0.000000e+00 -1.200000e+01 1.000000e+00
      vertex   -3.407417e-02 4.333334e+00 7.411810e-01
    endloop
  endfacet
  facet normal 9.238795e-01 0.000000e+00 -3.826834e-01
    outer loop
      vertex   -3.407417e-02 9.777778e+00 7.411810e-01
      vertex   -3.407417e-02 4.333334e+00 7.411810e-01
      vertex   -1.339746e-01 9.777778e+00 5.000000e-01
    endloop
  endfacet
  facet normal 9.238795e-01 0.000000e+00 -3.826834e-01
    outer loop
      vertex   -3.407417e-02 1.522222e+01 7.411810e-01
      vertex   -3.407417e-02 9.777778e+00 7.411810e-01
      vertex   -1.339746e-01 1.522222e+01 5.000000e-01
    endloop
  endfacet
  facet normal 9.238795e-01 0.000000e+00 -3.826834e-01
    outer loop
      vertex   -1.339746e-01 1.522222e+01 5.000000e-01
      vertex   -3.407417e-02 9.777778e+00 7.411810e-01
      vertex   -1.339746e-01 9.777778e+00 5.000000e-01
    endloop
  endfacet
  facet normal 7.933533e-01 0.000000e+00 -6.087614e-01
    outer loop
      vertex   -1.339746e-01 1.522222e+01 5.000000e-01
      vertex   -1.339746e-01 9.777778e+00 5.000000e-01
      vertex   -2.928932e-01 1.522222e+01 2.928932e-01
    endloop
  endfacet
  facet normal 9.238795e-01 -7.803624e-18 -3.826834e-01
    outer loop
      vertex   -3.407417e-02 2.066667e+01 7.411810e-01
      vertex   -3.407417e-02 1.522222e+01 7.411810e-01
      vertex   -1.339746e-01 2.066667e+01 5.000000e-01
    endloop
  endfacet
  facet normal 9.238795e-01 0.000000e+00 -3.826834e-01
    outer loop
      vertex   -1.339746e-01 2.066667e+01 5.000000e-01
      vertex   -3.407417e-02 1.522222e+01 7.411810e-01
      vertex   -1.339746e-01 1.522222e+01 5.000000e-01
    endloop
  endfacet
  facet normal 7.933533e-01 0.000000e+00 -6.087614e-01
    outer loop
      vertex   -1.339746e-01 2.066667e+01 5.000000e-01
      vertex   -1.339746e-01 1.522222e+01 5.000000e-01
      vertex   -2.928932e-01 2.066667e+01 2.928932e-01
    endloop
  endfacet
  facet normal 7.933533e-01 0.000000e+00 -6.087614e-01
    outer loop
      vertex   -2.928932e-01 2.066667e+01 2.928932e-01
      vertex   -1.339746e-01 1.522222e+01 5.000000e-01
      vertex   -2.928932e-01 1.522222e+01 2.928932e-01
    endloop
  endfacet
  facet normal 6.087614e-01 0.000000e+00 -7.933533e-01
    outer loop
      vertex   -2.928932e-01 2.066667e+01 2.928932e-01
      vertex   -2.928932e-01 1.522222e+01 2.928932e-01
      vertex   -5.000000e-01 2.066667e+01 1.339746e-01
    endloop
  endfacet
  facet normal 9.238795e-01 -7.323189e-18 -3.826834e-01
    outer loop
      vertex   -3.407417e-02 -1.111111e+00 7.411810e-01
      vertex   -1.339746e-01 -1.111111e+00 5.000000e-01
      vertex   -1.339746e-01 4.333334e+00 5.000000e-01
    endloop
  endfacet
  facet normal 7.933533e-01 -1.241377e-17 -6.087614e-01
    outer loop
      vertex   -1.339746e-01 4.333334e+00 5.000000e-01
      vertex   -1.339746e-01 -1.111111e+00 5.000000e-01
      vertex   -2.928932e-01 4.333334e+00 2.928932e-01
    endloop
  endfacet
  facet normal 7.933533e-01 0.000000e+00 -6.087614e-01
    outer loop
      vertex   -1.339746e-01 4.333334e+00 5.000000e-01
      vertex   -2.928932e-01 4.333334e+00 2.928932e-01
      vertex   -2.928932e-01 9.777778e+00 2.928932e-01
    endloop
  endfacet
  facet normal 6.087614e-01 0.000000e+00 -7.933533e-01
    outer loop
      vertex   -2.928932e-01 9.777778e+00 2.928932e-01
      vertex   -2.928932e-01 4.333334e+00 2.928932e-01
      vertex   -5.000000e-01 9.777778e+00 1.339746e-01
    endloop
  endfacet
  facet normal 6.087614e-01 -1.952850e-17 -7.933533e-01
    outer loop
      vertex   -2.928932e-01 9.777778e+00 2.928932e-01
      vertex   -5.000000e-01 9.777778e+00 1.339746e-01
      vertex   -5.000000e-01 1.522222e+01 1.339746e-01
    endloop
  endfacet
  facet normal 3.826834e-01 -2.354952e-17 -9.238795e-01
    outer loop
      vertex   -5.000000e-01 1.522222e+01 1.339746e-01
      vertex   -5.000000e-01 9.777778e+00 1.339746e-01
      vertex   -7.411810e-01 1.522222e+01 3.407417e-02
    endloop
  endfacet
  facet normal 3.826834e-01 0.000000e+00 -9.238795e-01
    outer loop
      vertex   -5.000000e-01 1.522222e+01 1.339746e-01
      vertex   -7.411810e-01 1.522222e+01 3.407417e-02
      vertex   -7.411810e-01 2.066667e+01 3.407417e-02
    endloop
  endfacet
  facet normal 1.305262e-01 0.000000e+00 -9.914449e-01
    outer loop
      vertex   -7.411810e-01 2.066667e+01 3.407417e-02
      vertex   -7.411810e-01 1.522222e+01 3.407417e-02
      vertex   -1.000000e+00 3.700000e+01 0.000000e+00
    endloop
  endfacet
  facet normal 7.933533e-01 0.000000e+00 -6.087614e-01
    outer loop
      vertex   -2.928932e-01 4.333334e+00 2.928932e-01
      vertex   -1.339746e-01 -1.111111e+00 5.000000e-01
      vertex   -2.928932e-01 -1.111111e+00 2.928932e-01
    endloop
  endfacet
  facet normal 9.238795e-01 2.196957e-17 -3.826834e-01
    outer loop
      vertex   -3.407417e-02 2.066667e+01 7.411810e-01
      vertex   -1.339746e-01 2.066667e+01 5.000000e-01
      vertex   -1.339746e-01 2.611111e+01 5.000000e-01
    endloop
  endfacet
  facet normal 7.933533e-01 2.022243e-17 -6.087614e-01
    outer loop
      vertex   -1.339746e-01 2.611111e+01 5.000000e-01
      vertex   -1.339746e-01 2.066667e+01 5.000000e-01
      vertex   -2.928932e-01 2.611111e+01 2.928932e-01
    endloop
  endfacet
  facet normal 7.933533e-01 0.000000e+00 -6.087614e-01
    outer loop
      vertex   -1.339746e-01 2.611111e+01 5.000000e-01
      vertex   -2.928932e-01 2.611111e+01 2.928932e-01
      vertex   -2.928932e-01 3.155556e+01 2.928932e-01
    endloop
  endfacet
  facet normal 6.087614e-01 0.000000e+00 -7.933533e-01
    outer loop
      vertex   -2.928932e-01 3.155556e+01 2.928932e-01
      vertex   -2.928932e-01 2.611111e+01 2.928932e-01
      vertex   -5.000000e-01 3.155556e+01 1.339746e-01
    endloop
  endfacet
  facet normal 7.933533e-01 0.000000e+00 -6.087614e-01
    outer loop
      vertex   -2.928932e-01 2.611111e+01 2.928932e-01
      vertex   -1.339746e-01 2.066667e+01 5.000000e-01
      vertex   -2.928932e-01 2.066667e+01 2.928932e-01
    endloop
  endfacet
  facet normal 6.087614e-01 0.000000e+00 -7.933533e-01
    outer loop
      vertex   -2.928932e-01 4.333334e+00 2.928932e-01
      vertex   -2.928932e-01 -1.111111e+00 2.928932e-01
      vertex   -5.000000e-01 4.333334e+00 1.339746e-01
    endloop
  endfacet
  facet normal 6.087614e-01 6.206886e-18 -7.933533e-01
    outer loop
      vertex   -5.000000e-01 4.333334e+00 1.339746e-01
      vertex   -2.928932e-01 -1.111111e+00 2.928932e-01
      vertex   -5.000000e-01 -1.111111e+00 1.339746e-01
    endloop
  endfacet
  facet normal 3.826834e-01 3.901812e-18 -9.238795e-01
    outer loop
      vertex   -5.000000e-01 4.333334e+00 1.339746e-01
      vertex   -5.000000e-01 -1.111111e+00 1.339746e-01
      vertex   -7.411810e-01 4.333334e+00 3.407417e-02
    endloop
  endfacet
  facet normal 6.087614e-01 0.000000e+00 -7.933533e-01
    outer loop
      vertex   -2.928932e-01 2.611111e+01 2.928932e-01
      vertex   -2.928932e-01 2.066667e+01 2.928932e-01
      vertex   -5.000000e-01 2.611111e+01 1.339746e-01
    endloop
  endfacet
  facet normal 6.087614e-01 0.000000e+00 -7.933533e-01
    outer loop
      vertex   -5.000000e-01 2.611111e+01 1.339746e-01
      vertex   -2.928932e-01 2.066667e+01 2.928932e-01
      vertex   -5.000000e-01 2.066667e+01 1.339746e-01
    endloop
  endfacet
  facet normal 3.826834e-01 0.000000e+00 -9.238795e-01
    outer loop
      vertex   -5.000000e-01 2.611111e+01 1.339746e-01
      vertex   -5.000000e-01 2.066667e+01 1.339746e-01
      vertex   -7.411810e-01 2.611111e+01 3.407417e-02
    endloop
  endfacet
  facet normal 3.826834e-01 0.000000e+00 -9.238795e-01
    outer loop
      vertex   -7.411810e-01 -1.111111e+00 3.407417e-02
      vertex   -5.000000e-01 -6.555555e+00 1.339746e-01
      vertex   -7.411810e-01 -6.555555e+00 3.407417e-02
    endloop
  endfacet
  facet normal 6.087614e-01 0.000000e+00 -7.933533e-01
    outer loop
      vertex   -2.928932e-01 4.333334e+00 2.928932e-01
      vertex   -5.000000e-01 4.333334e+00 1.339746e-01
      vertex   -5.000000e-01 9.777778e+00 1.339746e-01
    endloop
  endfacet
  facet normal 3.826834e-01 0.000000e+00 -9.238795e-01
    outer loop
      vertex   -5.000000e-01 9.777778e+00 1.339746e-01
      vertex   -5.000000e-01 4.333334e+00 1.339746e-01
      vertex   -7.411810e-01 9.777778e+00 3.407417e-02
    endloop
  endfacet
  facet normal 3.826834e-01 0.000000e+00 -9.238795e-01
    outer loop
      vertex   -5.000000e-01 9.777778e+00 1.339746e-01
      vertex   -7.411810e-01 9.777778e+00 3.407417e-02
      vertex   -7.411810e-01 1.522222e+01 3.407417e-02
    endloop
  endfacet
  facet normal 1.305262e-01 0.000000e+00 -9.914449e-01
    outer loop
      vertex   -7.411810e-01 1.522222e+01 3.407417e-02
      vertex   -7.411810e-01 9.777778e+00 3.407417e-02
      vertex   -1.000000e+00 3.700000e+01 0.000000e+00
    endloop
  endfacet
  facet normal 3.826834e-01 0.000000e+00 -9.238795e-01
    outer loop
      vertex   -7.411810e-01 9.777778e+00 3.407417e-02
      vertex   -5.000000e-01 4.333334e+00 1.339746e-01
      vertex   -7.411810e-01 4.333334e+00 3.407417e-02
    endloop
  endfacet
  facet normal 3.826834e-01 0.000000e+00 -9.238795e-01
    outer loop
      vertex   -7.411810e-01 3.155556e+01 3.407417e-02
      vertex   -5.000000e-01 3.155556e+01 1.339746e-01
      vertex   -5.000000e-01 2.611111e+01 1.339746e-01
    endloop
  endfacet
  facet normal 6.087614e-01 0.000000e+00 -7.933533e-01
    outer loop
      vertex   -5.000000e-01 2.611111e+01 1.339746e-01
      vertex   -5.000000e-01 3.155556e+01 1.339746e-01
      vertex   -2.928932e-01 2.611111e+01 2.928932e-01
    endloop
  endfacet
  facet normal 3.826834e-01 0.000000e+00 -9.238795e-01
    outer loop
      vertex   -7.411810e-01 3.155556e+01 3.407417e-02
      vertex   -5.000000e-01 2.611111e+01 1.339746e-01
      vertex   -7.411810e-01 2.611111e+01 3.407417e-02
    endloop
  endfacet
  facet normal 1.305262e-01 0.000000e+00 -9.914449e-01
    outer loop
      vertex   -1.000000e+00 -1.200000e+01 0.000000e+00
      vertex   -7.411810e-01 -1.111111e+00 3.407417e-02
      vertex   -7.411810e-01 -6.555555e+00 3.407417e-02
    endloop
  endfacet
  facet normal 1.000000e+00 0.000000e+00 0.000000e+00
    outer loop
      vertex   0.000000e+00 3.700000e+01 5.000000e+00
      vertex   0.000000e+00 -1.200000e+01 5.000000e+00
      vertex   0.000000e+00 3.700000e+01 1.000000e+00
    endloop
  endfacet
  facet normal 1.000000e+00 0.000000e+00 0.000000e+00
    outer loop
      vertex   0.000000e+00 3.700000e+01 1.000000e+00
      vertex   0.000000e+00 -1.200000e+01 5.000000e+00
      vertex   0.000000e+00 -1.200000e+01 1.000000e+00
    endloop
  endfacet
endsolid
