solid ASCII
  facet normal 9.901764e-01 -1.398240e-01 0.000000e+00
    outer loop
      vertex   -3.019823e+01 1.836398e+02 3.009824e+00
      vertex   -3.020479e+01 1.835934e+02 3.004370e+00
      vertex   -3.019823e+01 1.836398e+02 -2.009824e+00
    endloop
  endfacet
  facet normal 9.901764e-01 -1.398240e-01 0.000000e+00
    outer loop
      vertex   -3.019823e+01 1.836398e+02 -2.009824e+00
      vertex   -3.020479e+01 1.835934e+02 3.004370e+00
      vertex   -3.020479e+01 1.835934e+02 -2.004370e+00
    endloop
  endfacet
  facet normal 9.901764e-01 -1.398240e-01 0.000000e+00
    outer loop
      vertex   -3.020479e+01 1.835934e+02 -2.004370e+00
      vertex   -3.020479e+01 1.835934e+02 3.004370e+00
      vertex   -3.021138e+01 1.835467e+02 3.001093e+00
    endloop
  endfacet
  facet normal 9.901764e-01 -1.398240e-01 0.000000e+00
    outer loop
      vertex   -3.020479e+01 1.835934e+02 -2.004370e+00
      vertex   -3.021138e+01 1.835467e+02 3.001093e+00
      vertex   -3.021138e+01 1.835467e+02 -2.001093e+00
    endloop
  endfacet
  facet normal 9.901764e-01 -1.398240e-01 0.000000e+00
    outer loop
      vertex   -3.021138e+01 1.835467e+02 -2.001093e+00
      vertex   -3.021138e+01 1.835467e+02 3.001093e+00
      vertex   -3.021798e+01 1.835000e+02 3.000000e+00
    endloop
  endfacet
  facet normal 9.901764e-01 -1.398240e-01 -7.036945e-16
    outer loop
      vertex   -3.021138e+01 1.835467e+02 -2.001093e+00
      vertex   -3.021798e+01 1.835000e+02 3.000000e+00
      vertex   -3.021798e+01 1.835000e+02 -2.000000e+00
    endloop
  endfacet
  facet normal 9.901764e-01 -1.398240e-01 -7.035626e-16
    outer loop
      vertex   -3.021798e+01 1.835000e+02 -2.000000e+00
      vertex   -3.021798e+01 1.835000e+02 3.000000e+00
      vertex   -3.233615e+01 1.685000e+02 3.000000e+00
    endloop
  endfacet
  facet normal 9.901764e-01 -1.398240e-01 -1.407125e-15
    outer loop
      vertex   -3.021798e+01 1.835000e+02 -2.000000e+00
      vertex   -3.233615e+01 1.685000e+02 3.000000e+00
      vertex   -3.233615e+01 1.685000e+02 -2.000000e+00
    endloop
  endfacet
  facet normal 0.000000e+00 1.000000e+00 -0.000000e+00
    outer loop
      vertex   -3.733615e+01 1.745000e+02 -2.000000e+00
      vertex   -4.333615e+01 1.745000e+02 -2.000000e+00
      vertex   -3.733615e+01 1.745000e+02 3.000000e+00
    endloop
  endfacet
  facet normal 0.000000e+00 1.000000e+00 0.000000e+00
    outer loop
      vertex   -3.733615e+01 1.745000e+02 3.000000e+00
      vertex   -4.333615e+01 1.745000e+02 -2.000000e+00
      vertex   -4.333615e+01 1.745000e+02 3.000000e+00
    endloop
  endfacet
  facet normal -7.071068e-01 -7.071068e-01 0.000000e+00
    outer loop
      vertex   -4.333615e+01 1.745000e+02 -2.000000e+00
      vertex   -3.733615e+01 1.685000e+02 -2.000000e+00
      vertex   -4.333615e+01 1.745000e+02 3.000000e+00
    endloop
  endfacet
  facet normal -7.071068e-01 -7.071068e-01 0.000000e+00
    outer loop
      vertex   -4.333615e+01 1.745000e+02 3.000000e+00
      vertex   -3.733615e+01 1.685000e+02 -2.000000e+00
      vertex   -3.733615e+01 1.685000e+02 3.000000e+00
    endloop
  endfacet
  facet normal 0.000000e+00 -1.000000e+00 0.000000e+00
    outer loop
      vertex   -3.733615e+01 1.685000e+02 -2.000000e+00
      vertex   -3.233615e+01 1.685000e+02 -2.000000e+00
      vertex   -3.733615e+01 1.685000e+02 3.000000e+00
    endloop
  endfacet
  facet normal 0.000000e+00 -1.000000e+00 0.000000e+00
    outer loop
      vertex   -3.733615e+01 1.685000e+02 3.000000e+00
      vertex   -3.233615e+01 1.685000e+02 -2.000000e+00
      vertex   -3.233615e+01 1.685000e+02 3.000000e+00
    endloop
  endfacet
  facet normal -6.238814e-16 -0.000000e+00 -1.000000e+00
    outer loop
      vertex   -3.733615e+01 1.835000e+02 -2.000000e+00
      vertex   -3.021798e+01 1.835000e+02 -2.000000e+00
      vertex   -3.733615e+01 1.745000e+02 -2.000000e+00
    endloop
  endfacet
  facet normal -1.898704e-16 -3.432625e-16 -1.000000e+00
    outer loop
      vertex   -3.733615e+01 1.745000e+02 -2.000000e+00
      vertex   -3.021798e+01 1.835000e+02 -2.000000e+00
      vertex   -3.233615e+01 1.685000e+02 -2.000000e+00
    endloop
  endfacet
  facet normal 2.220446e-16 5.259073e-31 -1.000000e+00
    outer loop
      vertex   -3.733615e+01 1.745000e+02 -2.000000e+00
      vertex   -3.233615e+01 1.685000e+02 -2.000000e+00
      vertex   -3.733615e+01 1.685000e+02 -2.000000e+00
    endloop
  endfacet
  facet normal -7.401487e-16 -1.753024e-30 -1.000000e+00
    outer loop
      vertex   -3.733615e+01 1.685000e+02 -2.000000e+00
      vertex   -4.333615e+01 1.745000e+02 -2.000000e+00
      vertex   -3.733615e+01 1.745000e+02 -2.000000e+00
    endloop
  endfacet
  facet normal -1.000000e+00 0.000000e+00 0.000000e+00
    outer loop
      vertex   -3.733615e+01 1.835000e+02 -2.000000e+00
      vertex   -3.733615e+01 1.745000e+02 -2.000000e+00
      vertex   -3.733615e+01 1.835000e+02 3.000000e+00
    endloop
  endfacet
  facet normal -1.000000e+00 -0.000000e+00 0.000000e+00
    outer loop
      vertex   -3.733615e+01 1.835000e+02 3.000000e+00
      vertex   -3.733615e+01 1.745000e+02 -2.000000e+00
      vertex   -3.733615e+01 1.745000e+02 3.000000e+00
    endloop
  endfacet
  facet normal 8.734339e-16 9.868649e-17 1.000000e+00
    outer loop
      vertex   -3.733615e+01 1.835000e+02 3.000000e+00
      vertex   -3.733615e+01 1.745000e+02 3.000000e+00
      vertex   -3.021798e+01 1.835000e+02 3.000000e+00
    endloop
  endfacet
  facet normal 9.873262e-16 8.608252e-18 1.000000e+00
    outer loop
      vertex   -3.021798e+01 1.835000e+02 3.000000e+00
      vertex   -3.733615e+01 1.745000e+02 3.000000e+00
      vertex   -3.233615e+01 1.685000e+02 3.000000e+00
    endloop
  endfacet
  facet normal 9.769963e-16 2.313992e-30 1.000000e+00
    outer loop
      vertex   -3.233615e+01 1.685000e+02 3.000000e+00
      vertex   -3.733615e+01 1.745000e+02 3.000000e+00
      vertex   -3.733615e+01 1.685000e+02 3.000000e+00
    endloop
  endfacet
  facet normal 2.960595e-16 7.012097e-31 1.000000e+00
    outer loop
      vertex   -3.733615e+01 1.685000e+02 3.000000e+00
      vertex   -3.733615e+01 1.745000e+02 3.000000e+00
      vertex   -4.333615e+01 1.745000e+02 3.000000e+00
    endloop
  endfacet
  facet normal 8.731952e-16 -2.337848e-02 9.997267e-01
    outer loop
      vertex   -3.021798e+01 1.835000e+02 3.000000e+00
      vertex   -3.021138e+01 1.835467e+02 3.001093e+00
      vertex   -3.733615e+01 1.835000e+02 3.000000e+00
    endloop
  endfacet
  facet normal 1.686303e-04 -4.905941e-02 9.987958e-01
    outer loop
      vertex   -3.733615e+01 1.835000e+02 3.000000e+00
      vertex   -3.021138e+01 1.835467e+02 3.001093e+00
      vertex   -3.734096e+01 1.835980e+02 3.004815e+00
    endloop
  endfacet
  facet normal -6.689726e-04 -1.646263e-01 9.863558e-01
    outer loop
      vertex   -3.734096e+01 1.835980e+02 3.004815e+00
      vertex   -3.021138e+01 1.835467e+02 3.001093e+00
      vertex   -3.377210e+01 1.837588e+02 3.034074e+00
    endloop
  endfacet
  facet normal -1.488429e-03 -1.469463e-01 9.891433e-01
    outer loop
      vertex   -3.734096e+01 1.835980e+02 3.004815e+00
      vertex   -3.377210e+01 1.837588e+02 3.034074e+00
      vertex   -3.735536e+01 1.836951e+02 3.019215e+00
    endloop
  endfacet
  facet normal 1.188119e-03 -2.899544e-01 9.570397e-01
    outer loop
      vertex   -3.735536e+01 1.836951e+02 3.019215e+00
      vertex   -3.377210e+01 1.837588e+02 3.034074e+00
      vertex   -3.741227e+01 1.838827e+02 3.076120e+00
    endloop
  endfacet
  facet normal -2.350200e-03 -3.826824e-01 9.238770e-01
    outer loop
      vertex   -3.741227e+01 1.838827e+02 3.076120e+00
      vertex   -3.377210e+01 1.837588e+02 3.034074e+00
      vertex   -3.377210e+01 1.840000e+02 3.133975e+00
    endloop
  endfacet
  facet normal 1.156158e-03 -4.709157e-01 8.821775e-01
    outer loop
      vertex   -3.741227e+01 1.838827e+02 3.076120e+00
      vertex   -3.377210e+01 1.840000e+02 3.133975e+00
      vertex   -3.750468e+01 1.840556e+02 3.168530e+00
    endloop
  endfacet
  facet normal -1.718399e-03 -6.087605e-01 7.933522e-01
    outer loop
      vertex   -3.750468e+01 1.840556e+02 3.168530e+00
      vertex   -3.377210e+01 1.840000e+02 3.133975e+00
      vertex   -3.377210e+01 1.842071e+02 3.292893e+00
    endloop
  endfacet
  facet normal 3.533266e-16 -6.343933e-01 7.730105e-01
    outer loop
      vertex   -3.750468e+01 1.840556e+02 3.168530e+00
      vertex   -3.377210e+01 1.842071e+02 3.292893e+00
      vertex   -3.762904e+01 1.842071e+02 3.292893e+00
    endloop
  endfacet
  facet normal 2.921771e-16 -7.730105e-01 6.343933e-01
    outer loop
      vertex   -3.762904e+01 1.842071e+02 3.292893e+00
      vertex   -3.377210e+01 1.842071e+02 3.292893e+00
      vertex   -3.778058e+01 1.843315e+02 3.444430e+00
    endloop
  endfacet
  facet normal -1.600124e-03 -7.933523e-01 6.087606e-01
    outer loop
      vertex   -3.778058e+01 1.843315e+02 3.444430e+00
      vertex   -3.377210e+01 1.842071e+02 3.292893e+00
      vertex   -3.377210e+01 1.843660e+02 3.500000e+00
    endloop
  endfacet
  facet normal 1.052580e-03 -8.814828e-01 4.722150e-01
    outer loop
      vertex   -3.778058e+01 1.843315e+02 3.444430e+00
      vertex   -3.377210e+01 1.843660e+02 3.500000e+00
      vertex   -3.795346e+01 1.844239e+02 3.617317e+00
    endloop
  endfacet
  facet normal -2.046013e-03 -9.238776e-01 3.826826e-01
    outer loop
      vertex   -3.795346e+01 1.844239e+02 3.617317e+00
      vertex   -3.377210e+01 1.843660e+02 3.500000e+00
      vertex   -3.377210e+01 1.844659e+02 3.741181e+00
    endloop
  endfacet
  facet normal 9.938207e-04 -9.566634e-01 2.911945e-01
    outer loop
      vertex   -3.795346e+01 1.844239e+02 3.617317e+00
      vertex   -3.377210e+01 1.844659e+02 3.741181e+00
      vertex   -3.814106e+01 1.844808e+02 3.804910e+00
    endloop
  endfacet
  facet normal -1.984338e-03 -9.953744e-01 9.605148e-02
    outer loop
      vertex   -3.814106e+01 1.844808e+02 3.804910e+00
      vertex   -3.377210e+01 1.844659e+02 3.741181e+00
      vertex   -3.833615e+01 1.845000e+02 4.000000e+00
    endloop
  endfacet
  facet normal 7.620251e-17 -9.914449e-01 1.305262e-01
    outer loop
      vertex   -3.833615e+01 1.845000e+02 4.000000e+00
      vertex   -3.377210e+01 1.844659e+02 3.741181e+00
      vertex   -2.920806e+01 1.845000e+02 4.000000e+00
    endloop
  endfacet
  facet normal -2.902710e-03 -9.835391e-01 1.806721e-01
    outer loop
      vertex   -2.920806e+01 1.845000e+02 4.000000e+00
      vertex   -3.377210e+01 1.844659e+02 3.741181e+00
      vertex   -2.955811e+01 1.844367e+02 3.649947e+00
    endloop
  endfacet
  facet normal 1.884248e-03 -9.238779e-01 3.826828e-01
    outer loop
      vertex   -2.955811e+01 1.844367e+02 3.649947e+00
      vertex   -3.377210e+01 1.844659e+02 3.741181e+00
      vertex   -3.377210e+01 1.843660e+02 3.500000e+00
    endloop
  endfacet
  facet normal -2.619237e-04 -9.016306e-01 4.325069e-01
    outer loop
      vertex   -2.955811e+01 1.844367e+02 3.649947e+00
      vertex   -3.377210e+01 1.843660e+02 3.500000e+00
      vertex   -2.971914e+01 1.843595e+02 3.488919e+00
    endloop
  endfacet
  facet normal 3.024332e-04 -8.106094e-01 5.855871e-01
    outer loop
      vertex   -2.971914e+01 1.843595e+02 3.488919e+00
      vertex   -3.377210e+01 1.843660e+02 3.500000e+00
      vertex   -2.986387e+01 1.842549e+02 3.344189e+00
    endloop
  endfacet
  facet normal 1.716872e-03 -7.933522e-01 6.087605e-01
    outer loop
      vertex   -2.986387e+01 1.842549e+02 3.344189e+00
      vertex   -3.377210e+01 1.843660e+02 3.500000e+00
      vertex   -3.377210e+01 1.842071e+02 3.292893e+00
    endloop
  endfacet
  facet normal -9.867591e-04 -6.928603e-01 7.210711e-01
    outer loop
      vertex   -2.986387e+01 1.842549e+02 3.344189e+00
      vertex   -3.377210e+01 1.842071e+02 3.292893e+00
      vertex   -2.998768e+01 1.841262e+02 3.220373e+00
    endloop
  endfacet
  facet normal 2.195345e-03 -6.087600e-01 7.933514e-01
    outer loop
      vertex   -2.998768e+01 1.841262e+02 3.220373e+00
      vertex   -3.377210e+01 1.842071e+02 3.292893e+00
      vertex   -3.377210e+01 1.840000e+02 3.133975e+00
    endloop
  endfacet
  facet normal -5.310525e-04 -5.538861e-01 8.325923e-01
    outer loop
      vertex   -2.998768e+01 1.841262e+02 3.220373e+00
      vertex   -3.377210e+01 1.840000e+02 3.133975e+00
      vertex   -3.008664e+01 1.839776e+02 3.121418e+00
    endloop
  endfacet
  facet normal 7.094518e-04 -3.974961e-01 9.176036e-01
    outer loop
      vertex   -3.008664e+01 1.839776e+02 3.121418e+00
      vertex   -3.377210e+01 1.840000e+02 3.133975e+00
      vertex   -3.015758e+01 1.838137e+02 3.050481e+00
    endloop
  endfacet
  facet normal 1.617854e-03 -3.826829e-01 9.238783e-01
    outer loop
      vertex   -3.015758e+01 1.838137e+02 3.050481e+00
      vertex   -3.377210e+01 1.840000e+02 3.133975e+00
      vertex   -3.377210e+01 1.837588e+02 3.034074e+00
    endloop
  endfacet
  facet normal -9.659032e-04 -2.274621e-01 9.737865e-01
    outer loop
      vertex   -3.015758e+01 1.838137e+02 3.050481e+00
      vertex   -3.377210e+01 1.837588e+02 3.034074e+00
      vertex   -3.019823e+01 1.836398e+02 3.009824e+00
    endloop
  endfacet
  facet normal 2.842168e-03 -1.170323e-01 9.931240e-01
    outer loop
      vertex   -3.019823e+01 1.836398e+02 3.009824e+00
      vertex   -3.377210e+01 1.837588e+02 3.034074e+00
      vertex   -3.020479e+01 1.835934e+02 3.004370e+00
    endloop
  endfacet
  facet normal 5.022938e-03 -7.078922e-02 9.974786e-01
    outer loop
      vertex   -3.020479e+01 1.835934e+02 3.004370e+00
      vertex   -3.377210e+01 1.837588e+02 3.034074e+00
      vertex   -3.021138e+01 1.835467e+02 3.001093e+00
    endloop
  endfacet
  facet normal -9.801714e-02 -9.951847e-01 -0.000000e+00
    outer loop
      vertex   -3.833615e+01 1.845000e+02 4.000000e+00
      vertex   -3.833615e+01 1.845000e+02 -3.000000e+00
      vertex   -3.814106e+01 1.844808e+02 3.804910e+00
    endloop
  endfacet
  facet normal -1.509006e-01 -9.885477e-01 1.534860e-03
    outer loop
      vertex   -3.814106e+01 1.844808e+02 3.804910e+00
      vertex   -3.833615e+01 1.845000e+02 -3.000000e+00
      vertex   -3.807733e+01 1.844659e+02 5.000000e-01
    endloop
  endfacet
  facet normal -2.914929e-01 -9.565721e-01 -1.319955e-03
    outer loop
      vertex   -3.814106e+01 1.844808e+02 3.804910e+00
      vertex   -3.807733e+01 1.844659e+02 5.000000e-01
      vertex   -3.795346e+01 1.844239e+02 3.617317e+00
    endloop
  endfacet
  facet normal -3.826820e-01 -9.238761e-01 2.744382e-03
    outer loop
      vertex   -3.795346e+01 1.844239e+02 3.617317e+00
      vertex   -3.807733e+01 1.844659e+02 5.000000e-01
      vertex   -3.783615e+01 1.843660e+02 5.000000e-01
    endloop
  endfacet
  facet normal -4.725047e-01 -8.813270e-01 -1.425659e-03
    outer loop
      vertex   -3.795346e+01 1.844239e+02 3.617317e+00
      vertex   -3.783615e+01 1.843660e+02 5.000000e-01
      vertex   -3.778058e+01 1.843315e+02 3.444430e+00
    endloop
  endfacet
  facet normal -6.087600e-01 -7.933515e-01 2.178366e-03
    outer loop
      vertex   -3.778058e+01 1.843315e+02 3.444430e+00
      vertex   -3.783615e+01 1.843660e+02 5.000000e-01
      vertex   -3.762904e+01 1.842071e+02 5.000000e-01
    endloop
  endfacet
  facet normal -6.343933e-01 -7.730105e-01 0.000000e+00
    outer loop
      vertex   -3.778058e+01 1.843315e+02 3.444430e+00
      vertex   -3.762904e+01 1.842071e+02 5.000000e-01
      vertex   -3.762904e+01 1.842071e+02 3.292893e+00
    endloop
  endfacet
  facet normal -7.730105e-01 -6.343933e-01 -0.000000e+00
    outer loop
      vertex   -3.762904e+01 1.842071e+02 3.292893e+00
      vertex   -3.762904e+01 1.842071e+02 5.000000e-01
      vertex   -3.750468e+01 1.840556e+02 3.168530e+00
    endloop
  endfacet
  facet normal -7.933510e-01 -6.087597e-01 2.403586e-03
    outer loop
      vertex   -3.750468e+01 1.840556e+02 3.168530e+00
      vertex   -3.762904e+01 1.842071e+02 5.000000e-01
      vertex   -3.747012e+01 1.840000e+02 5.000000e-01
    endloop
  endfacet
  facet normal -8.822804e-01 -4.707214e-01 -1.622540e-03
    outer loop
      vertex   -3.750468e+01 1.840556e+02 3.168530e+00
      vertex   -3.747012e+01 1.840000e+02 5.000000e-01
      vertex   -3.741227e+01 1.838827e+02 3.076120e+00
    endloop
  endfacet
  facet normal -9.238744e-01 -3.826813e-01 3.320921e-03
    outer loop
      vertex   -3.741227e+01 1.838827e+02 3.076120e+00
      vertex   -3.747012e+01 1.840000e+02 5.000000e-01
      vertex   -3.737022e+01 1.837588e+02 5.000000e-01
    endloop
  endfacet
  facet normal -9.570809e-01 -2.898158e-01 -1.686197e-03
    outer loop
      vertex   -3.741227e+01 1.838827e+02 3.076120e+00
      vertex   -3.737022e+01 1.837588e+02 5.000000e-01
      vertex   -3.735536e+01 1.836951e+02 3.019215e+00
    endloop
  endfacet
  facet normal -9.891287e-01 -1.470371e-01 2.114718e-03
    outer loop
      vertex   -3.735536e+01 1.836951e+02 3.019215e+00
      vertex   -3.737022e+01 1.837588e+02 5.000000e-01
      vertex   -3.734096e+01 1.835980e+02 3.004815e+00
    endloop
  endfacet
  facet normal -9.812478e-01 -1.927483e-01 -9.118717e-04
    outer loop
      vertex   -3.734096e+01 1.835980e+02 3.004815e+00
      vertex   -3.737022e+01 1.837588e+02 5.000000e-01
      vertex   -3.735536e+01 1.836951e+02 -2.019215e+00
    endloop
  endfacet
  facet normal -9.891765e-01 -1.467305e-01 1.403002e-15
    outer loop
      vertex   -3.734096e+01 1.835980e+02 3.004815e+00
      vertex   -3.735536e+01 1.836951e+02 -2.019215e+00
      vertex   -3.734096e+01 1.835980e+02 -2.004815e+00
    endloop
  endfacet
  facet normal -9.540585e-02 -9.954350e-01 -2.635935e-03
    outer loop
      vertex   -3.833615e+01 1.845000e+02 -3.000000e+00
      vertex   -3.814106e+01 1.844808e+02 -2.804910e+00
      vertex   -3.807733e+01 1.844659e+02 5.000000e-01
    endloop
  endfacet
  facet normal -2.914929e-01 -9.565721e-01 1.319955e-03
    outer loop
      vertex   -3.807733e+01 1.844659e+02 5.000000e-01
      vertex   -3.814106e+01 1.844808e+02 -2.804910e+00
      vertex   -3.795346e+01 1.844239e+02 -2.617317e+00
    endloop
  endfacet
  facet normal -3.826820e-01 -9.238761e-01 -2.744382e-03
    outer loop
      vertex   -3.807733e+01 1.844659e+02 5.000000e-01
      vertex   -3.795346e+01 1.844239e+02 -2.617317e+00
      vertex   -3.783615e+01 1.843660e+02 5.000000e-01
    endloop
  endfacet
  facet normal -4.725047e-01 -8.813270e-01 1.425659e-03
    outer loop
      vertex   -3.783615e+01 1.843660e+02 5.000000e-01
      vertex   -3.795346e+01 1.844239e+02 -2.617317e+00
      vertex   -3.778058e+01 1.843315e+02 -2.444430e+00
    endloop
  endfacet
  facet normal -6.087600e-01 -7.933515e-01 -2.178366e-03
    outer loop
      vertex   -3.783615e+01 1.843660e+02 5.000000e-01
      vertex   -3.778058e+01 1.843315e+02 -2.444430e+00
      vertex   -3.762904e+01 1.842071e+02 5.000000e-01
    endloop
  endfacet
  facet normal -6.343933e-01 -7.730105e-01 -0.000000e+00
    outer loop
      vertex   -3.762904e+01 1.842071e+02 5.000000e-01
      vertex   -3.778058e+01 1.843315e+02 -2.444430e+00
      vertex   -3.762904e+01 1.842071e+02 -2.292893e+00
    endloop
  endfacet
  facet normal -7.730105e-01 -6.343933e-01 -0.000000e+00
    outer loop
      vertex   -3.762904e+01 1.842071e+02 5.000000e-01
      vertex   -3.762904e+01 1.842071e+02 -2.292893e+00
      vertex   -3.750468e+01 1.840556e+02 -2.168530e+00
    endloop
  endfacet
  facet normal -7.933510e-01 -6.087597e-01 -2.403586e-03
    outer loop
      vertex   -3.762904e+01 1.842071e+02 5.000000e-01
      vertex   -3.750468e+01 1.840556e+02 -2.168530e+00
      vertex   -3.747012e+01 1.840000e+02 5.000000e-01
    endloop
  endfacet
  facet normal -8.822804e-01 -4.707214e-01 1.622540e-03
    outer loop
      vertex   -3.747012e+01 1.840000e+02 5.000000e-01
      vertex   -3.750468e+01 1.840556e+02 -2.168530e+00
      vertex   -3.741227e+01 1.838827e+02 -2.076120e+00
    endloop
  endfacet
  facet normal -9.238744e-01 -3.826813e-01 -3.320921e-03
    outer loop
      vertex   -3.747012e+01 1.840000e+02 5.000000e-01
      vertex   -3.741227e+01 1.838827e+02 -2.076120e+00
      vertex   -3.737022e+01 1.837588e+02 5.000000e-01
    endloop
  endfacet
  facet normal -9.570809e-01 -2.898158e-01 1.686197e-03
    outer loop
      vertex   -3.737022e+01 1.837588e+02 5.000000e-01
      vertex   -3.741227e+01 1.838827e+02 -2.076120e+00
      vertex   -3.735536e+01 1.836951e+02 -2.019215e+00
    endloop
  endfacet
  facet normal -9.987955e-01 -4.906767e-02 1.416645e-15
    outer loop
      vertex   -3.734096e+01 1.835980e+02 -2.004815e+00
      vertex   -3.733615e+01 1.835000e+02 -2.000000e+00
      vertex   -3.734096e+01 1.835980e+02 3.004815e+00
    endloop
  endfacet
  facet normal -9.987955e-01 -4.906767e-02 0.000000e+00
    outer loop
      vertex   -3.734096e+01 1.835980e+02 3.004815e+00
      vertex   -3.733615e+01 1.835000e+02 -2.000000e+00
      vertex   -3.733615e+01 1.835000e+02 3.000000e+00
    endloop
  endfacet
  facet normal 9.737369e-01 -2.276763e-01 0.000000e+00
    outer loop
      vertex   -3.019823e+01 1.836398e+02 3.009824e+00
      vertex   -3.019823e+01 1.836398e+02 -2.009824e+00
      vertex   -3.015758e+01 1.838137e+02 3.050481e+00
    endloop
  endfacet
  facet normal 9.618335e-01 -2.736303e-01 1.674742e-03
    outer loop
      vertex   -3.015758e+01 1.838137e+02 3.050481e+00
      vertex   -3.019823e+01 1.836398e+02 -2.009824e+00
      vertex   -3.013720e+01 1.838697e+02 5.000000e-01
    endloop
  endfacet
  facet normal 9.179324e-01 -3.967344e-01 -1.379150e-03
    outer loop
      vertex   -3.015758e+01 1.838137e+02 3.050481e+00
      vertex   -3.013720e+01 1.838697e+02 5.000000e-01
      vertex   -3.008664e+01 1.839776e+02 3.121418e+00
    endloop
  endfacet
  facet normal 8.785786e-01 -4.775902e-01 2.707314e-03
    outer loop
      vertex   -3.008664e+01 1.839776e+02 3.121418e+00
      vertex   -3.013720e+01 1.838697e+02 5.000000e-01
      vertex   -3.002360e+01 1.840787e+02 5.000000e-01
    endloop
  endfacet
  facet normal 8.328341e-01 -5.535212e-01 -1.321008e-03
    outer loop
      vertex   -3.008664e+01 1.839776e+02 3.121418e+00
      vertex   -3.002360e+01 1.840787e+02 5.000000e-01
      vertex   -2.998768e+01 1.841262e+02 3.220373e+00
    endloop
  endfacet
  facet normal 7.409364e-01 -6.715723e-01 1.956050e-03
    outer loop
      vertex   -2.998768e+01 1.841262e+02 3.220373e+00
      vertex   -3.002360e+01 1.840787e+02 5.000000e-01
      vertex   -2.986387e+01 1.842549e+02 5.000000e-01
    endloop
  endfacet
  facet normal 7.205973e-01 -6.933538e-01 0.000000e+00
    outer loop
      vertex   -2.998768e+01 1.841262e+02 3.220373e+00
      vertex   -2.986387e+01 1.842549e+02 5.000000e-01
      vertex   -2.986387e+01 1.842549e+02 3.344189e+00
    endloop
  endfacet
  facet normal 5.857858e-01 -8.104659e-01 0.000000e+00
    outer loop
      vertex   -2.986387e+01 1.842549e+02 3.344189e+00
      vertex   -2.986387e+01 1.842549e+02 5.000000e-01
      vertex   -2.971914e+01 1.843595e+02 3.488919e+00
    endloop
  endfacet
  facet normal 5.613746e-01 -8.275599e-01 1.780305e-03
    outer loop
      vertex   -2.971914e+01 1.843595e+02 3.488919e+00
      vertex   -2.986387e+01 1.842549e+02 5.000000e-01
      vertex   -2.966703e+01 1.843885e+02 5.000000e-01
    endloop
  endfacet
  facet normal 4.332422e-01 -9.012768e-01 -1.166808e-03
    outer loop
      vertex   -2.971914e+01 1.843595e+02 3.488919e+00
      vertex   -2.966703e+01 1.843885e+02 5.000000e-01
      vertex   -2.955811e+01 1.844367e+02 3.649947e+00
    endloop
  endfacet
  facet normal 3.500526e-01 -9.367273e-01 2.253058e-03
    outer loop
      vertex   -2.955811e+01 1.844367e+02 3.649947e+00
      vertex   -2.966703e+01 1.843885e+02 5.000000e-01
      vertex   -2.944422e+01 1.844717e+02 5.000000e-01
    endloop
  endfacet
  facet normal 1.820599e-01 -9.832779e-01 -4.337739e-03
    outer loop
      vertex   -2.955811e+01 1.844367e+02 3.649947e+00
      vertex   -2.944422e+01 1.844717e+02 5.000000e-01
      vertex   -2.920806e+01 1.845000e+02 4.000000e+00
    endloop
  endfacet
  facet normal 1.189272e-01 -9.929030e-01 -1.207184e-16
    outer loop
      vertex   -2.920806e+01 1.845000e+02 4.000000e+00
      vertex   -2.944422e+01 1.844717e+02 5.000000e-01
      vertex   -2.920806e+01 1.845000e+02 -3.000000e+00
    endloop
  endfacet
  facet normal 1.820599e-01 -9.832779e-01 4.337739e-03
    outer loop
      vertex   -2.920806e+01 1.845000e+02 -3.000000e+00
      vertex   -2.944422e+01 1.844717e+02 5.000000e-01
      vertex   -2.955811e+01 1.844367e+02 -2.649947e+00
    endloop
  endfacet
  facet normal 3.500526e-01 -9.367273e-01 -2.253058e-03
    outer loop
      vertex   -2.955811e+01 1.844367e+02 -2.649947e+00
      vertex   -2.944422e+01 1.844717e+02 5.000000e-01
      vertex   -2.966703e+01 1.843885e+02 5.000000e-01
    endloop
  endfacet
  facet normal 4.332422e-01 -9.012768e-01 1.166808e-03
    outer loop
      vertex   -2.955811e+01 1.844367e+02 -2.649947e+00
      vertex   -2.966703e+01 1.843885e+02 5.000000e-01
      vertex   -2.971914e+01 1.843595e+02 -2.488919e+00
    endloop
  endfacet
  facet normal 5.613746e-01 -8.275599e-01 -1.780305e-03
    outer loop
      vertex   -2.971914e+01 1.843595e+02 -2.488919e+00
      vertex   -2.966703e+01 1.843885e+02 5.000000e-01
      vertex   -2.986387e+01 1.842549e+02 5.000000e-01
    endloop
  endfacet
  facet normal 5.857858e-01 -8.104659e-01 -7.309078e-16
    outer loop
      vertex   -2.971914e+01 1.843595e+02 -2.488919e+00
      vertex   -2.986387e+01 1.842549e+02 5.000000e-01
      vertex   -2.986387e+01 1.842549e+02 -2.344189e+00
    endloop
  endfacet
  facet normal 7.205973e-01 -6.933538e-01 -9.001075e-16
    outer loop
      vertex   -2.986387e+01 1.842549e+02 -2.344189e+00
      vertex   -2.986387e+01 1.842549e+02 5.000000e-01
      vertex   -2.998768e+01 1.841262e+02 -2.220373e+00
    endloop
  endfacet
  facet normal 7.409364e-01 -6.715723e-01 -1.956050e-03
    outer loop
      vertex   -2.998768e+01 1.841262e+02 -2.220373e+00
      vertex   -2.986387e+01 1.842549e+02 5.000000e-01
      vertex   -3.002360e+01 1.840787e+02 5.000000e-01
    endloop
  endfacet
  facet normal 8.328341e-01 -5.535212e-01 1.321008e-03
    outer loop
      vertex   -2.998768e+01 1.841262e+02 -2.220373e+00
      vertex   -3.002360e+01 1.840787e+02 5.000000e-01
      vertex   -3.008664e+01 1.839776e+02 -2.121418e+00
    endloop
  endfacet
  facet normal 8.785786e-01 -4.775902e-01 -2.707314e-03
    outer loop
      vertex   -3.008664e+01 1.839776e+02 -2.121418e+00
      vertex   -3.002360e+01 1.840787e+02 5.000000e-01
      vertex   -3.013720e+01 1.838697e+02 5.000000e-01
    endloop
  endfacet
  facet normal 9.179324e-01 -3.967344e-01 1.379150e-03
    outer loop
      vertex   -3.008664e+01 1.839776e+02 -2.121418e+00
      vertex   -3.013720e+01 1.838697e+02 5.000000e-01
      vertex   -3.015758e+01 1.838137e+02 -2.050481e+00
    endloop
  endfacet
  facet normal 9.735897e-01 -2.282883e-01 -2.764303e-03
    outer loop
      vertex   -3.015758e+01 1.838137e+02 -2.050481e+00
      vertex   -3.013720e+01 1.838697e+02 5.000000e-01
      vertex   -3.019823e+01 1.836398e+02 -2.009824e+00
    endloop
  endfacet
  facet normal -9.537233e-17 -9.951847e-01 -9.801714e-02
    outer loop
      vertex   -3.833615e+01 1.845000e+02 -3.000000e+00
      vertex   -2.920806e+01 1.845000e+02 -3.000000e+00
      vertex   -3.814106e+01 1.844808e+02 -2.804910e+00
    endloop
  endfacet
  facet normal -1.164359e-03 -9.885816e-01 -1.506817e-01
    outer loop
      vertex   -3.814106e+01 1.844808e+02 -2.804910e+00
      vertex   -2.920806e+01 1.845000e+02 -3.000000e+00
      vertex   -3.377210e+01 1.844659e+02 -2.741181e+00
    endloop
  endfacet
  facet normal 9.938207e-04 -9.566634e-01 -2.911945e-01
    outer loop
      vertex   -3.814106e+01 1.844808e+02 -2.804910e+00
      vertex   -3.377210e+01 1.844659e+02 -2.741181e+00
      vertex   -3.795346e+01 1.844239e+02 -2.617317e+00
    endloop
  endfacet
  facet normal -2.046013e-03 -9.238776e-01 -3.826826e-01
    outer loop
      vertex   -3.795346e+01 1.844239e+02 -2.617317e+00
      vertex   -3.377210e+01 1.844659e+02 -2.741181e+00
      vertex   -3.377210e+01 1.843660e+02 -2.500000e+00
    endloop
  endfacet
  facet normal 1.052580e-03 -8.814828e-01 -4.722150e-01
    outer loop
      vertex   -3.795346e+01 1.844239e+02 -2.617317e+00
      vertex   -3.377210e+01 1.843660e+02 -2.500000e+00
      vertex   -3.778058e+01 1.843315e+02 -2.444430e+00
    endloop
  endfacet
  facet normal -1.600124e-03 -7.933523e-01 -6.087606e-01
    outer loop
      vertex   -3.778058e+01 1.843315e+02 -2.444430e+00
      vertex   -3.377210e+01 1.843660e+02 -2.500000e+00
      vertex   -3.377210e+01 1.842071e+02 -2.292893e+00
    endloop
  endfacet
  facet normal -2.202555e-16 -7.730105e-01 -6.343933e-01
    outer loop
      vertex   -3.778058e+01 1.843315e+02 -2.444430e+00
      vertex   -3.377210e+01 1.842071e+02 -2.292893e+00
      vertex   -3.762904e+01 1.842071e+02 -2.292893e+00
    endloop
  endfacet
  facet normal -2.670141e-16 -6.343933e-01 -7.730105e-01
    outer loop
      vertex   -3.762904e+01 1.842071e+02 -2.292893e+00
      vertex   -3.377210e+01 1.842071e+02 -2.292893e+00
      vertex   -3.750468e+01 1.840556e+02 -2.168530e+00
    endloop
  endfacet
  facet normal -1.718399e-03 -6.087605e-01 -7.933522e-01
    outer loop
      vertex   -3.750468e+01 1.840556e+02 -2.168530e+00
      vertex   -3.377210e+01 1.842071e+02 -2.292893e+00
      vertex   -3.377210e+01 1.840000e+02 -2.133975e+00
    endloop
  endfacet
  facet normal 1.156158e-03 -4.709157e-01 -8.821775e-01
    outer loop
      vertex   -3.750468e+01 1.840556e+02 -2.168530e+00
      vertex   -3.377210e+01 1.840000e+02 -2.133975e+00
      vertex   -3.741227e+01 1.838827e+02 -2.076120e+00
    endloop
  endfacet
  facet normal -2.350200e-03 -3.826824e-01 -9.238770e-01
    outer loop
      vertex   -3.741227e+01 1.838827e+02 -2.076120e+00
      vertex   -3.377210e+01 1.840000e+02 -2.133975e+00
      vertex   -3.377210e+01 1.837588e+02 -2.034074e+00
    endloop
  endfacet
  facet normal 1.188119e-03 -2.899544e-01 -9.570397e-01
    outer loop
      vertex   -3.741227e+01 1.838827e+02 -2.076120e+00
      vertex   -3.377210e+01 1.837588e+02 -2.034074e+00
      vertex   -3.735536e+01 1.836951e+02 -2.019215e+00
    endloop
  endfacet
  facet normal -1.488429e-03 -1.469463e-01 -9.891433e-01
    outer loop
      vertex   -3.735536e+01 1.836951e+02 -2.019215e+00
      vertex   -3.377210e+01 1.837588e+02 -2.034074e+00
      vertex   -3.734096e+01 1.835980e+02 -2.004815e+00
    endloop
  endfacet
  facet normal 4.106942e-04 -1.878325e-01 -9.822010e-01
    outer loop
      vertex   -3.734096e+01 1.835980e+02 -2.004815e+00
      vertex   -3.377210e+01 1.837588e+02 -2.034074e+00
      vertex   -3.019823e+01 1.836398e+02 -2.009824e+00
    endloop
  endfacet
  facet normal -1.372393e-05 -1.166350e-01 -9.931748e-01
    outer loop
      vertex   -3.734096e+01 1.835980e+02 -2.004815e+00
      vertex   -3.019823e+01 1.836398e+02 -2.009824e+00
      vertex   -3.020479e+01 1.835934e+02 -2.004370e+00
    endloop
  endfacet
  facet normal -2.902710e-03 -9.835391e-01 -1.806721e-01
    outer loop
      vertex   -2.920806e+01 1.845000e+02 -3.000000e+00
      vertex   -2.955811e+01 1.844367e+02 -2.649947e+00
      vertex   -3.377210e+01 1.844659e+02 -2.741181e+00
    endloop
  endfacet
  facet normal 1.884248e-03 -9.238779e-01 -3.826828e-01
    outer loop
      vertex   -3.377210e+01 1.844659e+02 -2.741181e+00
      vertex   -2.955811e+01 1.844367e+02 -2.649947e+00
      vertex   -3.377210e+01 1.843660e+02 -2.500000e+00
    endloop
  endfacet
  facet normal -2.619237e-04 -9.016306e-01 -4.325069e-01
    outer loop
      vertex   -2.955811e+01 1.844367e+02 -2.649947e+00
      vertex   -2.971914e+01 1.843595e+02 -2.488919e+00
      vertex   -3.377210e+01 1.843660e+02 -2.500000e+00
    endloop
  endfacet
  facet normal 3.024332e-04 -8.106094e-01 -5.855871e-01
    outer loop
      vertex   -3.377210e+01 1.843660e+02 -2.500000e+00
      vertex   -2.971914e+01 1.843595e+02 -2.488919e+00
      vertex   -2.986387e+01 1.842549e+02 -2.344189e+00
    endloop
  endfacet
  facet normal 1.716872e-03 -7.933522e-01 -6.087605e-01
    outer loop
      vertex   -3.377210e+01 1.843660e+02 -2.500000e+00
      vertex   -2.986387e+01 1.842549e+02 -2.344189e+00
      vertex   -3.377210e+01 1.842071e+02 -2.292893e+00
    endloop
  endfacet
  facet normal -9.867591e-04 -6.928603e-01 -7.210711e-01
    outer loop
      vertex   -3.377210e+01 1.842071e+02 -2.292893e+00
      vertex   -2.986387e+01 1.842549e+02 -2.344189e+00
      vertex   -2.998768e+01 1.841262e+02 -2.220373e+00
    endloop
  endfacet
  facet normal 2.195345e-03 -6.087600e-01 -7.933514e-01
    outer loop
      vertex   -3.377210e+01 1.842071e+02 -2.292893e+00
      vertex   -2.998768e+01 1.841262e+02 -2.220373e+00
      vertex   -3.377210e+01 1.840000e+02 -2.133975e+00
    endloop
  endfacet
  facet normal -5.310525e-04 -5.538861e-01 -8.325923e-01
    outer loop
      vertex   -3.377210e+01 1.840000e+02 -2.133975e+00
      vertex   -2.998768e+01 1.841262e+02 -2.220373e+00
      vertex   -3.008664e+01 1.839776e+02 -2.121418e+00
    endloop
  endfacet
  facet normal 7.094518e-04 -3.974961e-01 -9.176036e-01
    outer loop
      vertex   -3.377210e+01 1.840000e+02 -2.133975e+00
      vertex   -3.008664e+01 1.839776e+02 -2.121418e+00
      vertex   -3.015758e+01 1.838137e+02 -2.050481e+00
    endloop
  endfacet
  facet normal 1.617854e-03 -3.826829e-01 -9.238783e-01
    outer loop
      vertex   -3.377210e+01 1.840000e+02 -2.133975e+00
      vertex   -3.015758e+01 1.838137e+02 -2.050481e+00
      vertex   -3.377210e+01 1.837588e+02 -2.034074e+00
    endloop
  endfacet
  facet normal -9.659032e-04 -2.274621e-01 -9.737865e-01
    outer loop
      vertex   -3.377210e+01 1.837588e+02 -2.034074e+00
      vertex   -3.015758e+01 1.838137e+02 -2.050481e+00
      vertex   -3.019823e+01 1.836398e+02 -2.009824e+00
    endloop
  endfacet
  facet normal 1.675586e-05 -7.008667e-02 -9.975409e-01
    outer loop
      vertex   -3.020479e+01 1.835934e+02 -2.004370e+00
      vertex   -3.021138e+01 1.835467e+02 -2.001093e+00
      vertex   -3.734096e+01 1.835980e+02 -2.004815e+00
    endloop
  endfacet
  facet normal 1.686303e-04 -4.905941e-02 -9.987958e-01
    outer loop
      vertex   -3.734096e+01 1.835980e+02 -2.004815e+00
      vertex   -3.021138e+01 1.835467e+02 -2.001093e+00
      vertex   -3.733615e+01 1.835000e+02 -2.000000e+00
    endloop
  endfacet
  facet normal -6.237108e-16 -2.337848e-02 -9.997267e-01
    outer loop
      vertex   -3.733615e+01 1.835000e+02 -2.000000e+00
      vertex   -3.021138e+01 1.835467e+02 -2.001093e+00
      vertex   -3.021798e+01 1.835000e+02 -2.000000e+00
    endloop
  endfacet
  facet normal -9.901764e-01 -1.398240e-01 0.000000e+00
    outer loop
      vertex   3.002594e+01 1.836398e+02 -2.009824e+00
      vertex   3.003250e+01 1.835934e+02 -2.004370e+00
      vertex   3.002594e+01 1.836398e+02 3.009824e+00
    endloop
  endfacet
  facet normal -9.901764e-01 -1.398240e-01 0.000000e+00
    outer loop
      vertex   3.002594e+01 1.836398e+02 3.009824e+00
      vertex   3.003250e+01 1.835934e+02 -2.004370e+00
      vertex   3.003250e+01 1.835934e+02 3.004370e+00
    endloop
  endfacet
  facet normal -9.901764e-01 -1.398240e-01 -0.000000e+00
    outer loop
      vertex   3.003250e+01 1.835934e+02 3.004370e+00
      vertex   3.003250e+01 1.835934e+02 -2.004370e+00
      vertex   3.003909e+01 1.835467e+02 -2.001093e+00
    endloop
  endfacet
  facet normal -9.901764e-01 -1.398240e-01 0.000000e+00
    outer loop
      vertex   3.003250e+01 1.835934e+02 3.004370e+00
      vertex   3.003909e+01 1.835467e+02 -2.001093e+00
      vertex   3.003909e+01 1.835467e+02 3.001093e+00
    endloop
  endfacet
  facet normal -9.901764e-01 -1.398240e-01 -0.000000e+00
    outer loop
      vertex   3.003909e+01 1.835467e+02 3.001093e+00
      vertex   3.003909e+01 1.835467e+02 -2.001093e+00
      vertex   3.004569e+01 1.835000e+02 -2.000000e+00
    endloop
  endfacet
  facet normal -9.901764e-01 -1.398240e-01 7.036945e-16
    outer loop
      vertex   3.003909e+01 1.835467e+02 3.001093e+00
      vertex   3.004569e+01 1.835000e+02 -2.000000e+00
      vertex   3.004569e+01 1.835000e+02 3.000000e+00
    endloop
  endfacet
  facet normal -9.901764e-01 -1.398240e-01 7.035626e-16
    outer loop
      vertex   3.004569e+01 1.835000e+02 3.000000e+00
      vertex   3.004569e+01 1.835000e+02 -2.000000e+00
      vertex   3.216385e+01 1.685000e+02 -2.000000e+00
    endloop
  endfacet
  facet normal -9.901764e-01 -1.398240e-01 1.407125e-15
    outer loop
      vertex   3.004569e+01 1.835000e+02 3.000000e+00
      vertex   3.216385e+01 1.685000e+02 -2.000000e+00
      vertex   3.216385e+01 1.685000e+02 3.000000e+00
    endloop
  endfacet
  facet normal 0.000000e+00 1.000000e+00 0.000000e+00
    outer loop
      vertex   3.716385e+01 1.745000e+02 3.000000e+00
      vertex   4.316385e+01 1.745000e+02 3.000000e+00
      vertex   3.716385e+01 1.745000e+02 -2.000000e+00
    endloop
  endfacet
  facet normal -0.000000e+00 1.000000e+00 0.000000e+00
    outer loop
      vertex   3.716385e+01 1.745000e+02 -2.000000e+00
      vertex   4.316385e+01 1.745000e+02 3.000000e+00
      vertex   4.316385e+01 1.745000e+02 -2.000000e+00
    endloop
  endfacet
  facet normal 7.071068e-01 -7.071068e-01 0.000000e+00
    outer loop
      vertex   4.316385e+01 1.745000e+02 3.000000e+00
      vertex   3.716385e+01 1.685000e+02 3.000000e+00
      vertex   4.316385e+01 1.745000e+02 -2.000000e+00
    endloop
  endfacet
  facet normal 7.071068e-01 -7.071068e-01 0.000000e+00
    outer loop
      vertex   4.316385e+01 1.745000e+02 -2.000000e+00
      vertex   3.716385e+01 1.685000e+02 3.000000e+00
      vertex   3.716385e+01 1.685000e+02 -2.000000e+00
    endloop
  endfacet
  facet normal -0.000000e+00 -1.000000e+00 -0.000000e+00
    outer loop
      vertex   3.716385e+01 1.685000e+02 3.000000e+00
      vertex   3.216385e+01 1.685000e+02 3.000000e+00
      vertex   3.716385e+01 1.685000e+02 -2.000000e+00
    endloop
  endfacet
  facet normal 0.000000e+00 -1.000000e+00 0.000000e+00
    outer loop
      vertex   3.716385e+01 1.685000e+02 -2.000000e+00
      vertex   3.216385e+01 1.685000e+02 3.000000e+00
      vertex   3.216385e+01 1.685000e+02 -2.000000e+00
    endloop
  endfacet
  facet normal 6.238814e-16 0.000000e+00 1.000000e+00
    outer loop
      vertex   3.716385e+01 1.835000e+02 3.000000e+00
      vertex   3.004569e+01 1.835000e+02 3.000000e+00
      vertex   3.716385e+01 1.745000e+02 3.000000e+00
    endloop
  endfacet
  facet normal 3.037927e-16 -2.531606e-16 1.000000e+00
    outer loop
      vertex   3.716385e+01 1.745000e+02 3.000000e+00
      vertex   3.004569e+01 1.835000e+02 3.000000e+00
      vertex   3.216385e+01 1.685000e+02 3.000000e+00
    endloop
  endfacet
  facet normal 0.000000e+00 0.000000e+00 1.000000e+00
    outer loop
      vertex   3.716385e+01 1.745000e+02 3.000000e+00
      vertex   3.216385e+01 1.685000e+02 3.000000e+00
      vertex   3.716385e+01 1.685000e+02 3.000000e+00
    endloop
  endfacet
  facet normal 7.401487e-16 -2.629536e-30 1.000000e+00
    outer loop
      vertex   3.716385e+01 1.685000e+02 3.000000e+00
      vertex   4.316385e+01 1.745000e+02 3.000000e+00
      vertex   3.716385e+01 1.745000e+02 3.000000e+00
    endloop
  endfacet
  facet normal 1.000000e+00 0.000000e+00 0.000000e+00
    outer loop
      vertex   3.716385e+01 1.835000e+02 3.000000e+00
      vertex   3.716385e+01 1.745000e+02 3.000000e+00
      vertex   3.716385e+01 1.835000e+02 -2.000000e+00
    endloop
  endfacet
  facet normal 1.000000e+00 0.000000e+00 0.000000e+00
    outer loop
      vertex   3.716385e+01 1.835000e+02 -2.000000e+00
      vertex   3.716385e+01 1.745000e+02 3.000000e+00
      vertex   3.716385e+01 1.745000e+02 -2.000000e+00
    endloop
  endfacet
  facet normal -6.238814e-16 -0.000000e+00 -1.000000e+00
    outer loop
      vertex   3.716385e+01 1.835000e+02 -2.000000e+00
      vertex   3.716385e+01 1.745000e+02 -2.000000e+00
      vertex   3.004569e+01 1.835000e+02 -2.000000e+00
    endloop
  endfacet
  facet normal -6.455594e-16 -1.714533e-17 -1.000000e+00
    outer loop
      vertex   3.004569e+01 1.835000e+02 -2.000000e+00
      vertex   3.716385e+01 1.745000e+02 -2.000000e+00
      vertex   3.216385e+01 1.685000e+02 -2.000000e+00
    endloop
  endfacet
  facet normal -6.661338e-16 2.313992e-30 -1.000000e+00
    outer loop
      vertex   3.216385e+01 1.685000e+02 -2.000000e+00
      vertex   3.716385e+01 1.745000e+02 -2.000000e+00
      vertex   3.716385e+01 1.685000e+02 -2.000000e+00
    endloop
  endfacet
  facet normal -5.551115e-16 1.972152e-30 -1.000000e+00
    outer loop
      vertex   3.716385e+01 1.685000e+02 -2.000000e+00
      vertex   3.716385e+01 1.745000e+02 -2.000000e+00
      vertex   4.316385e+01 1.745000e+02 -2.000000e+00
    endloop
  endfacet
  facet normal -6.237108e-16 -2.337848e-02 -9.997267e-01
    outer loop
      vertex   3.004569e+01 1.835000e+02 -2.000000e+00
      vertex   3.003909e+01 1.835467e+02 -2.001093e+00
      vertex   3.716385e+01 1.835000e+02 -2.000000e+00
    endloop
  endfacet
  facet normal -1.686303e-04 -4.905941e-02 -9.987958e-01
    outer loop
      vertex   3.716385e+01 1.835000e+02 -2.000000e+00
      vertex   3.003909e+01 1.835467e+02 -2.001093e+00
      vertex   3.716867e+01 1.835980e+02 -2.004815e+00
    endloop
  endfacet
  facet normal 6.689726e-04 -1.646263e-01 -9.863558e-01
    outer loop
      vertex   3.716867e+01 1.835980e+02 -2.004815e+00
      vertex   3.003909e+01 1.835467e+02 -2.001093e+00
      vertex   3.359981e+01 1.837588e+02 -2.034074e+00
    endloop
  endfacet
  facet normal 1.488429e-03 -1.469463e-01 -9.891433e-01
    outer loop
      vertex   3.716867e+01 1.835980e+02 -2.004815e+00
      vertex   3.359981e+01 1.837588e+02 -2.034074e+00
      vertex   3.718307e+01 1.836951e+02 -2.019215e+00
    endloop
  endfacet
  facet normal -1.188119e-03 -2.899544e-01 -9.570397e-01
    outer loop
      vertex   3.718307e+01 1.836951e+02 -2.019215e+00
      vertex   3.359981e+01 1.837588e+02 -2.034074e+00
      vertex   3.723998e+01 1.838827e+02 -2.076120e+00
    endloop
  endfacet
  facet normal 2.350200e-03 -3.826824e-01 -9.238770e-01
    outer loop
      vertex   3.723998e+01 1.838827e+02 -2.076120e+00
      vertex   3.359981e+01 1.837588e+02 -2.034074e+00
      vertex   3.359981e+01 1.840000e+02 -2.133975e+00
    endloop
  endfacet
  facet normal -1.156158e-03 -4.709157e-01 -8.821775e-01
    outer loop
      vertex   3.723998e+01 1.838827e+02 -2.076120e+00
      vertex   3.359981e+01 1.840000e+02 -2.133975e+00
      vertex   3.733238e+01 1.840556e+02 -2.168530e+00
    endloop
  endfacet
  facet normal 1.718399e-03 -6.087605e-01 -7.933522e-01
    outer loop
      vertex   3.733238e+01 1.840556e+02 -2.168530e+00
      vertex   3.359981e+01 1.840000e+02 -2.133975e+00
      vertex   3.359981e+01 1.842071e+02 -2.292893e+00
    endloop
  endfacet
  facet normal -1.789576e-16 -6.343933e-01 -7.730105e-01
    outer loop
      vertex   3.733238e+01 1.840556e+02 -2.168530e+00
      vertex   3.359981e+01 1.842071e+02 -2.292893e+00
      vertex   3.745675e+01 1.842071e+02 -2.292893e+00
    endloop
  endfacet
  facet normal -1.460886e-16 -7.730105e-01 -6.343933e-01
    outer loop
      vertex   3.745675e+01 1.842071e+02 -2.292893e+00
      vertex   3.359981e+01 1.842071e+02 -2.292893e+00
      vertex   3.760828e+01 1.843315e+02 -2.444430e+00
    endloop
  endfacet
  facet normal 1.600124e-03 -7.933523e-01 -6.087606e-01
    outer loop
      vertex   3.760828e+01 1.843315e+02 -2.444430e+00
      vertex   3.359981e+01 1.842071e+02 -2.292893e+00
      vertex   3.359981e+01 1.843660e+02 -2.500000e+00
    endloop
  endfacet
  facet normal -1.052580e-03 -8.814828e-01 -4.722150e-01
    outer loop
      vertex   3.760828e+01 1.843315e+02 -2.444430e+00
      vertex   3.359981e+01 1.843660e+02 -2.500000e+00
      vertex   3.778117e+01 1.844239e+02 -2.617317e+00
    endloop
  endfacet
  facet normal 2.046013e-03 -9.238776e-01 -3.826826e-01
    outer loop
      vertex   3.778117e+01 1.844239e+02 -2.617317e+00
      vertex   3.359981e+01 1.843660e+02 -2.500000e+00
      vertex   3.359981e+01 1.844659e+02 -2.741181e+00
    endloop
  endfacet
  facet normal -9.938207e-04 -9.566634e-01 -2.911945e-01
    outer loop
      vertex   3.778117e+01 1.844239e+02 -2.617317e+00
      vertex   3.359981e+01 1.844659e+02 -2.741181e+00
      vertex   3.796876e+01 1.844808e+02 -2.804910e+00
    endloop
  endfacet
  facet normal 1.984338e-03 -9.953744e-01 -9.605148e-02
    outer loop
      vertex   3.796876e+01 1.844808e+02 -2.804910e+00
      vertex   3.359981e+01 1.844659e+02 -2.741181e+00
      vertex   3.816385e+01 1.845000e+02 -3.000000e+00
    endloop
  endfacet
  facet normal -6.985230e-17 -9.914449e-01 -1.305262e-01
    outer loop
      vertex   3.816385e+01 1.845000e+02 -3.000000e+00
      vertex   3.359981e+01 1.844659e+02 -2.741181e+00
      vertex   2.903577e+01 1.845000e+02 -3.000000e+00
    endloop
  endfacet
  facet normal 2.902710e-03 -9.835391e-01 -1.806721e-01
    outer loop
      vertex   2.903577e+01 1.845000e+02 -3.000000e+00
      vertex   3.359981e+01 1.844659e+02 -2.741181e+00
      vertex   2.938582e+01 1.844367e+02 -2.649947e+00
    endloop
  endfacet
  facet normal -1.884248e-03 -9.238779e-01 -3.826828e-01
    outer loop
      vertex   2.938582e+01 1.844367e+02 -2.649947e+00
      vertex   3.359981e+01 1.844659e+02 -2.741181e+00
      vertex   3.359981e+01 1.843660e+02 -2.500000e+00
    endloop
  endfacet
  facet normal 2.619237e-04 -9.016306e-01 -4.325069e-01
    outer loop
      vertex   2.938582e+01 1.844367e+02 -2.649947e+00
      vertex   3.359981e+01 1.843660e+02 -2.500000e+00
      vertex   2.954685e+01 1.843595e+02 -2.488919e+00
    endloop
  endfacet
  facet normal -3.024332e-04 -8.106094e-01 -5.855871e-01
    outer loop
      vertex   2.954685e+01 1.843595e+02 -2.488919e+00
      vertex   3.359981e+01 1.843660e+02 -2.500000e+00
      vertex   2.969158e+01 1.842549e+02 -2.344189e+00
    endloop
  endfacet
  facet normal -1.716872e-03 -7.933522e-01 -6.087605e-01
    outer loop
      vertex   2.969158e+01 1.842549e+02 -2.344189e+00
      vertex   3.359981e+01 1.843660e+02 -2.500000e+00
      vertex   3.359981e+01 1.842071e+02 -2.292893e+00
    endloop
  endfacet
  facet normal 9.867591e-04 -6.928603e-01 -7.210711e-01
    outer loop
      vertex   2.969158e+01 1.842549e+02 -2.344189e+00
      vertex   3.359981e+01 1.842071e+02 -2.292893e+00
      vertex   2.981539e+01 1.841262e+02 -2.220373e+00
    endloop
  endfacet
  facet normal -2.195345e-03 -6.087600e-01 -7.933514e-01
    outer loop
      vertex   2.981539e+01 1.841262e+02 -2.220373e+00
      vertex   3.359981e+01 1.842071e+02 -2.292893e+00
      vertex   3.359981e+01 1.840000e+02 -2.133975e+00
    endloop
  endfacet
  facet normal 5.310525e-04 -5.538861e-01 -8.325923e-01
    outer loop
      vertex   2.981539e+01 1.841262e+02 -2.220373e+00
      vertex   3.359981e+01 1.840000e+02 -2.133975e+00
      vertex   2.991435e+01 1.839776e+02 -2.121418e+00
    endloop
  endfacet
  facet normal -7.094518e-04 -3.974961e-01 -9.176036e-01
    outer loop
      vertex   2.991435e+01 1.839776e+02 -2.121418e+00
      vertex   3.359981e+01 1.840000e+02 -2.133975e+00
      vertex   2.998528e+01 1.838137e+02 -2.050481e+00
    endloop
  endfacet
  facet normal -1.617854e-03 -3.826829e-01 -9.238783e-01
    outer loop
      vertex   2.998528e+01 1.838137e+02 -2.050481e+00
      vertex   3.359981e+01 1.840000e+02 -2.133975e+00
      vertex   3.359981e+01 1.837588e+02 -2.034074e+00
    endloop
  endfacet
  facet normal 9.659032e-04 -2.274621e-01 -9.737865e-01
    outer loop
      vertex   2.998528e+01 1.838137e+02 -2.050481e+00
      vertex   3.359981e+01 1.837588e+02 -2.034074e+00
      vertex   3.002594e+01 1.836398e+02 -2.009824e+00
    endloop
  endfacet
  facet normal -2.842168e-03 -1.170323e-01 -9.931240e-01
    outer loop
      vertex   3.002594e+01 1.836398e+02 -2.009824e+00
      vertex   3.359981e+01 1.837588e+02 -2.034074e+00
      vertex   3.003250e+01 1.835934e+02 -2.004370e+00
    endloop
  endfacet
  facet normal -5.022938e-03 -7.078922e-02 -9.974786e-01
    outer loop
      vertex   3.003250e+01 1.835934e+02 -2.004370e+00
      vertex   3.359981e+01 1.837588e+02 -2.034074e+00
      vertex   3.003909e+01 1.835467e+02 -2.001093e+00
    endloop
  endfacet
  facet normal 9.801714e-02 -9.951847e-01 0.000000e+00
    outer loop
      vertex   3.816385e+01 1.845000e+02 -3.000000e+00
      vertex   3.816385e+01 1.845000e+02 4.000000e+00
      vertex   3.796876e+01 1.844808e+02 -2.804910e+00
    endloop
  endfacet
  facet normal 1.509006e-01 -9.885477e-01 -1.534860e-03
    outer loop
      vertex   3.796876e+01 1.844808e+02 -2.804910e+00
      vertex   3.816385e+01 1.845000e+02 4.000000e+00
      vertex   3.790504e+01 1.844659e+02 5.000000e-01
    endloop
  endfacet
  facet normal 2.914929e-01 -9.565721e-01 1.319955e-03
    outer loop
      vertex   3.796876e+01 1.844808e+02 -2.804910e+00
      vertex   3.790504e+01 1.844659e+02 5.000000e-01
      vertex   3.778117e+01 1.844239e+02 -2.617317e+00
    endloop
  endfacet
  facet normal 3.826820e-01 -9.238761e-01 -2.744382e-03
    outer loop
      vertex   3.778117e+01 1.844239e+02 -2.617317e+00
      vertex   3.790504e+01 1.844659e+02 5.000000e-01
      vertex   3.766385e+01 1.843660e+02 5.000000e-01
    endloop
  endfacet
  facet normal 4.725047e-01 -8.813270e-01 1.425659e-03
    outer loop
      vertex   3.778117e+01 1.844239e+02 -2.617317e+00
      vertex   3.766385e+01 1.843660e+02 5.000000e-01
      vertex   3.760828e+01 1.843315e+02 -2.444430e+00
    endloop
  endfacet
  facet normal 6.087600e-01 -7.933515e-01 -2.178366e-03
    outer loop
      vertex   3.760828e+01 1.843315e+02 -2.444430e+00
      vertex   3.766385e+01 1.843660e+02 5.000000e-01
      vertex   3.745675e+01 1.842071e+02 5.000000e-01
    endloop
  endfacet
  facet normal 6.343933e-01 -7.730105e-01 0.000000e+00
    outer loop
      vertex   3.760828e+01 1.843315e+02 -2.444430e+00
      vertex   3.745675e+01 1.842071e+02 5.000000e-01
      vertex   3.745675e+01 1.842071e+02 -2.292893e+00
    endloop
  endfacet
  facet normal 7.730105e-01 -6.343933e-01 0.000000e+00
    outer loop
      vertex   3.745675e+01 1.842071e+02 -2.292893e+00
      vertex   3.745675e+01 1.842071e+02 5.000000e-01
      vertex   3.733238e+01 1.840556e+02 -2.168530e+00
    endloop
  endfacet
  facet normal 7.933510e-01 -6.087597e-01 -2.403586e-03
    outer loop
      vertex   3.733238e+01 1.840556e+02 -2.168530e+00
      vertex   3.745675e+01 1.842071e+02 5.000000e-01
      vertex   3.729783e+01 1.840000e+02 5.000000e-01
    endloop
  endfacet
  facet normal 8.822804e-01 -4.707214e-01 1.622540e-03
    outer loop
      vertex   3.733238e+01 1.840556e+02 -2.168530e+00
      vertex   3.729783e+01 1.840000e+02 5.000000e-01
      vertex   3.723998e+01 1.838827e+02 -2.076120e+00
    endloop
  endfacet
  facet normal 9.238744e-01 -3.826813e-01 -3.320921e-03
    outer loop
      vertex   3.723998e+01 1.838827e+02 -2.076120e+00
      vertex   3.729783e+01 1.840000e+02 5.000000e-01
      vertex   3.719793e+01 1.837588e+02 5.000000e-01
    endloop
  endfacet
  facet normal 9.570809e-01 -2.898158e-01 1.686197e-03
    outer loop
      vertex   3.723998e+01 1.838827e+02 -2.076120e+00
      vertex   3.719793e+01 1.837588e+02 5.000000e-01
      vertex   3.718307e+01 1.836951e+02 -2.019215e+00
    endloop
  endfacet
  facet normal 9.891287e-01 -1.470371e-01 -2.114718e-03
    outer loop
      vertex   3.718307e+01 1.836951e+02 -2.019215e+00
      vertex   3.719793e+01 1.837588e+02 5.000000e-01
      vertex   3.716867e+01 1.835980e+02 -2.004815e+00
    endloop
  endfacet
  facet normal 9.812478e-01 -1.927483e-01 9.118717e-04
    outer loop
      vertex   3.716867e+01 1.835980e+02 -2.004815e+00
      vertex   3.719793e+01 1.837588e+02 5.000000e-01
      vertex   3.718307e+01 1.836951e+02 3.019215e+00
    endloop
  endfacet
  facet normal 9.891765e-01 -1.467305e-01 -1.403002e-15
    outer loop
      vertex   3.716867e+01 1.835980e+02 -2.004815e+00
      vertex   3.718307e+01 1.836951e+02 3.019215e+00
      vertex   3.716867e+01 1.835980e+02 3.004815e+00
    endloop
  endfacet
  facet normal 9.540585e-02 -9.954350e-01 2.635935e-03
    outer loop
      vertex   3.816385e+01 1.845000e+02 4.000000e+00
      vertex   3.796876e+01 1.844808e+02 3.804910e+00
      vertex   3.790504e+01 1.844659e+02 5.000000e-01
    endloop
  endfacet
  facet normal 2.914929e-01 -9.565721e-01 -1.319955e-03
    outer loop
      vertex   3.790504e+01 1.844659e+02 5.000000e-01
      vertex   3.796876e+01 1.844808e+02 3.804910e+00
      vertex   3.778117e+01 1.844239e+02 3.617317e+00
    endloop
  endfacet
  facet normal 3.826820e-01 -9.238761e-01 2.744382e-03
    outer loop
      vertex   3.790504e+01 1.844659e+02 5.000000e-01
      vertex   3.778117e+01 1.844239e+02 3.617317e+00
      vertex   3.766385e+01 1.843660e+02 5.000000e-01
    endloop
  endfacet
  facet normal 4.725047e-01 -8.813270e-01 -1.425659e-03
    outer loop
      vertex   3.766385e+01 1.843660e+02 5.000000e-01
      vertex   3.778117e+01 1.844239e+02 3.617317e+00
      vertex   3.760828e+01 1.843315e+02 3.444430e+00
    endloop
  endfacet
  facet normal 6.087600e-01 -7.933515e-01 2.178366e-03
    outer loop
      vertex   3.766385e+01 1.843660e+02 5.000000e-01
      vertex   3.760828e+01 1.843315e+02 3.444430e+00
      vertex   3.745675e+01 1.842071e+02 5.000000e-01
    endloop
  endfacet
  facet normal 6.343933e-01 -7.730105e-01 0.000000e+00
    outer loop
      vertex   3.745675e+01 1.842071e+02 5.000000e-01
      vertex   3.760828e+01 1.843315e+02 3.444430e+00
      vertex   3.745675e+01 1.842071e+02 3.292893e+00
    endloop
  endfacet
  facet normal 7.730105e-01 -6.343933e-01 0.000000e+00
    outer loop
      vertex   3.745675e+01 1.842071e+02 5.000000e-01
      vertex   3.745675e+01 1.842071e+02 3.292893e+00
      vertex   3.733238e+01 1.840556e+02 3.168530e+00
    endloop
  endfacet
  facet normal 7.933510e-01 -6.087597e-01 2.403586e-03
    outer loop
      vertex   3.745675e+01 1.842071e+02 5.000000e-01
      vertex   3.733238e+01 1.840556e+02 3.168530e+00
      vertex   3.729783e+01 1.840000e+02 5.000000e-01
    endloop
  endfacet
  facet normal 8.822804e-01 -4.707214e-01 -1.622540e-03
    outer loop
      vertex   3.729783e+01 1.840000e+02 5.000000e-01
      vertex   3.733238e+01 1.840556e+02 3.168530e+00
      vertex   3.723998e+01 1.838827e+02 3.076120e+00
    endloop
  endfacet
  facet normal 9.238744e-01 -3.826813e-01 3.320921e-03
    outer loop
      vertex   3.729783e+01 1.840000e+02 5.000000e-01
      vertex   3.723998e+01 1.838827e+02 3.076120e+00
      vertex   3.719793e+01 1.837588e+02 5.000000e-01
    endloop
  endfacet
  facet normal 9.570809e-01 -2.898158e-01 -1.686197e-03
    outer loop
      vertex   3.719793e+01 1.837588e+02 5.000000e-01
      vertex   3.723998e+01 1.838827e+02 3.076120e+00
      vertex   3.718307e+01 1.836951e+02 3.019215e+00
    endloop
  endfacet
  facet normal 9.987955e-01 -4.906767e-02 -1.416645e-15
    outer loop
      vertex   3.716867e+01 1.835980e+02 3.004815e+00
      vertex   3.716385e+01 1.835000e+02 3.000000e+00
      vertex   3.716867e+01 1.835980e+02 -2.004815e+00
    endloop
  endfacet
  facet normal 9.987955e-01 -4.906767e-02 0.000000e+00
    outer loop
      vertex   3.716867e+01 1.835980e+02 -2.004815e+00
      vertex   3.716385e+01 1.835000e+02 3.000000e+00
      vertex   3.716385e+01 1.835000e+02 -2.000000e+00
    endloop
  endfacet
  facet normal -9.737369e-01 -2.276763e-01 0.000000e+00
    outer loop
      vertex   3.002594e+01 1.836398e+02 -2.009824e+00
      vertex   3.002594e+01 1.836398e+02 3.009824e+00
      vertex   2.998528e+01 1.838137e+02 -2.050481e+00
    endloop
  endfacet
  facet normal -9.618335e-01 -2.736303e-01 -1.674742e-03
    outer loop
      vertex   2.998528e+01 1.838137e+02 -2.050481e+00
      vertex   3.002594e+01 1.836398e+02 3.009824e+00
      vertex   2.996491e+01 1.838697e+02 5.000000e-01
    endloop
  endfacet
  facet normal -9.179324e-01 -3.967344e-01 1.379150e-03
    outer loop
      vertex   2.998528e+01 1.838137e+02 -2.050481e+00
      vertex   2.996491e+01 1.838697e+02 5.000000e-01
      vertex   2.991435e+01 1.839776e+02 -2.121418e+00
    endloop
  endfacet
  facet normal -8.785786e-01 -4.775902e-01 -2.707314e-03
    outer loop
      vertex   2.991435e+01 1.839776e+02 -2.121418e+00
      vertex   2.996491e+01 1.838697e+02 5.000000e-01
      vertex   2.985131e+01 1.840787e+02 5.000000e-01
    endloop
  endfacet
  facet normal -8.328341e-01 -5.535212e-01 1.321008e-03
    outer loop
      vertex   2.991435e+01 1.839776e+02 -2.121418e+00
      vertex   2.985131e+01 1.840787e+02 5.000000e-01
      vertex   2.981539e+01 1.841262e+02 -2.220373e+00
    endloop
  endfacet
  facet normal -7.409364e-01 -6.715723e-01 -1.956050e-03
    outer loop
      vertex   2.981539e+01 1.841262e+02 -2.220373e+00
      vertex   2.985131e+01 1.840787e+02 5.000000e-01
      vertex   2.969158e+01 1.842549e+02 5.000000e-01
    endloop
  endfacet
  facet normal -7.205973e-01 -6.933538e-01 0.000000e+00
    outer loop
      vertex   2.981539e+01 1.841262e+02 -2.220373e+00
      vertex   2.969158e+01 1.842549e+02 5.000000e-01
      vertex   2.969158e+01 1.842549e+02 -2.344189e+00
    endloop
  endfacet
  facet normal -5.857858e-01 -8.104659e-01 0.000000e+00
    outer loop
      vertex   2.969158e+01 1.842549e+02 -2.344189e+00
      vertex   2.969158e+01 1.842549e+02 5.000000e-01
      vertex   2.954685e+01 1.843595e+02 -2.488919e+00
    endloop
  endfacet
  facet normal -5.613746e-01 -8.275599e-01 -1.780305e-03
    outer loop
      vertex   2.954685e+01 1.843595e+02 -2.488919e+00
      vertex   2.969158e+01 1.842549e+02 5.000000e-01
      vertex   2.949474e+01 1.843885e+02 5.000000e-01
    endloop
  endfacet
  facet normal -4.332422e-01 -9.012768e-01 1.166808e-03
    outer loop
      vertex   2.954685e+01 1.843595e+02 -2.488919e+00
      vertex   2.949474e+01 1.843885e+02 5.000000e-01
      vertex   2.938582e+01 1.844367e+02 -2.649947e+00
    endloop
  endfacet
  facet normal -3.500526e-01 -9.367273e-01 -2.253058e-03
    outer loop
      vertex   2.938582e+01 1.844367e+02 -2.649947e+00
      vertex   2.949474e+01 1.843885e+02 5.000000e-01
      vertex   2.927193e+01 1.844717e+02 5.000000e-01
    endloop
  endfacet
  facet normal -1.820599e-01 -9.832779e-01 4.337739e-03
    outer loop
      vertex   2.938582e+01 1.844367e+02 -2.649947e+00
      vertex   2.927193e+01 1.844717e+02 5.000000e-01
      vertex   2.903577e+01 1.845000e+02 -3.000000e+00
    endloop
  endfacet
  facet normal -1.189272e-01 -9.929030e-01 6.035921e-17
    outer loop
      vertex   2.903577e+01 1.845000e+02 -3.000000e+00
      vertex   2.927193e+01 1.844717e+02 5.000000e-01
      vertex   2.903577e+01 1.845000e+02 4.000000e+00
    endloop
  endfacet
  facet normal -1.820599e-01 -9.832779e-01 -4.337739e-03
    outer loop
      vertex   2.903577e+01 1.845000e+02 4.000000e+00
      vertex   2.927193e+01 1.844717e+02 5.000000e-01
      vertex   2.938582e+01 1.844367e+02 3.649947e+00
    endloop
  endfacet
  facet normal -3.500526e-01 -9.367273e-01 2.253058e-03
    outer loop
      vertex   2.938582e+01 1.844367e+02 3.649947e+00
      vertex   2.927193e+01 1.844717e+02 5.000000e-01
      vertex   2.949474e+01 1.843885e+02 5.000000e-01
    endloop
  endfacet
  facet normal -4.332422e-01 -9.012768e-01 -1.166808e-03
    outer loop
      vertex   2.938582e+01 1.844367e+02 3.649947e+00
      vertex   2.949474e+01 1.843885e+02 5.000000e-01
      vertex   2.954685e+01 1.843595e+02 3.488919e+00
    endloop
  endfacet
  facet normal -5.613746e-01 -8.275599e-01 1.780305e-03
    outer loop
      vertex   2.954685e+01 1.843595e+02 3.488919e+00
      vertex   2.949474e+01 1.843885e+02 5.000000e-01
      vertex   2.969158e+01 1.842549e+02 5.000000e-01
    endloop
  endfacet
  facet normal -5.857858e-01 -8.104659e-01 0.000000e+00
    outer loop
      vertex   2.954685e+01 1.843595e+02 3.488919e+00
      vertex   2.969158e+01 1.842549e+02 5.000000e-01
      vertex   2.969158e+01 1.842549e+02 3.344189e+00
    endloop
  endfacet
  facet normal -7.205973e-01 -6.933538e-01 -0.000000e+00
    outer loop
      vertex   2.969158e+01 1.842549e+02 3.344189e+00
      vertex   2.969158e+01 1.842549e+02 5.000000e-01
      vertex   2.981539e+01 1.841262e+02 3.220373e+00
    endloop
  endfacet
  facet normal -7.409364e-01 -6.715723e-01 1.956050e-03
    outer loop
      vertex   2.981539e+01 1.841262e+02 3.220373e+00
      vertex   2.969158e+01 1.842549e+02 5.000000e-01
      vertex   2.985131e+01 1.840787e+02 5.000000e-01
    endloop
  endfacet
  facet normal -8.328341e-01 -5.535212e-01 -1.321008e-03
    outer loop
      vertex   2.981539e+01 1.841262e+02 3.220373e+00
      vertex   2.985131e+01 1.840787e+02 5.000000e-01
      vertex   2.991435e+01 1.839776e+02 3.121418e+00
    endloop
  endfacet
  facet normal -8.785786e-01 -4.775902e-01 2.707314e-03
    outer loop
      vertex   2.991435e+01 1.839776e+02 3.121418e+00
      vertex   2.985131e+01 1.840787e+02 5.000000e-01
      vertex   2.996491e+01 1.838697e+02 5.000000e-01
    endloop
  endfacet
  facet normal -9.179324e-01 -3.967344e-01 -1.379150e-03
    outer loop
      vertex   2.991435e+01 1.839776e+02 3.121418e+00
      vertex   2.996491e+01 1.838697e+02 5.000000e-01
      vertex   2.998528e+01 1.838137e+02 3.050481e+00
    endloop
  endfacet
  facet normal -9.735897e-01 -2.282883e-01 2.764303e-03
    outer loop
      vertex   2.998528e+01 1.838137e+02 3.050481e+00
      vertex   2.996491e+01 1.838697e+02 5.000000e-01
      vertex   3.002594e+01 1.836398e+02 3.009824e+00
    endloop
  endfacet
  facet normal 9.537233e-17 -9.951847e-01 9.801714e-02
    outer loop
      vertex   3.816385e+01 1.845000e+02 4.000000e+00
      vertex   2.903577e+01 1.845000e+02 4.000000e+00
      vertex   3.796876e+01 1.844808e+02 3.804910e+00
    endloop
  endfacet
  facet normal 1.164359e-03 -9.885816e-01 1.506817e-01
    outer loop
      vertex   3.796876e+01 1.844808e+02 3.804910e+00
      vertex   2.903577e+01 1.845000e+02 4.000000e+00
      vertex   3.359981e+01 1.844659e+02 3.741181e+00
    endloop
  endfacet
  facet normal -9.938207e-04 -9.566634e-01 2.911945e-01
    outer loop
      vertex   3.796876e+01 1.844808e+02 3.804910e+00
      vertex   3.359981e+01 1.844659e+02 3.741181e+00
      vertex   3.778117e+01 1.844239e+02 3.617317e+00
    endloop
  endfacet
  facet normal 2.046013e-03 -9.238776e-01 3.826826e-01
    outer loop
      vertex   3.778117e+01 1.844239e+02 3.617317e+00
      vertex   3.359981e+01 1.844659e+02 3.741181e+00
      vertex   3.359981e+01 1.843660e+02 3.500000e+00
    endloop
  endfacet
  facet normal -1.052580e-03 -8.814828e-01 4.722150e-01
    outer loop
      vertex   3.778117e+01 1.844239e+02 3.617317e+00
      vertex   3.359981e+01 1.843660e+02 3.500000e+00
      vertex   3.760828e+01 1.843315e+02 3.444430e+00
    endloop
  endfacet
  facet normal 1.600124e-03 -7.933523e-01 6.087606e-01
    outer loop
      vertex   3.760828e+01 1.843315e+02 3.444430e+00
      vertex   3.359981e+01 1.843660e+02 3.500000e+00
      vertex   3.359981e+01 1.842071e+02 3.292893e+00
    endloop
  endfacet
  facet normal 5.873481e-16 -7.730105e-01 6.343933e-01
    outer loop
      vertex   3.760828e+01 1.843315e+02 3.444430e+00
      vertex   3.359981e+01 1.842071e+02 3.292893e+00
      vertex   3.745675e+01 1.842071e+02 3.292893e+00
    endloop
  endfacet
  facet normal 7.120377e-16 -6.343933e-01 7.730105e-01
    outer loop
      vertex   3.745675e+01 1.842071e+02 3.292893e+00
      vertex   3.359981e+01 1.842071e+02 3.292893e+00
      vertex   3.733238e+01 1.840556e+02 3.168530e+00
    endloop
  endfacet
  facet normal 1.718399e-03 -6.087605e-01 7.933522e-01
    outer loop
      vertex   3.733238e+01 1.840556e+02 3.168530e+00
      vertex   3.359981e+01 1.842071e+02 3.292893e+00
      vertex   3.359981e+01 1.840000e+02 3.133975e+00
    endloop
  endfacet
  facet normal -1.156158e-03 -4.709157e-01 8.821775e-01
    outer loop
      vertex   3.733238e+01 1.840556e+02 3.168530e+00
      vertex   3.359981e+01 1.840000e+02 3.133975e+00
      vertex   3.723998e+01 1.838827e+02 3.076120e+00
    endloop
  endfacet
  facet normal 2.350200e-03 -3.826824e-01 9.238770e-01
    outer loop
      vertex   3.723998e+01 1.838827e+02 3.076120e+00
      vertex   3.359981e+01 1.840000e+02 3.133975e+00
      vertex   3.359981e+01 1.837588e+02 3.034074e+00
    endloop
  endfacet
  facet normal -1.188119e-03 -2.899544e-01 9.570397e-01
    outer loop
      vertex   3.723998e+01 1.838827e+02 3.076120e+00
      vertex   3.359981e+01 1.837588e+02 3.034074e+00
      vertex   3.718307e+01 1.836951e+02 3.019215e+00
    endloop
  endfacet
  facet normal 1.488429e-03 -1.469463e-01 9.891433e-01
    outer loop
      vertex   3.718307e+01 1.836951e+02 3.019215e+00
      vertex   3.359981e+01 1.837588e+02 3.034074e+00
      vertex   3.716867e+01 1.835980e+02 3.004815e+00
    endloop
  endfacet
  facet normal -4.106942e-04 -1.878325e-01 9.822010e-01
    outer loop
      vertex   3.716867e+01 1.835980e+02 3.004815e+00
      vertex   3.359981e+01 1.837588e+02 3.034074e+00
      vertex   3.002594e+01 1.836398e+02 3.009824e+00
    endloop
  endfacet
  facet normal 1.372393e-05 -1.166350e-01 9.931748e-01
    outer loop
      vertex   3.716867e+01 1.835980e+02 3.004815e+00
      vertex   3.002594e+01 1.836398e+02 3.009824e+00
      vertex   3.003250e+01 1.835934e+02 3.004370e+00
    endloop
  endfacet
  facet normal 2.902710e-03 -9.835391e-01 1.806721e-01
    outer loop
      vertex   2.903577e+01 1.845000e+02 4.000000e+00
      vertex   2.938582e+01 1.844367e+02 3.649947e+00
      vertex   3.359981e+01 1.844659e+02 3.741181e+00
    endloop
  endfacet
  facet normal -1.884248e-03 -9.238779e-01 3.826828e-01
    outer loop
      vertex   3.359981e+01 1.844659e+02 3.741181e+00
      vertex   2.938582e+01 1.844367e+02 3.649947e+00
      vertex   3.359981e+01 1.843660e+02 3.500000e+00
    endloop
  endfacet
  facet normal 2.619237e-04 -9.016306e-01 4.325069e-01
    outer loop
      vertex   2.938582e+01 1.844367e+02 3.649947e+00
      vertex   2.954685e+01 1.843595e+02 3.488919e+00
      vertex   3.359981e+01 1.843660e+02 3.500000e+00
    endloop
  endfacet
  facet normal -3.024332e-04 -8.106094e-01 5.855871e-01
    outer loop
      vertex   3.359981e+01 1.843660e+02 3.500000e+00
      vertex   2.954685e+01 1.843595e+02 3.488919e+00
      vertex   2.969158e+01 1.842549e+02 3.344189e+00
    endloop
  endfacet
  facet normal -1.716872e-03 -7.933522e-01 6.087605e-01
    outer loop
      vertex   3.359981e+01 1.843660e+02 3.500000e+00
      vertex   2.969158e+01 1.842549e+02 3.344189e+00
      vertex   3.359981e+01 1.842071e+02 3.292893e+00
    endloop
  endfacet
  facet normal 9.867591e-04 -6.928603e-01 7.210711e-01
    outer loop
      vertex   3.359981e+01 1.842071e+02 3.292893e+00
      vertex   2.969158e+01 1.842549e+02 3.344189e+00
      vertex   2.981539e+01 1.841262e+02 3.220373e+00
    endloop
  endfacet
  facet normal -2.195345e-03 -6.087600e-01 7.933514e-01
    outer loop
      vertex   3.359981e+01 1.842071e+02 3.292893e+00
      vertex   2.981539e+01 1.841262e+02 3.220373e+00
      vertex   3.359981e+01 1.840000e+02 3.133975e+00
    endloop
  endfacet
  facet normal 5.310525e-04 -5.538861e-01 8.325923e-01
    outer loop
      vertex   3.359981e+01 1.840000e+02 3.133975e+00
      vertex   2.981539e+01 1.841262e+02 3.220373e+00
      vertex   2.991435e+01 1.839776e+02 3.121418e+00
    endloop
  endfacet
  facet normal -7.094518e-04 -3.974961e-01 9.176036e-01
    outer loop
      vertex   3.359981e+01 1.840000e+02 3.133975e+00
      vertex   2.991435e+01 1.839776e+02 3.121418e+00
      vertex   2.998528e+01 1.838137e+02 3.050481e+00
    endloop
  endfacet
  facet normal -1.617854e-03 -3.826829e-01 9.238783e-01
    outer loop
      vertex   3.359981e+01 1.840000e+02 3.133975e+00
      vertex   2.998528e+01 1.838137e+02 3.050481e+00
      vertex   3.359981e+01 1.837588e+02 3.034074e+00
    endloop
  endfacet
  facet normal 9.659032e-04 -2.274621e-01 9.737865e-01
    outer loop
      vertex   3.359981e+01 1.837588e+02 3.034074e+00
      vertex   2.998528e+01 1.838137e+02 3.050481e+00
      vertex   3.002594e+01 1.836398e+02 3.009824e+00
    endloop
  endfacet
  facet normal -1.675586e-05 -7.008667e-02 9.975409e-01
    outer loop
      vertex   3.003250e+01 1.835934e+02 3.004370e+00
      vertex   3.003909e+01 1.835467e+02 3.001093e+00
      vertex   3.716867e+01 1.835980e+02 3.004815e+00
    endloop
  endfacet
  facet normal -1.686303e-04 -4.905941e-02 9.987958e-01
    outer loop
      vertex   3.716867e+01 1.835980e+02 3.004815e+00
      vertex   3.003909e+01 1.835467e+02 3.001093e+00
      vertex   3.716385e+01 1.835000e+02 3.000000e+00
    endloop
  endfacet
  facet normal 6.237108e-16 -2.337848e-02 9.997267e-01
    outer loop
      vertex   3.716385e+01 1.835000e+02 3.000000e+00
      vertex   3.003909e+01 1.835467e+02 3.001093e+00
      vertex   3.004569e+01 1.835000e+02 3.000000e+00
    endloop
  endfacet
  facet normal 0.000000e+00 1.000000e+00 0.000000e+00
    outer loop
      vertex   -1.444990e+01 1.945000e+02 -1.439359e+01
      vertex   -4.500000e+01 1.945000e+02 -4.500000e+01
      vertex   -1.444990e+01 1.945000e+02 1.425408e+01
    endloop
  endfacet
  facet normal 0.000000e+00 1.000000e+00 0.000000e+00
    outer loop
      vertex   -1.444990e+01 1.945000e+02 1.425408e+01
      vertex   -4.500000e+01 1.945000e+02 -4.500000e+01
      vertex   -4.500000e+01 1.945000e+02 4.500000e+01
    endloop
  endfacet
  facet normal 0.000000e+00 1.000000e+00 -0.000000e+00
    outer loop
      vertex   -1.444990e+01 1.945000e+02 1.425408e+01
      vertex   -4.500000e+01 1.945000e+02 4.500000e+01
      vertex   1.425441e+01 1.945000e+02 1.425408e+01
    endloop
  endfacet
  facet normal 0.000000e+00 1.000000e+00 -0.000000e+00
    outer loop
      vertex   1.425441e+01 1.945000e+02 1.425408e+01
      vertex   -4.500000e+01 1.945000e+02 4.500000e+01
      vertex   4.500000e+01 1.945000e+02 4.500000e+01
    endloop
  endfacet
  facet normal -0.000000e+00 1.000000e+00 0.000000e+00
    outer loop
      vertex   1.425441e+01 1.945000e+02 1.425408e+01
      vertex   4.500000e+01 1.945000e+02 4.500000e+01
      vertex   4.500000e+01 1.945000e+02 -4.500000e+01
    endloop
  endfacet
  facet normal -0.000000e+00 1.000000e+00 0.000000e+00
    outer loop
      vertex   -1.444990e+01 1.945000e+02 -1.439359e+01
      vertex   1.425441e+01 1.945000e+02 -1.439359e+01
      vertex   -4.500000e+01 1.945000e+02 -4.500000e+01
    endloop
  endfacet
  facet normal 0.000000e+00 1.000000e+00 0.000000e+00
    outer loop
      vertex   -4.500000e+01 1.945000e+02 -4.500000e+01
      vertex   1.425441e+01 1.945000e+02 -1.439359e+01
      vertex   4.500000e+01 1.945000e+02 -4.500000e+01
    endloop
  endfacet
  facet normal 0.000000e+00 1.000000e+00 0.000000e+00
    outer loop
      vertex   4.500000e+01 1.945000e+02 -4.500000e+01
      vertex   1.425441e+01 1.945000e+02 -1.439359e+01
      vertex   1.425441e+01 1.945000e+02 1.425408e+01
    endloop
  endfacet
  facet normal 0.000000e+00 0.000000e+00 -1.000000e+00
    outer loop
      vertex   4.500000e+01 1.845000e+02 -4.500000e+01
      vertex   -4.500000e+01 1.845000e+02 -4.500000e+01
      vertex   4.500000e+01 1.945000e+02 -4.500000e+01
    endloop
  endfacet
  facet normal -0.000000e+00 0.000000e+00 -1.000000e+00
    outer loop
      vertex   4.500000e+01 1.945000e+02 -4.500000e+01
      vertex   -4.500000e+01 1.845000e+02 -4.500000e+01
      vertex   -4.500000e+01 1.945000e+02 -4.500000e+01
    endloop
  endfacet
  facet normal -1.000000e+00 0.000000e+00 0.000000e+00
    outer loop
      vertex   -4.500000e+01 1.845000e+02 -4.500000e+01
      vertex   -4.500000e+01 1.845000e+02 4.500000e+01
      vertex   -4.500000e+01 1.945000e+02 -4.500000e+01
    endloop
  endfacet
  facet normal -1.000000e+00 0.000000e+00 0.000000e+00
    outer loop
      vertex   -4.500000e+01 1.945000e+02 -4.500000e+01
      vertex   -4.500000e+01 1.845000e+02 4.500000e+01
      vertex   -4.500000e+01 1.945000e+02 4.500000e+01
    endloop
  endfacet
  facet normal 0.000000e+00 0.000000e+00 1.000000e+00
    outer loop
      vertex   -4.500000e+01 1.845000e+02 4.500000e+01
      vertex   4.500000e+01 1.845000e+02 4.500000e+01
      vertex   -4.500000e+01 1.945000e+02 4.500000e+01
    endloop
  endfacet
  facet normal -0.000000e+00 0.000000e+00 1.000000e+00
    outer loop
      vertex   -4.500000e+01 1.945000e+02 4.500000e+01
      vertex   4.500000e+01 1.845000e+02 4.500000e+01
      vertex   4.500000e+01 1.945000e+02 4.500000e+01
    endloop
  endfacet
  facet normal 1.000000e+00 -0.000000e+00 0.000000e+00
    outer loop
      vertex   4.500000e+01 1.845000e+02 4.500000e+01
      vertex   4.500000e+01 1.845000e+02 -4.500000e+01
      vertex   4.500000e+01 1.945000e+02 4.500000e+01
    endloop
  endfacet
  facet normal 1.000000e+00 0.000000e+00 0.000000e+00
    outer loop
      vertex   4.500000e+01 1.945000e+02 4.500000e+01
      vertex   4.500000e+01 1.845000e+02 -4.500000e+01
      vertex   4.500000e+01 1.945000e+02 -4.500000e+01
    endloop
  endfacet
  facet normal 0.000000e+00 -1.000000e+00 0.000000e+00
    outer loop
      vertex   -3.833615e+01 1.845000e+02 -3.000000e+00
      vertex   -3.833615e+01 1.845000e+02 4.000000e+00
      vertex   -4.500000e+01 1.845000e+02 4.500000e+01
    endloop
  endfacet
  facet normal 0.000000e+00 -1.000000e+00 0.000000e+00
    outer loop
      vertex   -4.500000e+01 1.845000e+02 4.500000e+01
      vertex   -3.833615e+01 1.845000e+02 4.000000e+00
      vertex   -2.920806e+01 1.845000e+02 4.000000e+00
    endloop
  endfacet
  facet normal 0.000000e+00 -1.000000e+00 0.000000e+00
    outer loop
      vertex   -4.500000e+01 1.845000e+02 4.500000e+01
      vertex   -2.920806e+01 1.845000e+02 4.000000e+00
      vertex   -1.206066e+01 1.845000e+02 1.206066e+01
    endloop
  endfacet
  facet normal 0.000000e+00 -1.000000e+00 0.000000e+00
    outer loop
      vertex   -1.206066e+01 1.845000e+02 1.206066e+01
      vertex   -2.920806e+01 1.845000e+02 4.000000e+00
      vertex   -1.229904e+01 1.845000e+02 1.175000e+01
    endloop
  endfacet
  facet normal 0.000000e+00 -1.000000e+00 0.000000e+00
    outer loop
      vertex   -1.229904e+01 1.845000e+02 1.175000e+01
      vertex   -2.920806e+01 1.845000e+02 4.000000e+00
      vertex   -1.244889e+01 1.845000e+02 1.138823e+01
    endloop
  endfacet
  facet normal 0.000000e+00 -1.000000e+00 0.000000e+00
    outer loop
      vertex   -1.244889e+01 1.845000e+02 1.138823e+01
      vertex   -2.920806e+01 1.845000e+02 4.000000e+00
      vertex   -1.250000e+01 1.845000e+02 1.100000e+01
    endloop
  endfacet
  facet normal 0.000000e+00 -1.000000e+00 -0.000000e+00
    outer loop
      vertex   -1.250000e+01 1.845000e+02 1.100000e+01
      vertex   -2.920806e+01 1.845000e+02 4.000000e+00
      vertex   -1.244889e+01 1.845000e+02 1.061177e+01
    endloop
  endfacet
  facet normal 0.000000e+00 -1.000000e+00 -0.000000e+00
    outer loop
      vertex   -1.244889e+01 1.845000e+02 1.061177e+01
      vertex   -2.920806e+01 1.845000e+02 4.000000e+00
      vertex   -1.229904e+01 1.845000e+02 1.025000e+01
    endloop
  endfacet
  facet normal 0.000000e+00 -1.000000e+00 -0.000000e+00
    outer loop
      vertex   -1.229904e+01 1.845000e+02 1.025000e+01
      vertex   -2.920806e+01 1.845000e+02 4.000000e+00
      vertex   -1.108462e+01 1.845000e+02 2.678561e+00
    endloop
  endfacet
  facet normal 0.000000e+00 -1.000000e+00 0.000000e+00
    outer loop
      vertex   -1.229904e+01 1.845000e+02 1.025000e+01
      vertex   -1.108462e+01 1.845000e+02 2.678561e+00
      vertex   -1.206066e+01 1.845000e+02 9.939340e+00
    endloop
  endfacet
  facet normal 0.000000e+00 -1.000000e+00 0.000000e+00
    outer loop
      vertex   -1.206066e+01 1.845000e+02 9.939340e+00
      vertex   -1.108462e+01 1.845000e+02 2.678561e+00
      vertex   -1.069001e+01 1.845000e+02 3.970773e+00
    endloop
  endfacet
  facet normal 0.000000e+00 -1.000000e+00 0.000000e+00
    outer loop
      vertex   -1.206066e+01 1.845000e+02 9.939340e+00
      vertex   -1.069001e+01 1.845000e+02 3.970773e+00
      vertex   -1.175000e+01 1.845000e+02 9.700962e+00
    endloop
  endfacet
  facet normal 0.000000e+00 -1.000000e+00 0.000000e+00
    outer loop
      vertex   -1.175000e+01 1.845000e+02 9.700962e+00
      vertex   -1.069001e+01 1.845000e+02 3.970773e+00
      vertex   -1.014535e+01 1.845000e+02 5.207244e+00
    endloop
  endfacet
  facet normal 0.000000e+00 -1.000000e+00 0.000000e+00
    outer loop
      vertex   -1.175000e+01 1.845000e+02 9.700962e+00
      vertex   -1.014535e+01 1.845000e+02 5.207244e+00
      vertex   -1.138823e+01 1.845000e+02 9.551111e+00
    endloop
  endfacet
  facet normal 0.000000e+00 -1.000000e+00 0.000000e+00
    outer loop
      vertex   -1.138823e+01 1.845000e+02 9.551111e+00
      vertex   -1.014535e+01 1.845000e+02 5.207244e+00
      vertex   -9.458260e+00 1.845000e+02 6.370618e+00
    endloop
  endfacet
  facet normal 0.000000e+00 -1.000000e+00 0.000000e+00
    outer loop
      vertex   -1.138823e+01 1.845000e+02 9.551111e+00
      vertex   -9.458260e+00 1.845000e+02 6.370618e+00
      vertex   -1.100000e+01 1.845000e+02 9.500000e+00
    endloop
  endfacet
  facet normal 0.000000e+00 -1.000000e+00 0.000000e+00
    outer loop
      vertex   -1.100000e+01 1.845000e+02 9.500000e+00
      vertex   -9.458260e+00 1.845000e+02 6.370618e+00
      vertex   -1.061177e+01 1.845000e+02 9.551111e+00
    endloop
  endfacet
  facet normal 0.000000e+00 -1.000000e+00 0.000000e+00
    outer loop
      vertex   -1.061177e+01 1.845000e+02 9.551111e+00
      vertex   -9.458260e+00 1.845000e+02 6.370618e+00
      vertex   -8.638400e+00 1.845000e+02 7.444561e+00
    endloop
  endfacet
  facet normal 0.000000e+00 -1.000000e+00 0.000000e+00
    outer loop
      vertex   -1.061177e+01 1.845000e+02 9.551111e+00
      vertex   -8.638400e+00 1.845000e+02 7.444561e+00
      vertex   -1.025000e+01 1.845000e+02 9.700962e+00
    endloop
  endfacet
  facet normal 0.000000e+00 -1.000000e+00 0.000000e+00
    outer loop
      vertex   -1.025000e+01 1.845000e+02 9.700962e+00
      vertex   -8.638400e+00 1.845000e+02 7.444561e+00
      vertex   -9.939340e+00 1.845000e+02 9.939340e+00
    endloop
  endfacet
  facet normal 0.000000e+00 -1.000000e+00 0.000000e+00
    outer loop
      vertex   -9.939340e+00 1.845000e+02 9.939340e+00
      vertex   -8.638400e+00 1.845000e+02 7.444561e+00
      vertex   -7.697276e+00 1.845000e+02 8.414000e+00
    endloop
  endfacet
  facet normal 0.000000e+00 -1.000000e+00 0.000000e+00
    outer loop
      vertex   -9.939340e+00 1.845000e+02 9.939340e+00
      vertex   -7.697276e+00 1.845000e+02 8.414000e+00
      vertex   -9.700962e+00 1.845000e+02 1.025000e+01
    endloop
  endfacet
  facet normal 0.000000e+00 -1.000000e+00 0.000000e+00
    outer loop
      vertex   -9.700962e+00 1.845000e+02 1.025000e+01
      vertex   -7.697276e+00 1.845000e+02 8.414000e+00
      vertex   -9.551111e+00 1.845000e+02 1.061177e+01
    endloop
  endfacet
  facet normal 0.000000e+00 -1.000000e+00 0.000000e+00
    outer loop
      vertex   -9.551111e+00 1.845000e+02 1.061177e+01
      vertex   -7.697276e+00 1.845000e+02 8.414000e+00
      vertex   -6.648100e+00 1.845000e+02 9.265324e+00
    endloop
  endfacet
  facet normal 0.000000e+00 -1.000000e+00 0.000000e+00
    outer loop
      vertex   -9.551111e+00 1.845000e+02 1.061177e+01
      vertex   -6.648100e+00 1.845000e+02 9.265324e+00
      vertex   -9.500000e+00 1.845000e+02 1.100000e+01
    endloop
  endfacet
  facet normal 0.000000e+00 -1.000000e+00 0.000000e+00
    outer loop
      vertex   -9.500000e+00 1.845000e+02 1.100000e+01
      vertex   -6.648100e+00 1.845000e+02 9.265324e+00
      vertex   -5.505598e+00 1.845000e+02 9.986583e+00
    endloop
  endfacet
  facet normal 0.000000e+00 -1.000000e+00 0.000000e+00
    outer loop
      vertex   -9.500000e+00 1.845000e+02 1.100000e+01
      vertex   -5.505598e+00 1.845000e+02 9.986583e+00
      vertex   -9.551111e+00 1.845000e+02 1.138823e+01
    endloop
  endfacet
  facet normal 0.000000e+00 -1.000000e+00 0.000000e+00
    outer loop
      vertex   -9.551111e+00 1.845000e+02 1.138823e+01
      vertex   -5.505598e+00 1.845000e+02 9.986583e+00
      vertex   -9.700962e+00 1.845000e+02 1.175000e+01
    endloop
  endfacet
  facet normal 0.000000e+00 -1.000000e+00 0.000000e+00
    outer loop
      vertex   -9.700962e+00 1.845000e+02 1.175000e+01
      vertex   -5.505598e+00 1.845000e+02 9.986583e+00
      vertex   -4.285810e+00 1.845000e+02 1.056765e+01
    endloop
  endfacet
  facet normal 0.000000e+00 -1.000000e+00 0.000000e+00
    outer loop
      vertex   -9.700962e+00 1.845000e+02 1.175000e+01
      vertex   -4.285810e+00 1.845000e+02 1.056765e+01
      vertex   -9.939340e+00 1.845000e+02 1.206066e+01
    endloop
  endfacet
  facet normal 0.000000e+00 -1.000000e+00 0.000000e+00
    outer loop
      vertex   -9.939340e+00 1.845000e+02 1.206066e+01
      vertex   -4.285810e+00 1.845000e+02 1.056765e+01
      vertex   -3.005858e+00 1.845000e+02 1.100038e+01
    endloop
  endfacet
  facet normal 0.000000e+00 -1.000000e+00 0.000000e+00
    outer loop
      vertex   -9.939340e+00 1.845000e+02 1.206066e+01
      vertex   -3.005858e+00 1.845000e+02 1.100038e+01
      vertex   -1.025000e+01 1.845000e+02 1.229904e+01
    endloop
  endfacet
  facet normal 0.000000e+00 -1.000000e+00 0.000000e+00
    outer loop
      vertex   -1.025000e+01 1.845000e+02 1.229904e+01
      vertex   -3.005858e+00 1.845000e+02 1.100038e+01
      vertex   -1.683711e+00 1.845000e+02 1.127868e+01
    endloop
  endfacet
  facet normal 0.000000e+00 -1.000000e+00 0.000000e+00
    outer loop
      vertex   -1.025000e+01 1.845000e+02 1.229904e+01
      vertex   -1.683711e+00 1.845000e+02 1.127868e+01
      vertex   -1.061177e+01 1.845000e+02 1.244889e+01
    endloop
  endfacet
  facet normal 0.000000e+00 -1.000000e+00 0.000000e+00
    outer loop
      vertex   -1.061177e+01 1.845000e+02 1.244889e+01
      vertex   -1.683711e+00 1.845000e+02 1.127868e+01
      vertex   -3.379284e-01 1.845000e+02 1.139865e+01
    endloop
  endfacet
  facet normal 0.000000e+00 -1.000000e+00 0.000000e+00
    outer loop
      vertex   -1.061177e+01 1.845000e+02 1.244889e+01
      vertex   -3.379284e-01 1.845000e+02 1.139865e+01
      vertex   -4.500000e+01 1.845000e+02 4.500000e+01
    endloop
  endfacet
  facet normal 0.000000e+00 -1.000000e+00 0.000000e+00
    outer loop
      vertex   -4.500000e+01 1.845000e+02 4.500000e+01
      vertex   -3.379284e-01 1.845000e+02 1.139865e+01
      vertex   4.500000e+01 1.845000e+02 4.500000e+01
    endloop
  endfacet
  facet normal 0.000000e+00 -1.000000e+00 0.000000e+00
    outer loop
      vertex   4.500000e+01 1.845000e+02 4.500000e+01
      vertex   -3.379284e-01 1.845000e+02 1.139865e+01
      vertex   1.061177e+01 1.845000e+02 1.244889e+01
    endloop
  endfacet
  facet normal 0.000000e+00 -1.000000e+00 0.000000e+00
    outer loop
      vertex   4.500000e+01 1.845000e+02 4.500000e+01
      vertex   1.061177e+01 1.845000e+02 1.244889e+01
      vertex   1.100000e+01 1.845000e+02 1.250000e+01
    endloop
  endfacet
  facet normal 0.000000e+00 -1.000000e+00 0.000000e+00
    outer loop
      vertex   -2.920806e+01 1.845000e+02 -3.000000e+00
      vertex   -1.140366e+01 1.845000e+02 1.396546e-15
      vertex   -2.920806e+01 1.845000e+02 4.000000e+00
    endloop
  endfacet
  facet normal 0.000000e+00 -1.000000e+00 0.000000e+00
    outer loop
      vertex   -2.920806e+01 1.845000e+02 4.000000e+00
      vertex   -1.140366e+01 1.845000e+02 1.396546e-15
      vertex   -1.132362e+01 1.845000e+02 1.348747e+00
    endloop
  endfacet
  facet normal 0.000000e+00 -1.000000e+00 0.000000e+00
    outer loop
      vertex   -2.920806e+01 1.845000e+02 4.000000e+00
      vertex   -1.132362e+01 1.845000e+02 1.348747e+00
      vertex   -1.108462e+01 1.845000e+02 2.678561e+00
    endloop
  endfacet
  facet normal 0.000000e+00 -1.000000e+00 -0.000000e+00
    outer loop
      vertex   -3.833615e+01 1.845000e+02 -3.000000e+00
      vertex   -4.500000e+01 1.845000e+02 -4.500000e+01
      vertex   -2.920806e+01 1.845000e+02 -3.000000e+00
    endloop
  endfacet
  facet normal 0.000000e+00 -1.000000e+00 -0.000000e+00
    outer loop
      vertex   -2.920806e+01 1.845000e+02 -3.000000e+00
      vertex   -4.500000e+01 1.845000e+02 -4.500000e+01
      vertex   -1.206066e+01 1.845000e+02 -1.206066e+01
    endloop
  endfacet
  facet normal 0.000000e+00 -1.000000e+00 0.000000e+00
    outer loop
      vertex   -2.920806e+01 1.845000e+02 -3.000000e+00
      vertex   -1.206066e+01 1.845000e+02 -1.206066e+01
      vertex   -1.229904e+01 1.845000e+02 -1.175000e+01
    endloop
  endfacet
  facet normal 0.000000e+00 -1.000000e+00 0.000000e+00
    outer loop
      vertex   -4.500000e+01 1.845000e+02 -4.500000e+01
      vertex   -3.833615e+01 1.845000e+02 -3.000000e+00
      vertex   -4.500000e+01 1.845000e+02 4.500000e+01
    endloop
  endfacet
  facet normal 0.000000e+00 -1.000000e+00 0.000000e+00
    outer loop
      vertex   2.903577e+01 1.845000e+02 -3.000000e+00
      vertex   4.500000e+01 1.845000e+02 -4.500000e+01
      vertex   3.816385e+01 1.845000e+02 -3.000000e+00
    endloop
  endfacet
  facet normal 0.000000e+00 -1.000000e+00 0.000000e+00
    outer loop
      vertex   3.816385e+01 1.845000e+02 -3.000000e+00
      vertex   4.500000e+01 1.845000e+02 -4.500000e+01
      vertex   4.500000e+01 1.845000e+02 4.500000e+01
    endloop
  endfacet
  facet normal 0.000000e+00 -1.000000e+00 0.000000e+00
    outer loop
      vertex   3.816385e+01 1.845000e+02 -3.000000e+00
      vertex   4.500000e+01 1.845000e+02 4.500000e+01
      vertex   3.816385e+01 1.845000e+02 4.000000e+00
    endloop
  endfacet
  facet normal 0.000000e+00 -1.000000e+00 0.000000e+00
    outer loop
      vertex   3.816385e+01 1.845000e+02 4.000000e+00
      vertex   4.500000e+01 1.845000e+02 4.500000e+01
      vertex   2.903577e+01 1.845000e+02 4.000000e+00
    endloop
  endfacet
  facet normal 0.000000e+00 -1.000000e+00 0.000000e+00
    outer loop
      vertex   2.903577e+01 1.845000e+02 4.000000e+00
      vertex   4.500000e+01 1.845000e+02 4.500000e+01
      vertex   1.206066e+01 1.845000e+02 1.206066e+01
    endloop
  endfacet
  facet normal 0.000000e+00 -1.000000e+00 0.000000e+00
    outer loop
      vertex   2.903577e+01 1.845000e+02 4.000000e+00
      vertex   1.206066e+01 1.845000e+02 1.206066e+01
      vertex   1.229904e+01 1.845000e+02 1.175000e+01
    endloop
  endfacet
  facet normal 0.000000e+00 -1.000000e+00 0.000000e+00
    outer loop
      vertex   2.903577e+01 1.845000e+02 4.000000e+00
      vertex   1.138363e+01 1.845000e+02 6.755600e-01
      vertex   2.903577e+01 1.845000e+02 -3.000000e+00
    endloop
  endfacet
  facet normal 0.000000e+00 -1.000000e+00 0.000000e+00
    outer loop
      vertex   2.903577e+01 1.845000e+02 -3.000000e+00
      vertex   1.138363e+01 1.845000e+02 6.755600e-01
      vertex   1.138363e+01 1.845000e+02 -6.755600e-01
    endloop
  endfacet
  facet normal 0.000000e+00 -1.000000e+00 0.000000e+00
    outer loop
      vertex   2.903577e+01 1.845000e+02 -3.000000e+00
      vertex   1.138363e+01 1.845000e+02 -6.755600e-01
      vertex   1.122383e+01 1.845000e+02 -2.017197e+00
    endloop
  endfacet
  facet normal 0.000000e+00 -1.000000e+00 0.000000e+00
    outer loop
      vertex   -1.244889e+01 1.845000e+02 -1.138823e+01
      vertex   -1.250000e+01 1.845000e+02 -1.100000e+01
      vertex   -2.920806e+01 1.845000e+02 -3.000000e+00
    endloop
  endfacet
  facet normal 0.000000e+00 -1.000000e+00 0.000000e+00
    outer loop
      vertex   -2.920806e+01 1.845000e+02 -3.000000e+00
      vertex   -1.250000e+01 1.845000e+02 -1.100000e+01
      vertex   -1.244889e+01 1.845000e+02 -1.061177e+01
    endloop
  endfacet
  facet normal 0.000000e+00 -1.000000e+00 0.000000e+00
    outer loop
      vertex   -2.920806e+01 1.845000e+02 -3.000000e+00
      vertex   -1.244889e+01 1.845000e+02 -1.061177e+01
      vertex   -1.229904e+01 1.845000e+02 -1.025000e+01
    endloop
  endfacet
  facet normal 0.000000e+00 -1.000000e+00 0.000000e+00
    outer loop
      vertex   -2.920806e+01 1.845000e+02 -3.000000e+00
      vertex   -1.229904e+01 1.845000e+02 -1.025000e+01
      vertex   -1.108462e+01 1.845000e+02 -2.678561e+00
    endloop
  endfacet
  facet normal 0.000000e+00 -1.000000e+00 0.000000e+00
    outer loop
      vertex   -1.108462e+01 1.845000e+02 -2.678561e+00
      vertex   -1.229904e+01 1.845000e+02 -1.025000e+01
      vertex   -1.206066e+01 1.845000e+02 -9.939340e+00
    endloop
  endfacet
  facet normal 0.000000e+00 -1.000000e+00 -0.000000e+00
    outer loop
      vertex   -1.108462e+01 1.845000e+02 -2.678561e+00
      vertex   -1.206066e+01 1.845000e+02 -9.939340e+00
      vertex   -1.069001e+01 1.845000e+02 -3.970773e+00
    endloop
  endfacet
  facet normal 0.000000e+00 -1.000000e+00 0.000000e+00
    outer loop
      vertex   -1.069001e+01 1.845000e+02 -3.970773e+00
      vertex   -1.206066e+01 1.845000e+02 -9.939340e+00
      vertex   -1.175000e+01 1.845000e+02 -9.700962e+00
    endloop
  endfacet
  facet normal 0.000000e+00 -1.000000e+00 -0.000000e+00
    outer loop
      vertex   -1.069001e+01 1.845000e+02 -3.970773e+00
      vertex   -1.175000e+01 1.845000e+02 -9.700962e+00
      vertex   -1.014535e+01 1.845000e+02 -5.207244e+00
    endloop
  endfacet
  facet normal 0.000000e+00 -1.000000e+00 0.000000e+00
    outer loop
      vertex   -1.014535e+01 1.845000e+02 -5.207244e+00
      vertex   -1.175000e+01 1.845000e+02 -9.700962e+00
      vertex   -1.138823e+01 1.845000e+02 -9.551111e+00
    endloop
  endfacet
  facet normal 0.000000e+00 -1.000000e+00 -0.000000e+00
    outer loop
      vertex   -1.014535e+01 1.845000e+02 -5.207244e+00
      vertex   -1.138823e+01 1.845000e+02 -9.551111e+00
      vertex   -9.458260e+00 1.845000e+02 -6.370618e+00
    endloop
  endfacet
  facet normal 0.000000e+00 -1.000000e+00 0.000000e+00
    outer loop
      vertex   -9.458260e+00 1.845000e+02 -6.370618e+00
      vertex   -1.138823e+01 1.845000e+02 -9.551111e+00
      vertex   -1.100000e+01 1.845000e+02 -9.500000e+00
    endloop
  endfacet
  facet normal 0.000000e+00 -1.000000e+00 0.000000e+00
    outer loop
      vertex   -9.458260e+00 1.845000e+02 -6.370618e+00
      vertex   -1.100000e+01 1.845000e+02 -9.500000e+00
      vertex   -1.061177e+01 1.845000e+02 -9.551111e+00
    endloop
  endfacet
  facet normal 0.000000e+00 -1.000000e+00 -0.000000e+00
    outer loop
      vertex   -9.458260e+00 1.845000e+02 -6.370618e+00
      vertex   -1.061177e+01 1.845000e+02 -9.551111e+00
      vertex   -8.638400e+00 1.845000e+02 -7.444561e+00
    endloop
  endfacet
  facet normal 0.000000e+00 -1.000000e+00 0.000000e+00
    outer loop
      vertex   -8.638400e+00 1.845000e+02 -7.444561e+00
      vertex   -1.061177e+01 1.845000e+02 -9.551111e+00
      vertex   -1.025000e+01 1.845000e+02 -9.700962e+00
    endloop
  endfacet
  facet normal 0.000000e+00 -1.000000e+00 0.000000e+00
    outer loop
      vertex   -8.638400e+00 1.845000e+02 -7.444561e+00
      vertex   -1.025000e+01 1.845000e+02 -9.700962e+00
      vertex   -9.939340e+00 1.845000e+02 -9.939340e+00
    endloop
  endfacet
  facet normal 0.000000e+00 -1.000000e+00 -0.000000e+00
    outer loop
      vertex   -8.638400e+00 1.845000e+02 -7.444561e+00
      vertex   -9.939340e+00 1.845000e+02 -9.939340e+00
      vertex   -7.697276e+00 1.845000e+02 -8.414000e+00
    endloop
  endfacet
  facet normal 0.000000e+00 -1.000000e+00 0.000000e+00
    outer loop
      vertex   -7.697276e+00 1.845000e+02 -8.414000e+00
      vertex   -9.939340e+00 1.845000e+02 -9.939340e+00
      vertex   -9.700962e+00 1.845000e+02 -1.025000e+01
    endloop
  endfacet
  facet normal 0.000000e+00 -1.000000e+00 0.000000e+00
    outer loop
      vertex   -7.697276e+00 1.845000e+02 -8.414000e+00
      vertex   -9.700962e+00 1.845000e+02 -1.025000e+01
      vertex   -9.551111e+00 1.845000e+02 -1.061177e+01
    endloop
  endfacet
  facet normal 0.000000e+00 -1.000000e+00 -0.000000e+00
    outer loop
      vertex   -7.697276e+00 1.845000e+02 -8.414000e+00
      vertex   -9.551111e+00 1.845000e+02 -1.061177e+01
      vertex   -6.648100e+00 1.845000e+02 -9.265324e+00
    endloop
  endfacet
  facet normal 0.000000e+00 -1.000000e+00 0.000000e+00
    outer loop
      vertex   -6.648100e+00 1.845000e+02 -9.265324e+00
      vertex   -9.551111e+00 1.845000e+02 -1.061177e+01
      vertex   -9.500000e+00 1.845000e+02 -1.100000e+01
    endloop
  endfacet
  facet normal 0.000000e+00 -1.000000e+00 -0.000000e+00
    outer loop
      vertex   -6.648100e+00 1.845000e+02 -9.265324e+00
      vertex   -9.500000e+00 1.845000e+02 -1.100000e+01
      vertex   -5.505598e+00 1.845000e+02 -9.986583e+00
    endloop
  endfacet
  facet normal 0.000000e+00 -1.000000e+00 0.000000e+00
    outer loop
      vertex   -5.505598e+00 1.845000e+02 -9.986583e+00
      vertex   -9.500000e+00 1.845000e+02 -1.100000e+01
      vertex   -9.551111e+00 1.845000e+02 -1.138823e+01
    endloop
  endfacet
  facet normal 0.000000e+00 -1.000000e+00 0.000000e+00
    outer loop
      vertex   -5.505598e+00 1.845000e+02 -9.986583e+00
      vertex   -9.551111e+00 1.845000e+02 -1.138823e+01
      vertex   -9.700962e+00 1.845000e+02 -1.175000e+01
    endloop
  endfacet
  facet normal 0.000000e+00 -1.000000e+00 -0.000000e+00
    outer loop
      vertex   -5.505598e+00 1.845000e+02 -9.986583e+00
      vertex   -9.700962e+00 1.845000e+02 -1.175000e+01
      vertex   -4.285810e+00 1.845000e+02 -1.056765e+01
    endloop
  endfacet
  facet normal 0.000000e+00 -1.000000e+00 0.000000e+00
    outer loop
      vertex   -4.285810e+00 1.845000e+02 -1.056765e+01
      vertex   -9.700962e+00 1.845000e+02 -1.175000e+01
      vertex   -9.939340e+00 1.845000e+02 -1.206066e+01
    endloop
  endfacet
  facet normal 0.000000e+00 -1.000000e+00 -0.000000e+00
    outer loop
      vertex   -4.285810e+00 1.845000e+02 -1.056765e+01
      vertex   -9.939340e+00 1.845000e+02 -1.206066e+01
      vertex   -3.005858e+00 1.845000e+02 -1.100038e+01
    endloop
  endfacet
  facet normal 0.000000e+00 -1.000000e+00 0.000000e+00
    outer loop
      vertex   -3.005858e+00 1.845000e+02 -1.100038e+01
      vertex   -9.939340e+00 1.845000e+02 -1.206066e+01
      vertex   -1.025000e+01 1.845000e+02 -1.229904e+01
    endloop
  endfacet
  facet normal 0.000000e+00 -1.000000e+00 -0.000000e+00
    outer loop
      vertex   -3.005858e+00 1.845000e+02 -1.100038e+01
      vertex   -1.025000e+01 1.845000e+02 -1.229904e+01
      vertex   -1.683711e+00 1.845000e+02 -1.127868e+01
    endloop
  endfacet
  facet normal 0.000000e+00 -1.000000e+00 0.000000e+00
    outer loop
      vertex   -1.683711e+00 1.845000e+02 -1.127868e+01
      vertex   -1.025000e+01 1.845000e+02 -1.229904e+01
      vertex   -1.061177e+01 1.845000e+02 -1.244889e+01
    endloop
  endfacet
  facet normal 0.000000e+00 -1.000000e+00 -0.000000e+00
    outer loop
      vertex   -1.683711e+00 1.845000e+02 -1.127868e+01
      vertex   -1.061177e+01 1.845000e+02 -1.244889e+01
      vertex   -3.379284e-01 1.845000e+02 -1.139865e+01
    endloop
  endfacet
  facet normal 0.000000e+00 -1.000000e+00 0.000000e+00
    outer loop
      vertex   -3.379284e-01 1.845000e+02 -1.139865e+01
      vertex   -1.061177e+01 1.845000e+02 -1.244889e+01
      vertex   -4.500000e+01 1.845000e+02 -4.500000e+01
    endloop
  endfacet
  facet normal 0.000000e+00 -1.000000e+00 -0.000000e+00
    outer loop
      vertex   -3.379284e-01 1.845000e+02 -1.139865e+01
      vertex   -4.500000e+01 1.845000e+02 -4.500000e+01
      vertex   4.500000e+01 1.845000e+02 -4.500000e+01
    endloop
  endfacet
  facet normal 0.000000e+00 -1.000000e+00 0.000000e+00
    outer loop
      vertex   -1.061177e+01 1.845000e+02 -1.244889e+01
      vertex   -1.100000e+01 1.845000e+02 -1.250000e+01
      vertex   -4.500000e+01 1.845000e+02 -4.500000e+01
    endloop
  endfacet
  facet normal 0.000000e+00 -1.000000e+00 0.000000e+00
    outer loop
      vertex   -4.500000e+01 1.845000e+02 -4.500000e+01
      vertex   -1.100000e+01 1.845000e+02 -1.250000e+01
      vertex   -1.138823e+01 1.845000e+02 -1.244889e+01
    endloop
  endfacet
  facet normal 0.000000e+00 -1.000000e+00 0.000000e+00
    outer loop
      vertex   -4.500000e+01 1.845000e+02 -4.500000e+01
      vertex   -1.138823e+01 1.845000e+02 -1.244889e+01
      vertex   -1.175000e+01 1.845000e+02 -1.229904e+01
    endloop
  endfacet
  facet normal -0.000000e+00 -1.000000e+00 0.000000e+00
    outer loop
      vertex   -1.175000e+01 1.845000e+02 -1.229904e+01
      vertex   -1.206066e+01 1.845000e+02 -1.206066e+01
      vertex   -4.500000e+01 1.845000e+02 -4.500000e+01
    endloop
  endfacet
  facet normal 0.000000e+00 -1.000000e+00 0.000000e+00
    outer loop
      vertex   -1.229904e+01 1.845000e+02 -1.175000e+01
      vertex   -1.244889e+01 1.845000e+02 -1.138823e+01
      vertex   -2.920806e+01 1.845000e+02 -3.000000e+00
    endloop
  endfacet
  facet normal -0.000000e+00 -1.000000e+00 0.000000e+00
    outer loop
      vertex   9.551111e+00 1.845000e+02 -1.061177e+01
      vertex   7.185307e+00 1.845000e+02 -8.855214e+00
      vertex   9.500000e+00 1.845000e+02 -1.100000e+01
    endloop
  endfacet
  facet normal 0.000000e+00 -1.000000e+00 0.000000e+00
    outer loop
      vertex   9.500000e+00 1.845000e+02 -1.100000e+01
      vertex   7.185307e+00 1.845000e+02 -8.855214e+00
      vertex   6.087540e+00 1.845000e+02 -9.642889e+00
    endloop
  endfacet
  facet normal -0.000000e+00 -1.000000e+00 -0.000000e+00
    outer loop
      vertex   9.500000e+00 1.845000e+02 -1.100000e+01
      vertex   6.087540e+00 1.845000e+02 -9.642889e+00
      vertex   9.551111e+00 1.845000e+02 -1.138823e+01
    endloop
  endfacet
  facet normal 0.000000e+00 -1.000000e+00 0.000000e+00
    outer loop
      vertex   9.551111e+00 1.845000e+02 -1.138823e+01
      vertex   6.087540e+00 1.845000e+02 -9.642889e+00
      vertex   4.904317e+00 1.845000e+02 -1.029520e+01
    endloop
  endfacet
  facet normal -0.000000e+00 -1.000000e+00 -0.000000e+00
    outer loop
      vertex   9.551111e+00 1.845000e+02 -1.138823e+01
      vertex   4.904317e+00 1.845000e+02 -1.029520e+01
      vertex   9.700962e+00 1.845000e+02 -1.175000e+01
    endloop
  endfacet
  facet normal -0.000000e+00 -1.000000e+00 -0.000000e+00
    outer loop
      vertex   9.700962e+00 1.845000e+02 -1.175000e+01
      vertex   4.904317e+00 1.845000e+02 -1.029520e+01
      vertex   9.939340e+00 1.845000e+02 -1.206066e+01
    endloop
  endfacet
  facet normal 0.000000e+00 -1.000000e+00 0.000000e+00
    outer loop
      vertex   9.939340e+00 1.845000e+02 -1.206066e+01
      vertex   4.904317e+00 1.845000e+02 -1.029520e+01
      vertex   3.652248e+00 1.845000e+02 -1.080299e+01
    endloop
  endfacet
  facet normal -0.000000e+00 -1.000000e+00 -0.000000e+00
    outer loop
      vertex   9.939340e+00 1.845000e+02 -1.206066e+01
      vertex   3.652248e+00 1.845000e+02 -1.080299e+01
      vertex   1.025000e+01 1.845000e+02 -1.229904e+01
    endloop
  endfacet
  facet normal 0.000000e+00 -1.000000e+00 0.000000e+00
    outer loop
      vertex   1.025000e+01 1.845000e+02 -1.229904e+01
      vertex   3.652248e+00 1.845000e+02 -1.080299e+01
      vertex   2.348910e+00 1.845000e+02 -1.115913e+01
    endloop
  endfacet
  facet normal 0.000000e+00 -1.000000e+00 0.000000e+00
    outer loop
      vertex   1.025000e+01 1.845000e+02 -1.229904e+01
      vertex   2.348910e+00 1.845000e+02 -1.115913e+01
      vertex   1.012598e+00 1.845000e+02 -1.135861e+01
    endloop
  endfacet
  facet normal 0.000000e+00 -1.000000e+00 0.000000e+00
    outer loop
      vertex   9.551111e+00 1.845000e+02 -1.061177e+01
      vertex   9.700962e+00 1.845000e+02 -1.025000e+01
      vertex   7.185307e+00 1.845000e+02 -8.855214e+00
    endloop
  endfacet
  facet normal 0.000000e+00 -1.000000e+00 0.000000e+00
    outer loop
      vertex   7.185307e+00 1.845000e+02 -8.855214e+00
      vertex   9.700962e+00 1.845000e+02 -1.025000e+01
      vertex   8.182209e+00 1.845000e+02 -7.943231e+00
    endloop
  endfacet
  facet normal 0.000000e+00 -1.000000e+00 0.000000e+00
    outer loop
      vertex   8.182209e+00 1.845000e+02 -7.943231e+00
      vertex   9.700962e+00 1.845000e+02 -1.025000e+01
      vertex   9.939340e+00 1.845000e+02 -9.939340e+00
    endloop
  endfacet
  facet normal 0.000000e+00 -1.000000e+00 0.000000e+00
    outer loop
      vertex   8.182209e+00 1.845000e+02 -7.943231e+00
      vertex   9.939340e+00 1.845000e+02 -9.939340e+00
      vertex   1.025000e+01 1.845000e+02 -9.700962e+00
    endloop
  endfacet
  facet normal 0.000000e+00 -1.000000e+00 0.000000e+00
    outer loop
      vertex   8.182209e+00 1.845000e+02 -7.943231e+00
      vertex   1.025000e+01 1.845000e+02 -9.700962e+00
      vertex   9.064250e+00 1.845000e+02 -6.919742e+00
    endloop
  endfacet
  facet normal 0.000000e+00 -1.000000e+00 0.000000e+00
    outer loop
      vertex   9.064250e+00 1.845000e+02 -6.919742e+00
      vertex   1.025000e+01 1.845000e+02 -9.700962e+00
      vertex   1.061177e+01 1.845000e+02 -9.551111e+00
    endloop
  endfacet
  facet normal 0.000000e+00 -1.000000e+00 0.000000e+00
    outer loop
      vertex   9.064250e+00 1.845000e+02 -6.919742e+00
      vertex   1.061177e+01 1.845000e+02 -9.551111e+00
      vertex   1.100000e+01 1.845000e+02 -9.500000e+00
    endloop
  endfacet
  facet normal 0.000000e+00 -1.000000e+00 0.000000e+00
    outer loop
      vertex   9.064250e+00 1.845000e+02 -6.919742e+00
      vertex   1.100000e+01 1.845000e+02 -9.500000e+00
      vertex   9.819048e+00 1.845000e+02 -5.799116e+00
    endloop
  endfacet
  facet normal 0.000000e+00 -1.000000e+00 0.000000e+00
    outer loop
      vertex   9.819048e+00 1.845000e+02 -5.799116e+00
      vertex   1.100000e+01 1.845000e+02 -9.500000e+00
      vertex   1.138823e+01 1.845000e+02 -9.551111e+00
    endloop
  endfacet
  facet normal 0.000000e+00 -1.000000e+00 0.000000e+00
    outer loop
      vertex   9.819048e+00 1.845000e+02 -5.799116e+00
      vertex   1.138823e+01 1.845000e+02 -9.551111e+00
      vertex   1.175000e+01 1.845000e+02 -9.700962e+00
    endloop
  endfacet
  facet normal 0.000000e+00 -1.000000e+00 0.000000e+00
    outer loop
      vertex   9.819048e+00 1.845000e+02 -5.799116e+00
      vertex   1.175000e+01 1.845000e+02 -9.700962e+00
      vertex   1.043601e+01 1.845000e+02 -4.597082e+00
    endloop
  endfacet
  facet normal 0.000000e+00 -1.000000e+00 0.000000e+00
    outer loop
      vertex   1.043601e+01 1.845000e+02 -4.597082e+00
      vertex   1.175000e+01 1.845000e+02 -9.700962e+00
      vertex   1.206066e+01 1.845000e+02 -9.939340e+00
    endloop
  endfacet
  facet normal 0.000000e+00 -1.000000e+00 0.000000e+00
    outer loop
      vertex   1.043601e+01 1.845000e+02 -4.597082e+00
      vertex   1.206066e+01 1.845000e+02 -9.939340e+00
      vertex   1.090647e+01 1.845000e+02 -3.330516e+00
    endloop
  endfacet
  facet normal 0.000000e+00 -1.000000e+00 0.000000e+00
    outer loop
      vertex   1.090647e+01 1.845000e+02 -3.330516e+00
      vertex   1.206066e+01 1.845000e+02 -9.939340e+00
      vertex   1.229904e+01 1.845000e+02 -1.025000e+01
    endloop
  endfacet
  facet normal 0.000000e+00 -1.000000e+00 0.000000e+00
    outer loop
      vertex   1.090647e+01 1.845000e+02 -3.330516e+00
      vertex   1.229904e+01 1.845000e+02 -1.025000e+01
      vertex   2.903577e+01 1.845000e+02 -3.000000e+00
    endloop
  endfacet
  facet normal 0.000000e+00 -1.000000e+00 0.000000e+00
    outer loop
      vertex   2.903577e+01 1.845000e+02 -3.000000e+00
      vertex   1.229904e+01 1.845000e+02 -1.025000e+01
      vertex   1.244889e+01 1.845000e+02 -1.061177e+01
    endloop
  endfacet
  facet normal 0.000000e+00 -1.000000e+00 0.000000e+00
    outer loop
      vertex   2.903577e+01 1.845000e+02 -3.000000e+00
      vertex   1.244889e+01 1.845000e+02 -1.061177e+01
      vertex   1.250000e+01 1.845000e+02 -1.100000e+01
    endloop
  endfacet
  facet normal 0.000000e+00 -1.000000e+00 -0.000000e+00
    outer loop
      vertex   1.250000e+01 1.845000e+02 -1.100000e+01
      vertex   1.244889e+01 1.845000e+02 -1.138823e+01
      vertex   2.903577e+01 1.845000e+02 -3.000000e+00
    endloop
  endfacet
  facet normal 0.000000e+00 -1.000000e+00 0.000000e+00
    outer loop
      vertex   2.903577e+01 1.845000e+02 -3.000000e+00
      vertex   1.244889e+01 1.845000e+02 -1.138823e+01
      vertex   1.229904e+01 1.845000e+02 -1.175000e+01
    endloop
  endfacet
  facet normal 0.000000e+00 -1.000000e+00 0.000000e+00
    outer loop
      vertex   2.903577e+01 1.845000e+02 -3.000000e+00
      vertex   1.229904e+01 1.845000e+02 -1.175000e+01
      vertex   1.206066e+01 1.845000e+02 -1.206066e+01
    endloop
  endfacet
  facet normal 0.000000e+00 -1.000000e+00 -0.000000e+00
    outer loop
      vertex   2.903577e+01 1.845000e+02 -3.000000e+00
      vertex   1.206066e+01 1.845000e+02 -1.206066e+01
      vertex   4.500000e+01 1.845000e+02 -4.500000e+01
    endloop
  endfacet
  facet normal 0.000000e+00 -1.000000e+00 0.000000e+00
    outer loop
      vertex   4.500000e+01 1.845000e+02 -4.500000e+01
      vertex   1.206066e+01 1.845000e+02 -1.206066e+01
      vertex   1.175000e+01 1.845000e+02 -1.229904e+01
    endloop
  endfacet
  facet normal 0.000000e+00 -1.000000e+00 0.000000e+00
    outer loop
      vertex   4.500000e+01 1.845000e+02 -4.500000e+01
      vertex   1.175000e+01 1.845000e+02 -1.229904e+01
      vertex   1.138823e+01 1.845000e+02 -1.244889e+01
    endloop
  endfacet
  facet normal 0.000000e+00 -1.000000e+00 -0.000000e+00
    outer loop
      vertex   1.138823e+01 1.845000e+02 -1.244889e+01
      vertex   1.100000e+01 1.845000e+02 -1.250000e+01
      vertex   4.500000e+01 1.845000e+02 -4.500000e+01
    endloop
  endfacet
  facet normal 0.000000e+00 -1.000000e+00 0.000000e+00
    outer loop
      vertex   4.500000e+01 1.845000e+02 -4.500000e+01
      vertex   1.100000e+01 1.845000e+02 -1.250000e+01
      vertex   1.061177e+01 1.845000e+02 -1.244889e+01
    endloop
  endfacet
  facet normal 0.000000e+00 -1.000000e+00 0.000000e+00
    outer loop
      vertex   4.500000e+01 1.845000e+02 -4.500000e+01
      vertex   1.061177e+01 1.845000e+02 -1.244889e+01
      vertex   -3.379284e-01 1.845000e+02 -1.139865e+01
    endloop
  endfacet
  facet normal 0.000000e+00 -1.000000e+00 0.000000e+00
    outer loop
      vertex   -3.379284e-01 1.845000e+02 -1.139865e+01
      vertex   1.061177e+01 1.845000e+02 -1.244889e+01
      vertex   1.012598e+00 1.845000e+02 -1.135861e+01
    endloop
  endfacet
  facet normal 0.000000e+00 -1.000000e+00 0.000000e+00
    outer loop
      vertex   1.012598e+00 1.845000e+02 -1.135861e+01
      vertex   1.061177e+01 1.845000e+02 -1.244889e+01
      vertex   1.025000e+01 1.845000e+02 -1.229904e+01
    endloop
  endfacet
  facet normal 0.000000e+00 -1.000000e+00 0.000000e+00
    outer loop
      vertex   -1.206066e+01 1.845000e+02 1.206066e+01
      vertex   -1.175000e+01 1.845000e+02 1.229904e+01
      vertex   -4.500000e+01 1.845000e+02 4.500000e+01
    endloop
  endfacet
  facet normal 0.000000e+00 -1.000000e+00 0.000000e+00
    outer loop
      vertex   -4.500000e+01 1.845000e+02 4.500000e+01
      vertex   -1.175000e+01 1.845000e+02 1.229904e+01
      vertex   -1.138823e+01 1.845000e+02 1.244889e+01
    endloop
  endfacet
  facet normal 0.000000e+00 -1.000000e+00 0.000000e+00
    outer loop
      vertex   -4.500000e+01 1.845000e+02 4.500000e+01
      vertex   -1.138823e+01 1.845000e+02 1.244889e+01
      vertex   -1.100000e+01 1.845000e+02 1.250000e+01
    endloop
  endfacet
  facet normal 0.000000e+00 -1.000000e+00 0.000000e+00
    outer loop
      vertex   -1.100000e+01 1.845000e+02 1.250000e+01
      vertex   -1.061177e+01 1.845000e+02 1.244889e+01
      vertex   -4.500000e+01 1.845000e+02 4.500000e+01
    endloop
  endfacet
  facet normal 0.000000e+00 -1.000000e+00 0.000000e+00
    outer loop
      vertex   -3.379284e-01 1.845000e+02 1.139865e+01
      vertex   1.012598e+00 1.845000e+02 1.135861e+01
      vertex   1.061177e+01 1.845000e+02 1.244889e+01
    endloop
  endfacet
  facet normal 0.000000e+00 -1.000000e+00 0.000000e+00
    outer loop
      vertex   1.061177e+01 1.845000e+02 1.244889e+01
      vertex   1.012598e+00 1.845000e+02 1.135861e+01
      vertex   1.025000e+01 1.845000e+02 1.229904e+01
    endloop
  endfacet
  facet normal 0.000000e+00 -1.000000e+00 0.000000e+00
    outer loop
      vertex   1.025000e+01 1.845000e+02 1.229904e+01
      vertex   1.012598e+00 1.845000e+02 1.135861e+01
      vertex   2.348910e+00 1.845000e+02 1.115913e+01
    endloop
  endfacet
  facet normal 0.000000e+00 -1.000000e+00 0.000000e+00
    outer loop
      vertex   1.025000e+01 1.845000e+02 1.229904e+01
      vertex   2.348910e+00 1.845000e+02 1.115913e+01
      vertex   3.652248e+00 1.845000e+02 1.080299e+01
    endloop
  endfacet
  facet normal 0.000000e+00 -1.000000e+00 0.000000e+00
    outer loop
      vertex   1.025000e+01 1.845000e+02 1.229904e+01
      vertex   3.652248e+00 1.845000e+02 1.080299e+01
      vertex   9.939340e+00 1.845000e+02 1.206066e+01
    endloop
  endfacet
  facet normal 0.000000e+00 -1.000000e+00 0.000000e+00
    outer loop
      vertex   9.939340e+00 1.845000e+02 1.206066e+01
      vertex   3.652248e+00 1.845000e+02 1.080299e+01
      vertex   4.904317e+00 1.845000e+02 1.029520e+01
    endloop
  endfacet
  facet normal 0.000000e+00 -1.000000e+00 0.000000e+00
    outer loop
      vertex   9.939340e+00 1.845000e+02 1.206066e+01
      vertex   4.904317e+00 1.845000e+02 1.029520e+01
      vertex   9.700962e+00 1.845000e+02 1.175000e+01
    endloop
  endfacet
  facet normal 0.000000e+00 -1.000000e+00 0.000000e+00
    outer loop
      vertex   9.700962e+00 1.845000e+02 1.175000e+01
      vertex   4.904317e+00 1.845000e+02 1.029520e+01
      vertex   9.551111e+00 1.845000e+02 1.138823e+01
    endloop
  endfacet
  facet normal 0.000000e+00 -1.000000e+00 0.000000e+00
    outer loop
      vertex   9.551111e+00 1.845000e+02 1.138823e+01
      vertex   4.904317e+00 1.845000e+02 1.029520e+01
      vertex   6.087540e+00 1.845000e+02 9.642889e+00
    endloop
  endfacet
  facet normal 0.000000e+00 -1.000000e+00 0.000000e+00
    outer loop
      vertex   9.551111e+00 1.845000e+02 1.138823e+01
      vertex   6.087540e+00 1.845000e+02 9.642889e+00
      vertex   9.500000e+00 1.845000e+02 1.100000e+01
    endloop
  endfacet
  facet normal 0.000000e+00 -1.000000e+00 0.000000e+00
    outer loop
      vertex   9.500000e+00 1.845000e+02 1.100000e+01
      vertex   6.087540e+00 1.845000e+02 9.642889e+00
      vertex   7.185307e+00 1.845000e+02 8.855214e+00
    endloop
  endfacet
  facet normal 0.000000e+00 -1.000000e+00 -0.000000e+00
    outer loop
      vertex   9.500000e+00 1.845000e+02 1.100000e+01
      vertex   7.185307e+00 1.845000e+02 8.855214e+00
      vertex   9.551111e+00 1.845000e+02 1.061177e+01
    endloop
  endfacet
  facet normal 0.000000e+00 -1.000000e+00 -0.000000e+00
    outer loop
      vertex   9.551111e+00 1.845000e+02 1.061177e+01
      vertex   7.185307e+00 1.845000e+02 8.855214e+00
      vertex   9.700962e+00 1.845000e+02 1.025000e+01
    endloop
  endfacet
  facet normal 0.000000e+00 -1.000000e+00 0.000000e+00
    outer loop
      vertex   9.700962e+00 1.845000e+02 1.025000e+01
      vertex   7.185307e+00 1.845000e+02 8.855214e+00
      vertex   8.182209e+00 1.845000e+02 7.943231e+00
    endloop
  endfacet
  facet normal 0.000000e+00 -1.000000e+00 -0.000000e+00
    outer loop
      vertex   9.700962e+00 1.845000e+02 1.025000e+01
      vertex   8.182209e+00 1.845000e+02 7.943231e+00
      vertex   9.939340e+00 1.845000e+02 9.939340e+00
    endloop
  endfacet
  facet normal 0.000000e+00 -1.000000e+00 -0.000000e+00
    outer loop
      vertex   9.939340e+00 1.845000e+02 9.939340e+00
      vertex   8.182209e+00 1.845000e+02 7.943231e+00
      vertex   1.025000e+01 1.845000e+02 9.700962e+00
    endloop
  endfacet
  facet normal 0.000000e+00 -1.000000e+00 0.000000e+00
    outer loop
      vertex   1.025000e+01 1.845000e+02 9.700962e+00
      vertex   8.182209e+00 1.845000e+02 7.943231e+00
      vertex   9.064250e+00 1.845000e+02 6.919742e+00
    endloop
  endfacet
  facet normal 0.000000e+00 -1.000000e+00 -0.000000e+00
    outer loop
      vertex   1.025000e+01 1.845000e+02 9.700962e+00
      vertex   9.064250e+00 1.845000e+02 6.919742e+00
      vertex   1.061177e+01 1.845000e+02 9.551111e+00
    endloop
  endfacet
  facet normal 0.000000e+00 -1.000000e+00 -0.000000e+00
    outer loop
      vertex   1.061177e+01 1.845000e+02 9.551111e+00
      vertex   9.064250e+00 1.845000e+02 6.919742e+00
      vertex   1.100000e+01 1.845000e+02 9.500000e+00
    endloop
  endfacet
  facet normal 0.000000e+00 -1.000000e+00 0.000000e+00
    outer loop
      vertex   1.100000e+01 1.845000e+02 9.500000e+00
      vertex   9.064250e+00 1.845000e+02 6.919742e+00
      vertex   9.819048e+00 1.845000e+02 5.799116e+00
    endloop
  endfacet
  facet normal 0.000000e+00 -1.000000e+00 -0.000000e+00
    outer loop
      vertex   1.100000e+01 1.845000e+02 9.500000e+00
      vertex   9.819048e+00 1.845000e+02 5.799116e+00
      vertex   1.138823e+01 1.845000e+02 9.551111e+00
    endloop
  endfacet
  facet normal 0.000000e+00 -1.000000e+00 -0.000000e+00
    outer loop
      vertex   1.138823e+01 1.845000e+02 9.551111e+00
      vertex   9.819048e+00 1.845000e+02 5.799116e+00
      vertex   1.175000e+01 1.845000e+02 9.700962e+00
    endloop
  endfacet
  facet normal 0.000000e+00 -1.000000e+00 0.000000e+00
    outer loop
      vertex   1.175000e+01 1.845000e+02 9.700962e+00
      vertex   9.819048e+00 1.845000e+02 5.799116e+00
      vertex   1.043601e+01 1.845000e+02 4.597082e+00
    endloop
  endfacet
  facet normal 0.000000e+00 -1.000000e+00 -0.000000e+00
    outer loop
      vertex   1.175000e+01 1.845000e+02 9.700962e+00
      vertex   1.043601e+01 1.845000e+02 4.597082e+00
      vertex   1.206066e+01 1.845000e+02 9.939340e+00
    endloop
  endfacet
  facet normal 0.000000e+00 -1.000000e+00 0.000000e+00
    outer loop
      vertex   1.206066e+01 1.845000e+02 9.939340e+00
      vertex   1.043601e+01 1.845000e+02 4.597082e+00
      vertex   1.090647e+01 1.845000e+02 3.330516e+00
    endloop
  endfacet
  facet normal 0.000000e+00 -1.000000e+00 -0.000000e+00
    outer loop
      vertex   1.206066e+01 1.845000e+02 9.939340e+00
      vertex   1.090647e+01 1.845000e+02 3.330516e+00
      vertex   1.229904e+01 1.845000e+02 1.025000e+01
    endloop
  endfacet
  facet normal 0.000000e+00 -1.000000e+00 -0.000000e+00
    outer loop
      vertex   1.229904e+01 1.845000e+02 1.025000e+01
      vertex   1.090647e+01 1.845000e+02 3.330516e+00
      vertex   2.903577e+01 1.845000e+02 4.000000e+00
    endloop
  endfacet
  facet normal 0.000000e+00 -1.000000e+00 0.000000e+00
    outer loop
      vertex   1.229904e+01 1.845000e+02 1.025000e+01
      vertex   2.903577e+01 1.845000e+02 4.000000e+00
      vertex   1.244889e+01 1.845000e+02 1.061177e+01
    endloop
  endfacet
  facet normal 0.000000e+00 -1.000000e+00 0.000000e+00
    outer loop
      vertex   1.244889e+01 1.845000e+02 1.061177e+01
      vertex   2.903577e+01 1.845000e+02 4.000000e+00
      vertex   1.250000e+01 1.845000e+02 1.100000e+01
    endloop
  endfacet
  facet normal 0.000000e+00 -1.000000e+00 0.000000e+00
    outer loop
      vertex   1.250000e+01 1.845000e+02 1.100000e+01
      vertex   2.903577e+01 1.845000e+02 4.000000e+00
      vertex   1.244889e+01 1.845000e+02 1.138823e+01
    endloop
  endfacet
  facet normal 0.000000e+00 -1.000000e+00 0.000000e+00
    outer loop
      vertex   1.244889e+01 1.845000e+02 1.138823e+01
      vertex   2.903577e+01 1.845000e+02 4.000000e+00
      vertex   1.229904e+01 1.845000e+02 1.175000e+01
    endloop
  endfacet
  facet normal 0.000000e+00 -1.000000e+00 0.000000e+00
    outer loop
      vertex   1.090647e+01 1.845000e+02 3.330516e+00
      vertex   1.122383e+01 1.845000e+02 2.017197e+00
      vertex   2.903577e+01 1.845000e+02 4.000000e+00
    endloop
  endfacet
  facet normal 0.000000e+00 -1.000000e+00 0.000000e+00
    outer loop
      vertex   2.903577e+01 1.845000e+02 4.000000e+00
      vertex   1.122383e+01 1.845000e+02 2.017197e+00
      vertex   1.138363e+01 1.845000e+02 6.755600e-01
    endloop
  endfacet
  facet normal 0.000000e+00 -1.000000e+00 -0.000000e+00
    outer loop
      vertex   1.122383e+01 1.845000e+02 -2.017197e+00
      vertex   1.090647e+01 1.845000e+02 -3.330516e+00
      vertex   2.903577e+01 1.845000e+02 -3.000000e+00
    endloop
  endfacet
  facet normal -0.000000e+00 -1.000000e+00 0.000000e+00
    outer loop
      vertex   -1.108462e+01 1.845000e+02 -2.678561e+00
      vertex   -1.132362e+01 1.845000e+02 -1.348747e+00
      vertex   -2.920806e+01 1.845000e+02 -3.000000e+00
    endloop
  endfacet
  facet normal 0.000000e+00 -1.000000e+00 0.000000e+00
    outer loop
      vertex   -2.920806e+01 1.845000e+02 -3.000000e+00
      vertex   -1.132362e+01 1.845000e+02 -1.348747e+00
      vertex   -1.140366e+01 1.845000e+02 1.396546e-15
    endloop
  endfacet
  facet normal 0.000000e+00 -1.000000e+00 0.000000e+00
    outer loop
      vertex   1.100000e+01 1.845000e+02 1.250000e+01
      vertex   1.138823e+01 1.845000e+02 1.244889e+01
      vertex   4.500000e+01 1.845000e+02 4.500000e+01
    endloop
  endfacet
  facet normal 0.000000e+00 -1.000000e+00 0.000000e+00
    outer loop
      vertex   4.500000e+01 1.845000e+02 4.500000e+01
      vertex   1.138823e+01 1.845000e+02 1.244889e+01
      vertex   1.175000e+01 1.845000e+02 1.229904e+01
    endloop
  endfacet
  facet normal 0.000000e+00 -1.000000e+00 0.000000e+00
    outer loop
      vertex   4.500000e+01 1.845000e+02 4.500000e+01
      vertex   1.175000e+01 1.845000e+02 1.229904e+01
      vertex   1.206066e+01 1.845000e+02 1.206066e+01
    endloop
  endfacet
  facet normal -9.914449e-01 0.000000e+00 1.305262e-01
    outer loop
      vertex   1.244889e+01 1.905000e+02 1.061177e+01
      vertex   1.244889e+01 1.845000e+02 1.061177e+01
      vertex   1.250000e+01 1.905000e+02 1.100000e+01
    endloop
  endfacet
  facet normal -9.914449e-01 0.000000e+00 1.305262e-01
    outer loop
      vertex   1.250000e+01 1.905000e+02 1.100000e+01
      vertex   1.244889e+01 1.845000e+02 1.061177e+01
      vertex   1.250000e+01 1.845000e+02 1.100000e+01
    endloop
  endfacet
  facet normal -9.914449e-01 -0.000000e+00 -1.305262e-01
    outer loop
      vertex   1.250000e+01 1.905000e+02 1.100000e+01
      vertex   1.250000e+01 1.845000e+02 1.100000e+01
      vertex   1.244889e+01 1.905000e+02 1.138823e+01
    endloop
  endfacet
  facet normal -9.914449e-01 3.864352e-17 -1.305262e-01
    outer loop
      vertex   1.244889e+01 1.905000e+02 1.138823e+01
      vertex   1.250000e+01 1.845000e+02 1.100000e+01
      vertex   1.244889e+01 1.845000e+02 1.138823e+01
    endloop
  endfacet
  facet normal -9.238795e-01 1.132971e-16 -3.826834e-01
    outer loop
      vertex   1.244889e+01 1.905000e+02 1.138823e+01
      vertex   1.244889e+01 1.845000e+02 1.138823e+01
      vertex   1.229904e+01 1.905000e+02 1.175000e+01
    endloop
  endfacet
  facet normal -9.238795e-01 -0.000000e+00 -3.826834e-01
    outer loop
      vertex   1.229904e+01 1.905000e+02 1.175000e+01
      vertex   1.244889e+01 1.845000e+02 1.138823e+01
      vertex   1.229904e+01 1.845000e+02 1.175000e+01
    endloop
  endfacet
  facet normal -7.933533e-01 -0.000000e+00 -6.087614e-01
    outer loop
      vertex   1.229904e+01 1.905000e+02 1.175000e+01
      vertex   1.229904e+01 1.845000e+02 1.175000e+01
      vertex   1.206066e+01 1.905000e+02 1.206066e+01
    endloop
  endfacet
  facet normal -7.933533e-01 1.802296e-16 -6.087614e-01
    outer loop
      vertex   1.206066e+01 1.905000e+02 1.206066e+01
      vertex   1.229904e+01 1.845000e+02 1.175000e+01
      vertex   1.206066e+01 1.845000e+02 1.206066e+01
    endloop
  endfacet
  facet normal -6.087614e-01 2.348798e-16 -7.933533e-01
    outer loop
      vertex   1.206066e+01 1.905000e+02 1.206066e+01
      vertex   1.206066e+01 1.845000e+02 1.206066e+01
      vertex   1.175000e+01 1.905000e+02 1.229904e+01
    endloop
  endfacet
  facet normal -6.087614e-01 -0.000000e+00 -7.933533e-01
    outer loop
      vertex   1.175000e+01 1.905000e+02 1.229904e+01
      vertex   1.206066e+01 1.845000e+02 1.206066e+01
      vertex   1.175000e+01 1.845000e+02 1.229904e+01
    endloop
  endfacet
  facet normal -3.826834e-01 -0.000000e+00 -9.238795e-01
    outer loop
      vertex   1.175000e+01 1.905000e+02 1.229904e+01
      vertex   1.175000e+01 1.845000e+02 1.229904e+01
      vertex   1.138823e+01 1.905000e+02 1.244889e+01
    endloop
  endfacet
  facet normal -3.826834e-01 2.735233e-16 -9.238795e-01
    outer loop
      vertex   1.138823e+01 1.905000e+02 1.244889e+01
      vertex   1.175000e+01 1.845000e+02 1.229904e+01
      vertex   1.138823e+01 1.845000e+02 1.244889e+01
    endloop
  endfacet
  facet normal -1.305262e-01 2.935266e-16 -9.914449e-01
    outer loop
      vertex   1.138823e+01 1.905000e+02 1.244889e+01
      vertex   1.138823e+01 1.845000e+02 1.244889e+01
      vertex   1.100000e+01 1.905000e+02 1.250000e+01
    endloop
  endfacet
  facet normal -1.305262e-01 -0.000000e+00 -9.914449e-01
    outer loop
      vertex   1.100000e+01 1.905000e+02 1.250000e+01
      vertex   1.138823e+01 1.845000e+02 1.244889e+01
      vertex   1.100000e+01 1.845000e+02 1.250000e+01
    endloop
  endfacet
  facet normal 1.305262e-01 0.000000e+00 -9.914449e-01
    outer loop
      vertex   1.100000e+01 1.905000e+02 1.250000e+01
      vertex   1.100000e+01 1.845000e+02 1.250000e+01
      vertex   1.061177e+01 1.905000e+02 1.244889e+01
    endloop
  endfacet
  facet normal 1.305262e-01 3.864352e-17 -9.914449e-01
    outer loop
      vertex   1.061177e+01 1.905000e+02 1.244889e+01
      vertex   1.100000e+01 1.845000e+02 1.250000e+01
      vertex   1.061177e+01 1.845000e+02 1.244889e+01
    endloop
  endfacet
  facet normal 3.826834e-01 1.132971e-16 -9.238795e-01
    outer loop
      vertex   1.061177e+01 1.905000e+02 1.244889e+01
      vertex   1.061177e+01 1.845000e+02 1.244889e+01
      vertex   1.025000e+01 1.905000e+02 1.229904e+01
    endloop
  endfacet
  facet normal 3.826834e-01 0.000000e+00 -9.238795e-01
    outer loop
      vertex   1.025000e+01 1.905000e+02 1.229904e+01
      vertex   1.061177e+01 1.845000e+02 1.244889e+01
      vertex   1.025000e+01 1.845000e+02 1.229904e+01
    endloop
  endfacet
  facet normal 6.087614e-01 0.000000e+00 -7.933533e-01
    outer loop
      vertex   1.025000e+01 1.905000e+02 1.229904e+01
      vertex   1.025000e+01 1.845000e+02 1.229904e+01
      vertex   9.939340e+00 1.905000e+02 1.206066e+01
    endloop
  endfacet
  facet normal 6.087614e-01 0.000000e+00 -7.933533e-01
    outer loop
      vertex   9.939340e+00 1.905000e+02 1.206066e+01
      vertex   1.025000e+01 1.845000e+02 1.229904e+01
      vertex   9.939340e+00 1.845000e+02 1.206066e+01
    endloop
  endfacet
  facet normal 7.933533e-01 0.000000e+00 -6.087614e-01
    outer loop
      vertex   9.939340e+00 1.905000e+02 1.206066e+01
      vertex   9.939340e+00 1.845000e+02 1.206066e+01
      vertex   9.700962e+00 1.905000e+02 1.175000e+01
    endloop
  endfacet
  facet normal 7.933533e-01 0.000000e+00 -6.087614e-01
    outer loop
      vertex   9.700962e+00 1.905000e+02 1.175000e+01
      vertex   9.939340e+00 1.845000e+02 1.206066e+01
      vertex   9.700962e+00 1.845000e+02 1.175000e+01
    endloop
  endfacet
  facet normal 9.238795e-01 0.000000e+00 -3.826834e-01
    outer loop
      vertex   9.700962e+00 1.905000e+02 1.175000e+01
      vertex   9.700962e+00 1.845000e+02 1.175000e+01
      vertex   9.551111e+00 1.905000e+02 1.138823e+01
    endloop
  endfacet
  facet normal 9.238795e-01 0.000000e+00 -3.826834e-01
    outer loop
      vertex   9.551111e+00 1.905000e+02 1.138823e+01
      vertex   9.700962e+00 1.845000e+02 1.175000e+01
      vertex   9.551111e+00 1.845000e+02 1.138823e+01
    endloop
  endfacet
  facet normal 9.914449e-01 0.000000e+00 -1.305262e-01
    outer loop
      vertex   9.551111e+00 1.905000e+02 1.138823e+01
      vertex   9.551111e+00 1.845000e+02 1.138823e+01
      vertex   9.500000e+00 1.905000e+02 1.100000e+01
    endloop
  endfacet
  facet normal 9.914449e-01 0.000000e+00 -1.305262e-01
    outer loop
      vertex   9.500000e+00 1.905000e+02 1.100000e+01
      vertex   9.551111e+00 1.845000e+02 1.138823e+01
      vertex   9.500000e+00 1.845000e+02 1.100000e+01
    endloop
  endfacet
  facet normal 9.914449e-01 0.000000e+00 1.305262e-01
    outer loop
      vertex   9.500000e+00 1.905000e+02 1.100000e+01
      vertex   9.500000e+00 1.845000e+02 1.100000e+01
      vertex   9.551111e+00 1.905000e+02 1.061177e+01
    endloop
  endfacet
  facet normal 9.914449e-01 -3.864352e-17 1.305262e-01
    outer loop
      vertex   9.551111e+00 1.905000e+02 1.061177e+01
      vertex   9.500000e+00 1.845000e+02 1.100000e+01
      vertex   9.551111e+00 1.845000e+02 1.061177e+01
    endloop
  endfacet
  facet normal 9.238795e-01 -1.132971e-16 3.826834e-01
    outer loop
      vertex   9.551111e+00 1.905000e+02 1.061177e+01
      vertex   9.551111e+00 1.845000e+02 1.061177e+01
      vertex   9.700962e+00 1.905000e+02 1.025000e+01
    endloop
  endfacet
  facet normal 9.238795e-01 0.000000e+00 3.826834e-01
    outer loop
      vertex   9.700962e+00 1.905000e+02 1.025000e+01
      vertex   9.551111e+00 1.845000e+02 1.061177e+01
      vertex   9.700962e+00 1.845000e+02 1.025000e+01
    endloop
  endfacet
  facet normal 7.933533e-01 0.000000e+00 6.087614e-01
    outer loop
      vertex   9.700962e+00 1.905000e+02 1.025000e+01
      vertex   9.700962e+00 1.845000e+02 1.025000e+01
      vertex   9.939340e+00 1.905000e+02 9.939340e+00
    endloop
  endfacet
  facet normal 7.933533e-01 0.000000e+00 6.087614e-01
    outer loop
      vertex   9.939340e+00 1.905000e+02 9.939340e+00
      vertex   9.700962e+00 1.845000e+02 1.025000e+01
      vertex   9.939340e+00 1.845000e+02 9.939340e+00
    endloop
  endfacet
  facet normal 6.087614e-01 0.000000e+00 7.933533e-01
    outer loop
      vertex   9.939340e+00 1.905000e+02 9.939340e+00
      vertex   9.939340e+00 1.845000e+02 9.939340e+00
      vertex   1.025000e+01 1.905000e+02 9.700962e+00
    endloop
  endfacet
  facet normal 6.087614e-01 0.000000e+00 7.933533e-01
    outer loop
      vertex   1.025000e+01 1.905000e+02 9.700962e+00
      vertex   9.939340e+00 1.845000e+02 9.939340e+00
      vertex   1.025000e+01 1.845000e+02 9.700962e+00
    endloop
  endfacet
  facet normal 3.826834e-01 0.000000e+00 9.238795e-01
    outer loop
      vertex   1.025000e+01 1.905000e+02 9.700962e+00
      vertex   1.025000e+01 1.845000e+02 9.700962e+00
      vertex   1.061177e+01 1.905000e+02 9.551111e+00
    endloop
  endfacet
  facet normal 3.826834e-01 0.000000e+00 9.238795e-01
    outer loop
      vertex   1.061177e+01 1.905000e+02 9.551111e+00
      vertex   1.025000e+01 1.845000e+02 9.700962e+00
      vertex   1.061177e+01 1.845000e+02 9.551111e+00
    endloop
  endfacet
  facet normal 1.305262e-01 0.000000e+00 9.914449e-01
    outer loop
      vertex   1.061177e+01 1.905000e+02 9.551111e+00
      vertex   1.061177e+01 1.845000e+02 9.551111e+00
      vertex   1.100000e+01 1.905000e+02 9.500000e+00
    endloop
  endfacet
  facet normal 1.305262e-01 0.000000e+00 9.914449e-01
    outer loop
      vertex   1.100000e+01 1.905000e+02 9.500000e+00
      vertex   1.061177e+01 1.845000e+02 9.551111e+00
      vertex   1.100000e+01 1.845000e+02 9.500000e+00
    endloop
  endfacet
  facet normal -1.305262e-01 0.000000e+00 9.914449e-01
    outer loop
      vertex   1.100000e+01 1.905000e+02 9.500000e+00
      vertex   1.100000e+01 1.845000e+02 9.500000e+00
      vertex   1.138823e+01 1.905000e+02 9.551111e+00
    endloop
  endfacet
  facet normal -1.305262e-01 -3.864352e-17 9.914449e-01
    outer loop
      vertex   1.138823e+01 1.905000e+02 9.551111e+00
      vertex   1.100000e+01 1.845000e+02 9.500000e+00
      vertex   1.138823e+01 1.845000e+02 9.551111e+00
    endloop
  endfacet
  facet normal -3.826834e-01 -1.132971e-16 9.238795e-01
    outer loop
      vertex   1.138823e+01 1.905000e+02 9.551111e+00
      vertex   1.138823e+01 1.845000e+02 9.551111e+00
      vertex   1.175000e+01 1.905000e+02 9.700962e+00
    endloop
  endfacet
  facet normal -3.826834e-01 0.000000e+00 9.238795e-01
    outer loop
      vertex   1.175000e+01 1.905000e+02 9.700962e+00
      vertex   1.138823e+01 1.845000e+02 9.551111e+00
      vertex   1.175000e+01 1.845000e+02 9.700962e+00
    endloop
  endfacet
  facet normal -6.087614e-01 0.000000e+00 7.933533e-01
    outer loop
      vertex   1.175000e+01 1.905000e+02 9.700962e+00
      vertex   1.175000e+01 1.845000e+02 9.700962e+00
      vertex   1.206066e+01 1.905000e+02 9.939340e+00
    endloop
  endfacet
  facet normal -6.087614e-01 5.465018e-17 7.933533e-01
    outer loop
      vertex   1.206066e+01 1.905000e+02 9.939340e+00
      vertex   1.175000e+01 1.845000e+02 9.700962e+00
      vertex   1.206066e+01 1.845000e+02 9.939340e+00
    endloop
  endfacet
  facet normal -7.933533e-01 -5.465018e-17 6.087614e-01
    outer loop
      vertex   1.206066e+01 1.905000e+02 9.939340e+00
      vertex   1.206066e+01 1.845000e+02 9.939340e+00
      vertex   1.229904e+01 1.905000e+02 1.025000e+01
    endloop
  endfacet
  facet normal -7.933533e-01 0.000000e+00 6.087614e-01
    outer loop
      vertex   1.229904e+01 1.905000e+02 1.025000e+01
      vertex   1.206066e+01 1.845000e+02 9.939340e+00
      vertex   1.229904e+01 1.845000e+02 1.025000e+01
    endloop
  endfacet
  facet normal -9.238795e-01 0.000000e+00 3.826834e-01
    outer loop
      vertex   1.229904e+01 1.905000e+02 1.025000e+01
      vertex   1.229904e+01 1.845000e+02 1.025000e+01
      vertex   1.244889e+01 1.905000e+02 1.061177e+01
    endloop
  endfacet
  facet normal -9.238795e-01 0.000000e+00 3.826834e-01
    outer loop
      vertex   1.244889e+01 1.905000e+02 1.061177e+01
      vertex   1.229904e+01 1.845000e+02 1.025000e+01
      vertex   1.244889e+01 1.845000e+02 1.061177e+01
    endloop
  endfacet
  facet normal -9.982382e-01 -3.337962e-03 5.924030e-02
    outer loop
      vertex   1.132362e+01 1.905000e+02 -1.348747e+00
      vertex   1.138363e+01 1.845000e+02 -6.755600e-01
      vertex   1.140366e+01 1.905000e+02 -1.396546e-15
    endloop
  endfacet
  facet normal -9.999944e-01 3.337962e-03 1.314722e-15
    outer loop
      vertex   1.140366e+01 1.905000e+02 -1.396546e-15
      vertex   1.138363e+01 1.845000e+02 -6.755600e-01
      vertex   1.138363e+01 1.845000e+02 6.755600e-01
    endloop
  endfacet
  facet normal -9.982382e-01 -3.337962e-03 -5.924030e-02
    outer loop
      vertex   1.140366e+01 1.905000e+02 -1.396546e-15
      vertex   1.138363e+01 1.845000e+02 6.755600e-01
      vertex   1.132362e+01 1.905000e+02 1.348747e+00
    endloop
  endfacet
  facet normal -9.929756e-01 3.337962e-03 -1.182725e-01
    outer loop
      vertex   1.132362e+01 1.905000e+02 1.348747e+00
      vertex   1.138363e+01 1.845000e+02 6.755600e-01
      vertex   1.122383e+01 1.845000e+02 2.017197e+00
    endloop
  endfacet
  facet normal -9.842251e-01 -3.337962e-03 -1.768893e-01
    outer loop
      vertex   1.132362e+01 1.905000e+02 1.348747e+00
      vertex   1.122383e+01 1.845000e+02 2.017197e+00
      vertex   1.108462e+01 1.905000e+02 2.678561e+00
    endloop
  endfacet
  facet normal -9.720175e-01 3.337962e-03 -2.348847e-01
    outer loop
      vertex   1.108462e+01 1.905000e+02 2.678561e+00
      vertex   1.122383e+01 1.845000e+02 2.017197e+00
      vertex   1.090647e+01 1.845000e+02 3.330516e+00
    endloop
  endfacet
  facet normal -9.563957e-01 -3.337962e-03 -2.920551e-01
    outer loop
      vertex   1.108462e+01 1.905000e+02 2.678561e+00
      vertex   1.090647e+01 1.845000e+02 3.330516e+00
      vertex   1.069001e+01 1.905000e+02 3.970773e+00
    endloop
  endfacet
  facet normal -9.374144e-01 3.337962e-03 -3.481997e-01
    outer loop
      vertex   1.069001e+01 1.905000e+02 3.970773e+00
      vertex   1.090647e+01 1.845000e+02 3.330516e+00
      vertex   1.043601e+01 1.845000e+02 4.597082e+00
    endloop
  endfacet
  facet normal -9.151405e-01 -3.337962e-03 -4.031212e-01
    outer loop
      vertex   1.069001e+01 1.905000e+02 3.970773e+00
      vertex   1.043601e+01 1.845000e+02 4.597082e+00
      vertex   1.014535e+01 1.905000e+02 5.207244e+00
    endloop
  endfacet
  facet normal -8.896521e-01 3.337962e-03 -4.566267e-01
    outer loop
      vertex   1.014535e+01 1.905000e+02 5.207244e+00
      vertex   1.043601e+01 1.845000e+02 4.597082e+00
      vertex   9.819048e+00 1.845000e+02 5.799116e+00
    endloop
  endfacet
  facet normal -8.610388e-01 -3.337962e-03 -5.085283e-01
    outer loop
      vertex   1.014535e+01 1.905000e+02 5.207244e+00
      vertex   9.819048e+00 1.845000e+02 5.799116e+00
      vertex   9.458260e+00 1.905000e+02 6.370618e+00
    endloop
  endfacet
  facet normal -8.294011e-01 3.337962e-03 -5.586437e-01
    outer loop
      vertex   9.458260e+00 1.905000e+02 6.370618e+00
      vertex   9.819048e+00 1.845000e+02 5.799116e+00
      vertex   9.064250e+00 1.845000e+02 6.919742e+00
    endloop
  endfacet
  facet normal -7.948500e-01 -3.337962e-03 -6.067968e-01
    outer loop
      vertex   9.458260e+00 1.905000e+02 6.370618e+00
      vertex   9.064250e+00 1.845000e+02 6.919742e+00
      vertex   8.638400e+00 1.905000e+02 7.444561e+00
    endloop
  endfacet
  facet normal -7.575070e-01 3.337962e-03 -6.528185e-01
    outer loop
      vertex   8.638400e+00 1.905000e+02 7.444561e+00
      vertex   9.064250e+00 1.845000e+02 6.919742e+00
      vertex   8.182209e+00 1.845000e+02 7.943231e+00
    endloop
  endfacet
  facet normal -7.175033e-01 -3.337962e-03 -6.965471e-01
    outer loop
      vertex   8.638400e+00 1.905000e+02 7.444561e+00
      vertex   8.182209e+00 1.845000e+02 7.943231e+00
      vertex   7.697276e+00 1.905000e+02 8.414000e+00
    endloop
  endfacet
  facet normal -6.749792e-01 3.337962e-03 -7.378292e-01
    outer loop
      vertex   7.697276e+00 1.905000e+02 8.414000e+00
      vertex   8.182209e+00 1.845000e+02 7.943231e+00
      vertex   7.185307e+00 1.845000e+02 8.855214e+00
    endloop
  endfacet
  facet normal -6.300843e-01 -3.337962e-03 -7.765195e-01
    outer loop
      vertex   7.697276e+00 1.905000e+02 8.414000e+00
      vertex   7.185307e+00 1.845000e+02 8.855214e+00
      vertex   6.648100e+00 1.905000e+02 9.265324e+00
    endloop
  endfacet
  facet normal -5.829762e-01 3.337962e-03 -8.124824e-01
    outer loop
      vertex   6.648100e+00 1.905000e+02 9.265324e+00
      vertex   7.185307e+00 1.845000e+02 8.855214e+00
      vertex   6.087540e+00 1.845000e+02 9.642889e+00
    endloop
  endfacet
  facet normal -5.338204e-01 -3.337962e-03 -8.455913e-01
    outer loop
      vertex   6.648100e+00 1.905000e+02 9.265324e+00
      vertex   6.087540e+00 1.845000e+02 9.642889e+00
      vertex   5.505598e+00 1.905000e+02 9.986583e+00
    endloop
  endfacet
  facet normal -4.827895e-01 3.337962e-03 -8.757301e-01
    outer loop
      vertex   5.505598e+00 1.905000e+02 9.986583e+00
      vertex   6.087540e+00 1.845000e+02 9.642889e+00
      vertex   4.904317e+00 1.845000e+02 1.029520e+01
    endloop
  endfacet
  facet normal -4.300628e-01 -3.337962e-03 -9.027928e-01
    outer loop
      vertex   5.505598e+00 1.905000e+02 9.986583e+00
      vertex   4.904317e+00 1.845000e+02 1.029520e+01
      vertex   4.285810e+00 1.905000e+02 1.056765e+01
    endloop
  endfacet
  facet normal -3.758255e-01 3.337962e-03 -9.266844e-01
    outer loop
      vertex   4.285810e+00 1.905000e+02 1.056765e+01
      vertex   4.904317e+00 1.845000e+02 1.029520e+01
      vertex   3.652248e+00 1.845000e+02 1.080299e+01
    endloop
  endfacet
  facet normal -3.202681e-01 -3.337962e-03 -9.473211e-01
    outer loop
      vertex   4.285810e+00 1.905000e+02 1.056765e+01
      vertex   3.652248e+00 1.845000e+02 1.080299e+01
      vertex   3.005858e+00 1.905000e+02 1.100038e+01
    endloop
  endfacet
  facet normal -2.635857e-01 3.337962e-03 -9.646302e-01
    outer loop
      vertex   3.005858e+00 1.905000e+02 1.100038e+01
      vertex   3.652248e+00 1.845000e+02 1.080299e+01
      vertex   2.348910e+00 1.845000e+02 1.115913e+01
    endloop
  endfacet
  facet normal -2.059775e-01 -3.337962e-03 -9.785510e-01
    outer loop
      vertex   3.005858e+00 1.905000e+02 1.100038e+01
      vertex   2.348910e+00 1.845000e+02 1.115913e+01
      vertex   1.683711e+00 1.905000e+02 1.127868e+01
    endloop
  endfacet
  facet normal -1.476457e-01 3.337962e-03 -9.890347e-01
    outer loop
      vertex   1.683711e+00 1.905000e+02 1.127868e+01
      vertex   2.348910e+00 1.845000e+02 1.115913e+01
      vertex   1.012598e+00 1.845000e+02 1.135861e+01
    endloop
  endfacet
  facet normal -8.879540e-02 -3.337962e-03 -9.960443e-01
    outer loop
      vertex   1.683711e+00 1.905000e+02 1.127868e+01
      vertex   1.012598e+00 1.845000e+02 1.135861e+01
      vertex   3.379284e-01 1.905000e+02 1.139865e+01
    endloop
  endfacet
  facet normal -2.963316e-02 3.337962e-03 -9.995553e-01
    outer loop
      vertex   3.379284e-01 1.905000e+02 1.139865e+01
      vertex   1.012598e+00 1.845000e+02 1.135861e+01
      vertex   -3.379284e-01 1.845000e+02 1.139865e+01
    endloop
  endfacet
  facet normal 2.963316e-02 -3.337962e-03 -9.995553e-01
    outer loop
      vertex   3.379284e-01 1.905000e+02 1.139865e+01
      vertex   -3.379284e-01 1.845000e+02 1.139865e+01
      vertex   -1.012598e+00 1.905000e+02 1.135861e+01
    endloop
  endfacet
  facet normal 8.879540e-02 3.337962e-03 -9.960443e-01
    outer loop
      vertex   -1.012598e+00 1.905000e+02 1.135861e+01
      vertex   -3.379284e-01 1.845000e+02 1.139865e+01
      vertex   -1.683711e+00 1.845000e+02 1.127868e+01
    endloop
  endfacet
  facet normal 1.476457e-01 -3.337962e-03 -9.890347e-01
    outer loop
      vertex   -1.012598e+00 1.905000e+02 1.135861e+01
      vertex   -1.683711e+00 1.845000e+02 1.127868e+01
      vertex   -2.348910e+00 1.905000e+02 1.115913e+01
    endloop
  endfacet
  facet normal 2.059775e-01 3.337962e-03 -9.785510e-01
    outer loop
      vertex   -2.348910e+00 1.905000e+02 1.115913e+01
      vertex   -1.683711e+00 1.845000e+02 1.127868e+01
      vertex   -3.005858e+00 1.845000e+02 1.100038e+01
    endloop
  endfacet
  facet normal 2.635857e-01 -3.337962e-03 -9.646302e-01
    outer loop
      vertex   -2.348910e+00 1.905000e+02 1.115913e+01
      vertex   -3.005858e+00 1.845000e+02 1.100038e+01
      vertex   -3.652248e+00 1.905000e+02 1.080299e+01
    endloop
  endfacet
  facet normal 3.202681e-01 3.337962e-03 -9.473211e-01
    outer loop
      vertex   -3.652248e+00 1.905000e+02 1.080299e+01
      vertex   -3.005858e+00 1.845000e+02 1.100038e+01
      vertex   -4.285810e+00 1.845000e+02 1.056765e+01
    endloop
  endfacet
  facet normal 3.758255e-01 -3.337962e-03 -9.266844e-01
    outer loop
      vertex   -3.652248e+00 1.905000e+02 1.080299e+01
      vertex   -4.285810e+00 1.845000e+02 1.056765e+01
      vertex   -4.904317e+00 1.905000e+02 1.029520e+01
    endloop
  endfacet
  facet normal 4.300628e-01 3.337962e-03 -9.027928e-01
    outer loop
      vertex   -4.904317e+00 1.905000e+02 1.029520e+01
      vertex   -4.285810e+00 1.845000e+02 1.056765e+01
      vertex   -5.505598e+00 1.845000e+02 9.986583e+00
    endloop
  endfacet
  facet normal 4.827895e-01 -3.337962e-03 -8.757301e-01
    outer loop
      vertex   -4.904317e+00 1.905000e+02 1.029520e+01
      vertex   -5.505598e+00 1.845000e+02 9.986583e+00
      vertex   -6.087540e+00 1.905000e+02 9.642889e+00
    endloop
  endfacet
  facet normal 5.338204e-01 3.337962e-03 -8.455913e-01
    outer loop
      vertex   -6.087540e+00 1.905000e+02 9.642889e+00
      vertex   -5.505598e+00 1.845000e+02 9.986583e+00
      vertex   -6.648100e+00 1.845000e+02 9.265324e+00
    endloop
  endfacet
  facet normal 5.829762e-01 -3.337962e-03 -8.124824e-01
    outer loop
      vertex   -6.087540e+00 1.905000e+02 9.642889e+00
      vertex   -6.648100e+00 1.845000e+02 9.265324e+00
      vertex   -7.185307e+00 1.905000e+02 8.855214e+00
    endloop
  endfacet
  facet normal 6.300843e-01 3.337962e-03 -7.765195e-01
    outer loop
      vertex   -7.185307e+00 1.905000e+02 8.855214e+00
      vertex   -6.648100e+00 1.845000e+02 9.265324e+00
      vertex   -7.697276e+00 1.845000e+02 8.414000e+00
    endloop
  endfacet
  facet normal 6.749792e-01 -3.337962e-03 -7.378292e-01
    outer loop
      vertex   -7.185307e+00 1.905000e+02 8.855214e+00
      vertex   -7.697276e+00 1.845000e+02 8.414000e+00
      vertex   -8.182209e+00 1.905000e+02 7.943231e+00
    endloop
  endfacet
  facet normal 7.175033e-01 3.337962e-03 -6.965471e-01
    outer loop
      vertex   -8.182209e+00 1.905000e+02 7.943231e+00
      vertex   -7.697276e+00 1.845000e+02 8.414000e+00
      vertex   -8.638400e+00 1.845000e+02 7.444561e+00
    endloop
  endfacet
  facet normal 7.575070e-01 -3.337962e-03 -6.528185e-01
    outer loop
      vertex   -8.182209e+00 1.905000e+02 7.943231e+00
      vertex   -8.638400e+00 1.845000e+02 7.444561e+00
      vertex   -9.064250e+00 1.905000e+02 6.919742e+00
    endloop
  endfacet
  facet normal 7.948500e-01 3.337962e-03 -6.067968e-01
    outer loop
      vertex   -9.064250e+00 1.905000e+02 6.919742e+00
      vertex   -8.638400e+00 1.845000e+02 7.444561e+00
      vertex   -9.458260e+00 1.845000e+02 6.370618e+00
    endloop
  endfacet
  facet normal 8.294011e-01 -3.337962e-03 -5.586437e-01
    outer loop
      vertex   -9.064250e+00 1.905000e+02 6.919742e+00
      vertex   -9.458260e+00 1.845000e+02 6.370618e+00
      vertex   -9.819048e+00 1.905000e+02 5.799116e+00
    endloop
  endfacet
  facet normal 8.610388e-01 3.337962e-03 -5.085283e-01
    outer loop
      vertex   -9.819048e+00 1.905000e+02 5.799116e+00
      vertex   -9.458260e+00 1.845000e+02 6.370618e+00
      vertex   -1.014535e+01 1.845000e+02 5.207244e+00
    endloop
  endfacet
  facet normal 8.896521e-01 -3.337962e-03 -4.566267e-01
    outer loop
      vertex   -9.819048e+00 1.905000e+02 5.799116e+00
      vertex   -1.014535e+01 1.845000e+02 5.207244e+00
      vertex   -1.043601e+01 1.905000e+02 4.597082e+00
    endloop
  endfacet
  facet normal 9.151405e-01 3.337962e-03 -4.031212e-01
    outer loop
      vertex   -1.043601e+01 1.905000e+02 4.597082e+00
      vertex   -1.014535e+01 1.845000e+02 5.207244e+00
      vertex   -1.069001e+01 1.845000e+02 3.970773e+00
    endloop
  endfacet
  facet normal 9.374144e-01 -3.337962e-03 -3.481997e-01
    outer loop
      vertex   -1.043601e+01 1.905000e+02 4.597082e+00
      vertex   -1.069001e+01 1.845000e+02 3.970773e+00
      vertex   -1.090647e+01 1.905000e+02 3.330516e+00
    endloop
  endfacet
  facet normal 9.563957e-01 3.337962e-03 -2.920551e-01
    outer loop
      vertex   -1.090647e+01 1.905000e+02 3.330516e+00
      vertex   -1.069001e+01 1.845000e+02 3.970773e+00
      vertex   -1.108462e+01 1.845000e+02 2.678561e+00
    endloop
  endfacet
  facet normal 9.720175e-01 -3.337962e-03 -2.348847e-01
    outer loop
      vertex   -1.090647e+01 1.905000e+02 3.330516e+00
      vertex   -1.108462e+01 1.845000e+02 2.678561e+00
      vertex   -1.122383e+01 1.905000e+02 2.017197e+00
    endloop
  endfacet
  facet normal 9.842251e-01 3.337962e-03 -1.768893e-01
    outer loop
      vertex   -1.122383e+01 1.905000e+02 2.017197e+00
      vertex   -1.108462e+01 1.845000e+02 2.678561e+00
      vertex   -1.132362e+01 1.845000e+02 1.348747e+00
    endloop
  endfacet
  facet normal 9.929756e-01 -3.337962e-03 -1.182725e-01
    outer loop
      vertex   -1.122383e+01 1.905000e+02 2.017197e+00
      vertex   -1.132362e+01 1.845000e+02 1.348747e+00
      vertex   -1.138363e+01 1.905000e+02 6.755600e-01
    endloop
  endfacet
  facet normal 9.982382e-01 3.337962e-03 -5.924030e-02
    outer loop
      vertex   -1.138363e+01 1.905000e+02 6.755600e-01
      vertex   -1.132362e+01 1.845000e+02 1.348747e+00
      vertex   -1.140366e+01 1.845000e+02 1.396546e-15
    endloop
  endfacet
  facet normal 9.999944e-01 -3.337962e-03 0.000000e+00
    outer loop
      vertex   -1.138363e+01 1.905000e+02 6.755600e-01
      vertex   -1.140366e+01 1.845000e+02 1.396546e-15
      vertex   -1.138363e+01 1.905000e+02 -6.755600e-01
    endloop
  endfacet
  facet normal 9.982382e-01 3.337962e-03 5.924030e-02
    outer loop
      vertex   -1.138363e+01 1.905000e+02 -6.755600e-01
      vertex   -1.140366e+01 1.845000e+02 1.396546e-15
      vertex   -1.132362e+01 1.845000e+02 -1.348747e+00
    endloop
  endfacet
  facet normal 9.929756e-01 -3.337962e-03 1.182725e-01
    outer loop
      vertex   -1.138363e+01 1.905000e+02 -6.755600e-01
      vertex   -1.132362e+01 1.845000e+02 -1.348747e+00
      vertex   -1.122383e+01 1.905000e+02 -2.017197e+00
    endloop
  endfacet
  facet normal 9.842251e-01 3.337962e-03 1.768893e-01
    outer loop
      vertex   -1.122383e+01 1.905000e+02 -2.017197e+00
      vertex   -1.132362e+01 1.845000e+02 -1.348747e+00
      vertex   -1.108462e+01 1.845000e+02 -2.678561e+00
    endloop
  endfacet
  facet normal 9.720175e-01 -3.337962e-03 2.348847e-01
    outer loop
      vertex   -1.122383e+01 1.905000e+02 -2.017197e+00
      vertex   -1.108462e+01 1.845000e+02 -2.678561e+00
      vertex   -1.090647e+01 1.905000e+02 -3.330516e+00
    endloop
  endfacet
  facet normal 9.563957e-01 3.337962e-03 2.920551e-01
    outer loop
      vertex   -1.090647e+01 1.905000e+02 -3.330516e+00
      vertex   -1.108462e+01 1.845000e+02 -2.678561e+00
      vertex   -1.069001e+01 1.845000e+02 -3.970773e+00
    endloop
  endfacet
  facet normal 9.374144e-01 -3.337962e-03 3.481997e-01
    outer loop
      vertex   -1.090647e+01 1.905000e+02 -3.330516e+00
      vertex   -1.069001e+01 1.845000e+02 -3.970773e+00
      vertex   -1.043601e+01 1.905000e+02 -4.597082e+00
    endloop
  endfacet
  facet normal 9.151405e-01 3.337962e-03 4.031212e-01
    outer loop
      vertex   -1.043601e+01 1.905000e+02 -4.597082e+00
      vertex   -1.069001e+01 1.845000e+02 -3.970773e+00
      vertex   -1.014535e+01 1.845000e+02 -5.207244e+00
    endloop
  endfacet
  facet normal 8.896521e-01 -3.337962e-03 4.566267e-01
    outer loop
      vertex   -1.043601e+01 1.905000e+02 -4.597082e+00
      vertex   -1.014535e+01 1.845000e+02 -5.207244e+00
      vertex   -9.819048e+00 1.905000e+02 -5.799116e+00
    endloop
  endfacet
  facet normal 8.610388e-01 3.337962e-03 5.085283e-01
    outer loop
      vertex   -9.819048e+00 1.905000e+02 -5.799116e+00
      vertex   -1.014535e+01 1.845000e+02 -5.207244e+00
      vertex   -9.458260e+00 1.845000e+02 -6.370618e+00
    endloop
  endfacet
  facet normal 8.294011e-01 -3.337962e-03 5.586437e-01
    outer loop
      vertex   -9.819048e+00 1.905000e+02 -5.799116e+00
      vertex   -9.458260e+00 1.845000e+02 -6.370618e+00
      vertex   -9.064250e+00 1.905000e+02 -6.919742e+00
    endloop
  endfacet
  facet normal 7.948500e-01 3.337962e-03 6.067968e-01
    outer loop
      vertex   -9.064250e+00 1.905000e+02 -6.919742e+00
      vertex   -9.458260e+00 1.845000e+02 -6.370618e+00
      vertex   -8.638400e+00 1.845000e+02 -7.444561e+00
    endloop
  endfacet
  facet normal 7.575070e-01 -3.337962e-03 6.528185e-01
    outer loop
      vertex   -9.064250e+00 1.905000e+02 -6.919742e+00
      vertex   -8.638400e+00 1.845000e+02 -7.444561e+00
      vertex   -8.182209e+00 1.905000e+02 -7.943231e+00
    endloop
  endfacet
  facet normal 7.175033e-01 3.337962e-03 6.965471e-01
    outer loop
      vertex   -8.182209e+00 1.905000e+02 -7.943231e+00
      vertex   -8.638400e+00 1.845000e+02 -7.444561e+00
      vertex   -7.697276e+00 1.845000e+02 -8.414000e+00
    endloop
  endfacet
  facet normal 6.749792e-01 -3.337962e-03 7.378292e-01
    outer loop
      vertex   -8.182209e+00 1.905000e+02 -7.943231e+00
      vertex   -7.697276e+00 1.845000e+02 -8.414000e+00
      vertex   -7.185307e+00 1.905000e+02 -8.855214e+00
    endloop
  endfacet
  facet normal 6.300843e-01 3.337962e-03 7.765195e-01
    outer loop
      vertex   -7.185307e+00 1.905000e+02 -8.855214e+00
      vertex   -7.697276e+00 1.845000e+02 -8.414000e+00
      vertex   -6.648100e+00 1.845000e+02 -9.265324e+00
    endloop
  endfacet
  facet normal 5.829762e-01 -3.337962e-03 8.124824e-01
    outer loop
      vertex   -7.185307e+00 1.905000e+02 -8.855214e+00
      vertex   -6.648100e+00 1.845000e+02 -9.265324e+00
      vertex   -6.087540e+00 1.905000e+02 -9.642889e+00
    endloop
  endfacet
  facet normal 5.338204e-01 3.337962e-03 8.455913e-01
    outer loop
      vertex   -6.087540e+00 1.905000e+02 -9.642889e+00
      vertex   -6.648100e+00 1.845000e+02 -9.265324e+00
      vertex   -5.505598e+00 1.845000e+02 -9.986583e+00
    endloop
  endfacet
  facet normal 4.827895e-01 -3.337962e-03 8.757301e-01
    outer loop
      vertex   -6.087540e+00 1.905000e+02 -9.642889e+00
      vertex   -5.505598e+00 1.845000e+02 -9.986583e+00
      vertex   -4.904317e+00 1.905000e+02 -1.029520e+01
    endloop
  endfacet
  facet normal 4.300628e-01 3.337962e-03 9.027928e-01
    outer loop
      vertex   -4.904317e+00 1.905000e+02 -1.029520e+01
      vertex   -5.505598e+00 1.845000e+02 -9.986583e+00
      vertex   -4.285810e+00 1.845000e+02 -1.056765e+01
    endloop
  endfacet
  facet normal 3.758255e-01 -3.337962e-03 9.266844e-01
    outer loop
      vertex   -4.904317e+00 1.905000e+02 -1.029520e+01
      vertex   -4.285810e+00 1.845000e+02 -1.056765e+01
      vertex   -3.652248e+00 1.905000e+02 -1.080299e+01
    endloop
  endfacet
  facet normal 3.202681e-01 3.337962e-03 9.473211e-01
    outer loop
      vertex   -3.652248e+00 1.905000e+02 -1.080299e+01
      vertex   -4.285810e+00 1.845000e+02 -1.056765e+01
      vertex   -3.005858e+00 1.845000e+02 -1.100038e+01
    endloop
  endfacet
  facet normal 2.635857e-01 -3.337962e-03 9.646302e-01
    outer loop
      vertex   -3.652248e+00 1.905000e+02 -1.080299e+01
      vertex   -3.005858e+00 1.845000e+02 -1.100038e+01
      vertex   -2.348910e+00 1.905000e+02 -1.115913e+01
    endloop
  endfacet
  facet normal 2.059775e-01 3.337962e-03 9.785510e-01
    outer loop
      vertex   -2.348910e+00 1.905000e+02 -1.115913e+01
      vertex   -3.005858e+00 1.845000e+02 -1.100038e+01
      vertex   -1.683711e+00 1.845000e+02 -1.127868e+01
    endloop
  endfacet
  facet normal 1.476457e-01 -3.337962e-03 9.890347e-01
    outer loop
      vertex   -2.348910e+00 1.905000e+02 -1.115913e+01
      vertex   -1.683711e+00 1.845000e+02 -1.127868e+01
      vertex   -1.012598e+00 1.905000e+02 -1.135861e+01
    endloop
  endfacet
  facet normal 8.879540e-02 3.337962e-03 9.960443e-01
    outer loop
      vertex   -1.012598e+00 1.905000e+02 -1.135861e+01
      vertex   -1.683711e+00 1.845000e+02 -1.127868e+01
      vertex   -3.379284e-01 1.845000e+02 -1.139865e+01
    endloop
  endfacet
  facet normal 2.963316e-02 -3.337962e-03 9.995553e-01
    outer loop
      vertex   -1.012598e+00 1.905000e+02 -1.135861e+01
      vertex   -3.379284e-01 1.845000e+02 -1.139865e+01
      vertex   3.379284e-01 1.905000e+02 -1.139865e+01
    endloop
  endfacet
  facet normal -2.963316e-02 3.337962e-03 9.995553e-01
    outer loop
      vertex   3.379284e-01 1.905000e+02 -1.139865e+01
      vertex   -3.379284e-01 1.845000e+02 -1.139865e+01
      vertex   1.012598e+00 1.845000e+02 -1.135861e+01
    endloop
  endfacet
  facet normal -8.879540e-02 -3.337962e-03 9.960443e-01
    outer loop
      vertex   3.379284e-01 1.905000e+02 -1.139865e+01
      vertex   1.012598e+00 1.845000e+02 -1.135861e+01
      vertex   1.683711e+00 1.905000e+02 -1.127868e+01
    endloop
  endfacet
  facet normal -1.476457e-01 3.337962e-03 9.890347e-01
    outer loop
      vertex   1.683711e+00 1.905000e+02 -1.127868e+01
      vertex   1.012598e+00 1.845000e+02 -1.135861e+01
      vertex   2.348910e+00 1.845000e+02 -1.115913e+01
    endloop
  endfacet
  facet normal -2.059775e-01 -3.337962e-03 9.785510e-01
    outer loop
      vertex   1.683711e+00 1.905000e+02 -1.127868e+01
      vertex   2.348910e+00 1.845000e+02 -1.115913e+01
      vertex   3.005858e+00 1.905000e+02 -1.100038e+01
    endloop
  endfacet
  facet normal -2.635857e-01 3.337962e-03 9.646302e-01
    outer loop
      vertex   3.005858e+00 1.905000e+02 -1.100038e+01
      vertex   2.348910e+00 1.845000e+02 -1.115913e+01
      vertex   3.652248e+00 1.845000e+02 -1.080299e+01
    endloop
  endfacet
  facet normal -3.202681e-01 -3.337962e-03 9.473211e-01
    outer loop
      vertex   3.005858e+00 1.905000e+02 -1.100038e+01
      vertex   3.652248e+00 1.845000e+02 -1.080299e+01
      vertex   4.285810e+00 1.905000e+02 -1.056765e+01
    endloop
  endfacet
  facet normal -3.758255e-01 3.337962e-03 9.266844e-01
    outer loop
      vertex   4.285810e+00 1.905000e+02 -1.056765e+01
      vertex   3.652248e+00 1.845000e+02 -1.080299e+01
      vertex   4.904317e+00 1.845000e+02 -1.029520e+01
    endloop
  endfacet
  facet normal -4.300628e-01 -3.337962e-03 9.027928e-01
    outer loop
      vertex   4.285810e+00 1.905000e+02 -1.056765e+01
      vertex   4.904317e+00 1.845000e+02 -1.029520e+01
      vertex   5.505598e+00 1.905000e+02 -9.986583e+00
    endloop
  endfacet
  facet normal -4.827895e-01 3.337962e-03 8.757301e-01
    outer loop
      vertex   5.505598e+00 1.905000e+02 -9.986583e+00
      vertex   4.904317e+00 1.845000e+02 -1.029520e+01
      vertex   6.087540e+00 1.845000e+02 -9.642889e+00
    endloop
  endfacet
  facet normal -5.338204e-01 -3.337962e-03 8.455913e-01
    outer loop
      vertex   5.505598e+00 1.905000e+02 -9.986583e+00
      vertex   6.087540e+00 1.845000e+02 -9.642889e+00
      vertex   6.648100e+00 1.905000e+02 -9.265324e+00
    endloop
  endfacet
  facet normal -5.829762e-01 3.337962e-03 8.124824e-01
    outer loop
      vertex   6.648100e+00 1.905000e+02 -9.265324e+00
      vertex   6.087540e+00 1.845000e+02 -9.642889e+00
      vertex   7.185307e+00 1.845000e+02 -8.855214e+00
    endloop
  endfacet
  facet normal -6.300843e-01 -3.337962e-03 7.765195e-01
    outer loop
      vertex   6.648100e+00 1.905000e+02 -9.265324e+00
      vertex   7.185307e+00 1.845000e+02 -8.855214e+00
      vertex   7.697276e+00 1.905000e+02 -8.414000e+00
    endloop
  endfacet
  facet normal -6.749792e-01 3.337962e-03 7.378292e-01
    outer loop
      vertex   7.697276e+00 1.905000e+02 -8.414000e+00
      vertex   7.185307e+00 1.845000e+02 -8.855214e+00
      vertex   8.182209e+00 1.845000e+02 -7.943231e+00
    endloop
  endfacet
  facet normal -7.175033e-01 -3.337962e-03 6.965471e-01
    outer loop
      vertex   7.697276e+00 1.905000e+02 -8.414000e+00
      vertex   8.182209e+00 1.845000e+02 -7.943231e+00
      vertex   8.638400e+00 1.905000e+02 -7.444561e+00
    endloop
  endfacet
  facet normal -7.575070e-01 3.337962e-03 6.528185e-01
    outer loop
      vertex   8.638400e+00 1.905000e+02 -7.444561e+00
      vertex   8.182209e+00 1.845000e+02 -7.943231e+00
      vertex   9.064250e+00 1.845000e+02 -6.919742e+00
    endloop
  endfacet
  facet normal -7.948500e-01 -3.337962e-03 6.067968e-01
    outer loop
      vertex   8.638400e+00 1.905000e+02 -7.444561e+00
      vertex   9.064250e+00 1.845000e+02 -6.919742e+00
      vertex   9.458260e+00 1.905000e+02 -6.370618e+00
    endloop
  endfacet
  facet normal -8.294011e-01 3.337962e-03 5.586437e-01
    outer loop
      vertex   9.458260e+00 1.905000e+02 -6.370618e+00
      vertex   9.064250e+00 1.845000e+02 -6.919742e+00
      vertex   9.819048e+00 1.845000e+02 -5.799116e+00
    endloop
  endfacet
  facet normal -8.610388e-01 -3.337962e-03 5.085283e-01
    outer loop
      vertex   9.458260e+00 1.905000e+02 -6.370618e+00
      vertex   9.819048e+00 1.845000e+02 -5.799116e+00
      vertex   1.014535e+01 1.905000e+02 -5.207244e+00
    endloop
  endfacet
  facet normal -8.896521e-01 3.337962e-03 4.566267e-01
    outer loop
      vertex   1.014535e+01 1.905000e+02 -5.207244e+00
      vertex   9.819048e+00 1.845000e+02 -5.799116e+00
      vertex   1.043601e+01 1.845000e+02 -4.597082e+00
    endloop
  endfacet
  facet normal -9.151405e-01 -3.337962e-03 4.031212e-01
    outer loop
      vertex   1.014535e+01 1.905000e+02 -5.207244e+00
      vertex   1.043601e+01 1.845000e+02 -4.597082e+00
      vertex   1.069001e+01 1.905000e+02 -3.970773e+00
    endloop
  endfacet
  facet normal -9.374144e-01 3.337962e-03 3.481997e-01
    outer loop
      vertex   1.069001e+01 1.905000e+02 -3.970773e+00
      vertex   1.043601e+01 1.845000e+02 -4.597082e+00
      vertex   1.090647e+01 1.845000e+02 -3.330516e+00
    endloop
  endfacet
  facet normal -9.563957e-01 -3.337962e-03 2.920551e-01
    outer loop
      vertex   1.069001e+01 1.905000e+02 -3.970773e+00
      vertex   1.090647e+01 1.845000e+02 -3.330516e+00
      vertex   1.108462e+01 1.905000e+02 -2.678561e+00
    endloop
  endfacet
  facet normal -9.720175e-01 3.337962e-03 2.348847e-01
    outer loop
      vertex   1.108462e+01 1.905000e+02 -2.678561e+00
      vertex   1.090647e+01 1.845000e+02 -3.330516e+00
      vertex   1.122383e+01 1.845000e+02 -2.017197e+00
    endloop
  endfacet
  facet normal -9.842251e-01 -3.337962e-03 1.768893e-01
    outer loop
      vertex   1.108462e+01 1.905000e+02 -2.678561e+00
      vertex   1.122383e+01 1.845000e+02 -2.017197e+00
      vertex   1.132362e+01 1.905000e+02 -1.348747e+00
    endloop
  endfacet
  facet normal -9.929756e-01 3.337962e-03 1.182725e-01
    outer loop
      vertex   1.132362e+01 1.905000e+02 -1.348747e+00
      vertex   1.122383e+01 1.845000e+02 -2.017197e+00
      vertex   1.138363e+01 1.845000e+02 -6.755600e-01
    endloop
  endfacet
  facet normal -9.914449e-01 0.000000e+00 1.305262e-01
    outer loop
      vertex   -9.551111e+00 1.905000e+02 1.061177e+01
      vertex   -9.551111e+00 1.845000e+02 1.061177e+01
      vertex   -9.500000e+00 1.905000e+02 1.100000e+01
    endloop
  endfacet
  facet normal -9.914449e-01 0.000000e+00 1.305262e-01
    outer loop
      vertex   -9.500000e+00 1.905000e+02 1.100000e+01
      vertex   -9.551111e+00 1.845000e+02 1.061177e+01
      vertex   -9.500000e+00 1.845000e+02 1.100000e+01
    endloop
  endfacet
  facet normal -9.914449e-01 -0.000000e+00 -1.305262e-01
    outer loop
      vertex   -9.500000e+00 1.905000e+02 1.100000e+01
      vertex   -9.500000e+00 1.845000e+02 1.100000e+01
      vertex   -9.551111e+00 1.905000e+02 1.138823e+01
    endloop
  endfacet
  facet normal -9.914449e-01 3.864352e-17 -1.305262e-01
    outer loop
      vertex   -9.551111e+00 1.905000e+02 1.138823e+01
      vertex   -9.500000e+00 1.845000e+02 1.100000e+01
      vertex   -9.551111e+00 1.845000e+02 1.138823e+01
    endloop
  endfacet
  facet normal -9.238795e-01 1.132971e-16 -3.826834e-01
    outer loop
      vertex   -9.551111e+00 1.905000e+02 1.138823e+01
      vertex   -9.551111e+00 1.845000e+02 1.138823e+01
      vertex   -9.700962e+00 1.905000e+02 1.175000e+01
    endloop
  endfacet
  facet normal -9.238795e-01 1.132971e-16 -3.826834e-01
    outer loop
      vertex   -9.700962e+00 1.905000e+02 1.175000e+01
      vertex   -9.551111e+00 1.845000e+02 1.138823e+01
      vertex   -9.700962e+00 1.845000e+02 1.175000e+01
    endloop
  endfacet
  facet normal -7.933533e-01 1.802296e-16 -6.087614e-01
    outer loop
      vertex   -9.700962e+00 1.905000e+02 1.175000e+01
      vertex   -9.700962e+00 1.845000e+02 1.175000e+01
      vertex   -9.939340e+00 1.905000e+02 1.206066e+01
    endloop
  endfacet
  facet normal -7.933533e-01 -0.000000e+00 -6.087614e-01
    outer loop
      vertex   -9.939340e+00 1.905000e+02 1.206066e+01
      vertex   -9.700962e+00 1.845000e+02 1.175000e+01
      vertex   -9.939340e+00 1.845000e+02 1.206066e+01
    endloop
  endfacet
  facet normal -6.087614e-01 -0.000000e+00 -7.933533e-01
    outer loop
      vertex   -9.939340e+00 1.905000e+02 1.206066e+01
      vertex   -9.939340e+00 1.845000e+02 1.206066e+01
      vertex   -1.025000e+01 1.905000e+02 1.229904e+01
    endloop
  endfacet
  facet normal -6.087614e-01 2.348798e-16 -7.933533e-01
    outer loop
      vertex   -1.025000e+01 1.905000e+02 1.229904e+01
      vertex   -9.939340e+00 1.845000e+02 1.206066e+01
      vertex   -1.025000e+01 1.845000e+02 1.229904e+01
    endloop
  endfacet
  facet normal -3.826834e-01 2.735233e-16 -9.238795e-01
    outer loop
      vertex   -1.025000e+01 1.905000e+02 1.229904e+01
      vertex   -1.025000e+01 1.845000e+02 1.229904e+01
      vertex   -1.061177e+01 1.905000e+02 1.244889e+01
    endloop
  endfacet
  facet normal -3.826834e-01 -0.000000e+00 -9.238795e-01
    outer loop
      vertex   -1.061177e+01 1.905000e+02 1.244889e+01
      vertex   -1.025000e+01 1.845000e+02 1.229904e+01
      vertex   -1.061177e+01 1.845000e+02 1.244889e+01
    endloop
  endfacet
  facet normal -1.305262e-01 -0.000000e+00 -9.914449e-01
    outer loop
      vertex   -1.061177e+01 1.905000e+02 1.244889e+01
      vertex   -1.061177e+01 1.845000e+02 1.244889e+01
      vertex   -1.100000e+01 1.905000e+02 1.250000e+01
    endloop
  endfacet
  facet normal -1.305262e-01 -0.000000e+00 -9.914449e-01
    outer loop
      vertex   -1.100000e+01 1.905000e+02 1.250000e+01
      vertex   -1.061177e+01 1.845000e+02 1.244889e+01
      vertex   -1.100000e+01 1.845000e+02 1.250000e+01
    endloop
  endfacet
  facet normal 1.305262e-01 0.000000e+00 -9.914449e-01
    outer loop
      vertex   -1.100000e+01 1.905000e+02 1.250000e+01
      vertex   -1.100000e+01 1.845000e+02 1.250000e+01
      vertex   -1.138823e+01 1.905000e+02 1.244889e+01
    endloop
  endfacet
  facet normal 1.305262e-01 3.864352e-17 -9.914449e-01
    outer loop
      vertex   -1.138823e+01 1.905000e+02 1.244889e+01
      vertex   -1.100000e+01 1.845000e+02 1.250000e+01
      vertex   -1.138823e+01 1.845000e+02 1.244889e+01
    endloop
  endfacet
  facet normal 3.826834e-01 1.132971e-16 -9.238795e-01
    outer loop
      vertex   -1.138823e+01 1.905000e+02 1.244889e+01
      vertex   -1.138823e+01 1.845000e+02 1.244889e+01
      vertex   -1.175000e+01 1.905000e+02 1.229904e+01
    endloop
  endfacet
  facet normal 3.826834e-01 1.132971e-16 -9.238795e-01
    outer loop
      vertex   -1.175000e+01 1.905000e+02 1.229904e+01
      vertex   -1.138823e+01 1.845000e+02 1.244889e+01
      vertex   -1.175000e+01 1.845000e+02 1.229904e+01
    endloop
  endfacet
  facet normal 6.087614e-01 1.802296e-16 -7.933533e-01
    outer loop
      vertex   -1.175000e+01 1.905000e+02 1.229904e+01
      vertex   -1.175000e+01 1.845000e+02 1.229904e+01
      vertex   -1.206066e+01 1.905000e+02 1.206066e+01
    endloop
  endfacet
  facet normal 6.087614e-01 0.000000e+00 -7.933533e-01
    outer loop
      vertex   -1.206066e+01 1.905000e+02 1.206066e+01
      vertex   -1.175000e+01 1.845000e+02 1.229904e+01
      vertex   -1.206066e+01 1.845000e+02 1.206066e+01
    endloop
  endfacet
  facet normal 7.933533e-01 0.000000e+00 -6.087614e-01
    outer loop
      vertex   -1.206066e+01 1.905000e+02 1.206066e+01
      vertex   -1.206066e+01 1.845000e+02 1.206066e+01
      vertex   -1.229904e+01 1.905000e+02 1.175000e+01
    endloop
  endfacet
  facet normal 7.933533e-01 0.000000e+00 -6.087614e-01
    outer loop
      vertex   -1.229904e+01 1.905000e+02 1.175000e+01
      vertex   -1.206066e+01 1.845000e+02 1.206066e+01
      vertex   -1.229904e+01 1.845000e+02 1.175000e+01
    endloop
  endfacet
  facet normal 9.238795e-01 0.000000e+00 -3.826834e-01
    outer loop
      vertex   -1.229904e+01 1.905000e+02 1.175000e+01
      vertex   -1.229904e+01 1.845000e+02 1.175000e+01
      vertex   -1.244889e+01 1.905000e+02 1.138823e+01
    endloop
  endfacet
  facet normal 9.238795e-01 0.000000e+00 -3.826834e-01
    outer loop
      vertex   -1.244889e+01 1.905000e+02 1.138823e+01
      vertex   -1.229904e+01 1.845000e+02 1.175000e+01
      vertex   -1.244889e+01 1.845000e+02 1.138823e+01
    endloop
  endfacet
  facet normal 9.914449e-01 0.000000e+00 -1.305262e-01
    outer loop
      vertex   -1.244889e+01 1.905000e+02 1.138823e+01
      vertex   -1.244889e+01 1.845000e+02 1.138823e+01
      vertex   -1.250000e+01 1.905000e+02 1.100000e+01
    endloop
  endfacet
  facet normal 9.914449e-01 0.000000e+00 -1.305262e-01
    outer loop
      vertex   -1.250000e+01 1.905000e+02 1.100000e+01
      vertex   -1.244889e+01 1.845000e+02 1.138823e+01
      vertex   -1.250000e+01 1.845000e+02 1.100000e+01
    endloop
  endfacet
  facet normal 9.914449e-01 0.000000e+00 1.305262e-01
    outer loop
      vertex   -1.250000e+01 1.905000e+02 1.100000e+01
      vertex   -1.250000e+01 1.845000e+02 1.100000e+01
      vertex   -1.244889e+01 1.905000e+02 1.061177e+01
    endloop
  endfacet
  facet normal 9.914449e-01 -3.864352e-17 1.305262e-01
    outer loop
      vertex   -1.244889e+01 1.905000e+02 1.061177e+01
      vertex   -1.250000e+01 1.845000e+02 1.100000e+01
      vertex   -1.244889e+01 1.845000e+02 1.061177e+01
    endloop
  endfacet
  facet normal 9.238795e-01 -1.132971e-16 3.826834e-01
    outer loop
      vertex   -1.244889e+01 1.905000e+02 1.061177e+01
      vertex   -1.244889e+01 1.845000e+02 1.061177e+01
      vertex   -1.229904e+01 1.905000e+02 1.025000e+01
    endloop
  endfacet
  facet normal 9.238795e-01 0.000000e+00 3.826834e-01
    outer loop
      vertex   -1.229904e+01 1.905000e+02 1.025000e+01
      vertex   -1.244889e+01 1.845000e+02 1.061177e+01
      vertex   -1.229904e+01 1.845000e+02 1.025000e+01
    endloop
  endfacet
  facet normal 7.933533e-01 0.000000e+00 6.087614e-01
    outer loop
      vertex   -1.229904e+01 1.905000e+02 1.025000e+01
      vertex   -1.229904e+01 1.845000e+02 1.025000e+01
      vertex   -1.206066e+01 1.905000e+02 9.939340e+00
    endloop
  endfacet
  facet normal 7.933533e-01 0.000000e+00 6.087614e-01
    outer loop
      vertex   -1.206066e+01 1.905000e+02 9.939340e+00
      vertex   -1.229904e+01 1.845000e+02 1.025000e+01
      vertex   -1.206066e+01 1.845000e+02 9.939340e+00
    endloop
  endfacet
  facet normal 6.087614e-01 0.000000e+00 7.933533e-01
    outer loop
      vertex   -1.206066e+01 1.905000e+02 9.939340e+00
      vertex   -1.206066e+01 1.845000e+02 9.939340e+00
      vertex   -1.175000e+01 1.905000e+02 9.700962e+00
    endloop
  endfacet
  facet normal 6.087614e-01 0.000000e+00 7.933533e-01
    outer loop
      vertex   -1.175000e+01 1.905000e+02 9.700962e+00
      vertex   -1.206066e+01 1.845000e+02 9.939340e+00
      vertex   -1.175000e+01 1.845000e+02 9.700962e+00
    endloop
  endfacet
  facet normal 3.826834e-01 0.000000e+00 9.238795e-01
    outer loop
      vertex   -1.175000e+01 1.905000e+02 9.700962e+00
      vertex   -1.175000e+01 1.845000e+02 9.700962e+00
      vertex   -1.138823e+01 1.905000e+02 9.551111e+00
    endloop
  endfacet
  facet normal 3.826834e-01 0.000000e+00 9.238795e-01
    outer loop
      vertex   -1.138823e+01 1.905000e+02 9.551111e+00
      vertex   -1.175000e+01 1.845000e+02 9.700962e+00
      vertex   -1.138823e+01 1.845000e+02 9.551111e+00
    endloop
  endfacet
  facet normal 1.305262e-01 0.000000e+00 9.914449e-01
    outer loop
      vertex   -1.138823e+01 1.905000e+02 9.551111e+00
      vertex   -1.138823e+01 1.845000e+02 9.551111e+00
      vertex   -1.100000e+01 1.905000e+02 9.500000e+00
    endloop
  endfacet
  facet normal 1.305262e-01 0.000000e+00 9.914449e-01
    outer loop
      vertex   -1.100000e+01 1.905000e+02 9.500000e+00
      vertex   -1.138823e+01 1.845000e+02 9.551111e+00
      vertex   -1.100000e+01 1.845000e+02 9.500000e+00
    endloop
  endfacet
  facet normal -1.305262e-01 0.000000e+00 9.914449e-01
    outer loop
      vertex   -1.100000e+01 1.905000e+02 9.500000e+00
      vertex   -1.100000e+01 1.845000e+02 9.500000e+00
      vertex   -1.061177e+01 1.905000e+02 9.551111e+00
    endloop
  endfacet
  facet normal -1.305262e-01 0.000000e+00 9.914449e-01
    outer loop
      vertex   -1.061177e+01 1.905000e+02 9.551111e+00
      vertex   -1.100000e+01 1.845000e+02 9.500000e+00
      vertex   -1.061177e+01 1.845000e+02 9.551111e+00
    endloop
  endfacet
  facet normal -3.826834e-01 0.000000e+00 9.238795e-01
    outer loop
      vertex   -1.061177e+01 1.905000e+02 9.551111e+00
      vertex   -1.061177e+01 1.845000e+02 9.551111e+00
      vertex   -1.025000e+01 1.905000e+02 9.700962e+00
    endloop
  endfacet
  facet normal -3.826834e-01 -1.132971e-16 9.238795e-01
    outer loop
      vertex   -1.025000e+01 1.905000e+02 9.700962e+00
      vertex   -1.061177e+01 1.845000e+02 9.551111e+00
      vertex   -1.025000e+01 1.845000e+02 9.700962e+00
    endloop
  endfacet
  facet normal -6.087614e-01 -1.802296e-16 7.933533e-01
    outer loop
      vertex   -1.025000e+01 1.905000e+02 9.700962e+00
      vertex   -1.025000e+01 1.845000e+02 9.700962e+00
      vertex   -9.939340e+00 1.905000e+02 9.939340e+00
    endloop
  endfacet
  facet normal -6.087614e-01 0.000000e+00 7.933533e-01
    outer loop
      vertex   -9.939340e+00 1.905000e+02 9.939340e+00
      vertex   -1.025000e+01 1.845000e+02 9.700962e+00
      vertex   -9.939340e+00 1.845000e+02 9.939340e+00
    endloop
  endfacet
  facet normal -7.933533e-01 0.000000e+00 6.087614e-01
    outer loop
      vertex   -9.939340e+00 1.905000e+02 9.939340e+00
      vertex   -9.939340e+00 1.845000e+02 9.939340e+00
      vertex   -9.700962e+00 1.905000e+02 1.025000e+01
    endloop
  endfacet
  facet normal -7.933533e-01 0.000000e+00 6.087614e-01
    outer loop
      vertex   -9.700962e+00 1.905000e+02 1.025000e+01
      vertex   -9.939340e+00 1.845000e+02 9.939340e+00
      vertex   -9.700962e+00 1.845000e+02 1.025000e+01
    endloop
  endfacet
  facet normal -9.238795e-01 0.000000e+00 3.826834e-01
    outer loop
      vertex   -9.700962e+00 1.905000e+02 1.025000e+01
      vertex   -9.700962e+00 1.845000e+02 1.025000e+01
      vertex   -9.551111e+00 1.905000e+02 1.061177e+01
    endloop
  endfacet
  facet normal -9.238795e-01 0.000000e+00 3.826834e-01
    outer loop
      vertex   -9.551111e+00 1.905000e+02 1.061177e+01
      vertex   -9.700962e+00 1.845000e+02 1.025000e+01
      vertex   -9.551111e+00 1.845000e+02 1.061177e+01
    endloop
  endfacet
  facet normal -9.914449e-01 0.000000e+00 1.305262e-01
    outer loop
      vertex   1.244889e+01 1.905000e+02 -1.138823e+01
      vertex   1.244889e+01 1.845000e+02 -1.138823e+01
      vertex   1.250000e+01 1.905000e+02 -1.100000e+01
    endloop
  endfacet
  facet normal -9.914449e-01 0.000000e+00 1.305262e-01
    outer loop
      vertex   1.250000e+01 1.905000e+02 -1.100000e+01
      vertex   1.244889e+01 1.845000e+02 -1.138823e+01
      vertex   1.250000e+01 1.845000e+02 -1.100000e+01
    endloop
  endfacet
  facet normal -9.914449e-01 -0.000000e+00 -1.305262e-01
    outer loop
      vertex   1.250000e+01 1.905000e+02 -1.100000e+01
      vertex   1.250000e+01 1.845000e+02 -1.100000e+01
      vertex   1.244889e+01 1.905000e+02 -1.061177e+01
    endloop
  endfacet
  facet normal -9.914449e-01 -0.000000e+00 -1.305262e-01
    outer loop
      vertex   1.244889e+01 1.905000e+02 -1.061177e+01
      vertex   1.250000e+01 1.845000e+02 -1.100000e+01
      vertex   1.244889e+01 1.845000e+02 -1.061177e+01
    endloop
  endfacet
  facet normal -9.238795e-01 -0.000000e+00 -3.826834e-01
    outer loop
      vertex   1.244889e+01 1.905000e+02 -1.061177e+01
      vertex   1.244889e+01 1.845000e+02 -1.061177e+01
      vertex   1.229904e+01 1.905000e+02 -1.025000e+01
    endloop
  endfacet
  facet normal -9.238795e-01 -0.000000e+00 -3.826834e-01
    outer loop
      vertex   1.229904e+01 1.905000e+02 -1.025000e+01
      vertex   1.244889e+01 1.845000e+02 -1.061177e+01
      vertex   1.229904e+01 1.845000e+02 -1.025000e+01
    endloop
  endfacet
  facet normal -7.933533e-01 -0.000000e+00 -6.087614e-01
    outer loop
      vertex   1.229904e+01 1.905000e+02 -1.025000e+01
      vertex   1.229904e+01 1.845000e+02 -1.025000e+01
      vertex   1.206066e+01 1.905000e+02 -9.939340e+00
    endloop
  endfacet
  facet normal -7.933533e-01 -0.000000e+00 -6.087614e-01
    outer loop
      vertex   1.206066e+01 1.905000e+02 -9.939340e+00
      vertex   1.229904e+01 1.845000e+02 -1.025000e+01
      vertex   1.206066e+01 1.845000e+02 -9.939340e+00
    endloop
  endfacet
  facet normal -6.087614e-01 -0.000000e+00 -7.933533e-01
    outer loop
      vertex   1.206066e+01 1.905000e+02 -9.939340e+00
      vertex   1.206066e+01 1.845000e+02 -9.939340e+00
      vertex   1.175000e+01 1.905000e+02 -9.700962e+00
    endloop
  endfacet
  facet normal -6.087614e-01 -3.604592e-16 -7.933533e-01
    outer loop
      vertex   1.175000e+01 1.905000e+02 -9.700962e+00
      vertex   1.206066e+01 1.845000e+02 -9.939340e+00
      vertex   1.175000e+01 1.845000e+02 -9.700962e+00
    endloop
  endfacet
  facet normal -3.826834e-01 -2.265941e-16 -9.238795e-01
    outer loop
      vertex   1.175000e+01 1.905000e+02 -9.700962e+00
      vertex   1.175000e+01 1.845000e+02 -9.700962e+00
      vertex   1.138823e+01 1.905000e+02 -9.551111e+00
    endloop
  endfacet
  facet normal -3.826834e-01 -0.000000e+00 -9.238795e-01
    outer loop
      vertex   1.138823e+01 1.905000e+02 -9.551111e+00
      vertex   1.175000e+01 1.845000e+02 -9.700962e+00
      vertex   1.138823e+01 1.845000e+02 -9.551111e+00
    endloop
  endfacet
  facet normal -1.305262e-01 -0.000000e+00 -9.914449e-01
    outer loop
      vertex   1.138823e+01 1.905000e+02 -9.551111e+00
      vertex   1.138823e+01 1.845000e+02 -9.551111e+00
      vertex   1.100000e+01 1.905000e+02 -9.500000e+00
    endloop
  endfacet
  facet normal -1.305262e-01 -0.000000e+00 -9.914449e-01
    outer loop
      vertex   1.100000e+01 1.905000e+02 -9.500000e+00
      vertex   1.138823e+01 1.845000e+02 -9.551111e+00
      vertex   1.100000e+01 1.845000e+02 -9.500000e+00
    endloop
  endfacet
  facet normal 1.305262e-01 0.000000e+00 -9.914449e-01
    outer loop
      vertex   1.100000e+01 1.905000e+02 -9.500000e+00
      vertex   1.100000e+01 1.845000e+02 -9.500000e+00
      vertex   1.061177e+01 1.905000e+02 -9.551111e+00
    endloop
  endfacet
  facet normal 1.305262e-01 0.000000e+00 -9.914449e-01
    outer loop
      vertex   1.061177e+01 1.905000e+02 -9.551111e+00
      vertex   1.100000e+01 1.845000e+02 -9.500000e+00
      vertex   1.061177e+01 1.845000e+02 -9.551111e+00
    endloop
  endfacet
  facet normal 3.826834e-01 0.000000e+00 -9.238795e-01
    outer loop
      vertex   1.061177e+01 1.905000e+02 -9.551111e+00
      vertex   1.061177e+01 1.845000e+02 -9.551111e+00
      vertex   1.025000e+01 1.905000e+02 -9.700962e+00
    endloop
  endfacet
  facet normal 3.826834e-01 -2.735233e-16 -9.238795e-01
    outer loop
      vertex   1.025000e+01 1.905000e+02 -9.700962e+00
      vertex   1.061177e+01 1.845000e+02 -9.551111e+00
      vertex   1.025000e+01 1.845000e+02 -9.700962e+00
    endloop
  endfacet
  facet normal 6.087614e-01 -2.348798e-16 -7.933533e-01
    outer loop
      vertex   1.025000e+01 1.905000e+02 -9.700962e+00
      vertex   1.025000e+01 1.845000e+02 -9.700962e+00
      vertex   9.939340e+00 1.905000e+02 -9.939340e+00
    endloop
  endfacet
  facet normal 6.087614e-01 0.000000e+00 -7.933533e-01
    outer loop
      vertex   9.939340e+00 1.905000e+02 -9.939340e+00
      vertex   1.025000e+01 1.845000e+02 -9.700962e+00
      vertex   9.939340e+00 1.845000e+02 -9.939340e+00
    endloop
  endfacet
  facet normal 7.933533e-01 0.000000e+00 -6.087614e-01
    outer loop
      vertex   9.939340e+00 1.905000e+02 -9.939340e+00
      vertex   9.939340e+00 1.845000e+02 -9.939340e+00
      vertex   9.700962e+00 1.905000e+02 -1.025000e+01
    endloop
  endfacet
  facet normal 7.933533e-01 0.000000e+00 -6.087614e-01
    outer loop
      vertex   9.700962e+00 1.905000e+02 -1.025000e+01
      vertex   9.939340e+00 1.845000e+02 -9.939340e+00
      vertex   9.700962e+00 1.845000e+02 -1.025000e+01
    endloop
  endfacet
  facet normal 9.238795e-01 0.000000e+00 -3.826834e-01
    outer loop
      vertex   9.700962e+00 1.905000e+02 -1.025000e+01
      vertex   9.700962e+00 1.845000e+02 -1.025000e+01
      vertex   9.551111e+00 1.905000e+02 -1.061177e+01
    endloop
  endfacet
  facet normal 9.238795e-01 0.000000e+00 -3.826834e-01
    outer loop
      vertex   9.551111e+00 1.905000e+02 -1.061177e+01
      vertex   9.700962e+00 1.845000e+02 -1.025000e+01
      vertex   9.551111e+00 1.845000e+02 -1.061177e+01
    endloop
  endfacet
  facet normal 9.914449e-01 0.000000e+00 -1.305262e-01
    outer loop
      vertex   9.551111e+00 1.905000e+02 -1.061177e+01
      vertex   9.551111e+00 1.845000e+02 -1.061177e+01
      vertex   9.500000e+00 1.905000e+02 -1.100000e+01
    endloop
  endfacet
  facet normal 9.914449e-01 0.000000e+00 -1.305262e-01
    outer loop
      vertex   9.500000e+00 1.905000e+02 -1.100000e+01
      vertex   9.551111e+00 1.845000e+02 -1.061177e+01
      vertex   9.500000e+00 1.845000e+02 -1.100000e+01
    endloop
  endfacet
  facet normal 9.914449e-01 0.000000e+00 1.305262e-01
    outer loop
      vertex   9.500000e+00 1.905000e+02 -1.100000e+01
      vertex   9.500000e+00 1.845000e+02 -1.100000e+01
      vertex   9.551111e+00 1.905000e+02 -1.138823e+01
    endloop
  endfacet
  facet normal 9.914449e-01 0.000000e+00 1.305262e-01
    outer loop
      vertex   9.551111e+00 1.905000e+02 -1.138823e+01
      vertex   9.500000e+00 1.845000e+02 -1.100000e+01
      vertex   9.551111e+00 1.845000e+02 -1.138823e+01
    endloop
  endfacet
  facet normal 9.238795e-01 0.000000e+00 3.826834e-01
    outer loop
      vertex   9.551111e+00 1.905000e+02 -1.138823e+01
      vertex   9.551111e+00 1.845000e+02 -1.138823e+01
      vertex   9.700962e+00 1.905000e+02 -1.175000e+01
    endloop
  endfacet
  facet normal 9.238795e-01 0.000000e+00 3.826834e-01
    outer loop
      vertex   9.700962e+00 1.905000e+02 -1.175000e+01
      vertex   9.551111e+00 1.845000e+02 -1.138823e+01
      vertex   9.700962e+00 1.845000e+02 -1.175000e+01
    endloop
  endfacet
  facet normal 7.933533e-01 0.000000e+00 6.087614e-01
    outer loop
      vertex   9.700962e+00 1.905000e+02 -1.175000e+01
      vertex   9.700962e+00 1.845000e+02 -1.175000e+01
      vertex   9.939340e+00 1.905000e+02 -1.206066e+01
    endloop
  endfacet
  facet normal 7.933533e-01 0.000000e+00 6.087614e-01
    outer loop
      vertex   9.939340e+00 1.905000e+02 -1.206066e+01
      vertex   9.700962e+00 1.845000e+02 -1.175000e+01
      vertex   9.939340e+00 1.845000e+02 -1.206066e+01
    endloop
  endfacet
  facet normal 6.087614e-01 0.000000e+00 7.933533e-01
    outer loop
      vertex   9.939340e+00 1.905000e+02 -1.206066e+01
      vertex   9.939340e+00 1.845000e+02 -1.206066e+01
      vertex   1.025000e+01 1.905000e+02 -1.229904e+01
    endloop
  endfacet
  facet normal 6.087614e-01 0.000000e+00 7.933533e-01
    outer loop
      vertex   1.025000e+01 1.905000e+02 -1.229904e+01
      vertex   9.939340e+00 1.845000e+02 -1.206066e+01
      vertex   1.025000e+01 1.845000e+02 -1.229904e+01
    endloop
  endfacet
  facet normal 3.826834e-01 0.000000e+00 9.238795e-01
    outer loop
      vertex   1.025000e+01 1.905000e+02 -1.229904e+01
      vertex   1.025000e+01 1.845000e+02 -1.229904e+01
      vertex   1.061177e+01 1.905000e+02 -1.244889e+01
    endloop
  endfacet
  facet normal 3.826834e-01 0.000000e+00 9.238795e-01
    outer loop
      vertex   1.061177e+01 1.905000e+02 -1.244889e+01
      vertex   1.025000e+01 1.845000e+02 -1.229904e+01
      vertex   1.061177e+01 1.845000e+02 -1.244889e+01
    endloop
  endfacet
  facet normal 1.305262e-01 0.000000e+00 9.914449e-01
    outer loop
      vertex   1.061177e+01 1.905000e+02 -1.244889e+01
      vertex   1.061177e+01 1.845000e+02 -1.244889e+01
      vertex   1.100000e+01 1.905000e+02 -1.250000e+01
    endloop
  endfacet
  facet normal 1.305262e-01 0.000000e+00 9.914449e-01
    outer loop
      vertex   1.100000e+01 1.905000e+02 -1.250000e+01
      vertex   1.061177e+01 1.845000e+02 -1.244889e+01
      vertex   1.100000e+01 1.845000e+02 -1.250000e+01
    endloop
  endfacet
  facet normal -1.305262e-01 0.000000e+00 9.914449e-01
    outer loop
      vertex   1.100000e+01 1.905000e+02 -1.250000e+01
      vertex   1.100000e+01 1.845000e+02 -1.250000e+01
      vertex   1.138823e+01 1.905000e+02 -1.244889e+01
    endloop
  endfacet
  facet normal -1.305262e-01 0.000000e+00 9.914449e-01
    outer loop
      vertex   1.138823e+01 1.905000e+02 -1.244889e+01
      vertex   1.100000e+01 1.845000e+02 -1.250000e+01
      vertex   1.138823e+01 1.845000e+02 -1.244889e+01
    endloop
  endfacet
  facet normal -3.826834e-01 0.000000e+00 9.238795e-01
    outer loop
      vertex   1.138823e+01 1.905000e+02 -1.244889e+01
      vertex   1.138823e+01 1.845000e+02 -1.244889e+01
      vertex   1.175000e+01 1.905000e+02 -1.229904e+01
    endloop
  endfacet
  facet normal -3.826834e-01 0.000000e+00 9.238795e-01
    outer loop
      vertex   1.175000e+01 1.905000e+02 -1.229904e+01
      vertex   1.138823e+01 1.845000e+02 -1.244889e+01
      vertex   1.175000e+01 1.845000e+02 -1.229904e+01
    endloop
  endfacet
  facet normal -6.087614e-01 0.000000e+00 7.933533e-01
    outer loop
      vertex   1.175000e+01 1.905000e+02 -1.229904e+01
      vertex   1.175000e+01 1.845000e+02 -1.229904e+01
      vertex   1.206066e+01 1.905000e+02 -1.206066e+01
    endloop
  endfacet
  facet normal -6.087614e-01 2.348798e-16 7.933533e-01
    outer loop
      vertex   1.206066e+01 1.905000e+02 -1.206066e+01
      vertex   1.175000e+01 1.845000e+02 -1.229904e+01
      vertex   1.206066e+01 1.845000e+02 -1.206066e+01
    endloop
  endfacet
  facet normal -7.933533e-01 1.802296e-16 6.087614e-01
    outer loop
      vertex   1.206066e+01 1.905000e+02 -1.206066e+01
      vertex   1.206066e+01 1.845000e+02 -1.206066e+01
      vertex   1.229904e+01 1.905000e+02 -1.175000e+01
    endloop
  endfacet
  facet normal -7.933533e-01 0.000000e+00 6.087614e-01
    outer loop
      vertex   1.229904e+01 1.905000e+02 -1.175000e+01
      vertex   1.206066e+01 1.845000e+02 -1.206066e+01
      vertex   1.229904e+01 1.845000e+02 -1.175000e+01
    endloop
  endfacet
  facet normal -9.238795e-01 0.000000e+00 3.826834e-01
    outer loop
      vertex   1.229904e+01 1.905000e+02 -1.175000e+01
      vertex   1.229904e+01 1.845000e+02 -1.175000e+01
      vertex   1.244889e+01 1.905000e+02 -1.138823e+01
    endloop
  endfacet
  facet normal -9.238795e-01 0.000000e+00 3.826834e-01
    outer loop
      vertex   1.244889e+01 1.905000e+02 -1.138823e+01
      vertex   1.229904e+01 1.845000e+02 -1.175000e+01
      vertex   1.244889e+01 1.845000e+02 -1.138823e+01
    endloop
  endfacet
  facet normal -9.914449e-01 0.000000e+00 1.305262e-01
    outer loop
      vertex   -9.551111e+00 1.905000e+02 -1.138823e+01
      vertex   -9.551111e+00 1.845000e+02 -1.138823e+01
      vertex   -9.500000e+00 1.905000e+02 -1.100000e+01
    endloop
  endfacet
  facet normal -9.914449e-01 0.000000e+00 1.305262e-01
    outer loop
      vertex   -9.500000e+00 1.905000e+02 -1.100000e+01
      vertex   -9.551111e+00 1.845000e+02 -1.138823e+01
      vertex   -9.500000e+00 1.845000e+02 -1.100000e+01
    endloop
  endfacet
  facet normal -9.914449e-01 -0.000000e+00 -1.305262e-01
    outer loop
      vertex   -9.500000e+00 1.905000e+02 -1.100000e+01
      vertex   -9.500000e+00 1.845000e+02 -1.100000e+01
      vertex   -9.551111e+00 1.905000e+02 -1.061177e+01
    endloop
  endfacet
  facet normal -9.914449e-01 3.864352e-17 -1.305262e-01
    outer loop
      vertex   -9.551111e+00 1.905000e+02 -1.061177e+01
      vertex   -9.500000e+00 1.845000e+02 -1.100000e+01
      vertex   -9.551111e+00 1.845000e+02 -1.061177e+01
    endloop
  endfacet
  facet normal -9.238795e-01 1.132971e-16 -3.826834e-01
    outer loop
      vertex   -9.551111e+00 1.905000e+02 -1.061177e+01
      vertex   -9.551111e+00 1.845000e+02 -1.061177e+01
      vertex   -9.700962e+00 1.905000e+02 -1.025000e+01
    endloop
  endfacet
  facet normal -9.238795e-01 1.132971e-16 -3.826834e-01
    outer loop
      vertex   -9.700962e+00 1.905000e+02 -1.025000e+01
      vertex   -9.551111e+00 1.845000e+02 -1.061177e+01
      vertex   -9.700962e+00 1.845000e+02 -1.025000e+01
    endloop
  endfacet
  facet normal -7.933533e-01 1.802296e-16 -6.087614e-01
    outer loop
      vertex   -9.700962e+00 1.905000e+02 -1.025000e+01
      vertex   -9.700962e+00 1.845000e+02 -1.025000e+01
      vertex   -9.939340e+00 1.905000e+02 -9.939340e+00
    endloop
  endfacet
  facet normal -7.933533e-01 -0.000000e+00 -6.087614e-01
    outer loop
      vertex   -9.939340e+00 1.905000e+02 -9.939340e+00
      vertex   -9.700962e+00 1.845000e+02 -1.025000e+01
      vertex   -9.939340e+00 1.845000e+02 -9.939340e+00
    endloop
  endfacet
  facet normal -6.087614e-01 -0.000000e+00 -7.933533e-01
    outer loop
      vertex   -9.939340e+00 1.905000e+02 -9.939340e+00
      vertex   -9.939340e+00 1.845000e+02 -9.939340e+00
      vertex   -1.025000e+01 1.905000e+02 -9.700962e+00
    endloop
  endfacet
  facet normal -6.087614e-01 -0.000000e+00 -7.933533e-01
    outer loop
      vertex   -1.025000e+01 1.905000e+02 -9.700962e+00
      vertex   -9.939340e+00 1.845000e+02 -9.939340e+00
      vertex   -1.025000e+01 1.845000e+02 -9.700962e+00
    endloop
  endfacet
  facet normal -3.826834e-01 -0.000000e+00 -9.238795e-01
    outer loop
      vertex   -1.025000e+01 1.905000e+02 -9.700962e+00
      vertex   -1.025000e+01 1.845000e+02 -9.700962e+00
      vertex   -1.061177e+01 1.905000e+02 -9.551111e+00
    endloop
  endfacet
  facet normal -3.826834e-01 -0.000000e+00 -9.238795e-01
    outer loop
      vertex   -1.061177e+01 1.905000e+02 -9.551111e+00
      vertex   -1.025000e+01 1.845000e+02 -9.700962e+00
      vertex   -1.061177e+01 1.845000e+02 -9.551111e+00
    endloop
  endfacet
  facet normal -1.305262e-01 -0.000000e+00 -9.914449e-01
    outer loop
      vertex   -1.061177e+01 1.905000e+02 -9.551111e+00
      vertex   -1.061177e+01 1.845000e+02 -9.551111e+00
      vertex   -1.100000e+01 1.905000e+02 -9.500000e+00
    endloop
  endfacet
  facet normal -1.305262e-01 -0.000000e+00 -9.914449e-01
    outer loop
      vertex   -1.100000e+01 1.905000e+02 -9.500000e+00
      vertex   -1.061177e+01 1.845000e+02 -9.551111e+00
      vertex   -1.100000e+01 1.845000e+02 -9.500000e+00
    endloop
  endfacet
  facet normal 1.305262e-01 0.000000e+00 -9.914449e-01
    outer loop
      vertex   -1.100000e+01 1.905000e+02 -9.500000e+00
      vertex   -1.100000e+01 1.845000e+02 -9.500000e+00
      vertex   -1.138823e+01 1.905000e+02 -9.551111e+00
    endloop
  endfacet
  facet normal 1.305262e-01 3.864352e-17 -9.914449e-01
    outer loop
      vertex   -1.138823e+01 1.905000e+02 -9.551111e+00
      vertex   -1.100000e+01 1.845000e+02 -9.500000e+00
      vertex   -1.138823e+01 1.845000e+02 -9.551111e+00
    endloop
  endfacet
  facet normal 3.826834e-01 1.132971e-16 -9.238795e-01
    outer loop
      vertex   -1.138823e+01 1.905000e+02 -9.551111e+00
      vertex   -1.138823e+01 1.845000e+02 -9.551111e+00
      vertex   -1.175000e+01 1.905000e+02 -9.700962e+00
    endloop
  endfacet
  facet normal 3.826834e-01 1.132971e-16 -9.238795e-01
    outer loop
      vertex   -1.175000e+01 1.905000e+02 -9.700962e+00
      vertex   -1.138823e+01 1.845000e+02 -9.551111e+00
      vertex   -1.175000e+01 1.845000e+02 -9.700962e+00
    endloop
  endfacet
  facet normal 6.087614e-01 1.802296e-16 -7.933533e-01
    outer loop
      vertex   -1.175000e+01 1.905000e+02 -9.700962e+00
      vertex   -1.175000e+01 1.845000e+02 -9.700962e+00
      vertex   -1.206066e+01 1.905000e+02 -9.939340e+00
    endloop
  endfacet
  facet normal 6.087614e-01 0.000000e+00 -7.933533e-01
    outer loop
      vertex   -1.206066e+01 1.905000e+02 -9.939340e+00
      vertex   -1.175000e+01 1.845000e+02 -9.700962e+00
      vertex   -1.206066e+01 1.845000e+02 -9.939340e+00
    endloop
  endfacet
  facet normal 7.933533e-01 0.000000e+00 -6.087614e-01
    outer loop
      vertex   -1.206066e+01 1.905000e+02 -9.939340e+00
      vertex   -1.206066e+01 1.845000e+02 -9.939340e+00
      vertex   -1.229904e+01 1.905000e+02 -1.025000e+01
    endloop
  endfacet
  facet normal 7.933533e-01 0.000000e+00 -6.087614e-01
    outer loop
      vertex   -1.229904e+01 1.905000e+02 -1.025000e+01
      vertex   -1.206066e+01 1.845000e+02 -9.939340e+00
      vertex   -1.229904e+01 1.845000e+02 -1.025000e+01
    endloop
  endfacet
  facet normal 9.238795e-01 0.000000e+00 -3.826834e-01
    outer loop
      vertex   -1.229904e+01 1.905000e+02 -1.025000e+01
      vertex   -1.229904e+01 1.845000e+02 -1.025000e+01
      vertex   -1.244889e+01 1.905000e+02 -1.061177e+01
    endloop
  endfacet
  facet normal 9.238795e-01 0.000000e+00 -3.826834e-01
    outer loop
      vertex   -1.244889e+01 1.905000e+02 -1.061177e+01
      vertex   -1.229904e+01 1.845000e+02 -1.025000e+01
      vertex   -1.244889e+01 1.845000e+02 -1.061177e+01
    endloop
  endfacet
  facet normal 9.914449e-01 0.000000e+00 -1.305262e-01
    outer loop
      vertex   -1.244889e+01 1.905000e+02 -1.061177e+01
      vertex   -1.244889e+01 1.845000e+02 -1.061177e+01
      vertex   -1.250000e+01 1.905000e+02 -1.100000e+01
    endloop
  endfacet
  facet normal 9.914449e-01 0.000000e+00 -1.305262e-01
    outer loop
      vertex   -1.250000e+01 1.905000e+02 -1.100000e+01
      vertex   -1.244889e+01 1.845000e+02 -1.061177e+01
      vertex   -1.250000e+01 1.845000e+02 -1.100000e+01
    endloop
  endfacet
  facet normal 9.914449e-01 0.000000e+00 1.305262e-01
    outer loop
      vertex   -1.250000e+01 1.905000e+02 -1.100000e+01
      vertex   -1.250000e+01 1.845000e+02 -1.100000e+01
      vertex   -1.244889e+01 1.905000e+02 -1.138823e+01
    endloop
  endfacet
  facet normal 9.914449e-01 -3.864352e-17 1.305262e-01
    outer loop
      vertex   -1.244889e+01 1.905000e+02 -1.138823e+01
      vertex   -1.250000e+01 1.845000e+02 -1.100000e+01
      vertex   -1.244889e+01 1.845000e+02 -1.138823e+01
    endloop
  endfacet
  facet normal 9.238795e-01 -1.132971e-16 3.826834e-01
    outer loop
      vertex   -1.244889e+01 1.905000e+02 -1.138823e+01
      vertex   -1.244889e+01 1.845000e+02 -1.138823e+01
      vertex   -1.229904e+01 1.905000e+02 -1.175000e+01
    endloop
  endfacet
  facet normal 9.238795e-01 0.000000e+00 3.826834e-01
    outer loop
      vertex   -1.229904e+01 1.905000e+02 -1.175000e+01
      vertex   -1.244889e+01 1.845000e+02 -1.138823e+01
      vertex   -1.229904e+01 1.845000e+02 -1.175000e+01
    endloop
  endfacet
  facet normal 7.933533e-01 0.000000e+00 6.087614e-01
    outer loop
      vertex   -1.229904e+01 1.905000e+02 -1.175000e+01
      vertex   -1.229904e+01 1.845000e+02 -1.175000e+01
      vertex   -1.206066e+01 1.905000e+02 -1.206066e+01
    endloop
  endfacet
  facet normal 7.933533e-01 0.000000e+00 6.087614e-01
    outer loop
      vertex   -1.206066e+01 1.905000e+02 -1.206066e+01
      vertex   -1.229904e+01 1.845000e+02 -1.175000e+01
      vertex   -1.206066e+01 1.845000e+02 -1.206066e+01
    endloop
  endfacet
  facet normal 6.087614e-01 0.000000e+00 7.933533e-01
    outer loop
      vertex   -1.206066e+01 1.905000e+02 -1.206066e+01
      vertex   -1.206066e+01 1.845000e+02 -1.206066e+01
      vertex   -1.175000e+01 1.905000e+02 -1.229904e+01
    endloop
  endfacet
  facet normal 6.087614e-01 -2.348798e-16 7.933533e-01
    outer loop
      vertex   -1.175000e+01 1.905000e+02 -1.229904e+01
      vertex   -1.206066e+01 1.845000e+02 -1.206066e+01
      vertex   -1.175000e+01 1.845000e+02 -1.229904e+01
    endloop
  endfacet
  facet normal 3.826834e-01 -2.735233e-16 9.238795e-01
    outer loop
      vertex   -1.175000e+01 1.905000e+02 -1.229904e+01
      vertex   -1.175000e+01 1.845000e+02 -1.229904e+01
      vertex   -1.138823e+01 1.905000e+02 -1.244889e+01
    endloop
  endfacet
  facet normal 3.826834e-01 0.000000e+00 9.238795e-01
    outer loop
      vertex   -1.138823e+01 1.905000e+02 -1.244889e+01
      vertex   -1.175000e+01 1.845000e+02 -1.229904e+01
      vertex   -1.138823e+01 1.845000e+02 -1.244889e+01
    endloop
  endfacet
  facet normal 1.305262e-01 0.000000e+00 9.914449e-01
    outer loop
      vertex   -1.138823e+01 1.905000e+02 -1.244889e+01
      vertex   -1.138823e+01 1.845000e+02 -1.244889e+01
      vertex   -1.100000e+01 1.905000e+02 -1.250000e+01
    endloop
  endfacet
  facet normal 1.305262e-01 0.000000e+00 9.914449e-01
    outer loop
      vertex   -1.100000e+01 1.905000e+02 -1.250000e+01
      vertex   -1.138823e+01 1.845000e+02 -1.244889e+01
      vertex   -1.100000e+01 1.845000e+02 -1.250000e+01
    endloop
  endfacet
  facet normal -1.305262e-01 0.000000e+00 9.914449e-01
    outer loop
      vertex   -1.100000e+01 1.905000e+02 -1.250000e+01
      vertex   -1.100000e+01 1.845000e+02 -1.250000e+01
      vertex   -1.061177e+01 1.905000e+02 -1.244889e+01
    endloop
  endfacet
  facet normal -1.305262e-01 0.000000e+00 9.914449e-01
    outer loop
      vertex   -1.061177e+01 1.905000e+02 -1.244889e+01
      vertex   -1.100000e+01 1.845000e+02 -1.250000e+01
      vertex   -1.061177e+01 1.845000e+02 -1.244889e+01
    endloop
  endfacet
  facet normal -3.826834e-01 0.000000e+00 9.238795e-01
    outer loop
      vertex   -1.061177e+01 1.905000e+02 -1.244889e+01
      vertex   -1.061177e+01 1.845000e+02 -1.244889e+01
      vertex   -1.025000e+01 1.905000e+02 -1.229904e+01
    endloop
  endfacet
  facet normal -3.826834e-01 -1.132971e-16 9.238795e-01
    outer loop
      vertex   -1.025000e+01 1.905000e+02 -1.229904e+01
      vertex   -1.061177e+01 1.845000e+02 -1.244889e+01
      vertex   -1.025000e+01 1.845000e+02 -1.229904e+01
    endloop
  endfacet
  facet normal -6.087614e-01 -1.802296e-16 7.933533e-01
    outer loop
      vertex   -1.025000e+01 1.905000e+02 -1.229904e+01
      vertex   -1.025000e+01 1.845000e+02 -1.229904e+01
      vertex   -9.939340e+00 1.905000e+02 -1.206066e+01
    endloop
  endfacet
  facet normal -6.087614e-01 0.000000e+00 7.933533e-01
    outer loop
      vertex   -9.939340e+00 1.905000e+02 -1.206066e+01
      vertex   -1.025000e+01 1.845000e+02 -1.229904e+01
      vertex   -9.939340e+00 1.845000e+02 -1.206066e+01
    endloop
  endfacet
  facet normal -7.933533e-01 0.000000e+00 6.087614e-01
    outer loop
      vertex   -9.939340e+00 1.905000e+02 -1.206066e+01
      vertex   -9.939340e+00 1.845000e+02 -1.206066e+01
      vertex   -9.700962e+00 1.905000e+02 -1.175000e+01
    endloop
  endfacet
  facet normal -7.933533e-01 0.000000e+00 6.087614e-01
    outer loop
      vertex   -9.700962e+00 1.905000e+02 -1.175000e+01
      vertex   -9.939340e+00 1.845000e+02 -1.206066e+01
      vertex   -9.700962e+00 1.845000e+02 -1.175000e+01
    endloop
  endfacet
  facet normal -9.238795e-01 0.000000e+00 3.826834e-01
    outer loop
      vertex   -9.700962e+00 1.905000e+02 -1.175000e+01
      vertex   -9.700962e+00 1.845000e+02 -1.175000e+01
      vertex   -9.551111e+00 1.905000e+02 -1.138823e+01
    endloop
  endfacet
  facet normal -9.238795e-01 0.000000e+00 3.826834e-01
    outer loop
      vertex   -9.551111e+00 1.905000e+02 -1.138823e+01
      vertex   -9.700962e+00 1.845000e+02 -1.175000e+01
      vertex   -9.551111e+00 1.845000e+02 -1.138823e+01
    endloop
  endfacet
  facet normal -0.000000e+00 1.000000e+00 0.000000e+00
    outer loop
      vertex   1.132362e+01 1.905000e+02 1.348747e+00
      vertex   1.425441e+01 1.905000e+02 1.425408e+01
      vertex   1.140366e+01 1.905000e+02 -1.396546e-15
    endloop
  endfacet
  facet normal -0.000000e+00 1.000000e+00 0.000000e+00
    outer loop
      vertex   1.140366e+01 1.905000e+02 -1.396546e-15
      vertex   1.425441e+01 1.905000e+02 1.425408e+01
      vertex   1.425441e+01 1.905000e+02 -1.439359e+01
    endloop
  endfacet
  facet normal 0.000000e+00 1.000000e+00 0.000000e+00
    outer loop
      vertex   1.140366e+01 1.905000e+02 -1.396546e-15
      vertex   1.425441e+01 1.905000e+02 -1.439359e+01
      vertex   1.132362e+01 1.905000e+02 -1.348747e+00
    endloop
  endfacet
  facet normal 0.000000e+00 1.000000e+00 0.000000e+00
    outer loop
      vertex   1.132362e+01 1.905000e+02 -1.348747e+00
      vertex   1.425441e+01 1.905000e+02 -1.439359e+01
      vertex   1.244889e+01 1.905000e+02 -1.061177e+01
    endloop
  endfacet
  facet normal 0.000000e+00 1.000000e+00 0.000000e+00
    outer loop
      vertex   1.132362e+01 1.905000e+02 -1.348747e+00
      vertex   1.244889e+01 1.905000e+02 -1.061177e+01
      vertex   1.229904e+01 1.905000e+02 -1.025000e+01
    endloop
  endfacet
  facet normal -0.000000e+00 1.000000e+00 0.000000e+00
    outer loop
      vertex   1.108462e+01 1.905000e+02 2.678561e+00
      vertex   1.229904e+01 1.905000e+02 1.025000e+01
      vertex   1.132362e+01 1.905000e+02 1.348747e+00
    endloop
  endfacet
  facet normal 0.000000e+00 1.000000e+00 0.000000e+00
    outer loop
      vertex   1.132362e+01 1.905000e+02 1.348747e+00
      vertex   1.229904e+01 1.905000e+02 1.025000e+01
      vertex   1.244889e+01 1.905000e+02 1.061177e+01
    endloop
  endfacet
  facet normal 0.000000e+00 1.000000e+00 0.000000e+00
    outer loop
      vertex   1.132362e+01 1.905000e+02 1.348747e+00
      vertex   1.244889e+01 1.905000e+02 1.061177e+01
      vertex   1.425441e+01 1.905000e+02 1.425408e+01
    endloop
  endfacet
  facet normal 0.000000e+00 1.000000e+00 0.000000e+00
    outer loop
      vertex   1.425441e+01 1.905000e+02 1.425408e+01
      vertex   1.244889e+01 1.905000e+02 1.061177e+01
      vertex   1.250000e+01 1.905000e+02 1.100000e+01
    endloop
  endfacet
  facet normal 0.000000e+00 1.000000e+00 0.000000e+00
    outer loop
      vertex   1.425441e+01 1.905000e+02 1.425408e+01
      vertex   1.250000e+01 1.905000e+02 1.100000e+01
      vertex   1.244889e+01 1.905000e+02 1.138823e+01
    endloop
  endfacet
  facet normal 0.000000e+00 1.000000e+00 0.000000e+00
    outer loop
      vertex   1.229904e+01 1.905000e+02 1.025000e+01
      vertex   1.108462e+01 1.905000e+02 2.678561e+00
      vertex   1.206066e+01 1.905000e+02 9.939340e+00
    endloop
  endfacet
  facet normal 0.000000e+00 1.000000e+00 0.000000e+00
    outer loop
      vertex   1.206066e+01 1.905000e+02 9.939340e+00
      vertex   1.108462e+01 1.905000e+02 2.678561e+00
      vertex   1.069001e+01 1.905000e+02 3.970773e+00
    endloop
  endfacet
  facet normal 0.000000e+00 1.000000e+00 0.000000e+00
    outer loop
      vertex   1.206066e+01 1.905000e+02 9.939340e+00
      vertex   1.069001e+01 1.905000e+02 3.970773e+00
      vertex   1.175000e+01 1.905000e+02 9.700962e+00
    endloop
  endfacet
  facet normal 0.000000e+00 1.000000e+00 0.000000e+00
    outer loop
      vertex   1.175000e+01 1.905000e+02 9.700962e+00
      vertex   1.069001e+01 1.905000e+02 3.970773e+00
      vertex   1.014535e+01 1.905000e+02 5.207244e+00
    endloop
  endfacet
  facet normal 0.000000e+00 1.000000e+00 0.000000e+00
    outer loop
      vertex   1.175000e+01 1.905000e+02 9.700962e+00
      vertex   1.014535e+01 1.905000e+02 5.207244e+00
      vertex   1.138823e+01 1.905000e+02 9.551111e+00
    endloop
  endfacet
  facet normal 0.000000e+00 1.000000e+00 0.000000e+00
    outer loop
      vertex   1.138823e+01 1.905000e+02 9.551111e+00
      vertex   1.014535e+01 1.905000e+02 5.207244e+00
      vertex   9.458260e+00 1.905000e+02 6.370618e+00
    endloop
  endfacet
  facet normal 0.000000e+00 1.000000e+00 0.000000e+00
    outer loop
      vertex   1.138823e+01 1.905000e+02 9.551111e+00
      vertex   9.458260e+00 1.905000e+02 6.370618e+00
      vertex   1.100000e+01 1.905000e+02 9.500000e+00
    endloop
  endfacet
  facet normal 0.000000e+00 1.000000e+00 0.000000e+00
    outer loop
      vertex   1.100000e+01 1.905000e+02 9.500000e+00
      vertex   9.458260e+00 1.905000e+02 6.370618e+00
      vertex   1.061177e+01 1.905000e+02 9.551111e+00
    endloop
  endfacet
  facet normal 0.000000e+00 1.000000e+00 0.000000e+00
    outer loop
      vertex   1.061177e+01 1.905000e+02 9.551111e+00
      vertex   9.458260e+00 1.905000e+02 6.370618e+00
      vertex   8.638400e+00 1.905000e+02 7.444561e+00
    endloop
  endfacet
  facet normal 0.000000e+00 1.000000e+00 0.000000e+00
    outer loop
      vertex   1.061177e+01 1.905000e+02 9.551111e+00
      vertex   8.638400e+00 1.905000e+02 7.444561e+00
      vertex   1.025000e+01 1.905000e+02 9.700962e+00
    endloop
  endfacet
  facet normal 0.000000e+00 1.000000e+00 0.000000e+00
    outer loop
      vertex   1.025000e+01 1.905000e+02 9.700962e+00
      vertex   8.638400e+00 1.905000e+02 7.444561e+00
      vertex   9.939340e+00 1.905000e+02 9.939340e+00
    endloop
  endfacet
  facet normal 0.000000e+00 1.000000e+00 0.000000e+00
    outer loop
      vertex   9.939340e+00 1.905000e+02 9.939340e+00
      vertex   8.638400e+00 1.905000e+02 7.444561e+00
      vertex   7.697276e+00 1.905000e+02 8.414000e+00
    endloop
  endfacet
  facet normal 0.000000e+00 1.000000e+00 0.000000e+00
    outer loop
      vertex   9.939340e+00 1.905000e+02 9.939340e+00
      vertex   7.697276e+00 1.905000e+02 8.414000e+00
      vertex   9.700962e+00 1.905000e+02 1.025000e+01
    endloop
  endfacet
  facet normal 0.000000e+00 1.000000e+00 0.000000e+00
    outer loop
      vertex   9.700962e+00 1.905000e+02 1.025000e+01
      vertex   7.697276e+00 1.905000e+02 8.414000e+00
      vertex   9.551111e+00 1.905000e+02 1.061177e+01
    endloop
  endfacet
  facet normal 0.000000e+00 1.000000e+00 0.000000e+00
    outer loop
      vertex   9.551111e+00 1.905000e+02 1.061177e+01
      vertex   7.697276e+00 1.905000e+02 8.414000e+00
      vertex   6.648100e+00 1.905000e+02 9.265324e+00
    endloop
  endfacet
  facet normal 0.000000e+00 1.000000e+00 0.000000e+00
    outer loop
      vertex   9.551111e+00 1.905000e+02 1.061177e+01
      vertex   6.648100e+00 1.905000e+02 9.265324e+00
      vertex   9.500000e+00 1.905000e+02 1.100000e+01
    endloop
  endfacet
  facet normal 0.000000e+00 1.000000e+00 0.000000e+00
    outer loop
      vertex   9.500000e+00 1.905000e+02 1.100000e+01
      vertex   6.648100e+00 1.905000e+02 9.265324e+00
      vertex   5.505598e+00 1.905000e+02 9.986583e+00
    endloop
  endfacet
  facet normal 0.000000e+00 1.000000e+00 -0.000000e+00
    outer loop
      vertex   9.500000e+00 1.905000e+02 1.100000e+01
      vertex   5.505598e+00 1.905000e+02 9.986583e+00
      vertex   9.551111e+00 1.905000e+02 1.138823e+01
    endloop
  endfacet
  facet normal 0.000000e+00 1.000000e+00 -0.000000e+00
    outer loop
      vertex   9.551111e+00 1.905000e+02 1.138823e+01
      vertex   5.505598e+00 1.905000e+02 9.986583e+00
      vertex   9.700962e+00 1.905000e+02 1.175000e+01
    endloop
  endfacet
  facet normal 0.000000e+00 1.000000e+00 0.000000e+00
    outer loop
      vertex   9.700962e+00 1.905000e+02 1.175000e+01
      vertex   5.505598e+00 1.905000e+02 9.986583e+00
      vertex   4.285810e+00 1.905000e+02 1.056765e+01
    endloop
  endfacet
  facet normal 0.000000e+00 1.000000e+00 -0.000000e+00
    outer loop
      vertex   9.700962e+00 1.905000e+02 1.175000e+01
      vertex   4.285810e+00 1.905000e+02 1.056765e+01
      vertex   9.939340e+00 1.905000e+02 1.206066e+01
    endloop
  endfacet
  facet normal 0.000000e+00 1.000000e+00 0.000000e+00
    outer loop
      vertex   9.939340e+00 1.905000e+02 1.206066e+01
      vertex   4.285810e+00 1.905000e+02 1.056765e+01
      vertex   3.005858e+00 1.905000e+02 1.100038e+01
    endloop
  endfacet
  facet normal 0.000000e+00 1.000000e+00 -0.000000e+00
    outer loop
      vertex   9.939340e+00 1.905000e+02 1.206066e+01
      vertex   3.005858e+00 1.905000e+02 1.100038e+01
      vertex   1.025000e+01 1.905000e+02 1.229904e+01
    endloop
  endfacet
  facet normal 0.000000e+00 1.000000e+00 0.000000e+00
    outer loop
      vertex   1.025000e+01 1.905000e+02 1.229904e+01
      vertex   3.005858e+00 1.905000e+02 1.100038e+01
      vertex   1.683711e+00 1.905000e+02 1.127868e+01
    endloop
  endfacet
  facet normal 0.000000e+00 1.000000e+00 -0.000000e+00
    outer loop
      vertex   1.025000e+01 1.905000e+02 1.229904e+01
      vertex   1.683711e+00 1.905000e+02 1.127868e+01
      vertex   1.061177e+01 1.905000e+02 1.244889e+01
    endloop
  endfacet
  facet normal 0.000000e+00 1.000000e+00 -0.000000e+00
    outer loop
      vertex   1.061177e+01 1.905000e+02 1.244889e+01
      vertex   1.683711e+00 1.905000e+02 1.127868e+01
      vertex   1.425441e+01 1.905000e+02 1.425408e+01
    endloop
  endfacet
  facet normal 0.000000e+00 1.000000e+00 0.000000e+00
    outer loop
      vertex   1.061177e+01 1.905000e+02 1.244889e+01
      vertex   1.425441e+01 1.905000e+02 1.425408e+01
      vertex   1.100000e+01 1.905000e+02 1.250000e+01
    endloop
  endfacet
  facet normal -0.000000e+00 1.000000e+00 0.000000e+00
    outer loop
      vertex   1.100000e+01 1.905000e+02 1.250000e+01
      vertex   1.425441e+01 1.905000e+02 1.425408e+01
      vertex   1.138823e+01 1.905000e+02 1.244889e+01
    endloop
  endfacet
  facet normal -0.000000e+00 1.000000e+00 0.000000e+00
    outer loop
      vertex   1.138823e+01 1.905000e+02 1.244889e+01
      vertex   1.425441e+01 1.905000e+02 1.425408e+01
      vertex   1.175000e+01 1.905000e+02 1.229904e+01
    endloop
  endfacet
  facet normal -0.000000e+00 1.000000e+00 0.000000e+00
    outer loop
      vertex   1.175000e+01 1.905000e+02 1.229904e+01
      vertex   1.425441e+01 1.905000e+02 1.425408e+01
      vertex   1.206066e+01 1.905000e+02 1.206066e+01
    endloop
  endfacet
  facet normal -0.000000e+00 1.000000e+00 0.000000e+00
    outer loop
      vertex   1.206066e+01 1.905000e+02 1.206066e+01
      vertex   1.425441e+01 1.905000e+02 1.425408e+01
      vertex   1.229904e+01 1.905000e+02 1.175000e+01
    endloop
  endfacet
  facet normal -0.000000e+00 1.000000e+00 0.000000e+00
    outer loop
      vertex   1.229904e+01 1.905000e+02 1.175000e+01
      vertex   1.425441e+01 1.905000e+02 1.425408e+01
      vertex   1.244889e+01 1.905000e+02 1.138823e+01
    endloop
  endfacet
  facet normal 0.000000e+00 1.000000e+00 -0.000000e+00
    outer loop
      vertex   1.683711e+00 1.905000e+02 1.127868e+01
      vertex   3.379284e-01 1.905000e+02 1.139865e+01
      vertex   1.425441e+01 1.905000e+02 1.425408e+01
    endloop
  endfacet
  facet normal 0.000000e+00 1.000000e+00 0.000000e+00
    outer loop
      vertex   1.425441e+01 1.905000e+02 1.425408e+01
      vertex   3.379284e-01 1.905000e+02 1.139865e+01
      vertex   -1.444990e+01 1.905000e+02 1.425408e+01
    endloop
  endfacet
  facet normal 0.000000e+00 1.000000e+00 0.000000e+00
    outer loop
      vertex   -1.444990e+01 1.905000e+02 1.425408e+01
      vertex   3.379284e-01 1.905000e+02 1.139865e+01
      vertex   -1.012598e+00 1.905000e+02 1.135861e+01
    endloop
  endfacet
  facet normal 0.000000e+00 1.000000e+00 0.000000e+00
    outer loop
      vertex   -1.444990e+01 1.905000e+02 1.425408e+01
      vertex   -1.012598e+00 1.905000e+02 1.135861e+01
      vertex   -1.061177e+01 1.905000e+02 1.244889e+01
    endloop
  endfacet
  facet normal 0.000000e+00 1.000000e+00 0.000000e+00
    outer loop
      vertex   -1.061177e+01 1.905000e+02 1.244889e+01
      vertex   -1.012598e+00 1.905000e+02 1.135861e+01
      vertex   -1.025000e+01 1.905000e+02 1.229904e+01
    endloop
  endfacet
  facet normal 0.000000e+00 1.000000e+00 0.000000e+00
    outer loop
      vertex   -1.025000e+01 1.905000e+02 1.229904e+01
      vertex   -1.012598e+00 1.905000e+02 1.135861e+01
      vertex   -2.348910e+00 1.905000e+02 1.115913e+01
    endloop
  endfacet
  facet normal 0.000000e+00 1.000000e+00 0.000000e+00
    outer loop
      vertex   -1.025000e+01 1.905000e+02 1.229904e+01
      vertex   -2.348910e+00 1.905000e+02 1.115913e+01
      vertex   -3.652248e+00 1.905000e+02 1.080299e+01
    endloop
  endfacet
  facet normal 0.000000e+00 1.000000e+00 0.000000e+00
    outer loop
      vertex   -1.025000e+01 1.905000e+02 1.229904e+01
      vertex   -3.652248e+00 1.905000e+02 1.080299e+01
      vertex   -9.939340e+00 1.905000e+02 1.206066e+01
    endloop
  endfacet
  facet normal 0.000000e+00 1.000000e+00 0.000000e+00
    outer loop
      vertex   -9.939340e+00 1.905000e+02 1.206066e+01
      vertex   -3.652248e+00 1.905000e+02 1.080299e+01
      vertex   -4.904317e+00 1.905000e+02 1.029520e+01
    endloop
  endfacet
  facet normal 0.000000e+00 1.000000e+00 0.000000e+00
    outer loop
      vertex   -9.939340e+00 1.905000e+02 1.206066e+01
      vertex   -4.904317e+00 1.905000e+02 1.029520e+01
      vertex   -9.700962e+00 1.905000e+02 1.175000e+01
    endloop
  endfacet
  facet normal 0.000000e+00 1.000000e+00 0.000000e+00
    outer loop
      vertex   -9.700962e+00 1.905000e+02 1.175000e+01
      vertex   -4.904317e+00 1.905000e+02 1.029520e+01
      vertex   -9.551111e+00 1.905000e+02 1.138823e+01
    endloop
  endfacet
  facet normal 0.000000e+00 1.000000e+00 0.000000e+00
    outer loop
      vertex   -9.551111e+00 1.905000e+02 1.138823e+01
      vertex   -4.904317e+00 1.905000e+02 1.029520e+01
      vertex   -6.087540e+00 1.905000e+02 9.642889e+00
    endloop
  endfacet
  facet normal 0.000000e+00 1.000000e+00 0.000000e+00
    outer loop
      vertex   -9.551111e+00 1.905000e+02 1.138823e+01
      vertex   -6.087540e+00 1.905000e+02 9.642889e+00
      vertex   -9.500000e+00 1.905000e+02 1.100000e+01
    endloop
  endfacet
  facet normal 0.000000e+00 1.000000e+00 0.000000e+00
    outer loop
      vertex   -9.500000e+00 1.905000e+02 1.100000e+01
      vertex   -6.087540e+00 1.905000e+02 9.642889e+00
      vertex   -7.185307e+00 1.905000e+02 8.855214e+00
    endloop
  endfacet
  facet normal 0.000000e+00 1.000000e+00 0.000000e+00
    outer loop
      vertex   -9.500000e+00 1.905000e+02 1.100000e+01
      vertex   -7.185307e+00 1.905000e+02 8.855214e+00
      vertex   -9.551111e+00 1.905000e+02 1.061177e+01
    endloop
  endfacet
  facet normal 0.000000e+00 1.000000e+00 0.000000e+00
    outer loop
      vertex   -9.551111e+00 1.905000e+02 1.061177e+01
      vertex   -7.185307e+00 1.905000e+02 8.855214e+00
      vertex   -9.700962e+00 1.905000e+02 1.025000e+01
    endloop
  endfacet
  facet normal 0.000000e+00 1.000000e+00 0.000000e+00
    outer loop
      vertex   -9.700962e+00 1.905000e+02 1.025000e+01
      vertex   -7.185307e+00 1.905000e+02 8.855214e+00
      vertex   -8.182209e+00 1.905000e+02 7.943231e+00
    endloop
  endfacet
  facet normal 0.000000e+00 1.000000e+00 0.000000e+00
    outer loop
      vertex   -9.700962e+00 1.905000e+02 1.025000e+01
      vertex   -8.182209e+00 1.905000e+02 7.943231e+00
      vertex   -9.939340e+00 1.905000e+02 9.939340e+00
    endloop
  endfacet
  facet normal 0.000000e+00 1.000000e+00 0.000000e+00
    outer loop
      vertex   -9.939340e+00 1.905000e+02 9.939340e+00
      vertex   -8.182209e+00 1.905000e+02 7.943231e+00
      vertex   -1.025000e+01 1.905000e+02 9.700962e+00
    endloop
  endfacet
  facet normal 0.000000e+00 1.000000e+00 0.000000e+00
    outer loop
      vertex   -1.025000e+01 1.905000e+02 9.700962e+00
      vertex   -8.182209e+00 1.905000e+02 7.943231e+00
      vertex   -9.064250e+00 1.905000e+02 6.919742e+00
    endloop
  endfacet
  facet normal 0.000000e+00 1.000000e+00 0.000000e+00
    outer loop
      vertex   -1.025000e+01 1.905000e+02 9.700962e+00
      vertex   -9.064250e+00 1.905000e+02 6.919742e+00
      vertex   -1.061177e+01 1.905000e+02 9.551111e+00
    endloop
  endfacet
  facet normal 0.000000e+00 1.000000e+00 0.000000e+00
    outer loop
      vertex   -1.061177e+01 1.905000e+02 9.551111e+00
      vertex   -9.064250e+00 1.905000e+02 6.919742e+00
      vertex   -1.100000e+01 1.905000e+02 9.500000e+00
    endloop
  endfacet
  facet normal 0.000000e+00 1.000000e+00 0.000000e+00
    outer loop
      vertex   -1.100000e+01 1.905000e+02 9.500000e+00
      vertex   -9.064250e+00 1.905000e+02 6.919742e+00
      vertex   -9.819048e+00 1.905000e+02 5.799116e+00
    endloop
  endfacet
  facet normal 0.000000e+00 1.000000e+00 0.000000e+00
    outer loop
      vertex   -1.100000e+01 1.905000e+02 9.500000e+00
      vertex   -9.819048e+00 1.905000e+02 5.799116e+00
      vertex   -1.138823e+01 1.905000e+02 9.551111e+00
    endloop
  endfacet
  facet normal 0.000000e+00 1.000000e+00 0.000000e+00
    outer loop
      vertex   -1.138823e+01 1.905000e+02 9.551111e+00
      vertex   -9.819048e+00 1.905000e+02 5.799116e+00
      vertex   -1.175000e+01 1.905000e+02 9.700962e+00
    endloop
  endfacet
  facet normal 0.000000e+00 1.000000e+00 0.000000e+00
    outer loop
      vertex   -1.175000e+01 1.905000e+02 9.700962e+00
      vertex   -9.819048e+00 1.905000e+02 5.799116e+00
      vertex   -1.043601e+01 1.905000e+02 4.597082e+00
    endloop
  endfacet
  facet normal 0.000000e+00 1.000000e+00 0.000000e+00
    outer loop
      vertex   -1.175000e+01 1.905000e+02 9.700962e+00
      vertex   -1.043601e+01 1.905000e+02 4.597082e+00
      vertex   -1.206066e+01 1.905000e+02 9.939340e+00
    endloop
  endfacet
  facet normal 0.000000e+00 1.000000e+00 0.000000e+00
    outer loop
      vertex   -1.206066e+01 1.905000e+02 9.939340e+00
      vertex   -1.043601e+01 1.905000e+02 4.597082e+00
      vertex   -1.090647e+01 1.905000e+02 3.330516e+00
    endloop
  endfacet
  facet normal 0.000000e+00 1.000000e+00 0.000000e+00
    outer loop
      vertex   -1.206066e+01 1.905000e+02 9.939340e+00
      vertex   -1.090647e+01 1.905000e+02 3.330516e+00
      vertex   -1.229904e+01 1.905000e+02 1.025000e+01
    endloop
  endfacet
  facet normal 0.000000e+00 1.000000e+00 0.000000e+00
    outer loop
      vertex   -1.229904e+01 1.905000e+02 1.025000e+01
      vertex   -1.090647e+01 1.905000e+02 3.330516e+00
      vertex   -1.122383e+01 1.905000e+02 2.017197e+00
    endloop
  endfacet
  facet normal 0.000000e+00 1.000000e+00 0.000000e+00
    outer loop
      vertex   -1.229904e+01 1.905000e+02 1.025000e+01
      vertex   -1.122383e+01 1.905000e+02 2.017197e+00
      vertex   -1.244889e+01 1.905000e+02 1.061177e+01
    endloop
  endfacet
  facet normal 0.000000e+00 1.000000e+00 0.000000e+00
    outer loop
      vertex   -1.244889e+01 1.905000e+02 1.061177e+01
      vertex   -1.122383e+01 1.905000e+02 2.017197e+00
      vertex   -1.444990e+01 1.905000e+02 1.425408e+01
    endloop
  endfacet
  facet normal 0.000000e+00 1.000000e+00 0.000000e+00
    outer loop
      vertex   -1.244889e+01 1.905000e+02 1.061177e+01
      vertex   -1.444990e+01 1.905000e+02 1.425408e+01
      vertex   -1.250000e+01 1.905000e+02 1.100000e+01
    endloop
  endfacet
  facet normal 0.000000e+00 1.000000e+00 -0.000000e+00
    outer loop
      vertex   -1.250000e+01 1.905000e+02 1.100000e+01
      vertex   -1.444990e+01 1.905000e+02 1.425408e+01
      vertex   -1.244889e+01 1.905000e+02 1.138823e+01
    endloop
  endfacet
  facet normal 0.000000e+00 1.000000e+00 -0.000000e+00
    outer loop
      vertex   -1.244889e+01 1.905000e+02 1.138823e+01
      vertex   -1.444990e+01 1.905000e+02 1.425408e+01
      vertex   -1.229904e+01 1.905000e+02 1.175000e+01
    endloop
  endfacet
  facet normal 0.000000e+00 1.000000e+00 -0.000000e+00
    outer loop
      vertex   -1.229904e+01 1.905000e+02 1.175000e+01
      vertex   -1.444990e+01 1.905000e+02 1.425408e+01
      vertex   -1.206066e+01 1.905000e+02 1.206066e+01
    endloop
  endfacet
  facet normal 0.000000e+00 1.000000e+00 -0.000000e+00
    outer loop
      vertex   -1.206066e+01 1.905000e+02 1.206066e+01
      vertex   -1.444990e+01 1.905000e+02 1.425408e+01
      vertex   -1.175000e+01 1.905000e+02 1.229904e+01
    endloop
  endfacet
  facet normal 0.000000e+00 1.000000e+00 -0.000000e+00
    outer loop
      vertex   -1.175000e+01 1.905000e+02 1.229904e+01
      vertex   -1.444990e+01 1.905000e+02 1.425408e+01
      vertex   -1.138823e+01 1.905000e+02 1.244889e+01
    endloop
  endfacet
  facet normal 0.000000e+00 1.000000e+00 -0.000000e+00
    outer loop
      vertex   -1.138823e+01 1.905000e+02 1.244889e+01
      vertex   -1.444990e+01 1.905000e+02 1.425408e+01
      vertex   -1.100000e+01 1.905000e+02 1.250000e+01
    endloop
  endfacet
  facet normal -0.000000e+00 1.000000e+00 -0.000000e+00
    outer loop
      vertex   -1.100000e+01 1.905000e+02 1.250000e+01
      vertex   -1.444990e+01 1.905000e+02 1.425408e+01
      vertex   -1.061177e+01 1.905000e+02 1.244889e+01
    endloop
  endfacet
  facet normal 0.000000e+00 1.000000e+00 0.000000e+00
    outer loop
      vertex   -1.122383e+01 1.905000e+02 2.017197e+00
      vertex   -1.138363e+01 1.905000e+02 6.755600e-01
      vertex   -1.444990e+01 1.905000e+02 1.425408e+01
    endloop
  endfacet
  facet normal 0.000000e+00 1.000000e+00 0.000000e+00
    outer loop
      vertex   -1.444990e+01 1.905000e+02 1.425408e+01
      vertex   -1.138363e+01 1.905000e+02 6.755600e-01
      vertex   -1.138363e+01 1.905000e+02 -6.755600e-01
    endloop
  endfacet
  facet normal 0.000000e+00 1.000000e+00 0.000000e+00
    outer loop
      vertex   -1.444990e+01 1.905000e+02 1.425408e+01
      vertex   -1.138363e+01 1.905000e+02 -6.755600e-01
      vertex   -1.444990e+01 1.905000e+02 -1.439359e+01
    endloop
  endfacet
  facet normal 0.000000e+00 1.000000e+00 0.000000e+00
    outer loop
      vertex   -1.444990e+01 1.905000e+02 -1.439359e+01
      vertex   -1.138363e+01 1.905000e+02 -6.755600e-01
      vertex   -1.122383e+01 1.905000e+02 -2.017197e+00
    endloop
  endfacet
  facet normal 0.000000e+00 1.000000e+00 0.000000e+00
    outer loop
      vertex   -1.444990e+01 1.905000e+02 -1.439359e+01
      vertex   -1.122383e+01 1.905000e+02 -2.017197e+00
      vertex   -1.244889e+01 1.905000e+02 -1.061177e+01
    endloop
  endfacet
  facet normal 0.000000e+00 1.000000e+00 0.000000e+00
    outer loop
      vertex   -1.244889e+01 1.905000e+02 -1.061177e+01
      vertex   -1.122383e+01 1.905000e+02 -2.017197e+00
      vertex   -1.229904e+01 1.905000e+02 -1.025000e+01
    endloop
  endfacet
  facet normal 0.000000e+00 1.000000e+00 0.000000e+00
    outer loop
      vertex   -1.229904e+01 1.905000e+02 -1.025000e+01
      vertex   -1.122383e+01 1.905000e+02 -2.017197e+00
      vertex   -1.090647e+01 1.905000e+02 -3.330516e+00
    endloop
  endfacet
  facet normal 0.000000e+00 1.000000e+00 0.000000e+00
    outer loop
      vertex   -1.229904e+01 1.905000e+02 -1.025000e+01
      vertex   -1.090647e+01 1.905000e+02 -3.330516e+00
      vertex   -1.206066e+01 1.905000e+02 -9.939340e+00
    endloop
  endfacet
  facet normal 0.000000e+00 1.000000e+00 0.000000e+00
    outer loop
      vertex   -1.206066e+01 1.905000e+02 -9.939340e+00
      vertex   -1.090647e+01 1.905000e+02 -3.330516e+00
      vertex   -1.043601e+01 1.905000e+02 -4.597082e+00
    endloop
  endfacet
  facet normal 0.000000e+00 1.000000e+00 0.000000e+00
    outer loop
      vertex   -1.206066e+01 1.905000e+02 -9.939340e+00
      vertex   -1.043601e+01 1.905000e+02 -4.597082e+00
      vertex   -1.175000e+01 1.905000e+02 -9.700962e+00
    endloop
  endfacet
  facet normal 0.000000e+00 1.000000e+00 0.000000e+00
    outer loop
      vertex   -1.175000e+01 1.905000e+02 -9.700962e+00
      vertex   -1.043601e+01 1.905000e+02 -4.597082e+00
      vertex   -9.819048e+00 1.905000e+02 -5.799116e+00
    endloop
  endfacet
  facet normal 0.000000e+00 1.000000e+00 0.000000e+00
    outer loop
      vertex   -1.175000e+01 1.905000e+02 -9.700962e+00
      vertex   -9.819048e+00 1.905000e+02 -5.799116e+00
      vertex   -1.138823e+01 1.905000e+02 -9.551111e+00
    endloop
  endfacet
  facet normal 0.000000e+00 1.000000e+00 0.000000e+00
    outer loop
      vertex   -1.138823e+01 1.905000e+02 -9.551111e+00
      vertex   -9.819048e+00 1.905000e+02 -5.799116e+00
      vertex   -1.100000e+01 1.905000e+02 -9.500000e+00
    endloop
  endfacet
  facet normal 0.000000e+00 1.000000e+00 0.000000e+00
    outer loop
      vertex   -1.100000e+01 1.905000e+02 -9.500000e+00
      vertex   -9.819048e+00 1.905000e+02 -5.799116e+00
      vertex   -9.064250e+00 1.905000e+02 -6.919742e+00
    endloop
  endfacet
  facet normal -0.000000e+00 1.000000e+00 0.000000e+00
    outer loop
      vertex   -1.100000e+01 1.905000e+02 -9.500000e+00
      vertex   -9.064250e+00 1.905000e+02 -6.919742e+00
      vertex   -1.061177e+01 1.905000e+02 -9.551111e+00
    endloop
  endfacet
  facet normal -0.000000e+00 1.000000e+00 0.000000e+00
    outer loop
      vertex   -1.061177e+01 1.905000e+02 -9.551111e+00
      vertex   -9.064250e+00 1.905000e+02 -6.919742e+00
      vertex   -1.025000e+01 1.905000e+02 -9.700962e+00
    endloop
  endfacet
  facet normal 0.000000e+00 1.000000e+00 0.000000e+00
    outer loop
      vertex   -1.025000e+01 1.905000e+02 -9.700962e+00
      vertex   -9.064250e+00 1.905000e+02 -6.919742e+00
      vertex   -8.182209e+00 1.905000e+02 -7.943231e+00
    endloop
  endfacet
  facet normal -0.000000e+00 1.000000e+00 0.000000e+00
    outer loop
      vertex   -1.025000e+01 1.905000e+02 -9.700962e+00
      vertex   -8.182209e+00 1.905000e+02 -7.943231e+00
      vertex   -9.939340e+00 1.905000e+02 -9.939340e+00
    endloop
  endfacet
  facet normal -0.000000e+00 1.000000e+00 0.000000e+00
    outer loop
      vertex   -9.939340e+00 1.905000e+02 -9.939340e+00
      vertex   -8.182209e+00 1.905000e+02 -7.943231e+00
      vertex   -9.700962e+00 1.905000e+02 -1.025000e+01
    endloop
  endfacet
  facet normal 0.000000e+00 1.000000e+00 0.000000e+00
    outer loop
      vertex   -9.700962e+00 1.905000e+02 -1.025000e+01
      vertex   -8.182209e+00 1.905000e+02 -7.943231e+00
      vertex   -7.185307e+00 1.905000e+02 -8.855214e+00
    endloop
  endfacet
  facet normal -0.000000e+00 1.000000e+00 0.000000e+00
    outer loop
      vertex   -9.700962e+00 1.905000e+02 -1.025000e+01
      vertex   -7.185307e+00 1.905000e+02 -8.855214e+00
      vertex   -9.551111e+00 1.905000e+02 -1.061177e+01
    endloop
  endfacet
  facet normal -0.000000e+00 1.000000e+00 0.000000e+00
    outer loop
      vertex   -9.551111e+00 1.905000e+02 -1.061177e+01
      vertex   -7.185307e+00 1.905000e+02 -8.855214e+00
      vertex   -9.500000e+00 1.905000e+02 -1.100000e+01
    endloop
  endfacet
  facet normal 0.000000e+00 1.000000e+00 0.000000e+00
    outer loop
      vertex   -9.500000e+00 1.905000e+02 -1.100000e+01
      vertex   -7.185307e+00 1.905000e+02 -8.855214e+00
      vertex   -6.087540e+00 1.905000e+02 -9.642889e+00
    endloop
  endfacet
  facet normal -0.000000e+00 1.000000e+00 0.000000e+00
    outer loop
      vertex   -9.500000e+00 1.905000e+02 -1.100000e+01
      vertex   -6.087540e+00 1.905000e+02 -9.642889e+00
      vertex   -9.551111e+00 1.905000e+02 -1.138823e+01
    endloop
  endfacet
  facet normal 0.000000e+00 1.000000e+00 0.000000e+00
    outer loop
      vertex   -9.551111e+00 1.905000e+02 -1.138823e+01
      vertex   -6.087540e+00 1.905000e+02 -9.642889e+00
      vertex   -4.904317e+00 1.905000e+02 -1.029520e+01
    endloop
  endfacet
  facet normal -0.000000e+00 1.000000e+00 0.000000e+00
    outer loop
      vertex   -9.551111e+00 1.905000e+02 -1.138823e+01
      vertex   -4.904317e+00 1.905000e+02 -1.029520e+01
      vertex   -9.700962e+00 1.905000e+02 -1.175000e+01
    endloop
  endfacet
  facet normal -0.000000e+00 1.000000e+00 0.000000e+00
    outer loop
      vertex   -9.700962e+00 1.905000e+02 -1.175000e+01
      vertex   -4.904317e+00 1.905000e+02 -1.029520e+01
      vertex   -9.939340e+00 1.905000e+02 -1.206066e+01
    endloop
  endfacet
  facet normal 0.000000e+00 1.000000e+00 0.000000e+00
    outer loop
      vertex   -9.939340e+00 1.905000e+02 -1.206066e+01
      vertex   -4.904317e+00 1.905000e+02 -1.029520e+01
      vertex   -3.652248e+00 1.905000e+02 -1.080299e+01
    endloop
  endfacet
  facet normal -0.000000e+00 1.000000e+00 0.000000e+00
    outer loop
      vertex   -9.939340e+00 1.905000e+02 -1.206066e+01
      vertex   -3.652248e+00 1.905000e+02 -1.080299e+01
      vertex   -1.025000e+01 1.905000e+02 -1.229904e+01
    endloop
  endfacet
  facet normal 0.000000e+00 1.000000e+00 0.000000e+00
    outer loop
      vertex   -1.025000e+01 1.905000e+02 -1.229904e+01
      vertex   -3.652248e+00 1.905000e+02 -1.080299e+01
      vertex   -2.348910e+00 1.905000e+02 -1.115913e+01
    endloop
  endfacet
  facet normal 0.000000e+00 1.000000e+00 0.000000e+00
    outer loop
      vertex   -1.025000e+01 1.905000e+02 -1.229904e+01
      vertex   -2.348910e+00 1.905000e+02 -1.115913e+01
      vertex   -1.012598e+00 1.905000e+02 -1.135861e+01
    endloop
  endfacet
  facet normal 0.000000e+00 1.000000e+00 0.000000e+00
    outer loop
      vertex   3.379284e-01 1.905000e+02 -1.139865e+01
      vertex   -1.444990e+01 1.905000e+02 -1.439359e+01
      vertex   -1.012598e+00 1.905000e+02 -1.135861e+01
    endloop
  endfacet
  facet normal 0.000000e+00 1.000000e+00 0.000000e+00
    outer loop
      vertex   -1.012598e+00 1.905000e+02 -1.135861e+01
      vertex   -1.444990e+01 1.905000e+02 -1.439359e+01
      vertex   -1.061177e+01 1.905000e+02 -1.244889e+01
    endloop
  endfacet
  facet normal 0.000000e+00 1.000000e+00 0.000000e+00
    outer loop
      vertex   -1.012598e+00 1.905000e+02 -1.135861e+01
      vertex   -1.061177e+01 1.905000e+02 -1.244889e+01
      vertex   -1.025000e+01 1.905000e+02 -1.229904e+01
    endloop
  endfacet
  facet normal 0.000000e+00 1.000000e+00 0.000000e+00
    outer loop
      vertex   -1.444990e+01 1.905000e+02 -1.439359e+01
      vertex   3.379284e-01 1.905000e+02 -1.139865e+01
      vertex   1.425441e+01 1.905000e+02 -1.439359e+01
    endloop
  endfacet
  facet normal 0.000000e+00 1.000000e+00 0.000000e+00
    outer loop
      vertex   1.425441e+01 1.905000e+02 -1.439359e+01
      vertex   3.379284e-01 1.905000e+02 -1.139865e+01
      vertex   1.683711e+00 1.905000e+02 -1.127868e+01
    endloop
  endfacet
  facet normal 0.000000e+00 1.000000e+00 0.000000e+00
    outer loop
      vertex   1.425441e+01 1.905000e+02 -1.439359e+01
      vertex   1.683711e+00 1.905000e+02 -1.127868e+01
      vertex   1.061177e+01 1.905000e+02 -1.244889e+01
    endloop
  endfacet
  facet normal 0.000000e+00 1.000000e+00 0.000000e+00
    outer loop
      vertex   1.061177e+01 1.905000e+02 -1.244889e+01
      vertex   1.683711e+00 1.905000e+02 -1.127868e+01
      vertex   1.025000e+01 1.905000e+02 -1.229904e+01
    endloop
  endfacet
  facet normal 0.000000e+00 1.000000e+00 0.000000e+00
    outer loop
      vertex   1.025000e+01 1.905000e+02 -1.229904e+01
      vertex   1.683711e+00 1.905000e+02 -1.127868e+01
      vertex   3.005858e+00 1.905000e+02 -1.100038e+01
    endloop
  endfacet
  facet normal 0.000000e+00 1.000000e+00 0.000000e+00
    outer loop
      vertex   1.025000e+01 1.905000e+02 -1.229904e+01
      vertex   3.005858e+00 1.905000e+02 -1.100038e+01
      vertex   9.939340e+00 1.905000e+02 -1.206066e+01
    endloop
  endfacet
  facet normal 0.000000e+00 1.000000e+00 0.000000e+00
    outer loop
      vertex   9.939340e+00 1.905000e+02 -1.206066e+01
      vertex   3.005858e+00 1.905000e+02 -1.100038e+01
      vertex   4.285810e+00 1.905000e+02 -1.056765e+01
    endloop
  endfacet
  facet normal 0.000000e+00 1.000000e+00 0.000000e+00
    outer loop
      vertex   9.939340e+00 1.905000e+02 -1.206066e+01
      vertex   4.285810e+00 1.905000e+02 -1.056765e+01
      vertex   9.700962e+00 1.905000e+02 -1.175000e+01
    endloop
  endfacet
  facet normal 0.000000e+00 1.000000e+00 0.000000e+00
    outer loop
      vertex   9.700962e+00 1.905000e+02 -1.175000e+01
      vertex   4.285810e+00 1.905000e+02 -1.056765e+01
      vertex   5.505598e+00 1.905000e+02 -9.986583e+00
    endloop
  endfacet
  facet normal 0.000000e+00 1.000000e+00 0.000000e+00
    outer loop
      vertex   9.700962e+00 1.905000e+02 -1.175000e+01
      vertex   5.505598e+00 1.905000e+02 -9.986583e+00
      vertex   9.551111e+00 1.905000e+02 -1.138823e+01
    endloop
  endfacet
  facet normal 0.000000e+00 1.000000e+00 0.000000e+00
    outer loop
      vertex   9.551111e+00 1.905000e+02 -1.138823e+01
      vertex   5.505598e+00 1.905000e+02 -9.986583e+00
      vertex   9.500000e+00 1.905000e+02 -1.100000e+01
    endloop
  endfacet
  facet normal 0.000000e+00 1.000000e+00 0.000000e+00
    outer loop
      vertex   9.500000e+00 1.905000e+02 -1.100000e+01
      vertex   5.505598e+00 1.905000e+02 -9.986583e+00
      vertex   6.648100e+00 1.905000e+02 -9.265324e+00
    endloop
  endfacet
  facet normal 0.000000e+00 1.000000e+00 -0.000000e+00
    outer loop
      vertex   9.500000e+00 1.905000e+02 -1.100000e+01
      vertex   6.648100e+00 1.905000e+02 -9.265324e+00
      vertex   9.551111e+00 1.905000e+02 -1.061177e+01
    endloop
  endfacet
  facet normal 0.000000e+00 1.000000e+00 0.000000e+00
    outer loop
      vertex   9.551111e+00 1.905000e+02 -1.061177e+01
      vertex   6.648100e+00 1.905000e+02 -9.265324e+00
      vertex   7.697276e+00 1.905000e+02 -8.414000e+00
    endloop
  endfacet
  facet normal 0.000000e+00 1.000000e+00 -0.000000e+00
    outer loop
      vertex   9.551111e+00 1.905000e+02 -1.061177e+01
      vertex   7.697276e+00 1.905000e+02 -8.414000e+00
      vertex   9.700962e+00 1.905000e+02 -1.025000e+01
    endloop
  endfacet
  facet normal 0.000000e+00 1.000000e+00 -0.000000e+00
    outer loop
      vertex   9.700962e+00 1.905000e+02 -1.025000e+01
      vertex   7.697276e+00 1.905000e+02 -8.414000e+00
      vertex   9.939340e+00 1.905000e+02 -9.939340e+00
    endloop
  endfacet
  facet normal 0.000000e+00 1.000000e+00 0.000000e+00
    outer loop
      vertex   9.939340e+00 1.905000e+02 -9.939340e+00
      vertex   7.697276e+00 1.905000e+02 -8.414000e+00
      vertex   8.638400e+00 1.905000e+02 -7.444561e+00
    endloop
  endfacet
  facet normal 0.000000e+00 1.000000e+00 -0.000000e+00
    outer loop
      vertex   9.939340e+00 1.905000e+02 -9.939340e+00
      vertex   8.638400e+00 1.905000e+02 -7.444561e+00
      vertex   1.025000e+01 1.905000e+02 -9.700962e+00
    endloop
  endfacet
  facet normal 0.000000e+00 1.000000e+00 -0.000000e+00
    outer loop
      vertex   1.025000e+01 1.905000e+02 -9.700962e+00
      vertex   8.638400e+00 1.905000e+02 -7.444561e+00
      vertex   1.061177e+01 1.905000e+02 -9.551111e+00
    endloop
  endfacet
  facet normal 0.000000e+00 1.000000e+00 0.000000e+00
    outer loop
      vertex   1.061177e+01 1.905000e+02 -9.551111e+00
      vertex   8.638400e+00 1.905000e+02 -7.444561e+00
      vertex   9.458260e+00 1.905000e+02 -6.370618e+00
    endloop
  endfacet
  facet normal 0.000000e+00 1.000000e+00 -0.000000e+00
    outer loop
      vertex   1.061177e+01 1.905000e+02 -9.551111e+00
      vertex   9.458260e+00 1.905000e+02 -6.370618e+00
      vertex   1.100000e+01 1.905000e+02 -9.500000e+00
    endloop
  endfacet
  facet normal -0.000000e+00 1.000000e+00 -0.000000e+00
    outer loop
      vertex   1.100000e+01 1.905000e+02 -9.500000e+00
      vertex   9.458260e+00 1.905000e+02 -6.370618e+00
      vertex   1.138823e+01 1.905000e+02 -9.551111e+00
    endloop
  endfacet
  facet normal 0.000000e+00 1.000000e+00 0.000000e+00
    outer loop
      vertex   1.138823e+01 1.905000e+02 -9.551111e+00
      vertex   9.458260e+00 1.905000e+02 -6.370618e+00
      vertex   1.014535e+01 1.905000e+02 -5.207244e+00
    endloop
  endfacet
  facet normal -0.000000e+00 1.000000e+00 -0.000000e+00
    outer loop
      vertex   1.138823e+01 1.905000e+02 -9.551111e+00
      vertex   1.014535e+01 1.905000e+02 -5.207244e+00
      vertex   1.175000e+01 1.905000e+02 -9.700962e+00
    endloop
  endfacet
  facet normal 0.000000e+00 1.000000e+00 0.000000e+00
    outer loop
      vertex   1.175000e+01 1.905000e+02 -9.700962e+00
      vertex   1.014535e+01 1.905000e+02 -5.207244e+00
      vertex   1.069001e+01 1.905000e+02 -3.970773e+00
    endloop
  endfacet
  facet normal -0.000000e+00 1.000000e+00 -0.000000e+00
    outer loop
      vertex   1.175000e+01 1.905000e+02 -9.700962e+00
      vertex   1.069001e+01 1.905000e+02 -3.970773e+00
      vertex   1.206066e+01 1.905000e+02 -9.939340e+00
    endloop
  endfacet
  facet normal 0.000000e+00 1.000000e+00 0.000000e+00
    outer loop
      vertex   1.206066e+01 1.905000e+02 -9.939340e+00
      vertex   1.069001e+01 1.905000e+02 -3.970773e+00
      vertex   1.108462e+01 1.905000e+02 -2.678561e+00
    endloop
  endfacet
  facet normal -0.000000e+00 1.000000e+00 -0.000000e+00
    outer loop
      vertex   1.206066e+01 1.905000e+02 -9.939340e+00
      vertex   1.108462e+01 1.905000e+02 -2.678561e+00
      vertex   1.229904e+01 1.905000e+02 -1.025000e+01
    endloop
  endfacet
  facet normal 0.000000e+00 1.000000e+00 0.000000e+00
    outer loop
      vertex   1.229904e+01 1.905000e+02 -1.025000e+01
      vertex   1.108462e+01 1.905000e+02 -2.678561e+00
      vertex   1.132362e+01 1.905000e+02 -1.348747e+00
    endloop
  endfacet
  facet normal 0.000000e+00 1.000000e+00 0.000000e+00
    outer loop
      vertex   -1.244889e+01 1.905000e+02 -1.061177e+01
      vertex   -1.250000e+01 1.905000e+02 -1.100000e+01
      vertex   -1.444990e+01 1.905000e+02 -1.439359e+01
    endloop
  endfacet
  facet normal 0.000000e+00 1.000000e+00 0.000000e+00
    outer loop
      vertex   -1.444990e+01 1.905000e+02 -1.439359e+01
      vertex   -1.250000e+01 1.905000e+02 -1.100000e+01
      vertex   -1.244889e+01 1.905000e+02 -1.138823e+01
    endloop
  endfacet
  facet normal 0.000000e+00 1.000000e+00 0.000000e+00
    outer loop
      vertex   -1.444990e+01 1.905000e+02 -1.439359e+01
      vertex   -1.244889e+01 1.905000e+02 -1.138823e+01
      vertex   -1.229904e+01 1.905000e+02 -1.175000e+01
    endloop
  endfacet
  facet normal 0.000000e+00 1.000000e+00 0.000000e+00
    outer loop
      vertex   -1.229904e+01 1.905000e+02 -1.175000e+01
      vertex   -1.206066e+01 1.905000e+02 -1.206066e+01
      vertex   -1.444990e+01 1.905000e+02 -1.439359e+01
    endloop
  endfacet
  facet normal 0.000000e+00 1.000000e+00 0.000000e+00
    outer loop
      vertex   -1.444990e+01 1.905000e+02 -1.439359e+01
      vertex   -1.206066e+01 1.905000e+02 -1.206066e+01
      vertex   -1.175000e+01 1.905000e+02 -1.229904e+01
    endloop
  endfacet
  facet normal 0.000000e+00 1.000000e+00 0.000000e+00
    outer loop
      vertex   -1.444990e+01 1.905000e+02 -1.439359e+01
      vertex   -1.175000e+01 1.905000e+02 -1.229904e+01
      vertex   -1.138823e+01 1.905000e+02 -1.244889e+01
    endloop
  endfacet
  facet normal 0.000000e+00 1.000000e+00 0.000000e+00
    outer loop
      vertex   -1.138823e+01 1.905000e+02 -1.244889e+01
      vertex   -1.100000e+01 1.905000e+02 -1.250000e+01
      vertex   -1.444990e+01 1.905000e+02 -1.439359e+01
    endloop
  endfacet
  facet normal 0.000000e+00 1.000000e+00 0.000000e+00
    outer loop
      vertex   -1.444990e+01 1.905000e+02 -1.439359e+01
      vertex   -1.100000e+01 1.905000e+02 -1.250000e+01
      vertex   -1.061177e+01 1.905000e+02 -1.244889e+01
    endloop
  endfacet
  facet normal -0.000000e+00 1.000000e+00 0.000000e+00
    outer loop
      vertex   1.244889e+01 1.905000e+02 -1.138823e+01
      vertex   1.250000e+01 1.905000e+02 -1.100000e+01
      vertex   1.425441e+01 1.905000e+02 -1.439359e+01
    endloop
  endfacet
  facet normal 0.000000e+00 1.000000e+00 0.000000e+00
    outer loop
      vertex   1.425441e+01 1.905000e+02 -1.439359e+01
      vertex   1.250000e+01 1.905000e+02 -1.100000e+01
      vertex   1.244889e+01 1.905000e+02 -1.061177e+01
    endloop
  endfacet
  facet normal 0.000000e+00 1.000000e+00 0.000000e+00
    outer loop
      vertex   1.061177e+01 1.905000e+02 -1.244889e+01
      vertex   1.100000e+01 1.905000e+02 -1.250000e+01
      vertex   1.425441e+01 1.905000e+02 -1.439359e+01
    endloop
  endfacet
  facet normal 0.000000e+00 1.000000e+00 0.000000e+00
    outer loop
      vertex   1.425441e+01 1.905000e+02 -1.439359e+01
      vertex   1.100000e+01 1.905000e+02 -1.250000e+01
      vertex   1.138823e+01 1.905000e+02 -1.244889e+01
    endloop
  endfacet
  facet normal 0.000000e+00 1.000000e+00 0.000000e+00
    outer loop
      vertex   1.425441e+01 1.905000e+02 -1.439359e+01
      vertex   1.138823e+01 1.905000e+02 -1.244889e+01
      vertex   1.175000e+01 1.905000e+02 -1.229904e+01
    endloop
  endfacet
  facet normal -0.000000e+00 1.000000e+00 0.000000e+00
    outer loop
      vertex   1.175000e+01 1.905000e+02 -1.229904e+01
      vertex   1.206066e+01 1.905000e+02 -1.206066e+01
      vertex   1.425441e+01 1.905000e+02 -1.439359e+01
    endloop
  endfacet
  facet normal 0.000000e+00 1.000000e+00 0.000000e+00
    outer loop
      vertex   1.425441e+01 1.905000e+02 -1.439359e+01
      vertex   1.206066e+01 1.905000e+02 -1.206066e+01
      vertex   1.229904e+01 1.905000e+02 -1.175000e+01
    endloop
  endfacet
  facet normal 0.000000e+00 1.000000e+00 0.000000e+00
    outer loop
      vertex   1.425441e+01 1.905000e+02 -1.439359e+01
      vertex   1.229904e+01 1.905000e+02 -1.175000e+01
      vertex   1.244889e+01 1.905000e+02 -1.138823e+01
    endloop
  endfacet
  facet normal 0.000000e+00 0.000000e+00 1.000000e+00
    outer loop
      vertex   1.425441e+01 1.945000e+02 -1.439359e+01
      vertex   -1.444990e+01 1.945000e+02 -1.439359e+01
      vertex   1.425441e+01 1.905000e+02 -1.439359e+01
    endloop
  endfacet
  facet normal 0.000000e+00 0.000000e+00 1.000000e+00
    outer loop
      vertex   1.425441e+01 1.905000e+02 -1.439359e+01
      vertex   -1.444990e+01 1.945000e+02 -1.439359e+01
      vertex   -1.444990e+01 1.905000e+02 -1.439359e+01
    endloop
  endfacet
  facet normal -1.000000e+00 -0.000000e+00 -0.000000e+00
    outer loop
      vertex   1.425441e+01 1.945000e+02 1.425408e+01
      vertex   1.425441e+01 1.945000e+02 -1.439359e+01
      vertex   1.425441e+01 1.905000e+02 1.425408e+01
    endloop
  endfacet
  facet normal -1.000000e+00 0.000000e+00 0.000000e+00
    outer loop
      vertex   1.425441e+01 1.905000e+02 1.425408e+01
      vertex   1.425441e+01 1.945000e+02 -1.439359e+01
      vertex   1.425441e+01 1.905000e+02 -1.439359e+01
    endloop
  endfacet
  facet normal 0.000000e+00 0.000000e+00 -1.000000e+00
    outer loop
      vertex   -1.444990e+01 1.945000e+02 1.425408e+01
      vertex   1.425441e+01 1.945000e+02 1.425408e+01
      vertex   -1.444990e+01 1.905000e+02 1.425408e+01
    endloop
  endfacet
  facet normal 0.000000e+00 0.000000e+00 -1.000000e+00
    outer loop
      vertex   -1.444990e+01 1.905000e+02 1.425408e+01
      vertex   1.425441e+01 1.945000e+02 1.425408e+01
      vertex   1.425441e+01 1.905000e+02 1.425408e+01
    endloop
  endfacet
  facet normal 1.000000e+00 -4.440892e-16 6.200702e-17
    outer loop
      vertex   -1.444990e+01 1.945000e+02 -1.439359e+01
      vertex   -1.444990e+01 1.945000e+02 1.425408e+01
      vertex   -1.444990e+01 1.905000e+02 -1.439359e+01
    endloop
  endfacet
  facet normal 1.000000e+00 0.000000e+00 0.000000e+00
    outer loop
      vertex   -1.444990e+01 1.905000e+02 -1.439359e+01
      vertex   -1.444990e+01 1.945000e+02 1.425408e+01
      vertex   -1.444990e+01 1.905000e+02 1.425408e+01
    endloop
  endfacet
endsolid
