solid ASCII
  facet normal -7.824429e-15 -1.196882e-14 -1.000000e+00
    outer loop
      vertex   -3.800000e+01 6.300000e+01 4.352074e-13
      vertex   4.000000e+00 6.300000e+01 1.065814e-13
      vertex   -3.400000e+01 6.038506e+01 4.352074e-13
    endloop
  endfacet
  facet normal -9.978455e-15 1.933326e-14 -1.000000e+00
    outer loop
      vertex   -3.400000e+01 6.038506e+01 4.352074e-13
      vertex   4.000000e+00 6.300000e+01 1.065814e-13
      vertex   -2.700000e+01 4.700000e+01 1.065814e-13
    endloop
  endfacet
  facet normal -3.920314e-14 4.049591e-15 -1.000000e+00
    outer loop
      vertex   -3.400000e+01 6.038506e+01 4.352074e-13
      vertex   -2.700000e+01 4.700000e+01 1.065814e-13
      vertex   -3.400000e+01 -3.000000e+00 1.785239e-13
    endloop
  endfacet
  facet normal -2.220446e-16 -1.407763e-15 -1.000000e+00
    outer loop
      vertex   -3.400000e+01 -3.000000e+00 1.785239e-13
      vertex   -2.700000e+01 4.700000e+01 1.065814e-13
      vertex   -2.700000e+01 -3.000000e+00 1.769696e-13
    endloop
  endfacet
  facet normal 8.215650e-14 -1.256726e-13 -1.000000e+00
    outer loop
      vertex   8.000000e+00 6.300000e+01 4.352074e-13
      vertex   4.000000e+00 6.038506e+01 4.352074e-13
      vertex   4.000000e+00 6.300000e+01 1.065814e-13
    endloop
  endfacet
  facet normal 6.486325e-14 -1.256726e-13 -1.000000e+00
    outer loop
      vertex   4.000000e+00 6.300000e+01 1.065814e-13
      vertex   4.000000e+00 6.038506e+01 4.352074e-13
      vertex   -2.700000e+01 4.700000e+01 1.065814e-13
    endloop
  endfacet
  facet normal 0.000000e+00 2.455170e-14 -1.000000e+00
    outer loop
      vertex   4.000000e+00 6.038506e+01 4.352074e-13
      vertex   4.000000e+00 4.700000e+01 1.065814e-13
      vertex   -2.700000e+01 4.700000e+01 1.065814e-13
    endloop
  endfacet
  facet normal -1.860945e-15 1.000000e+00 -1.413528e-14
    outer loop
      vertex   4.000000e+00 6.300000e+01 1.065814e-13
      vertex   -3.800000e+01 6.300000e+01 4.352074e-13
      vertex   3.741181e+00 6.300000e+01 3.407417e-02
    endloop
  endfacet
  facet normal -1.868801e-15 1.000000e+00 -4.511685e-15
    outer loop
      vertex   3.741181e+00 6.300000e+01 3.407417e-02
      vertex   -3.800000e+01 6.300000e+01 4.352074e-13
      vertex   3.500000e+00 6.300000e+01 1.339746e-01
    endloop
  endfacet
  facet normal -1.875476e-15 1.000000e+00 -2.444168e-15
    outer loop
      vertex   3.500000e+00 6.300000e+01 1.339746e-01
      vertex   -3.800000e+01 6.300000e+01 4.352074e-13
      vertex   3.292893e+00 6.300000e+01 2.928932e-01
    endloop
  endfacet
  facet normal -1.882566e-15 1.000000e+00 -1.444544e-15
    outer loop
      vertex   3.292893e+00 6.300000e+01 2.928932e-01
      vertex   -3.800000e+01 6.300000e+01 4.352074e-13
      vertex   3.133975e+00 6.300000e+01 5.000000e-01
    endloop
  endfacet
  facet normal -1.890606e-15 1.000000e+00 -7.831147e-16
    outer loop
      vertex   3.133975e+00 6.300000e+01 5.000000e-01
      vertex   -3.800000e+01 6.300000e+01 4.352074e-13
      vertex   3.034074e+00 6.300000e+01 7.411810e-01
    endloop
  endfacet
  facet normal -1.900232e-15 1.000000e+00 -2.501703e-16
    outer loop
      vertex   3.034074e+00 6.300000e+01 7.411810e-01
      vertex   -3.800000e+01 6.300000e+01 4.352074e-13
      vertex   3.000000e+00 6.300000e+01 1.000000e+00
    endloop
  endfacet
  facet normal -1.912475e-15 1.000000e+00 2.517821e-16
    outer loop
      vertex   3.000000e+00 6.300000e+01 1.000000e+00
      vertex   -3.800000e+01 6.300000e+01 4.352074e-13
      vertex   3.034074e+00 6.300000e+01 1.258819e+00
    endloop
  endfacet
  facet normal -1.929266e-15 1.000000e+00 7.991283e-16
    outer loop
      vertex   3.034074e+00 6.300000e+01 1.258819e+00
      vertex   -3.800000e+01 6.300000e+01 4.352074e-13
      vertex   3.133975e+00 6.300000e+01 1.500000e+00
    endloop
  endfacet
  facet normal -1.954824e-15 1.000000e+00 1.499989e-15
    outer loop
      vertex   3.133975e+00 6.300000e+01 1.500000e+00
      vertex   -3.800000e+01 6.300000e+01 4.352074e-13
      vertex   3.292893e+00 6.300000e+01 1.707107e+00
    endloop
  endfacet
  facet normal -1.892812e-15 1.000000e+00 0.000000e+00
    outer loop
      vertex   3.292893e+00 6.300000e+01 1.707107e+00
      vertex   -3.800000e+01 6.300000e+01 4.352074e-13
      vertex   -3.800000e+01 6.300000e+01 5.600000e+01
    endloop
  endfacet
  facet normal 0.000000e+00 1.000000e+00 1.439594e-15
    outer loop
      vertex   3.292893e+00 6.300000e+01 1.707107e+00
      vertex   -3.800000e+01 6.300000e+01 5.600000e+01
      vertex   8.000000e+00 6.300000e+01 5.600000e+01
    endloop
  endfacet
  facet normal 2.233134e-14 1.000000e+00 -0.000000e+00
    outer loop
      vertex   8.000000e+00 6.300000e+01 4.352074e-13
      vertex   4.500000e+00 6.300000e+01 1.866025e+00
      vertex   8.000000e+00 6.300000e+01 5.600000e+01
    endloop
  endfacet
  facet normal 5.824512e-16 1.000000e+00 1.406162e-15
    outer loop
      vertex   8.000000e+00 6.300000e+01 5.600000e+01
      vertex   4.500000e+00 6.300000e+01 1.866025e+00
      vertex   4.258819e+00 6.300000e+01 1.965926e+00
    endloop
  endfacet
  facet normal 1.887137e-16 1.000000e+00 1.433423e-15
    outer loop
      vertex   8.000000e+00 6.300000e+01 5.600000e+01
      vertex   4.258819e+00 6.300000e+01 1.965926e+00
      vertex   4.000000e+00 6.300000e+01 2.000000e+00
    endloop
  endfacet
  facet normal 1.953992e-14 1.000000e+00 -1.484205e-13
    outer loop
      vertex   4.000000e+00 6.300000e+01 1.065814e-13
      vertex   4.258819e+00 6.300000e+01 3.407417e-02
      vertex   8.000000e+00 6.300000e+01 4.352074e-13
    endloop
  endfacet
  facet normal 2.044223e-14 1.000000e+00 -4.935190e-14
    outer loop
      vertex   8.000000e+00 6.300000e+01 4.352074e-13
      vertex   4.258819e+00 6.300000e+01 3.407417e-02
      vertex   4.500000e+00 6.300000e+01 1.339746e-01
    endloop
  endfacet
  facet normal 2.127027e-14 1.000000e+00 -2.771995e-14
    outer loop
      vertex   8.000000e+00 6.300000e+01 4.352074e-13
      vertex   4.500000e+00 6.300000e+01 1.339746e-01
      vertex   4.707107e+00 6.300000e+01 2.928932e-01
    endloop
  endfacet
  facet normal 2.221937e-14 1.000000e+00 -1.704952e-14
    outer loop
      vertex   4.707107e+00 6.300000e+01 2.928932e-01
      vertex   4.866025e+00 6.300000e+01 5.000000e-01
      vertex   8.000000e+00 6.300000e+01 4.352074e-13
    endloop
  endfacet
  facet normal 2.339353e-14 1.000000e+00 -9.689919e-15
    outer loop
      vertex   8.000000e+00 6.300000e+01 4.352074e-13
      vertex   4.866025e+00 6.300000e+01 5.000000e-01
      vertex   4.965926e+00 6.300000e+01 7.411810e-01
    endloop
  endfacet
  facet normal 2.495797e-14 1.000000e+00 -3.285779e-15
    outer loop
      vertex   8.000000e+00 6.300000e+01 4.352074e-13
      vertex   4.965926e+00 6.300000e+01 7.411810e-01
      vertex   5.000000e+00 6.300000e+01 1.000000e+00
    endloop
  endfacet
  facet normal 2.724903e-14 1.000000e+00 3.587403e-15
    outer loop
      vertex   5.000000e+00 6.300000e+01 1.000000e+00
      vertex   4.965926e+00 6.300000e+01 1.258819e+00
      vertex   8.000000e+00 6.300000e+01 4.352074e-13
    endloop
  endfacet
  facet normal 3.110643e-14 1.000000e+00 1.288470e-14
    outer loop
      vertex   8.000000e+00 6.300000e+01 4.352074e-13
      vertex   4.965926e+00 6.300000e+01 1.258819e+00
      vertex   4.866025e+00 6.300000e+01 1.500000e+00
    endloop
  endfacet
  facet normal 3.941519e-14 1.000000e+00 3.024434e-14
    outer loop
      vertex   8.000000e+00 6.300000e+01 4.352074e-13
      vertex   4.866025e+00 6.300000e+01 1.500000e+00
      vertex   4.707107e+00 6.300000e+01 1.707107e+00
    endloop
  endfacet
  facet normal 7.317307e-14 1.000000e+00 9.536100e-14
    outer loop
      vertex   4.707107e+00 6.300000e+01 1.707107e+00
      vertex   4.500000e+00 6.300000e+01 1.866025e+00
      vertex   8.000000e+00 6.300000e+01 4.352074e-13
    endloop
  endfacet
  facet normal -1.924307e-16 1.000000e+00 1.461656e-15
    outer loop
      vertex   4.000000e+00 6.300000e+01 2.000000e+00
      vertex   3.741181e+00 6.300000e+01 1.965926e+00
      vertex   8.000000e+00 6.300000e+01 5.600000e+01
    endloop
  endfacet
  facet normal -6.193763e-16 1.000000e+00 1.495307e-15
    outer loop
      vertex   8.000000e+00 6.300000e+01 5.600000e+01
      vertex   3.741181e+00 6.300000e+01 1.965926e+00
      vertex   3.500000e+00 6.300000e+01 1.866025e+00
    endloop
  endfacet
  facet normal -1.183363e-15 1.000000e+00 1.542189e-15
    outer loop
      vertex   8.000000e+00 6.300000e+01 5.600000e+01
      vertex   3.500000e+00 6.300000e+01 1.866025e+00
      vertex   3.292893e+00 6.300000e+01 1.707107e+00
    endloop
  endfacet
  facet normal 0.000000e+00 -3.410608e-13 1.000000e+00
    outer loop
      vertex   -3.800000e+01 6.300000e+01 5.600000e+01
      vertex   -3.100000e+01 6.200000e+01 5.600000e+01
      vertex   8.000000e+00 6.300000e+01 5.600000e+01
    endloop
  endfacet
  facet normal 1.514614e-28 -3.410608e-13 1.000000e+00
    outer loop
      vertex   8.000000e+00 6.300000e+01 5.600000e+01
      vertex   -3.100000e+01 6.200000e+01 5.600000e+01
      vertex   1.000000e+00 6.200000e+01 5.600000e+01
    endloop
  endfacet
  facet normal -2.148380e-14 -1.906740e-13 1.000000e+00
    outer loop
      vertex   8.000000e+00 6.300000e+01 5.600000e+01
      vertex   1.000000e+00 6.200000e+01 5.600000e+01
      vertex   1.445042e+00 6.194986e+01 5.600000e+01
    endloop
  endfacet
  facet normal 1.238063e-13 1.893832e-13 1.000000e+00
    outer loop
      vertex   -3.400000e+01 6.038506e+01 5.600000e+01
      vertex   -3.256366e+01 6.124698e+01 5.600000e+01
      vertex   -3.800000e+01 6.300000e+01 5.600000e+01
    endloop
  endfacet
  facet normal 4.743964e-14 -4.743964e-14 1.000000e+00
    outer loop
      vertex   -3.800000e+01 6.300000e+01 5.600000e+01
      vertex   -3.256366e+01 6.124698e+01 5.600000e+01
      vertex   -3.224698e+01 6.156366e+01 5.600000e+01
    endloop
  endfacet
  facet normal 4.242607e-14 -6.752071e-14 1.000000e+00
    outer loop
      vertex   -3.800000e+01 6.300000e+01 5.600000e+01
      vertex   -3.224698e+01 6.156366e+01 5.600000e+01
      vertex   -3.186777e+01 6.180194e+01 5.600000e+01
    endloop
  endfacet
  facet normal 7.644208e-14 -2.548068e-14 1.000000e+00
    outer loop
      vertex   -3.400000e+01 4.700000e+01 5.600000e+01
      vertex   -3.300000e+01 5.000000e+01 5.600000e+01
      vertex   -3.400000e+01 6.038506e+01 5.600000e+01
    endloop
  endfacet
  facet normal 3.410606e-13 2.423381e-28 1.000000e+00
    outer loop
      vertex   -3.400000e+01 6.038506e+01 5.600000e+01
      vertex   -3.300000e+01 5.000000e+01 5.600000e+01
      vertex   -3.300000e+01 6.000000e+01 5.600000e+01
    endloop
  endfacet
  facet normal 3.268787e-13 -3.683038e-14 1.000000e+00
    outer loop
      vertex   -3.400000e+01 6.038506e+01 5.600000e+01
      vertex   -3.300000e+01 6.000000e+01 5.600000e+01
      vertex   -3.294986e+01 6.044504e+01 5.600000e+01
    endloop
  endfacet
  facet normal 0.000000e+00 0.000000e+00 1.000000e+00
    outer loop
      vertex   4.000000e+00 4.700000e+01 5.600000e+01
      vertex   1.000000e+00 4.800000e+01 5.600000e+01
      vertex   -3.400000e+01 4.700000e+01 5.600000e+01
    endloop
  endfacet
  facet normal 0.000000e+00 0.000000e+00 1.000000e+00
    outer loop
      vertex   -3.400000e+01 4.700000e+01 5.600000e+01
      vertex   1.000000e+00 4.800000e+01 5.600000e+01
      vertex   -3.100000e+01 4.800000e+01 5.600000e+01
    endloop
  endfacet
  facet normal 0.000000e+00 0.000000e+00 1.000000e+00
    outer loop
      vertex   -3.400000e+01 4.700000e+01 5.600000e+01
      vertex   -3.100000e+01 4.800000e+01 5.600000e+01
      vertex   -3.144504e+01 4.805014e+01 5.600000e+01
    endloop
  endfacet
  facet normal -7.644205e-14 -2.548068e-14 1.000000e+00
    outer loop
      vertex   4.000000e+00 6.038506e+01 5.600000e+01
      vertex   3.000000e+00 5.000000e+01 5.600000e+01
      vertex   4.000000e+00 4.700000e+01 5.600000e+01
    endloop
  endfacet
  facet normal 0.000000e+00 0.000000e+00 1.000000e+00
    outer loop
      vertex   4.000000e+00 4.700000e+01 5.600000e+01
      vertex   3.000000e+00 5.000000e+01 5.600000e+01
      vertex   2.949856e+00 4.955496e+01 5.600000e+01
    endloop
  endfacet
  facet normal 0.000000e+00 0.000000e+00 1.000000e+00
    outer loop
      vertex   4.000000e+00 4.700000e+01 5.600000e+01
      vertex   2.949856e+00 4.955496e+01 5.600000e+01
      vertex   2.801938e+00 4.913223e+01 5.600000e+01
    endloop
  endfacet
  facet normal -1.238063e-13 1.893831e-13 1.000000e+00
    outer loop
      vertex   8.000000e+00 6.300000e+01 5.600000e+01
      vertex   2.563663e+00 6.124698e+01 5.600000e+01
      vertex   4.000000e+00 6.038506e+01 5.600000e+01
    endloop
  endfacet
  facet normal -3.811765e-13 -2.395091e-13 1.000000e+00
    outer loop
      vertex   4.000000e+00 6.038506e+01 5.600000e+01
      vertex   2.563663e+00 6.124698e+01 5.600000e+01
      vertex   2.801938e+00 6.086777e+01 5.600000e+01
    endloop
  endfacet
  facet normal -3.313983e-13 -1.159613e-13 1.000000e+00
    outer loop
      vertex   4.000000e+00 6.038506e+01 5.600000e+01
      vertex   2.801938e+00 6.086777e+01 5.600000e+01
      vertex   2.949856e+00 6.044504e+01 5.600000e+01
    endloop
  endfacet
  facet normal -3.268786e-13 -3.683037e-14 1.000000e+00
    outer loop
      vertex   2.949856e+00 6.044504e+01 5.600000e+01
      vertex   3.000000e+00 6.000000e+01 5.600000e+01
      vertex   4.000000e+00 6.038506e+01 5.600000e+01
    endloop
  endfacet
  facet normal -3.410605e-13 0.000000e+00 1.000000e+00
    outer loop
      vertex   4.000000e+00 6.038506e+01 5.600000e+01
      vertex   3.000000e+00 6.000000e+01 5.600000e+01
      vertex   3.000000e+00 5.000000e+01 5.600000e+01
    endloop
  endfacet
  facet normal 0.000000e+00 0.000000e+00 1.000000e+00
    outer loop
      vertex   2.801938e+00 4.913223e+01 5.600000e+01
      vertex   2.563663e+00 4.875302e+01 5.600000e+01
      vertex   4.000000e+00 4.700000e+01 5.600000e+01
    endloop
  endfacet
  facet normal 0.000000e+00 0.000000e+00 1.000000e+00
    outer loop
      vertex   4.000000e+00 4.700000e+01 5.600000e+01
      vertex   2.563663e+00 4.875302e+01 5.600000e+01
      vertex   2.246980e+00 4.843634e+01 5.600000e+01
    endloop
  endfacet
  facet normal 0.000000e+00 0.000000e+00 1.000000e+00
    outer loop
      vertex   4.000000e+00 4.700000e+01 5.600000e+01
      vertex   2.246980e+00 4.843634e+01 5.600000e+01
      vertex   1.867767e+00 4.819806e+01 5.600000e+01
    endloop
  endfacet
  facet normal 0.000000e+00 0.000000e+00 1.000000e+00
    outer loop
      vertex   1.867767e+00 4.819806e+01 5.600000e+01
      vertex   1.445042e+00 4.805014e+01 5.600000e+01
      vertex   4.000000e+00 4.700000e+01 5.600000e+01
    endloop
  endfacet
  facet normal 0.000000e+00 0.000000e+00 1.000000e+00
    outer loop
      vertex   4.000000e+00 4.700000e+01 5.600000e+01
      vertex   1.445042e+00 4.805014e+01 5.600000e+01
      vertex   1.000000e+00 4.800000e+01 5.600000e+01
    endloop
  endfacet
  facet normal 0.000000e+00 0.000000e+00 1.000000e+00
    outer loop
      vertex   -3.144504e+01 4.805014e+01 5.600000e+01
      vertex   -3.186777e+01 4.819806e+01 5.600000e+01
      vertex   -3.400000e+01 4.700000e+01 5.600000e+01
    endloop
  endfacet
  facet normal 0.000000e+00 0.000000e+00 1.000000e+00
    outer loop
      vertex   -3.400000e+01 4.700000e+01 5.600000e+01
      vertex   -3.186777e+01 4.819806e+01 5.600000e+01
      vertex   -3.224698e+01 4.843634e+01 5.600000e+01
    endloop
  endfacet
  facet normal 0.000000e+00 0.000000e+00 1.000000e+00
    outer loop
      vertex   -3.400000e+01 4.700000e+01 5.600000e+01
      vertex   -3.224698e+01 4.843634e+01 5.600000e+01
      vertex   -3.256366e+01 4.875302e+01 5.600000e+01
    endloop
  endfacet
  facet normal 0.000000e+00 0.000000e+00 1.000000e+00
    outer loop
      vertex   -3.256366e+01 4.875302e+01 5.600000e+01
      vertex   -3.280194e+01 4.913223e+01 5.600000e+01
      vertex   -3.400000e+01 4.700000e+01 5.600000e+01
    endloop
  endfacet
  facet normal 0.000000e+00 0.000000e+00 1.000000e+00
    outer loop
      vertex   -3.400000e+01 4.700000e+01 5.600000e+01
      vertex   -3.280194e+01 4.913223e+01 5.600000e+01
      vertex   -3.294986e+01 4.955496e+01 5.600000e+01
    endloop
  endfacet
  facet normal 0.000000e+00 0.000000e+00 1.000000e+00
    outer loop
      vertex   -3.400000e+01 4.700000e+01 5.600000e+01
      vertex   -3.294986e+01 4.955496e+01 5.600000e+01
      vertex   -3.300000e+01 5.000000e+01 5.600000e+01
    endloop
  endfacet
  facet normal 3.313984e-13 -1.159613e-13 1.000000e+00
    outer loop
      vertex   -3.294986e+01 6.044504e+01 5.600000e+01
      vertex   -3.280194e+01 6.086777e+01 5.600000e+01
      vertex   -3.400000e+01 6.038506e+01 5.600000e+01
    endloop
  endfacet
  facet normal 3.811766e-13 -2.395091e-13 1.000000e+00
    outer loop
      vertex   -3.400000e+01 6.038506e+01 5.600000e+01
      vertex   -3.280194e+01 6.086777e+01 5.600000e+01
      vertex   -3.256366e+01 6.124698e+01 5.600000e+01
    endloop
  endfacet
  facet normal 3.569036e-14 -1.019972e-13 1.000000e+00
    outer loop
      vertex   -3.186777e+01 6.180194e+01 5.600000e+01
      vertex   -3.144504e+01 6.194986e+01 5.600000e+01
      vertex   -3.800000e+01 6.300000e+01 5.600000e+01
    endloop
  endfacet
  facet normal 2.148380e-14 -1.906740e-13 1.000000e+00
    outer loop
      vertex   -3.800000e+01 6.300000e+01 5.600000e+01
      vertex   -3.144504e+01 6.194986e+01 5.600000e+01
      vertex   -3.100000e+01 6.200000e+01 5.600000e+01
    endloop
  endfacet
  facet normal -3.569036e-14 -1.019972e-13 1.000000e+00
    outer loop
      vertex   1.445042e+00 6.194986e+01 5.600000e+01
      vertex   1.867767e+00 6.180194e+01 5.600000e+01
      vertex   8.000000e+00 6.300000e+01 5.600000e+01
    endloop
  endfacet
  facet normal -4.242607e-14 -6.752071e-14 1.000000e+00
    outer loop
      vertex   8.000000e+00 6.300000e+01 5.600000e+01
      vertex   1.867767e+00 6.180194e+01 5.600000e+01
      vertex   2.246980e+00 6.156366e+01 5.600000e+01
    endloop
  endfacet
  facet normal -4.743964e-14 -4.743964e-14 1.000000e+00
    outer loop
      vertex   8.000000e+00 6.300000e+01 5.600000e+01
      vertex   2.246980e+00 6.156366e+01 5.600000e+01
      vertex   2.563663e+00 6.124698e+01 5.600000e+01
    endloop
  endfacet
  facet normal -1.000000e+00 -3.096493e-15 3.920314e-17
    outer loop
      vertex   4.000000e+00 6.038506e+01 5.131159e+01
      vertex   4.000000e+00 6.052378e+01 5.094055e+01
      vertex   4.000000e+00 6.038506e+01 6.000000e+00
    endloop
  endfacet
  facet normal -1.000000e+00 7.073398e-15 7.811449e-18
    outer loop
      vertex   4.000000e+00 6.038506e+01 6.000000e+00
      vertex   4.000000e+00 6.052378e+01 5.094055e+01
      vertex   4.000000e+00 6.063619e+01 6.000000e+00
    endloop
  endfacet
  facet normal -1.000000e+00 -4.562296e-17 -9.995823e-18
    outer loop
      vertex   4.000000e+00 6.063619e+01 6.000000e+00
      vertex   4.000000e+00 6.052378e+01 5.094055e+01
      vertex   4.000000e+00 6.060797e+01 5.055630e+01
    endloop
  endfacet
  facet normal -1.000000e+00 1.573473e-14 -6.834886e-29
    outer loop
      vertex   4.000000e+00 6.063619e+01 6.000000e+00
      vertex   4.000000e+00 6.060797e+01 5.055630e+01
      vertex   4.000000e+00 6.063619e+01 5.016537e+01
    endloop
  endfacet
  facet normal 5.471840e-01 -8.370124e-01 -5.419615e-17
    outer loop
      vertex   4.810819e+00 6.091512e+01 5.089418e+01
      vertex   5.000000e+00 6.103880e+01 6.000000e+00
      vertex   5.000000e+00 6.103880e+01 5.075111e+01
    endloop
  endfacet
  facet normal 5.471840e-01 -8.370124e-01 -5.429999e-17
    outer loop
      vertex   5.000000e+00 6.103880e+01 5.075111e+01
      vertex   5.000000e+00 6.103880e+01 6.000000e+00
      vertex   8.000000e+00 6.300000e+01 5.600000e+01
    endloop
  endfacet
  facet normal 5.471840e-01 -8.370124e-01 2.287641e-16
    outer loop
      vertex   5.000000e+00 6.103880e+01 5.075111e+01
      vertex   8.000000e+00 6.300000e+01 5.600000e+01
      vertex   5.000000e+00 6.103880e+01 5.500000e+01
    endloop
  endfacet
  facet normal 5.471840e-01 -8.370124e-01 1.863004e-14
    outer loop
      vertex   5.000000e+00 6.103880e+01 5.500000e+01
      vertex   8.000000e+00 6.300000e+01 5.600000e+01
      vertex   4.980785e+00 6.102623e+01 5.519509e+01
    endloop
  endfacet
  facet normal 5.471840e-01 -8.370124e-01 8.728211e-16
    outer loop
      vertex   4.980785e+00 6.102623e+01 5.519509e+01
      vertex   8.000000e+00 6.300000e+01 5.600000e+01
      vertex   4.923880e+00 6.098903e+01 5.538268e+01
    endloop
  endfacet
  facet normal 5.471840e-01 -8.370124e-01 -2.221127e-14
    outer loop
      vertex   4.923880e+00 6.098903e+01 5.538268e+01
      vertex   8.000000e+00 6.300000e+01 5.600000e+01
      vertex   4.831470e+00 6.092862e+01 5.555557e+01
    endloop
  endfacet
  facet normal 5.471840e-01 -8.370124e-01 -2.039325e-14
    outer loop
      vertex   4.831470e+00 6.092862e+01 5.555557e+01
      vertex   8.000000e+00 6.300000e+01 5.600000e+01
      vertex   4.707107e+00 6.084732e+01 5.570711e+01
    endloop
  endfacet
  facet normal 5.471840e-01 -8.370124e-01 5.732477e-15
    outer loop
      vertex   4.707107e+00 6.084732e+01 5.570711e+01
      vertex   8.000000e+00 6.300000e+01 5.600000e+01
      vertex   4.555570e+00 6.074826e+01 5.583147e+01
    endloop
  endfacet
  facet normal 5.471840e-01 -8.370124e-01 1.738523e-14
    outer loop
      vertex   4.555570e+00 6.074826e+01 5.583147e+01
      vertex   8.000000e+00 6.300000e+01 5.600000e+01
      vertex   4.382683e+00 6.063523e+01 5.592388e+01
    endloop
  endfacet
  facet normal 5.471840e-01 -8.370124e-01 4.749236e-14
    outer loop
      vertex   4.382683e+00 6.063523e+01 5.592388e+01
      vertex   8.000000e+00 6.300000e+01 5.600000e+01
      vertex   4.195090e+00 6.051260e+01 5.598079e+01
    endloop
  endfacet
  facet normal 5.471840e-01 -8.370124e-01 3.022651e-14
    outer loop
      vertex   4.195090e+00 6.051260e+01 5.598079e+01
      vertex   8.000000e+00 6.300000e+01 5.600000e+01
      vertex   4.000000e+00 6.038506e+01 5.600000e+01
    endloop
  endfacet
  facet normal 5.471840e-01 -8.370124e-01 1.034330e-16
    outer loop
      vertex   4.810819e+00 6.091512e+01 5.089418e+01
      vertex   4.580710e+00 6.076469e+01 5.103551e+01
      vertex   5.000000e+00 6.103880e+01 6.000000e+00
    endloop
  endfacet
  facet normal 5.471840e-01 -8.370124e-01 1.145197e-16
    outer loop
      vertex   5.000000e+00 6.103880e+01 6.000000e+00
      vertex   4.580710e+00 6.076469e+01 5.103551e+01
      vertex   4.000000e+00 6.038506e+01 6.000000e+00
    endloop
  endfacet
  facet normal 5.471840e-01 -8.370124e-01 -2.368181e-16
    outer loop
      vertex   4.000000e+00 6.038506e+01 6.000000e+00
      vertex   4.580710e+00 6.076469e+01 5.103551e+01
      vertex   4.310221e+00 6.058786e+01 5.117475e+01
    endloop
  endfacet
  facet normal 5.471840e-01 -8.370124e-01 -2.145133e-17
    outer loop
      vertex   4.000000e+00 6.038506e+01 6.000000e+00
      vertex   4.310221e+00 6.058786e+01 5.117475e+01
      vertex   4.000000e+00 6.038506e+01 5.131159e+01
    endloop
  endfacet
  facet normal 5.471840e-01 -8.370124e-01 0.000000e+00
    outer loop
      vertex   8.000000e+00 6.300000e+01 5.600000e+01
      vertex   5.000000e+00 6.103880e+01 6.000000e+00
      vertex   8.000000e+00 6.300000e+01 4.352074e-13
    endloop
  endfacet
  facet normal 5.471840e-01 -8.370124e-01 -8.920996e-16
    outer loop
      vertex   8.000000e+00 6.300000e+01 4.352074e-13
      vertex   5.000000e+00 6.103880e+01 6.000000e+00
      vertex   5.000000e+00 6.103880e+01 1.000000e+00
    endloop
  endfacet
  facet normal 5.471840e-01 -8.370124e-01 3.689498e-15
    outer loop
      vertex   8.000000e+00 6.300000e+01 4.352074e-13
      vertex   5.000000e+00 6.103880e+01 1.000000e+00
      vertex   4.980785e+00 6.102623e+01 8.049097e-01
    endloop
  endfacet
  facet normal 5.471840e-01 -8.370124e-01 4.041541e-15
    outer loop
      vertex   4.980785e+00 6.102623e+01 8.049097e-01
      vertex   4.923880e+00 6.098903e+01 6.173166e-01
      vertex   8.000000e+00 6.300000e+01 4.352074e-13
    endloop
  endfacet
  facet normal 5.471840e-01 -8.370124e-01 -1.136207e-14
    outer loop
      vertex   8.000000e+00 6.300000e+01 4.352074e-13
      vertex   4.923880e+00 6.098903e+01 6.173166e-01
      vertex   4.831470e+00 6.092862e+01 4.444298e-01
    endloop
  endfacet
  facet normal 5.471840e-01 -8.370124e-01 5.692754e-14
    outer loop
      vertex   8.000000e+00 6.300000e+01 4.352074e-13
      vertex   4.831470e+00 6.092862e+01 4.444298e-01
      vertex   4.707107e+00 6.084732e+01 2.928932e-01
    endloop
  endfacet
  facet normal 5.471840e-01 -8.370124e-01 -1.842582e-15
    outer loop
      vertex   4.707107e+00 6.084732e+01 2.928932e-01
      vertex   4.555570e+00 6.074826e+01 1.685304e-01
      vertex   8.000000e+00 6.300000e+01 4.352074e-13
    endloop
  endfacet
  facet normal 5.471840e-01 -8.370124e-01 -2.139721e-14
    outer loop
      vertex   8.000000e+00 6.300000e+01 4.352074e-13
      vertex   4.555570e+00 6.074826e+01 1.685304e-01
      vertex   4.382683e+00 6.063523e+01 7.612047e-02
    endloop
  endfacet
  facet normal 5.471840e-01 -8.370124e-01 -4.728128e-14
    outer loop
      vertex   8.000000e+00 6.300000e+01 4.352074e-13
      vertex   4.382683e+00 6.063523e+01 7.612047e-02
      vertex   4.195090e+00 6.051260e+01 1.921472e-02
    endloop
  endfacet
  facet normal 5.471840e-01 -8.370124e-01 2.055403e-14
    outer loop
      vertex   4.195090e+00 6.051260e+01 1.921472e-02
      vertex   4.000000e+00 6.038506e+01 4.352074e-13
      vertex   8.000000e+00 6.300000e+01 4.352074e-13
    endloop
  endfacet
  facet normal 4.217164e-01 -9.043738e-01 -6.529316e-02
    outer loop
      vertex   4.000000e+00 6.063619e+01 5.016537e+01
      vertex   4.000000e+00 6.060797e+01 5.055630e+01
      vertex   2.000000e+00 5.970358e+01 5.016537e+01
    endloop
  endfacet
  facet normal 4.245339e-01 -9.012227e-01 -8.699778e-02
    outer loop
      vertex   2.000000e+00 5.970358e+01 5.016537e+01
      vertex   4.000000e+00 6.060797e+01 5.055630e+01
      vertex   2.000000e+00 5.965329e+01 5.068632e+01
    endloop
  endfacet
  facet normal 4.121567e-01 -8.900019e-01 -1.949961e-01
    outer loop
      vertex   2.000000e+00 5.965329e+01 5.068632e+01
      vertex   4.000000e+00 6.060797e+01 5.055630e+01
      vertex   4.000000e+00 6.052378e+01 5.094055e+01
    endloop
  endfacet
  facet normal 4.129579e-01 -8.733793e-01 -2.582139e-01
    outer loop
      vertex   2.000000e+00 5.965329e+01 5.068632e+01
      vertex   4.000000e+00 6.052378e+01 5.094055e+01
      vertex   2.000000e+00 5.950395e+01 5.119143e+01
    endloop
  endfacet
  facet normal 3.978878e-01 -8.593396e-01 -3.212799e-01
    outer loop
      vertex   2.000000e+00 5.950395e+01 5.119143e+01
      vertex   4.000000e+00 6.052378e+01 5.094055e+01
      vertex   4.000000e+00 6.038506e+01 5.131159e+01
    endloop
  endfacet
  facet normal 3.866286e-01 -8.200568e-01 -4.219303e-01
    outer loop
      vertex   2.000000e+00 5.950395e+01 5.119143e+01
      vertex   4.000000e+00 6.038506e+01 5.131159e+01
      vertex   2.000000e+00 5.926010e+01 5.166537e+01
    endloop
  endfacet
  facet normal 3.770599e-01 -8.110212e-01 -4.472923e-01
    outer loop
      vertex   2.000000e+00 5.926010e+01 5.166537e+01
      vertex   4.000000e+00 6.038506e+01 5.131159e+01
      vertex   5.000000e+00 6.063136e+01 5.170799e+01
    endloop
  endfacet
  facet normal 3.473329e-01 -7.420691e-01 -5.733178e-01
    outer loop
      vertex   2.000000e+00 5.926010e+01 5.166537e+01
      vertex   5.000000e+00 6.063136e+01 5.170799e+01
      vertex   2.000000e+00 5.892915e+01 5.209374e+01
    endloop
  endfacet
  facet normal 3.415296e-01 -7.347386e-01 -5.861030e-01
    outer loop
      vertex   2.000000e+00 5.892915e+01 5.209374e+01
      vertex   5.000000e+00 6.063136e+01 5.170799e+01
      vertex   5.000000e+00 6.029862e+01 5.212512e+01
    endloop
  endfacet
  facet normal 2.998402e-01 -6.406449e-01 -7.068734e-01
    outer loop
      vertex   2.000000e+00 5.892915e+01 5.209374e+01
      vertex   5.000000e+00 6.029862e+01 5.212512e+01
      vertex   2.000000e+00 5.852116e+01 5.246351e+01
    endloop
  endfacet
  facet normal 2.943139e-01 -6.330510e-01 -7.159789e-01
    outer loop
      vertex   2.000000e+00 5.852116e+01 5.246351e+01
      vertex   5.000000e+00 6.029862e+01 5.212512e+01
      vertex   5.000000e+00 5.989209e+01 5.248456e+01
    endloop
  endfacet
  facet normal 2.432483e-01 -5.197235e-01 -8.189736e-01
    outer loop
      vertex   2.000000e+00 5.852116e+01 5.246351e+01
      vertex   5.000000e+00 5.989209e+01 5.248456e+01
      vertex   2.000000e+00 5.804851e+01 5.276345e+01
    endloop
  endfacet
  facet normal 2.384298e-01 -5.127580e-01 -8.247608e-01
    outer loop
      vertex   2.000000e+00 5.804851e+01 5.276345e+01
      vertex   5.000000e+00 5.989209e+01 5.248456e+01
      vertex   5.000000e+00 5.942376e+01 5.277572e+01
    endloop
  endfacet
  facet normal 1.766895e-01 -3.773235e-01 -9.090697e-01
    outer loop
      vertex   2.000000e+00 5.804851e+01 5.276345e+01
      vertex   5.000000e+00 5.942376e+01 5.277572e+01
      vertex   5.000000e+00 5.890740e+01 5.299005e+01
    endloop
  endfacet
  facet normal 3.752509e-01 -8.160476e-01 -4.396055e-01
    outer loop
      vertex   5.000000e+00 6.063136e+01 5.170799e+01
      vertex   4.000000e+00 6.038506e+01 5.131159e+01
      vertex   5.000000e+00 6.088053e+01 5.124545e+01
    endloop
  endfacet
  facet normal 3.956118e-01 -8.461326e-01 -3.571427e-01
    outer loop
      vertex   5.000000e+00 6.088053e+01 5.124545e+01
      vertex   4.000000e+00 6.038506e+01 5.131159e+01
      vertex   4.310221e+00 6.058786e+01 5.117475e+01
    endloop
  endfacet
  facet normal 3.976723e-01 -8.600407e-01 -3.196666e-01
    outer loop
      vertex   5.000000e+00 6.088053e+01 5.124545e+01
      vertex   4.310221e+00 6.058786e+01 5.117475e+01
      vertex   4.580710e+00 6.076469e+01 5.103551e+01
    endloop
  endfacet
  facet normal 3.889987e-01 -8.725858e-01 -2.954216e-01
    outer loop
      vertex   4.580710e+00 6.076469e+01 5.103551e+01
      vertex   4.810819e+00 6.091512e+01 5.089418e+01
      vertex   5.000000e+00 6.088053e+01 5.124545e+01
    endloop
  endfacet
  facet normal 3.649764e-01 -8.866841e-01 -2.838722e-01
    outer loop
      vertex   5.000000e+00 6.088053e+01 5.124545e+01
      vertex   4.810819e+00 6.091512e+01 5.089418e+01
      vertex   5.000000e+00 6.103880e+01 5.075111e+01
    endloop
  endfacet
  facet normal 1.781281e-01 -3.830560e-01 -9.063876e-01
    outer loop
      vertex   2.000000e+00 5.804851e+01 5.276345e+01
      vertex   5.000000e+00 5.890740e+01 5.299005e+01
      vertex   2.000000e+00 5.752558e+01 5.298445e+01
    endloop
  endfacet
  facet normal 1.081794e-01 -2.309487e-01 -9.669332e-01
    outer loop
      vertex   2.000000e+00 5.752558e+01 5.298445e+01
      vertex   5.000000e+00 5.890740e+01 5.299005e+01
      vertex   5.000000e+00 5.835821e+01 5.312122e+01
    endloop
  endfacet
  facet normal 1.091414e-01 -2.345759e-01 -9.659515e-01
    outer loop
      vertex   2.000000e+00 5.752558e+01 5.298445e+01
      vertex   5.000000e+00 5.835821e+01 5.312122e+01
      vertex   2.000000e+00 5.696824e+01 5.311980e+01
    endloop
  endfacet
  facet normal 3.706892e-02 -7.898924e-02 -9.961860e-01
    outer loop
      vertex   2.000000e+00 5.696824e+01 5.311980e+01
      vertex   5.000000e+00 5.835821e+01 5.312122e+01
      vertex   2.000000e+00 5.639344e+01 5.316537e+01
    endloop
  endfacet
  facet normal 3.625537e-02 -7.774988e-02 -9.963135e-01
    outer loop
      vertex   2.000000e+00 5.639344e+01 5.316537e+01
      vertex   5.000000e+00 5.835821e+01 5.312122e+01
      vertex   5.000000e+00 5.779237e+01 5.316537e+01
    endloop
  endfacet
  facet normal 9.951946e-01 -1.831782e-03 9.790016e-02
    outer loop
      vertex   4.980785e+00 6.102623e+01 5.519509e+01
      vertex   4.965926e+00 5.635920e+01 5.525882e+01
      vertex   5.000000e+00 6.103880e+01 5.500000e+01
    endloop
  endfacet
  facet normal 9.914449e-01 0.000000e+00 1.305262e-01
    outer loop
      vertex   5.000000e+00 6.103880e+01 5.500000e+01
      vertex   4.965926e+00 5.635920e+01 5.525882e+01
      vertex   4.965926e+00 5.167960e+01 5.525882e+01
    endloop
  endfacet
  facet normal 9.914449e-01 0.000000e+00 1.305262e-01
    outer loop
      vertex   5.000000e+00 6.103880e+01 5.500000e+01
      vertex   4.965926e+00 5.167960e+01 5.525882e+01
      vertex   5.000000e+00 4.700000e+01 5.500000e+01
    endloop
  endfacet
  facet normal 9.914449e-01 -7.526098e-16 1.305262e-01
    outer loop
      vertex   5.000000e+00 4.700000e+01 5.500000e+01
      vertex   4.965926e+00 5.167960e+01 5.525882e+01
      vertex   4.965926e+00 4.700000e+01 5.525882e+01
    endloop
  endfacet
  facet normal 9.238795e-01 -7.014019e-16 3.826834e-01
    outer loop
      vertex   4.965926e+00 4.700000e+01 5.525882e+01
      vertex   4.965926e+00 5.167960e+01 5.525882e+01
      vertex   4.866025e+00 4.700000e+01 5.550000e+01
    endloop
  endfacet
  facet normal 9.238795e-01 -5.260515e-16 3.826834e-01
    outer loop
      vertex   4.866025e+00 4.700000e+01 5.550000e+01
      vertex   4.965926e+00 5.167960e+01 5.525882e+01
      vertex   4.866025e+00 5.167960e+01 5.550000e+01
    endloop
  endfacet
  facet normal 7.933533e-01 -4.517306e-16 6.087614e-01
    outer loop
      vertex   4.866025e+00 4.700000e+01 5.550000e+01
      vertex   4.866025e+00 5.167960e+01 5.550000e+01
      vertex   4.707107e+00 4.700000e+01 5.570711e+01
    endloop
  endfacet
  facet normal 7.933533e-01 -3.011538e-16 6.087614e-01
    outer loop
      vertex   4.707107e+00 4.700000e+01 5.570711e+01
      vertex   4.866025e+00 5.167960e+01 5.550000e+01
      vertex   4.707107e+00 5.167960e+01 5.570711e+01
    endloop
  endfacet
  facet normal 6.087614e-01 -2.310834e-16 7.933533e-01
    outer loop
      vertex   4.707107e+00 4.700000e+01 5.570711e+01
      vertex   4.707107e+00 5.167960e+01 5.570711e+01
      vertex   4.500000e+00 4.700000e+01 5.586603e+01
    endloop
  endfacet
  facet normal 6.087614e-01 -1.435698e-15 7.933533e-01
    outer loop
      vertex   4.500000e+00 4.700000e+01 5.586603e+01
      vertex   4.707107e+00 5.167960e+01 5.570711e+01
      vertex   4.500000e+00 5.167960e+01 5.586603e+01
    endloop
  endfacet
  facet normal 3.826834e-01 -1.548069e-15 9.238795e-01
    outer loop
      vertex   4.500000e+00 4.700000e+01 5.586603e+01
      vertex   4.500000e+00 5.167960e+01 5.586603e+01
      vertex   4.258819e+00 4.700000e+01 5.596593e+01
    endloop
  endfacet
  facet normal 3.826834e-01 -2.878240e-15 9.238795e-01
    outer loop
      vertex   4.258819e+00 4.700000e+01 5.596593e+01
      vertex   4.500000e+00 5.167960e+01 5.586603e+01
      vertex   4.258819e+00 5.167960e+01 5.596593e+01
    endloop
  endfacet
  facet normal 1.305262e-01 -3.035562e-15 9.914449e-01
    outer loop
      vertex   4.258819e+00 4.700000e+01 5.596593e+01
      vertex   4.258819e+00 5.167960e+01 5.596593e+01
      vertex   4.000000e+00 4.700000e+01 5.600000e+01
    endloop
  endfacet
  facet normal 1.305262e-01 2.556033e-17 9.914449e-01
    outer loop
      vertex   4.000000e+00 4.700000e+01 5.600000e+01
      vertex   4.258819e+00 5.167960e+01 5.596593e+01
      vertex   4.258819e+00 5.635920e+01 5.596593e+01
    endloop
  endfacet
  facet normal 1.655612e-01 -9.879557e-04 9.861990e-01
    outer loop
      vertex   4.000000e+00 4.700000e+01 5.600000e+01
      vertex   4.258819e+00 5.635920e+01 5.596593e+01
      vertex   4.195090e+00 6.051260e+01 5.598079e+01
    endloop
  endfacet
  facet normal 2.896736e-01 1.020411e-03 9.571249e-01
    outer loop
      vertex   4.195090e+00 6.051260e+01 5.598079e+01
      vertex   4.258819e+00 5.635920e+01 5.596593e+01
      vertex   4.382683e+00 6.063523e+01 5.592388e+01
    endloop
  endfacet
  facet normal 3.826827e-01 -2.000713e-03 9.238777e-01
    outer loop
      vertex   4.382683e+00 6.063523e+01 5.592388e+01
      vertex   4.258819e+00 5.635920e+01 5.596593e+01
      vertex   4.500000e+00 5.635920e+01 5.586603e+01
    endloop
  endfacet
  facet normal 4.708963e-01 9.835561e-04 8.821880e-01
    outer loop
      vertex   4.382683e+00 6.063523e+01 5.592388e+01
      vertex   4.500000e+00 5.635920e+01 5.586603e+01
      vertex   4.555570e+00 6.074826e+01 5.583147e+01
    endloop
  endfacet
  facet normal 6.087608e-01 -1.461374e-03 7.933525e-01
    outer loop
      vertex   4.555570e+00 6.074826e+01 5.583147e+01
      vertex   4.500000e+00 5.635920e+01 5.586603e+01
      vertex   4.707107e+00 5.635920e+01 5.570711e+01
    endloop
  endfacet
  facet normal 6.343933e-01 1.222433e-16 7.730105e-01
    outer loop
      vertex   4.555570e+00 6.074826e+01 5.583147e+01
      vertex   4.707107e+00 5.635920e+01 5.570711e+01
      vertex   4.707107e+00 6.084732e+01 5.570711e+01
    endloop
  endfacet
  facet normal 7.730105e-01 1.529751e-16 6.343933e-01
    outer loop
      vertex   4.707107e+00 6.084732e+01 5.570711e+01
      vertex   4.707107e+00 5.635920e+01 5.570711e+01
      vertex   4.831470e+00 6.092862e+01 5.555557e+01
    endloop
  endfacet
  facet normal 7.933526e-01 -1.403690e-03 6.087608e-01
    outer loop
      vertex   4.831470e+00 6.092862e+01 5.555557e+01
      vertex   4.707107e+00 5.635920e+01 5.570711e+01
      vertex   4.866025e+00 5.635920e+01 5.550000e+01
    endloop
  endfacet
  facet normal 8.817854e-01 9.325231e-04 4.716500e-01
    outer loop
      vertex   4.831470e+00 6.092862e+01 5.555557e+01
      vertex   4.866025e+00 5.635920e+01 5.550000e+01
      vertex   4.923880e+00 6.098903e+01 5.538268e+01
    endloop
  endfacet
  facet normal 9.238780e-01 -1.847824e-03 3.826828e-01
    outer loop
      vertex   4.923880e+00 6.098903e+01 5.538268e+01
      vertex   4.866025e+00 5.635920e+01 5.550000e+01
      vertex   4.965926e+00 5.635920e+01 5.525882e+01
    endloop
  endfacet
  facet normal 9.568893e-01 9.194812e-04 2.904515e-01
    outer loop
      vertex   4.923880e+00 6.098903e+01 5.538268e+01
      vertex   4.965926e+00 5.635920e+01 5.525882e+01
      vertex   4.980785e+00 6.102623e+01 5.519509e+01
    endloop
  endfacet
  facet normal 9.801714e-02 -2.534505e-14 9.951847e-01
    outer loop
      vertex   4.195090e+00 6.051260e+01 5.598079e+01
      vertex   4.000000e+00 6.038506e+01 5.600000e+01
      vertex   4.000000e+00 4.700000e+01 5.600000e+01
    endloop
  endfacet
  facet normal 9.238795e-01 0.000000e+00 3.826834e-01
    outer loop
      vertex   4.866025e+00 5.167960e+01 5.550000e+01
      vertex   4.965926e+00 5.167960e+01 5.525882e+01
      vertex   4.965926e+00 5.635920e+01 5.525882e+01
    endloop
  endfacet
  facet normal 7.933533e-01 0.000000e+00 6.087614e-01
    outer loop
      vertex   4.707107e+00 5.167960e+01 5.570711e+01
      vertex   4.866025e+00 5.167960e+01 5.550000e+01
      vertex   4.866025e+00 5.635920e+01 5.550000e+01
    endloop
  endfacet
  facet normal 9.238795e-01 0.000000e+00 3.826834e-01
    outer loop
      vertex   4.866025e+00 5.635920e+01 5.550000e+01
      vertex   4.866025e+00 5.167960e+01 5.550000e+01
      vertex   4.965926e+00 5.635920e+01 5.525882e+01
    endloop
  endfacet
  facet normal 6.087614e-01 -1.136015e-16 7.933533e-01
    outer loop
      vertex   4.500000e+00 5.167960e+01 5.586603e+01
      vertex   4.707107e+00 5.167960e+01 5.570711e+01
      vertex   4.707107e+00 5.635920e+01 5.570711e+01
    endloop
  endfacet
  facet normal 7.933533e-01 -1.505769e-16 6.087614e-01
    outer loop
      vertex   4.707107e+00 5.635920e+01 5.570711e+01
      vertex   4.707107e+00 5.167960e+01 5.570711e+01
      vertex   4.866025e+00 5.635920e+01 5.550000e+01
    endloop
  endfacet
  facet normal 3.826834e-01 7.384096e-17 9.238795e-01
    outer loop
      vertex   4.258819e+00 5.167960e+01 5.596593e+01
      vertex   4.500000e+00 5.167960e+01 5.586603e+01
      vertex   4.500000e+00 5.635920e+01 5.586603e+01
    endloop
  endfacet
  facet normal 6.087614e-01 1.155417e-16 7.933533e-01
    outer loop
      vertex   4.500000e+00 5.635920e+01 5.586603e+01
      vertex   4.500000e+00 5.167960e+01 5.586603e+01
      vertex   4.707107e+00 5.635920e+01 5.570711e+01
    endloop
  endfacet
  facet normal 3.826834e-01 7.263255e-17 9.238795e-01
    outer loop
      vertex   4.258819e+00 5.635920e+01 5.596593e+01
      vertex   4.258819e+00 5.167960e+01 5.596593e+01
      vertex   4.500000e+00 5.635920e+01 5.586603e+01
    endloop
  endfacet
  facet normal 1.000000e+00 1.305872e-15 4.180754e-16
    outer loop
      vertex   5.000000e+00 6.103880e+01 5.075111e+01
      vertex   5.000000e+00 6.103880e+01 5.500000e+01
      vertex   5.000000e+00 6.088053e+01 5.124545e+01
    endloop
  endfacet
  facet normal 1.000000e+00 8.145274e-16 4.387865e-16
    outer loop
      vertex   5.000000e+00 6.088053e+01 5.124545e+01
      vertex   5.000000e+00 6.103880e+01 5.500000e+01
      vertex   5.000000e+00 6.063136e+01 5.170799e+01
    endloop
  endfacet
  facet normal 1.000000e+00 5.855836e-16 4.671216e-16
    outer loop
      vertex   5.000000e+00 6.063136e+01 5.170799e+01
      vertex   5.000000e+00 6.103880e+01 5.500000e+01
      vertex   5.000000e+00 6.029862e+01 5.212512e+01
    endloop
  endfacet
  facet normal 1.000000e+00 4.450166e-16 5.033125e-16
    outer loop
      vertex   5.000000e+00 6.029862e+01 5.212512e+01
      vertex   5.000000e+00 6.103880e+01 5.500000e+01
      vertex   5.000000e+00 5.989209e+01 5.248456e+01
    endloop
  endfacet
  facet normal 1.000000e+00 3.420844e-16 5.502357e-16
    outer loop
      vertex   5.000000e+00 5.989209e+01 5.248456e+01
      vertex   5.000000e+00 6.103880e+01 5.500000e+01
      vertex   5.000000e+00 5.942376e+01 5.277572e+01
    endloop
  endfacet
  facet normal 1.000000e+00 2.547150e-16 6.136743e-16
    outer loop
      vertex   5.000000e+00 5.942376e+01 5.277572e+01
      vertex   5.000000e+00 6.103880e+01 5.500000e+01
      vertex   5.000000e+00 5.890740e+01 5.299005e+01
    endloop
  endfacet
  facet normal 1.000000e+00 1.684285e-16 7.051745e-16
    outer loop
      vertex   5.000000e+00 5.890740e+01 5.299005e+01
      vertex   5.000000e+00 6.103880e+01 5.500000e+01
      vertex   5.000000e+00 5.835821e+01 5.312122e+01
    endloop
  endfacet
  facet normal 1.000000e+00 -6.995600e-15 1.092658e-14
    outer loop
      vertex   5.000000e+00 5.835821e+01 5.312122e+01
      vertex   5.000000e+00 6.103880e+01 5.500000e+01
      vertex   5.000000e+00 5.779237e+01 5.316537e+01
    endloop
  endfacet
  facet normal 1.000000e+00 1.007621e-15 -3.235376e-15
    outer loop
      vertex   5.000000e+00 5.779237e+01 5.316537e+01
      vertex   5.000000e+00 6.103880e+01 5.500000e+01
      vertex   5.000000e+00 5.338506e+01 5.316537e+01
    endloop
  endfacet
  facet normal 1.000000e+00 0.000000e+00 9.682393e-16
    outer loop
      vertex   5.000000e+00 5.338506e+01 5.316537e+01
      vertex   5.000000e+00 6.103880e+01 5.500000e+01
      vertex   5.000000e+00 4.700000e+01 5.500000e+01
    endloop
  endfacet
  facet normal 1.000000e+00 -7.101925e-17 7.210705e-16
    outer loop
      vertex   5.000000e+00 5.338506e+01 5.316537e+01
      vertex   5.000000e+00 4.700000e+01 5.500000e+01
      vertex   5.000000e+00 5.279979e+01 5.310773e+01
    endloop
  endfacet
  facet normal 1.000000e+00 -1.475653e-16 4.864576e-16
    outer loop
      vertex   5.000000e+00 5.279979e+01 5.310773e+01
      vertex   5.000000e+00 4.700000e+01 5.500000e+01
      vertex   5.000000e+00 5.223701e+01 5.293701e+01
    endloop
  endfacet
  facet normal 1.000000e+00 -1.952773e-16 3.653381e-16
    outer loop
      vertex   5.000000e+00 5.223701e+01 5.293701e+01
      vertex   5.000000e+00 4.700000e+01 5.500000e+01
      vertex   5.000000e+00 5.171835e+01 5.265978e+01
    endloop
  endfacet
  facet normal 1.000000e+00 -2.346602e-16 2.859342e-16
    outer loop
      vertex   5.000000e+00 5.171835e+01 5.265978e+01
      vertex   5.000000e+00 4.700000e+01 5.500000e+01
      vertex   5.000000e+00 5.126374e+01 5.228669e+01
    endloop
  endfacet
  facet normal 1.000000e+00 -2.736860e-16 2.246083e-16
    outer loop
      vertex   5.000000e+00 5.126374e+01 5.228669e+01
      vertex   5.000000e+00 4.700000e+01 5.500000e+01
      vertex   5.000000e+00 5.089065e+01 5.183208e+01
    endloop
  endfacet
  facet normal 1.000000e+00 -3.181190e-16 1.700382e-16
    outer loop
      vertex   5.000000e+00 5.089065e+01 5.183208e+01
      vertex   5.000000e+00 4.700000e+01 5.500000e+01
      vertex   5.000000e+00 5.061342e+01 5.131342e+01
    endloop
  endfacet
  facet normal 1.000000e+00 -3.754136e-16 1.138805e-16
    outer loop
      vertex   5.000000e+00 5.061342e+01 5.131342e+01
      vertex   5.000000e+00 4.700000e+01 5.500000e+01
      vertex   5.000000e+00 5.044271e+01 5.075065e+01
    endloop
  endfacet
  facet normal 1.000000e+00 -4.600495e-16 4.531092e-17
    outer loop
      vertex   5.000000e+00 5.044271e+01 5.075065e+01
      vertex   5.000000e+00 4.700000e+01 5.500000e+01
      vertex   5.000000e+00 5.038506e+01 5.016537e+01
    endloop
  endfacet
  facet normal 1.000000e+00 -5.247637e-16 2.532756e-30
    outer loop
      vertex   5.000000e+00 5.038506e+01 5.016537e+01
      vertex   5.000000e+00 4.700000e+01 5.500000e+01
      vertex   5.000000e+00 5.038506e+01 6.000000e+00
    endloop
  endfacet
  facet normal 1.000000e+00 -5.247637e-16 0.000000e+00
    outer loop
      vertex   5.000000e+00 5.038506e+01 6.000000e+00
      vertex   5.000000e+00 4.700000e+01 5.500000e+01
      vertex   5.000000e+00 4.700000e+01 1.000000e+00
    endloop
  endfacet
  facet normal 1.000000e+00 4.495320e-32 -3.552714e-16
    outer loop
      vertex   5.000000e+00 5.038506e+01 6.000000e+00
      vertex   5.000000e+00 4.700000e+01 1.000000e+00
      vertex   5.000000e+00 6.103880e+01 1.000000e+00
    endloop
  endfacet
  facet normal 1.000000e+00 4.168390e-16 5.329071e-16
    outer loop
      vertex   5.000000e+00 6.103880e+01 1.000000e+00
      vertex   5.000000e+00 6.103880e+01 6.000000e+00
      vertex   5.000000e+00 5.038506e+01 6.000000e+00
    endloop
  endfacet
  facet normal -5.471839e-01 -8.370124e-01 2.962198e-13
    outer loop
      vertex   -3.400000e+01 6.038506e+01 4.352074e-13
      vertex   -3.419509e+01 6.051260e+01 1.921472e-02
      vertex   -3.800000e+01 6.300000e+01 4.352074e-13
    endloop
  endfacet
  facet normal -5.471839e-01 -8.370124e-01 -6.754468e-15
    outer loop
      vertex   -3.800000e+01 6.300000e+01 4.352074e-13
      vertex   -3.419509e+01 6.051260e+01 1.921472e-02
      vertex   -3.438268e+01 6.063523e+01 7.612047e-02
    endloop
  endfacet
  facet normal -5.471839e-01 -8.370124e-01 -7.702993e-14
    outer loop
      vertex   -3.800000e+01 6.300000e+01 4.352074e-13
      vertex   -3.438268e+01 6.063523e+01 7.612047e-02
      vertex   -3.455557e+01 6.074826e+01 1.685304e-01
    endloop
  endfacet
  facet normal -5.471839e-01 -8.370124e-01 2.303227e-14
    outer loop
      vertex   -3.455557e+01 6.074826e+01 1.685304e-01
      vertex   -3.470711e+01 6.084732e+01 2.928932e-01
      vertex   -3.800000e+01 6.300000e+01 4.352074e-13
    endloop
  endfacet
  facet normal -5.471839e-01 -8.370124e-01 -1.527324e-14
    outer loop
      vertex   -3.800000e+01 6.300000e+01 4.352074e-13
      vertex   -3.470711e+01 6.084732e+01 2.928932e-01
      vertex   -3.483147e+01 6.092862e+01 4.444298e-01
    endloop
  endfacet
  facet normal -5.471839e-01 -8.370124e-01 -2.524905e-15
    outer loop
      vertex   -3.800000e+01 6.300000e+01 4.352074e-13
      vertex   -3.483147e+01 6.092862e+01 4.444298e-01
      vertex   -3.492388e+01 6.098903e+01 6.173166e-01
    endloop
  endfacet
  facet normal -5.471839e-01 -8.370124e-01 -3.643079e-15
    outer loop
      vertex   -3.492388e+01 6.098903e+01 6.173166e-01
      vertex   -3.498079e+01 6.102623e+01 8.049097e-01
      vertex   -3.800000e+01 6.300000e+01 4.352074e-13
    endloop
  endfacet
  facet normal -5.471839e-01 -8.370124e-01 4.919330e-14
    outer loop
      vertex   -3.800000e+01 6.300000e+01 4.352074e-13
      vertex   -3.498079e+01 6.102623e+01 8.049097e-01
      vertex   -3.500000e+01 6.103880e+01 1.000000e+00
    endloop
  endfacet
  facet normal -5.471839e-01 -8.370124e-01 0.000000e+00
    outer loop
      vertex   -3.800000e+01 6.300000e+01 4.352074e-13
      vertex   -3.500000e+01 6.103880e+01 1.000000e+00
      vertex   -3.800000e+01 6.300000e+01 5.600000e+01
    endloop
  endfacet
  facet normal -5.471839e-01 -8.370124e-01 -1.101357e-16
    outer loop
      vertex   -3.800000e+01 6.300000e+01 5.600000e+01
      vertex   -3.500000e+01 6.103880e+01 1.000000e+00
      vertex   -3.500000e+01 6.103880e+01 5.500000e+01
    endloop
  endfacet
  facet normal -5.471839e-01 -8.370124e-01 0.000000e+00
    outer loop
      vertex   -3.800000e+01 6.300000e+01 5.600000e+01
      vertex   -3.500000e+01 6.103880e+01 5.500000e+01
      vertex   -3.498079e+01 6.102623e+01 5.519509e+01
    endloop
  endfacet
  facet normal -5.471839e-01 -8.370124e-01 3.282566e-15
    outer loop
      vertex   -3.498079e+01 6.102623e+01 5.519509e+01
      vertex   -3.492388e+01 6.098903e+01 5.538268e+01
      vertex   -3.800000e+01 6.300000e+01 5.600000e+01
    endloop
  endfacet
  facet normal -5.471839e-01 -8.370124e-01 -1.893678e-14
    outer loop
      vertex   -3.800000e+01 6.300000e+01 5.600000e+01
      vertex   -3.492388e+01 6.098903e+01 5.538268e+01
      vertex   -3.483147e+01 6.092862e+01 5.555557e+01
    endloop
  endfacet
  facet normal -5.471839e-01 -8.370124e-01 1.527324e-14
    outer loop
      vertex   -3.800000e+01 6.300000e+01 5.600000e+01
      vertex   -3.483147e+01 6.092862e+01 5.555557e+01
      vertex   -3.470711e+01 6.084732e+01 5.570711e+01
    endloop
  endfacet
  facet normal -5.471839e-01 -8.370124e-01 5.220648e-15
    outer loop
      vertex   -3.470711e+01 6.084732e+01 5.570711e+01
      vertex   -3.455557e+01 6.074826e+01 5.583147e+01
      vertex   -3.800000e+01 6.300000e+01 5.600000e+01
    endloop
  endfacet
  facet normal -5.471839e-01 -8.370124e-01 3.423553e-14
    outer loop
      vertex   -3.800000e+01 6.300000e+01 5.600000e+01
      vertex   -3.455557e+01 6.074826e+01 5.583147e+01
      vertex   -3.438268e+01 6.063523e+01 5.592388e+01
    endloop
  endfacet
  facet normal -5.471839e-01 -8.370124e-01 6.754468e-15
    outer loop
      vertex   -3.800000e+01 6.300000e+01 5.600000e+01
      vertex   -3.438268e+01 6.063523e+01 5.592388e+01
      vertex   -3.419509e+01 6.051260e+01 5.598079e+01
    endloop
  endfacet
  facet normal -5.471839e-01 -8.370124e-01 -2.968243e-13
    outer loop
      vertex   -3.419509e+01 6.051260e+01 5.598079e+01
      vertex   -3.400000e+01 6.038506e+01 5.600000e+01
      vertex   -3.800000e+01 6.300000e+01 5.600000e+01
    endloop
  endfacet
  facet normal 4.226183e-01 -9.063078e-01 3.936840e-15
    outer loop
      vertex   4.000000e+00 6.063619e+01 5.016537e+01
      vertex   2.000000e+00 5.970358e+01 5.016537e+01
      vertex   4.000000e+00 6.063619e+01 6.000000e+00
    endloop
  endfacet
  facet normal 4.226183e-01 -9.063078e-01 3.797548e-15
    outer loop
      vertex   4.000000e+00 6.063619e+01 6.000000e+00
      vertex   2.000000e+00 5.970358e+01 5.016537e+01
      vertex   1.947039e+00 5.967888e+01 6.000000e+00
    endloop
  endfacet
  facet normal 4.226183e-01 -9.063078e-01 3.644893e-15
    outer loop
      vertex   1.947039e+00 5.967888e+01 6.000000e+00
      vertex   2.000000e+00 5.970358e+01 5.016537e+01
      vertex   1.947039e+00 5.967888e+01 5.316537e+01
    endloop
  endfacet
  facet normal 4.226183e-01 -9.063078e-01 1.833100e-15
    outer loop
      vertex   1.947039e+00 5.967888e+01 5.316537e+01
      vertex   2.000000e+00 5.970358e+01 5.016537e+01
      vertex   2.000000e+00 5.970358e+01 5.316537e+01
    endloop
  endfacet
  facet normal 0.000000e+00 0.000000e+00 1.000000e+00
    outer loop
      vertex   1.947039e+00 5.967888e+01 5.316537e+01
      vertex   2.000000e+00 5.970358e+01 5.316537e+01
      vertex   1.976345e+00 5.978378e+01 5.316537e+01
    endloop
  endfacet
  facet normal -0.000000e+00 0.000000e+00 1.000000e+00
    outer loop
      vertex   1.976345e+00 5.978378e+01 5.316537e+01
      vertex   2.000000e+00 5.970358e+01 5.316537e+01
      vertex   1.994069e+00 5.989125e+01 5.316537e+01
    endloop
  endfacet
  facet normal 2.275279e-12 7.191180e-14 1.000000e+00
    outer loop
      vertex   1.994069e+00 5.989125e+01 5.316537e+01
      vertex   2.000000e+00 5.970358e+01 5.316537e+01
      vertex   2.000000e+00 6.000000e+01 5.316537e+01
    endloop
  endfacet
  facet normal -2.368476e-15 -2.386525e-30 -1.000000e+00
    outer loop
      vertex   5.000000e+00 5.779237e+01 5.316537e+01
      vertex   5.000000e+00 5.338506e+01 5.316537e+01
      vertex   2.000000e+00 5.639344e+01 5.316537e+01
    endloop
  endfacet
  facet normal 0.000000e+00 2.361876e-15 -1.000000e+00
    outer loop
      vertex   2.000000e+00 5.639344e+01 5.316537e+01
      vertex   5.000000e+00 5.338506e+01 5.316537e+01
      vertex   2.000000e+00 5.338506e+01 5.316537e+01
    endloop
  endfacet
  facet normal -1.000000e+00 0.000000e+00 0.000000e+00
    outer loop
      vertex   2.000000e+00 6.000000e+01 5.316537e+01
      vertex   2.000000e+00 5.970358e+01 5.316537e+01
      vertex   2.000000e+00 6.000000e+01 5.500000e+01
    endloop
  endfacet
  facet normal -1.000000e+00 -3.692874e-15 5.966620e-16
    outer loop
      vertex   2.000000e+00 6.000000e+01 5.500000e+01
      vertex   2.000000e+00 5.970358e+01 5.316537e+01
      vertex   2.000000e+00 5.892915e+01 5.209374e+01
    endloop
  endfacet
  facet normal -1.000000e+00 -5.190926e-16 -5.727553e-16
    outer loop
      vertex   2.000000e+00 6.000000e+01 5.500000e+01
      vertex   2.000000e+00 5.892915e+01 5.209374e+01
      vertex   2.000000e+00 5.852116e+01 5.246351e+01
    endloop
  endfacet
  facet normal -1.000000e+00 -8.064122e-14 7.401487e-16
    outer loop
      vertex   2.000000e+00 5.970358e+01 5.016537e+01
      vertex   2.000000e+00 5.965329e+01 5.068632e+01
      vertex   2.000000e+00 5.970358e+01 5.316537e+01
    endloop
  endfacet
  facet normal -1.000000e+00 -2.835025e-15 -8.381730e-16
    outer loop
      vertex   2.000000e+00 5.970358e+01 5.316537e+01
      vertex   2.000000e+00 5.965329e+01 5.068632e+01
      vertex   2.000000e+00 5.950395e+01 5.119143e+01
    endloop
  endfacet
  facet normal -1.000000e+00 -1.827160e-15 -9.400988e-16
    outer loop
      vertex   2.000000e+00 5.970358e+01 5.316537e+01
      vertex   2.000000e+00 5.950395e+01 5.119143e+01
      vertex   2.000000e+00 5.926010e+01 5.166537e+01
    endloop
  endfacet
  facet normal -1.000000e+00 -1.385731e-15 -1.070607e-15
    outer loop
      vertex   2.000000e+00 5.926010e+01 5.166537e+01
      vertex   2.000000e+00 5.892915e+01 5.209374e+01
      vertex   2.000000e+00 5.970358e+01 5.316537e+01
    endloop
  endfacet
  facet normal -1.000000e+00 -4.055005e-16 -6.389825e-16
    outer loop
      vertex   2.000000e+00 5.852116e+01 5.246351e+01
      vertex   2.000000e+00 5.804851e+01 5.276345e+01
      vertex   2.000000e+00 6.000000e+01 5.500000e+01
    endloop
  endfacet
  facet normal -1.000000e+00 -3.065383e-16 -7.253314e-16
    outer loop
      vertex   2.000000e+00 6.000000e+01 5.500000e+01
      vertex   2.000000e+00 5.804851e+01 5.276345e+01
      vertex   2.000000e+00 5.752558e+01 5.298445e+01
    endloop
  endfacet
  facet normal -1.000000e+00 -2.060897e-16 -8.486490e-16
    outer loop
      vertex   2.000000e+00 6.000000e+01 5.500000e+01
      vertex   2.000000e+00 5.752558e+01 5.298445e+01
      vertex   2.000000e+00 5.696824e+01 5.311980e+01
    endloop
  endfacet
  facet normal -1.000000e+00 3.342059e-15 -6.569908e-15
    outer loop
      vertex   2.000000e+00 5.696824e+01 5.311980e+01
      vertex   2.000000e+00 5.639344e+01 5.316537e+01
      vertex   2.000000e+00 6.000000e+01 5.500000e+01
    endloop
  endfacet
  facet normal -1.000000e+00 -0.000000e+00 0.000000e+00
    outer loop
      vertex   2.000000e+00 6.000000e+01 5.500000e+01
      vertex   2.000000e+00 5.639344e+01 5.316537e+01
      vertex   2.000000e+00 5.000000e+01 5.500000e+01
    endloop
  endfacet
  facet normal -1.000000e+00 -7.380862e-16 -2.572139e-15
    outer loop
      vertex   2.000000e+00 5.000000e+01 5.500000e+01
      vertex   2.000000e+00 5.639344e+01 5.316537e+01
      vertex   2.000000e+00 5.338506e+01 5.316537e+01
    endloop
  endfacet
  facet normal -1.000000e+00 1.008728e-16 -1.024179e-15
    outer loop
      vertex   2.000000e+00 5.000000e+01 5.500000e+01
      vertex   2.000000e+00 5.338506e+01 5.316537e+01
      vertex   2.000000e+00 5.279979e+01 5.310773e+01
    endloop
  endfacet
  facet normal -1.000000e+00 2.456852e-16 -8.099157e-16
    outer loop
      vertex   2.000000e+00 5.279979e+01 5.310773e+01
      vertex   2.000000e+00 5.223701e+01 5.293701e+01
      vertex   2.000000e+00 5.000000e+01 5.500000e+01
    endloop
  endfacet
  facet normal -1.000000e+00 3.642113e-16 -6.813914e-16
    outer loop
      vertex   2.000000e+00 5.000000e+01 5.500000e+01
      vertex   2.000000e+00 5.223701e+01 5.293701e+01
      vertex   2.000000e+00 5.171835e+01 5.265978e+01
    endloop
  endfacet
  facet normal -1.000000e+00 4.858837e-16 -5.920510e-16
    outer loop
      vertex   2.000000e+00 5.000000e+01 5.500000e+01
      vertex   2.000000e+00 5.171835e+01 5.265978e+01
      vertex   2.000000e+00 5.126374e+01 5.228669e+01
    endloop
  endfacet
  facet normal -1.000000e+00 6.361412e-16 -5.220676e-16
    outer loop
      vertex   2.000000e+00 5.126374e+01 5.228669e+01
      vertex   2.000000e+00 5.089065e+01 5.183208e+01
      vertex   2.000000e+00 5.000000e+01 5.500000e+01
    endloop
  endfacet
  facet normal -1.000000e+00 8.593265e-16 -4.593196e-16
    outer loop
      vertex   2.000000e+00 5.000000e+01 5.500000e+01
      vertex   2.000000e+00 5.089065e+01 5.183208e+01
      vertex   2.000000e+00 5.061342e+01 5.131342e+01
    endloop
  endfacet
  facet normal -1.000000e+00 1.282211e-15 -3.889544e-16
    outer loop
      vertex   2.000000e+00 5.000000e+01 5.500000e+01
      vertex   2.000000e+00 5.061342e+01 5.131342e+01
      vertex   2.000000e+00 5.044271e+01 5.075065e+01
    endloop
  endfacet
  facet normal -1.000000e+00 2.578228e-15 -2.539333e-16
    outer loop
      vertex   2.000000e+00 5.044271e+01 5.075065e+01
      vertex   2.000000e+00 5.038506e+01 5.016537e+01
      vertex   2.000000e+00 5.000000e+01 5.500000e+01
    endloop
  endfacet
  facet normal -1.000000e+00 5.425112e-15 -2.718915e-17
    outer loop
      vertex   2.000000e+00 5.000000e+01 5.500000e+01
      vertex   2.000000e+00 5.038506e+01 5.016537e+01
      vertex   2.000000e+00 5.000000e+01 6.000000e+00
    endloop
  endfacet
  facet normal -1.000000e+00 2.306594e-15 -1.113270e-29
    outer loop
      vertex   2.000000e+00 5.000000e+01 6.000000e+00
      vertex   2.000000e+00 5.038506e+01 5.016537e+01
      vertex   2.000000e+00 5.038506e+01 6.000000e+00
    endloop
  endfacet
  facet normal -1.305262e-01 0.000000e+00 9.914449e-01
    outer loop
      vertex   3.000000e+00 5.000000e+01 5.600000e+01
      vertex   3.000000e+00 6.000000e+01 5.600000e+01
      vertex   2.741181e+00 5.500000e+01 5.596593e+01
    endloop
  endfacet
  facet normal -1.305262e-01 2.864228e-15 9.914449e-01
    outer loop
      vertex   2.741181e+00 5.500000e+01 5.596593e+01
      vertex   3.000000e+00 6.000000e+01 5.600000e+01
      vertex   2.741181e+00 6.000000e+01 5.596593e+01
    endloop
  endfacet
  facet normal -3.826834e-01 2.761780e-15 9.238795e-01
    outer loop
      vertex   2.741181e+00 5.500000e+01 5.596593e+01
      vertex   2.741181e+00 6.000000e+01 5.596593e+01
      vertex   2.500000e+00 5.500000e+01 5.586603e+01
    endloop
  endfacet
  facet normal -3.826834e-01 2.039347e-16 9.238795e-01
    outer loop
      vertex   2.500000e+00 5.500000e+01 5.586603e+01
      vertex   2.741181e+00 6.000000e+01 5.596593e+01
      vertex   2.500000e+00 6.000000e+01 5.586603e+01
    endloop
  endfacet
  facet normal -6.087614e-01 3.244133e-16 7.933533e-01
    outer loop
      vertex   2.500000e+00 5.500000e+01 5.586603e+01
      vertex   2.500000e+00 6.000000e+01 5.586603e+01
      vertex   2.292893e+00 5.500000e+01 5.570711e+01
    endloop
  endfacet
  facet normal -6.087614e-01 2.162755e-16 7.933533e-01
    outer loop
      vertex   2.292893e+00 5.500000e+01 5.570711e+01
      vertex   2.500000e+00 6.000000e+01 5.586603e+01
      vertex   2.292893e+00 6.000000e+01 5.570711e+01
    endloop
  endfacet
  facet normal -7.933533e-01 2.818557e-16 6.087614e-01
    outer loop
      vertex   2.292893e+00 5.500000e+01 5.570711e+01
      vertex   2.292893e+00 6.000000e+01 5.570711e+01
      vertex   2.133975e+00 5.500000e+01 5.550000e+01
    endloop
  endfacet
  facet normal -7.933533e-01 4.932475e-16 6.087614e-01
    outer loop
      vertex   2.133975e+00 5.500000e+01 5.550000e+01
      vertex   2.292893e+00 6.000000e+01 5.570711e+01
      vertex   2.133975e+00 6.000000e+01 5.550000e+01
    endloop
  endfacet
  facet normal -9.238795e-01 5.743989e-16 3.826834e-01
    outer loop
      vertex   2.133975e+00 5.500000e+01 5.550000e+01
      vertex   2.133975e+00 6.000000e+01 5.550000e+01
      vertex   2.034074e+00 5.500000e+01 5.525882e+01
    endloop
  endfacet
  facet normal -9.238795e-01 8.205699e-16 3.826834e-01
    outer loop
      vertex   2.034074e+00 5.500000e+01 5.525882e+01
      vertex   2.133975e+00 6.000000e+01 5.550000e+01
      vertex   2.034074e+00 6.000000e+01 5.525882e+01
    endloop
  endfacet
  facet normal -9.914449e-01 8.805799e-16 1.305262e-01
    outer loop
      vertex   2.034074e+00 5.500000e+01 5.525882e+01
      vertex   2.034074e+00 6.000000e+01 5.525882e+01
      vertex   2.000000e+00 6.000000e+01 5.500000e+01
    endloop
  endfacet
  facet normal -9.914449e-01 0.000000e+00 1.305262e-01
    outer loop
      vertex   2.000000e+00 6.000000e+01 5.500000e+01
      vertex   2.000000e+00 5.000000e+01 5.500000e+01
      vertex   2.034074e+00 5.500000e+01 5.525882e+01
    endloop
  endfacet
  facet normal -9.914449e-01 -4.402900e-16 1.305262e-01
    outer loop
      vertex   2.034074e+00 5.500000e+01 5.525882e+01
      vertex   2.000000e+00 5.000000e+01 5.500000e+01
      vertex   2.034074e+00 5.000000e+01 5.525882e+01
    endloop
  endfacet
  facet normal -9.238795e-01 -4.102849e-16 3.826834e-01
    outer loop
      vertex   2.034074e+00 5.500000e+01 5.525882e+01
      vertex   2.034074e+00 5.000000e+01 5.525882e+01
      vertex   2.133975e+00 5.500000e+01 5.550000e+01
    endloop
  endfacet
  facet normal -9.238795e-01 -2.461710e-16 3.826834e-01
    outer loop
      vertex   2.133975e+00 5.500000e+01 5.550000e+01
      vertex   2.034074e+00 5.000000e+01 5.525882e+01
      vertex   2.133975e+00 5.000000e+01 5.550000e+01
    endloop
  endfacet
  facet normal -7.933533e-01 -2.113918e-16 6.087614e-01
    outer loop
      vertex   2.133975e+00 5.500000e+01 5.550000e+01
      vertex   2.133975e+00 5.000000e+01 5.550000e+01
      vertex   2.292893e+00 5.500000e+01 5.570711e+01
    endloop
  endfacet
  facet normal -7.933533e-01 -7.046393e-17 6.087614e-01
    outer loop
      vertex   2.292893e+00 5.500000e+01 5.570711e+01
      vertex   2.133975e+00 5.000000e+01 5.550000e+01
      vertex   2.292893e+00 5.000000e+01 5.570711e+01
    endloop
  endfacet
  facet normal -6.087614e-01 -5.406888e-17 7.933533e-01
    outer loop
      vertex   2.292893e+00 5.500000e+01 5.570711e+01
      vertex   2.292893e+00 5.000000e+01 5.570711e+01
      vertex   2.500000e+00 5.500000e+01 5.586603e+01
    endloop
  endfacet
  facet normal -6.087614e-01 -2.162755e-16 7.933533e-01
    outer loop
      vertex   2.500000e+00 5.500000e+01 5.586603e+01
      vertex   2.292893e+00 5.000000e+01 5.570711e+01
      vertex   2.500000e+00 5.000000e+01 5.586603e+01
    endloop
  endfacet
  facet normal -3.826834e-01 -1.359565e-16 9.238795e-01
    outer loop
      vertex   2.500000e+00 5.500000e+01 5.586603e+01
      vertex   2.500000e+00 5.000000e+01 5.586603e+01
      vertex   2.741181e+00 5.500000e+01 5.596593e+01
    endloop
  endfacet
  facet normal -3.826834e-01 -2.693802e-15 9.238795e-01
    outer loop
      vertex   2.741181e+00 5.500000e+01 5.596593e+01
      vertex   2.500000e+00 5.000000e+01 5.586603e+01
      vertex   2.741181e+00 5.000000e+01 5.596593e+01
    endloop
  endfacet
  facet normal -1.305262e-01 -2.841042e-15 9.914449e-01
    outer loop
      vertex   2.741181e+00 5.500000e+01 5.596593e+01
      vertex   2.741181e+00 5.000000e+01 5.596593e+01
      vertex   3.000000e+00 5.000000e+01 5.600000e+01
    endloop
  endfacet
  facet normal -1.289634e-01 9.795740e-01 1.542830e-01
    outer loop
      vertex   1.258819e+00 4.903407e+01 5.500000e+01
      vertex   1.000000e+00 4.900000e+01 5.500000e+01
      vertex   1.201738e+00 4.898580e+01 5.525882e+01
    endloop
  endfacet
  facet normal -9.718654e-02 9.867515e-01 1.299083e-01
    outer loop
      vertex   1.201738e+00 4.898580e+01 5.525882e+01
      vertex   1.000000e+00 4.900000e+01 5.500000e+01
      vertex   1.000000e+00 4.896593e+01 5.525882e+01
    endloop
  endfacet
  facet normal -9.061980e-02 9.200783e-01 3.811089e-01
    outer loop
      vertex   1.201738e+00 4.898580e+01 5.525882e+01
      vertex   1.000000e+00 4.896593e+01 5.525882e+01
      vertex   1.000000e+00 4.886603e+01 5.550000e+01
    endloop
  endfacet
  facet normal -9.061980e-02 9.200783e-01 3.811089e-01
    outer loop
      vertex   1.201738e+00 4.898580e+01 5.525882e+01
      vertex   1.000000e+00 4.886603e+01 5.550000e+01
      vertex   1.221227e+00 4.888782e+01 5.550000e+01
    endloop
  endfacet
  facet normal -7.790103e-02 7.909424e-01 6.069115e-01
    outer loop
      vertex   1.221227e+00 4.888782e+01 5.550000e+01
      vertex   1.000000e+00 4.886603e+01 5.550000e+01
      vertex   1.000000e+00 4.870711e+01 5.570711e+01
    endloop
  endfacet
  facet normal -7.790103e-02 7.909424e-01 6.069115e-01
    outer loop
      vertex   1.221227e+00 4.888782e+01 5.550000e+01
      vertex   1.000000e+00 4.870711e+01 5.570711e+01
      vertex   1.252231e+00 4.873195e+01 5.570711e+01
    endloop
  endfacet
  facet normal -5.985029e-02 6.076701e-01 7.919311e-01
    outer loop
      vertex   1.252231e+00 4.873195e+01 5.570711e+01
      vertex   1.000000e+00 4.870711e+01 5.570711e+01
      vertex   1.000000e+00 4.850000e+01 5.586603e+01
    endloop
  endfacet
  facet normal -5.985029e-02 6.076701e-01 7.919311e-01
    outer loop
      vertex   1.252231e+00 4.873195e+01 5.570711e+01
      vertex   1.000000e+00 4.850000e+01 5.586603e+01
      vertex   1.292635e+00 4.852882e+01 5.586603e+01
    endloop
  endfacet
  facet normal -3.766428e-02 3.824119e-01 9.232240e-01
    outer loop
      vertex   1.292635e+00 4.852882e+01 5.586603e+01
      vertex   1.000000e+00 4.850000e+01 5.586603e+01
      vertex   1.000000e+00 4.825882e+01 5.596593e+01
    endloop
  endfacet
  facet normal -3.766428e-02 3.824119e-01 9.232240e-01
    outer loop
      vertex   1.292635e+00 4.852882e+01 5.586603e+01
      vertex   1.000000e+00 4.825882e+01 5.596593e+01
      vertex   1.339688e+00 4.829228e+01 5.596593e+01
    endloop
  endfacet
  facet normal -1.285465e-02 1.305154e-01 9.913629e-01
    outer loop
      vertex   1.339688e+00 4.829228e+01 5.596593e+01
      vertex   1.000000e+00 4.825882e+01 5.596593e+01
      vertex   1.000000e+00 4.800000e+01 5.600000e+01
    endloop
  endfacet
  facet normal -1.497913e-02 1.329434e-01 9.910104e-01
    outer loop
      vertex   1.339688e+00 4.829228e+01 5.596593e+01
      vertex   1.000000e+00 4.800000e+01 5.600000e+01
      vertex   1.445042e+00 4.805014e+01 5.600000e+01
    endloop
  endfacet
  facet normal -3.739703e-02 1.232815e-01 9.916668e-01
    outer loop
      vertex   1.339688e+00 4.829228e+01 5.596593e+01
      vertex   1.445042e+00 4.805014e+01 5.600000e+01
      vertex   1.666321e+00 4.839136e+01 5.596593e+01
    endloop
  endfacet
  facet normal -4.478246e-02 1.279809e-01 9.907651e-01
    outer loop
      vertex   1.666321e+00 4.839136e+01 5.596593e+01
      vertex   1.445042e+00 4.805014e+01 5.600000e+01
      vertex   1.867767e+00 4.819806e+01 5.600000e+01
    endloop
  endfacet
  facet normal -6.002156e-02 1.122924e-01 9.918608e-01
    outer loop
      vertex   1.666321e+00 4.839136e+01 5.596593e+01
      vertex   1.867767e+00 4.819806e+01 5.600000e+01
      vertex   1.967348e+00 4.855226e+01 5.596593e+01
    endloop
  endfacet
  facet normal -7.272707e-02 1.157445e-01 9.906129e-01
    outer loop
      vertex   1.967348e+00 4.855226e+01 5.596593e+01
      vertex   1.867767e+00 4.819806e+01 5.600000e+01
      vertex   2.246980e+00 4.843634e+01 5.600000e+01
    endloop
  endfacet
  facet normal -8.030711e-02 9.785449e-02 9.919553e-01
    outer loop
      vertex   1.967348e+00 4.855226e+01 5.596593e+01
      vertex   2.246980e+00 4.843634e+01 5.600000e+01
      vertex   2.231201e+00 4.876880e+01 5.596593e+01
    endloop
  endfacet
  facet normal -9.692304e-02 9.692304e-02 9.905614e-01
    outer loop
      vertex   2.231201e+00 4.876880e+01 5.596593e+01
      vertex   2.246980e+00 4.843634e+01 5.600000e+01
      vertex   2.563663e+00 4.875302e+01 5.600000e+01
    endloop
  endfacet
  facet normal -9.785449e-02 8.030711e-02 9.919553e-01
    outer loop
      vertex   2.231201e+00 4.876880e+01 5.596593e+01
      vertex   2.563663e+00 4.875302e+01 5.600000e+01
      vertex   2.447739e+00 4.903265e+01 5.596593e+01
    endloop
  endfacet
  facet normal -1.157445e-01 7.272707e-02 9.906129e-01
    outer loop
      vertex   2.447739e+00 4.903265e+01 5.596593e+01
      vertex   2.563663e+00 4.875302e+01 5.600000e+01
      vertex   2.801938e+00 4.913223e+01 5.600000e+01
    endloop
  endfacet
  facet normal -1.122924e-01 6.002156e-02 9.918608e-01
    outer loop
      vertex   2.447739e+00 4.903265e+01 5.596593e+01
      vertex   2.801938e+00 4.913223e+01 5.600000e+01
      vertex   2.608641e+00 4.933368e+01 5.596593e+01
    endloop
  endfacet
  facet normal -1.279809e-01 4.478246e-02 9.907651e-01
    outer loop
      vertex   2.608641e+00 4.933368e+01 5.596593e+01
      vertex   2.801938e+00 4.913223e+01 5.600000e+01
      vertex   2.949856e+00 4.955496e+01 5.600000e+01
    endloop
  endfacet
  facet normal -1.232815e-01 3.739703e-02 9.916668e-01
    outer loop
      vertex   2.608641e+00 4.933368e+01 5.596593e+01
      vertex   2.949856e+00 4.955496e+01 5.600000e+01
      vertex   2.707725e+00 4.966031e+01 5.596593e+01
    endloop
  endfacet
  facet normal -1.329434e-01 1.497913e-02 9.910104e-01
    outer loop
      vertex   2.707725e+00 4.966031e+01 5.596593e+01
      vertex   2.949856e+00 4.955496e+01 5.600000e+01
      vertex   3.000000e+00 5.000000e+01 5.600000e+01
    endloop
  endfacet
  facet normal -1.305154e-01 1.285465e-02 9.913629e-01
    outer loop
      vertex   2.707725e+00 4.966031e+01 5.596593e+01
      vertex   3.000000e+00 5.000000e+01 5.600000e+01
      vertex   2.741181e+00 5.000000e+01 5.596593e+01
    endloop
  endfacet
  facet normal -3.824119e-01 3.766428e-02 9.232240e-01
    outer loop
      vertex   2.741181e+00 5.000000e+01 5.596593e+01
      vertex   2.500000e+00 5.000000e+01 5.586603e+01
      vertex   2.707725e+00 4.966031e+01 5.596593e+01
    endloop
  endfacet
  facet normal -3.824119e-01 3.766428e-02 9.232240e-01
    outer loop
      vertex   2.707725e+00 4.966031e+01 5.596593e+01
      vertex   2.500000e+00 5.000000e+01 5.586603e+01
      vertex   2.471178e+00 4.970737e+01 5.586603e+01
    endloop
  endfacet
  facet normal -3.677160e-01 1.115454e-01 9.232240e-01
    outer loop
      vertex   2.707725e+00 4.966031e+01 5.596593e+01
      vertex   2.471178e+00 4.970737e+01 5.586603e+01
      vertex   2.608641e+00 4.933368e+01 5.596593e+01
    endloop
  endfacet
  facet normal -3.677160e-01 1.115454e-01 9.232240e-01
    outer loop
      vertex   2.608641e+00 4.933368e+01 5.596593e+01
      vertex   2.471178e+00 4.970737e+01 5.586603e+01
      vertex   2.385819e+00 4.942598e+01 5.586603e+01
    endloop
  endfacet
  facet normal -3.388890e-01 1.811400e-01 9.232240e-01
    outer loop
      vertex   2.608641e+00 4.933368e+01 5.596593e+01
      vertex   2.385819e+00 4.942598e+01 5.586603e+01
      vertex   2.447739e+00 4.903265e+01 5.596593e+01
    endloop
  endfacet
  facet normal -3.388890e-01 1.811400e-01 9.232240e-01
    outer loop
      vertex   2.447739e+00 4.903265e+01 5.596593e+01
      vertex   2.385819e+00 4.942598e+01 5.586603e+01
      vertex   2.247204e+00 4.916665e+01 5.586603e+01
    endloop
  endfacet
  facet normal -2.970387e-01 2.437734e-01 9.232240e-01
    outer loop
      vertex   2.447739e+00 4.903265e+01 5.596593e+01
      vertex   2.247204e+00 4.916665e+01 5.586603e+01
      vertex   2.231201e+00 4.876880e+01 5.596593e+01
    endloop
  endfacet
  facet normal -2.970387e-01 2.437734e-01 9.232240e-01
    outer loop
      vertex   2.231201e+00 4.876880e+01 5.596593e+01
      vertex   2.247204e+00 4.916665e+01 5.586603e+01
      vertex   2.060660e+00 4.893934e+01 5.586603e+01
    endloop
  endfacet
  facet normal -2.437734e-01 2.970387e-01 9.232240e-01
    outer loop
      vertex   2.231201e+00 4.876880e+01 5.596593e+01
      vertex   2.060660e+00 4.893934e+01 5.586603e+01
      vertex   1.967348e+00 4.855226e+01 5.596593e+01
    endloop
  endfacet
  facet normal -2.437734e-01 2.970387e-01 9.232240e-01
    outer loop
      vertex   1.967348e+00 4.855226e+01 5.596593e+01
      vertex   2.060660e+00 4.893934e+01 5.586603e+01
      vertex   1.833355e+00 4.875280e+01 5.586603e+01
    endloop
  endfacet
  facet normal -1.811400e-01 3.388890e-01 9.232240e-01
    outer loop
      vertex   1.967348e+00 4.855226e+01 5.596593e+01
      vertex   1.833355e+00 4.875280e+01 5.586603e+01
      vertex   1.666321e+00 4.839136e+01 5.596593e+01
    endloop
  endfacet
  facet normal -1.811400e-01 3.388890e-01 9.232240e-01
    outer loop
      vertex   1.666321e+00 4.839136e+01 5.596593e+01
      vertex   1.833355e+00 4.875280e+01 5.586603e+01
      vertex   1.574025e+00 4.861418e+01 5.586603e+01
    endloop
  endfacet
  facet normal -1.115454e-01 3.677160e-01 9.232240e-01
    outer loop
      vertex   1.666321e+00 4.839136e+01 5.596593e+01
      vertex   1.574025e+00 4.861418e+01 5.586603e+01
      vertex   1.339688e+00 4.829228e+01 5.596593e+01
    endloop
  endfacet
  facet normal -1.115454e-01 3.677160e-01 9.232240e-01
    outer loop
      vertex   1.339688e+00 4.829228e+01 5.596593e+01
      vertex   1.574025e+00 4.861418e+01 5.586603e+01
      vertex   1.292635e+00 4.852882e+01 5.586603e+01
    endloop
  endfacet
  facet normal -6.076701e-01 5.985029e-02 7.919311e-01
    outer loop
      vertex   2.500000e+00 5.000000e+01 5.586603e+01
      vertex   2.292893e+00 5.000000e+01 5.570711e+01
      vertex   2.471178e+00 4.970737e+01 5.586603e+01
    endloop
  endfacet
  facet normal -6.076701e-01 5.985029e-02 7.919311e-01
    outer loop
      vertex   2.471178e+00 4.970737e+01 5.586603e+01
      vertex   2.292893e+00 5.000000e+01 5.570711e+01
      vertex   2.268051e+00 4.974777e+01 5.570711e+01
    endloop
  endfacet
  facet normal -5.843177e-01 1.772508e-01 7.919311e-01
    outer loop
      vertex   2.471178e+00 4.970737e+01 5.586603e+01
      vertex   2.268051e+00 4.974777e+01 5.570711e+01
      vertex   2.385819e+00 4.942598e+01 5.586603e+01
    endloop
  endfacet
  facet normal -5.843177e-01 1.772508e-01 7.919311e-01
    outer loop
      vertex   2.385819e+00 4.942598e+01 5.586603e+01
      vertex   2.268051e+00 4.974777e+01 5.570711e+01
      vertex   2.194478e+00 4.950523e+01 5.570711e+01
    endloop
  endfacet
  facet normal -5.385103e-01 2.878397e-01 7.919311e-01
    outer loop
      vertex   2.385819e+00 4.942598e+01 5.586603e+01
      vertex   2.194478e+00 4.950523e+01 5.570711e+01
      vertex   2.247204e+00 4.916665e+01 5.586603e+01
    endloop
  endfacet
  facet normal -5.385103e-01 2.878397e-01 7.919311e-01
    outer loop
      vertex   2.247204e+00 4.916665e+01 5.586603e+01
      vertex   2.194478e+00 4.950523e+01 5.570711e+01
      vertex   2.075001e+00 4.928171e+01 5.570711e+01
    endloop
  endfacet
  facet normal -4.720082e-01 3.873671e-01 7.919311e-01
    outer loop
      vertex   2.247204e+00 4.916665e+01 5.586603e+01
      vertex   2.075001e+00 4.928171e+01 5.570711e+01
      vertex   2.060660e+00 4.893934e+01 5.586603e+01
    endloop
  endfacet
  facet normal -4.720082e-01 3.873671e-01 7.919311e-01
    outer loop
      vertex   2.060660e+00 4.893934e+01 5.586603e+01
      vertex   2.075001e+00 4.928171e+01 5.570711e+01
      vertex   1.914214e+00 4.908579e+01 5.570711e+01
    endloop
  endfacet
  facet normal -3.873671e-01 4.720082e-01 7.919311e-01
    outer loop
      vertex   2.060660e+00 4.893934e+01 5.586603e+01
      vertex   1.914214e+00 4.908579e+01 5.570711e+01
      vertex   1.833355e+00 4.875280e+01 5.586603e+01
    endloop
  endfacet
  facet normal -3.873671e-01 4.720082e-01 7.919311e-01
    outer loop
      vertex   1.833355e+00 4.875280e+01 5.586603e+01
      vertex   1.914214e+00 4.908579e+01 5.570711e+01
      vertex   1.718293e+00 4.892500e+01 5.570711e+01
    endloop
  endfacet
  facet normal -2.878397e-01 5.385103e-01 7.919311e-01
    outer loop
      vertex   1.833355e+00 4.875280e+01 5.586603e+01
      vertex   1.718293e+00 4.892500e+01 5.570711e+01
      vertex   1.574025e+00 4.861418e+01 5.586603e+01
    endloop
  endfacet
  facet normal -2.878397e-01 5.385103e-01 7.919311e-01
    outer loop
      vertex   1.574025e+00 4.861418e+01 5.586603e+01
      vertex   1.718293e+00 4.892500e+01 5.570711e+01
      vertex   1.494769e+00 4.880552e+01 5.570711e+01
    endloop
  endfacet
  facet normal -1.772508e-01 5.843177e-01 7.919311e-01
    outer loop
      vertex   1.574025e+00 4.861418e+01 5.586603e+01
      vertex   1.494769e+00 4.880552e+01 5.570711e+01
      vertex   1.292635e+00 4.852882e+01 5.586603e+01
    endloop
  endfacet
  facet normal -1.772508e-01 5.843177e-01 7.919311e-01
    outer loop
      vertex   1.292635e+00 4.852882e+01 5.586603e+01
      vertex   1.494769e+00 4.880552e+01 5.570711e+01
      vertex   1.252231e+00 4.873195e+01 5.570711e+01
    endloop
  endfacet
  facet normal -7.909424e-01 7.790103e-02 6.069115e-01
    outer loop
      vertex   2.292893e+00 5.000000e+01 5.570711e+01
      vertex   2.133975e+00 5.000000e+01 5.550000e+01
      vertex   2.268051e+00 4.974777e+01 5.570711e+01
    endloop
  endfacet
  facet normal -7.909424e-01 7.790103e-02 6.069115e-01
    outer loop
      vertex   2.268051e+00 4.974777e+01 5.570711e+01
      vertex   2.133975e+00 5.000000e+01 5.550000e+01
      vertex   2.112186e+00 4.977877e+01 5.550000e+01
    endloop
  endfacet
  facet normal -7.605469e-01 2.307094e-01 6.069115e-01
    outer loop
      vertex   2.268051e+00 4.974777e+01 5.570711e+01
      vertex   2.112186e+00 4.977877e+01 5.550000e+01
      vertex   2.194478e+00 4.950523e+01 5.570711e+01
    endloop
  endfacet
  facet normal -7.605469e-01 2.307094e-01 6.069115e-01
    outer loop
      vertex   2.194478e+00 4.950523e+01 5.570711e+01
      vertex   2.112186e+00 4.977877e+01 5.550000e+01
      vertex   2.047656e+00 4.956605e+01 5.550000e+01
    endloop
  endfacet
  facet normal -7.009241e-01 3.746517e-01 6.069115e-01
    outer loop
      vertex   2.194478e+00 4.950523e+01 5.570711e+01
      vertex   2.047656e+00 4.956605e+01 5.550000e+01
      vertex   2.075001e+00 4.928171e+01 5.570711e+01
    endloop
  endfacet
  facet normal -7.009241e-01 3.746517e-01 6.069115e-01
    outer loop
      vertex   2.075001e+00 4.928171e+01 5.570711e+01
      vertex   2.047656e+00 4.956605e+01 5.550000e+01
      vertex   1.942865e+00 4.937000e+01 5.550000e+01
    endloop
  endfacet
  facet normal -6.143651e-01 5.041964e-01 6.069115e-01
    outer loop
      vertex   2.075001e+00 4.928171e+01 5.570711e+01
      vertex   1.942865e+00 4.937000e+01 5.550000e+01
      vertex   1.914214e+00 4.908579e+01 5.570711e+01
    endloop
  endfacet
  facet normal -6.143651e-01 5.041964e-01 6.069115e-01
    outer loop
      vertex   1.914214e+00 4.908579e+01 5.570711e+01
      vertex   1.942865e+00 4.937000e+01 5.550000e+01
      vertex   1.801841e+00 4.919816e+01 5.550000e+01
    endloop
  endfacet
  facet normal -5.041964e-01 6.143651e-01 6.069115e-01
    outer loop
      vertex   1.914214e+00 4.908579e+01 5.570711e+01
      vertex   1.801841e+00 4.919816e+01 5.550000e+01
      vertex   1.718293e+00 4.892500e+01 5.570711e+01
    endloop
  endfacet
  facet normal -5.041964e-01 6.143651e-01 6.069115e-01
    outer loop
      vertex   1.718293e+00 4.892500e+01 5.570711e+01
      vertex   1.801841e+00 4.919816e+01 5.550000e+01
      vertex   1.630003e+00 4.905714e+01 5.550000e+01
    endloop
  endfacet
  facet normal -3.746517e-01 7.009241e-01 6.069115e-01
    outer loop
      vertex   1.718293e+00 4.892500e+01 5.570711e+01
      vertex   1.630003e+00 4.905714e+01 5.550000e+01
      vertex   1.494769e+00 4.880552e+01 5.570711e+01
    endloop
  endfacet
  facet normal -3.746517e-01 7.009241e-01 6.069115e-01
    outer loop
      vertex   1.494769e+00 4.880552e+01 5.570711e+01
      vertex   1.630003e+00 4.905714e+01 5.550000e+01
      vertex   1.433953e+00 4.895234e+01 5.550000e+01
    endloop
  endfacet
  facet normal -2.307094e-01 7.605469e-01 6.069115e-01
    outer loop
      vertex   1.494769e+00 4.880552e+01 5.570711e+01
      vertex   1.433953e+00 4.895234e+01 5.550000e+01
      vertex   1.252231e+00 4.873195e+01 5.570711e+01
    endloop
  endfacet
  facet normal -2.307094e-01 7.605469e-01 6.069115e-01
    outer loop
      vertex   1.252231e+00 4.873195e+01 5.570711e+01
      vertex   1.433953e+00 4.895234e+01 5.550000e+01
      vertex   1.221227e+00 4.888782e+01 5.550000e+01
    endloop
  endfacet
  facet normal -9.200783e-01 9.061980e-02 3.811089e-01
    outer loop
      vertex   2.133975e+00 5.000000e+01 5.550000e+01
      vertex   2.034074e+00 5.000000e+01 5.525882e+01
      vertex   2.112186e+00 4.977877e+01 5.550000e+01
    endloop
  endfacet
  facet normal -9.200783e-01 9.061980e-02 3.811089e-01
    outer loop
      vertex   2.112186e+00 4.977877e+01 5.550000e+01
      vertex   2.034074e+00 5.000000e+01 5.525882e+01
      vertex   2.014205e+00 4.979826e+01 5.525882e+01
    endloop
  endfacet
  facet normal -8.847202e-01 2.683769e-01 3.811089e-01
    outer loop
      vertex   2.112186e+00 4.977877e+01 5.550000e+01
      vertex   2.014205e+00 4.979826e+01 5.525882e+01
      vertex   2.047656e+00 4.956605e+01 5.550000e+01
    endloop
  endfacet
  facet normal -8.847202e-01 2.683769e-01 3.811089e-01
    outer loop
      vertex   2.047656e+00 4.956605e+01 5.550000e+01
      vertex   2.014205e+00 4.979826e+01 5.525882e+01
      vertex   1.955360e+00 4.960428e+01 5.525882e+01
    endloop
  endfacet
  facet normal -8.153628e-01 4.358205e-01 3.811089e-01
    outer loop
      vertex   2.047656e+00 4.956605e+01 5.550000e+01
      vertex   1.955360e+00 4.960428e+01 5.525882e+01
      vertex   1.942865e+00 4.937000e+01 5.550000e+01
    endloop
  endfacet
  facet normal -8.153628e-01 4.358205e-01 3.811089e-01
    outer loop
      vertex   1.942865e+00 4.937000e+01 5.550000e+01
      vertex   1.955360e+00 4.960428e+01 5.525882e+01
      vertex   1.859801e+00 4.942550e+01 5.525882e+01
    endloop
  endfacet
  facet normal -7.146715e-01 5.865157e-01 3.811089e-01
    outer loop
      vertex   1.942865e+00 4.937000e+01 5.550000e+01
      vertex   1.859801e+00 4.942550e+01 5.525882e+01
      vertex   1.801841e+00 4.919816e+01 5.550000e+01
    endloop
  endfacet
  facet normal -7.146715e-01 5.865157e-01 3.811089e-01
    outer loop
      vertex   1.801841e+00 4.919816e+01 5.550000e+01
      vertex   1.859801e+00 4.942550e+01 5.525882e+01
      vertex   1.731201e+00 4.926880e+01 5.525882e+01
    endloop
  endfacet
  facet normal -5.865157e-01 7.146715e-01 3.811089e-01
    outer loop
      vertex   1.801841e+00 4.919816e+01 5.550000e+01
      vertex   1.731201e+00 4.926880e+01 5.525882e+01
      vertex   1.630003e+00 4.905714e+01 5.550000e+01
    endloop
  endfacet
  facet normal -5.865157e-01 7.146715e-01 3.811089e-01
    outer loop
      vertex   1.630003e+00 4.905714e+01 5.550000e+01
      vertex   1.731201e+00 4.926880e+01 5.525882e+01
      vertex   1.574501e+00 4.914020e+01 5.525882e+01
    endloop
  endfacet
  facet normal -4.358205e-01 8.153628e-01 3.811089e-01
    outer loop
      vertex   1.630003e+00 4.905714e+01 5.550000e+01
      vertex   1.574501e+00 4.914020e+01 5.525882e+01
      vertex   1.433953e+00 4.895234e+01 5.550000e+01
    endloop
  endfacet
  facet normal -4.358205e-01 8.153628e-01 3.811089e-01
    outer loop
      vertex   1.433953e+00 4.895234e+01 5.550000e+01
      vertex   1.574501e+00 4.914020e+01 5.525882e+01
      vertex   1.395723e+00 4.904464e+01 5.525882e+01
    endloop
  endfacet
  facet normal -2.683769e-01 8.847202e-01 3.811089e-01
    outer loop
      vertex   1.433953e+00 4.895234e+01 5.550000e+01
      vertex   1.395723e+00 4.904464e+01 5.525882e+01
      vertex   1.221227e+00 4.888782e+01 5.550000e+01
    endloop
  endfacet
  facet normal -2.683769e-01 8.847202e-01 3.811089e-01
    outer loop
      vertex   1.221227e+00 4.888782e+01 5.550000e+01
      vertex   1.395723e+00 4.904464e+01 5.525882e+01
      vertex   1.201738e+00 4.898580e+01 5.525882e+01
    endloop
  endfacet
  facet normal -9.867515e-01 9.718654e-02 1.299083e-01
    outer loop
      vertex   2.034074e+00 5.000000e+01 5.525882e+01
      vertex   2.000000e+00 5.000000e+01 5.500000e+01
      vertex   2.014205e+00 4.979826e+01 5.525882e+01
    endloop
  endfacet
  facet normal -9.795740e-01 1.289634e-01 1.542830e-01
    outer loop
      vertex   2.014205e+00 4.979826e+01 5.525882e+01
      vertex   2.000000e+00 5.000000e+01 5.500000e+01
      vertex   1.965926e+00 4.974118e+01 5.500000e+01
    endloop
  endfacet
  facet normal -9.507304e-01 2.884009e-01 1.137395e-01
    outer loop
      vertex   2.014205e+00 4.979826e+01 5.525882e+01
      vertex   1.965926e+00 4.974118e+01 5.500000e+01
      vertex   1.955360e+00 4.960428e+01 5.525882e+01
    endloop
  endfacet
  facet normal -9.115972e-01 3.775959e-01 1.625173e-01
    outer loop
      vertex   1.955360e+00 4.960428e+01 5.525882e+01
      vertex   1.965926e+00 4.974118e+01 5.500000e+01
      vertex   1.866025e+00 4.950000e+01 5.500000e+01
    endloop
  endfacet
  facet normal -8.761981e-01 4.683377e-01 1.137395e-01
    outer loop
      vertex   1.955360e+00 4.960428e+01 5.525882e+01
      vertex   1.866025e+00 4.950000e+01 5.500000e+01
      vertex   1.859801e+00 4.942550e+01 5.525882e+01
    endloop
  endfacet
  facet normal -7.838543e-01 6.014725e-01 1.542830e-01
    outer loop
      vertex   1.859801e+00 4.942550e+01 5.525882e+01
      vertex   1.866025e+00 4.950000e+01 5.500000e+01
      vertex   1.707107e+00 4.929289e+01 5.500000e+01
    endloop
  endfacet
  facet normal -7.664600e-01 6.290174e-01 1.299083e-01
    outer loop
      vertex   1.859801e+00 4.942550e+01 5.525882e+01
      vertex   1.707107e+00 4.929289e+01 5.500000e+01
      vertex   1.731201e+00 4.926880e+01 5.525882e+01
    endloop
  endfacet
  facet normal -6.290174e-01 7.664600e-01 1.299083e-01
    outer loop
      vertex   1.731201e+00 4.926880e+01 5.525882e+01
      vertex   1.707107e+00 4.929289e+01 5.500000e+01
      vertex   1.574501e+00 4.914020e+01 5.525882e+01
    endloop
  endfacet
  facet normal -6.014725e-01 7.838543e-01 1.542830e-01
    outer loop
      vertex   1.707107e+00 4.929289e+01 5.500000e+01
      vertex   1.500000e+00 4.913398e+01 5.500000e+01
      vertex   1.574501e+00 4.914020e+01 5.525882e+01
    endloop
  endfacet
  facet normal -4.683377e-01 8.761981e-01 1.137395e-01
    outer loop
      vertex   1.574501e+00 4.914020e+01 5.525882e+01
      vertex   1.500000e+00 4.913398e+01 5.500000e+01
      vertex   1.395723e+00 4.904464e+01 5.525882e+01
    endloop
  endfacet
  facet normal -3.775959e-01 9.115972e-01 1.625173e-01
    outer loop
      vertex   1.500000e+00 4.913398e+01 5.500000e+01
      vertex   1.258819e+00 4.903407e+01 5.500000e+01
      vertex   1.395723e+00 4.904464e+01 5.525882e+01
    endloop
  endfacet
  facet normal -2.884009e-01 9.507304e-01 1.137395e-01
    outer loop
      vertex   1.395723e+00 4.904464e+01 5.525882e+01
      vertex   1.258819e+00 4.903407e+01 5.500000e+01
      vertex   1.201738e+00 4.898580e+01 5.525882e+01
    endloop
  endfacet
  facet normal 7.236374e-12 9.914449e-01 1.305262e-01
    outer loop
      vertex   -3.100000e+01 4.896593e+01 5.525882e+01
      vertex   -2.566667e+01 4.896593e+01 5.525882e+01
      vertex   -3.100000e+01 4.900000e+01 5.500000e+01
    endloop
  endfacet
  facet normal 7.236721e-12 9.914449e-01 1.305262e-01
    outer loop
      vertex   -3.100000e+01 4.900000e+01 5.500000e+01
      vertex   -2.566667e+01 4.896593e+01 5.525882e+01
      vertex   -2.033333e+01 4.896593e+01 5.525882e+01
    endloop
  endfacet
  facet normal 7.236548e-12 9.914449e-01 1.305262e-01
    outer loop
      vertex   -3.100000e+01 4.900000e+01 5.500000e+01
      vertex   -2.033333e+01 4.896593e+01 5.525882e+01
      vertex   -1.500000e+01 4.896593e+01 5.525882e+01
    endloop
  endfacet
  facet normal -7.235052e-12 9.238795e-01 3.826834e-01
    outer loop
      vertex   -1.500000e+01 4.896593e+01 5.525882e+01
      vertex   -2.033333e+01 4.896593e+01 5.525882e+01
      vertex   -2.033333e+01 4.886603e+01 5.550000e+01
    endloop
  endfacet
  facet normal 5.789494e-12 9.238795e-01 3.826834e-01
    outer loop
      vertex   -1.500000e+01 4.896593e+01 5.525882e+01
      vertex   -2.033333e+01 4.886603e+01 5.550000e+01
      vertex   -1.500000e+01 4.886603e+01 5.550000e+01
    endloop
  endfacet
  facet normal -5.788192e-12 7.933533e-01 6.087614e-01
    outer loop
      vertex   -1.500000e+01 4.886603e+01 5.550000e+01
      vertex   -2.033333e+01 4.886603e+01 5.550000e+01
      vertex   -2.033333e+01 4.870711e+01 5.570711e+01
    endloop
  endfacet
  facet normal 4.341575e-12 7.933533e-01 6.087614e-01
    outer loop
      vertex   -1.500000e+01 4.886603e+01 5.550000e+01
      vertex   -2.033333e+01 4.870711e+01 5.570711e+01
      vertex   -1.500000e+01 4.870711e+01 5.570711e+01
    endloop
  endfacet
  facet normal -4.341575e-12 6.087614e-01 7.933533e-01
    outer loop
      vertex   -1.500000e+01 4.870711e+01 5.570711e+01
      vertex   -2.033333e+01 4.870711e+01 5.570711e+01
      vertex   -2.033333e+01 4.850000e+01 5.586603e+01
    endloop
  endfacet
  facet normal 2.895276e-12 6.087614e-01 7.933533e-01
    outer loop
      vertex   -1.500000e+01 4.870711e+01 5.570711e+01
      vertex   -2.033333e+01 4.850000e+01 5.586603e+01
      vertex   -1.500000e+01 4.850000e+01 5.586603e+01
    endloop
  endfacet
  facet normal -2.893156e-12 3.826834e-01 9.238795e-01
    outer loop
      vertex   -1.500000e+01 4.850000e+01 5.586603e+01
      vertex   -2.033333e+01 4.850000e+01 5.586603e+01
      vertex   -2.033333e+01 4.825882e+01 5.596593e+01
    endloop
  endfacet
  facet normal 1.447528e-12 3.826834e-01 9.238795e-01
    outer loop
      vertex   -1.500000e+01 4.850000e+01 5.586603e+01
      vertex   -2.033333e+01 4.825882e+01 5.596593e+01
      vertex   -1.500000e+01 4.825882e+01 5.596593e+01
    endloop
  endfacet
  facet normal -1.446232e-12 1.305262e-01 9.914449e-01
    outer loop
      vertex   -1.500000e+01 4.825882e+01 5.596593e+01
      vertex   -2.033333e+01 4.825882e+01 5.596593e+01
      vertex   -3.100000e+01 4.800000e+01 5.600000e+01
    endloop
  endfacet
  facet normal 0.000000e+00 1.305262e-01 9.914449e-01
    outer loop
      vertex   -1.500000e+01 4.825882e+01 5.596593e+01
      vertex   -3.100000e+01 4.800000e+01 5.600000e+01
      vertex   1.000000e+00 4.800000e+01 5.600000e+01
    endloop
  endfacet
  facet normal -7.235562e-12 9.238795e-01 3.826834e-01
    outer loop
      vertex   -3.100000e+01 4.896593e+01 5.525882e+01
      vertex   -3.100000e+01 4.886603e+01 5.550000e+01
      vertex   -2.566667e+01 4.896593e+01 5.525882e+01
    endloop
  endfacet
  facet normal 5.787032e-12 9.238795e-01 3.826834e-01
    outer loop
      vertex   -2.566667e+01 4.896593e+01 5.525882e+01
      vertex   -3.100000e+01 4.886603e+01 5.550000e+01
      vertex   -2.566667e+01 4.886603e+01 5.550000e+01
    endloop
  endfacet
  facet normal -7.234543e-12 9.238795e-01 3.826834e-01
    outer loop
      vertex   -2.566667e+01 4.896593e+01 5.525882e+01
      vertex   -2.566667e+01 4.886603e+01 5.550000e+01
      vertex   -2.033333e+01 4.896593e+01 5.525882e+01
    endloop
  endfacet
  facet normal 5.789283e-12 9.238795e-01 3.826834e-01
    outer loop
      vertex   -2.033333e+01 4.896593e+01 5.525882e+01
      vertex   -2.566667e+01 4.886603e+01 5.550000e+01
      vertex   -2.033333e+01 4.886603e+01 5.550000e+01
    endloop
  endfacet
  facet normal -5.790306e-12 7.933533e-01 6.087614e-01
    outer loop
      vertex   -3.100000e+01 4.886603e+01 5.550000e+01
      vertex   -3.100000e+01 4.870711e+01 5.570711e+01
      vertex   -2.566667e+01 4.886603e+01 5.550000e+01
    endloop
  endfacet
  facet normal 4.342387e-12 7.933533e-01 6.087614e-01
    outer loop
      vertex   -2.566667e+01 4.886603e+01 5.550000e+01
      vertex   -3.100000e+01 4.870711e+01 5.570711e+01
      vertex   -2.566667e+01 4.870711e+01 5.570711e+01
    endloop
  endfacet
  facet normal -5.787627e-12 7.933533e-01 6.087614e-01
    outer loop
      vertex   -2.566667e+01 4.886603e+01 5.550000e+01
      vertex   -2.566667e+01 4.870711e+01 5.570711e+01
      vertex   -2.033333e+01 4.886603e+01 5.550000e+01
    endloop
  endfacet
  facet normal 4.342382e-12 7.933533e-01 6.087614e-01
    outer loop
      vertex   -2.033333e+01 4.886603e+01 5.550000e+01
      vertex   -2.566667e+01 4.870711e+01 5.570711e+01
      vertex   -2.033333e+01 4.870711e+01 5.570711e+01
    endloop
  endfacet
  facet normal -4.340518e-12 6.087614e-01 7.933533e-01
    outer loop
      vertex   -3.100000e+01 4.870711e+01 5.570711e+01
      vertex   -3.100000e+01 4.850000e+01 5.586603e+01
      vertex   -2.566667e+01 4.870711e+01 5.570711e+01
    endloop
  endfacet
  facet normal 2.896088e-12 6.087614e-01 7.933533e-01
    outer loop
      vertex   -2.566667e+01 4.870711e+01 5.570711e+01
      vertex   -3.100000e+01 4.850000e+01 5.586603e+01
      vertex   -2.566667e+01 4.850000e+01 5.586603e+01
    endloop
  endfacet
  facet normal -4.340518e-12 6.087614e-01 7.933533e-01
    outer loop
      vertex   -2.566667e+01 4.870711e+01 5.570711e+01
      vertex   -2.566667e+01 4.850000e+01 5.586603e+01
      vertex   -2.033333e+01 4.870711e+01 5.570711e+01
    endloop
  endfacet
  facet normal 2.892350e-12 6.087614e-01 7.933533e-01
    outer loop
      vertex   -2.033333e+01 4.870711e+01 5.570711e+01
      vertex   -2.566667e+01 4.850000e+01 5.586603e+01
      vertex   -2.033333e+01 4.850000e+01 5.586603e+01
    endloop
  endfacet
  facet normal -2.892646e-12 3.826834e-01 9.238795e-01
    outer loop
      vertex   -3.100000e+01 4.850000e+01 5.586603e+01
      vertex   -3.100000e+01 4.825882e+01 5.596593e+01
      vertex   -2.566667e+01 4.850000e+01 5.586603e+01
    endloop
  endfacet
  facet normal 1.448547e-12 3.826834e-01 9.238795e-01
    outer loop
      vertex   -2.566667e+01 4.850000e+01 5.586603e+01
      vertex   -3.100000e+01 4.825882e+01 5.596593e+01
      vertex   -2.566667e+01 4.825882e+01 5.596593e+01
    endloop
  endfacet
  facet normal -2.896127e-12 3.826834e-01 9.238795e-01
    outer loop
      vertex   -2.566667e+01 4.850000e+01 5.586603e+01
      vertex   -2.566667e+01 4.825882e+01 5.596593e+01
      vertex   -2.033333e+01 4.850000e+01 5.586603e+01
    endloop
  endfacet
  facet normal 1.447316e-12 3.826834e-01 9.238795e-01
    outer loop
      vertex   -2.033333e+01 4.850000e+01 5.586603e+01
      vertex   -2.566667e+01 4.825882e+01 5.596593e+01
      vertex   -2.033333e+01 4.825882e+01 5.596593e+01
    endloop
  endfacet
  facet normal -1.445884e-12 1.305262e-01 9.914449e-01
    outer loop
      vertex   -3.100000e+01 4.825882e+01 5.596593e+01
      vertex   -3.100000e+01 4.800000e+01 5.600000e+01
      vertex   -2.566667e+01 4.825882e+01 5.596593e+01
    endloop
  endfacet
  facet normal -1.447205e-12 1.305262e-01 9.914449e-01
    outer loop
      vertex   -2.566667e+01 4.825882e+01 5.596593e+01
      vertex   -3.100000e+01 4.800000e+01 5.600000e+01
      vertex   -2.033333e+01 4.825882e+01 5.596593e+01
    endloop
  endfacet
  facet normal -1.448526e-12 1.305262e-01 9.914449e-01
    outer loop
      vertex   1.000000e+00 4.825882e+01 5.596593e+01
      vertex   -4.333333e+00 4.825882e+01 5.596593e+01
      vertex   1.000000e+00 4.800000e+01 5.600000e+01
    endloop
  endfacet
  facet normal -1.447553e-12 1.305262e-01 9.914449e-01
    outer loop
      vertex   1.000000e+00 4.800000e+01 5.600000e+01
      vertex   -4.333333e+00 4.825882e+01 5.596593e+01
      vertex   -9.666667e+00 4.825882e+01 5.596593e+01
    endloop
  endfacet
  facet normal -1.447205e-12 1.305262e-01 9.914449e-01
    outer loop
      vertex   1.000000e+00 4.800000e+01 5.600000e+01
      vertex   -9.666667e+00 4.825882e+01 5.596593e+01
      vertex   -1.500000e+01 4.825882e+01 5.596593e+01
    endloop
  endfacet
  facet normal 1.447316e-12 3.826834e-01 9.238795e-01
    outer loop
      vertex   -1.500000e+01 4.825882e+01 5.596593e+01
      vertex   -9.666667e+00 4.825882e+01 5.596593e+01
      vertex   -9.666667e+00 4.850000e+01 5.586603e+01
    endloop
  endfacet
  facet normal -2.893875e-12 3.826834e-01 9.238795e-01
    outer loop
      vertex   -1.500000e+01 4.825882e+01 5.596593e+01
      vertex   -9.666667e+00 4.850000e+01 5.586603e+01
      vertex   -1.500000e+01 4.850000e+01 5.586603e+01
    endloop
  endfacet
  facet normal 2.895030e-12 6.087614e-01 7.933533e-01
    outer loop
      vertex   -1.500000e+01 4.850000e+01 5.586603e+01
      vertex   -9.666667e+00 4.850000e+01 5.586603e+01
      vertex   -9.666667e+00 4.870711e+01 5.570711e+01
    endloop
  endfacet
  facet normal -4.341331e-12 6.087614e-01 7.933533e-01
    outer loop
      vertex   -1.500000e+01 4.850000e+01 5.586603e+01
      vertex   -9.666667e+00 4.870711e+01 5.570711e+01
      vertex   -1.500000e+01 4.870711e+01 5.570711e+01
    endloop
  endfacet
  facet normal 4.341329e-12 7.933533e-01 6.087614e-01
    outer loop
      vertex   -1.500000e+01 4.870711e+01 5.570711e+01
      vertex   -9.666667e+00 4.870711e+01 5.570711e+01
      vertex   -9.666667e+00 4.886603e+01 5.550000e+01
    endloop
  endfacet
  facet normal -5.788438e-12 7.933533e-01 6.087614e-01
    outer loop
      vertex   -1.500000e+01 4.870711e+01 5.570711e+01
      vertex   -9.666667e+00 4.886603e+01 5.550000e+01
      vertex   -1.500000e+01 4.886603e+01 5.550000e+01
    endloop
  endfacet
  facet normal 5.788773e-12 9.238795e-01 3.826834e-01
    outer loop
      vertex   -1.500000e+01 4.886603e+01 5.550000e+01
      vertex   -9.666667e+00 4.886603e+01 5.550000e+01
      vertex   -9.666667e+00 4.896593e+01 5.525882e+01
    endloop
  endfacet
  facet normal -7.238024e-12 9.238795e-01 3.826834e-01
    outer loop
      vertex   -1.500000e+01 4.886603e+01 5.550000e+01
      vertex   -9.666667e+00 4.896593e+01 5.525882e+01
      vertex   -1.500000e+01 4.896593e+01 5.525882e+01
    endloop
  endfacet
  facet normal 7.233732e-12 9.914449e-01 1.305262e-01
    outer loop
      vertex   -1.500000e+01 4.896593e+01 5.525882e+01
      vertex   -9.666667e+00 4.896593e+01 5.525882e+01
      vertex   1.000000e+00 4.900000e+01 5.500000e+01
    endloop
  endfacet
  facet normal -8.682995e-12 9.914449e-01 1.305262e-01
    outer loop
      vertex   -1.500000e+01 4.896593e+01 5.525882e+01
      vertex   1.000000e+00 4.900000e+01 5.500000e+01
      vertex   -3.100000e+01 4.900000e+01 5.500000e+01
    endloop
  endfacet
  facet normal 1.446086e-12 3.826834e-01 9.238795e-01
    outer loop
      vertex   1.000000e+00 4.825882e+01 5.596593e+01
      vertex   1.000000e+00 4.850000e+01 5.586603e+01
      vertex   -4.333333e+00 4.825882e+01 5.596593e+01
    endloop
  endfacet
  facet normal -2.894386e-12 3.826834e-01 9.238795e-01
    outer loop
      vertex   -4.333333e+00 4.825882e+01 5.596593e+01
      vertex   1.000000e+00 4.850000e+01 5.586603e+01
      vertex   -4.333333e+00 4.850000e+01 5.586603e+01
    endloop
  endfacet
  facet normal 1.446297e-12 3.826834e-01 9.238795e-01
    outer loop
      vertex   -4.333333e+00 4.825882e+01 5.596593e+01
      vertex   -4.333333e+00 4.850000e+01 5.586603e+01
      vertex   -9.666667e+00 4.825882e+01 5.596593e+01
    endloop
  endfacet
  facet normal -2.895617e-12 3.826834e-01 9.238795e-01
    outer loop
      vertex   -9.666667e+00 4.825882e+01 5.596593e+01
      vertex   -4.333333e+00 4.850000e+01 5.586603e+01
      vertex   -9.666667e+00 4.850000e+01 5.586603e+01
    endloop
  endfacet
  facet normal 2.894219e-12 6.087614e-01 7.933533e-01
    outer loop
      vertex   1.000000e+00 4.850000e+01 5.586603e+01
      vertex   1.000000e+00 4.870711e+01 5.570711e+01
      vertex   -4.333333e+00 4.850000e+01 5.586603e+01
    endloop
  endfacet
  facet normal -4.343444e-12 6.087614e-01 7.933533e-01
    outer loop
      vertex   -4.333333e+00 4.850000e+01 5.586603e+01
      vertex   1.000000e+00 4.870711e+01 5.570711e+01
      vertex   -4.333333e+00 4.870711e+01 5.570711e+01
    endloop
  endfacet
  facet normal 2.893162e-12 6.087614e-01 7.933533e-01
    outer loop
      vertex   -4.333333e+00 4.850000e+01 5.586603e+01
      vertex   -4.333333e+00 4.870711e+01 5.570711e+01
      vertex   -9.666667e+00 4.850000e+01 5.586603e+01
    endloop
  endfacet
  facet normal -4.341575e-12 6.087614e-01 7.933533e-01
    outer loop
      vertex   -9.666667e+00 4.850000e+01 5.586603e+01
      vertex   -4.333333e+00 4.870711e+01 5.570711e+01
      vertex   -9.666667e+00 4.870711e+01 5.570711e+01
    endloop
  endfacet
  facet normal 4.339707e-12 7.933533e-01 6.087614e-01
    outer loop
      vertex   1.000000e+00 4.870711e+01 5.570711e+01
      vertex   1.000000e+00 4.886603e+01 5.550000e+01
      vertex   -4.333333e+00 4.870711e+01 5.570711e+01
    endloop
  endfacet
  facet normal -5.790307e-12 7.933533e-01 6.087614e-01
    outer loop
      vertex   -4.333333e+00 4.870711e+01 5.570711e+01
      vertex   1.000000e+00 4.886603e+01 5.550000e+01
      vertex   -4.333333e+00 4.886603e+01 5.550000e+01
    endloop
  endfacet
  facet normal 4.341575e-12 7.933533e-01 6.087614e-01
    outer loop
      vertex   -4.333333e+00 4.870711e+01 5.570711e+01
      vertex   -4.333333e+00 4.886603e+01 5.550000e+01
      vertex   -9.666667e+00 4.870711e+01 5.570711e+01
    endloop
  endfacet
  facet normal -5.788438e-12 7.933533e-01 6.087614e-01
    outer loop
      vertex   -9.666667e+00 4.870711e+01 5.570711e+01
      vertex   -4.333333e+00 4.886603e+01 5.550000e+01
      vertex   -9.666667e+00 4.886603e+01 5.550000e+01
    endloop
  endfacet
  facet normal 5.787033e-12 9.238795e-01 3.826834e-01
    outer loop
      vertex   1.000000e+00 4.886603e+01 5.550000e+01
      vertex   1.000000e+00 4.896593e+01 5.525882e+01
      vertex   -4.333333e+00 4.886603e+01 5.550000e+01
    endloop
  endfacet
  facet normal -7.236793e-12 9.238795e-01 3.826834e-01
    outer loop
      vertex   -4.333333e+00 4.886603e+01 5.550000e+01
      vertex   1.000000e+00 4.896593e+01 5.525882e+01
      vertex   -4.333333e+00 4.896593e+01 5.525882e+01
    endloop
  endfacet
  facet normal 5.788773e-12 9.238795e-01 3.826834e-01
    outer loop
      vertex   -4.333333e+00 4.886603e+01 5.550000e+01
      vertex   -4.333333e+00 4.896593e+01 5.525882e+01
      vertex   -9.666667e+00 4.886603e+01 5.550000e+01
    endloop
  endfacet
  facet normal -7.235051e-12 9.238795e-01 3.826834e-01
    outer loop
      vertex   -9.666667e+00 4.886603e+01 5.550000e+01
      vertex   -4.333333e+00 4.896593e+01 5.525882e+01
      vertex   -9.666667e+00 4.896593e+01 5.525882e+01
    endloop
  endfacet
  facet normal 7.235053e-12 9.914449e-01 1.305262e-01
    outer loop
      vertex   1.000000e+00 4.896593e+01 5.525882e+01
      vertex   1.000000e+00 4.900000e+01 5.500000e+01
      vertex   -4.333333e+00 4.896593e+01 5.525882e+01
    endloop
  endfacet
  facet normal 7.236548e-12 9.914449e-01 1.305262e-01
    outer loop
      vertex   -4.333333e+00 4.896593e+01 5.525882e+01
      vertex   1.000000e+00 4.900000e+01 5.500000e+01
      vertex   -9.666667e+00 4.896593e+01 5.525882e+01
    endloop
  endfacet
  facet normal 9.795740e-01 1.289634e-01 1.542830e-01
    outer loop
      vertex   -3.196593e+01 4.974118e+01 5.500000e+01
      vertex   -3.200000e+01 5.000000e+01 5.500000e+01
      vertex   -3.201421e+01 4.979826e+01 5.525882e+01
    endloop
  endfacet
  facet normal 9.867515e-01 9.718655e-02 1.299083e-01
    outer loop
      vertex   -3.201421e+01 4.979826e+01 5.525882e+01
      vertex   -3.200000e+01 5.000000e+01 5.500000e+01
      vertex   -3.203407e+01 5.000000e+01 5.525882e+01
    endloop
  endfacet
  facet normal 9.200783e-01 9.061980e-02 3.811089e-01
    outer loop
      vertex   -3.201421e+01 4.979826e+01 5.525882e+01
      vertex   -3.203407e+01 5.000000e+01 5.525882e+01
      vertex   -3.211219e+01 4.977877e+01 5.550000e+01
    endloop
  endfacet
  facet normal 9.200783e-01 9.061980e-02 3.811089e-01
    outer loop
      vertex   -3.211219e+01 4.977877e+01 5.550000e+01
      vertex   -3.203407e+01 5.000000e+01 5.525882e+01
      vertex   -3.213397e+01 5.000000e+01 5.550000e+01
    endloop
  endfacet
  facet normal 7.909424e-01 7.790103e-02 6.069115e-01
    outer loop
      vertex   -3.211219e+01 4.977877e+01 5.550000e+01
      vertex   -3.213397e+01 5.000000e+01 5.550000e+01
      vertex   -3.226805e+01 4.974777e+01 5.570711e+01
    endloop
  endfacet
  facet normal 7.909424e-01 7.790103e-02 6.069115e-01
    outer loop
      vertex   -3.226805e+01 4.974777e+01 5.570711e+01
      vertex   -3.213397e+01 5.000000e+01 5.550000e+01
      vertex   -3.229289e+01 5.000000e+01 5.570711e+01
    endloop
  endfacet
  facet normal 6.076701e-01 5.985028e-02 7.919311e-01
    outer loop
      vertex   -3.226805e+01 4.974777e+01 5.570711e+01
      vertex   -3.229289e+01 5.000000e+01 5.570711e+01
      vertex   -3.247118e+01 4.970737e+01 5.586603e+01
    endloop
  endfacet
  facet normal 6.076701e-01 5.985029e-02 7.919311e-01
    outer loop
      vertex   -3.247118e+01 4.970737e+01 5.586603e+01
      vertex   -3.229289e+01 5.000000e+01 5.570711e+01
      vertex   -3.250000e+01 5.000000e+01 5.586603e+01
    endloop
  endfacet
  facet normal 3.824119e-01 3.766428e-02 9.232240e-01
    outer loop
      vertex   -3.247118e+01 4.970737e+01 5.586603e+01
      vertex   -3.250000e+01 5.000000e+01 5.586603e+01
      vertex   -3.270772e+01 4.966031e+01 5.596593e+01
    endloop
  endfacet
  facet normal 3.824119e-01 3.766428e-02 9.232240e-01
    outer loop
      vertex   -3.270772e+01 4.966031e+01 5.596593e+01
      vertex   -3.250000e+01 5.000000e+01 5.586603e+01
      vertex   -3.274118e+01 5.000000e+01 5.596593e+01
    endloop
  endfacet
  facet normal 1.305154e-01 1.285465e-02 9.913629e-01
    outer loop
      vertex   -3.270772e+01 4.966031e+01 5.596593e+01
      vertex   -3.274118e+01 5.000000e+01 5.596593e+01
      vertex   -3.300000e+01 5.000000e+01 5.600000e+01
    endloop
  endfacet
  facet normal 1.329434e-01 1.497913e-02 9.910104e-01
    outer loop
      vertex   -3.300000e+01 5.000000e+01 5.600000e+01
      vertex   -3.294986e+01 4.955496e+01 5.600000e+01
      vertex   -3.270772e+01 4.966031e+01 5.596593e+01
    endloop
  endfacet
  facet normal 1.232815e-01 3.739703e-02 9.916668e-01
    outer loop
      vertex   -3.270772e+01 4.966031e+01 5.596593e+01
      vertex   -3.294986e+01 4.955496e+01 5.600000e+01
      vertex   -3.260864e+01 4.933368e+01 5.596593e+01
    endloop
  endfacet
  facet normal 3.677160e-01 1.115454e-01 9.232240e-01
    outer loop
      vertex   -3.270772e+01 4.966031e+01 5.596593e+01
      vertex   -3.260864e+01 4.933368e+01 5.596593e+01
      vertex   -3.238582e+01 4.942598e+01 5.586603e+01
    endloop
  endfacet
  facet normal 3.388890e-01 1.811400e-01 9.232240e-01
    outer loop
      vertex   -3.238582e+01 4.942598e+01 5.586603e+01
      vertex   -3.260864e+01 4.933368e+01 5.596593e+01
      vertex   -3.224720e+01 4.916665e+01 5.586603e+01
    endloop
  endfacet
  facet normal 5.385103e-01 2.878397e-01 7.919311e-01
    outer loop
      vertex   -3.238582e+01 4.942598e+01 5.586603e+01
      vertex   -3.224720e+01 4.916665e+01 5.586603e+01
      vertex   -3.207500e+01 4.928171e+01 5.570711e+01
    endloop
  endfacet
  facet normal 4.720082e-01 3.873671e-01 7.919311e-01
    outer loop
      vertex   -3.207500e+01 4.928171e+01 5.570711e+01
      vertex   -3.224720e+01 4.916665e+01 5.586603e+01
      vertex   -3.191421e+01 4.908579e+01 5.570711e+01
    endloop
  endfacet
  facet normal 6.143651e-01 5.041964e-01 6.069115e-01
    outer loop
      vertex   -3.207500e+01 4.928171e+01 5.570711e+01
      vertex   -3.191421e+01 4.908579e+01 5.570711e+01
      vertex   -3.180184e+01 4.919816e+01 5.550000e+01
    endloop
  endfacet
  facet normal 5.041964e-01 6.143651e-01 6.069115e-01
    outer loop
      vertex   -3.180184e+01 4.919816e+01 5.550000e+01
      vertex   -3.191421e+01 4.908579e+01 5.570711e+01
      vertex   -3.163000e+01 4.905714e+01 5.550000e+01
    endloop
  endfacet
  facet normal 5.865157e-01 7.146715e-01 3.811089e-01
    outer loop
      vertex   -3.180184e+01 4.919816e+01 5.550000e+01
      vertex   -3.163000e+01 4.905714e+01 5.550000e+01
      vertex   -3.157450e+01 4.914020e+01 5.525882e+01
    endloop
  endfacet
  facet normal 4.358205e-01 8.153628e-01 3.811089e-01
    outer loop
      vertex   -3.157450e+01 4.914020e+01 5.525882e+01
      vertex   -3.163000e+01 4.905714e+01 5.550000e+01
      vertex   -3.139572e+01 4.904464e+01 5.525882e+01
    endloop
  endfacet
  facet normal 4.683377e-01 8.761981e-01 1.137395e-01
    outer loop
      vertex   -3.157450e+01 4.914020e+01 5.525882e+01
      vertex   -3.139572e+01 4.904464e+01 5.525882e+01
      vertex   -3.150000e+01 4.913398e+01 5.500000e+01
    endloop
  endfacet
  facet normal 3.775959e-01 9.115972e-01 1.625173e-01
    outer loop
      vertex   -3.150000e+01 4.913398e+01 5.500000e+01
      vertex   -3.139572e+01 4.904464e+01 5.525882e+01
      vertex   -3.125882e+01 4.903407e+01 5.500000e+01
    endloop
  endfacet
  facet normal 2.884009e-01 9.507304e-01 1.137395e-01
    outer loop
      vertex   -3.125882e+01 4.903407e+01 5.500000e+01
      vertex   -3.139572e+01 4.904464e+01 5.525882e+01
      vertex   -3.120174e+01 4.898580e+01 5.525882e+01
    endloop
  endfacet
  facet normal 1.289634e-01 9.795740e-01 1.542830e-01
    outer loop
      vertex   -3.125882e+01 4.903407e+01 5.500000e+01
      vertex   -3.120174e+01 4.898580e+01 5.525882e+01
      vertex   -3.100000e+01 4.900000e+01 5.500000e+01
    endloop
  endfacet
  facet normal 9.718654e-02 9.867515e-01 1.299083e-01
    outer loop
      vertex   -3.100000e+01 4.900000e+01 5.500000e+01
      vertex   -3.120174e+01 4.898580e+01 5.525882e+01
      vertex   -3.100000e+01 4.896593e+01 5.525882e+01
    endloop
  endfacet
  facet normal 9.061980e-02 9.200783e-01 3.811089e-01
    outer loop
      vertex   -3.100000e+01 4.896593e+01 5.525882e+01
      vertex   -3.120174e+01 4.898580e+01 5.525882e+01
      vertex   -3.122123e+01 4.888782e+01 5.550000e+01
    endloop
  endfacet
  facet normal 9.061980e-02 9.200783e-01 3.811089e-01
    outer loop
      vertex   -3.100000e+01 4.896593e+01 5.525882e+01
      vertex   -3.122123e+01 4.888782e+01 5.550000e+01
      vertex   -3.100000e+01 4.886603e+01 5.550000e+01
    endloop
  endfacet
  facet normal 7.790103e-02 7.909424e-01 6.069115e-01
    outer loop
      vertex   -3.100000e+01 4.886603e+01 5.550000e+01
      vertex   -3.122123e+01 4.888782e+01 5.550000e+01
      vertex   -3.125223e+01 4.873195e+01 5.570711e+01
    endloop
  endfacet
  facet normal 7.790103e-02 7.909424e-01 6.069115e-01
    outer loop
      vertex   -3.100000e+01 4.886603e+01 5.550000e+01
      vertex   -3.125223e+01 4.873195e+01 5.570711e+01
      vertex   -3.100000e+01 4.870711e+01 5.570711e+01
    endloop
  endfacet
  facet normal 5.985029e-02 6.076701e-01 7.919311e-01
    outer loop
      vertex   -3.100000e+01 4.870711e+01 5.570711e+01
      vertex   -3.125223e+01 4.873195e+01 5.570711e+01
      vertex   -3.129264e+01 4.852882e+01 5.586603e+01
    endloop
  endfacet
  facet normal 5.985029e-02 6.076701e-01 7.919311e-01
    outer loop
      vertex   -3.100000e+01 4.870711e+01 5.570711e+01
      vertex   -3.129264e+01 4.852882e+01 5.586603e+01
      vertex   -3.100000e+01 4.850000e+01 5.586603e+01
    endloop
  endfacet
  facet normal 3.766428e-02 3.824119e-01 9.232240e-01
    outer loop
      vertex   -3.100000e+01 4.850000e+01 5.586603e+01
      vertex   -3.129264e+01 4.852882e+01 5.586603e+01
      vertex   -3.133969e+01 4.829228e+01 5.596593e+01
    endloop
  endfacet
  facet normal 3.766428e-02 3.824119e-01 9.232240e-01
    outer loop
      vertex   -3.100000e+01 4.850000e+01 5.586603e+01
      vertex   -3.133969e+01 4.829228e+01 5.596593e+01
      vertex   -3.100000e+01 4.825882e+01 5.596593e+01
    endloop
  endfacet
  facet normal 1.285465e-02 1.305154e-01 9.913629e-01
    outer loop
      vertex   -3.100000e+01 4.825882e+01 5.596593e+01
      vertex   -3.133969e+01 4.829228e+01 5.596593e+01
      vertex   -3.100000e+01 4.800000e+01 5.600000e+01
    endloop
  endfacet
  facet normal 1.497913e-02 1.329434e-01 9.910104e-01
    outer loop
      vertex   -3.100000e+01 4.800000e+01 5.600000e+01
      vertex   -3.133969e+01 4.829228e+01 5.596593e+01
      vertex   -3.144504e+01 4.805014e+01 5.600000e+01
    endloop
  endfacet
  facet normal 3.739703e-02 1.232815e-01 9.916668e-01
    outer loop
      vertex   -3.144504e+01 4.805014e+01 5.600000e+01
      vertex   -3.133969e+01 4.829228e+01 5.596593e+01
      vertex   -3.166632e+01 4.839136e+01 5.596593e+01
    endloop
  endfacet
  facet normal 4.478246e-02 1.279809e-01 9.907651e-01
    outer loop
      vertex   -3.144504e+01 4.805014e+01 5.600000e+01
      vertex   -3.166632e+01 4.839136e+01 5.596593e+01
      vertex   -3.186777e+01 4.819806e+01 5.600000e+01
    endloop
  endfacet
  facet normal 6.002156e-02 1.122924e-01 9.918608e-01
    outer loop
      vertex   -3.186777e+01 4.819806e+01 5.600000e+01
      vertex   -3.166632e+01 4.839136e+01 5.596593e+01
      vertex   -3.196735e+01 4.855226e+01 5.596593e+01
    endloop
  endfacet
  facet normal 7.272707e-02 1.157445e-01 9.906129e-01
    outer loop
      vertex   -3.186777e+01 4.819806e+01 5.600000e+01
      vertex   -3.196735e+01 4.855226e+01 5.596593e+01
      vertex   -3.224698e+01 4.843634e+01 5.600000e+01
    endloop
  endfacet
  facet normal 8.030711e-02 9.785449e-02 9.919553e-01
    outer loop
      vertex   -3.224698e+01 4.843634e+01 5.600000e+01
      vertex   -3.196735e+01 4.855226e+01 5.596593e+01
      vertex   -3.223120e+01 4.876880e+01 5.596593e+01
    endloop
  endfacet
  facet normal 9.692304e-02 9.692304e-02 9.905614e-01
    outer loop
      vertex   -3.224698e+01 4.843634e+01 5.600000e+01
      vertex   -3.223120e+01 4.876880e+01 5.596593e+01
      vertex   -3.256366e+01 4.875302e+01 5.600000e+01
    endloop
  endfacet
  facet normal 9.785449e-02 8.030711e-02 9.919553e-01
    outer loop
      vertex   -3.256366e+01 4.875302e+01 5.600000e+01
      vertex   -3.223120e+01 4.876880e+01 5.596593e+01
      vertex   -3.244774e+01 4.903265e+01 5.596593e+01
    endloop
  endfacet
  facet normal 1.157445e-01 7.272707e-02 9.906129e-01
    outer loop
      vertex   -3.256366e+01 4.875302e+01 5.600000e+01
      vertex   -3.244774e+01 4.903265e+01 5.596593e+01
      vertex   -3.280194e+01 4.913223e+01 5.600000e+01
    endloop
  endfacet
  facet normal 1.122924e-01 6.002156e-02 9.918608e-01
    outer loop
      vertex   -3.280194e+01 4.913223e+01 5.600000e+01
      vertex   -3.244774e+01 4.903265e+01 5.596593e+01
      vertex   -3.260864e+01 4.933368e+01 5.596593e+01
    endloop
  endfacet
  facet normal 1.279809e-01 4.478246e-02 9.907651e-01
    outer loop
      vertex   -3.280194e+01 4.913223e+01 5.600000e+01
      vertex   -3.260864e+01 4.933368e+01 5.596593e+01
      vertex   -3.294986e+01 4.955496e+01 5.600000e+01
    endloop
  endfacet
  facet normal 6.014725e-01 7.838543e-01 1.542830e-01
    outer loop
      vertex   -3.150000e+01 4.913398e+01 5.500000e+01
      vertex   -3.170711e+01 4.929289e+01 5.500000e+01
      vertex   -3.157450e+01 4.914020e+01 5.525882e+01
    endloop
  endfacet
  facet normal 6.290174e-01 7.664600e-01 1.299083e-01
    outer loop
      vertex   -3.157450e+01 4.914020e+01 5.525882e+01
      vertex   -3.170711e+01 4.929289e+01 5.500000e+01
      vertex   -3.173120e+01 4.926880e+01 5.525882e+01
    endloop
  endfacet
  facet normal 5.865157e-01 7.146715e-01 3.811089e-01
    outer loop
      vertex   -3.157450e+01 4.914020e+01 5.525882e+01
      vertex   -3.173120e+01 4.926880e+01 5.525882e+01
      vertex   -3.180184e+01 4.919816e+01 5.550000e+01
    endloop
  endfacet
  facet normal 7.146715e-01 5.865157e-01 3.811089e-01
    outer loop
      vertex   -3.180184e+01 4.919816e+01 5.550000e+01
      vertex   -3.173120e+01 4.926880e+01 5.525882e+01
      vertex   -3.194287e+01 4.937000e+01 5.550000e+01
    endloop
  endfacet
  facet normal 6.143651e-01 5.041964e-01 6.069115e-01
    outer loop
      vertex   -3.180184e+01 4.919816e+01 5.550000e+01
      vertex   -3.194287e+01 4.937000e+01 5.550000e+01
      vertex   -3.207500e+01 4.928171e+01 5.570711e+01
    endloop
  endfacet
  facet normal 7.009241e-01 3.746517e-01 6.069115e-01
    outer loop
      vertex   -3.207500e+01 4.928171e+01 5.570711e+01
      vertex   -3.194287e+01 4.937000e+01 5.550000e+01
      vertex   -3.219448e+01 4.950523e+01 5.570711e+01
    endloop
  endfacet
  facet normal 5.385103e-01 2.878397e-01 7.919311e-01
    outer loop
      vertex   -3.207500e+01 4.928171e+01 5.570711e+01
      vertex   -3.219448e+01 4.950523e+01 5.570711e+01
      vertex   -3.238582e+01 4.942598e+01 5.586603e+01
    endloop
  endfacet
  facet normal 5.843177e-01 1.772508e-01 7.919311e-01
    outer loop
      vertex   -3.238582e+01 4.942598e+01 5.586603e+01
      vertex   -3.219448e+01 4.950523e+01 5.570711e+01
      vertex   -3.247118e+01 4.970737e+01 5.586603e+01
    endloop
  endfacet
  facet normal 3.677160e-01 1.115454e-01 9.232240e-01
    outer loop
      vertex   -3.238582e+01 4.942598e+01 5.586603e+01
      vertex   -3.247118e+01 4.970737e+01 5.586603e+01
      vertex   -3.270772e+01 4.966031e+01 5.596593e+01
    endloop
  endfacet
  facet normal 7.664600e-01 6.290174e-01 1.299083e-01
    outer loop
      vertex   -3.173120e+01 4.926880e+01 5.525882e+01
      vertex   -3.170711e+01 4.929289e+01 5.500000e+01
      vertex   -3.185980e+01 4.942550e+01 5.525882e+01
    endloop
  endfacet
  facet normal 7.838543e-01 6.014725e-01 1.542830e-01
    outer loop
      vertex   -3.185980e+01 4.942550e+01 5.525882e+01
      vertex   -3.170711e+01 4.929289e+01 5.500000e+01
      vertex   -3.186603e+01 4.950000e+01 5.500000e+01
    endloop
  endfacet
  facet normal 8.761981e-01 4.683377e-01 1.137395e-01
    outer loop
      vertex   -3.185980e+01 4.942550e+01 5.525882e+01
      vertex   -3.186603e+01 4.950000e+01 5.500000e+01
      vertex   -3.195536e+01 4.960428e+01 5.525882e+01
    endloop
  endfacet
  facet normal 9.115972e-01 3.775959e-01 1.625173e-01
    outer loop
      vertex   -3.195536e+01 4.960428e+01 5.525882e+01
      vertex   -3.186603e+01 4.950000e+01 5.500000e+01
      vertex   -3.196593e+01 4.974118e+01 5.500000e+01
    endloop
  endfacet
  facet normal 9.507304e-01 2.884009e-01 1.137395e-01
    outer loop
      vertex   -3.195536e+01 4.960428e+01 5.525882e+01
      vertex   -3.196593e+01 4.974118e+01 5.500000e+01
      vertex   -3.201421e+01 4.979826e+01 5.525882e+01
    endloop
  endfacet
  facet normal 5.843177e-01 1.772508e-01 7.919311e-01
    outer loop
      vertex   -3.247118e+01 4.970737e+01 5.586603e+01
      vertex   -3.219448e+01 4.950523e+01 5.570711e+01
      vertex   -3.226805e+01 4.974777e+01 5.570711e+01
    endloop
  endfacet
  facet normal 7.605469e-01 2.307094e-01 6.069115e-01
    outer loop
      vertex   -3.226805e+01 4.974777e+01 5.570711e+01
      vertex   -3.219448e+01 4.950523e+01 5.570711e+01
      vertex   -3.204766e+01 4.956605e+01 5.550000e+01
    endloop
  endfacet
  facet normal 7.605469e-01 2.307094e-01 6.069115e-01
    outer loop
      vertex   -3.226805e+01 4.974777e+01 5.570711e+01
      vertex   -3.204766e+01 4.956605e+01 5.550000e+01
      vertex   -3.211219e+01 4.977877e+01 5.550000e+01
    endloop
  endfacet
  facet normal 8.847202e-01 2.683769e-01 3.811089e-01
    outer loop
      vertex   -3.211219e+01 4.977877e+01 5.550000e+01
      vertex   -3.204766e+01 4.956605e+01 5.550000e+01
      vertex   -3.195536e+01 4.960428e+01 5.525882e+01
    endloop
  endfacet
  facet normal 8.847202e-01 2.683769e-01 3.811089e-01
    outer loop
      vertex   -3.211219e+01 4.977877e+01 5.550000e+01
      vertex   -3.195536e+01 4.960428e+01 5.525882e+01
      vertex   -3.201421e+01 4.979826e+01 5.525882e+01
    endloop
  endfacet
  facet normal 8.153628e-01 4.358205e-01 3.811089e-01
    outer loop
      vertex   -3.185980e+01 4.942550e+01 5.525882e+01
      vertex   -3.195536e+01 4.960428e+01 5.525882e+01
      vertex   -3.204766e+01 4.956605e+01 5.550000e+01
    endloop
  endfacet
  facet normal 8.153628e-01 4.358205e-01 3.811089e-01
    outer loop
      vertex   -3.185980e+01 4.942550e+01 5.525882e+01
      vertex   -3.204766e+01 4.956605e+01 5.550000e+01
      vertex   -3.194287e+01 4.937000e+01 5.550000e+01
    endloop
  endfacet
  facet normal 7.009241e-01 3.746517e-01 6.069115e-01
    outer loop
      vertex   -3.194287e+01 4.937000e+01 5.550000e+01
      vertex   -3.204766e+01 4.956605e+01 5.550000e+01
      vertex   -3.219448e+01 4.950523e+01 5.570711e+01
    endloop
  endfacet
  facet normal 3.388890e-01 1.811400e-01 9.232240e-01
    outer loop
      vertex   -3.260864e+01 4.933368e+01 5.596593e+01
      vertex   -3.244774e+01 4.903265e+01 5.596593e+01
      vertex   -3.224720e+01 4.916665e+01 5.586603e+01
    endloop
  endfacet
  facet normal 2.970387e-01 2.437734e-01 9.232240e-01
    outer loop
      vertex   -3.224720e+01 4.916665e+01 5.586603e+01
      vertex   -3.244774e+01 4.903265e+01 5.596593e+01
      vertex   -3.206066e+01 4.893934e+01 5.586603e+01
    endloop
  endfacet
  facet normal 4.720082e-01 3.873671e-01 7.919311e-01
    outer loop
      vertex   -3.224720e+01 4.916665e+01 5.586603e+01
      vertex   -3.206066e+01 4.893934e+01 5.586603e+01
      vertex   -3.191421e+01 4.908579e+01 5.570711e+01
    endloop
  endfacet
  facet normal 3.873671e-01 4.720082e-01 7.919311e-01
    outer loop
      vertex   -3.191421e+01 4.908579e+01 5.570711e+01
      vertex   -3.206066e+01 4.893934e+01 5.586603e+01
      vertex   -3.171829e+01 4.892500e+01 5.570711e+01
    endloop
  endfacet
  facet normal 5.041964e-01 6.143651e-01 6.069115e-01
    outer loop
      vertex   -3.191421e+01 4.908579e+01 5.570711e+01
      vertex   -3.171829e+01 4.892500e+01 5.570711e+01
      vertex   -3.163000e+01 4.905714e+01 5.550000e+01
    endloop
  endfacet
  facet normal 3.746517e-01 7.009241e-01 6.069115e-01
    outer loop
      vertex   -3.163000e+01 4.905714e+01 5.550000e+01
      vertex   -3.171829e+01 4.892500e+01 5.570711e+01
      vertex   -3.143395e+01 4.895234e+01 5.550000e+01
    endloop
  endfacet
  facet normal 4.358205e-01 8.153628e-01 3.811089e-01
    outer loop
      vertex   -3.163000e+01 4.905714e+01 5.550000e+01
      vertex   -3.143395e+01 4.895234e+01 5.550000e+01
      vertex   -3.139572e+01 4.904464e+01 5.525882e+01
    endloop
  endfacet
  facet normal 2.683769e-01 8.847202e-01 3.811089e-01
    outer loop
      vertex   -3.139572e+01 4.904464e+01 5.525882e+01
      vertex   -3.143395e+01 4.895234e+01 5.550000e+01
      vertex   -3.120174e+01 4.898580e+01 5.525882e+01
    endloop
  endfacet
  facet normal 7.146715e-01 5.865157e-01 3.811089e-01
    outer loop
      vertex   -3.173120e+01 4.926880e+01 5.525882e+01
      vertex   -3.185980e+01 4.942550e+01 5.525882e+01
      vertex   -3.194287e+01 4.937000e+01 5.550000e+01
    endloop
  endfacet
  facet normal 2.970387e-01 2.437734e-01 9.232240e-01
    outer loop
      vertex   -3.244774e+01 4.903265e+01 5.596593e+01
      vertex   -3.223120e+01 4.876880e+01 5.596593e+01
      vertex   -3.206066e+01 4.893934e+01 5.586603e+01
    endloop
  endfacet
  facet normal 2.437734e-01 2.970387e-01 9.232240e-01
    outer loop
      vertex   -3.206066e+01 4.893934e+01 5.586603e+01
      vertex   -3.223120e+01 4.876880e+01 5.596593e+01
      vertex   -3.183336e+01 4.875280e+01 5.586603e+01
    endloop
  endfacet
  facet normal 3.873671e-01 4.720082e-01 7.919311e-01
    outer loop
      vertex   -3.206066e+01 4.893934e+01 5.586603e+01
      vertex   -3.183336e+01 4.875280e+01 5.586603e+01
      vertex   -3.171829e+01 4.892500e+01 5.570711e+01
    endloop
  endfacet
  facet normal 2.878397e-01 5.385103e-01 7.919311e-01
    outer loop
      vertex   -3.171829e+01 4.892500e+01 5.570711e+01
      vertex   -3.183336e+01 4.875280e+01 5.586603e+01
      vertex   -3.149477e+01 4.880552e+01 5.570711e+01
    endloop
  endfacet
  facet normal 3.746517e-01 7.009241e-01 6.069115e-01
    outer loop
      vertex   -3.171829e+01 4.892500e+01 5.570711e+01
      vertex   -3.149477e+01 4.880552e+01 5.570711e+01
      vertex   -3.143395e+01 4.895234e+01 5.550000e+01
    endloop
  endfacet
  facet normal 2.307094e-01 7.605469e-01 6.069115e-01
    outer loop
      vertex   -3.143395e+01 4.895234e+01 5.550000e+01
      vertex   -3.149477e+01 4.880552e+01 5.570711e+01
      vertex   -3.122123e+01 4.888782e+01 5.550000e+01
    endloop
  endfacet
  facet normal 2.683769e-01 8.847202e-01 3.811089e-01
    outer loop
      vertex   -3.143395e+01 4.895234e+01 5.550000e+01
      vertex   -3.122123e+01 4.888782e+01 5.550000e+01
      vertex   -3.120174e+01 4.898580e+01 5.525882e+01
    endloop
  endfacet
  facet normal 2.437734e-01 2.970387e-01 9.232240e-01
    outer loop
      vertex   -3.223120e+01 4.876880e+01 5.596593e+01
      vertex   -3.196735e+01 4.855226e+01 5.596593e+01
      vertex   -3.183336e+01 4.875280e+01 5.586603e+01
    endloop
  endfacet
  facet normal 1.811400e-01 3.388890e-01 9.232240e-01
    outer loop
      vertex   -3.183336e+01 4.875280e+01 5.586603e+01
      vertex   -3.196735e+01 4.855226e+01 5.596593e+01
      vertex   -3.157403e+01 4.861418e+01 5.586603e+01
    endloop
  endfacet
  facet normal 2.878397e-01 5.385103e-01 7.919311e-01
    outer loop
      vertex   -3.183336e+01 4.875280e+01 5.586603e+01
      vertex   -3.157403e+01 4.861418e+01 5.586603e+01
      vertex   -3.149477e+01 4.880552e+01 5.570711e+01
    endloop
  endfacet
  facet normal 1.772508e-01 5.843177e-01 7.919311e-01
    outer loop
      vertex   -3.149477e+01 4.880552e+01 5.570711e+01
      vertex   -3.157403e+01 4.861418e+01 5.586603e+01
      vertex   -3.125223e+01 4.873195e+01 5.570711e+01
    endloop
  endfacet
  facet normal 2.307094e-01 7.605469e-01 6.069115e-01
    outer loop
      vertex   -3.149477e+01 4.880552e+01 5.570711e+01
      vertex   -3.125223e+01 4.873195e+01 5.570711e+01
      vertex   -3.122123e+01 4.888782e+01 5.550000e+01
    endloop
  endfacet
  facet normal 1.811400e-01 3.388890e-01 9.232240e-01
    outer loop
      vertex   -3.196735e+01 4.855226e+01 5.596593e+01
      vertex   -3.166632e+01 4.839136e+01 5.596593e+01
      vertex   -3.157403e+01 4.861418e+01 5.586603e+01
    endloop
  endfacet
  facet normal 1.115454e-01 3.677160e-01 9.232240e-01
    outer loop
      vertex   -3.157403e+01 4.861418e+01 5.586603e+01
      vertex   -3.166632e+01 4.839136e+01 5.596593e+01
      vertex   -3.129264e+01 4.852882e+01 5.586603e+01
    endloop
  endfacet
  facet normal 1.772508e-01 5.843177e-01 7.919311e-01
    outer loop
      vertex   -3.157403e+01 4.861418e+01 5.586603e+01
      vertex   -3.129264e+01 4.852882e+01 5.586603e+01
      vertex   -3.125223e+01 4.873195e+01 5.570711e+01
    endloop
  endfacet
  facet normal 1.115454e-01 3.677160e-01 9.232240e-01
    outer loop
      vertex   -3.133969e+01 4.829228e+01 5.596593e+01
      vertex   -3.129264e+01 4.852882e+01 5.586603e+01
      vertex   -3.166632e+01 4.839136e+01 5.596593e+01
    endloop
  endfacet
  facet normal 9.914449e-01 -0.000000e+00 1.305262e-01
    outer loop
      vertex   -3.200000e+01 5.000000e+01 5.500000e+01
      vertex   -3.200000e+01 6.000000e+01 5.500000e+01
      vertex   -3.203407e+01 5.500000e+01 5.525882e+01
    endloop
  endfacet
  facet normal 9.914449e-01 -1.408928e-15 1.305262e-01
    outer loop
      vertex   -3.203407e+01 5.500000e+01 5.525882e+01
      vertex   -3.200000e+01 6.000000e+01 5.500000e+01
      vertex   -3.203407e+01 6.000000e+01 5.525882e+01
    endloop
  endfacet
  facet normal 9.238795e-01 -1.312912e-15 3.826834e-01
    outer loop
      vertex   -3.203407e+01 5.500000e+01 5.525882e+01
      vertex   -3.203407e+01 6.000000e+01 5.525882e+01
      vertex   -3.213397e+01 5.500000e+01 5.550000e+01
    endloop
  endfacet
  facet normal 9.238795e-01 -0.000000e+00 3.826834e-01
    outer loop
      vertex   -3.213397e+01 5.500000e+01 5.550000e+01
      vertex   -3.203407e+01 6.000000e+01 5.525882e+01
      vertex   -3.213397e+01 6.000000e+01 5.550000e+01
    endloop
  endfacet
  facet normal 7.933533e-01 -0.000000e+00 6.087614e-01
    outer loop
      vertex   -3.213397e+01 5.500000e+01 5.550000e+01
      vertex   -3.213397e+01 6.000000e+01 5.550000e+01
      vertex   -3.229289e+01 5.500000e+01 5.570711e+01
    endloop
  endfacet
  facet normal 7.933533e-01 -1.992525e-15 6.087614e-01
    outer loop
      vertex   -3.229289e+01 5.500000e+01 5.570711e+01
      vertex   -3.213397e+01 6.000000e+01 5.550000e+01
      vertex   -3.229289e+01 6.000000e+01 5.570711e+01
    endloop
  endfacet
  facet normal 6.087614e-01 -1.992525e-15 7.933533e-01
    outer loop
      vertex   -3.229289e+01 5.500000e+01 5.570711e+01
      vertex   -3.229289e+01 6.000000e+01 5.570711e+01
      vertex   -3.250000e+01 5.500000e+01 5.586603e+01
    endloop
  endfacet
  facet normal 6.087614e-01 -1.127423e-15 7.933533e-01
    outer loop
      vertex   -3.250000e+01 5.500000e+01 5.586603e+01
      vertex   -3.229289e+01 6.000000e+01 5.570711e+01
      vertex   -3.250000e+01 6.000000e+01 5.586603e+01
    endloop
  endfacet
  facet normal 3.826834e-01 -1.312912e-15 9.238795e-01
    outer loop
      vertex   -3.250000e+01 5.500000e+01 5.586603e+01
      vertex   -3.250000e+01 6.000000e+01 5.586603e+01
      vertex   -3.274118e+01 5.500000e+01 5.596593e+01
    endloop
  endfacet
  facet normal 3.826834e-01 -0.000000e+00 9.238795e-01
    outer loop
      vertex   -3.274118e+01 5.500000e+01 5.596593e+01
      vertex   -3.250000e+01 6.000000e+01 5.586603e+01
      vertex   -3.274118e+01 6.000000e+01 5.596593e+01
    endloop
  endfacet
  facet normal 1.305262e-01 -0.000000e+00 9.914449e-01
    outer loop
      vertex   -3.274118e+01 5.500000e+01 5.596593e+01
      vertex   -3.274118e+01 6.000000e+01 5.596593e+01
      vertex   -3.300000e+01 6.000000e+01 5.600000e+01
    endloop
  endfacet
  facet normal 1.305262e-01 9.274444e-17 9.914449e-01
    outer loop
      vertex   -3.300000e+01 6.000000e+01 5.600000e+01
      vertex   -3.300000e+01 5.000000e+01 5.600000e+01
      vertex   -3.274118e+01 5.500000e+01 5.596593e+01
    endloop
  endfacet
  facet normal 1.305262e-01 1.854889e-16 9.914449e-01
    outer loop
      vertex   -3.274118e+01 5.500000e+01 5.596593e+01
      vertex   -3.300000e+01 5.000000e+01 5.600000e+01
      vertex   -3.274118e+01 5.000000e+01 5.596593e+01
    endloop
  endfacet
  facet normal 3.826834e-01 5.438259e-16 9.238795e-01
    outer loop
      vertex   -3.274118e+01 5.500000e+01 5.596593e+01
      vertex   -3.274118e+01 5.000000e+01 5.596593e+01
      vertex   -3.250000e+01 5.500000e+01 5.586603e+01
    endloop
  endfacet
  facet normal 3.826834e-01 1.856738e-15 9.238795e-01
    outer loop
      vertex   -3.250000e+01 5.500000e+01 5.586603e+01
      vertex   -3.274118e+01 5.000000e+01 5.596593e+01
      vertex   -3.250000e+01 5.000000e+01 5.586603e+01
    endloop
  endfacet
  facet normal 6.087614e-01 1.992525e-15 7.933533e-01
    outer loop
      vertex   -3.250000e+01 5.500000e+01 5.586603e+01
      vertex   -3.250000e+01 5.000000e+01 5.586603e+01
      vertex   -3.229289e+01 5.500000e+01 5.570711e+01
    endloop
  endfacet
  facet normal 6.087614e-01 8.651020e-16 7.933533e-01
    outer loop
      vertex   -3.229289e+01 5.500000e+01 5.570711e+01
      vertex   -3.250000e+01 5.000000e+01 5.586603e+01
      vertex   -3.229289e+01 5.000000e+01 5.570711e+01
    endloop
  endfacet
  facet normal 7.933533e-01 1.127423e-15 6.087614e-01
    outer loop
      vertex   -3.229289e+01 5.500000e+01 5.570711e+01
      vertex   -3.229289e+01 5.000000e+01 5.570711e+01
      vertex   -3.213397e+01 5.500000e+01 5.550000e+01
    endloop
  endfacet
  facet normal 7.933533e-01 0.000000e+00 6.087614e-01
    outer loop
      vertex   -3.213397e+01 5.500000e+01 5.550000e+01
      vertex   -3.229289e+01 5.000000e+01 5.570711e+01
      vertex   -3.213397e+01 5.000000e+01 5.550000e+01
    endloop
  endfacet
  facet normal 9.238795e-01 0.000000e+00 3.826834e-01
    outer loop
      vertex   -3.213397e+01 5.500000e+01 5.550000e+01
      vertex   -3.213397e+01 5.000000e+01 5.550000e+01
      vertex   -3.203407e+01 5.500000e+01 5.525882e+01
    endloop
  endfacet
  facet normal 9.238795e-01 1.312912e-15 3.826834e-01
    outer loop
      vertex   -3.203407e+01 5.500000e+01 5.525882e+01
      vertex   -3.213397e+01 5.000000e+01 5.550000e+01
      vertex   -3.203407e+01 5.000000e+01 5.525882e+01
    endloop
  endfacet
  facet normal 9.914449e-01 1.408928e-15 1.305262e-01
    outer loop
      vertex   -3.203407e+01 5.500000e+01 5.525882e+01
      vertex   -3.203407e+01 5.000000e+01 5.525882e+01
      vertex   -3.200000e+01 5.000000e+01 5.500000e+01
    endloop
  endfacet
  facet normal 1.289634e-01 -9.795740e-01 1.542830e-01
    outer loop
      vertex   -3.125882e+01 6.096593e+01 5.500000e+01
      vertex   -3.100000e+01 6.100000e+01 5.500000e+01
      vertex   -3.120174e+01 6.101421e+01 5.525882e+01
    endloop
  endfacet
  facet normal 9.718654e-02 -9.867515e-01 1.299083e-01
    outer loop
      vertex   -3.120174e+01 6.101421e+01 5.525882e+01
      vertex   -3.100000e+01 6.100000e+01 5.500000e+01
      vertex   -3.100000e+01 6.103407e+01 5.525882e+01
    endloop
  endfacet
  facet normal 9.061980e-02 -9.200783e-01 3.811089e-01
    outer loop
      vertex   -3.120174e+01 6.101421e+01 5.525882e+01
      vertex   -3.100000e+01 6.103407e+01 5.525882e+01
      vertex   -3.100000e+01 6.113398e+01 5.550000e+01
    endloop
  endfacet
  facet normal 9.061980e-02 -9.200783e-01 3.811089e-01
    outer loop
      vertex   -3.120174e+01 6.101421e+01 5.525882e+01
      vertex   -3.100000e+01 6.113398e+01 5.550000e+01
      vertex   -3.122123e+01 6.111219e+01 5.550000e+01
    endloop
  endfacet
  facet normal 7.790103e-02 -7.909424e-01 6.069115e-01
    outer loop
      vertex   -3.122123e+01 6.111219e+01 5.550000e+01
      vertex   -3.100000e+01 6.113398e+01 5.550000e+01
      vertex   -3.100000e+01 6.129289e+01 5.570711e+01
    endloop
  endfacet
  facet normal 7.790103e-02 -7.909424e-01 6.069115e-01
    outer loop
      vertex   -3.122123e+01 6.111219e+01 5.550000e+01
      vertex   -3.100000e+01 6.129289e+01 5.570711e+01
      vertex   -3.125223e+01 6.126805e+01 5.570711e+01
    endloop
  endfacet
  facet normal 5.985029e-02 -6.076701e-01 7.919311e-01
    outer loop
      vertex   -3.125223e+01 6.126805e+01 5.570711e+01
      vertex   -3.100000e+01 6.129289e+01 5.570711e+01
      vertex   -3.100000e+01 6.150000e+01 5.586603e+01
    endloop
  endfacet
  facet normal 5.985029e-02 -6.076701e-01 7.919311e-01
    outer loop
      vertex   -3.125223e+01 6.126805e+01 5.570711e+01
      vertex   -3.100000e+01 6.150000e+01 5.586603e+01
      vertex   -3.129264e+01 6.147118e+01 5.586603e+01
    endloop
  endfacet
  facet normal 3.766428e-02 -3.824119e-01 9.232240e-01
    outer loop
      vertex   -3.129264e+01 6.147118e+01 5.586603e+01
      vertex   -3.100000e+01 6.150000e+01 5.586603e+01
      vertex   -3.100000e+01 6.174118e+01 5.596593e+01
    endloop
  endfacet
  facet normal 3.766428e-02 -3.824119e-01 9.232240e-01
    outer loop
      vertex   -3.129264e+01 6.147118e+01 5.586603e+01
      vertex   -3.100000e+01 6.174118e+01 5.596593e+01
      vertex   -3.133969e+01 6.170773e+01 5.596593e+01
    endloop
  endfacet
  facet normal 1.285465e-02 -1.305154e-01 9.913629e-01
    outer loop
      vertex   -3.133969e+01 6.170773e+01 5.596593e+01
      vertex   -3.100000e+01 6.174118e+01 5.596593e+01
      vertex   -3.100000e+01 6.200000e+01 5.600000e+01
    endloop
  endfacet
  facet normal 1.497913e-02 -1.329434e-01 9.910104e-01
    outer loop
      vertex   -3.133969e+01 6.170773e+01 5.596593e+01
      vertex   -3.100000e+01 6.200000e+01 5.600000e+01
      vertex   -3.144504e+01 6.194986e+01 5.600000e+01
    endloop
  endfacet
  facet normal 3.739703e-02 -1.232815e-01 9.916668e-01
    outer loop
      vertex   -3.133969e+01 6.170773e+01 5.596593e+01
      vertex   -3.144504e+01 6.194986e+01 5.600000e+01
      vertex   -3.166632e+01 6.160864e+01 5.596593e+01
    endloop
  endfacet
  facet normal 4.478246e-02 -1.279809e-01 9.907651e-01
    outer loop
      vertex   -3.166632e+01 6.160864e+01 5.596593e+01
      vertex   -3.144504e+01 6.194986e+01 5.600000e+01
      vertex   -3.186777e+01 6.180194e+01 5.600000e+01
    endloop
  endfacet
  facet normal 6.002156e-02 -1.122924e-01 9.918608e-01
    outer loop
      vertex   -3.166632e+01 6.160864e+01 5.596593e+01
      vertex   -3.186777e+01 6.180194e+01 5.600000e+01
      vertex   -3.196735e+01 6.144774e+01 5.596593e+01
    endloop
  endfacet
  facet normal 7.272707e-02 -1.157445e-01 9.906129e-01
    outer loop
      vertex   -3.196735e+01 6.144774e+01 5.596593e+01
      vertex   -3.186777e+01 6.180194e+01 5.600000e+01
      vertex   -3.224698e+01 6.156366e+01 5.600000e+01
    endloop
  endfacet
  facet normal 8.030711e-02 -9.785449e-02 9.919553e-01
    outer loop
      vertex   -3.196735e+01 6.144774e+01 5.596593e+01
      vertex   -3.224698e+01 6.156366e+01 5.600000e+01
      vertex   -3.223120e+01 6.123120e+01 5.596593e+01
    endloop
  endfacet
  facet normal 9.692304e-02 -9.692304e-02 9.905614e-01
    outer loop
      vertex   -3.223120e+01 6.123120e+01 5.596593e+01
      vertex   -3.224698e+01 6.156366e+01 5.600000e+01
      vertex   -3.256366e+01 6.124698e+01 5.600000e+01
    endloop
  endfacet
  facet normal 9.785449e-02 -8.030711e-02 9.919553e-01
    outer loop
      vertex   -3.223120e+01 6.123120e+01 5.596593e+01
      vertex   -3.256366e+01 6.124698e+01 5.600000e+01
      vertex   -3.244774e+01 6.096735e+01 5.596593e+01
    endloop
  endfacet
  facet normal 1.157445e-01 -7.272707e-02 9.906129e-01
    outer loop
      vertex   -3.244774e+01 6.096735e+01 5.596593e+01
      vertex   -3.256366e+01 6.124698e+01 5.600000e+01
      vertex   -3.280194e+01 6.086777e+01 5.600000e+01
    endloop
  endfacet
  facet normal 1.122924e-01 -6.002156e-02 9.918608e-01
    outer loop
      vertex   -3.244774e+01 6.096735e+01 5.596593e+01
      vertex   -3.280194e+01 6.086777e+01 5.600000e+01
      vertex   -3.260864e+01 6.066632e+01 5.596593e+01
    endloop
  endfacet
  facet normal 1.279809e-01 -4.478246e-02 9.907651e-01
    outer loop
      vertex   -3.260864e+01 6.066632e+01 5.596593e+01
      vertex   -3.280194e+01 6.086777e+01 5.600000e+01
      vertex   -3.294986e+01 6.044504e+01 5.600000e+01
    endloop
  endfacet
  facet normal 1.232815e-01 -3.739703e-02 9.916668e-01
    outer loop
      vertex   -3.260864e+01 6.066632e+01 5.596593e+01
      vertex   -3.294986e+01 6.044504e+01 5.600000e+01
      vertex   -3.270772e+01 6.033969e+01 5.596593e+01
    endloop
  endfacet
  facet normal 1.329434e-01 -1.497913e-02 9.910104e-01
    outer loop
      vertex   -3.270772e+01 6.033969e+01 5.596593e+01
      vertex   -3.294986e+01 6.044504e+01 5.600000e+01
      vertex   -3.300000e+01 6.000000e+01 5.600000e+01
    endloop
  endfacet
  facet normal 1.305154e-01 -1.285465e-02 9.913629e-01
    outer loop
      vertex   -3.270772e+01 6.033969e+01 5.596593e+01
      vertex   -3.300000e+01 6.000000e+01 5.600000e+01
      vertex   -3.274118e+01 6.000000e+01 5.596593e+01
    endloop
  endfacet
  facet normal 3.824119e-01 -3.766428e-02 9.232240e-01
    outer loop
      vertex   -3.274118e+01 6.000000e+01 5.596593e+01
      vertex   -3.250000e+01 6.000000e+01 5.586603e+01
      vertex   -3.270772e+01 6.033969e+01 5.596593e+01
    endloop
  endfacet
  facet normal 3.824119e-01 -3.766428e-02 9.232240e-01
    outer loop
      vertex   -3.270772e+01 6.033969e+01 5.596593e+01
      vertex   -3.250000e+01 6.000000e+01 5.586603e+01
      vertex   -3.247118e+01 6.029264e+01 5.586603e+01
    endloop
  endfacet
  facet normal 3.677160e-01 -1.115454e-01 9.232240e-01
    outer loop
      vertex   -3.270772e+01 6.033969e+01 5.596593e+01
      vertex   -3.247118e+01 6.029264e+01 5.586603e+01
      vertex   -3.260864e+01 6.066632e+01 5.596593e+01
    endloop
  endfacet
  facet normal 3.677160e-01 -1.115454e-01 9.232240e-01
    outer loop
      vertex   -3.260864e+01 6.066632e+01 5.596593e+01
      vertex   -3.247118e+01 6.029264e+01 5.586603e+01
      vertex   -3.238582e+01 6.057403e+01 5.586603e+01
    endloop
  endfacet
  facet normal 3.388890e-01 -1.811400e-01 9.232240e-01
    outer loop
      vertex   -3.260864e+01 6.066632e+01 5.596593e+01
      vertex   -3.238582e+01 6.057403e+01 5.586603e+01
      vertex   -3.244774e+01 6.096735e+01 5.596593e+01
    endloop
  endfacet
  facet normal 3.388890e-01 -1.811400e-01 9.232240e-01
    outer loop
      vertex   -3.244774e+01 6.096735e+01 5.596593e+01
      vertex   -3.238582e+01 6.057403e+01 5.586603e+01
      vertex   -3.224720e+01 6.083336e+01 5.586603e+01
    endloop
  endfacet
  facet normal 2.970387e-01 -2.437734e-01 9.232240e-01
    outer loop
      vertex   -3.244774e+01 6.096735e+01 5.596593e+01
      vertex   -3.224720e+01 6.083336e+01 5.586603e+01
      vertex   -3.223120e+01 6.123120e+01 5.596593e+01
    endloop
  endfacet
  facet normal 2.970387e-01 -2.437734e-01 9.232240e-01
    outer loop
      vertex   -3.223120e+01 6.123120e+01 5.596593e+01
      vertex   -3.224720e+01 6.083336e+01 5.586603e+01
      vertex   -3.206066e+01 6.106066e+01 5.586603e+01
    endloop
  endfacet
  facet normal 2.437734e-01 -2.970387e-01 9.232240e-01
    outer loop
      vertex   -3.223120e+01 6.123120e+01 5.596593e+01
      vertex   -3.206066e+01 6.106066e+01 5.586603e+01
      vertex   -3.196735e+01 6.144774e+01 5.596593e+01
    endloop
  endfacet
  facet normal 2.437734e-01 -2.970387e-01 9.232240e-01
    outer loop
      vertex   -3.196735e+01 6.144774e+01 5.596593e+01
      vertex   -3.206066e+01 6.106066e+01 5.586603e+01
      vertex   -3.183336e+01 6.124721e+01 5.586603e+01
    endloop
  endfacet
  facet normal 1.811400e-01 -3.388890e-01 9.232240e-01
    outer loop
      vertex   -3.196735e+01 6.144774e+01 5.596593e+01
      vertex   -3.183336e+01 6.124721e+01 5.586603e+01
      vertex   -3.166632e+01 6.160864e+01 5.596593e+01
    endloop
  endfacet
  facet normal 1.811400e-01 -3.388890e-01 9.232240e-01
    outer loop
      vertex   -3.166632e+01 6.160864e+01 5.596593e+01
      vertex   -3.183336e+01 6.124721e+01 5.586603e+01
      vertex   -3.157403e+01 6.138582e+01 5.586603e+01
    endloop
  endfacet
  facet normal 1.115454e-01 -3.677160e-01 9.232240e-01
    outer loop
      vertex   -3.166632e+01 6.160864e+01 5.596593e+01
      vertex   -3.157403e+01 6.138582e+01 5.586603e+01
      vertex   -3.133969e+01 6.170773e+01 5.596593e+01
    endloop
  endfacet
  facet normal 1.115454e-01 -3.677160e-01 9.232240e-01
    outer loop
      vertex   -3.133969e+01 6.170773e+01 5.596593e+01
      vertex   -3.157403e+01 6.138582e+01 5.586603e+01
      vertex   -3.129264e+01 6.147118e+01 5.586603e+01
    endloop
  endfacet
  facet normal 6.076701e-01 -5.985029e-02 7.919311e-01
    outer loop
      vertex   -3.250000e+01 6.000000e+01 5.586603e+01
      vertex   -3.229289e+01 6.000000e+01 5.570711e+01
      vertex   -3.247118e+01 6.029264e+01 5.586603e+01
    endloop
  endfacet
  facet normal 6.076701e-01 -5.985029e-02 7.919311e-01
    outer loop
      vertex   -3.247118e+01 6.029264e+01 5.586603e+01
      vertex   -3.229289e+01 6.000000e+01 5.570711e+01
      vertex   -3.226805e+01 6.025223e+01 5.570711e+01
    endloop
  endfacet
  facet normal 5.843177e-01 -1.772508e-01 7.919311e-01
    outer loop
      vertex   -3.247118e+01 6.029264e+01 5.586603e+01
      vertex   -3.226805e+01 6.025223e+01 5.570711e+01
      vertex   -3.238582e+01 6.057403e+01 5.586603e+01
    endloop
  endfacet
  facet normal 5.843177e-01 -1.772508e-01 7.919311e-01
    outer loop
      vertex   -3.238582e+01 6.057403e+01 5.586603e+01
      vertex   -3.226805e+01 6.025223e+01 5.570711e+01
      vertex   -3.219448e+01 6.049477e+01 5.570711e+01
    endloop
  endfacet
  facet normal 5.385103e-01 -2.878397e-01 7.919311e-01
    outer loop
      vertex   -3.238582e+01 6.057403e+01 5.586603e+01
      vertex   -3.219448e+01 6.049477e+01 5.570711e+01
      vertex   -3.224720e+01 6.083336e+01 5.586603e+01
    endloop
  endfacet
  facet normal 5.385103e-01 -2.878397e-01 7.919311e-01
    outer loop
      vertex   -3.224720e+01 6.083336e+01 5.586603e+01
      vertex   -3.219448e+01 6.049477e+01 5.570711e+01
      vertex   -3.207500e+01 6.071829e+01 5.570711e+01
    endloop
  endfacet
  facet normal 4.720082e-01 -3.873671e-01 7.919311e-01
    outer loop
      vertex   -3.224720e+01 6.083336e+01 5.586603e+01
      vertex   -3.207500e+01 6.071829e+01 5.570711e+01
      vertex   -3.206066e+01 6.106066e+01 5.586603e+01
    endloop
  endfacet
  facet normal 4.720082e-01 -3.873671e-01 7.919311e-01
    outer loop
      vertex   -3.206066e+01 6.106066e+01 5.586603e+01
      vertex   -3.207500e+01 6.071829e+01 5.570711e+01
      vertex   -3.191421e+01 6.091421e+01 5.570711e+01
    endloop
  endfacet
  facet normal 3.873671e-01 -4.720082e-01 7.919311e-01
    outer loop
      vertex   -3.206066e+01 6.106066e+01 5.586603e+01
      vertex   -3.191421e+01 6.091421e+01 5.570711e+01
      vertex   -3.183336e+01 6.124721e+01 5.586603e+01
    endloop
  endfacet
  facet normal 3.873671e-01 -4.720082e-01 7.919311e-01
    outer loop
      vertex   -3.183336e+01 6.124721e+01 5.586603e+01
      vertex   -3.191421e+01 6.091421e+01 5.570711e+01
      vertex   -3.171829e+01 6.107500e+01 5.570711e+01
    endloop
  endfacet
  facet normal 2.878397e-01 -5.385103e-01 7.919311e-01
    outer loop
      vertex   -3.183336e+01 6.124721e+01 5.586603e+01
      vertex   -3.171829e+01 6.107500e+01 5.570711e+01
      vertex   -3.157403e+01 6.138582e+01 5.586603e+01
    endloop
  endfacet
  facet normal 2.878397e-01 -5.385103e-01 7.919311e-01
    outer loop
      vertex   -3.157403e+01 6.138582e+01 5.586603e+01
      vertex   -3.171829e+01 6.107500e+01 5.570711e+01
      vertex   -3.149477e+01 6.119448e+01 5.570711e+01
    endloop
  endfacet
  facet normal 1.772508e-01 -5.843177e-01 7.919311e-01
    outer loop
      vertex   -3.157403e+01 6.138582e+01 5.586603e+01
      vertex   -3.149477e+01 6.119448e+01 5.570711e+01
      vertex   -3.129264e+01 6.147118e+01 5.586603e+01
    endloop
  endfacet
  facet normal 1.772508e-01 -5.843177e-01 7.919311e-01
    outer loop
      vertex   -3.129264e+01 6.147118e+01 5.586603e+01
      vertex   -3.149477e+01 6.119448e+01 5.570711e+01
      vertex   -3.125223e+01 6.126805e+01 5.570711e+01
    endloop
  endfacet
  facet normal 7.909424e-01 -7.790103e-02 6.069115e-01
    outer loop
      vertex   -3.229289e+01 6.000000e+01 5.570711e+01
      vertex   -3.213397e+01 6.000000e+01 5.550000e+01
      vertex   -3.226805e+01 6.025223e+01 5.570711e+01
    endloop
  endfacet
  facet normal 7.909424e-01 -7.790103e-02 6.069115e-01
    outer loop
      vertex   -3.226805e+01 6.025223e+01 5.570711e+01
      vertex   -3.213397e+01 6.000000e+01 5.550000e+01
      vertex   -3.211219e+01 6.022123e+01 5.550000e+01
    endloop
  endfacet
  facet normal 7.605469e-01 -2.307094e-01 6.069115e-01
    outer loop
      vertex   -3.226805e+01 6.025223e+01 5.570711e+01
      vertex   -3.211219e+01 6.022123e+01 5.550000e+01
      vertex   -3.219448e+01 6.049477e+01 5.570711e+01
    endloop
  endfacet
  facet normal 7.605469e-01 -2.307094e-01 6.069115e-01
    outer loop
      vertex   -3.219448e+01 6.049477e+01 5.570711e+01
      vertex   -3.211219e+01 6.022123e+01 5.550000e+01
      vertex   -3.204766e+01 6.043395e+01 5.550000e+01
    endloop
  endfacet
  facet normal 7.009241e-01 -3.746517e-01 6.069115e-01
    outer loop
      vertex   -3.219448e+01 6.049477e+01 5.570711e+01
      vertex   -3.204766e+01 6.043395e+01 5.550000e+01
      vertex   -3.207500e+01 6.071829e+01 5.570711e+01
    endloop
  endfacet
  facet normal 7.009241e-01 -3.746517e-01 6.069115e-01
    outer loop
      vertex   -3.207500e+01 6.071829e+01 5.570711e+01
      vertex   -3.204766e+01 6.043395e+01 5.550000e+01
      vertex   -3.194287e+01 6.063000e+01 5.550000e+01
    endloop
  endfacet
  facet normal 6.143651e-01 -5.041964e-01 6.069115e-01
    outer loop
      vertex   -3.207500e+01 6.071829e+01 5.570711e+01
      vertex   -3.194287e+01 6.063000e+01 5.550000e+01
      vertex   -3.191421e+01 6.091421e+01 5.570711e+01
    endloop
  endfacet
  facet normal 6.143651e-01 -5.041964e-01 6.069115e-01
    outer loop
      vertex   -3.191421e+01 6.091421e+01 5.570711e+01
      vertex   -3.194287e+01 6.063000e+01 5.550000e+01
      vertex   -3.180184e+01 6.080184e+01 5.550000e+01
    endloop
  endfacet
  facet normal 5.041964e-01 -6.143651e-01 6.069115e-01
    outer loop
      vertex   -3.191421e+01 6.091421e+01 5.570711e+01
      vertex   -3.180184e+01 6.080184e+01 5.550000e+01
      vertex   -3.171829e+01 6.107500e+01 5.570711e+01
    endloop
  endfacet
  facet normal 5.041964e-01 -6.143651e-01 6.069115e-01
    outer loop
      vertex   -3.171829e+01 6.107500e+01 5.570711e+01
      vertex   -3.180184e+01 6.080184e+01 5.550000e+01
      vertex   -3.163000e+01 6.094287e+01 5.550000e+01
    endloop
  endfacet
  facet normal 3.746517e-01 -7.009241e-01 6.069115e-01
    outer loop
      vertex   -3.171829e+01 6.107500e+01 5.570711e+01
      vertex   -3.163000e+01 6.094287e+01 5.550000e+01
      vertex   -3.149477e+01 6.119448e+01 5.570711e+01
    endloop
  endfacet
  facet normal 3.746517e-01 -7.009241e-01 6.069115e-01
    outer loop
      vertex   -3.149477e+01 6.119448e+01 5.570711e+01
      vertex   -3.163000e+01 6.094287e+01 5.550000e+01
      vertex   -3.143395e+01 6.104766e+01 5.550000e+01
    endloop
  endfacet
  facet normal 2.307094e-01 -7.605469e-01 6.069115e-01
    outer loop
      vertex   -3.149477e+01 6.119448e+01 5.570711e+01
      vertex   -3.143395e+01 6.104766e+01 5.550000e+01
      vertex   -3.125223e+01 6.126805e+01 5.570711e+01
    endloop
  endfacet
  facet normal 2.307094e-01 -7.605469e-01 6.069115e-01
    outer loop
      vertex   -3.125223e+01 6.126805e+01 5.570711e+01
      vertex   -3.143395e+01 6.104766e+01 5.550000e+01
      vertex   -3.122123e+01 6.111219e+01 5.550000e+01
    endloop
  endfacet
  facet normal 9.200783e-01 -9.061980e-02 3.811089e-01
    outer loop
      vertex   -3.213397e+01 6.000000e+01 5.550000e+01
      vertex   -3.203407e+01 6.000000e+01 5.525882e+01
      vertex   -3.211219e+01 6.022123e+01 5.550000e+01
    endloop
  endfacet
  facet normal 9.200783e-01 -9.061980e-02 3.811089e-01
    outer loop
      vertex   -3.211219e+01 6.022123e+01 5.550000e+01
      vertex   -3.203407e+01 6.000000e+01 5.525882e+01
      vertex   -3.201421e+01 6.020174e+01 5.525882e+01
    endloop
  endfacet
  facet normal 8.847202e-01 -2.683769e-01 3.811089e-01
    outer loop
      vertex   -3.211219e+01 6.022123e+01 5.550000e+01
      vertex   -3.201421e+01 6.020174e+01 5.525882e+01
      vertex   -3.204766e+01 6.043395e+01 5.550000e+01
    endloop
  endfacet
  facet normal 8.847202e-01 -2.683769e-01 3.811089e-01
    outer loop
      vertex   -3.204766e+01 6.043395e+01 5.550000e+01
      vertex   -3.201421e+01 6.020174e+01 5.525882e+01
      vertex   -3.195536e+01 6.039572e+01 5.525882e+01
    endloop
  endfacet
  facet normal 8.153628e-01 -4.358205e-01 3.811089e-01
    outer loop
      vertex   -3.204766e+01 6.043395e+01 5.550000e+01
      vertex   -3.195536e+01 6.039572e+01 5.525882e+01
      vertex   -3.194287e+01 6.063000e+01 5.550000e+01
    endloop
  endfacet
  facet normal 8.153628e-01 -4.358205e-01 3.811089e-01
    outer loop
      vertex   -3.194287e+01 6.063000e+01 5.550000e+01
      vertex   -3.195536e+01 6.039572e+01 5.525882e+01
      vertex   -3.185980e+01 6.057450e+01 5.525882e+01
    endloop
  endfacet
  facet normal 7.146715e-01 -5.865157e-01 3.811089e-01
    outer loop
      vertex   -3.194287e+01 6.063000e+01 5.550000e+01
      vertex   -3.185980e+01 6.057450e+01 5.525882e+01
      vertex   -3.180184e+01 6.080184e+01 5.550000e+01
    endloop
  endfacet
  facet normal 7.146715e-01 -5.865157e-01 3.811089e-01
    outer loop
      vertex   -3.180184e+01 6.080184e+01 5.550000e+01
      vertex   -3.185980e+01 6.057450e+01 5.525882e+01
      vertex   -3.173120e+01 6.073120e+01 5.525882e+01
    endloop
  endfacet
  facet normal 5.865157e-01 -7.146715e-01 3.811089e-01
    outer loop
      vertex   -3.180184e+01 6.080184e+01 5.550000e+01
      vertex   -3.173120e+01 6.073120e+01 5.525882e+01
      vertex   -3.163000e+01 6.094287e+01 5.550000e+01
    endloop
  endfacet
  facet normal 5.865157e-01 -7.146715e-01 3.811089e-01
    outer loop
      vertex   -3.163000e+01 6.094287e+01 5.550000e+01
      vertex   -3.173120e+01 6.073120e+01 5.525882e+01
      vertex   -3.157450e+01 6.085980e+01 5.525882e+01
    endloop
  endfacet
  facet normal 4.358205e-01 -8.153628e-01 3.811089e-01
    outer loop
      vertex   -3.163000e+01 6.094287e+01 5.550000e+01
      vertex   -3.157450e+01 6.085980e+01 5.525882e+01
      vertex   -3.143395e+01 6.104766e+01 5.550000e+01
    endloop
  endfacet
  facet normal 4.358205e-01 -8.153628e-01 3.811089e-01
    outer loop
      vertex   -3.143395e+01 6.104766e+01 5.550000e+01
      vertex   -3.157450e+01 6.085980e+01 5.525882e+01
      vertex   -3.139572e+01 6.095536e+01 5.525882e+01
    endloop
  endfacet
  facet normal 2.683769e-01 -8.847202e-01 3.811089e-01
    outer loop
      vertex   -3.143395e+01 6.104766e+01 5.550000e+01
      vertex   -3.139572e+01 6.095536e+01 5.525882e+01
      vertex   -3.122123e+01 6.111219e+01 5.550000e+01
    endloop
  endfacet
  facet normal 2.683769e-01 -8.847202e-01 3.811089e-01
    outer loop
      vertex   -3.122123e+01 6.111219e+01 5.550000e+01
      vertex   -3.139572e+01 6.095536e+01 5.525882e+01
      vertex   -3.120174e+01 6.101421e+01 5.525882e+01
    endloop
  endfacet
  facet normal 9.867515e-01 -9.718654e-02 1.299083e-01
    outer loop
      vertex   -3.203407e+01 6.000000e+01 5.525882e+01
      vertex   -3.200000e+01 6.000000e+01 5.500000e+01
      vertex   -3.201421e+01 6.020174e+01 5.525882e+01
    endloop
  endfacet
  facet normal 9.795740e-01 -1.289634e-01 1.542830e-01
    outer loop
      vertex   -3.201421e+01 6.020174e+01 5.525882e+01
      vertex   -3.200000e+01 6.000000e+01 5.500000e+01
      vertex   -3.196593e+01 6.025882e+01 5.500000e+01
    endloop
  endfacet
  facet normal 9.507304e-01 -2.884009e-01 1.137395e-01
    outer loop
      vertex   -3.201421e+01 6.020174e+01 5.525882e+01
      vertex   -3.196593e+01 6.025882e+01 5.500000e+01
      vertex   -3.195536e+01 6.039572e+01 5.525882e+01
    endloop
  endfacet
  facet normal 9.115972e-01 -3.775959e-01 1.625173e-01
    outer loop
      vertex   -3.195536e+01 6.039572e+01 5.525882e+01
      vertex   -3.196593e+01 6.025882e+01 5.500000e+01
      vertex   -3.186603e+01 6.050000e+01 5.500000e+01
    endloop
  endfacet
  facet normal 8.761981e-01 -4.683377e-01 1.137395e-01
    outer loop
      vertex   -3.195536e+01 6.039572e+01 5.525882e+01
      vertex   -3.186603e+01 6.050000e+01 5.500000e+01
      vertex   -3.185980e+01 6.057450e+01 5.525882e+01
    endloop
  endfacet
  facet normal 7.838543e-01 -6.014725e-01 1.542830e-01
    outer loop
      vertex   -3.185980e+01 6.057450e+01 5.525882e+01
      vertex   -3.186603e+01 6.050000e+01 5.500000e+01
      vertex   -3.170711e+01 6.070711e+01 5.500000e+01
    endloop
  endfacet
  facet normal 7.664600e-01 -6.290174e-01 1.299083e-01
    outer loop
      vertex   -3.185980e+01 6.057450e+01 5.525882e+01
      vertex   -3.170711e+01 6.070711e+01 5.500000e+01
      vertex   -3.173120e+01 6.073120e+01 5.525882e+01
    endloop
  endfacet
  facet normal 6.290174e-01 -7.664600e-01 1.299083e-01
    outer loop
      vertex   -3.173120e+01 6.073120e+01 5.525882e+01
      vertex   -3.170711e+01 6.070711e+01 5.500000e+01
      vertex   -3.157450e+01 6.085980e+01 5.525882e+01
    endloop
  endfacet
  facet normal 6.014725e-01 -7.838543e-01 1.542830e-01
    outer loop
      vertex   -3.170711e+01 6.070711e+01 5.500000e+01
      vertex   -3.150000e+01 6.086603e+01 5.500000e+01
      vertex   -3.157450e+01 6.085980e+01 5.525882e+01
    endloop
  endfacet
  facet normal 4.683377e-01 -8.761981e-01 1.137395e-01
    outer loop
      vertex   -3.157450e+01 6.085980e+01 5.525882e+01
      vertex   -3.150000e+01 6.086603e+01 5.500000e+01
      vertex   -3.139572e+01 6.095536e+01 5.525882e+01
    endloop
  endfacet
  facet normal 3.775959e-01 -9.115972e-01 1.625173e-01
    outer loop
      vertex   -3.150000e+01 6.086603e+01 5.500000e+01
      vertex   -3.125882e+01 6.096593e+01 5.500000e+01
      vertex   -3.139572e+01 6.095536e+01 5.525882e+01
    endloop
  endfacet
  facet normal 2.884009e-01 -9.507304e-01 1.137395e-01
    outer loop
      vertex   -3.139572e+01 6.095536e+01 5.525882e+01
      vertex   -3.125882e+01 6.096593e+01 5.500000e+01
      vertex   -3.120174e+01 6.101421e+01 5.525882e+01
    endloop
  endfacet
  facet normal 0.000000e+00 -9.914449e-01 1.305262e-01
    outer loop
      vertex   1.000000e+00 6.103407e+01 5.525882e+01
      vertex   -4.333333e+00 6.103407e+01 5.525882e+01
      vertex   1.000000e+00 6.100000e+01 5.500000e+01
    endloop
  endfacet
  facet normal 0.000000e+00 -9.914449e-01 1.305262e-01
    outer loop
      vertex   1.000000e+00 6.100000e+01 5.500000e+01
      vertex   -4.333333e+00 6.103407e+01 5.525882e+01
      vertex   -9.666667e+00 6.103407e+01 5.525882e+01
    endloop
  endfacet
  facet normal -1.744343e-16 -9.914449e-01 1.305262e-01
    outer loop
      vertex   1.000000e+00 6.100000e+01 5.500000e+01
      vertex   -9.666667e+00 6.103407e+01 5.525882e+01
      vertex   -1.500000e+01 6.103407e+01 5.525882e+01
    endloop
  endfacet
  facet normal -5.098367e-16 -9.238795e-01 3.826834e-01
    outer loop
      vertex   -1.500000e+01 6.103407e+01 5.525882e+01
      vertex   -9.666667e+00 6.103407e+01 5.525882e+01
      vertex   -1.500000e+01 6.113398e+01 5.550000e+01
    endloop
  endfacet
  facet normal 0.000000e+00 -9.238795e-01 3.826834e-01
    outer loop
      vertex   -1.500000e+01 6.103407e+01 5.525882e+01
      vertex   -1.500000e+01 6.113398e+01 5.550000e+01
      vertex   -2.033333e+01 6.113398e+01 5.550000e+01
    endloop
  endfacet
  facet normal 0.000000e+00 -7.933533e-01 6.087614e-01
    outer loop
      vertex   -2.033333e+01 6.113398e+01 5.550000e+01
      vertex   -1.500000e+01 6.113398e+01 5.550000e+01
      vertex   -2.033333e+01 6.129289e+01 5.570711e+01
    endloop
  endfacet
  facet normal 1.056573e-15 -7.933533e-01 6.087614e-01
    outer loop
      vertex   -2.033333e+01 6.113398e+01 5.550000e+01
      vertex   -2.033333e+01 6.129289e+01 5.570711e+01
      vertex   -2.566667e+01 6.129289e+01 5.570711e+01
    endloop
  endfacet
  facet normal 8.110331e-16 -6.087614e-01 7.933533e-01
    outer loop
      vertex   -2.566667e+01 6.129289e+01 5.570711e+01
      vertex   -2.033333e+01 6.129289e+01 5.570711e+01
      vertex   -2.566667e+01 6.150000e+01 5.586603e+01
    endloop
  endfacet
  facet normal 0.000000e+00 -6.087614e-01 7.933533e-01
    outer loop
      vertex   -2.566667e+01 6.129289e+01 5.570711e+01
      vertex   -2.566667e+01 6.150000e+01 5.586603e+01
      vertex   -3.100000e+01 6.150000e+01 5.586603e+01
    endloop
  endfacet
  facet normal 0.000000e+00 -3.826834e-01 9.238795e-01
    outer loop
      vertex   -3.100000e+01 6.150000e+01 5.586603e+01
      vertex   -2.566667e+01 6.150000e+01 5.586603e+01
      vertex   -3.100000e+01 6.174118e+01 5.596593e+01
    endloop
  endfacet
  facet normal 0.000000e+00 -3.826834e-01 9.238795e-01
    outer loop
      vertex   -3.100000e+01 6.174118e+01 5.596593e+01
      vertex   -2.566667e+01 6.150000e+01 5.586603e+01
      vertex   -2.566667e+01 6.174118e+01 5.596593e+01
    endloop
  endfacet
  facet normal 0.000000e+00 -1.305262e-01 9.914449e-01
    outer loop
      vertex   -3.100000e+01 6.174118e+01 5.596593e+01
      vertex   -2.566667e+01 6.174118e+01 5.596593e+01
      vertex   -3.100000e+01 6.200000e+01 5.600000e+01
    endloop
  endfacet
  facet normal -2.641434e-15 -1.305262e-01 9.914449e-01
    outer loop
      vertex   -3.100000e+01 6.200000e+01 5.600000e+01
      vertex   -2.566667e+01 6.174118e+01 5.596593e+01
      vertex   -2.033333e+01 6.174118e+01 5.596593e+01
    endloop
  endfacet
  facet normal 0.000000e+00 -1.305262e-01 9.914449e-01
    outer loop
      vertex   -3.100000e+01 6.200000e+01 5.600000e+01
      vertex   -2.033333e+01 6.174118e+01 5.596593e+01
      vertex   -1.500000e+01 6.174118e+01 5.596593e+01
    endloop
  endfacet
  facet normal 0.000000e+00 -3.826834e-01 9.238795e-01
    outer loop
      vertex   -1.500000e+01 6.174118e+01 5.596593e+01
      vertex   -2.033333e+01 6.174118e+01 5.596593e+01
      vertex   -1.500000e+01 6.150000e+01 5.586603e+01
    endloop
  endfacet
  facet normal 0.000000e+00 -3.826834e-01 9.238795e-01
    outer loop
      vertex   -1.500000e+01 6.174118e+01 5.596593e+01
      vertex   -1.500000e+01 6.150000e+01 5.586603e+01
      vertex   -9.666667e+00 6.150000e+01 5.586603e+01
    endloop
  endfacet
  facet normal 0.000000e+00 -6.087614e-01 7.933533e-01
    outer loop
      vertex   -9.666667e+00 6.150000e+01 5.586603e+01
      vertex   -1.500000e+01 6.150000e+01 5.586603e+01
      vertex   -9.666667e+00 6.129289e+01 5.570711e+01
    endloop
  endfacet
  facet normal 0.000000e+00 -6.087614e-01 7.933533e-01
    outer loop
      vertex   -9.666667e+00 6.150000e+01 5.586603e+01
      vertex   -9.666667e+00 6.129289e+01 5.570711e+01
      vertex   -4.333333e+00 6.129289e+01 5.570711e+01
    endloop
  endfacet
  facet normal 0.000000e+00 -7.933533e-01 6.087614e-01
    outer loop
      vertex   -4.333333e+00 6.129289e+01 5.570711e+01
      vertex   -9.666667e+00 6.129289e+01 5.570711e+01
      vertex   -4.333333e+00 6.113398e+01 5.550000e+01
    endloop
  endfacet
  facet normal 0.000000e+00 -7.933533e-01 6.087614e-01
    outer loop
      vertex   -4.333333e+00 6.129289e+01 5.570711e+01
      vertex   -4.333333e+00 6.113398e+01 5.550000e+01
      vertex   1.000000e+00 6.113398e+01 5.550000e+01
    endloop
  endfacet
  facet normal 0.000000e+00 -9.238795e-01 3.826834e-01
    outer loop
      vertex   1.000000e+00 6.113398e+01 5.550000e+01
      vertex   -4.333333e+00 6.113398e+01 5.550000e+01
      vertex   1.000000e+00 6.103407e+01 5.525882e+01
    endloop
  endfacet
  facet normal 0.000000e+00 -9.238795e-01 3.826834e-01
    outer loop
      vertex   1.000000e+00 6.103407e+01 5.525882e+01
      vertex   -4.333333e+00 6.113398e+01 5.550000e+01
      vertex   -4.333333e+00 6.103407e+01 5.525882e+01
    endloop
  endfacet
  facet normal -1.868939e-15 -7.933533e-01 6.087614e-01
    outer loop
      vertex   1.000000e+00 6.113398e+01 5.550000e+01
      vertex   1.000000e+00 6.129289e+01 5.570711e+01
      vertex   -4.333333e+00 6.129289e+01 5.570711e+01
    endloop
  endfacet
  facet normal -1.867992e-15 -6.087614e-01 7.933533e-01
    outer loop
      vertex   -4.333333e+00 6.129289e+01 5.570711e+01
      vertex   1.000000e+00 6.129289e+01 5.570711e+01
      vertex   -4.333333e+00 6.150000e+01 5.586603e+01
    endloop
  endfacet
  facet normal 0.000000e+00 -6.087614e-01 7.933533e-01
    outer loop
      vertex   -4.333333e+00 6.129289e+01 5.570711e+01
      vertex   -4.333333e+00 6.150000e+01 5.586603e+01
      vertex   -9.666667e+00 6.150000e+01 5.586603e+01
    endloop
  endfacet
  facet normal 0.000000e+00 -3.826834e-01 9.238795e-01
    outer loop
      vertex   -9.666667e+00 6.150000e+01 5.586603e+01
      vertex   -4.333333e+00 6.150000e+01 5.586603e+01
      vertex   -9.666667e+00 6.174118e+01 5.596593e+01
    endloop
  endfacet
  facet normal 0.000000e+00 -3.826834e-01 9.238795e-01
    outer loop
      vertex   -9.666667e+00 6.150000e+01 5.586603e+01
      vertex   -9.666667e+00 6.174118e+01 5.596593e+01
      vertex   -1.500000e+01 6.174118e+01 5.596593e+01
    endloop
  endfacet
  facet normal 0.000000e+00 -1.305262e-01 9.914449e-01
    outer loop
      vertex   -1.500000e+01 6.174118e+01 5.596593e+01
      vertex   -9.666667e+00 6.174118e+01 5.596593e+01
      vertex   1.000000e+00 6.200000e+01 5.600000e+01
    endloop
  endfacet
  facet normal 5.793711e-17 -1.305262e-01 9.914449e-01
    outer loop
      vertex   -1.500000e+01 6.174118e+01 5.596593e+01
      vertex   1.000000e+00 6.200000e+01 5.600000e+01
      vertex   -3.100000e+01 6.200000e+01 5.600000e+01
    endloop
  endfacet
  facet normal -1.056573e-15 -6.087614e-01 7.933533e-01
    outer loop
      vertex   1.000000e+00 6.129289e+01 5.570711e+01
      vertex   1.000000e+00 6.150000e+01 5.586603e+01
      vertex   -4.333333e+00 6.150000e+01 5.586603e+01
    endloop
  endfacet
  facet normal -1.230855e-15 -3.826834e-01 9.238795e-01
    outer loop
      vertex   -4.333333e+00 6.150000e+01 5.586603e+01
      vertex   1.000000e+00 6.150000e+01 5.586603e+01
      vertex   -4.333333e+00 6.174118e+01 5.596593e+01
    endloop
  endfacet
  facet normal 0.000000e+00 -3.826834e-01 9.238795e-01
    outer loop
      vertex   -4.333333e+00 6.150000e+01 5.586603e+01
      vertex   -4.333333e+00 6.174118e+01 5.596593e+01
      vertex   -9.666667e+00 6.174118e+01 5.596593e+01
    endloop
  endfacet
  facet normal 0.000000e+00 -1.305262e-01 9.914449e-01
    outer loop
      vertex   -9.666667e+00 6.174118e+01 5.596593e+01
      vertex   -4.333333e+00 6.174118e+01 5.596593e+01
      vertex   1.000000e+00 6.200000e+01 5.600000e+01
    endloop
  endfacet
  facet normal 0.000000e+00 -3.826834e-01 9.238795e-01
    outer loop
      vertex   1.000000e+00 6.150000e+01 5.586603e+01
      vertex   1.000000e+00 6.174118e+01 5.596593e+01
      vertex   -4.333333e+00 6.174118e+01 5.596593e+01
    endloop
  endfacet
  facet normal 0.000000e+00 -1.305262e-01 9.914449e-01
    outer loop
      vertex   -4.333333e+00 6.174118e+01 5.596593e+01
      vertex   1.000000e+00 6.174118e+01 5.596593e+01
      vertex   1.000000e+00 6.200000e+01 5.600000e+01
    endloop
  endfacet
  facet normal 0.000000e+00 -6.087614e-01 7.933533e-01
    outer loop
      vertex   -3.100000e+01 6.150000e+01 5.586603e+01
      vertex   -3.100000e+01 6.129289e+01 5.570711e+01
      vertex   -2.566667e+01 6.129289e+01 5.570711e+01
    endloop
  endfacet
  facet normal 0.000000e+00 -7.933533e-01 6.087614e-01
    outer loop
      vertex   -2.566667e+01 6.129289e+01 5.570711e+01
      vertex   -3.100000e+01 6.129289e+01 5.570711e+01
      vertex   -2.566667e+01 6.113398e+01 5.550000e+01
    endloop
  endfacet
  facet normal 0.000000e+00 -7.933533e-01 6.087614e-01
    outer loop
      vertex   -2.566667e+01 6.129289e+01 5.570711e+01
      vertex   -2.566667e+01 6.113398e+01 5.550000e+01
      vertex   -2.033333e+01 6.113398e+01 5.550000e+01
    endloop
  endfacet
  facet normal 0.000000e+00 -9.238795e-01 3.826834e-01
    outer loop
      vertex   -2.033333e+01 6.113398e+01 5.550000e+01
      vertex   -2.566667e+01 6.113398e+01 5.550000e+01
      vertex   -2.033333e+01 6.103407e+01 5.525882e+01
    endloop
  endfacet
  facet normal 0.000000e+00 -9.238795e-01 3.826834e-01
    outer loop
      vertex   -2.033333e+01 6.113398e+01 5.550000e+01
      vertex   -2.033333e+01 6.103407e+01 5.525882e+01
      vertex   -1.500000e+01 6.103407e+01 5.525882e+01
    endloop
  endfacet
  facet normal 0.000000e+00 -9.914449e-01 1.305262e-01
    outer loop
      vertex   -1.500000e+01 6.103407e+01 5.525882e+01
      vertex   -2.033333e+01 6.103407e+01 5.525882e+01
      vertex   -3.100000e+01 6.100000e+01 5.500000e+01
    endloop
  endfacet
  facet normal 0.000000e+00 -9.914449e-01 1.305262e-01
    outer loop
      vertex   -1.500000e+01 6.103407e+01 5.525882e+01
      vertex   -3.100000e+01 6.100000e+01 5.500000e+01
      vertex   1.000000e+00 6.100000e+01 5.500000e+01
    endloop
  endfacet
  facet normal 0.000000e+00 -7.933533e-01 6.087614e-01
    outer loop
      vertex   -3.100000e+01 6.129289e+01 5.570711e+01
      vertex   -3.100000e+01 6.113398e+01 5.550000e+01
      vertex   -2.566667e+01 6.113398e+01 5.550000e+01
    endloop
  endfacet
  facet normal 0.000000e+00 -9.238795e-01 3.826834e-01
    outer loop
      vertex   -2.566667e+01 6.113398e+01 5.550000e+01
      vertex   -3.100000e+01 6.113398e+01 5.550000e+01
      vertex   -2.566667e+01 6.103407e+01 5.525882e+01
    endloop
  endfacet
  facet normal 0.000000e+00 -9.238795e-01 3.826834e-01
    outer loop
      vertex   -2.566667e+01 6.113398e+01 5.550000e+01
      vertex   -2.566667e+01 6.103407e+01 5.525882e+01
      vertex   -2.033333e+01 6.103407e+01 5.525882e+01
    endloop
  endfacet
  facet normal 0.000000e+00 -9.914449e-01 1.305262e-01
    outer loop
      vertex   -2.033333e+01 6.103407e+01 5.525882e+01
      vertex   -2.566667e+01 6.103407e+01 5.525882e+01
      vertex   -3.100000e+01 6.100000e+01 5.500000e+01
    endloop
  endfacet
  facet normal 0.000000e+00 -9.238795e-01 3.826834e-01
    outer loop
      vertex   -3.100000e+01 6.113398e+01 5.550000e+01
      vertex   -3.100000e+01 6.103407e+01 5.525882e+01
      vertex   -2.566667e+01 6.103407e+01 5.525882e+01
    endloop
  endfacet
  facet normal 0.000000e+00 -9.914449e-01 1.305262e-01
    outer loop
      vertex   -2.566667e+01 6.103407e+01 5.525882e+01
      vertex   -3.100000e+01 6.103407e+01 5.525882e+01
      vertex   -3.100000e+01 6.100000e+01 5.500000e+01
    endloop
  endfacet
  facet normal 0.000000e+00 -9.238795e-01 3.826834e-01
    outer loop
      vertex   -9.666667e+00 6.103407e+01 5.525882e+01
      vertex   -4.333333e+00 6.103407e+01 5.525882e+01
      vertex   -9.666667e+00 6.113398e+01 5.550000e+01
    endloop
  endfacet
  facet normal 0.000000e+00 -9.238795e-01 3.826834e-01
    outer loop
      vertex   -9.666667e+00 6.113398e+01 5.550000e+01
      vertex   -4.333333e+00 6.103407e+01 5.525882e+01
      vertex   -4.333333e+00 6.113398e+01 5.550000e+01
    endloop
  endfacet
  facet normal 0.000000e+00 -7.933533e-01 6.087614e-01
    outer loop
      vertex   -9.666667e+00 6.113398e+01 5.550000e+01
      vertex   -4.333333e+00 6.113398e+01 5.550000e+01
      vertex   -9.666667e+00 6.129289e+01 5.570711e+01
    endloop
  endfacet
  facet normal 0.000000e+00 -9.238795e-01 3.826834e-01
    outer loop
      vertex   -9.666667e+00 6.103407e+01 5.525882e+01
      vertex   -9.666667e+00 6.113398e+01 5.550000e+01
      vertex   -1.500000e+01 6.113398e+01 5.550000e+01
    endloop
  endfacet
  facet normal 0.000000e+00 -7.933533e-01 6.087614e-01
    outer loop
      vertex   -1.500000e+01 6.113398e+01 5.550000e+01
      vertex   -9.666667e+00 6.113398e+01 5.550000e+01
      vertex   -1.500000e+01 6.129289e+01 5.570711e+01
    endloop
  endfacet
  facet normal 0.000000e+00 -7.933533e-01 6.087614e-01
    outer loop
      vertex   -1.500000e+01 6.113398e+01 5.550000e+01
      vertex   -1.500000e+01 6.129289e+01 5.570711e+01
      vertex   -2.033333e+01 6.129289e+01 5.570711e+01
    endloop
  endfacet
  facet normal 0.000000e+00 -6.087614e-01 7.933533e-01
    outer loop
      vertex   -2.033333e+01 6.129289e+01 5.570711e+01
      vertex   -1.500000e+01 6.129289e+01 5.570711e+01
      vertex   -2.033333e+01 6.150000e+01 5.586603e+01
    endloop
  endfacet
  facet normal 0.000000e+00 -6.087614e-01 7.933533e-01
    outer loop
      vertex   -2.033333e+01 6.129289e+01 5.570711e+01
      vertex   -2.033333e+01 6.150000e+01 5.586603e+01
      vertex   -2.566667e+01 6.150000e+01 5.586603e+01
    endloop
  endfacet
  facet normal 0.000000e+00 -3.826834e-01 9.238795e-01
    outer loop
      vertex   -2.566667e+01 6.150000e+01 5.586603e+01
      vertex   -2.033333e+01 6.150000e+01 5.586603e+01
      vertex   -2.566667e+01 6.174118e+01 5.596593e+01
    endloop
  endfacet
  facet normal 0.000000e+00 -7.933533e-01 6.087614e-01
    outer loop
      vertex   -1.500000e+01 6.129289e+01 5.570711e+01
      vertex   -9.666667e+00 6.113398e+01 5.550000e+01
      vertex   -9.666667e+00 6.129289e+01 5.570711e+01
    endloop
  endfacet
  facet normal 0.000000e+00 -6.087614e-01 7.933533e-01
    outer loop
      vertex   -2.033333e+01 6.150000e+01 5.586603e+01
      vertex   -1.500000e+01 6.129289e+01 5.570711e+01
      vertex   -1.500000e+01 6.150000e+01 5.586603e+01
    endloop
  endfacet
  facet normal 0.000000e+00 -6.087614e-01 7.933533e-01
    outer loop
      vertex   -1.500000e+01 6.150000e+01 5.586603e+01
      vertex   -1.500000e+01 6.129289e+01 5.570711e+01
      vertex   -9.666667e+00 6.129289e+01 5.570711e+01
    endloop
  endfacet
  facet normal -2.461710e-15 -3.826834e-01 9.238795e-01
    outer loop
      vertex   -2.566667e+01 6.174118e+01 5.596593e+01
      vertex   -2.033333e+01 6.150000e+01 5.586603e+01
      vertex   -2.033333e+01 6.174118e+01 5.596593e+01
    endloop
  endfacet
  facet normal 0.000000e+00 -3.826834e-01 9.238795e-01
    outer loop
      vertex   -2.033333e+01 6.174118e+01 5.596593e+01
      vertex   -2.033333e+01 6.150000e+01 5.586603e+01
      vertex   -1.500000e+01 6.150000e+01 5.586603e+01
    endloop
  endfacet
  facet normal -1.497913e-02 -1.329434e-01 9.910104e-01
    outer loop
      vertex   1.445042e+00 6.194986e+01 5.600000e+01
      vertex   1.000000e+00 6.200000e+01 5.600000e+01
      vertex   1.339688e+00 6.170773e+01 5.596593e+01
    endloop
  endfacet
  facet normal -1.285465e-02 -1.305154e-01 9.913629e-01
    outer loop
      vertex   1.339688e+00 6.170773e+01 5.596593e+01
      vertex   1.000000e+00 6.200000e+01 5.600000e+01
      vertex   1.000000e+00 6.174118e+01 5.596593e+01
    endloop
  endfacet
  facet normal -3.766428e-02 -3.824119e-01 9.232240e-01
    outer loop
      vertex   1.339688e+00 6.170773e+01 5.596593e+01
      vertex   1.000000e+00 6.174118e+01 5.596593e+01
      vertex   1.000000e+00 6.150000e+01 5.586603e+01
    endloop
  endfacet
  facet normal -3.766428e-02 -3.824119e-01 9.232240e-01
    outer loop
      vertex   1.339688e+00 6.170773e+01 5.596593e+01
      vertex   1.000000e+00 6.150000e+01 5.586603e+01
      vertex   1.292635e+00 6.147118e+01 5.586603e+01
    endloop
  endfacet
  facet normal -5.985029e-02 -6.076701e-01 7.919311e-01
    outer loop
      vertex   1.292635e+00 6.147118e+01 5.586603e+01
      vertex   1.000000e+00 6.150000e+01 5.586603e+01
      vertex   1.000000e+00 6.129289e+01 5.570711e+01
    endloop
  endfacet
  facet normal -5.985029e-02 -6.076701e-01 7.919311e-01
    outer loop
      vertex   1.292635e+00 6.147118e+01 5.586603e+01
      vertex   1.000000e+00 6.129289e+01 5.570711e+01
      vertex   1.252231e+00 6.126805e+01 5.570711e+01
    endloop
  endfacet
  facet normal -7.790103e-02 -7.909424e-01 6.069115e-01
    outer loop
      vertex   1.252231e+00 6.126805e+01 5.570711e+01
      vertex   1.000000e+00 6.129289e+01 5.570711e+01
      vertex   1.000000e+00 6.113398e+01 5.550000e+01
    endloop
  endfacet
  facet normal -7.790103e-02 -7.909424e-01 6.069115e-01
    outer loop
      vertex   1.252231e+00 6.126805e+01 5.570711e+01
      vertex   1.000000e+00 6.113398e+01 5.550000e+01
      vertex   1.221227e+00 6.111219e+01 5.550000e+01
    endloop
  endfacet
  facet normal -9.061980e-02 -9.200783e-01 3.811089e-01
    outer loop
      vertex   1.221227e+00 6.111219e+01 5.550000e+01
      vertex   1.000000e+00 6.113398e+01 5.550000e+01
      vertex   1.000000e+00 6.103407e+01 5.525882e+01
    endloop
  endfacet
  facet normal -9.061980e-02 -9.200783e-01 3.811089e-01
    outer loop
      vertex   1.221227e+00 6.111219e+01 5.550000e+01
      vertex   1.000000e+00 6.103407e+01 5.525882e+01
      vertex   1.201738e+00 6.101421e+01 5.525882e+01
    endloop
  endfacet
  facet normal -9.718654e-02 -9.867515e-01 1.299083e-01
    outer loop
      vertex   1.201738e+00 6.101421e+01 5.525882e+01
      vertex   1.000000e+00 6.103407e+01 5.525882e+01
      vertex   1.000000e+00 6.100000e+01 5.500000e+01
    endloop
  endfacet
  facet normal -1.289634e-01 -9.795740e-01 1.542830e-01
    outer loop
      vertex   1.201738e+00 6.101421e+01 5.525882e+01
      vertex   1.000000e+00 6.100000e+01 5.500000e+01
      vertex   1.258819e+00 6.096593e+01 5.500000e+01
    endloop
  endfacet
  facet normal -2.884009e-01 -9.507304e-01 1.137395e-01
    outer loop
      vertex   1.201738e+00 6.101421e+01 5.525882e+01
      vertex   1.258819e+00 6.096593e+01 5.500000e+01
      vertex   1.395723e+00 6.095536e+01 5.525882e+01
    endloop
  endfacet
  facet normal -3.775959e-01 -9.115972e-01 1.625173e-01
    outer loop
      vertex   1.395723e+00 6.095536e+01 5.525882e+01
      vertex   1.258819e+00 6.096593e+01 5.500000e+01
      vertex   1.500000e+00 6.086603e+01 5.500000e+01
    endloop
  endfacet
  facet normal -4.683377e-01 -8.761981e-01 1.137395e-01
    outer loop
      vertex   1.395723e+00 6.095536e+01 5.525882e+01
      vertex   1.500000e+00 6.086603e+01 5.500000e+01
      vertex   1.574501e+00 6.085980e+01 5.525882e+01
    endloop
  endfacet
  facet normal -6.014725e-01 -7.838543e-01 1.542830e-01
    outer loop
      vertex   1.574501e+00 6.085980e+01 5.525882e+01
      vertex   1.500000e+00 6.086603e+01 5.500000e+01
      vertex   1.707107e+00 6.070711e+01 5.500000e+01
    endloop
  endfacet
  facet normal -6.290174e-01 -7.664600e-01 1.299083e-01
    outer loop
      vertex   1.574501e+00 6.085980e+01 5.525882e+01
      vertex   1.707107e+00 6.070711e+01 5.500000e+01
      vertex   1.731201e+00 6.073120e+01 5.525882e+01
    endloop
  endfacet
  facet normal -7.664600e-01 -6.290174e-01 1.299083e-01
    outer loop
      vertex   1.731201e+00 6.073120e+01 5.525882e+01
      vertex   1.707107e+00 6.070711e+01 5.500000e+01
      vertex   1.859801e+00 6.057450e+01 5.525882e+01
    endloop
  endfacet
  facet normal -7.146715e-01 -5.865157e-01 3.811089e-01
    outer loop
      vertex   1.731201e+00 6.073120e+01 5.525882e+01
      vertex   1.859801e+00 6.057450e+01 5.525882e+01
      vertex   1.942865e+00 6.063000e+01 5.550000e+01
    endloop
  endfacet
  facet normal -8.153628e-01 -4.358205e-01 3.811089e-01
    outer loop
      vertex   1.942865e+00 6.063000e+01 5.550000e+01
      vertex   1.859801e+00 6.057450e+01 5.525882e+01
      vertex   2.047656e+00 6.043395e+01 5.550000e+01
    endloop
  endfacet
  facet normal -7.009241e-01 -3.746517e-01 6.069115e-01
    outer loop
      vertex   1.942865e+00 6.063000e+01 5.550000e+01
      vertex   2.047656e+00 6.043395e+01 5.550000e+01
      vertex   2.194478e+00 6.049477e+01 5.570711e+01
    endloop
  endfacet
  facet normal -7.605469e-01 -2.307094e-01 6.069115e-01
    outer loop
      vertex   2.194478e+00 6.049477e+01 5.570711e+01
      vertex   2.047656e+00 6.043395e+01 5.550000e+01
      vertex   2.268051e+00 6.025223e+01 5.570711e+01
    endloop
  endfacet
  facet normal -5.843177e-01 -1.772508e-01 7.919311e-01
    outer loop
      vertex   2.194478e+00 6.049477e+01 5.570711e+01
      vertex   2.268051e+00 6.025223e+01 5.570711e+01
      vertex   2.471178e+00 6.029264e+01 5.586603e+01
    endloop
  endfacet
  facet normal -6.076701e-01 -5.985029e-02 7.919311e-01
    outer loop
      vertex   2.471178e+00 6.029264e+01 5.586603e+01
      vertex   2.268051e+00 6.025223e+01 5.570711e+01
      vertex   2.500000e+00 6.000000e+01 5.586603e+01
    endloop
  endfacet
  facet normal -3.824119e-01 -3.766428e-02 9.232240e-01
    outer loop
      vertex   2.471178e+00 6.029264e+01 5.586603e+01
      vertex   2.500000e+00 6.000000e+01 5.586603e+01
      vertex   2.741181e+00 6.000000e+01 5.596593e+01
    endloop
  endfacet
  facet normal -7.838543e-01 -6.014725e-01 1.542830e-01
    outer loop
      vertex   1.707107e+00 6.070711e+01 5.500000e+01
      vertex   1.866025e+00 6.050000e+01 5.500000e+01
      vertex   1.859801e+00 6.057450e+01 5.525882e+01
    endloop
  endfacet
  facet normal -8.761981e-01 -4.683377e-01 1.137395e-01
    outer loop
      vertex   1.859801e+00 6.057450e+01 5.525882e+01
      vertex   1.866025e+00 6.050000e+01 5.500000e+01
      vertex   1.955360e+00 6.039572e+01 5.525882e+01
    endloop
  endfacet
  facet normal -8.153628e-01 -4.358205e-01 3.811089e-01
    outer loop
      vertex   1.859801e+00 6.057450e+01 5.525882e+01
      vertex   1.955360e+00 6.039572e+01 5.525882e+01
      vertex   2.047656e+00 6.043395e+01 5.550000e+01
    endloop
  endfacet
  facet normal -8.847202e-01 -2.683769e-01 3.811089e-01
    outer loop
      vertex   2.047656e+00 6.043395e+01 5.550000e+01
      vertex   1.955360e+00 6.039572e+01 5.525882e+01
      vertex   2.112186e+00 6.022123e+01 5.550000e+01
    endloop
  endfacet
  facet normal -7.605469e-01 -2.307094e-01 6.069115e-01
    outer loop
      vertex   2.047656e+00 6.043395e+01 5.550000e+01
      vertex   2.112186e+00 6.022123e+01 5.550000e+01
      vertex   2.268051e+00 6.025223e+01 5.570711e+01
    endloop
  endfacet
  facet normal -7.909424e-01 -7.790103e-02 6.069115e-01
    outer loop
      vertex   2.268051e+00 6.025223e+01 5.570711e+01
      vertex   2.112186e+00 6.022123e+01 5.550000e+01
      vertex   2.292893e+00 6.000000e+01 5.570711e+01
    endloop
  endfacet
  facet normal -6.076701e-01 -5.985029e-02 7.919311e-01
    outer loop
      vertex   2.268051e+00 6.025223e+01 5.570711e+01
      vertex   2.292893e+00 6.000000e+01 5.570711e+01
      vertex   2.500000e+00 6.000000e+01 5.586603e+01
    endloop
  endfacet
  facet normal -9.115972e-01 -3.775959e-01 1.625173e-01
    outer loop
      vertex   1.866025e+00 6.050000e+01 5.500000e+01
      vertex   1.965926e+00 6.025882e+01 5.500000e+01
      vertex   1.955360e+00 6.039572e+01 5.525882e+01
    endloop
  endfacet
  facet normal -9.507304e-01 -2.884009e-01 1.137395e-01
    outer loop
      vertex   1.955360e+00 6.039572e+01 5.525882e+01
      vertex   1.965926e+00 6.025882e+01 5.500000e+01
      vertex   2.014205e+00 6.020174e+01 5.525882e+01
    endloop
  endfacet
  facet normal -8.847202e-01 -2.683769e-01 3.811089e-01
    outer loop
      vertex   1.955360e+00 6.039572e+01 5.525882e+01
      vertex   2.014205e+00 6.020174e+01 5.525882e+01
      vertex   2.112186e+00 6.022123e+01 5.550000e+01
    endloop
  endfacet
  facet normal -9.200783e-01 -9.061980e-02 3.811089e-01
    outer loop
      vertex   2.112186e+00 6.022123e+01 5.550000e+01
      vertex   2.014205e+00 6.020174e+01 5.525882e+01
      vertex   2.133975e+00 6.000000e+01 5.550000e+01
    endloop
  endfacet
  facet normal -7.909424e-01 -7.790103e-02 6.069115e-01
    outer loop
      vertex   2.112186e+00 6.022123e+01 5.550000e+01
      vertex   2.133975e+00 6.000000e+01 5.550000e+01
      vertex   2.292893e+00 6.000000e+01 5.570711e+01
    endloop
  endfacet
  facet normal -9.795740e-01 -1.289634e-01 1.542830e-01
    outer loop
      vertex   1.965926e+00 6.025882e+01 5.500000e+01
      vertex   2.000000e+00 6.000000e+01 5.500000e+01
      vertex   2.014205e+00 6.020174e+01 5.525882e+01
    endloop
  endfacet
  facet normal -9.867515e-01 -9.718654e-02 1.299083e-01
    outer loop
      vertex   2.014205e+00 6.020174e+01 5.525882e+01
      vertex   2.000000e+00 6.000000e+01 5.500000e+01
      vertex   2.034074e+00 6.000000e+01 5.525882e+01
    endloop
  endfacet
  facet normal -9.200783e-01 -9.061980e-02 3.811089e-01
    outer loop
      vertex   2.014205e+00 6.020174e+01 5.525882e+01
      vertex   2.034074e+00 6.000000e+01 5.525882e+01
      vertex   2.133975e+00 6.000000e+01 5.550000e+01
    endloop
  endfacet
  facet normal -3.824119e-01 -3.766428e-02 9.232240e-01
    outer loop
      vertex   2.471178e+00 6.029264e+01 5.586603e+01
      vertex   2.741181e+00 6.000000e+01 5.596593e+01
      vertex   2.707725e+00 6.033969e+01 5.596593e+01
    endloop
  endfacet
  facet normal -1.305154e-01 -1.285465e-02 9.913629e-01
    outer loop
      vertex   2.707725e+00 6.033969e+01 5.596593e+01
      vertex   2.741181e+00 6.000000e+01 5.596593e+01
      vertex   3.000000e+00 6.000000e+01 5.600000e+01
    endloop
  endfacet
  facet normal -1.329434e-01 -1.497913e-02 9.910104e-01
    outer loop
      vertex   2.707725e+00 6.033969e+01 5.596593e+01
      vertex   3.000000e+00 6.000000e+01 5.600000e+01
      vertex   2.949856e+00 6.044504e+01 5.600000e+01
    endloop
  endfacet
  facet normal -1.232815e-01 -3.739703e-02 9.916668e-01
    outer loop
      vertex   2.707725e+00 6.033969e+01 5.596593e+01
      vertex   2.949856e+00 6.044504e+01 5.600000e+01
      vertex   2.608641e+00 6.066632e+01 5.596593e+01
    endloop
  endfacet
  facet normal -1.279809e-01 -4.478246e-02 9.907651e-01
    outer loop
      vertex   2.608641e+00 6.066632e+01 5.596593e+01
      vertex   2.949856e+00 6.044504e+01 5.600000e+01
      vertex   2.801938e+00 6.086777e+01 5.600000e+01
    endloop
  endfacet
  facet normal -1.122924e-01 -6.002156e-02 9.918608e-01
    outer loop
      vertex   2.608641e+00 6.066632e+01 5.596593e+01
      vertex   2.801938e+00 6.086777e+01 5.600000e+01
      vertex   2.447739e+00 6.096735e+01 5.596593e+01
    endloop
  endfacet
  facet normal -1.157445e-01 -7.272707e-02 9.906129e-01
    outer loop
      vertex   2.447739e+00 6.096735e+01 5.596593e+01
      vertex   2.801938e+00 6.086777e+01 5.600000e+01
      vertex   2.563663e+00 6.124698e+01 5.600000e+01
    endloop
  endfacet
  facet normal -9.785449e-02 -8.030711e-02 9.919553e-01
    outer loop
      vertex   2.447739e+00 6.096735e+01 5.596593e+01
      vertex   2.563663e+00 6.124698e+01 5.600000e+01
      vertex   2.231201e+00 6.123120e+01 5.596593e+01
    endloop
  endfacet
  facet normal -9.692304e-02 -9.692304e-02 9.905614e-01
    outer loop
      vertex   2.231201e+00 6.123120e+01 5.596593e+01
      vertex   2.563663e+00 6.124698e+01 5.600000e+01
      vertex   2.246980e+00 6.156366e+01 5.600000e+01
    endloop
  endfacet
  facet normal -8.030711e-02 -9.785449e-02 9.919553e-01
    outer loop
      vertex   2.231201e+00 6.123120e+01 5.596593e+01
      vertex   2.246980e+00 6.156366e+01 5.600000e+01
      vertex   1.967348e+00 6.144774e+01 5.596593e+01
    endloop
  endfacet
  facet normal -7.272707e-02 -1.157445e-01 9.906129e-01
    outer loop
      vertex   1.967348e+00 6.144774e+01 5.596593e+01
      vertex   2.246980e+00 6.156366e+01 5.600000e+01
      vertex   1.867767e+00 6.180194e+01 5.600000e+01
    endloop
  endfacet
  facet normal -6.002156e-02 -1.122924e-01 9.918608e-01
    outer loop
      vertex   1.967348e+00 6.144774e+01 5.596593e+01
      vertex   1.867767e+00 6.180194e+01 5.600000e+01
      vertex   1.666321e+00 6.160864e+01 5.596593e+01
    endloop
  endfacet
  facet normal -4.478246e-02 -1.279809e-01 9.907651e-01
    outer loop
      vertex   1.666321e+00 6.160864e+01 5.596593e+01
      vertex   1.867767e+00 6.180194e+01 5.600000e+01
      vertex   1.445042e+00 6.194986e+01 5.600000e+01
    endloop
  endfacet
  facet normal -3.739703e-02 -1.232815e-01 9.916668e-01
    outer loop
      vertex   1.666321e+00 6.160864e+01 5.596593e+01
      vertex   1.445042e+00 6.194986e+01 5.600000e+01
      vertex   1.339688e+00 6.170773e+01 5.596593e+01
    endloop
  endfacet
  facet normal -2.683769e-01 -8.847202e-01 3.811089e-01
    outer loop
      vertex   1.221227e+00 6.111219e+01 5.550000e+01
      vertex   1.201738e+00 6.101421e+01 5.525882e+01
      vertex   1.433953e+00 6.104766e+01 5.550000e+01
    endloop
  endfacet
  facet normal -2.683769e-01 -8.847202e-01 3.811089e-01
    outer loop
      vertex   1.433953e+00 6.104766e+01 5.550000e+01
      vertex   1.201738e+00 6.101421e+01 5.525882e+01
      vertex   1.395723e+00 6.095536e+01 5.525882e+01
    endloop
  endfacet
  facet normal -4.358205e-01 -8.153628e-01 3.811089e-01
    outer loop
      vertex   1.433953e+00 6.104766e+01 5.550000e+01
      vertex   1.395723e+00 6.095536e+01 5.525882e+01
      vertex   1.630003e+00 6.094287e+01 5.550000e+01
    endloop
  endfacet
  facet normal -4.358205e-01 -8.153628e-01 3.811089e-01
    outer loop
      vertex   1.630003e+00 6.094287e+01 5.550000e+01
      vertex   1.395723e+00 6.095536e+01 5.525882e+01
      vertex   1.574501e+00 6.085980e+01 5.525882e+01
    endloop
  endfacet
  facet normal -5.865157e-01 -7.146715e-01 3.811089e-01
    outer loop
      vertex   1.630003e+00 6.094287e+01 5.550000e+01
      vertex   1.574501e+00 6.085980e+01 5.525882e+01
      vertex   1.801841e+00 6.080184e+01 5.550000e+01
    endloop
  endfacet
  facet normal -5.865157e-01 -7.146715e-01 3.811089e-01
    outer loop
      vertex   1.801841e+00 6.080184e+01 5.550000e+01
      vertex   1.574501e+00 6.085980e+01 5.525882e+01
      vertex   1.731201e+00 6.073120e+01 5.525882e+01
    endloop
  endfacet
  facet normal -7.146715e-01 -5.865157e-01 3.811089e-01
    outer loop
      vertex   1.801841e+00 6.080184e+01 5.550000e+01
      vertex   1.731201e+00 6.073120e+01 5.525882e+01
      vertex   1.942865e+00 6.063000e+01 5.550000e+01
    endloop
  endfacet
  facet normal -2.307094e-01 -7.605469e-01 6.069115e-01
    outer loop
      vertex   1.252231e+00 6.126805e+01 5.570711e+01
      vertex   1.221227e+00 6.111219e+01 5.550000e+01
      vertex   1.494769e+00 6.119448e+01 5.570711e+01
    endloop
  endfacet
  facet normal -2.307094e-01 -7.605469e-01 6.069115e-01
    outer loop
      vertex   1.494769e+00 6.119448e+01 5.570711e+01
      vertex   1.221227e+00 6.111219e+01 5.550000e+01
      vertex   1.433953e+00 6.104766e+01 5.550000e+01
    endloop
  endfacet
  facet normal -3.746517e-01 -7.009241e-01 6.069115e-01
    outer loop
      vertex   1.494769e+00 6.119448e+01 5.570711e+01
      vertex   1.433953e+00 6.104766e+01 5.550000e+01
      vertex   1.718293e+00 6.107500e+01 5.570711e+01
    endloop
  endfacet
  facet normal -3.746517e-01 -7.009241e-01 6.069115e-01
    outer loop
      vertex   1.718293e+00 6.107500e+01 5.570711e+01
      vertex   1.433953e+00 6.104766e+01 5.550000e+01
      vertex   1.630003e+00 6.094287e+01 5.550000e+01
    endloop
  endfacet
  facet normal -5.041964e-01 -6.143651e-01 6.069115e-01
    outer loop
      vertex   1.718293e+00 6.107500e+01 5.570711e+01
      vertex   1.630003e+00 6.094287e+01 5.550000e+01
      vertex   1.914214e+00 6.091421e+01 5.570711e+01
    endloop
  endfacet
  facet normal -5.041964e-01 -6.143651e-01 6.069115e-01
    outer loop
      vertex   1.914214e+00 6.091421e+01 5.570711e+01
      vertex   1.630003e+00 6.094287e+01 5.550000e+01
      vertex   1.801841e+00 6.080184e+01 5.550000e+01
    endloop
  endfacet
  facet normal -6.143651e-01 -5.041964e-01 6.069115e-01
    outer loop
      vertex   1.914214e+00 6.091421e+01 5.570711e+01
      vertex   1.801841e+00 6.080184e+01 5.550000e+01
      vertex   2.075001e+00 6.071829e+01 5.570711e+01
    endloop
  endfacet
  facet normal -6.143651e-01 -5.041964e-01 6.069115e-01
    outer loop
      vertex   2.075001e+00 6.071829e+01 5.570711e+01
      vertex   1.801841e+00 6.080184e+01 5.550000e+01
      vertex   1.942865e+00 6.063000e+01 5.550000e+01
    endloop
  endfacet
  facet normal -7.009241e-01 -3.746517e-01 6.069115e-01
    outer loop
      vertex   2.075001e+00 6.071829e+01 5.570711e+01
      vertex   1.942865e+00 6.063000e+01 5.550000e+01
      vertex   2.194478e+00 6.049477e+01 5.570711e+01
    endloop
  endfacet
  facet normal -1.115454e-01 -3.677160e-01 9.232240e-01
    outer loop
      vertex   1.666321e+00 6.160864e+01 5.596593e+01
      vertex   1.339688e+00 6.170773e+01 5.596593e+01
      vertex   1.292635e+00 6.147118e+01 5.586603e+01
    endloop
  endfacet
  facet normal -1.772508e-01 -5.843177e-01 7.919311e-01
    outer loop
      vertex   1.292635e+00 6.147118e+01 5.586603e+01
      vertex   1.252231e+00 6.126805e+01 5.570711e+01
      vertex   1.574025e+00 6.138582e+01 5.586603e+01
    endloop
  endfacet
  facet normal -1.772508e-01 -5.843177e-01 7.919311e-01
    outer loop
      vertex   1.574025e+00 6.138582e+01 5.586603e+01
      vertex   1.252231e+00 6.126805e+01 5.570711e+01
      vertex   1.494769e+00 6.119448e+01 5.570711e+01
    endloop
  endfacet
  facet normal -2.878397e-01 -5.385103e-01 7.919311e-01
    outer loop
      vertex   1.574025e+00 6.138582e+01 5.586603e+01
      vertex   1.494769e+00 6.119448e+01 5.570711e+01
      vertex   1.833355e+00 6.124721e+01 5.586603e+01
    endloop
  endfacet
  facet normal -2.878397e-01 -5.385103e-01 7.919311e-01
    outer loop
      vertex   1.833355e+00 6.124721e+01 5.586603e+01
      vertex   1.494769e+00 6.119448e+01 5.570711e+01
      vertex   1.718293e+00 6.107500e+01 5.570711e+01
    endloop
  endfacet
  facet normal -3.873671e-01 -4.720082e-01 7.919311e-01
    outer loop
      vertex   1.833355e+00 6.124721e+01 5.586603e+01
      vertex   1.718293e+00 6.107500e+01 5.570711e+01
      vertex   2.060660e+00 6.106066e+01 5.586603e+01
    endloop
  endfacet
  facet normal -3.873671e-01 -4.720082e-01 7.919311e-01
    outer loop
      vertex   2.060660e+00 6.106066e+01 5.586603e+01
      vertex   1.718293e+00 6.107500e+01 5.570711e+01
      vertex   1.914214e+00 6.091421e+01 5.570711e+01
    endloop
  endfacet
  facet normal -4.720082e-01 -3.873671e-01 7.919311e-01
    outer loop
      vertex   2.060660e+00 6.106066e+01 5.586603e+01
      vertex   1.914214e+00 6.091421e+01 5.570711e+01
      vertex   2.247204e+00 6.083336e+01 5.586603e+01
    endloop
  endfacet
  facet normal -4.720082e-01 -3.873671e-01 7.919311e-01
    outer loop
      vertex   2.247204e+00 6.083336e+01 5.586603e+01
      vertex   1.914214e+00 6.091421e+01 5.570711e+01
      vertex   2.075001e+00 6.071829e+01 5.570711e+01
    endloop
  endfacet
  facet normal -5.385103e-01 -2.878397e-01 7.919311e-01
    outer loop
      vertex   2.247204e+00 6.083336e+01 5.586603e+01
      vertex   2.075001e+00 6.071829e+01 5.570711e+01
      vertex   2.385819e+00 6.057403e+01 5.586603e+01
    endloop
  endfacet
  facet normal -5.385103e-01 -2.878397e-01 7.919311e-01
    outer loop
      vertex   2.385819e+00 6.057403e+01 5.586603e+01
      vertex   2.075001e+00 6.071829e+01 5.570711e+01
      vertex   2.194478e+00 6.049477e+01 5.570711e+01
    endloop
  endfacet
  facet normal -5.843177e-01 -1.772508e-01 7.919311e-01
    outer loop
      vertex   2.385819e+00 6.057403e+01 5.586603e+01
      vertex   2.194478e+00 6.049477e+01 5.570711e+01
      vertex   2.471178e+00 6.029264e+01 5.586603e+01
    endloop
  endfacet
  facet normal -1.811400e-01 -3.388890e-01 9.232240e-01
    outer loop
      vertex   1.967348e+00 6.144774e+01 5.596593e+01
      vertex   1.666321e+00 6.160864e+01 5.596593e+01
      vertex   1.574025e+00 6.138582e+01 5.586603e+01
    endloop
  endfacet
  facet normal -1.115454e-01 -3.677160e-01 9.232240e-01
    outer loop
      vertex   1.574025e+00 6.138582e+01 5.586603e+01
      vertex   1.666321e+00 6.160864e+01 5.596593e+01
      vertex   1.292635e+00 6.147118e+01 5.586603e+01
    endloop
  endfacet
  facet normal -1.811400e-01 -3.388890e-01 9.232240e-01
    outer loop
      vertex   1.967348e+00 6.144774e+01 5.596593e+01
      vertex   1.574025e+00 6.138582e+01 5.586603e+01
      vertex   1.833355e+00 6.124721e+01 5.586603e+01
    endloop
  endfacet
  facet normal -2.437734e-01 -2.970387e-01 9.232240e-01
    outer loop
      vertex   2.231201e+00 6.123120e+01 5.596593e+01
      vertex   1.967348e+00 6.144774e+01 5.596593e+01
      vertex   1.833355e+00 6.124721e+01 5.586603e+01
    endloop
  endfacet
  facet normal -2.437734e-01 -2.970387e-01 9.232240e-01
    outer loop
      vertex   2.231201e+00 6.123120e+01 5.596593e+01
      vertex   1.833355e+00 6.124721e+01 5.586603e+01
      vertex   2.060660e+00 6.106066e+01 5.586603e+01
    endloop
  endfacet
  facet normal -2.970387e-01 -2.437734e-01 9.232240e-01
    outer loop
      vertex   2.231201e+00 6.123120e+01 5.596593e+01
      vertex   2.060660e+00 6.106066e+01 5.586603e+01
      vertex   2.447739e+00 6.096735e+01 5.596593e+01
    endloop
  endfacet
  facet normal -2.970387e-01 -2.437734e-01 9.232240e-01
    outer loop
      vertex   2.447739e+00 6.096735e+01 5.596593e+01
      vertex   2.060660e+00 6.106066e+01 5.586603e+01
      vertex   2.247204e+00 6.083336e+01 5.586603e+01
    endloop
  endfacet
  facet normal -3.388890e-01 -1.811400e-01 9.232240e-01
    outer loop
      vertex   2.447739e+00 6.096735e+01 5.596593e+01
      vertex   2.247204e+00 6.083336e+01 5.586603e+01
      vertex   2.608641e+00 6.066632e+01 5.596593e+01
    endloop
  endfacet
  facet normal -3.388890e-01 -1.811400e-01 9.232240e-01
    outer loop
      vertex   2.608641e+00 6.066632e+01 5.596593e+01
      vertex   2.247204e+00 6.083336e+01 5.586603e+01
      vertex   2.385819e+00 6.057403e+01 5.586603e+01
    endloop
  endfacet
  facet normal -3.677160e-01 -1.115454e-01 9.232240e-01
    outer loop
      vertex   2.608641e+00 6.066632e+01 5.596593e+01
      vertex   2.385819e+00 6.057403e+01 5.586603e+01
      vertex   2.707725e+00 6.033969e+01 5.596593e+01
    endloop
  endfacet
  facet normal -3.677160e-01 -1.115454e-01 9.232240e-01
    outer loop
      vertex   2.707725e+00 6.033969e+01 5.596593e+01
      vertex   2.385819e+00 6.057403e+01 5.586603e+01
      vertex   2.471178e+00 6.029264e+01 5.586603e+01
    endloop
  endfacet
  facet normal 9.914449e-01 1.305262e-01 -2.778562e-10
    outer loop
      vertex   -3.196593e+01 4.974118e+01 5.500000e+01
      vertex   -3.196593e+01 4.974118e+01 4.955556e+01
      vertex   -3.200000e+01 5.000000e+01 5.500000e+01
    endloop
  endfacet
  facet normal 9.914449e-01 1.305262e-01 -2.778556e-10
    outer loop
      vertex   -3.200000e+01 5.000000e+01 5.500000e+01
      vertex   -3.196593e+01 4.974118e+01 4.955556e+01
      vertex   -3.196593e+01 4.974118e+01 4.411111e+01
    endloop
  endfacet
  facet normal 9.914449e-01 1.305262e-01 -2.778559e-10
    outer loop
      vertex   -3.200000e+01 5.000000e+01 5.500000e+01
      vertex   -3.196593e+01 4.974118e+01 4.411111e+01
      vertex   -3.196593e+01 4.974118e+01 3.866667e+01
    endloop
  endfacet
  facet normal 9.238795e-01 3.826834e-01 -8.146324e-10
    outer loop
      vertex   -3.196593e+01 4.974118e+01 3.866667e+01
      vertex   -3.196593e+01 4.974118e+01 4.411111e+01
      vertex   -3.186603e+01 4.950000e+01 3.866667e+01
    endloop
  endfacet
  facet normal 9.238795e-01 3.826834e-01 -8.146324e-10
    outer loop
      vertex   -3.196593e+01 4.974118e+01 3.866667e+01
      vertex   -3.186603e+01 4.950000e+01 3.866667e+01
      vertex   -3.186603e+01 4.950000e+01 3.322222e+01
    endloop
  endfacet
  facet normal 7.933533e-01 6.087614e-01 -1.295893e-09
    outer loop
      vertex   -3.186603e+01 4.950000e+01 3.322222e+01
      vertex   -3.186603e+01 4.950000e+01 3.866667e+01
      vertex   -3.170711e+01 4.929289e+01 3.322222e+01
    endloop
  endfacet
  facet normal 7.933533e-01 6.087614e-01 -1.295891e-09
    outer loop
      vertex   -3.186603e+01 4.950000e+01 3.322222e+01
      vertex   -3.170711e+01 4.929289e+01 3.322222e+01
      vertex   -3.170711e+01 4.929289e+01 2.777778e+01
    endloop
  endfacet
  facet normal 6.087614e-01 7.933533e-01 -1.688839e-09
    outer loop
      vertex   -3.170711e+01 4.929289e+01 2.777778e+01
      vertex   -3.170711e+01 4.929289e+01 3.322222e+01
      vertex   -3.150000e+01 4.913398e+01 2.777778e+01
    endloop
  endfacet
  facet normal 6.087614e-01 7.933533e-01 -1.688842e-09
    outer loop
      vertex   -3.170711e+01 4.929289e+01 2.777778e+01
      vertex   -3.150000e+01 4.913398e+01 2.777778e+01
      vertex   -3.150000e+01 4.913398e+01 2.233333e+01
    endloop
  endfacet
  facet normal 3.826834e-01 9.238795e-01 -1.966698e-09
    outer loop
      vertex   -3.150000e+01 4.913398e+01 2.233333e+01
      vertex   -3.150000e+01 4.913398e+01 2.777778e+01
      vertex   -3.125882e+01 4.903407e+01 2.233333e+01
    endloop
  endfacet
  facet normal 3.826834e-01 9.238795e-01 -1.966694e-09
    outer loop
      vertex   -3.150000e+01 4.913398e+01 2.233333e+01
      vertex   -3.125882e+01 4.903407e+01 2.233333e+01
      vertex   -3.125882e+01 4.903407e+01 1.688889e+01
    endloop
  endfacet
  facet normal 1.305262e-01 9.914449e-01 -2.110523e-09
    outer loop
      vertex   -3.125882e+01 4.903407e+01 1.688889e+01
      vertex   -3.125882e+01 4.903407e+01 2.233333e+01
      vertex   -3.100000e+01 4.900000e+01 6.000000e+00
    endloop
  endfacet
  facet normal 1.305262e-01 9.914449e-01 -2.110524e-09
    outer loop
      vertex   -3.125882e+01 4.903407e+01 1.688889e+01
      vertex   -3.100000e+01 4.900000e+01 6.000000e+00
      vertex   -3.125882e+01 4.903407e+01 1.144444e+01
    endloop
  endfacet
  facet normal 1.305262e-01 9.914449e-01 -2.110524e-09
    outer loop
      vertex   -3.125882e+01 4.903407e+01 1.144444e+01
      vertex   -3.100000e+01 4.900000e+01 6.000000e+00
      vertex   -3.125882e+01 4.903407e+01 6.000000e+00
    endloop
  endfacet
  facet normal 3.826834e-01 9.238795e-01 -1.966695e-09
    outer loop
      vertex   -3.125882e+01 4.903407e+01 1.144444e+01
      vertex   -3.125882e+01 4.903407e+01 6.000000e+00
      vertex   -3.150000e+01 4.913398e+01 1.144444e+01
    endloop
  endfacet
  facet normal 3.826834e-01 9.238795e-01 -1.966694e-09
    outer loop
      vertex   -3.150000e+01 4.913398e+01 1.144444e+01
      vertex   -3.125882e+01 4.903407e+01 6.000000e+00
      vertex   -3.150000e+01 4.913398e+01 6.000000e+00
    endloop
  endfacet
  facet normal 6.087614e-01 7.933533e-01 -1.688839e-09
    outer loop
      vertex   -3.150000e+01 4.913398e+01 1.144444e+01
      vertex   -3.150000e+01 4.913398e+01 6.000000e+00
      vertex   -3.170711e+01 4.929289e+01 1.144444e+01
    endloop
  endfacet
  facet normal 6.087614e-01 7.933533e-01 -1.688839e-09
    outer loop
      vertex   -3.170711e+01 4.929289e+01 1.144444e+01
      vertex   -3.150000e+01 4.913398e+01 6.000000e+00
      vertex   -3.170711e+01 4.929289e+01 6.000000e+00
    endloop
  endfacet
  facet normal 7.933533e-01 6.087614e-01 -1.295891e-09
    outer loop
      vertex   -3.170711e+01 4.929289e+01 1.144444e+01
      vertex   -3.170711e+01 4.929289e+01 6.000000e+00
      vertex   -3.186603e+01 4.950000e+01 1.144444e+01
    endloop
  endfacet
  facet normal 7.933533e-01 6.087614e-01 -1.295891e-09
    outer loop
      vertex   -3.186603e+01 4.950000e+01 1.144444e+01
      vertex   -3.170711e+01 4.929289e+01 6.000000e+00
      vertex   -3.186603e+01 4.950000e+01 6.000000e+00
    endloop
  endfacet
  facet normal 9.238795e-01 3.826834e-01 -8.146314e-10
    outer loop
      vertex   -3.186603e+01 4.950000e+01 1.144444e+01
      vertex   -3.186603e+01 4.950000e+01 6.000000e+00
      vertex   -3.196593e+01 4.974118e+01 1.144444e+01
    endloop
  endfacet
  facet normal 9.238795e-01 3.826834e-01 -8.146314e-10
    outer loop
      vertex   -3.196593e+01 4.974118e+01 1.144444e+01
      vertex   -3.186603e+01 4.950000e+01 6.000000e+00
      vertex   -3.196593e+01 4.974118e+01 6.000000e+00
    endloop
  endfacet
  facet normal 9.914449e-01 1.305262e-01 -2.778556e-10
    outer loop
      vertex   -3.196593e+01 4.974118e+01 1.144444e+01
      vertex   -3.196593e+01 4.974118e+01 6.000000e+00
      vertex   -3.200000e+01 5.000000e+01 6.000000e+00
    endloop
  endfacet
  facet normal 9.238795e-01 3.826834e-01 -8.146320e-10
    outer loop
      vertex   -3.196593e+01 4.974118e+01 4.955556e+01
      vertex   -3.196593e+01 4.974118e+01 5.500000e+01
      vertex   -3.186603e+01 4.950000e+01 4.955556e+01
    endloop
  endfacet
  facet normal 9.238795e-01 3.826834e-01 -8.146330e-10
    outer loop
      vertex   -3.186603e+01 4.950000e+01 4.955556e+01
      vertex   -3.196593e+01 4.974118e+01 5.500000e+01
      vertex   -3.186603e+01 4.950000e+01 5.500000e+01
    endloop
  endfacet
  facet normal 7.933533e-01 6.087614e-01 -1.295894e-09
    outer loop
      vertex   -3.186603e+01 4.950000e+01 4.955556e+01
      vertex   -3.186603e+01 4.950000e+01 5.500000e+01
      vertex   -3.170711e+01 4.929289e+01 4.955556e+01
    endloop
  endfacet
  facet normal 7.933533e-01 6.087614e-01 -1.295893e-09
    outer loop
      vertex   -3.170711e+01 4.929289e+01 4.955556e+01
      vertex   -3.186603e+01 4.950000e+01 5.500000e+01
      vertex   -3.170711e+01 4.929289e+01 5.500000e+01
    endloop
  endfacet
  facet normal 6.087614e-01 7.933533e-01 -1.688841e-09
    outer loop
      vertex   -3.170711e+01 4.929289e+01 4.955556e+01
      vertex   -3.170711e+01 4.929289e+01 5.500000e+01
      vertex   -3.150000e+01 4.913398e+01 4.955556e+01
    endloop
  endfacet
  facet normal 6.087614e-01 7.933533e-01 -1.688840e-09
    outer loop
      vertex   -3.150000e+01 4.913398e+01 4.955556e+01
      vertex   -3.170711e+01 4.929289e+01 5.500000e+01
      vertex   -3.150000e+01 4.913398e+01 5.500000e+01
    endloop
  endfacet
  facet normal 3.826834e-01 9.238795e-01 -1.966695e-09
    outer loop
      vertex   -3.150000e+01 4.913398e+01 4.955556e+01
      vertex   -3.150000e+01 4.913398e+01 5.500000e+01
      vertex   -3.125882e+01 4.903407e+01 4.955556e+01
    endloop
  endfacet
  facet normal 3.826834e-01 9.238795e-01 -1.966697e-09
    outer loop
      vertex   -3.125882e+01 4.903407e+01 4.955556e+01
      vertex   -3.150000e+01 4.913398e+01 5.500000e+01
      vertex   -3.125882e+01 4.903407e+01 5.500000e+01
    endloop
  endfacet
  facet normal 1.305262e-01 9.914449e-01 -2.110527e-09
    outer loop
      vertex   -3.125882e+01 4.903407e+01 4.955556e+01
      vertex   -3.125882e+01 4.903407e+01 5.500000e+01
      vertex   -3.100000e+01 4.900000e+01 5.500000e+01
    endloop
  endfacet
  facet normal 1.305262e-01 9.914449e-01 -2.110524e-09
    outer loop
      vertex   -3.100000e+01 4.900000e+01 6.000000e+00
      vertex   -3.125882e+01 4.903407e+01 3.322222e+01
      vertex   -3.100000e+01 4.900000e+01 5.500000e+01
    endloop
  endfacet
  facet normal 1.305262e-01 9.914449e-01 -2.110525e-09
    outer loop
      vertex   -3.100000e+01 4.900000e+01 5.500000e+01
      vertex   -3.125882e+01 4.903407e+01 3.322222e+01
      vertex   -3.125882e+01 4.903407e+01 3.866667e+01
    endloop
  endfacet
  facet normal 1.305262e-01 9.914449e-01 -2.110523e-09
    outer loop
      vertex   -3.100000e+01 4.900000e+01 5.500000e+01
      vertex   -3.125882e+01 4.903407e+01 3.866667e+01
      vertex   -3.125882e+01 4.903407e+01 4.411111e+01
    endloop
  endfacet
  facet normal 3.826834e-01 9.238795e-01 -1.966694e-09
    outer loop
      vertex   -3.125882e+01 4.903407e+01 4.411111e+01
      vertex   -3.125882e+01 4.903407e+01 3.866667e+01
      vertex   -3.150000e+01 4.913398e+01 4.411111e+01
    endloop
  endfacet
  facet normal 3.826834e-01 9.238795e-01 -1.966694e-09
    outer loop
      vertex   -3.125882e+01 4.903407e+01 4.411111e+01
      vertex   -3.150000e+01 4.913398e+01 4.411111e+01
      vertex   -3.150000e+01 4.913398e+01 4.955556e+01
    endloop
  endfacet
  facet normal 6.087614e-01 7.933533e-01 -1.688839e-09
    outer loop
      vertex   -3.150000e+01 4.913398e+01 4.955556e+01
      vertex   -3.150000e+01 4.913398e+01 4.411111e+01
      vertex   -3.170711e+01 4.929289e+01 4.955556e+01
    endloop
  endfacet
  facet normal 9.914449e-01 1.305262e-01 -2.778557e-10
    outer loop
      vertex   -3.200000e+01 5.000000e+01 5.500000e+01
      vertex   -3.196593e+01 4.974118e+01 2.777778e+01
      vertex   -3.200000e+01 5.000000e+01 6.000000e+00
    endloop
  endfacet
  facet normal 9.914449e-01 1.305262e-01 -2.778551e-10
    outer loop
      vertex   -3.200000e+01 5.000000e+01 6.000000e+00
      vertex   -3.196593e+01 4.974118e+01 2.777778e+01
      vertex   -3.196593e+01 4.974118e+01 2.233333e+01
    endloop
  endfacet
  facet normal 9.914449e-01 1.305262e-01 -2.778559e-10
    outer loop
      vertex   -3.200000e+01 5.000000e+01 6.000000e+00
      vertex   -3.196593e+01 4.974118e+01 2.233333e+01
      vertex   -3.196593e+01 4.974118e+01 1.688889e+01
    endloop
  endfacet
  facet normal 9.238795e-01 3.826834e-01 -8.146324e-10
    outer loop
      vertex   -3.196593e+01 4.974118e+01 1.688889e+01
      vertex   -3.196593e+01 4.974118e+01 2.233333e+01
      vertex   -3.186603e+01 4.950000e+01 1.688889e+01
    endloop
  endfacet
  facet normal 9.238795e-01 3.826834e-01 -8.146319e-10
    outer loop
      vertex   -3.196593e+01 4.974118e+01 1.688889e+01
      vertex   -3.186603e+01 4.950000e+01 1.688889e+01
      vertex   -3.186603e+01 4.950000e+01 1.144444e+01
    endloop
  endfacet
  facet normal 7.933533e-01 6.087614e-01 -1.295892e-09
    outer loop
      vertex   -3.186603e+01 4.950000e+01 1.144444e+01
      vertex   -3.186603e+01 4.950000e+01 1.688889e+01
      vertex   -3.170711e+01 4.929289e+01 1.144444e+01
    endloop
  endfacet
  facet normal 9.238795e-01 3.826834e-01 -8.146314e-10
    outer loop
      vertex   -3.196593e+01 4.974118e+01 4.411111e+01
      vertex   -3.196593e+01 4.974118e+01 4.955556e+01
      vertex   -3.186603e+01 4.950000e+01 4.411111e+01
    endloop
  endfacet
  facet normal 9.238795e-01 3.826834e-01 -8.146314e-10
    outer loop
      vertex   -3.186603e+01 4.950000e+01 4.411111e+01
      vertex   -3.196593e+01 4.974118e+01 4.955556e+01
      vertex   -3.186603e+01 4.950000e+01 4.955556e+01
    endloop
  endfacet
  facet normal 7.933533e-01 6.087614e-01 -1.295891e-09
    outer loop
      vertex   -3.186603e+01 4.950000e+01 4.411111e+01
      vertex   -3.186603e+01 4.950000e+01 4.955556e+01
      vertex   -3.170711e+01 4.929289e+01 4.411111e+01
    endloop
  endfacet
  facet normal 7.933533e-01 6.087614e-01 -1.295891e-09
    outer loop
      vertex   -3.170711e+01 4.929289e+01 4.411111e+01
      vertex   -3.186603e+01 4.950000e+01 4.955556e+01
      vertex   -3.170711e+01 4.929289e+01 4.955556e+01
    endloop
  endfacet
  facet normal 6.087614e-01 7.933533e-01 -1.688839e-09
    outer loop
      vertex   -3.170711e+01 4.929289e+01 4.411111e+01
      vertex   -3.170711e+01 4.929289e+01 4.955556e+01
      vertex   -3.150000e+01 4.913398e+01 4.411111e+01
    endloop
  endfacet
  facet normal 9.914449e-01 1.305262e-01 -2.778556e-10
    outer loop
      vertex   -3.196593e+01 4.974118e+01 2.777778e+01
      vertex   -3.200000e+01 5.000000e+01 5.500000e+01
      vertex   -3.196593e+01 4.974118e+01 3.322222e+01
    endloop
  endfacet
  facet normal 9.914449e-01 1.305262e-01 -2.778559e-10
    outer loop
      vertex   -3.196593e+01 4.974118e+01 3.322222e+01
      vertex   -3.200000e+01 5.000000e+01 5.500000e+01
      vertex   -3.196593e+01 4.974118e+01 3.866667e+01
    endloop
  endfacet
  facet normal 9.238795e-01 3.826834e-01 -8.146324e-10
    outer loop
      vertex   -3.196593e+01 4.974118e+01 3.322222e+01
      vertex   -3.196593e+01 4.974118e+01 3.866667e+01
      vertex   -3.186603e+01 4.950000e+01 3.322222e+01
    endloop
  endfacet
  facet normal 9.238795e-01 3.826834e-01 -8.146314e-10
    outer loop
      vertex   -3.196593e+01 4.974118e+01 2.777778e+01
      vertex   -3.196593e+01 4.974118e+01 3.322222e+01
      vertex   -3.186603e+01 4.950000e+01 2.777778e+01
    endloop
  endfacet
  facet normal 9.238795e-01 3.826834e-01 -8.146314e-10
    outer loop
      vertex   -3.186603e+01 4.950000e+01 2.777778e+01
      vertex   -3.196593e+01 4.974118e+01 3.322222e+01
      vertex   -3.186603e+01 4.950000e+01 3.322222e+01
    endloop
  endfacet
  facet normal 7.933533e-01 6.087614e-01 -1.295891e-09
    outer loop
      vertex   -3.186603e+01 4.950000e+01 2.777778e+01
      vertex   -3.186603e+01 4.950000e+01 3.322222e+01
      vertex   -3.170711e+01 4.929289e+01 2.777778e+01
    endloop
  endfacet
  facet normal 9.914449e-01 1.305262e-01 -2.778558e-10
    outer loop
      vertex   -3.196593e+01 4.974118e+01 1.144444e+01
      vertex   -3.200000e+01 5.000000e+01 6.000000e+00
      vertex   -3.196593e+01 4.974118e+01 1.688889e+01
    endloop
  endfacet
  facet normal 9.238795e-01 3.826834e-01 -8.146313e-10
    outer loop
      vertex   -3.196593e+01 4.974118e+01 2.233333e+01
      vertex   -3.196593e+01 4.974118e+01 2.777778e+01
      vertex   -3.186603e+01 4.950000e+01 2.233333e+01
    endloop
  endfacet
  facet normal 9.238795e-01 3.826834e-01 -8.146319e-10
    outer loop
      vertex   -3.186603e+01 4.950000e+01 2.233333e+01
      vertex   -3.196593e+01 4.974118e+01 2.777778e+01
      vertex   -3.186603e+01 4.950000e+01 2.777778e+01
    endloop
  endfacet
  facet normal 7.933533e-01 6.087614e-01 -1.295892e-09
    outer loop
      vertex   -3.186603e+01 4.950000e+01 2.233333e+01
      vertex   -3.186603e+01 4.950000e+01 2.777778e+01
      vertex   -3.170711e+01 4.929289e+01 2.233333e+01
    endloop
  endfacet
  facet normal 7.933533e-01 6.087614e-01 -1.295893e-09
    outer loop
      vertex   -3.170711e+01 4.929289e+01 2.233333e+01
      vertex   -3.186603e+01 4.950000e+01 2.777778e+01
      vertex   -3.170711e+01 4.929289e+01 2.777778e+01
    endloop
  endfacet
  facet normal 6.087614e-01 7.933533e-01 -1.688841e-09
    outer loop
      vertex   -3.170711e+01 4.929289e+01 2.233333e+01
      vertex   -3.170711e+01 4.929289e+01 2.777778e+01
      vertex   -3.150000e+01 4.913398e+01 2.233333e+01
    endloop
  endfacet
  facet normal 9.238795e-01 3.826834e-01 -8.146319e-10
    outer loop
      vertex   -3.186603e+01 4.950000e+01 1.144444e+01
      vertex   -3.196593e+01 4.974118e+01 1.144444e+01
      vertex   -3.196593e+01 4.974118e+01 1.688889e+01
    endloop
  endfacet
  facet normal 9.238795e-01 3.826834e-01 -8.146314e-10
    outer loop
      vertex   -3.196593e+01 4.974118e+01 4.411111e+01
      vertex   -3.186603e+01 4.950000e+01 4.411111e+01
      vertex   -3.186603e+01 4.950000e+01 3.866667e+01
    endloop
  endfacet
  facet normal 7.933533e-01 6.087614e-01 -1.295891e-09
    outer loop
      vertex   -3.186603e+01 4.950000e+01 3.866667e+01
      vertex   -3.186603e+01 4.950000e+01 4.411111e+01
      vertex   -3.170711e+01 4.929289e+01 3.866667e+01
    endloop
  endfacet
  facet normal 7.933533e-01 6.087614e-01 -1.295893e-09
    outer loop
      vertex   -3.186603e+01 4.950000e+01 3.866667e+01
      vertex   -3.170711e+01 4.929289e+01 3.866667e+01
      vertex   -3.170711e+01 4.929289e+01 3.322222e+01
    endloop
  endfacet
  facet normal 6.087614e-01 7.933533e-01 -1.688841e-09
    outer loop
      vertex   -3.170711e+01 4.929289e+01 3.322222e+01
      vertex   -3.170711e+01 4.929289e+01 3.866667e+01
      vertex   -3.150000e+01 4.913398e+01 3.322222e+01
    endloop
  endfacet
  facet normal 6.087614e-01 7.933533e-01 -1.688839e-09
    outer loop
      vertex   -3.170711e+01 4.929289e+01 3.322222e+01
      vertex   -3.150000e+01 4.913398e+01 3.322222e+01
      vertex   -3.150000e+01 4.913398e+01 2.777778e+01
    endloop
  endfacet
  facet normal 3.826834e-01 9.238795e-01 -1.966694e-09
    outer loop
      vertex   -3.150000e+01 4.913398e+01 2.777778e+01
      vertex   -3.150000e+01 4.913398e+01 3.322222e+01
      vertex   -3.125882e+01 4.903407e+01 2.777778e+01
    endloop
  endfacet
  facet normal 3.826834e-01 9.238795e-01 -1.966697e-09
    outer loop
      vertex   -3.150000e+01 4.913398e+01 2.777778e+01
      vertex   -3.125882e+01 4.903407e+01 2.777778e+01
      vertex   -3.125882e+01 4.903407e+01 2.233333e+01
    endloop
  endfacet
  facet normal 1.305262e-01 9.914449e-01 -2.110526e-09
    outer loop
      vertex   -3.125882e+01 4.903407e+01 2.233333e+01
      vertex   -3.125882e+01 4.903407e+01 2.777778e+01
      vertex   -3.100000e+01 4.900000e+01 6.000000e+00
    endloop
  endfacet
  facet normal 7.933533e-01 6.087614e-01 -1.295891e-09
    outer loop
      vertex   -3.170711e+01 4.929289e+01 3.866667e+01
      vertex   -3.186603e+01 4.950000e+01 4.411111e+01
      vertex   -3.170711e+01 4.929289e+01 4.411111e+01
    endloop
  endfacet
  facet normal 9.238795e-01 3.826834e-01 -8.146313e-10
    outer loop
      vertex   -3.196593e+01 4.974118e+01 2.233333e+01
      vertex   -3.186603e+01 4.950000e+01 2.233333e+01
      vertex   -3.186603e+01 4.950000e+01 1.688889e+01
    endloop
  endfacet
  facet normal 7.933533e-01 6.087614e-01 -1.295892e-09
    outer loop
      vertex   -3.186603e+01 4.950000e+01 1.688889e+01
      vertex   -3.186603e+01 4.950000e+01 2.233333e+01
      vertex   -3.170711e+01 4.929289e+01 1.688889e+01
    endloop
  endfacet
  facet normal 7.933533e-01 6.087614e-01 -1.295893e-09
    outer loop
      vertex   -3.186603e+01 4.950000e+01 1.688889e+01
      vertex   -3.170711e+01 4.929289e+01 1.688889e+01
      vertex   -3.170711e+01 4.929289e+01 1.144444e+01
    endloop
  endfacet
  facet normal 6.087614e-01 7.933533e-01 -1.688841e-09
    outer loop
      vertex   -3.170711e+01 4.929289e+01 1.144444e+01
      vertex   -3.170711e+01 4.929289e+01 1.688889e+01
      vertex   -3.150000e+01 4.913398e+01 1.144444e+01
    endloop
  endfacet
  facet normal 7.933533e-01 6.087614e-01 -1.295891e-09
    outer loop
      vertex   -3.170711e+01 4.929289e+01 1.688889e+01
      vertex   -3.186603e+01 4.950000e+01 2.233333e+01
      vertex   -3.170711e+01 4.929289e+01 2.233333e+01
    endloop
  endfacet
  facet normal 6.087614e-01 7.933533e-01 -1.688839e-09
    outer loop
      vertex   -3.170711e+01 4.929289e+01 3.866667e+01
      vertex   -3.170711e+01 4.929289e+01 4.411111e+01
      vertex   -3.150000e+01 4.913398e+01 3.866667e+01
    endloop
  endfacet
  facet normal 6.087614e-01 7.933533e-01 -1.688840e-09
    outer loop
      vertex   -3.150000e+01 4.913398e+01 3.866667e+01
      vertex   -3.170711e+01 4.929289e+01 4.411111e+01
      vertex   -3.150000e+01 4.913398e+01 4.411111e+01
    endloop
  endfacet
  facet normal 3.826834e-01 9.238795e-01 -1.966695e-09
    outer loop
      vertex   -3.150000e+01 4.913398e+01 3.866667e+01
      vertex   -3.150000e+01 4.913398e+01 4.411111e+01
      vertex   -3.125882e+01 4.903407e+01 3.866667e+01
    endloop
  endfacet
  facet normal 6.087614e-01 7.933533e-01 -1.688839e-09
    outer loop
      vertex   -3.170711e+01 4.929289e+01 1.688889e+01
      vertex   -3.170711e+01 4.929289e+01 2.233333e+01
      vertex   -3.150000e+01 4.913398e+01 1.688889e+01
    endloop
  endfacet
  facet normal 6.087614e-01 7.933533e-01 -1.688838e-09
    outer loop
      vertex   -3.150000e+01 4.913398e+01 1.688889e+01
      vertex   -3.170711e+01 4.929289e+01 2.233333e+01
      vertex   -3.150000e+01 4.913398e+01 2.233333e+01
    endloop
  endfacet
  facet normal 3.826834e-01 9.238795e-01 -1.966693e-09
    outer loop
      vertex   -3.150000e+01 4.913398e+01 1.688889e+01
      vertex   -3.150000e+01 4.913398e+01 2.233333e+01
      vertex   -3.125882e+01 4.903407e+01 1.688889e+01
    endloop
  endfacet
  facet normal 3.826834e-01 9.238795e-01 -1.966694e-09
    outer loop
      vertex   -3.125882e+01 4.903407e+01 4.411111e+01
      vertex   -3.150000e+01 4.913398e+01 4.955556e+01
      vertex   -3.125882e+01 4.903407e+01 4.955556e+01
    endloop
  endfacet
  facet normal 6.087614e-01 7.933533e-01 -1.688840e-09
    outer loop
      vertex   -3.170711e+01 4.929289e+01 3.866667e+01
      vertex   -3.150000e+01 4.913398e+01 3.866667e+01
      vertex   -3.150000e+01 4.913398e+01 3.322222e+01
    endloop
  endfacet
  facet normal 3.826834e-01 9.238795e-01 -1.966695e-09
    outer loop
      vertex   -3.150000e+01 4.913398e+01 3.322222e+01
      vertex   -3.150000e+01 4.913398e+01 3.866667e+01
      vertex   -3.125882e+01 4.903407e+01 3.322222e+01
    endloop
  endfacet
  facet normal 3.826834e-01 9.238795e-01 -1.966694e-09
    outer loop
      vertex   -3.150000e+01 4.913398e+01 3.322222e+01
      vertex   -3.125882e+01 4.903407e+01 3.322222e+01
      vertex   -3.125882e+01 4.903407e+01 2.777778e+01
    endloop
  endfacet
  facet normal 1.305262e-01 9.914449e-01 -2.110523e-09
    outer loop
      vertex   -3.125882e+01 4.903407e+01 2.777778e+01
      vertex   -3.125882e+01 4.903407e+01 3.322222e+01
      vertex   -3.100000e+01 4.900000e+01 6.000000e+00
    endloop
  endfacet
  facet normal 3.826834e-01 9.238795e-01 -1.966697e-09
    outer loop
      vertex   -3.125882e+01 4.903407e+01 3.322222e+01
      vertex   -3.150000e+01 4.913398e+01 3.866667e+01
      vertex   -3.125882e+01 4.903407e+01 3.866667e+01
    endloop
  endfacet
  facet normal 3.826834e-01 9.238795e-01 -1.966698e-09
    outer loop
      vertex   -3.125882e+01 4.903407e+01 1.144444e+01
      vertex   -3.150000e+01 4.913398e+01 1.144444e+01
      vertex   -3.150000e+01 4.913398e+01 1.688889e+01
    endloop
  endfacet
  facet normal 6.087614e-01 7.933533e-01 -1.688842e-09
    outer loop
      vertex   -3.150000e+01 4.913398e+01 1.688889e+01
      vertex   -3.150000e+01 4.913398e+01 1.144444e+01
      vertex   -3.170711e+01 4.929289e+01 1.688889e+01
    endloop
  endfacet
  facet normal 3.826834e-01 9.238795e-01 -1.966695e-09
    outer loop
      vertex   -3.125882e+01 4.903407e+01 1.144444e+01
      vertex   -3.150000e+01 4.913398e+01 1.688889e+01
      vertex   -3.125882e+01 4.903407e+01 1.688889e+01
    endloop
  endfacet
  facet normal 1.305262e-01 9.914449e-01 -2.110523e-09
    outer loop
      vertex   -3.100000e+01 4.900000e+01 5.500000e+01
      vertex   -3.125882e+01 4.903407e+01 4.411111e+01
      vertex   -3.125882e+01 4.903407e+01 4.955556e+01
    endloop
  endfacet
  facet normal 1.416099e-19 1.000000e+00 -2.128735e-09
    outer loop
      vertex   1.000000e+00 4.900000e+01 5.500000e+01
      vertex   1.000000e+00 4.900000e+01 6.000000e+00
      vertex   -3.100000e+01 4.900000e+01 5.500000e+01
    endloop
  endfacet
  facet normal 0.000000e+00 1.000000e+00 -2.128735e-09
    outer loop
      vertex   -3.100000e+01 4.900000e+01 5.500000e+01
      vertex   1.000000e+00 4.900000e+01 6.000000e+00
      vertex   -3.100000e+01 4.900000e+01 6.000000e+00
    endloop
  endfacet
  facet normal -1.305262e-01 9.914449e-01 -2.110522e-09
    outer loop
      vertex   1.258819e+00 4.903407e+01 5.500000e+01
      vertex   1.258819e+00 4.903407e+01 4.955556e+01
      vertex   1.000000e+00 4.900000e+01 5.500000e+01
    endloop
  endfacet
  facet normal -1.305262e-01 9.914449e-01 -2.110526e-09
    outer loop
      vertex   1.000000e+00 4.900000e+01 5.500000e+01
      vertex   1.258819e+00 4.903407e+01 4.955556e+01
      vertex   1.258819e+00 4.903407e+01 4.411111e+01
    endloop
  endfacet
  facet normal -1.305262e-01 9.914449e-01 -2.110523e-09
    outer loop
      vertex   1.000000e+00 4.900000e+01 5.500000e+01
      vertex   1.258819e+00 4.903407e+01 4.411111e+01
      vertex   1.258819e+00 4.903407e+01 3.866667e+01
    endloop
  endfacet
  facet normal -3.826834e-01 9.238795e-01 -1.966695e-09
    outer loop
      vertex   1.258819e+00 4.903407e+01 3.866667e+01
      vertex   1.258819e+00 4.903407e+01 4.411111e+01
      vertex   1.500000e+00 4.913398e+01 3.866667e+01
    endloop
  endfacet
  facet normal -3.826834e-01 9.238795e-01 -1.966694e-09
    outer loop
      vertex   1.258819e+00 4.903407e+01 3.866667e+01
      vertex   1.500000e+00 4.913398e+01 3.866667e+01
      vertex   1.500000e+00 4.913398e+01 3.322222e+01
    endloop
  endfacet
  facet normal -6.087614e-01 7.933533e-01 -1.688839e-09
    outer loop
      vertex   1.500000e+00 4.913398e+01 3.322222e+01
      vertex   1.500000e+00 4.913398e+01 3.866667e+01
      vertex   1.707107e+00 4.929289e+01 3.322222e+01
    endloop
  endfacet
  facet normal -6.087614e-01 7.933533e-01 -1.688840e-09
    outer loop
      vertex   1.500000e+00 4.913398e+01 3.322222e+01
      vertex   1.707107e+00 4.929289e+01 3.322222e+01
      vertex   1.707107e+00 4.929289e+01 2.777778e+01
    endloop
  endfacet
  facet normal -7.933533e-01 6.087614e-01 -1.295892e-09
    outer loop
      vertex   1.707107e+00 4.929289e+01 2.777778e+01
      vertex   1.707107e+00 4.929289e+01 3.322222e+01
      vertex   1.866025e+00 4.950000e+01 2.777778e+01
    endloop
  endfacet
  facet normal -7.933533e-01 6.087614e-01 -1.295892e-09
    outer loop
      vertex   1.707107e+00 4.929289e+01 2.777778e+01
      vertex   1.866025e+00 4.950000e+01 2.777778e+01
      vertex   1.866025e+00 4.950000e+01 2.233333e+01
    endloop
  endfacet
  facet normal -9.238795e-01 3.826834e-01 -8.146317e-10
    outer loop
      vertex   1.866025e+00 4.950000e+01 2.233333e+01
      vertex   1.866025e+00 4.950000e+01 2.777778e+01
      vertex   1.965926e+00 4.974118e+01 2.233333e+01
    endloop
  endfacet
  facet normal -9.238795e-01 3.826834e-01 -8.146326e-10
    outer loop
      vertex   1.866025e+00 4.950000e+01 2.233333e+01
      vertex   1.965926e+00 4.974118e+01 2.233333e+01
      vertex   1.965926e+00 4.974118e+01 1.688889e+01
    endloop
  endfacet
  facet normal -9.914449e-01 1.305262e-01 -2.778558e-10
    outer loop
      vertex   1.965926e+00 4.974118e+01 1.688889e+01
      vertex   1.965926e+00 4.974118e+01 2.233333e+01
      vertex   2.000000e+00 5.000000e+01 6.000000e+00
    endloop
  endfacet
  facet normal -9.914449e-01 1.305262e-01 -2.778555e-10
    outer loop
      vertex   1.965926e+00 4.974118e+01 1.688889e+01
      vertex   2.000000e+00 5.000000e+01 6.000000e+00
      vertex   1.965926e+00 4.974118e+01 1.144444e+01
    endloop
  endfacet
  facet normal -9.914449e-01 1.305262e-01 -2.778565e-10
    outer loop
      vertex   1.965926e+00 4.974118e+01 1.144444e+01
      vertex   2.000000e+00 5.000000e+01 6.000000e+00
      vertex   1.965926e+00 4.974118e+01 6.000000e+00
    endloop
  endfacet
  facet normal -9.238795e-01 3.826834e-01 -8.146315e-10
    outer loop
      vertex   1.965926e+00 4.974118e+01 1.144444e+01
      vertex   1.965926e+00 4.974118e+01 6.000000e+00
      vertex   1.866025e+00 4.950000e+01 1.144444e+01
    endloop
  endfacet
  facet normal -9.238795e-01 3.826834e-01 -8.146324e-10
    outer loop
      vertex   1.866025e+00 4.950000e+01 1.144444e+01
      vertex   1.965926e+00 4.974118e+01 6.000000e+00
      vertex   1.866025e+00 4.950000e+01 6.000000e+00
    endloop
  endfacet
  facet normal -7.933533e-01 6.087614e-01 -1.295892e-09
    outer loop
      vertex   1.866025e+00 4.950000e+01 1.144444e+01
      vertex   1.866025e+00 4.950000e+01 6.000000e+00
      vertex   1.707107e+00 4.929289e+01 1.144444e+01
    endloop
  endfacet
  facet normal -7.933533e-01 6.087614e-01 -1.295893e-09
    outer loop
      vertex   1.707107e+00 4.929289e+01 1.144444e+01
      vertex   1.866025e+00 4.950000e+01 6.000000e+00
      vertex   1.707107e+00 4.929289e+01 6.000000e+00
    endloop
  endfacet
  facet normal -6.087614e-01 7.933533e-01 -1.688841e-09
    outer loop
      vertex   1.707107e+00 4.929289e+01 1.144444e+01
      vertex   1.707107e+00 4.929289e+01 6.000000e+00
      vertex   1.500000e+00 4.913398e+01 1.144444e+01
    endloop
  endfacet
  facet normal -6.087614e-01 7.933533e-01 -1.688841e-09
    outer loop
      vertex   1.500000e+00 4.913398e+01 1.144444e+01
      vertex   1.707107e+00 4.929289e+01 6.000000e+00
      vertex   1.500000e+00 4.913398e+01 6.000000e+00
    endloop
  endfacet
  facet normal -3.826834e-01 9.238795e-01 -1.966697e-09
    outer loop
      vertex   1.500000e+00 4.913398e+01 1.144444e+01
      vertex   1.500000e+00 4.913398e+01 6.000000e+00
      vertex   1.258819e+00 4.903407e+01 1.144444e+01
    endloop
  endfacet
  facet normal -3.826834e-01 9.238795e-01 -1.966694e-09
    outer loop
      vertex   1.258819e+00 4.903407e+01 1.144444e+01
      vertex   1.500000e+00 4.913398e+01 6.000000e+00
      vertex   1.258819e+00 4.903407e+01 6.000000e+00
    endloop
  endfacet
  facet normal -1.305262e-01 9.914449e-01 -2.110524e-09
    outer loop
      vertex   1.258819e+00 4.903407e+01 1.144444e+01
      vertex   1.258819e+00 4.903407e+01 6.000000e+00
      vertex   1.000000e+00 4.900000e+01 6.000000e+00
    endloop
  endfacet
  facet normal -3.826834e-01 9.238795e-01 -1.966693e-09
    outer loop
      vertex   1.258819e+00 4.903407e+01 4.955556e+01
      vertex   1.258819e+00 4.903407e+01 5.500000e+01
      vertex   1.500000e+00 4.913398e+01 4.955556e+01
    endloop
  endfacet
  facet normal -3.826834e-01 9.238795e-01 -1.966693e-09
    outer loop
      vertex   1.500000e+00 4.913398e+01 4.955556e+01
      vertex   1.258819e+00 4.903407e+01 5.500000e+01
      vertex   1.500000e+00 4.913398e+01 5.500000e+01
    endloop
  endfacet
  facet normal -6.087614e-01 7.933533e-01 -1.688837e-09
    outer loop
      vertex   1.500000e+00 4.913398e+01 4.955556e+01
      vertex   1.500000e+00 4.913398e+01 5.500000e+01
      vertex   1.707107e+00 4.929289e+01 4.955556e+01
    endloop
  endfacet
  facet normal -6.087614e-01 7.933533e-01 -1.688840e-09
    outer loop
      vertex   1.707107e+00 4.929289e+01 4.955556e+01
      vertex   1.500000e+00 4.913398e+01 5.500000e+01
      vertex   1.707107e+00 4.929289e+01 5.500000e+01
    endloop
  endfacet
  facet normal -7.933533e-01 6.087614e-01 -1.295892e-09
    outer loop
      vertex   1.707107e+00 4.929289e+01 4.955556e+01
      vertex   1.707107e+00 4.929289e+01 5.500000e+01
      vertex   1.866025e+00 4.950000e+01 4.955556e+01
    endloop
  endfacet
  facet normal -7.933533e-01 6.087614e-01 -1.295891e-09
    outer loop
      vertex   1.866025e+00 4.950000e+01 4.955556e+01
      vertex   1.707107e+00 4.929289e+01 5.500000e+01
      vertex   1.866025e+00 4.950000e+01 5.500000e+01
    endloop
  endfacet
  facet normal -9.238795e-01 3.826834e-01 -8.146316e-10
    outer loop
      vertex   1.866025e+00 4.950000e+01 4.955556e+01
      vertex   1.866025e+00 4.950000e+01 5.500000e+01
      vertex   1.965926e+00 4.974118e+01 4.955556e+01
    endloop
  endfacet
  facet normal -9.238795e-01 3.826834e-01 -8.146317e-10
    outer loop
      vertex   1.965926e+00 4.974118e+01 4.955556e+01
      vertex   1.866025e+00 4.950000e+01 5.500000e+01
      vertex   1.965926e+00 4.974118e+01 5.500000e+01
    endloop
  endfacet
  facet normal -9.914449e-01 1.305262e-01 -2.778563e-10
    outer loop
      vertex   1.965926e+00 4.974118e+01 4.955556e+01
      vertex   1.965926e+00 4.974118e+01 5.500000e+01
      vertex   2.000000e+00 5.000000e+01 5.500000e+01
    endloop
  endfacet
  facet normal -9.914449e-01 1.305262e-01 -2.778558e-10
    outer loop
      vertex   2.000000e+00 5.000000e+01 6.000000e+00
      vertex   1.965926e+00 4.974118e+01 3.322222e+01
      vertex   2.000000e+00 5.000000e+01 5.500000e+01
    endloop
  endfacet
  facet normal -9.914449e-01 1.305262e-01 -2.778557e-10
    outer loop
      vertex   2.000000e+00 5.000000e+01 5.500000e+01
      vertex   1.965926e+00 4.974118e+01 3.322222e+01
      vertex   1.965926e+00 4.974118e+01 3.866667e+01
    endloop
  endfacet
  facet normal -9.914449e-01 1.305262e-01 -2.778556e-10
    outer loop
      vertex   2.000000e+00 5.000000e+01 5.500000e+01
      vertex   1.965926e+00 4.974118e+01 3.866667e+01
      vertex   1.965926e+00 4.974118e+01 4.411111e+01
    endloop
  endfacet
  facet normal -9.238795e-01 3.826834e-01 -8.146321e-10
    outer loop
      vertex   1.965926e+00 4.974118e+01 4.411111e+01
      vertex   1.965926e+00 4.974118e+01 3.866667e+01
      vertex   1.866025e+00 4.950000e+01 4.411111e+01
    endloop
  endfacet
  facet normal -9.238795e-01 3.826834e-01 -8.146326e-10
    outer loop
      vertex   1.965926e+00 4.974118e+01 4.411111e+01
      vertex   1.866025e+00 4.950000e+01 4.411111e+01
      vertex   1.866025e+00 4.950000e+01 4.955556e+01
    endloop
  endfacet
  facet normal -7.933533e-01 6.087614e-01 -1.295894e-09
    outer loop
      vertex   1.866025e+00 4.950000e+01 4.955556e+01
      vertex   1.866025e+00 4.950000e+01 4.411111e+01
      vertex   1.707107e+00 4.929289e+01 4.955556e+01
    endloop
  endfacet
  facet normal -1.305262e-01 9.914449e-01 -2.110524e-09
    outer loop
      vertex   1.000000e+00 4.900000e+01 5.500000e+01
      vertex   1.258819e+00 4.903407e+01 2.777778e+01
      vertex   1.000000e+00 4.900000e+01 6.000000e+00
    endloop
  endfacet
  facet normal -1.305262e-01 9.914449e-01 -2.110522e-09
    outer loop
      vertex   1.000000e+00 4.900000e+01 6.000000e+00
      vertex   1.258819e+00 4.903407e+01 2.777778e+01
      vertex   1.258819e+00 4.903407e+01 2.233333e+01
    endloop
  endfacet
  facet normal -1.305262e-01 9.914449e-01 -2.110524e-09
    outer loop
      vertex   1.000000e+00 4.900000e+01 6.000000e+00
      vertex   1.258819e+00 4.903407e+01 2.233333e+01
      vertex   1.258819e+00 4.903407e+01 1.688889e+01
    endloop
  endfacet
  facet normal -3.826834e-01 9.238795e-01 -1.966696e-09
    outer loop
      vertex   1.258819e+00 4.903407e+01 1.688889e+01
      vertex   1.258819e+00 4.903407e+01 2.233333e+01
      vertex   1.500000e+00 4.913398e+01 1.688889e+01
    endloop
  endfacet
  facet normal -3.826834e-01 9.238795e-01 -1.966694e-09
    outer loop
      vertex   1.258819e+00 4.903407e+01 1.688889e+01
      vertex   1.500000e+00 4.913398e+01 1.688889e+01
      vertex   1.500000e+00 4.913398e+01 1.144444e+01
    endloop
  endfacet
  facet normal -6.087614e-01 7.933533e-01 -1.688839e-09
    outer loop
      vertex   1.500000e+00 4.913398e+01 1.144444e+01
      vertex   1.500000e+00 4.913398e+01 1.688889e+01
      vertex   1.707107e+00 4.929289e+01 1.144444e+01
    endloop
  endfacet
  facet normal -3.826834e-01 9.238795e-01 -1.966697e-09
    outer loop
      vertex   1.258819e+00 4.903407e+01 4.411111e+01
      vertex   1.258819e+00 4.903407e+01 4.955556e+01
      vertex   1.500000e+00 4.913398e+01 4.411111e+01
    endloop
  endfacet
  facet normal -3.826834e-01 9.238795e-01 -1.966696e-09
    outer loop
      vertex   1.500000e+00 4.913398e+01 4.411111e+01
      vertex   1.258819e+00 4.903407e+01 4.955556e+01
      vertex   1.500000e+00 4.913398e+01 4.955556e+01
    endloop
  endfacet
  facet normal -6.087614e-01 7.933533e-01 -1.688840e-09
    outer loop
      vertex   1.500000e+00 4.913398e+01 4.411111e+01
      vertex   1.500000e+00 4.913398e+01 4.955556e+01
      vertex   1.707107e+00 4.929289e+01 4.411111e+01
    endloop
  endfacet
  facet normal -6.087614e-01 7.933533e-01 -1.688840e-09
    outer loop
      vertex   1.707107e+00 4.929289e+01 4.411111e+01
      vertex   1.500000e+00 4.913398e+01 4.955556e+01
      vertex   1.707107e+00 4.929289e+01 4.955556e+01
    endloop
  endfacet
  facet normal -7.933533e-01 6.087614e-01 -1.295892e-09
    outer loop
      vertex   1.707107e+00 4.929289e+01 4.411111e+01
      vertex   1.707107e+00 4.929289e+01 4.955556e+01
      vertex   1.866025e+00 4.950000e+01 4.411111e+01
    endloop
  endfacet
  facet normal -1.305262e-01 9.914449e-01 -2.110526e-09
    outer loop
      vertex   1.258819e+00 4.903407e+01 2.777778e+01
      vertex   1.000000e+00 4.900000e+01 5.500000e+01
      vertex   1.258819e+00 4.903407e+01 3.322222e+01
    endloop
  endfacet
  facet normal -1.305262e-01 9.914449e-01 -2.110523e-09
    outer loop
      vertex   1.258819e+00 4.903407e+01 3.322222e+01
      vertex   1.000000e+00 4.900000e+01 5.500000e+01
      vertex   1.258819e+00 4.903407e+01 3.866667e+01
    endloop
  endfacet
  facet normal -3.826834e-01 9.238795e-01 -1.966695e-09
    outer loop
      vertex   1.258819e+00 4.903407e+01 3.322222e+01
      vertex   1.258819e+00 4.903407e+01 3.866667e+01
      vertex   1.500000e+00 4.913398e+01 3.322222e+01
    endloop
  endfacet
  facet normal -3.826834e-01 9.238795e-01 -1.966697e-09
    outer loop
      vertex   1.258819e+00 4.903407e+01 2.777778e+01
      vertex   1.258819e+00 4.903407e+01 3.322222e+01
      vertex   1.500000e+00 4.913398e+01 2.777778e+01
    endloop
  endfacet
  facet normal -3.826834e-01 9.238795e-01 -1.966696e-09
    outer loop
      vertex   1.500000e+00 4.913398e+01 2.777778e+01
      vertex   1.258819e+00 4.903407e+01 3.322222e+01
      vertex   1.500000e+00 4.913398e+01 3.322222e+01
    endloop
  endfacet
  facet normal -6.087614e-01 7.933533e-01 -1.688840e-09
    outer loop
      vertex   1.500000e+00 4.913398e+01 2.777778e+01
      vertex   1.500000e+00 4.913398e+01 3.322222e+01
      vertex   1.707107e+00 4.929289e+01 2.777778e+01
    endloop
  endfacet
  facet normal -1.305262e-01 9.914449e-01 -2.110524e-09
    outer loop
      vertex   1.258819e+00 4.903407e+01 1.144444e+01
      vertex   1.000000e+00 4.900000e+01 6.000000e+00
      vertex   1.258819e+00 4.903407e+01 1.688889e+01
    endloop
  endfacet
  facet normal -3.826834e-01 9.238795e-01 -1.966693e-09
    outer loop
      vertex   1.258819e+00 4.903407e+01 2.233333e+01
      vertex   1.258819e+00 4.903407e+01 2.777778e+01
      vertex   1.500000e+00 4.913398e+01 2.233333e+01
    endloop
  endfacet
  facet normal -3.826834e-01 9.238795e-01 -1.966694e-09
    outer loop
      vertex   1.500000e+00 4.913398e+01 2.233333e+01
      vertex   1.258819e+00 4.903407e+01 2.777778e+01
      vertex   1.500000e+00 4.913398e+01 2.777778e+01
    endloop
  endfacet
  facet normal -6.087614e-01 7.933533e-01 -1.688839e-09
    outer loop
      vertex   1.500000e+00 4.913398e+01 2.233333e+01
      vertex   1.500000e+00 4.913398e+01 2.777778e+01
      vertex   1.707107e+00 4.929289e+01 2.233333e+01
    endloop
  endfacet
  facet normal -6.087614e-01 7.933533e-01 -1.688839e-09
    outer loop
      vertex   1.707107e+00 4.929289e+01 2.233333e+01
      vertex   1.500000e+00 4.913398e+01 2.777778e+01
      vertex   1.707107e+00 4.929289e+01 2.777778e+01
    endloop
  endfacet
  facet normal -7.933533e-01 6.087614e-01 -1.295891e-09
    outer loop
      vertex   1.707107e+00 4.929289e+01 2.233333e+01
      vertex   1.707107e+00 4.929289e+01 2.777778e+01
      vertex   1.866025e+00 4.950000e+01 2.233333e+01
    endloop
  endfacet
  facet normal -3.826834e-01 9.238795e-01 -1.966696e-09
    outer loop
      vertex   1.500000e+00 4.913398e+01 1.144444e+01
      vertex   1.258819e+00 4.903407e+01 1.144444e+01
      vertex   1.258819e+00 4.903407e+01 1.688889e+01
    endloop
  endfacet
  facet normal -3.826834e-01 9.238795e-01 -1.966696e-09
    outer loop
      vertex   1.258819e+00 4.903407e+01 4.411111e+01
      vertex   1.500000e+00 4.913398e+01 4.411111e+01
      vertex   1.500000e+00 4.913398e+01 3.866667e+01
    endloop
  endfacet
  facet normal -6.087614e-01 7.933533e-01 -1.688840e-09
    outer loop
      vertex   1.500000e+00 4.913398e+01 3.866667e+01
      vertex   1.500000e+00 4.913398e+01 4.411111e+01
      vertex   1.707107e+00 4.929289e+01 3.866667e+01
    endloop
  endfacet
  facet normal -6.087614e-01 7.933533e-01 -1.688840e-09
    outer loop
      vertex   1.500000e+00 4.913398e+01 3.866667e+01
      vertex   1.707107e+00 4.929289e+01 3.866667e+01
      vertex   1.707107e+00 4.929289e+01 3.322222e+01
    endloop
  endfacet
  facet normal -7.933533e-01 6.087614e-01 -1.295892e-09
    outer loop
      vertex   1.707107e+00 4.929289e+01 3.322222e+01
      vertex   1.707107e+00 4.929289e+01 3.866667e+01
      vertex   1.866025e+00 4.950000e+01 3.322222e+01
    endloop
  endfacet
  facet normal -7.933533e-01 6.087614e-01 -1.295892e-09
    outer loop
      vertex   1.707107e+00 4.929289e+01 3.322222e+01
      vertex   1.866025e+00 4.950000e+01 3.322222e+01
      vertex   1.866025e+00 4.950000e+01 2.777778e+01
    endloop
  endfacet
  facet normal -9.238795e-01 3.826834e-01 -8.146317e-10
    outer loop
      vertex   1.866025e+00 4.950000e+01 2.777778e+01
      vertex   1.866025e+00 4.950000e+01 3.322222e+01
      vertex   1.965926e+00 4.974118e+01 2.777778e+01
    endloop
  endfacet
  facet normal -9.238795e-01 3.826834e-01 -8.146316e-10
    outer loop
      vertex   1.866025e+00 4.950000e+01 2.777778e+01
      vertex   1.965926e+00 4.974118e+01 2.777778e+01
      vertex   1.965926e+00 4.974118e+01 2.233333e+01
    endloop
  endfacet
  facet normal -9.914449e-01 1.305262e-01 -2.778554e-10
    outer loop
      vertex   1.965926e+00 4.974118e+01 2.233333e+01
      vertex   1.965926e+00 4.974118e+01 2.777778e+01
      vertex   2.000000e+00 5.000000e+01 6.000000e+00
    endloop
  endfacet
  facet normal -6.087614e-01 7.933533e-01 -1.688839e-09
    outer loop
      vertex   1.707107e+00 4.929289e+01 3.866667e+01
      vertex   1.500000e+00 4.913398e+01 4.411111e+01
      vertex   1.707107e+00 4.929289e+01 4.411111e+01
    endloop
  endfacet
  facet normal -3.826834e-01 9.238795e-01 -1.966696e-09
    outer loop
      vertex   1.258819e+00 4.903407e+01 2.233333e+01
      vertex   1.500000e+00 4.913398e+01 2.233333e+01
      vertex   1.500000e+00 4.913398e+01 1.688889e+01
    endloop
  endfacet
  facet normal -6.087614e-01 7.933533e-01 -1.688840e-09
    outer loop
      vertex   1.500000e+00 4.913398e+01 1.688889e+01
      vertex   1.500000e+00 4.913398e+01 2.233333e+01
      vertex   1.707107e+00 4.929289e+01 1.688889e+01
    endloop
  endfacet
  facet normal -6.087614e-01 7.933533e-01 -1.688839e-09
    outer loop
      vertex   1.500000e+00 4.913398e+01 1.688889e+01
      vertex   1.707107e+00 4.929289e+01 1.688889e+01
      vertex   1.707107e+00 4.929289e+01 1.144444e+01
    endloop
  endfacet
  facet normal -7.933533e-01 6.087614e-01 -1.295891e-09
    outer loop
      vertex   1.707107e+00 4.929289e+01 1.144444e+01
      vertex   1.707107e+00 4.929289e+01 1.688889e+01
      vertex   1.866025e+00 4.950000e+01 1.144444e+01
    endloop
  endfacet
  facet normal -6.087614e-01 7.933533e-01 -1.688841e-09
    outer loop
      vertex   1.707107e+00 4.929289e+01 1.688889e+01
      vertex   1.500000e+00 4.913398e+01 2.233333e+01
      vertex   1.707107e+00 4.929289e+01 2.233333e+01
    endloop
  endfacet
  facet normal -7.933533e-01 6.087614e-01 -1.295891e-09
    outer loop
      vertex   1.707107e+00 4.929289e+01 3.866667e+01
      vertex   1.707107e+00 4.929289e+01 4.411111e+01
      vertex   1.866025e+00 4.950000e+01 3.866667e+01
    endloop
  endfacet
  facet normal -7.933533e-01 6.087614e-01 -1.295891e-09
    outer loop
      vertex   1.866025e+00 4.950000e+01 3.866667e+01
      vertex   1.707107e+00 4.929289e+01 4.411111e+01
      vertex   1.866025e+00 4.950000e+01 4.411111e+01
    endloop
  endfacet
  facet normal -9.238795e-01 3.826834e-01 -8.146312e-10
    outer loop
      vertex   1.866025e+00 4.950000e+01 3.866667e+01
      vertex   1.866025e+00 4.950000e+01 4.411111e+01
      vertex   1.965926e+00 4.974118e+01 3.866667e+01
    endloop
  endfacet
  facet normal -7.933533e-01 6.087614e-01 -1.295893e-09
    outer loop
      vertex   1.707107e+00 4.929289e+01 1.688889e+01
      vertex   1.707107e+00 4.929289e+01 2.233333e+01
      vertex   1.866025e+00 4.950000e+01 1.688889e+01
    endloop
  endfacet
  facet normal -7.933533e-01 6.087614e-01 -1.295893e-09
    outer loop
      vertex   1.866025e+00 4.950000e+01 1.688889e+01
      vertex   1.707107e+00 4.929289e+01 2.233333e+01
      vertex   1.866025e+00 4.950000e+01 2.233333e+01
    endloop
  endfacet
  facet normal -9.238795e-01 3.826834e-01 -8.146322e-10
    outer loop
      vertex   1.866025e+00 4.950000e+01 1.688889e+01
      vertex   1.866025e+00 4.950000e+01 2.233333e+01
      vertex   1.965926e+00 4.974118e+01 1.688889e+01
    endloop
  endfacet
  facet normal -9.238795e-01 3.826834e-01 -8.146316e-10
    outer loop
      vertex   1.965926e+00 4.974118e+01 4.411111e+01
      vertex   1.866025e+00 4.950000e+01 4.955556e+01
      vertex   1.965926e+00 4.974118e+01 4.955556e+01
    endloop
  endfacet
  facet normal -7.933533e-01 6.087614e-01 -1.295892e-09
    outer loop
      vertex   1.707107e+00 4.929289e+01 3.866667e+01
      vertex   1.866025e+00 4.950000e+01 3.866667e+01
      vertex   1.866025e+00 4.950000e+01 3.322222e+01
    endloop
  endfacet
  facet normal -9.238795e-01 3.826834e-01 -8.146316e-10
    outer loop
      vertex   1.866025e+00 4.950000e+01 3.322222e+01
      vertex   1.866025e+00 4.950000e+01 3.866667e+01
      vertex   1.965926e+00 4.974118e+01 3.322222e+01
    endloop
  endfacet
  facet normal -9.238795e-01 3.826834e-01 -8.146316e-10
    outer loop
      vertex   1.866025e+00 4.950000e+01 3.322222e+01
      vertex   1.965926e+00 4.974118e+01 3.322222e+01
      vertex   1.965926e+00 4.974118e+01 2.777778e+01
    endloop
  endfacet
  facet normal -9.914449e-01 1.305262e-01 -2.778555e-10
    outer loop
      vertex   1.965926e+00 4.974118e+01 2.777778e+01
      vertex   1.965926e+00 4.974118e+01 3.322222e+01
      vertex   2.000000e+00 5.000000e+01 6.000000e+00
    endloop
  endfacet
  facet normal -9.238795e-01 3.826834e-01 -8.146321e-10
    outer loop
      vertex   1.965926e+00 4.974118e+01 3.322222e+01
      vertex   1.866025e+00 4.950000e+01 3.866667e+01
      vertex   1.965926e+00 4.974118e+01 3.866667e+01
    endloop
  endfacet
  facet normal -9.238795e-01 3.826834e-01 -8.146311e-10
    outer loop
      vertex   1.965926e+00 4.974118e+01 1.144444e+01
      vertex   1.866025e+00 4.950000e+01 1.144444e+01
      vertex   1.866025e+00 4.950000e+01 1.688889e+01
    endloop
  endfacet
  facet normal -7.933533e-01 6.087614e-01 -1.295891e-09
    outer loop
      vertex   1.866025e+00 4.950000e+01 1.688889e+01
      vertex   1.866025e+00 4.950000e+01 1.144444e+01
      vertex   1.707107e+00 4.929289e+01 1.688889e+01
    endloop
  endfacet
  facet normal -9.238795e-01 3.826834e-01 -8.146316e-10
    outer loop
      vertex   1.965926e+00 4.974118e+01 1.144444e+01
      vertex   1.866025e+00 4.950000e+01 1.688889e+01
      vertex   1.965926e+00 4.974118e+01 1.688889e+01
    endloop
  endfacet
  facet normal -9.914449e-01 1.305262e-01 -2.778554e-10
    outer loop
      vertex   2.000000e+00 5.000000e+01 5.500000e+01
      vertex   1.965926e+00 4.974118e+01 4.411111e+01
      vertex   1.965926e+00 4.974118e+01 4.955556e+01
    endloop
  endfacet
  facet normal 0.000000e+00 -9.914449e-01 1.305262e-01
    outer loop
      vertex   4.000000e+00 4.603407e+01 5.525882e+01
      vertex   -1.428571e+00 4.603407e+01 5.525882e+01
      vertex   4.000000e+00 4.600000e+01 5.500000e+01
    endloop
  endfacet
  facet normal 0.000000e+00 -9.914449e-01 1.305262e-01
    outer loop
      vertex   4.000000e+00 4.600000e+01 5.500000e+01
      vertex   -1.428571e+00 4.603407e+01 5.525882e+01
      vertex   -6.857143e+00 4.603407e+01 5.525882e+01
    endloop
  endfacet
  facet normal 0.000000e+00 -9.914449e-01 1.305262e-01
    outer loop
      vertex   4.000000e+00 4.600000e+01 5.500000e+01
      vertex   -6.857143e+00 4.603407e+01 5.525882e+01
      vertex   -1.228571e+01 4.603407e+01 5.525882e+01
    endloop
  endfacet
  facet normal 0.000000e+00 -9.238795e-01 3.826834e-01
    outer loop
      vertex   -1.228571e+01 4.603407e+01 5.525882e+01
      vertex   -6.857143e+00 4.603407e+01 5.525882e+01
      vertex   -1.228571e+01 4.613398e+01 5.550000e+01
    endloop
  endfacet
  facet normal 0.000000e+00 -9.238795e-01 3.826834e-01
    outer loop
      vertex   -1.228571e+01 4.603407e+01 5.525882e+01
      vertex   -1.228571e+01 4.613398e+01 5.550000e+01
      vertex   -1.771429e+01 4.613398e+01 5.550000e+01
    endloop
  endfacet
  facet normal 0.000000e+00 -7.933533e-01 6.087614e-01
    outer loop
      vertex   -1.771429e+01 4.613398e+01 5.550000e+01
      vertex   -1.228571e+01 4.613398e+01 5.550000e+01
      vertex   -1.771429e+01 4.629289e+01 5.570711e+01
    endloop
  endfacet
  facet normal 0.000000e+00 -7.933533e-01 6.087614e-01
    outer loop
      vertex   -1.771429e+01 4.613398e+01 5.550000e+01
      vertex   -1.771429e+01 4.629289e+01 5.570711e+01
      vertex   -2.314286e+01 4.629289e+01 5.570711e+01
    endloop
  endfacet
  facet normal 0.000000e+00 -6.087614e-01 7.933533e-01
    outer loop
      vertex   -2.314286e+01 4.629289e+01 5.570711e+01
      vertex   -1.771429e+01 4.629289e+01 5.570711e+01
      vertex   -2.314286e+01 4.650000e+01 5.586603e+01
    endloop
  endfacet
  facet normal 0.000000e+00 -6.087614e-01 7.933533e-01
    outer loop
      vertex   -2.314286e+01 4.629289e+01 5.570711e+01
      vertex   -2.314286e+01 4.650000e+01 5.586603e+01
      vertex   -2.857143e+01 4.650000e+01 5.586603e+01
    endloop
  endfacet
  facet normal 0.000000e+00 -3.826834e-01 9.238795e-01
    outer loop
      vertex   -2.857143e+01 4.650000e+01 5.586603e+01
      vertex   -2.314286e+01 4.650000e+01 5.586603e+01
      vertex   -2.857143e+01 4.674118e+01 5.596593e+01
    endloop
  endfacet
  facet normal -2.418822e-15 -3.826834e-01 9.238795e-01
    outer loop
      vertex   -2.857143e+01 4.650000e+01 5.586603e+01
      vertex   -2.857143e+01 4.674118e+01 5.596593e+01
      vertex   -3.400000e+01 4.674118e+01 5.596593e+01
    endloop
  endfacet
  facet normal -2.595393e-15 -1.305262e-01 9.914449e-01
    outer loop
      vertex   -3.400000e+01 4.674118e+01 5.596593e+01
      vertex   -2.857143e+01 4.674118e+01 5.596593e+01
      vertex   -3.400000e+01 4.700000e+01 5.600000e+01
    endloop
  endfacet
  facet normal 0.000000e+00 -1.305262e-01 9.914449e-01
    outer loop
      vertex   -3.400000e+01 4.700000e+01 5.600000e+01
      vertex   -2.857143e+01 4.674118e+01 5.596593e+01
      vertex   -2.314286e+01 4.674118e+01 5.596593e+01
    endloop
  endfacet
  facet normal 0.000000e+00 -1.305262e-01 9.914449e-01
    outer loop
      vertex   -3.400000e+01 4.700000e+01 5.600000e+01
      vertex   -2.314286e+01 4.674118e+01 5.596593e+01
      vertex   -1.771429e+01 4.674118e+01 5.596593e+01
    endloop
  endfacet
  facet normal 0.000000e+00 -3.826834e-01 9.238795e-01
    outer loop
      vertex   -1.771429e+01 4.674118e+01 5.596593e+01
      vertex   -2.314286e+01 4.674118e+01 5.596593e+01
      vertex   -1.771429e+01 4.650000e+01 5.586603e+01
    endloop
  endfacet
  facet normal 0.000000e+00 -3.826834e-01 9.238795e-01
    outer loop
      vertex   -1.771429e+01 4.674118e+01 5.596593e+01
      vertex   -1.771429e+01 4.650000e+01 5.586603e+01
      vertex   -1.228571e+01 4.650000e+01 5.586603e+01
    endloop
  endfacet
  facet normal 0.000000e+00 -6.087614e-01 7.933533e-01
    outer loop
      vertex   -1.228571e+01 4.650000e+01 5.586603e+01
      vertex   -1.771429e+01 4.650000e+01 5.586603e+01
      vertex   -1.228571e+01 4.629289e+01 5.570711e+01
    endloop
  endfacet
  facet normal 0.000000e+00 -6.087614e-01 7.933533e-01
    outer loop
      vertex   -1.228571e+01 4.650000e+01 5.586603e+01
      vertex   -1.228571e+01 4.629289e+01 5.570711e+01
      vertex   -6.857143e+00 4.629289e+01 5.570711e+01
    endloop
  endfacet
  facet normal 0.000000e+00 -7.933533e-01 6.087614e-01
    outer loop
      vertex   -6.857143e+00 4.629289e+01 5.570711e+01
      vertex   -1.228571e+01 4.629289e+01 5.570711e+01
      vertex   -6.857143e+00 4.613398e+01 5.550000e+01
    endloop
  endfacet
  facet normal 0.000000e+00 -7.933533e-01 6.087614e-01
    outer loop
      vertex   -6.857143e+00 4.629289e+01 5.570711e+01
      vertex   -6.857143e+00 4.613398e+01 5.550000e+01
      vertex   -1.428571e+00 4.613398e+01 5.550000e+01
    endloop
  endfacet
  facet normal 0.000000e+00 -9.238795e-01 3.826834e-01
    outer loop
      vertex   -1.428571e+00 4.613398e+01 5.550000e+01
      vertex   -6.857143e+00 4.613398e+01 5.550000e+01
      vertex   -1.428571e+00 4.603407e+01 5.525882e+01
    endloop
  endfacet
  facet normal 0.000000e+00 -9.238795e-01 3.826834e-01
    outer loop
      vertex   -1.428571e+00 4.613398e+01 5.550000e+01
      vertex   -1.428571e+00 4.603407e+01 5.525882e+01
      vertex   4.000000e+00 4.603407e+01 5.525882e+01
    endloop
  endfacet
  facet normal 0.000000e+00 -9.238795e-01 3.826834e-01
    outer loop
      vertex   4.000000e+00 4.603407e+01 5.525882e+01
      vertex   4.000000e+00 4.613398e+01 5.550000e+01
      vertex   -1.428571e+00 4.613398e+01 5.550000e+01
    endloop
  endfacet
  facet normal 0.000000e+00 -7.933533e-01 6.087614e-01
    outer loop
      vertex   -1.428571e+00 4.613398e+01 5.550000e+01
      vertex   4.000000e+00 4.613398e+01 5.550000e+01
      vertex   -1.428571e+00 4.629289e+01 5.570711e+01
    endloop
  endfacet
  facet normal 0.000000e+00 -7.933533e-01 6.087614e-01
    outer loop
      vertex   -1.428571e+00 4.613398e+01 5.550000e+01
      vertex   -1.428571e+00 4.629289e+01 5.570711e+01
      vertex   -6.857143e+00 4.629289e+01 5.570711e+01
    endloop
  endfacet
  facet normal 0.000000e+00 -6.087614e-01 7.933533e-01
    outer loop
      vertex   -6.857143e+00 4.629289e+01 5.570711e+01
      vertex   -1.428571e+00 4.629289e+01 5.570711e+01
      vertex   -6.857143e+00 4.650000e+01 5.586603e+01
    endloop
  endfacet
  facet normal -1.591331e-15 -6.087614e-01 7.933533e-01
    outer loop
      vertex   -6.857143e+00 4.629289e+01 5.570711e+01
      vertex   -6.857143e+00 4.650000e+01 5.586603e+01
      vertex   -1.228571e+01 4.650000e+01 5.586603e+01
    endloop
  endfacet
  facet normal -1.001784e-15 -3.826834e-01 9.238795e-01
    outer loop
      vertex   -1.228571e+01 4.650000e+01 5.586603e+01
      vertex   -6.857143e+00 4.650000e+01 5.586603e+01
      vertex   -1.228571e+01 4.674118e+01 5.596593e+01
    endloop
  endfacet
  facet normal -4.994330e-16 -3.826834e-01 9.238795e-01
    outer loop
      vertex   -1.228571e+01 4.650000e+01 5.586603e+01
      vertex   -1.228571e+01 4.674118e+01 5.596593e+01
      vertex   -1.771429e+01 4.674118e+01 5.596593e+01
    endloop
  endfacet
  facet normal -1.708450e-16 -1.305262e-01 9.914449e-01
    outer loop
      vertex   -1.771429e+01 4.674118e+01 5.596593e+01
      vertex   -1.228571e+01 4.674118e+01 5.596593e+01
      vertex   -3.400000e+01 4.700000e+01 5.600000e+01
    endloop
  endfacet
  facet normal -1.836151e-15 -7.933533e-01 6.087614e-01
    outer loop
      vertex   4.000000e+00 4.613398e+01 5.550000e+01
      vertex   4.000000e+00 4.629289e+01 5.570711e+01
      vertex   -1.428571e+00 4.629289e+01 5.570711e+01
    endloop
  endfacet
  facet normal -1.835220e-15 -6.087614e-01 7.933533e-01
    outer loop
      vertex   -1.428571e+00 4.629289e+01 5.570711e+01
      vertex   4.000000e+00 4.629289e+01 5.570711e+01
      vertex   -1.428571e+00 4.650000e+01 5.586603e+01
    endloop
  endfacet
  facet normal 0.000000e+00 -6.087614e-01 7.933533e-01
    outer loop
      vertex   -1.428571e+00 4.629289e+01 5.570711e+01
      vertex   -1.428571e+00 4.650000e+01 5.586603e+01
      vertex   -6.857143e+00 4.650000e+01 5.586603e+01
    endloop
  endfacet
  facet normal 0.000000e+00 -3.826834e-01 9.238795e-01
    outer loop
      vertex   -6.857143e+00 4.650000e+01 5.586603e+01
      vertex   -1.428571e+00 4.650000e+01 5.586603e+01
      vertex   -6.857143e+00 4.674118e+01 5.596593e+01
    endloop
  endfacet
  facet normal 0.000000e+00 -3.826834e-01 9.238795e-01
    outer loop
      vertex   -6.857143e+00 4.650000e+01 5.586603e+01
      vertex   -6.857143e+00 4.674118e+01 5.596593e+01
      vertex   -1.228571e+01 4.674118e+01 5.596593e+01
    endloop
  endfacet
  facet normal 0.000000e+00 -1.305262e-01 9.914449e-01
    outer loop
      vertex   -1.228571e+01 4.674118e+01 5.596593e+01
      vertex   -6.857143e+00 4.674118e+01 5.596593e+01
      vertex   4.000000e+00 4.700000e+01 5.600000e+01
    endloop
  endfacet
  facet normal 0.000000e+00 -1.305262e-01 9.914449e-01
    outer loop
      vertex   -1.228571e+01 4.674118e+01 5.596593e+01
      vertex   4.000000e+00 4.700000e+01 5.600000e+01
      vertex   -3.400000e+01 4.700000e+01 5.600000e+01
    endloop
  endfacet
  facet normal -1.038037e-15 -6.087614e-01 7.933533e-01
    outer loop
      vertex   4.000000e+00 4.629289e+01 5.570711e+01
      vertex   4.000000e+00 4.650000e+01 5.586603e+01
      vertex   -1.428571e+00 4.650000e+01 5.586603e+01
    endloop
  endfacet
  facet normal -1.209261e-15 -3.826834e-01 9.238795e-01
    outer loop
      vertex   -1.428571e+00 4.650000e+01 5.586603e+01
      vertex   4.000000e+00 4.650000e+01 5.586603e+01
      vertex   -1.428571e+00 4.674118e+01 5.596593e+01
    endloop
  endfacet
  facet normal 0.000000e+00 -3.826834e-01 9.238795e-01
    outer loop
      vertex   -1.428571e+00 4.650000e+01 5.586603e+01
      vertex   -1.428571e+00 4.674118e+01 5.596593e+01
      vertex   -6.857143e+00 4.674118e+01 5.596593e+01
    endloop
  endfacet
  facet normal 0.000000e+00 -1.305262e-01 9.914449e-01
    outer loop
      vertex   -6.857143e+00 4.674118e+01 5.596593e+01
      vertex   -1.428571e+00 4.674118e+01 5.596593e+01
      vertex   4.000000e+00 4.700000e+01 5.600000e+01
    endloop
  endfacet
  facet normal 0.000000e+00 -3.826834e-01 9.238795e-01
    outer loop
      vertex   4.000000e+00 4.650000e+01 5.586603e+01
      vertex   4.000000e+00 4.674118e+01 5.596593e+01
      vertex   -1.428571e+00 4.674118e+01 5.596593e+01
    endloop
  endfacet
  facet normal 0.000000e+00 -1.305262e-01 9.914449e-01
    outer loop
      vertex   -1.428571e+00 4.674118e+01 5.596593e+01
      vertex   4.000000e+00 4.674118e+01 5.596593e+01
      vertex   4.000000e+00 4.700000e+01 5.600000e+01
    endloop
  endfacet
  facet normal 0.000000e+00 -3.826834e-01 9.238795e-01
    outer loop
      vertex   -3.400000e+01 4.674118e+01 5.596593e+01
      vertex   -3.400000e+01 4.650000e+01 5.586603e+01
      vertex   -2.857143e+01 4.650000e+01 5.586603e+01
    endloop
  endfacet
  facet normal 0.000000e+00 -6.087614e-01 7.933533e-01
    outer loop
      vertex   -2.857143e+01 4.650000e+01 5.586603e+01
      vertex   -3.400000e+01 4.650000e+01 5.586603e+01
      vertex   -2.857143e+01 4.629289e+01 5.570711e+01
    endloop
  endfacet
  facet normal 0.000000e+00 -6.087614e-01 7.933533e-01
    outer loop
      vertex   -2.857143e+01 4.650000e+01 5.586603e+01
      vertex   -2.857143e+01 4.629289e+01 5.570711e+01
      vertex   -2.314286e+01 4.629289e+01 5.570711e+01
    endloop
  endfacet
  facet normal 0.000000e+00 -7.933533e-01 6.087614e-01
    outer loop
      vertex   -2.314286e+01 4.629289e+01 5.570711e+01
      vertex   -2.857143e+01 4.629289e+01 5.570711e+01
      vertex   -2.314286e+01 4.613398e+01 5.550000e+01
    endloop
  endfacet
  facet normal 0.000000e+00 -7.933533e-01 6.087614e-01
    outer loop
      vertex   -2.314286e+01 4.629289e+01 5.570711e+01
      vertex   -2.314286e+01 4.613398e+01 5.550000e+01
      vertex   -1.771429e+01 4.613398e+01 5.550000e+01
    endloop
  endfacet
  facet normal 0.000000e+00 -9.238795e-01 3.826834e-01
    outer loop
      vertex   -1.771429e+01 4.613398e+01 5.550000e+01
      vertex   -2.314286e+01 4.613398e+01 5.550000e+01
      vertex   -1.771429e+01 4.603407e+01 5.525882e+01
    endloop
  endfacet
  facet normal -4.994330e-16 -9.238795e-01 3.826834e-01
    outer loop
      vertex   -1.771429e+01 4.613398e+01 5.550000e+01
      vertex   -1.771429e+01 4.603407e+01 5.525882e+01
      vertex   -1.228571e+01 4.603407e+01 5.525882e+01
    endloop
  endfacet
  facet normal -1.708450e-16 -9.914449e-01 1.305262e-01
    outer loop
      vertex   -1.228571e+01 4.603407e+01 5.525882e+01
      vertex   -1.771429e+01 4.603407e+01 5.525882e+01
      vertex   4.000000e+00 4.600000e+01 5.500000e+01
    endloop
  endfacet
  facet normal 0.000000e+00 -6.087614e-01 7.933533e-01
    outer loop
      vertex   -3.400000e+01 4.650000e+01 5.586603e+01
      vertex   -3.400000e+01 4.629289e+01 5.570711e+01
      vertex   -2.857143e+01 4.629289e+01 5.570711e+01
    endloop
  endfacet
  facet normal 0.000000e+00 -7.933533e-01 6.087614e-01
    outer loop
      vertex   -2.857143e+01 4.629289e+01 5.570711e+01
      vertex   -3.400000e+01 4.629289e+01 5.570711e+01
      vertex   -2.857143e+01 4.613398e+01 5.550000e+01
    endloop
  endfacet
  facet normal 0.000000e+00 -7.933533e-01 6.087614e-01
    outer loop
      vertex   -2.857143e+01 4.629289e+01 5.570711e+01
      vertex   -2.857143e+01 4.613398e+01 5.550000e+01
      vertex   -2.314286e+01 4.613398e+01 5.550000e+01
    endloop
  endfacet
  facet normal 0.000000e+00 -9.238795e-01 3.826834e-01
    outer loop
      vertex   -2.314286e+01 4.613398e+01 5.550000e+01
      vertex   -2.857143e+01 4.613398e+01 5.550000e+01
      vertex   -2.314286e+01 4.603407e+01 5.525882e+01
    endloop
  endfacet
  facet normal 0.000000e+00 -9.238795e-01 3.826834e-01
    outer loop
      vertex   -2.314286e+01 4.613398e+01 5.550000e+01
      vertex   -2.314286e+01 4.603407e+01 5.525882e+01
      vertex   -1.771429e+01 4.603407e+01 5.525882e+01
    endloop
  endfacet
  facet normal 0.000000e+00 -9.914449e-01 1.305262e-01
    outer loop
      vertex   -1.771429e+01 4.603407e+01 5.525882e+01
      vertex   -2.314286e+01 4.603407e+01 5.525882e+01
      vertex   -3.400000e+01 4.600000e+01 5.500000e+01
    endloop
  endfacet
  facet normal 0.000000e+00 -9.914449e-01 1.305262e-01
    outer loop
      vertex   -1.771429e+01 4.603407e+01 5.525882e+01
      vertex   -3.400000e+01 4.600000e+01 5.500000e+01
      vertex   4.000000e+00 4.600000e+01 5.500000e+01
    endloop
  endfacet
  facet normal -2.076074e-15 -7.933533e-01 6.087614e-01
    outer loop
      vertex   -3.400000e+01 4.629289e+01 5.570711e+01
      vertex   -3.400000e+01 4.613398e+01 5.550000e+01
      vertex   -2.857143e+01 4.613398e+01 5.550000e+01
    endloop
  endfacet
  facet normal -2.418522e-15 -9.238795e-01 3.826834e-01
    outer loop
      vertex   -2.857143e+01 4.613398e+01 5.550000e+01
      vertex   -3.400000e+01 4.613398e+01 5.550000e+01
      vertex   -2.857143e+01 4.603407e+01 5.525882e+01
    endloop
  endfacet
  facet normal 0.000000e+00 -9.238795e-01 3.826834e-01
    outer loop
      vertex   -2.857143e+01 4.613398e+01 5.550000e+01
      vertex   -2.857143e+01 4.603407e+01 5.525882e+01
      vertex   -2.314286e+01 4.603407e+01 5.525882e+01
    endloop
  endfacet
  facet normal 0.000000e+00 -9.914449e-01 1.305262e-01
    outer loop
      vertex   -2.314286e+01 4.603407e+01 5.525882e+01
      vertex   -2.857143e+01 4.603407e+01 5.525882e+01
      vertex   -3.400000e+01 4.600000e+01 5.500000e+01
    endloop
  endfacet
  facet normal -1.209411e-15 -9.238795e-01 3.826834e-01
    outer loop
      vertex   -3.400000e+01 4.613398e+01 5.550000e+01
      vertex   -3.400000e+01 4.603407e+01 5.525882e+01
      vertex   -2.857143e+01 4.603407e+01 5.525882e+01
    endloop
  endfacet
  facet normal -1.297697e-15 -9.914449e-01 1.305262e-01
    outer loop
      vertex   -2.857143e+01 4.603407e+01 5.525882e+01
      vertex   -3.400000e+01 4.603407e+01 5.525882e+01
      vertex   -3.400000e+01 4.600000e+01 5.500000e+01
    endloop
  endfacet
  facet normal 0.000000e+00 -9.238795e-01 3.826834e-01
    outer loop
      vertex   -1.228571e+01 4.613398e+01 5.550000e+01
      vertex   -6.857143e+00 4.603407e+01 5.525882e+01
      vertex   -6.857143e+00 4.613398e+01 5.550000e+01
    endloop
  endfacet
  facet normal 0.000000e+00 -9.238795e-01 3.826834e-01
    outer loop
      vertex   -6.857143e+00 4.613398e+01 5.550000e+01
      vertex   -6.857143e+00 4.603407e+01 5.525882e+01
      vertex   -1.428571e+00 4.603407e+01 5.525882e+01
    endloop
  endfacet
  facet normal 0.000000e+00 -7.933533e-01 6.087614e-01
    outer loop
      vertex   -1.771429e+01 4.629289e+01 5.570711e+01
      vertex   -1.228571e+01 4.613398e+01 5.550000e+01
      vertex   -1.228571e+01 4.629289e+01 5.570711e+01
    endloop
  endfacet
  facet normal 0.000000e+00 -7.933533e-01 6.087614e-01
    outer loop
      vertex   -1.228571e+01 4.629289e+01 5.570711e+01
      vertex   -1.228571e+01 4.613398e+01 5.550000e+01
      vertex   -6.857143e+00 4.613398e+01 5.550000e+01
    endloop
  endfacet
  facet normal 0.000000e+00 -6.087614e-01 7.933533e-01
    outer loop
      vertex   -2.314286e+01 4.650000e+01 5.586603e+01
      vertex   -1.771429e+01 4.629289e+01 5.570711e+01
      vertex   -1.771429e+01 4.650000e+01 5.586603e+01
    endloop
  endfacet
  facet normal 0.000000e+00 -6.087614e-01 7.933533e-01
    outer loop
      vertex   -1.771429e+01 4.650000e+01 5.586603e+01
      vertex   -1.771429e+01 4.629289e+01 5.570711e+01
      vertex   -1.228571e+01 4.629289e+01 5.570711e+01
    endloop
  endfacet
  facet normal 0.000000e+00 -3.826834e-01 9.238795e-01
    outer loop
      vertex   -2.857143e+01 4.674118e+01 5.596593e+01
      vertex   -2.314286e+01 4.650000e+01 5.586603e+01
      vertex   -2.314286e+01 4.674118e+01 5.596593e+01
    endloop
  endfacet
  facet normal 0.000000e+00 -3.826834e-01 9.238795e-01
    outer loop
      vertex   -2.314286e+01 4.674118e+01 5.596593e+01
      vertex   -2.314286e+01 4.650000e+01 5.586603e+01
      vertex   -1.771429e+01 4.650000e+01 5.586603e+01
    endloop
  endfacet
  facet normal -9.933493e-02 -2.035787e-03 9.950520e-01
    outer loop
      vertex   -3.419509e+01 6.051260e+01 5.598079e+01
      vertex   -3.425882e+01 5.635920e+01 5.596593e+01
      vertex   -3.400000e+01 6.038506e+01 5.600000e+01
    endloop
  endfacet
  facet normal -1.305262e-01 0.000000e+00 9.914449e-01
    outer loop
      vertex   -3.400000e+01 6.038506e+01 5.600000e+01
      vertex   -3.425882e+01 5.635920e+01 5.596593e+01
      vertex   -3.425882e+01 5.167960e+01 5.596593e+01
    endloop
  endfacet
  facet normal -1.305262e-01 -2.533198e-14 9.914449e-01
    outer loop
      vertex   -3.400000e+01 6.038506e+01 5.600000e+01
      vertex   -3.425882e+01 5.167960e+01 5.596593e+01
      vertex   -3.400000e+01 4.700000e+01 5.600000e+01
    endloop
  endfacet
  facet normal -1.305262e-01 0.000000e+00 9.914449e-01
    outer loop
      vertex   -3.400000e+01 4.700000e+01 5.600000e+01
      vertex   -3.425882e+01 5.167960e+01 5.596593e+01
      vertex   -3.425882e+01 4.700000e+01 5.596593e+01
    endloop
  endfacet
  facet normal -3.826834e-01 0.000000e+00 9.238795e-01
    outer loop
      vertex   -3.425882e+01 4.700000e+01 5.596593e+01
      vertex   -3.425882e+01 5.167960e+01 5.596593e+01
      vertex   -3.450000e+01 4.700000e+01 5.586603e+01
    endloop
  endfacet
  facet normal -3.826834e-01 5.810604e-16 9.238795e-01
    outer loop
      vertex   -3.450000e+01 4.700000e+01 5.586603e+01
      vertex   -3.425882e+01 5.167960e+01 5.596593e+01
      vertex   -3.450000e+01 5.167960e+01 5.586603e+01
    endloop
  endfacet
  facet normal -6.087614e-01 9.243336e-16 7.933533e-01
    outer loop
      vertex   -3.450000e+01 4.700000e+01 5.586603e+01
      vertex   -3.450000e+01 5.167960e+01 5.586603e+01
      vertex   -3.470711e+01 4.700000e+01 5.570711e+01
    endloop
  endfacet
  facet normal -6.087614e-01 0.000000e+00 7.933533e-01
    outer loop
      vertex   -3.470711e+01 4.700000e+01 5.570711e+01
      vertex   -3.450000e+01 5.167960e+01 5.586603e+01
      vertex   -3.470711e+01 5.167960e+01 5.570711e+01
    endloop
  endfacet
  facet normal -7.933533e-01 0.000000e+00 6.087614e-01
    outer loop
      vertex   -3.470711e+01 4.700000e+01 5.570711e+01
      vertex   -3.470711e+01 5.167960e+01 5.570711e+01
      vertex   -3.486603e+01 4.700000e+01 5.550000e+01
    endloop
  endfacet
  facet normal -7.933533e-01 0.000000e+00 6.087614e-01
    outer loop
      vertex   -3.486603e+01 4.700000e+01 5.550000e+01
      vertex   -3.470711e+01 5.167960e+01 5.570711e+01
      vertex   -3.486603e+01 5.167960e+01 5.550000e+01
    endloop
  endfacet
  facet normal -9.238795e-01 0.000000e+00 3.826834e-01
    outer loop
      vertex   -3.486603e+01 4.700000e+01 5.550000e+01
      vertex   -3.486603e+01 5.167960e+01 5.550000e+01
      vertex   -3.496593e+01 4.700000e+01 5.525882e+01
    endloop
  endfacet
  facet normal -9.238795e-01 1.402804e-15 3.826834e-01
    outer loop
      vertex   -3.496593e+01 4.700000e+01 5.525882e+01
      vertex   -3.486603e+01 5.167960e+01 5.550000e+01
      vertex   -3.496593e+01 5.167960e+01 5.525882e+01
    endloop
  endfacet
  facet normal -9.914449e-01 1.505394e-15 1.305262e-01
    outer loop
      vertex   -3.496593e+01 4.700000e+01 5.525882e+01
      vertex   -3.496593e+01 5.167960e+01 5.525882e+01
      vertex   -3.500000e+01 4.700000e+01 5.500000e+01
    endloop
  endfacet
  facet normal -9.914449e-01 0.000000e+00 1.305262e-01
    outer loop
      vertex   -3.500000e+01 4.700000e+01 5.500000e+01
      vertex   -3.496593e+01 5.167960e+01 5.525882e+01
      vertex   -3.496593e+01 5.635920e+01 5.525882e+01
    endloop
  endfacet
  facet normal -9.866257e-01 -9.155629e-04 1.629996e-01
    outer loop
      vertex   -3.500000e+01 4.700000e+01 5.500000e+01
      vertex   -3.496593e+01 5.635920e+01 5.525882e+01
      vertex   -3.498079e+01 6.102623e+01 5.519509e+01
    endloop
  endfacet
  facet normal -9.568893e-01 9.194812e-04 2.904515e-01
    outer loop
      vertex   -3.498079e+01 6.102623e+01 5.519509e+01
      vertex   -3.496593e+01 5.635920e+01 5.525882e+01
      vertex   -3.492388e+01 6.098903e+01 5.538268e+01
    endloop
  endfacet
  facet normal -9.238780e-01 -1.847824e-03 3.826828e-01
    outer loop
      vertex   -3.492388e+01 6.098903e+01 5.538268e+01
      vertex   -3.496593e+01 5.635920e+01 5.525882e+01
      vertex   -3.486603e+01 5.635920e+01 5.550000e+01
    endloop
  endfacet
  facet normal -8.817854e-01 9.325231e-04 4.716500e-01
    outer loop
      vertex   -3.492388e+01 6.098903e+01 5.538268e+01
      vertex   -3.486603e+01 5.635920e+01 5.550000e+01
      vertex   -3.483147e+01 6.092862e+01 5.555557e+01
    endloop
  endfacet
  facet normal -7.933526e-01 -1.403690e-03 6.087608e-01
    outer loop
      vertex   -3.483147e+01 6.092862e+01 5.555557e+01
      vertex   -3.486603e+01 5.635920e+01 5.550000e+01
      vertex   -3.470711e+01 5.635920e+01 5.570711e+01
    endloop
  endfacet
  facet normal -7.730105e-01 0.000000e+00 6.343933e-01
    outer loop
      vertex   -3.483147e+01 6.092862e+01 5.555557e+01
      vertex   -3.470711e+01 5.635920e+01 5.570711e+01
      vertex   -3.470711e+01 6.084732e+01 5.570711e+01
    endloop
  endfacet
  facet normal -6.343933e-01 0.000000e+00 7.730105e-01
    outer loop
      vertex   -3.470711e+01 6.084732e+01 5.570711e+01
      vertex   -3.470711e+01 5.635920e+01 5.570711e+01
      vertex   -3.455557e+01 6.074826e+01 5.583147e+01
    endloop
  endfacet
  facet normal -6.087608e-01 -1.461374e-03 7.933525e-01
    outer loop
      vertex   -3.455557e+01 6.074826e+01 5.583147e+01
      vertex   -3.470711e+01 5.635920e+01 5.570711e+01
      vertex   -3.450000e+01 5.635920e+01 5.586603e+01
    endloop
  endfacet
  facet normal -4.708963e-01 9.835561e-04 8.821880e-01
    outer loop
      vertex   -3.455557e+01 6.074826e+01 5.583147e+01
      vertex   -3.450000e+01 5.635920e+01 5.586603e+01
      vertex   -3.438268e+01 6.063523e+01 5.592388e+01
    endloop
  endfacet
  facet normal -3.826827e-01 -2.000713e-03 9.238777e-01
    outer loop
      vertex   -3.438268e+01 6.063523e+01 5.592388e+01
      vertex   -3.450000e+01 5.635920e+01 5.586603e+01
      vertex   -3.425882e+01 5.635920e+01 5.596593e+01
    endloop
  endfacet
  facet normal -2.896736e-01 1.020411e-03 9.571249e-01
    outer loop
      vertex   -3.438268e+01 6.063523e+01 5.592388e+01
      vertex   -3.425882e+01 5.635920e+01 5.596593e+01
      vertex   -3.419509e+01 6.051260e+01 5.598079e+01
    endloop
  endfacet
  facet normal -9.951847e-01 0.000000e+00 9.801714e-02
    outer loop
      vertex   -3.498079e+01 6.102623e+01 5.519509e+01
      vertex   -3.500000e+01 6.103880e+01 5.500000e+01
      vertex   -3.500000e+01 4.700000e+01 5.500000e+01
    endloop
  endfacet
  facet normal -3.826834e-01 0.000000e+00 9.238795e-01
    outer loop
      vertex   -3.450000e+01 5.167960e+01 5.586603e+01
      vertex   -3.425882e+01 5.167960e+01 5.596593e+01
      vertex   -3.425882e+01 5.635920e+01 5.596593e+01
    endloop
  endfacet
  facet normal -6.087614e-01 0.000000e+00 7.933533e-01
    outer loop
      vertex   -3.470711e+01 5.167960e+01 5.570711e+01
      vertex   -3.450000e+01 5.167960e+01 5.586603e+01
      vertex   -3.450000e+01 5.635920e+01 5.586603e+01
    endloop
  endfacet
  facet normal -3.826834e-01 0.000000e+00 9.238795e-01
    outer loop
      vertex   -3.450000e+01 5.635920e+01 5.586603e+01
      vertex   -3.450000e+01 5.167960e+01 5.586603e+01
      vertex   -3.425882e+01 5.635920e+01 5.596593e+01
    endloop
  endfacet
  facet normal -7.933533e-01 -1.204176e-15 6.087614e-01
    outer loop
      vertex   -3.486603e+01 5.167960e+01 5.550000e+01
      vertex   -3.470711e+01 5.167960e+01 5.570711e+01
      vertex   -3.470711e+01 5.635920e+01 5.570711e+01
    endloop
  endfacet
  facet normal -6.087614e-01 -9.243336e-16 7.933533e-01
    outer loop
      vertex   -3.470711e+01 5.635920e+01 5.570711e+01
      vertex   -3.470711e+01 5.167960e+01 5.570711e+01
      vertex   -3.450000e+01 5.635920e+01 5.586603e+01
    endloop
  endfacet
  facet normal -9.238795e-01 0.000000e+00 3.826834e-01
    outer loop
      vertex   -3.496593e+01 5.167960e+01 5.525882e+01
      vertex   -3.486603e+01 5.167960e+01 5.550000e+01
      vertex   -3.486603e+01 5.635920e+01 5.550000e+01
    endloop
  endfacet
  facet normal -7.933533e-01 0.000000e+00 6.087614e-01
    outer loop
      vertex   -3.486603e+01 5.635920e+01 5.550000e+01
      vertex   -3.486603e+01 5.167960e+01 5.550000e+01
      vertex   -3.470711e+01 5.635920e+01 5.570711e+01
    endloop
  endfacet
  facet normal -9.238795e-01 0.000000e+00 3.826834e-01
    outer loop
      vertex   -3.496593e+01 5.635920e+01 5.525882e+01
      vertex   -3.496593e+01 5.167960e+01 5.525882e+01
      vertex   -3.486603e+01 5.635920e+01 5.550000e+01
    endloop
  endfacet
  facet normal -3.268886e-02 -1.304564e-01 9.909150e-01
    outer loop
      vertex   -3.400000e+01 4.674118e+01 5.596593e+01
      vertex   -3.400000e+01 4.700000e+01 5.600000e+01
      vertex   -3.415391e+01 4.681426e+01 5.597047e+01
    endloop
  endfacet
  facet normal -1.303668e-01 -4.940940e-02 9.902339e-01
    outer loop
      vertex   -3.415391e+01 4.681426e+01 5.597047e+01
      vertex   -3.400000e+01 4.700000e+01 5.600000e+01
      vertex   -3.425882e+01 4.700000e+01 5.596593e+01
    endloop
  endfacet
  facet normal -2.711922e-01 -1.298391e-01 9.537278e-01
    outer loop
      vertex   -3.415391e+01 4.681426e+01 5.597047e+01
      vertex   -3.425882e+01 4.700000e+01 5.596593e+01
      vertex   -3.438864e+01 4.691547e+01 5.591750e+01
    endloop
  endfacet
  facet normal -3.820305e-01 5.839280e-02 9.223031e-01
    outer loop
      vertex   -3.438864e+01 4.691547e+01 5.591750e+01
      vertex   -3.425882e+01 4.700000e+01 5.596593e+01
      vertex   -3.450000e+01 4.700000e+01 5.586603e+01
    endloop
  endfacet
  facet normal -5.110938e-01 -1.588805e-01 8.447130e-01
    outer loop
      vertex   -3.438864e+01 4.691547e+01 5.591750e+01
      vertex   -3.450000e+01 4.700000e+01 5.586603e+01
      vertex   -3.445904e+01 4.668960e+01 5.583242e+01
    endloop
  endfacet
  facet normal -5.407082e-01 -1.607312e-01 8.257119e-01
    outer loop
      vertex   -3.445904e+01 4.668960e+01 5.583242e+01
      vertex   -3.450000e+01 4.700000e+01 5.586603e+01
      vertex   -3.466657e+01 4.679888e+01 5.571780e+01
    endloop
  endfacet
  facet normal -5.901245e-01 -3.657544e-01 7.197061e-01
    outer loop
      vertex   -3.445904e+01 4.668960e+01 5.583242e+01
      vertex   -3.466657e+01 4.679888e+01 5.571780e+01
      vertex   -3.449540e+01 4.648112e+01 5.569666e+01
    endloop
  endfacet
  facet normal -5.901245e-01 -3.657544e-01 7.197061e-01
    outer loop
      vertex   -3.449540e+01 4.648112e+01 5.569666e+01
      vertex   -3.466657e+01 4.679888e+01 5.571780e+01
      vertex   -3.470255e+01 4.659254e+01 5.558343e+01
    endloop
  endfacet
  facet normal -6.085140e-01 -5.611197e-01 5.611197e-01
    outer loop
      vertex   -3.449540e+01 4.648112e+01 5.569666e+01
      vertex   -3.470255e+01 4.659254e+01 5.558343e+01
      vertex   -3.449540e+01 4.630334e+01 5.551888e+01
    endloop
  endfacet
  facet normal -6.085140e-01 -5.611197e-01 5.611197e-01
    outer loop
      vertex   -3.449540e+01 4.630334e+01 5.551888e+01
      vertex   -3.470255e+01 4.659254e+01 5.558343e+01
      vertex   -3.470255e+01 4.641657e+01 5.540746e+01
    endloop
  endfacet
  facet normal -5.901245e-01 -7.197061e-01 3.657544e-01
    outer loop
      vertex   -3.449540e+01 4.630334e+01 5.551888e+01
      vertex   -3.470255e+01 4.641657e+01 5.540746e+01
      vertex   -3.445904e+01 4.616758e+01 5.531041e+01
    endloop
  endfacet
  facet normal -5.901245e-01 -7.197061e-01 3.657544e-01
    outer loop
      vertex   -3.445904e+01 4.616758e+01 5.531041e+01
      vertex   -3.470255e+01 4.641657e+01 5.540746e+01
      vertex   -3.466657e+01 4.628220e+01 5.520112e+01
    endloop
  endfacet
  facet normal -5.407082e-01 -8.257119e-01 1.607312e-01
    outer loop
      vertex   -3.445904e+01 4.616758e+01 5.531041e+01
      vertex   -3.466657e+01 4.628220e+01 5.520112e+01
      vertex   -3.450000e+01 4.613398e+01 5.500000e+01
    endloop
  endfacet
  facet normal -6.067974e-01 -7.907938e-01 8.026201e-02
    outer loop
      vertex   -3.450000e+01 4.613398e+01 5.500000e+01
      vertex   -3.466657e+01 4.628220e+01 5.520112e+01
      vertex   -3.470711e+01 4.629289e+01 5.500000e+01
    endloop
  endfacet
  facet normal -7.476569e-01 -6.538873e-01 1.159338e-01
    outer loop
      vertex   -3.470711e+01 4.629289e+01 5.500000e+01
      vertex   -3.466657e+01 4.628220e+01 5.520112e+01
      vertex   -3.482867e+01 4.644574e+01 5.507813e+01
    endloop
  endfacet
  facet normal -7.926058e-01 -6.081878e-01 -4.340169e-02
    outer loop
      vertex   -3.470711e+01 4.629289e+01 5.500000e+01
      vertex   -3.482867e+01 4.644574e+01 5.507813e+01
      vertex   -3.486603e+01 4.650000e+01 5.500000e+01
    endloop
  endfacet
  facet normal -8.925984e-01 -4.328324e-01 1.261909e-01
    outer loop
      vertex   -3.486603e+01 4.650000e+01 5.500000e+01
      vertex   -3.482867e+01 4.644574e+01 5.507813e+01
      vertex   -3.486183e+01 4.656956e+01 5.526828e+01
    endloop
  endfacet
  facet normal -9.091026e-01 -3.995626e-01 1.178222e-01
    outer loop
      vertex   -3.486603e+01 4.650000e+01 5.500000e+01
      vertex   -3.486183e+01 4.656956e+01 5.526828e+01
      vertex   -3.496237e+01 4.675189e+01 5.511081e+01
    endloop
  endfacet
  facet normal -9.224889e-01 -2.729599e-01 2.729599e-01
    outer loop
      vertex   -3.496237e+01 4.675189e+01 5.511081e+01
      vertex   -3.486183e+01 4.656956e+01 5.526828e+01
      vertex   -3.496237e+01 4.688919e+01 5.524811e+01
    endloop
  endfacet
  facet normal -9.891881e-01 -1.036987e-01 1.036987e-01
    outer loop
      vertex   -3.496237e+01 4.675189e+01 5.511081e+01
      vertex   -3.496237e+01 4.688919e+01 5.524811e+01
      vertex   -3.500000e+01 4.700000e+01 5.500000e+01
    endloop
  endfacet
  facet normal -9.904691e-01 -4.435481e-02 1.303977e-01
    outer loop
      vertex   -3.500000e+01 4.700000e+01 5.500000e+01
      vertex   -3.496237e+01 4.688919e+01 5.524811e+01
      vertex   -3.496593e+01 4.700000e+01 5.525882e+01
    endloop
  endfacet
  facet normal -9.218370e-01 -6.645835e-02 3.818374e-01
    outer loop
      vertex   -3.496593e+01 4.700000e+01 5.525882e+01
      vertex   -3.496237e+01 4.688919e+01 5.524811e+01
      vertex   -3.486603e+01 4.700000e+01 5.550000e+01
    endloop
  endfacet
  facet normal -9.091026e-01 -1.178222e-01 3.995626e-01
    outer loop
      vertex   -3.486603e+01 4.700000e+01 5.550000e+01
      vertex   -3.496237e+01 4.688919e+01 5.524811e+01
      vertex   -3.486183e+01 4.673172e+01 5.543044e+01
    endloop
  endfacet
  facet normal -8.925984e-01 -1.261909e-01 4.328324e-01
    outer loop
      vertex   -3.486603e+01 4.700000e+01 5.550000e+01
      vertex   -3.486183e+01 4.673172e+01 5.543044e+01
      vertex   -3.482867e+01 4.692187e+01 5.555426e+01
    endloop
  endfacet
  facet normal -7.743828e-01 -2.448663e-01 5.834139e-01
    outer loop
      vertex   -3.482867e+01 4.692187e+01 5.555426e+01
      vertex   -3.486183e+01 4.673172e+01 5.543044e+01
      vertex   -3.470255e+01 4.659254e+01 5.558343e+01
    endloop
  endfacet
  facet normal -7.743828e-01 -2.448663e-01 5.834139e-01
    outer loop
      vertex   -3.482867e+01 4.692187e+01 5.555426e+01
      vertex   -3.470255e+01 4.659254e+01 5.558343e+01
      vertex   -3.466657e+01 4.679888e+01 5.571780e+01
    endloop
  endfacet
  facet normal -6.067974e-01 -8.026201e-02 7.907938e-01
    outer loop
      vertex   -3.450000e+01 4.700000e+01 5.586603e+01
      vertex   -3.470711e+01 4.700000e+01 5.570711e+01
      vertex   -3.466657e+01 4.679888e+01 5.571780e+01
    endloop
  endfacet
  facet normal -7.476569e-01 -1.159338e-01 6.538873e-01
    outer loop
      vertex   -3.466657e+01 4.679888e+01 5.571780e+01
      vertex   -3.470711e+01 4.700000e+01 5.570711e+01
      vertex   -3.482867e+01 4.692187e+01 5.555426e+01
    endloop
  endfacet
  facet normal -7.926058e-01 4.340169e-02 6.081878e-01
    outer loop
      vertex   -3.470711e+01 4.700000e+01 5.570711e+01
      vertex   -3.486603e+01 4.700000e+01 5.550000e+01
      vertex   -3.482867e+01 4.692187e+01 5.555426e+01
    endloop
  endfacet
  facet normal -9.904691e-01 -1.303977e-01 4.435481e-02
    outer loop
      vertex   -3.500000e+01 4.700000e+01 5.500000e+01
      vertex   -3.496593e+01 4.674118e+01 5.500000e+01
      vertex   -3.496237e+01 4.675189e+01 5.511081e+01
    endloop
  endfacet
  facet normal -9.218370e-01 -3.818374e-01 6.645835e-02
    outer loop
      vertex   -3.496237e+01 4.675189e+01 5.511081e+01
      vertex   -3.496593e+01 4.674118e+01 5.500000e+01
      vertex   -3.486603e+01 4.650000e+01 5.500000e+01
    endloop
  endfacet
  facet normal -5.110938e-01 -8.447130e-01 1.588805e-01
    outer loop
      vertex   -3.445904e+01 4.616758e+01 5.531041e+01
      vertex   -3.450000e+01 4.613398e+01 5.500000e+01
      vertex   -3.438864e+01 4.608250e+01 5.508453e+01
    endloop
  endfacet
  facet normal -3.820305e-01 -9.223031e-01 -5.839280e-02
    outer loop
      vertex   -3.438864e+01 4.608250e+01 5.508453e+01
      vertex   -3.450000e+01 4.613398e+01 5.500000e+01
      vertex   -3.425882e+01 4.603407e+01 5.500000e+01
    endloop
  endfacet
  facet normal -2.711922e-01 -9.537278e-01 1.298391e-01
    outer loop
      vertex   -3.438864e+01 4.608250e+01 5.508453e+01
      vertex   -3.425882e+01 4.603407e+01 5.500000e+01
      vertex   -3.415391e+01 4.602953e+01 5.518574e+01
    endloop
  endfacet
  facet normal -1.303668e-01 -9.902339e-01 4.940940e-02
    outer loop
      vertex   -3.415391e+01 4.602953e+01 5.518574e+01
      vertex   -3.425882e+01 4.603407e+01 5.500000e+01
      vertex   -3.400000e+01 4.600000e+01 5.500000e+01
    endloop
  endfacet
  facet normal -3.268886e-02 -9.909150e-01 1.304564e-01
    outer loop
      vertex   -3.415391e+01 4.602953e+01 5.518574e+01
      vertex   -3.400000e+01 4.600000e+01 5.500000e+01
      vertex   -3.400000e+01 4.603407e+01 5.525882e+01
    endloop
  endfacet
  facet normal -1.223638e-01 -9.407634e-01 3.162140e-01
    outer loop
      vertex   -3.415391e+01 4.602953e+01 5.518574e+01
      vertex   -3.400000e+01 4.603407e+01 5.525882e+01
      vertex   -3.422023e+01 4.610968e+01 5.539854e+01
    endloop
  endfacet
  facet normal -7.419375e-02 -9.213332e-01 3.816287e-01
    outer loop
      vertex   -3.422023e+01 4.610968e+01 5.539854e+01
      vertex   -3.400000e+01 4.603407e+01 5.525882e+01
      vertex   -3.400000e+01 4.613398e+01 5.550000e+01
    endloop
  endfacet
  facet normal -1.475718e-01 -8.403810e-01 5.215192e-01
    outer loop
      vertex   -3.422023e+01 4.610968e+01 5.539854e+01
      vertex   -3.400000e+01 4.613398e+01 5.550000e+01
      vertex   -3.425449e+01 4.623758e+01 5.559494e+01
    endloop
  endfacet
  facet normal -9.544300e-02 -7.897316e-01 6.059824e-01
    outer loop
      vertex   -3.425449e+01 4.623758e+01 5.559494e+01
      vertex   -3.400000e+01 4.613398e+01 5.550000e+01
      vertex   -3.400000e+01 4.629289e+01 5.570711e+01
    endloop
  endfacet
  facet normal -1.560404e-01 -6.984452e-01 6.984452e-01
    outer loop
      vertex   -3.425449e+01 4.623758e+01 5.559494e+01
      vertex   -3.400000e+01 4.629289e+01 5.570711e+01
      vertex   -3.425449e+01 4.640506e+01 5.576242e+01
    endloop
  endfacet
  facet normal -9.544300e-02 -6.059824e-01 7.897316e-01
    outer loop
      vertex   -3.425449e+01 4.640506e+01 5.576242e+01
      vertex   -3.400000e+01 4.629289e+01 5.570711e+01
      vertex   -3.400000e+01 4.650000e+01 5.586603e+01
    endloop
  endfacet
  facet normal -1.475718e-01 -5.215192e-01 8.403810e-01
    outer loop
      vertex   -3.425449e+01 4.640506e+01 5.576242e+01
      vertex   -3.400000e+01 4.650000e+01 5.586603e+01
      vertex   -3.422023e+01 4.660146e+01 5.589032e+01
    endloop
  endfacet
  facet normal -7.419375e-02 -3.816287e-01 9.213332e-01
    outer loop
      vertex   -3.422023e+01 4.660146e+01 5.589032e+01
      vertex   -3.400000e+01 4.650000e+01 5.586603e+01
      vertex   -3.400000e+01 4.674118e+01 5.596593e+01
    endloop
  endfacet
  facet normal -1.223638e-01 -3.162140e-01 9.407634e-01
    outer loop
      vertex   -3.422023e+01 4.660146e+01 5.589032e+01
      vertex   -3.400000e+01 4.674118e+01 5.596593e+01
      vertex   -3.415391e+01 4.681426e+01 5.597047e+01
    endloop
  endfacet
  facet normal -3.135991e-01 -2.475550e-01 9.167181e-01
    outer loop
      vertex   -3.422023e+01 4.660146e+01 5.589032e+01
      vertex   -3.415391e+01 4.681426e+01 5.597047e+01
      vertex   -3.438864e+01 4.691547e+01 5.591750e+01
    endloop
  endfacet
  facet normal -3.663208e-01 -4.620595e-01 8.076571e-01
    outer loop
      vertex   -3.425449e+01 4.640506e+01 5.576242e+01
      vertex   -3.422023e+01 4.660146e+01 5.589032e+01
      vertex   -3.445904e+01 4.668960e+01 5.583242e+01
    endloop
  endfacet
  facet normal -3.135991e-01 -2.475550e-01 9.167181e-01
    outer loop
      vertex   -3.445904e+01 4.668960e+01 5.583242e+01
      vertex   -3.422023e+01 4.660146e+01 5.589032e+01
      vertex   -3.438864e+01 4.691547e+01 5.591750e+01
    endloop
  endfacet
  facet normal -3.663208e-01 -4.620595e-01 8.076571e-01
    outer loop
      vertex   -3.425449e+01 4.640506e+01 5.576242e+01
      vertex   -3.445904e+01 4.668960e+01 5.583242e+01
      vertex   -3.449540e+01 4.648112e+01 5.569666e+01
    endloop
  endfacet
  facet normal -7.919720e-01 -4.317293e-01 4.317293e-01
    outer loop
      vertex   -3.470255e+01 4.641657e+01 5.540746e+01
      vertex   -3.470255e+01 4.659254e+01 5.558343e+01
      vertex   -3.486183e+01 4.673172e+01 5.543044e+01
    endloop
  endfacet
  facet normal -7.919720e-01 -4.317293e-01 4.317293e-01
    outer loop
      vertex   -3.470255e+01 4.641657e+01 5.540746e+01
      vertex   -3.486183e+01 4.673172e+01 5.543044e+01
      vertex   -3.486183e+01 4.656956e+01 5.526828e+01
    endloop
  endfacet
  facet normal -9.224889e-01 -2.729599e-01 2.729599e-01
    outer loop
      vertex   -3.486183e+01 4.656956e+01 5.526828e+01
      vertex   -3.486183e+01 4.673172e+01 5.543044e+01
      vertex   -3.496237e+01 4.688919e+01 5.524811e+01
    endloop
  endfacet
  facet normal -3.842763e-01 -6.528138e-01 6.528138e-01
    outer loop
      vertex   -3.425449e+01 4.623758e+01 5.559494e+01
      vertex   -3.425449e+01 4.640506e+01 5.576242e+01
      vertex   -3.449540e+01 4.648112e+01 5.569666e+01
    endloop
  endfacet
  facet normal -3.842763e-01 -6.528138e-01 6.528138e-01
    outer loop
      vertex   -3.425449e+01 4.623758e+01 5.559494e+01
      vertex   -3.449540e+01 4.648112e+01 5.569666e+01
      vertex   -3.449540e+01 4.630334e+01 5.551888e+01
    endloop
  endfacet
  facet normal -7.743828e-01 -5.834139e-01 2.448663e-01
    outer loop
      vertex   -3.466657e+01 4.628220e+01 5.520112e+01
      vertex   -3.470255e+01 4.641657e+01 5.540746e+01
      vertex   -3.486183e+01 4.656956e+01 5.526828e+01
    endloop
  endfacet
  facet normal -7.743828e-01 -5.834139e-01 2.448663e-01
    outer loop
      vertex   -3.482867e+01 4.644574e+01 5.507813e+01
      vertex   -3.466657e+01 4.628220e+01 5.520112e+01
      vertex   -3.486183e+01 4.656956e+01 5.526828e+01
    endloop
  endfacet
  facet normal -3.663208e-01 -8.076571e-01 4.620595e-01
    outer loop
      vertex   -3.422023e+01 4.610968e+01 5.539854e+01
      vertex   -3.425449e+01 4.623758e+01 5.559494e+01
      vertex   -3.449540e+01 4.630334e+01 5.551888e+01
    endloop
  endfacet
  facet normal -3.663208e-01 -8.076571e-01 4.620595e-01
    outer loop
      vertex   -3.422023e+01 4.610968e+01 5.539854e+01
      vertex   -3.449540e+01 4.630334e+01 5.551888e+01
      vertex   -3.445904e+01 4.616758e+01 5.531041e+01
    endloop
  endfacet
  facet normal -3.135991e-01 -9.167181e-01 2.475550e-01
    outer loop
      vertex   -3.415391e+01 4.602953e+01 5.518574e+01
      vertex   -3.422023e+01 4.610968e+01 5.539854e+01
      vertex   -3.445904e+01 4.616758e+01 5.531041e+01
    endloop
  endfacet
  facet normal -3.135991e-01 -9.167181e-01 2.475550e-01
    outer loop
      vertex   -3.438864e+01 4.608250e+01 5.508453e+01
      vertex   -3.415391e+01 4.602953e+01 5.518574e+01
      vertex   -3.445904e+01 4.616758e+01 5.531041e+01
    endloop
  endfacet
  facet normal 4.435481e-02 -1.303977e-01 9.904691e-01
    outer loop
      vertex   4.000000e+00 4.674118e+01 5.596593e+01
      vertex   4.110813e+00 4.675189e+01 5.596237e+01
      vertex   4.000000e+00 4.700000e+01 5.600000e+01
    endloop
  endfacet
  facet normal 1.036987e-01 -1.036987e-01 9.891881e-01
    outer loop
      vertex   4.000000e+00 4.700000e+01 5.600000e+01
      vertex   4.110813e+00 4.675189e+01 5.596237e+01
      vertex   4.248108e+00 4.688919e+01 5.596237e+01
    endloop
  endfacet
  facet normal 1.303977e-01 -4.435481e-02 9.904691e-01
    outer loop
      vertex   4.000000e+00 4.700000e+01 5.600000e+01
      vertex   4.248108e+00 4.688919e+01 5.596237e+01
      vertex   4.258819e+00 4.700000e+01 5.596593e+01
    endloop
  endfacet
  facet normal 3.818374e-01 -6.645835e-02 9.218370e-01
    outer loop
      vertex   4.258819e+00 4.700000e+01 5.596593e+01
      vertex   4.248108e+00 4.688919e+01 5.596237e+01
      vertex   4.500000e+00 4.700000e+01 5.586603e+01
    endloop
  endfacet
  facet normal 3.995626e-01 -1.178222e-01 9.091026e-01
    outer loop
      vertex   4.500000e+00 4.700000e+01 5.586603e+01
      vertex   4.248108e+00 4.688919e+01 5.596237e+01
      vertex   4.430436e+00 4.673172e+01 5.586183e+01
    endloop
  endfacet
  facet normal 4.328324e-01 -1.261909e-01 8.925984e-01
    outer loop
      vertex   4.500000e+00 4.700000e+01 5.586603e+01
      vertex   4.430436e+00 4.673172e+01 5.586183e+01
      vertex   4.554261e+00 4.692187e+01 5.582867e+01
    endloop
  endfacet
  facet normal 5.834139e-01 -2.448663e-01 7.743828e-01
    outer loop
      vertex   4.554261e+00 4.692187e+01 5.582867e+01
      vertex   4.430436e+00 4.673172e+01 5.586183e+01
      vertex   4.583430e+00 4.659254e+01 5.570255e+01
    endloop
  endfacet
  facet normal 5.834139e-01 -2.448663e-01 7.743828e-01
    outer loop
      vertex   4.554261e+00 4.692187e+01 5.582867e+01
      vertex   4.583430e+00 4.659254e+01 5.570255e+01
      vertex   4.717801e+00 4.679888e+01 5.566657e+01
    endloop
  endfacet
  facet normal 7.197061e-01 -3.657544e-01 5.901245e-01
    outer loop
      vertex   4.717801e+00 4.679888e+01 5.566657e+01
      vertex   4.583430e+00 4.659254e+01 5.570255e+01
      vertex   4.696665e+00 4.648112e+01 5.549540e+01
    endloop
  endfacet
  facet normal 7.197061e-01 -3.657544e-01 5.901245e-01
    outer loop
      vertex   4.717801e+00 4.679888e+01 5.566657e+01
      vertex   4.696665e+00 4.648112e+01 5.549540e+01
      vertex   4.832423e+00 4.668960e+01 5.545904e+01
    endloop
  endfacet
  facet normal 8.076571e-01 -4.620595e-01 3.663208e-01
    outer loop
      vertex   4.832423e+00 4.668960e+01 5.545904e+01
      vertex   4.696665e+00 4.648112e+01 5.549540e+01
      vertex   4.762422e+00 4.640506e+01 5.525449e+01
    endloop
  endfacet
  facet normal 8.076571e-01 -4.620595e-01 3.663208e-01
    outer loop
      vertex   4.832423e+00 4.668960e+01 5.545904e+01
      vertex   4.762422e+00 4.640506e+01 5.525449e+01
      vertex   4.890318e+00 4.660146e+01 5.522023e+01
    endloop
  endfacet
  facet normal 8.403810e-01 -5.215192e-01 1.475718e-01
    outer loop
      vertex   4.890318e+00 4.660146e+01 5.522023e+01
      vertex   4.762422e+00 4.640506e+01 5.525449e+01
      vertex   4.866025e+00 4.650000e+01 5.500000e+01
    endloop
  endfacet
  facet normal 9.213332e-01 -3.816287e-01 7.419375e-02
    outer loop
      vertex   4.890318e+00 4.660146e+01 5.522023e+01
      vertex   4.866025e+00 4.650000e+01 5.500000e+01
      vertex   4.965926e+00 4.674118e+01 5.500000e+01
    endloop
  endfacet
  facet normal 6.645835e-02 -3.818374e-01 9.218370e-01
    outer loop
      vertex   4.000000e+00 4.674118e+01 5.596593e+01
      vertex   4.000000e+00 4.650000e+01 5.586603e+01
      vertex   4.110813e+00 4.675189e+01 5.596237e+01
    endloop
  endfacet
  facet normal 1.178222e-01 -3.995626e-01 9.091026e-01
    outer loop
      vertex   4.110813e+00 4.675189e+01 5.596237e+01
      vertex   4.000000e+00 4.650000e+01 5.586603e+01
      vertex   4.268280e+00 4.656956e+01 5.586183e+01
    endloop
  endfacet
  facet normal 2.729599e-01 -2.729599e-01 9.224889e-01
    outer loop
      vertex   4.110813e+00 4.675189e+01 5.596237e+01
      vertex   4.268280e+00 4.656956e+01 5.586183e+01
      vertex   4.248108e+00 4.688919e+01 5.596237e+01
    endloop
  endfacet
  facet normal 2.729599e-01 -2.729599e-01 9.224889e-01
    outer loop
      vertex   4.248108e+00 4.688919e+01 5.596237e+01
      vertex   4.268280e+00 4.656956e+01 5.586183e+01
      vertex   4.430436e+00 4.673172e+01 5.586183e+01
    endloop
  endfacet
  facet normal 1.261909e-01 -4.328324e-01 8.925984e-01
    outer loop
      vertex   4.268280e+00 4.656956e+01 5.586183e+01
      vertex   4.000000e+00 4.650000e+01 5.586603e+01
      vertex   4.078131e+00 4.644574e+01 5.582867e+01
    endloop
  endfacet
  facet normal -4.340169e-02 -6.081878e-01 7.926058e-01
    outer loop
      vertex   4.078131e+00 4.644574e+01 5.582867e+01
      vertex   4.000000e+00 4.650000e+01 5.586603e+01
      vertex   4.000000e+00 4.629289e+01 5.570711e+01
    endloop
  endfacet
  facet normal 1.159338e-01 -6.538873e-01 7.476569e-01
    outer loop
      vertex   4.078131e+00 4.644574e+01 5.582867e+01
      vertex   4.000000e+00 4.629289e+01 5.570711e+01
      vertex   4.201121e+00 4.628220e+01 5.566657e+01
    endloop
  endfacet
  facet normal 8.026201e-02 -7.907938e-01 6.067974e-01
    outer loop
      vertex   4.201121e+00 4.628220e+01 5.566657e+01
      vertex   4.000000e+00 4.629289e+01 5.570711e+01
      vertex   4.000000e+00 4.613398e+01 5.550000e+01
    endloop
  endfacet
  facet normal 1.607312e-01 -8.257119e-01 5.407082e-01
    outer loop
      vertex   4.201121e+00 4.628220e+01 5.566657e+01
      vertex   4.000000e+00 4.613398e+01 5.550000e+01
      vertex   4.310406e+00 4.616758e+01 5.545904e+01
    endloop
  endfacet
  facet normal 1.588805e-01 -8.447130e-01 5.110938e-01
    outer loop
      vertex   4.310406e+00 4.616758e+01 5.545904e+01
      vertex   4.000000e+00 4.613398e+01 5.550000e+01
      vertex   4.084530e+00 4.608250e+01 5.538864e+01
    endloop
  endfacet
  facet normal 2.475550e-01 -9.167181e-01 3.135991e-01
    outer loop
      vertex   4.310406e+00 4.616758e+01 5.545904e+01
      vertex   4.084530e+00 4.608250e+01 5.538864e+01
      vertex   4.185744e+00 4.602953e+01 5.515391e+01
    endloop
  endfacet
  facet normal 1.298391e-01 -9.537278e-01 2.711922e-01
    outer loop
      vertex   4.185744e+00 4.602953e+01 5.515391e+01
      vertex   4.084530e+00 4.608250e+01 5.538864e+01
      vertex   4.000000e+00 4.603407e+01 5.525882e+01
    endloop
  endfacet
  facet normal 4.940940e-02 -9.902339e-01 1.303668e-01
    outer loop
      vertex   4.185744e+00 4.602953e+01 5.515391e+01
      vertex   4.000000e+00 4.603407e+01 5.525882e+01
      vertex   4.000000e+00 4.600000e+01 5.500000e+01
    endloop
  endfacet
  facet normal -5.839280e-02 -9.223031e-01 3.820305e-01
    outer loop
      vertex   4.000000e+00 4.613398e+01 5.550000e+01
      vertex   4.000000e+00 4.603407e+01 5.525882e+01
      vertex   4.084530e+00 4.608250e+01 5.538864e+01
    endloop
  endfacet
  facet normal 1.304564e-01 -9.909150e-01 3.268886e-02
    outer loop
      vertex   4.000000e+00 4.600000e+01 5.500000e+01
      vertex   4.258819e+00 4.603407e+01 5.500000e+01
      vertex   4.185744e+00 4.602953e+01 5.515391e+01
    endloop
  endfacet
  facet normal 3.162140e-01 -9.407634e-01 1.223638e-01
    outer loop
      vertex   4.185744e+00 4.602953e+01 5.515391e+01
      vertex   4.258819e+00 4.603407e+01 5.500000e+01
      vertex   4.398536e+00 4.610968e+01 5.522023e+01
    endloop
  endfacet
  facet normal 2.475550e-01 -9.167181e-01 3.135991e-01
    outer loop
      vertex   4.185744e+00 4.602953e+01 5.515391e+01
      vertex   4.398536e+00 4.610968e+01 5.522023e+01
      vertex   4.310406e+00 4.616758e+01 5.545904e+01
    endloop
  endfacet
  facet normal 4.620595e-01 -8.076571e-01 3.663208e-01
    outer loop
      vertex   4.310406e+00 4.616758e+01 5.545904e+01
      vertex   4.398536e+00 4.610968e+01 5.522023e+01
      vertex   4.518881e+00 4.630334e+01 5.549540e+01
    endloop
  endfacet
  facet normal 3.657544e-01 -7.197061e-01 5.901245e-01
    outer loop
      vertex   4.310406e+00 4.616758e+01 5.545904e+01
      vertex   4.518881e+00 4.630334e+01 5.549540e+01
      vertex   4.407464e+00 4.641657e+01 5.570255e+01
    endloop
  endfacet
  facet normal 5.611197e-01 -5.611197e-01 6.085140e-01
    outer loop
      vertex   4.407464e+00 4.641657e+01 5.570255e+01
      vertex   4.518881e+00 4.630334e+01 5.549540e+01
      vertex   4.583430e+00 4.659254e+01 5.570255e+01
    endloop
  endfacet
  facet normal 4.317293e-01 -4.317293e-01 7.919720e-01
    outer loop
      vertex   4.407464e+00 4.641657e+01 5.570255e+01
      vertex   4.583430e+00 4.659254e+01 5.570255e+01
      vertex   4.430436e+00 4.673172e+01 5.586183e+01
    endloop
  endfacet
  facet normal 3.816287e-01 -9.213332e-01 7.419375e-02
    outer loop
      vertex   4.258819e+00 4.603407e+01 5.500000e+01
      vertex   4.500000e+00 4.613398e+01 5.500000e+01
      vertex   4.398536e+00 4.610968e+01 5.522023e+01
    endloop
  endfacet
  facet normal 5.215192e-01 -8.403810e-01 1.475718e-01
    outer loop
      vertex   4.398536e+00 4.610968e+01 5.522023e+01
      vertex   4.500000e+00 4.613398e+01 5.500000e+01
      vertex   4.594936e+00 4.623758e+01 5.525449e+01
    endloop
  endfacet
  facet normal 4.620595e-01 -8.076571e-01 3.663208e-01
    outer loop
      vertex   4.398536e+00 4.610968e+01 5.522023e+01
      vertex   4.594936e+00 4.623758e+01 5.525449e+01
      vertex   4.518881e+00 4.630334e+01 5.549540e+01
    endloop
  endfacet
  facet normal 6.528138e-01 -6.528138e-01 3.842763e-01
    outer loop
      vertex   4.518881e+00 4.630334e+01 5.549540e+01
      vertex   4.594936e+00 4.623758e+01 5.525449e+01
      vertex   4.696665e+00 4.648112e+01 5.549540e+01
    endloop
  endfacet
  facet normal 5.611197e-01 -5.611197e-01 6.085140e-01
    outer loop
      vertex   4.518881e+00 4.630334e+01 5.549540e+01
      vertex   4.696665e+00 4.648112e+01 5.549540e+01
      vertex   4.583430e+00 4.659254e+01 5.570255e+01
    endloop
  endfacet
  facet normal 6.059824e-01 -7.897316e-01 9.544300e-02
    outer loop
      vertex   4.500000e+00 4.613398e+01 5.500000e+01
      vertex   4.707107e+00 4.629289e+01 5.500000e+01
      vertex   4.594936e+00 4.623758e+01 5.525449e+01
    endloop
  endfacet
  facet normal 6.984452e-01 -6.984452e-01 1.560404e-01
    outer loop
      vertex   4.594936e+00 4.623758e+01 5.525449e+01
      vertex   4.707107e+00 4.629289e+01 5.500000e+01
      vertex   4.762422e+00 4.640506e+01 5.525449e+01
    endloop
  endfacet
  facet normal 6.528138e-01 -6.528138e-01 3.842763e-01
    outer loop
      vertex   4.594936e+00 4.623758e+01 5.525449e+01
      vertex   4.762422e+00 4.640506e+01 5.525449e+01
      vertex   4.696665e+00 4.648112e+01 5.549540e+01
    endloop
  endfacet
  facet normal 7.897316e-01 -6.059824e-01 9.544300e-02
    outer loop
      vertex   4.707107e+00 4.629289e+01 5.500000e+01
      vertex   4.866025e+00 4.650000e+01 5.500000e+01
      vertex   4.762422e+00 4.640506e+01 5.525449e+01
    endloop
  endfacet
  facet normal 9.407634e-01 -3.162140e-01 1.223638e-01
    outer loop
      vertex   4.890318e+00 4.660146e+01 5.522023e+01
      vertex   4.965926e+00 4.674118e+01 5.500000e+01
      vertex   4.970469e+00 4.681426e+01 5.515391e+01
    endloop
  endfacet
  facet normal 9.909150e-01 -1.304564e-01 3.268886e-02
    outer loop
      vertex   4.970469e+00 4.681426e+01 5.515391e+01
      vertex   4.965926e+00 4.674118e+01 5.500000e+01
      vertex   5.000000e+00 4.700000e+01 5.500000e+01
    endloop
  endfacet
  facet normal 9.902339e-01 -4.940940e-02 1.303668e-01
    outer loop
      vertex   4.970469e+00 4.681426e+01 5.515391e+01
      vertex   5.000000e+00 4.700000e+01 5.500000e+01
      vertex   4.965926e+00 4.700000e+01 5.525882e+01
    endloop
  endfacet
  facet normal 9.537278e-01 -1.298391e-01 2.711922e-01
    outer loop
      vertex   4.970469e+00 4.681426e+01 5.515391e+01
      vertex   4.965926e+00 4.700000e+01 5.525882e+01
      vertex   4.917502e+00 4.691547e+01 5.538864e+01
    endloop
  endfacet
  facet normal 9.223031e-01 5.839280e-02 3.820305e-01
    outer loop
      vertex   4.917502e+00 4.691547e+01 5.538864e+01
      vertex   4.965926e+00 4.700000e+01 5.525882e+01
      vertex   4.866025e+00 4.700000e+01 5.550000e+01
    endloop
  endfacet
  facet normal 8.447130e-01 -1.588805e-01 5.110938e-01
    outer loop
      vertex   4.917502e+00 4.691547e+01 5.538864e+01
      vertex   4.866025e+00 4.700000e+01 5.550000e+01
      vertex   4.832423e+00 4.668960e+01 5.545904e+01
    endloop
  endfacet
  facet normal 8.257119e-01 -1.607312e-01 5.407082e-01
    outer loop
      vertex   4.832423e+00 4.668960e+01 5.545904e+01
      vertex   4.866025e+00 4.700000e+01 5.550000e+01
      vertex   4.717801e+00 4.679888e+01 5.566657e+01
    endloop
  endfacet
  facet normal 7.907938e-01 -8.026201e-02 6.067974e-01
    outer loop
      vertex   4.866025e+00 4.700000e+01 5.550000e+01
      vertex   4.707107e+00 4.700000e+01 5.570711e+01
      vertex   4.717801e+00 4.679888e+01 5.566657e+01
    endloop
  endfacet
  facet normal 6.538873e-01 -1.159338e-01 7.476569e-01
    outer loop
      vertex   4.717801e+00 4.679888e+01 5.566657e+01
      vertex   4.707107e+00 4.700000e+01 5.570711e+01
      vertex   4.554261e+00 4.692187e+01 5.582867e+01
    endloop
  endfacet
  facet normal 6.081878e-01 4.340169e-02 7.926058e-01
    outer loop
      vertex   4.707107e+00 4.700000e+01 5.570711e+01
      vertex   4.500000e+00 4.700000e+01 5.586603e+01
      vertex   4.554261e+00 4.692187e+01 5.582867e+01
    endloop
  endfacet
  facet normal 4.317293e-01 -4.317293e-01 7.919720e-01
    outer loop
      vertex   4.407464e+00 4.641657e+01 5.570255e+01
      vertex   4.430436e+00 4.673172e+01 5.586183e+01
      vertex   4.268280e+00 4.656956e+01 5.586183e+01
    endloop
  endfacet
  facet normal 2.448663e-01 -5.834139e-01 7.743828e-01
    outer loop
      vertex   4.078131e+00 4.644574e+01 5.582867e+01
      vertex   4.201121e+00 4.628220e+01 5.566657e+01
      vertex   4.268280e+00 4.656956e+01 5.586183e+01
    endloop
  endfacet
  facet normal 2.448663e-01 -5.834139e-01 7.743828e-01
    outer loop
      vertex   4.268280e+00 4.656956e+01 5.586183e+01
      vertex   4.201121e+00 4.628220e+01 5.566657e+01
      vertex   4.407464e+00 4.641657e+01 5.570255e+01
    endloop
  endfacet
  facet normal 3.657544e-01 -7.197061e-01 5.901245e-01
    outer loop
      vertex   4.201121e+00 4.628220e+01 5.566657e+01
      vertex   4.310406e+00 4.616758e+01 5.545904e+01
      vertex   4.407464e+00 4.641657e+01 5.570255e+01
    endloop
  endfacet
  facet normal 9.167181e-01 -2.475550e-01 3.135991e-01
    outer loop
      vertex   4.917502e+00 4.691547e+01 5.538864e+01
      vertex   4.832423e+00 4.668960e+01 5.545904e+01
      vertex   4.890318e+00 4.660146e+01 5.522023e+01
    endloop
  endfacet
  facet normal 9.167181e-01 -2.475550e-01 3.135991e-01
    outer loop
      vertex   4.970469e+00 4.681426e+01 5.515391e+01
      vertex   4.917502e+00 4.691547e+01 5.538864e+01
      vertex   4.890318e+00 4.660146e+01 5.522023e+01
    endloop
  endfacet
  facet normal 9.914449e-01 -1.305262e-01 -1.630704e-16
    outer loop
      vertex   4.965926e+00 4.674118e+01 5.500000e+01
      vertex   4.965926e+00 4.674118e+01 4.960000e+01
      vertex   5.000000e+00 4.700000e+01 5.500000e+01
    endloop
  endfacet
  facet normal 9.914449e-01 -1.305262e-01 0.000000e+00
    outer loop
      vertex   5.000000e+00 4.700000e+01 5.500000e+01
      vertex   4.965926e+00 4.674118e+01 4.960000e+01
      vertex   4.965926e+00 4.674118e+01 4.420000e+01
    endloop
  endfacet
  facet normal 9.914449e-01 -1.305262e-01 0.000000e+00
    outer loop
      vertex   5.000000e+00 4.700000e+01 5.500000e+01
      vertex   4.965926e+00 4.674118e+01 4.420000e+01
      vertex   4.965926e+00 4.674118e+01 3.880000e+01
    endloop
  endfacet
  facet normal 9.238795e-01 -3.826834e-01 0.000000e+00
    outer loop
      vertex   4.965926e+00 4.674118e+01 3.880000e+01
      vertex   4.965926e+00 4.674118e+01 4.420000e+01
      vertex   4.866025e+00 4.650000e+01 3.880000e+01
    endloop
  endfacet
  facet normal 9.238795e-01 -3.826834e-01 0.000000e+00
    outer loop
      vertex   4.965926e+00 4.674118e+01 3.880000e+01
      vertex   4.866025e+00 4.650000e+01 3.880000e+01
      vertex   4.866025e+00 4.650000e+01 3.340000e+01
    endloop
  endfacet
  facet normal 7.933533e-01 -6.087614e-01 0.000000e+00
    outer loop
      vertex   4.866025e+00 4.650000e+01 3.340000e+01
      vertex   4.866025e+00 4.650000e+01 3.880000e+01
      vertex   4.707107e+00 4.629289e+01 3.340000e+01
    endloop
  endfacet
  facet normal 7.933533e-01 -6.087614e-01 0.000000e+00
    outer loop
      vertex   4.866025e+00 4.650000e+01 3.340000e+01
      vertex   4.707107e+00 4.629289e+01 3.340000e+01
      vertex   4.707107e+00 4.629289e+01 2.800000e+01
    endloop
  endfacet
  facet normal 6.087614e-01 -7.933533e-01 0.000000e+00
    outer loop
      vertex   4.707107e+00 4.629289e+01 2.800000e+01
      vertex   4.707107e+00 4.629289e+01 3.340000e+01
      vertex   4.500000e+00 4.613398e+01 2.800000e+01
    endloop
  endfacet
  facet normal 6.087614e-01 -7.933533e-01 0.000000e+00
    outer loop
      vertex   4.707107e+00 4.629289e+01 2.800000e+01
      vertex   4.500000e+00 4.613398e+01 2.800000e+01
      vertex   4.500000e+00 4.613398e+01 2.260000e+01
    endloop
  endfacet
  facet normal 3.826834e-01 -9.238795e-01 0.000000e+00
    outer loop
      vertex   4.500000e+00 4.613398e+01 2.260000e+01
      vertex   4.500000e+00 4.613398e+01 2.800000e+01
      vertex   4.258819e+00 4.603407e+01 2.260000e+01
    endloop
  endfacet
  facet normal 3.826834e-01 -9.238795e-01 0.000000e+00
    outer loop
      vertex   4.500000e+00 4.613398e+01 2.260000e+01
      vertex   4.258819e+00 4.603407e+01 2.260000e+01
      vertex   4.258819e+00 4.603407e+01 1.720000e+01
    endloop
  endfacet
  facet normal 1.305262e-01 -9.914449e-01 0.000000e+00
    outer loop
      vertex   4.258819e+00 4.603407e+01 1.720000e+01
      vertex   4.258819e+00 4.603407e+01 2.260000e+01
      vertex   4.000000e+00 4.600000e+01 1.000000e+00
    endloop
  endfacet
  facet normal 1.305262e-01 -9.914449e-01 0.000000e+00
    outer loop
      vertex   4.258819e+00 4.603407e+01 1.720000e+01
      vertex   4.000000e+00 4.600000e+01 1.000000e+00
      vertex   4.258819e+00 4.603407e+01 1.180000e+01
    endloop
  endfacet
  facet normal 1.305262e-01 -9.914449e-01 0.000000e+00
    outer loop
      vertex   4.258819e+00 4.603407e+01 1.180000e+01
      vertex   4.000000e+00 4.600000e+01 1.000000e+00
      vertex   4.258819e+00 4.603407e+01 6.400000e+00
    endloop
  endfacet
  facet normal 3.826834e-01 -9.238795e-01 0.000000e+00
    outer loop
      vertex   4.258819e+00 4.603407e+01 1.180000e+01
      vertex   4.258819e+00 4.603407e+01 6.400000e+00
      vertex   4.500000e+00 4.613398e+01 1.180000e+01
    endloop
  endfacet
  facet normal 3.826834e-01 -9.238795e-01 0.000000e+00
    outer loop
      vertex   4.500000e+00 4.613398e+01 1.180000e+01
      vertex   4.258819e+00 4.603407e+01 6.400000e+00
      vertex   4.500000e+00 4.613398e+01 6.400000e+00
    endloop
  endfacet
  facet normal 6.087614e-01 -7.933533e-01 0.000000e+00
    outer loop
      vertex   4.500000e+00 4.613398e+01 1.180000e+01
      vertex   4.500000e+00 4.613398e+01 6.400000e+00
      vertex   4.707107e+00 4.629289e+01 1.180000e+01
    endloop
  endfacet
  facet normal 6.087614e-01 -7.933533e-01 0.000000e+00
    outer loop
      vertex   4.707107e+00 4.629289e+01 1.180000e+01
      vertex   4.500000e+00 4.613398e+01 6.400000e+00
      vertex   4.707107e+00 4.629289e+01 6.400000e+00
    endloop
  endfacet
  facet normal 7.933533e-01 -6.087614e-01 0.000000e+00
    outer loop
      vertex   4.707107e+00 4.629289e+01 1.180000e+01
      vertex   4.707107e+00 4.629289e+01 6.400000e+00
      vertex   4.866025e+00 4.650000e+01 1.180000e+01
    endloop
  endfacet
  facet normal 7.933533e-01 -6.087614e-01 0.000000e+00
    outer loop
      vertex   4.866025e+00 4.650000e+01 1.180000e+01
      vertex   4.707107e+00 4.629289e+01 6.400000e+00
      vertex   4.866025e+00 4.650000e+01 6.400000e+00
    endloop
  endfacet
  facet normal 9.238795e-01 -3.826834e-01 0.000000e+00
    outer loop
      vertex   4.866025e+00 4.650000e+01 1.180000e+01
      vertex   4.866025e+00 4.650000e+01 6.400000e+00
      vertex   4.965926e+00 4.674118e+01 1.180000e+01
    endloop
  endfacet
  facet normal 9.238795e-01 -3.826834e-01 0.000000e+00
    outer loop
      vertex   4.965926e+00 4.674118e+01 1.180000e+01
      vertex   4.866025e+00 4.650000e+01 6.400000e+00
      vertex   4.965926e+00 4.674118e+01 6.400000e+00
    endloop
  endfacet
  facet normal 9.914449e-01 -1.305262e-01 0.000000e+00
    outer loop
      vertex   4.965926e+00 4.674118e+01 1.180000e+01
      vertex   4.965926e+00 4.674118e+01 6.400000e+00
      vertex   5.000000e+00 4.700000e+01 1.000000e+00
    endloop
  endfacet
  facet normal 9.914449e-01 -1.305262e-01 3.261029e-16
    outer loop
      vertex   5.000000e+00 4.700000e+01 1.000000e+00
      vertex   4.965926e+00 4.674118e+01 6.400000e+00
      vertex   4.965926e+00 4.674118e+01 1.000000e+00
    endloop
  endfacet
  facet normal 9.238795e-01 -3.826834e-01 3.039148e-16
    outer loop
      vertex   4.965926e+00 4.674118e+01 1.000000e+00
      vertex   4.965926e+00 4.674118e+01 6.400000e+00
      vertex   4.866025e+00 4.650000e+01 1.000000e+00
    endloop
  endfacet
  facet normal 9.238795e-01 -3.826834e-01 0.000000e+00
    outer loop
      vertex   4.866025e+00 4.650000e+01 1.000000e+00
      vertex   4.965926e+00 4.674118e+01 6.400000e+00
      vertex   4.866025e+00 4.650000e+01 6.400000e+00
    endloop
  endfacet
  facet normal 7.933533e-01 -6.087614e-01 0.000000e+00
    outer loop
      vertex   4.866025e+00 4.650000e+01 1.000000e+00
      vertex   4.866025e+00 4.650000e+01 6.400000e+00
      vertex   4.707107e+00 4.629289e+01 1.000000e+00
    endloop
  endfacet
  facet normal 7.933533e-01 -6.087614e-01 0.000000e+00
    outer loop
      vertex   4.707107e+00 4.629289e+01 1.000000e+00
      vertex   4.866025e+00 4.650000e+01 6.400000e+00
      vertex   4.707107e+00 4.629289e+01 6.400000e+00
    endloop
  endfacet
  facet normal 6.087614e-01 -7.933533e-01 0.000000e+00
    outer loop
      vertex   4.707107e+00 4.629289e+01 1.000000e+00
      vertex   4.707107e+00 4.629289e+01 6.400000e+00
      vertex   4.500000e+00 4.613398e+01 1.000000e+00
    endloop
  endfacet
  facet normal 6.087614e-01 -7.933533e-01 -3.003826e-16
    outer loop
      vertex   4.500000e+00 4.613398e+01 1.000000e+00
      vertex   4.707107e+00 4.629289e+01 6.400000e+00
      vertex   4.500000e+00 4.613398e+01 6.400000e+00
    endloop
  endfacet
  facet normal 3.826834e-01 -9.238795e-01 -1.888284e-16
    outer loop
      vertex   4.500000e+00 4.613398e+01 1.000000e+00
      vertex   4.500000e+00 4.613398e+01 6.400000e+00
      vertex   4.258819e+00 4.603407e+01 1.000000e+00
    endloop
  endfacet
  facet normal 3.826834e-01 -9.238795e-01 6.294281e-17
    outer loop
      vertex   4.258819e+00 4.603407e+01 1.000000e+00
      vertex   4.500000e+00 4.613398e+01 6.400000e+00
      vertex   4.258819e+00 4.603407e+01 6.400000e+00
    endloop
  endfacet
  facet normal 1.305262e-01 -9.914449e-01 2.146862e-17
    outer loop
      vertex   4.258819e+00 4.603407e+01 1.000000e+00
      vertex   4.258819e+00 4.603407e+01 6.400000e+00
      vertex   4.000000e+00 4.600000e+01 1.000000e+00
    endloop
  endfacet
  facet normal 9.238795e-01 -3.826834e-01 -1.519574e-16
    outer loop
      vertex   4.965926e+00 4.674118e+01 4.960000e+01
      vertex   4.965926e+00 4.674118e+01 5.500000e+01
      vertex   4.866025e+00 4.650000e+01 4.960000e+01
    endloop
  endfacet
  facet normal 9.238795e-01 -3.826834e-01 0.000000e+00
    outer loop
      vertex   4.866025e+00 4.650000e+01 4.960000e+01
      vertex   4.965926e+00 4.674118e+01 5.500000e+01
      vertex   4.866025e+00 4.650000e+01 5.500000e+01
    endloop
  endfacet
  facet normal 7.933533e-01 -6.087614e-01 0.000000e+00
    outer loop
      vertex   4.866025e+00 4.650000e+01 4.960000e+01
      vertex   4.866025e+00 4.650000e+01 5.500000e+01
      vertex   4.707107e+00 4.629289e+01 4.960000e+01
    endloop
  endfacet
  facet normal 7.933533e-01 -6.087614e-01 1.304888e-16
    outer loop
      vertex   4.707107e+00 4.629289e+01 4.960000e+01
      vertex   4.866025e+00 4.650000e+01 5.500000e+01
      vertex   4.707107e+00 4.629289e+01 5.500000e+01
    endloop
  endfacet
  facet normal 6.087614e-01 -7.933533e-01 1.001275e-16
    outer loop
      vertex   4.707107e+00 4.629289e+01 4.960000e+01
      vertex   4.707107e+00 4.629289e+01 5.500000e+01
      vertex   4.500000e+00 4.613398e+01 4.960000e+01
    endloop
  endfacet
  facet normal 6.087614e-01 -7.933533e-01 3.003826e-16
    outer loop
      vertex   4.500000e+00 4.613398e+01 4.960000e+01
      vertex   4.707107e+00 4.629289e+01 5.500000e+01
      vertex   4.500000e+00 4.613398e+01 5.500000e+01
    endloop
  endfacet
  facet normal 3.826834e-01 -9.238795e-01 1.888284e-16
    outer loop
      vertex   4.500000e+00 4.613398e+01 4.960000e+01
      vertex   4.500000e+00 4.613398e+01 5.500000e+01
      vertex   4.258819e+00 4.603407e+01 4.960000e+01
    endloop
  endfacet
  facet normal 3.826834e-01 -9.238795e-01 -6.294281e-17
    outer loop
      vertex   4.258819e+00 4.603407e+01 4.960000e+01
      vertex   4.500000e+00 4.613398e+01 5.500000e+01
      vertex   4.258819e+00 4.603407e+01 5.500000e+01
    endloop
  endfacet
  facet normal 1.305262e-01 -9.914449e-01 -2.146862e-17
    outer loop
      vertex   4.258819e+00 4.603407e+01 4.960000e+01
      vertex   4.258819e+00 4.603407e+01 5.500000e+01
      vertex   4.000000e+00 4.600000e+01 5.500000e+01
    endloop
  endfacet
  facet normal 1.305262e-01 -9.914449e-01 0.000000e+00
    outer loop
      vertex   4.000000e+00 4.600000e+01 1.000000e+00
      vertex   4.258819e+00 4.603407e+01 2.800000e+01
      vertex   4.000000e+00 4.600000e+01 5.500000e+01
    endloop
  endfacet
  facet normal 1.305262e-01 -9.914449e-01 0.000000e+00
    outer loop
      vertex   4.000000e+00 4.600000e+01 5.500000e+01
      vertex   4.258819e+00 4.603407e+01 2.800000e+01
      vertex   4.258819e+00 4.603407e+01 3.340000e+01
    endloop
  endfacet
  facet normal 1.305262e-01 -9.914449e-01 0.000000e+00
    outer loop
      vertex   4.000000e+00 4.600000e+01 5.500000e+01
      vertex   4.258819e+00 4.603407e+01 3.340000e+01
      vertex   4.258819e+00 4.603407e+01 3.880000e+01
    endloop
  endfacet
  facet normal 3.826834e-01 -9.238795e-01 0.000000e+00
    outer loop
      vertex   4.258819e+00 4.603407e+01 3.880000e+01
      vertex   4.258819e+00 4.603407e+01 3.340000e+01
      vertex   4.500000e+00 4.613398e+01 3.880000e+01
    endloop
  endfacet
  facet normal 3.826834e-01 -9.238795e-01 0.000000e+00
    outer loop
      vertex   4.258819e+00 4.603407e+01 3.880000e+01
      vertex   4.500000e+00 4.613398e+01 3.880000e+01
      vertex   4.500000e+00 4.613398e+01 4.420000e+01
    endloop
  endfacet
  facet normal 6.087614e-01 -7.933533e-01 0.000000e+00
    outer loop
      vertex   4.500000e+00 4.613398e+01 4.420000e+01
      vertex   4.500000e+00 4.613398e+01 3.880000e+01
      vertex   4.707107e+00 4.629289e+01 4.420000e+01
    endloop
  endfacet
  facet normal 6.087614e-01 -7.933533e-01 0.000000e+00
    outer loop
      vertex   4.500000e+00 4.613398e+01 4.420000e+01
      vertex   4.707107e+00 4.629289e+01 4.420000e+01
      vertex   4.707107e+00 4.629289e+01 4.960000e+01
    endloop
  endfacet
  facet normal 7.933533e-01 -6.087614e-01 0.000000e+00
    outer loop
      vertex   4.707107e+00 4.629289e+01 4.960000e+01
      vertex   4.707107e+00 4.629289e+01 4.420000e+01
      vertex   4.866025e+00 4.650000e+01 4.960000e+01
    endloop
  endfacet
  facet normal 9.914449e-01 -1.305262e-01 0.000000e+00
    outer loop
      vertex   5.000000e+00 4.700000e+01 5.500000e+01
      vertex   4.965926e+00 4.674118e+01 2.800000e+01
      vertex   5.000000e+00 4.700000e+01 1.000000e+00
    endloop
  endfacet
  facet normal 9.914449e-01 -1.305262e-01 0.000000e+00
    outer loop
      vertex   5.000000e+00 4.700000e+01 1.000000e+00
      vertex   4.965926e+00 4.674118e+01 2.800000e+01
      vertex   4.965926e+00 4.674118e+01 2.260000e+01
    endloop
  endfacet
  facet normal 9.914449e-01 -1.305262e-01 0.000000e+00
    outer loop
      vertex   5.000000e+00 4.700000e+01 1.000000e+00
      vertex   4.965926e+00 4.674118e+01 2.260000e+01
      vertex   4.965926e+00 4.674118e+01 1.720000e+01
    endloop
  endfacet
  facet normal 9.238795e-01 -3.826834e-01 0.000000e+00
    outer loop
      vertex   4.965926e+00 4.674118e+01 1.720000e+01
      vertex   4.965926e+00 4.674118e+01 2.260000e+01
      vertex   4.866025e+00 4.650000e+01 1.720000e+01
    endloop
  endfacet
  facet normal 9.238795e-01 -3.826834e-01 0.000000e+00
    outer loop
      vertex   4.965926e+00 4.674118e+01 1.720000e+01
      vertex   4.866025e+00 4.650000e+01 1.720000e+01
      vertex   4.866025e+00 4.650000e+01 1.180000e+01
    endloop
  endfacet
  facet normal 7.933533e-01 -6.087614e-01 0.000000e+00
    outer loop
      vertex   4.866025e+00 4.650000e+01 1.180000e+01
      vertex   4.866025e+00 4.650000e+01 1.720000e+01
      vertex   4.707107e+00 4.629289e+01 1.180000e+01
    endloop
  endfacet
  facet normal 9.238795e-01 -3.826834e-01 0.000000e+00
    outer loop
      vertex   4.965926e+00 4.674118e+01 4.420000e+01
      vertex   4.965926e+00 4.674118e+01 4.960000e+01
      vertex   4.866025e+00 4.650000e+01 4.420000e+01
    endloop
  endfacet
  facet normal 9.238795e-01 -3.826834e-01 0.000000e+00
    outer loop
      vertex   4.866025e+00 4.650000e+01 4.420000e+01
      vertex   4.965926e+00 4.674118e+01 4.960000e+01
      vertex   4.866025e+00 4.650000e+01 4.960000e+01
    endloop
  endfacet
  facet normal 7.933533e-01 -6.087614e-01 0.000000e+00
    outer loop
      vertex   4.866025e+00 4.650000e+01 4.420000e+01
      vertex   4.866025e+00 4.650000e+01 4.960000e+01
      vertex   4.707107e+00 4.629289e+01 4.420000e+01
    endloop
  endfacet
  facet normal 9.914449e-01 -1.305262e-01 0.000000e+00
    outer loop
      vertex   4.965926e+00 4.674118e+01 2.800000e+01
      vertex   5.000000e+00 4.700000e+01 5.500000e+01
      vertex   4.965926e+00 4.674118e+01 3.340000e+01
    endloop
  endfacet
  facet normal 9.914449e-01 -1.305262e-01 0.000000e+00
    outer loop
      vertex   4.965926e+00 4.674118e+01 3.340000e+01
      vertex   5.000000e+00 4.700000e+01 5.500000e+01
      vertex   4.965926e+00 4.674118e+01 3.880000e+01
    endloop
  endfacet
  facet normal 9.238795e-01 -3.826834e-01 0.000000e+00
    outer loop
      vertex   4.965926e+00 4.674118e+01 3.340000e+01
      vertex   4.965926e+00 4.674118e+01 3.880000e+01
      vertex   4.866025e+00 4.650000e+01 3.340000e+01
    endloop
  endfacet
  facet normal 9.238795e-01 -3.826834e-01 0.000000e+00
    outer loop
      vertex   4.965926e+00 4.674118e+01 2.800000e+01
      vertex   4.965926e+00 4.674118e+01 3.340000e+01
      vertex   4.866025e+00 4.650000e+01 2.800000e+01
    endloop
  endfacet
  facet normal 9.238795e-01 -3.826834e-01 0.000000e+00
    outer loop
      vertex   4.866025e+00 4.650000e+01 2.800000e+01
      vertex   4.965926e+00 4.674118e+01 3.340000e+01
      vertex   4.866025e+00 4.650000e+01 3.340000e+01
    endloop
  endfacet
  facet normal 7.933533e-01 -6.087614e-01 0.000000e+00
    outer loop
      vertex   4.866025e+00 4.650000e+01 2.800000e+01
      vertex   4.866025e+00 4.650000e+01 3.340000e+01
      vertex   4.707107e+00 4.629289e+01 2.800000e+01
    endloop
  endfacet
  facet normal 9.914449e-01 -1.305262e-01 0.000000e+00
    outer loop
      vertex   4.965926e+00 4.674118e+01 1.180000e+01
      vertex   5.000000e+00 4.700000e+01 1.000000e+00
      vertex   4.965926e+00 4.674118e+01 1.720000e+01
    endloop
  endfacet
  facet normal 9.238795e-01 -3.826834e-01 0.000000e+00
    outer loop
      vertex   4.965926e+00 4.674118e+01 2.260000e+01
      vertex   4.965926e+00 4.674118e+01 2.800000e+01
      vertex   4.866025e+00 4.650000e+01 2.260000e+01
    endloop
  endfacet
  facet normal 9.238795e-01 -3.826834e-01 0.000000e+00
    outer loop
      vertex   4.866025e+00 4.650000e+01 2.260000e+01
      vertex   4.965926e+00 4.674118e+01 2.800000e+01
      vertex   4.866025e+00 4.650000e+01 2.800000e+01
    endloop
  endfacet
  facet normal 7.933533e-01 -6.087614e-01 0.000000e+00
    outer loop
      vertex   4.866025e+00 4.650000e+01 2.260000e+01
      vertex   4.866025e+00 4.650000e+01 2.800000e+01
      vertex   4.707107e+00 4.629289e+01 2.260000e+01
    endloop
  endfacet
  facet normal 7.933533e-01 -6.087614e-01 0.000000e+00
    outer loop
      vertex   4.707107e+00 4.629289e+01 2.260000e+01
      vertex   4.866025e+00 4.650000e+01 2.800000e+01
      vertex   4.707107e+00 4.629289e+01 2.800000e+01
    endloop
  endfacet
  facet normal 6.087614e-01 -7.933533e-01 0.000000e+00
    outer loop
      vertex   4.707107e+00 4.629289e+01 2.260000e+01
      vertex   4.707107e+00 4.629289e+01 2.800000e+01
      vertex   4.500000e+00 4.613398e+01 2.260000e+01
    endloop
  endfacet
  facet normal 9.238795e-01 -3.826834e-01 0.000000e+00
    outer loop
      vertex   4.866025e+00 4.650000e+01 1.180000e+01
      vertex   4.965926e+00 4.674118e+01 1.180000e+01
      vertex   4.965926e+00 4.674118e+01 1.720000e+01
    endloop
  endfacet
  facet normal 9.238795e-01 -3.826834e-01 0.000000e+00
    outer loop
      vertex   4.965926e+00 4.674118e+01 4.420000e+01
      vertex   4.866025e+00 4.650000e+01 4.420000e+01
      vertex   4.866025e+00 4.650000e+01 3.880000e+01
    endloop
  endfacet
  facet normal 7.933533e-01 -6.087614e-01 0.000000e+00
    outer loop
      vertex   4.866025e+00 4.650000e+01 3.880000e+01
      vertex   4.866025e+00 4.650000e+01 4.420000e+01
      vertex   4.707107e+00 4.629289e+01 3.880000e+01
    endloop
  endfacet
  facet normal 7.933533e-01 -6.087614e-01 0.000000e+00
    outer loop
      vertex   4.866025e+00 4.650000e+01 3.880000e+01
      vertex   4.707107e+00 4.629289e+01 3.880000e+01
      vertex   4.707107e+00 4.629289e+01 3.340000e+01
    endloop
  endfacet
  facet normal 6.087614e-01 -7.933533e-01 0.000000e+00
    outer loop
      vertex   4.707107e+00 4.629289e+01 3.340000e+01
      vertex   4.707107e+00 4.629289e+01 3.880000e+01
      vertex   4.500000e+00 4.613398e+01 3.340000e+01
    endloop
  endfacet
  facet normal 6.087614e-01 -7.933533e-01 0.000000e+00
    outer loop
      vertex   4.707107e+00 4.629289e+01 3.340000e+01
      vertex   4.500000e+00 4.613398e+01 3.340000e+01
      vertex   4.500000e+00 4.613398e+01 2.800000e+01
    endloop
  endfacet
  facet normal 3.826834e-01 -9.238795e-01 0.000000e+00
    outer loop
      vertex   4.500000e+00 4.613398e+01 2.800000e+01
      vertex   4.500000e+00 4.613398e+01 3.340000e+01
      vertex   4.258819e+00 4.603407e+01 2.800000e+01
    endloop
  endfacet
  facet normal 3.826834e-01 -9.238795e-01 0.000000e+00
    outer loop
      vertex   4.500000e+00 4.613398e+01 2.800000e+01
      vertex   4.258819e+00 4.603407e+01 2.800000e+01
      vertex   4.258819e+00 4.603407e+01 2.260000e+01
    endloop
  endfacet
  facet normal 1.305262e-01 -9.914449e-01 0.000000e+00
    outer loop
      vertex   4.258819e+00 4.603407e+01 2.260000e+01
      vertex   4.258819e+00 4.603407e+01 2.800000e+01
      vertex   4.000000e+00 4.600000e+01 1.000000e+00
    endloop
  endfacet
  facet normal 7.933533e-01 -6.087614e-01 0.000000e+00
    outer loop
      vertex   4.707107e+00 4.629289e+01 3.880000e+01
      vertex   4.866025e+00 4.650000e+01 4.420000e+01
      vertex   4.707107e+00 4.629289e+01 4.420000e+01
    endloop
  endfacet
  facet normal 9.238795e-01 -3.826834e-01 0.000000e+00
    outer loop
      vertex   4.965926e+00 4.674118e+01 2.260000e+01
      vertex   4.866025e+00 4.650000e+01 2.260000e+01
      vertex   4.866025e+00 4.650000e+01 1.720000e+01
    endloop
  endfacet
  facet normal 7.933533e-01 -6.087614e-01 0.000000e+00
    outer loop
      vertex   4.866025e+00 4.650000e+01 1.720000e+01
      vertex   4.866025e+00 4.650000e+01 2.260000e+01
      vertex   4.707107e+00 4.629289e+01 1.720000e+01
    endloop
  endfacet
  facet normal 7.933533e-01 -6.087614e-01 0.000000e+00
    outer loop
      vertex   4.866025e+00 4.650000e+01 1.720000e+01
      vertex   4.707107e+00 4.629289e+01 1.720000e+01
      vertex   4.707107e+00 4.629289e+01 1.180000e+01
    endloop
  endfacet
  facet normal 6.087614e-01 -7.933533e-01 0.000000e+00
    outer loop
      vertex   4.707107e+00 4.629289e+01 1.180000e+01
      vertex   4.707107e+00 4.629289e+01 1.720000e+01
      vertex   4.500000e+00 4.613398e+01 1.180000e+01
    endloop
  endfacet
  facet normal 7.933533e-01 -6.087614e-01 0.000000e+00
    outer loop
      vertex   4.707107e+00 4.629289e+01 1.720000e+01
      vertex   4.866025e+00 4.650000e+01 2.260000e+01
      vertex   4.707107e+00 4.629289e+01 2.260000e+01
    endloop
  endfacet
  facet normal 6.087614e-01 -7.933533e-01 0.000000e+00
    outer loop
      vertex   4.500000e+00 4.613398e+01 4.420000e+01
      vertex   4.707107e+00 4.629289e+01 4.960000e+01
      vertex   4.500000e+00 4.613398e+01 4.960000e+01
    endloop
  endfacet
  facet normal 6.087614e-01 -7.933533e-01 0.000000e+00
    outer loop
      vertex   4.500000e+00 4.613398e+01 3.340000e+01
      vertex   4.707107e+00 4.629289e+01 3.880000e+01
      vertex   4.500000e+00 4.613398e+01 3.880000e+01
    endloop
  endfacet
  facet normal 6.087614e-01 -7.933533e-01 0.000000e+00
    outer loop
      vertex   4.500000e+00 4.613398e+01 3.880000e+01
      vertex   4.707107e+00 4.629289e+01 3.880000e+01
      vertex   4.707107e+00 4.629289e+01 4.420000e+01
    endloop
  endfacet
  facet normal 6.087614e-01 -7.933533e-01 0.000000e+00
    outer loop
      vertex   4.707107e+00 4.629289e+01 1.720000e+01
      vertex   4.707107e+00 4.629289e+01 2.260000e+01
      vertex   4.500000e+00 4.613398e+01 1.720000e+01
    endloop
  endfacet
  facet normal 6.087614e-01 -7.933533e-01 0.000000e+00
    outer loop
      vertex   4.500000e+00 4.613398e+01 1.720000e+01
      vertex   4.707107e+00 4.629289e+01 2.260000e+01
      vertex   4.500000e+00 4.613398e+01 2.260000e+01
    endloop
  endfacet
  facet normal 3.826834e-01 -9.238795e-01 0.000000e+00
    outer loop
      vertex   4.500000e+00 4.613398e+01 1.720000e+01
      vertex   4.500000e+00 4.613398e+01 2.260000e+01
      vertex   4.258819e+00 4.603407e+01 1.720000e+01
    endloop
  endfacet
  facet normal 3.826834e-01 -9.238795e-01 0.000000e+00
    outer loop
      vertex   4.500000e+00 4.613398e+01 4.420000e+01
      vertex   4.500000e+00 4.613398e+01 4.960000e+01
      vertex   4.258819e+00 4.603407e+01 4.420000e+01
    endloop
  endfacet
  facet normal 3.826834e-01 -9.238795e-01 0.000000e+00
    outer loop
      vertex   4.258819e+00 4.603407e+01 4.420000e+01
      vertex   4.500000e+00 4.613398e+01 4.960000e+01
      vertex   4.258819e+00 4.603407e+01 4.960000e+01
    endloop
  endfacet
  facet normal 1.305262e-01 -9.914449e-01 0.000000e+00
    outer loop
      vertex   4.258819e+00 4.603407e+01 4.420000e+01
      vertex   4.258819e+00 4.603407e+01 4.960000e+01
      vertex   4.000000e+00 4.600000e+01 5.500000e+01
    endloop
  endfacet
  facet normal 3.826834e-01 -9.238795e-01 0.000000e+00
    outer loop
      vertex   4.258819e+00 4.603407e+01 2.800000e+01
      vertex   4.500000e+00 4.613398e+01 3.340000e+01
      vertex   4.258819e+00 4.603407e+01 3.340000e+01
    endloop
  endfacet
  facet normal 3.826834e-01 -9.238795e-01 0.000000e+00
    outer loop
      vertex   4.258819e+00 4.603407e+01 3.340000e+01
      vertex   4.500000e+00 4.613398e+01 3.340000e+01
      vertex   4.500000e+00 4.613398e+01 3.880000e+01
    endloop
  endfacet
  facet normal 3.826834e-01 -9.238795e-01 0.000000e+00
    outer loop
      vertex   4.258819e+00 4.603407e+01 1.180000e+01
      vertex   4.500000e+00 4.613398e+01 1.180000e+01
      vertex   4.500000e+00 4.613398e+01 1.720000e+01
    endloop
  endfacet
  facet normal 6.087614e-01 -7.933533e-01 0.000000e+00
    outer loop
      vertex   4.500000e+00 4.613398e+01 1.720000e+01
      vertex   4.500000e+00 4.613398e+01 1.180000e+01
      vertex   4.707107e+00 4.629289e+01 1.720000e+01
    endloop
  endfacet
  facet normal 3.826834e-01 -9.238795e-01 0.000000e+00
    outer loop
      vertex   4.258819e+00 4.603407e+01 1.180000e+01
      vertex   4.500000e+00 4.613398e+01 1.720000e+01
      vertex   4.258819e+00 4.603407e+01 1.720000e+01
    endloop
  endfacet
  facet normal 1.305262e-01 -9.914449e-01 0.000000e+00
    outer loop
      vertex   4.000000e+00 4.600000e+01 5.500000e+01
      vertex   4.258819e+00 4.603407e+01 3.880000e+01
      vertex   4.258819e+00 4.603407e+01 4.420000e+01
    endloop
  endfacet
  facet normal 3.826834e-01 -9.238795e-01 0.000000e+00
    outer loop
      vertex   4.258819e+00 4.603407e+01 4.420000e+01
      vertex   4.258819e+00 4.603407e+01 3.880000e+01
      vertex   4.500000e+00 4.613398e+01 4.420000e+01
    endloop
  endfacet
  facet normal 0.000000e+00 -1.000000e+00 0.000000e+00
    outer loop
      vertex   -3.400000e+01 4.600000e+01 5.500000e+01
      vertex   -2.487868e+01 4.600000e+01 2.112132e+01
      vertex   4.000000e+00 4.600000e+01 5.500000e+01
    endloop
  endfacet
  facet normal 0.000000e+00 -1.000000e+00 0.000000e+00
    outer loop
      vertex   4.000000e+00 4.600000e+01 5.500000e+01
      vertex   -2.487868e+01 4.600000e+01 2.112132e+01
      vertex   -2.450559e+01 4.600000e+01 2.066671e+01
    endloop
  endfacet
  facet normal 0.000000e+00 -1.000000e+00 0.000000e+00
    outer loop
      vertex   4.000000e+00 4.600000e+01 5.500000e+01
      vertex   -2.450559e+01 4.600000e+01 2.066671e+01
      vertex   -2.422836e+01 4.600000e+01 2.014805e+01
    endloop
  endfacet
  facet normal 0.000000e+00 -1.000000e+00 0.000000e+00
    outer loop
      vertex   -3.400000e+01 4.600000e+01 2.200000e+01
      vertex   -2.700000e+01 4.600000e+01 2.200000e+01
      vertex   -3.400000e+01 4.600000e+01 5.500000e+01
    endloop
  endfacet
  facet normal 0.000000e+00 -1.000000e+00 0.000000e+00
    outer loop
      vertex   -3.400000e+01 4.600000e+01 5.500000e+01
      vertex   -2.700000e+01 4.600000e+01 2.200000e+01
      vertex   -2.641473e+01 4.600000e+01 2.194236e+01
    endloop
  endfacet
  facet normal 0.000000e+00 -1.000000e+00 0.000000e+00
    outer loop
      vertex   -3.400000e+01 4.600000e+01 5.500000e+01
      vertex   -2.641473e+01 4.600000e+01 2.194236e+01
      vertex   -2.585195e+01 4.600000e+01 2.177164e+01
    endloop
  endfacet
  facet normal 0.000000e+00 -1.000000e+00 0.000000e+00
    outer loop
      vertex   -2.585195e+01 4.600000e+01 2.177164e+01
      vertex   -2.533329e+01 4.600000e+01 2.149441e+01
      vertex   -3.400000e+01 4.600000e+01 5.500000e+01
    endloop
  endfacet
  facet normal 0.000000e+00 -1.000000e+00 0.000000e+00
    outer loop
      vertex   -3.400000e+01 4.600000e+01 5.500000e+01
      vertex   -2.533329e+01 4.600000e+01 2.149441e+01
      vertex   -2.487868e+01 4.600000e+01 2.112132e+01
    endloop
  endfacet
  facet normal 0.000000e+00 -1.000000e+00 0.000000e+00
    outer loop
      vertex   -2.422836e+01 4.600000e+01 2.014805e+01
      vertex   -2.405764e+01 4.600000e+01 1.958527e+01
      vertex   4.000000e+00 4.600000e+01 5.500000e+01
    endloop
  endfacet
  facet normal 0.000000e+00 -1.000000e+00 -0.000000e+00
    outer loop
      vertex   4.000000e+00 4.600000e+01 5.500000e+01
      vertex   -2.405764e+01 4.600000e+01 1.958527e+01
      vertex   4.000000e+00 4.600000e+01 1.000000e+00
    endloop
  endfacet
  facet normal 0.000000e+00 -1.000000e+00 0.000000e+00
    outer loop
      vertex   4.000000e+00 4.600000e+01 1.000000e+00
      vertex   -2.405764e+01 4.600000e+01 1.958527e+01
      vertex   -2.400000e+01 4.600000e+01 1.900000e+01
    endloop
  endfacet
  facet normal 0.000000e+00 -1.000000e+00 0.000000e+00
    outer loop
      vertex   4.000000e+00 4.600000e+01 1.000000e+00
      vertex   -2.400000e+01 4.600000e+01 1.900000e+01
      vertex   -2.400000e+01 4.600000e+01 1.000000e+00
    endloop
  endfacet
  facet normal -1.305262e-01 -9.914449e-01 1.280844e-15
    outer loop
      vertex   -3.425882e+01 4.603407e+01 5.500000e+01
      vertex   -3.425882e+01 4.603407e+01 4.950000e+01
      vertex   -3.400000e+01 4.600000e+01 5.500000e+01
    endloop
  endfacet
  facet normal -1.305262e-01 -9.914449e-01 0.000000e+00
    outer loop
      vertex   -3.400000e+01 4.600000e+01 5.500000e+01
      vertex   -3.425882e+01 4.603407e+01 4.950000e+01
      vertex   -3.425882e+01 4.603407e+01 4.400000e+01
    endloop
  endfacet
  facet normal -1.305262e-01 -9.914449e-01 0.000000e+00
    outer loop
      vertex   -3.400000e+01 4.600000e+01 5.500000e+01
      vertex   -3.425882e+01 4.603407e+01 4.400000e+01
      vertex   -3.425882e+01 4.603407e+01 3.850000e+01
    endloop
  endfacet
  facet normal -3.826834e-01 -9.238795e-01 0.000000e+00
    outer loop
      vertex   -3.425882e+01 4.603407e+01 3.850000e+01
      vertex   -3.425882e+01 4.603407e+01 4.400000e+01
      vertex   -3.450000e+01 4.613398e+01 3.850000e+01
    endloop
  endfacet
  facet normal -3.826834e-01 -9.238795e-01 0.000000e+00
    outer loop
      vertex   -3.425882e+01 4.603407e+01 3.850000e+01
      vertex   -3.450000e+01 4.613398e+01 3.850000e+01
      vertex   -3.450000e+01 4.613398e+01 3.300000e+01
    endloop
  endfacet
  facet normal -6.087614e-01 -7.933533e-01 0.000000e+00
    outer loop
      vertex   -3.450000e+01 4.613398e+01 3.300000e+01
      vertex   -3.450000e+01 4.613398e+01 3.850000e+01
      vertex   -3.470711e+01 4.629289e+01 3.300000e+01
    endloop
  endfacet
  facet normal -6.087614e-01 -7.933533e-01 0.000000e+00
    outer loop
      vertex   -3.450000e+01 4.613398e+01 3.300000e+01
      vertex   -3.470711e+01 4.629289e+01 3.300000e+01
      vertex   -3.470711e+01 4.629289e+01 2.750000e+01
    endloop
  endfacet
  facet normal -7.933533e-01 -6.087614e-01 0.000000e+00
    outer loop
      vertex   -3.470711e+01 4.629289e+01 2.750000e+01
      vertex   -3.470711e+01 4.629289e+01 3.300000e+01
      vertex   -3.486603e+01 4.650000e+01 2.750000e+01
    endloop
  endfacet
  facet normal -7.933533e-01 -6.087614e-01 0.000000e+00
    outer loop
      vertex   -3.470711e+01 4.629289e+01 2.750000e+01
      vertex   -3.486603e+01 4.650000e+01 2.750000e+01
      vertex   -3.486603e+01 4.650000e+01 2.200000e+01
    endloop
  endfacet
  facet normal -9.238795e-01 -3.826834e-01 0.000000e+00
    outer loop
      vertex   -3.486603e+01 4.650000e+01 2.200000e+01
      vertex   -3.486603e+01 4.650000e+01 2.750000e+01
      vertex   -3.496593e+01 4.674118e+01 2.200000e+01
    endloop
  endfacet
  facet normal -9.238795e-01 -3.826834e-01 0.000000e+00
    outer loop
      vertex   -3.496593e+01 4.674118e+01 2.200000e+01
      vertex   -3.486603e+01 4.650000e+01 2.750000e+01
      vertex   -3.496593e+01 4.674118e+01 2.750000e+01
    endloop
  endfacet
  facet normal -9.914449e-01 -1.305262e-01 0.000000e+00
    outer loop
      vertex   -3.496593e+01 4.674118e+01 2.200000e+01
      vertex   -3.496593e+01 4.674118e+01 2.750000e+01
      vertex   -3.500000e+01 4.700000e+01 2.200000e+01
    endloop
  endfacet
  facet normal -9.914449e-01 -1.305262e-01 0.000000e+00
    outer loop
      vertex   -3.500000e+01 4.700000e+01 2.200000e+01
      vertex   -3.496593e+01 4.674118e+01 2.750000e+01
      vertex   -3.496593e+01 4.674118e+01 3.300000e+01
    endloop
  endfacet
  facet normal -9.914449e-01 -1.305262e-01 0.000000e+00
    outer loop
      vertex   -3.500000e+01 4.700000e+01 2.200000e+01
      vertex   -3.496593e+01 4.674118e+01 3.300000e+01
      vertex   -3.496593e+01 4.674118e+01 3.850000e+01
    endloop
  endfacet
  facet normal -9.238795e-01 -3.826834e-01 -0.000000e+00
    outer loop
      vertex   -3.496593e+01 4.674118e+01 3.850000e+01
      vertex   -3.496593e+01 4.674118e+01 3.300000e+01
      vertex   -3.486603e+01 4.650000e+01 3.850000e+01
    endloop
  endfacet
  facet normal -9.238795e-01 -3.826834e-01 0.000000e+00
    outer loop
      vertex   -3.496593e+01 4.674118e+01 3.850000e+01
      vertex   -3.486603e+01 4.650000e+01 3.850000e+01
      vertex   -3.486603e+01 4.650000e+01 4.400000e+01
    endloop
  endfacet
  facet normal -7.933533e-01 -6.087614e-01 -0.000000e+00
    outer loop
      vertex   -3.486603e+01 4.650000e+01 4.400000e+01
      vertex   -3.486603e+01 4.650000e+01 3.850000e+01
      vertex   -3.470711e+01 4.629289e+01 4.400000e+01
    endloop
  endfacet
  facet normal -7.933533e-01 -6.087614e-01 0.000000e+00
    outer loop
      vertex   -3.486603e+01 4.650000e+01 4.400000e+01
      vertex   -3.470711e+01 4.629289e+01 4.400000e+01
      vertex   -3.470711e+01 4.629289e+01 4.950000e+01
    endloop
  endfacet
  facet normal -6.087614e-01 -7.933533e-01 -0.000000e+00
    outer loop
      vertex   -3.470711e+01 4.629289e+01 4.950000e+01
      vertex   -3.470711e+01 4.629289e+01 4.400000e+01
      vertex   -3.450000e+01 4.613398e+01 4.950000e+01
    endloop
  endfacet
  facet normal -6.087614e-01 -7.933533e-01 0.000000e+00
    outer loop
      vertex   -3.470711e+01 4.629289e+01 4.950000e+01
      vertex   -3.450000e+01 4.613398e+01 4.950000e+01
      vertex   -3.450000e+01 4.613398e+01 5.500000e+01
    endloop
  endfacet
  facet normal -3.826834e-01 -9.238795e-01 -0.000000e+00
    outer loop
      vertex   -3.450000e+01 4.613398e+01 5.500000e+01
      vertex   -3.450000e+01 4.613398e+01 4.950000e+01
      vertex   -3.425882e+01 4.603407e+01 5.500000e+01
    endloop
  endfacet
  facet normal -3.826834e-01 -9.238795e-01 1.193556e-15
    outer loop
      vertex   -3.425882e+01 4.603407e+01 5.500000e+01
      vertex   -3.450000e+01 4.613398e+01 4.950000e+01
      vertex   -3.425882e+01 4.603407e+01 4.950000e+01
    endloop
  endfacet
  facet normal -6.087614e-01 -7.933533e-01 0.000000e+00
    outer loop
      vertex   -3.450000e+01 4.613398e+01 5.500000e+01
      vertex   -3.470711e+01 4.629289e+01 5.500000e+01
      vertex   -3.470711e+01 4.629289e+01 4.950000e+01
    endloop
  endfacet
  facet normal -7.933533e-01 -6.087614e-01 0.000000e+00
    outer loop
      vertex   -3.470711e+01 4.629289e+01 4.950000e+01
      vertex   -3.470711e+01 4.629289e+01 5.500000e+01
      vertex   -3.486603e+01 4.650000e+01 4.950000e+01
    endloop
  endfacet
  facet normal -7.933533e-01 -6.087614e-01 0.000000e+00
    outer loop
      vertex   -3.470711e+01 4.629289e+01 4.950000e+01
      vertex   -3.486603e+01 4.650000e+01 4.950000e+01
      vertex   -3.486603e+01 4.650000e+01 4.400000e+01
    endloop
  endfacet
  facet normal -9.238795e-01 -3.826834e-01 0.000000e+00
    outer loop
      vertex   -3.486603e+01 4.650000e+01 4.400000e+01
      vertex   -3.486603e+01 4.650000e+01 4.950000e+01
      vertex   -3.496593e+01 4.674118e+01 4.400000e+01
    endloop
  endfacet
  facet normal -9.238795e-01 -3.826834e-01 4.929468e-16
    outer loop
      vertex   -3.486603e+01 4.650000e+01 4.400000e+01
      vertex   -3.496593e+01 4.674118e+01 4.400000e+01
      vertex   -3.496593e+01 4.674118e+01 3.850000e+01
    endloop
  endfacet
  facet normal -9.914449e-01 -1.305262e-01 1.686263e-16
    outer loop
      vertex   -3.496593e+01 4.674118e+01 3.850000e+01
      vertex   -3.496593e+01 4.674118e+01 4.400000e+01
      vertex   -3.500000e+01 4.700000e+01 5.500000e+01
    endloop
  endfacet
  facet normal -9.914449e-01 -1.305262e-01 0.000000e+00
    outer loop
      vertex   -3.496593e+01 4.674118e+01 3.850000e+01
      vertex   -3.500000e+01 4.700000e+01 5.500000e+01
      vertex   -3.500000e+01 4.700000e+01 2.200000e+01
    endloop
  endfacet
  facet normal -7.933533e-01 -6.087614e-01 1.029389e-15
    outer loop
      vertex   -3.470711e+01 4.629289e+01 5.500000e+01
      vertex   -3.486603e+01 4.650000e+01 5.500000e+01
      vertex   -3.486603e+01 4.650000e+01 4.950000e+01
    endloop
  endfacet
  facet normal -9.238795e-01 -3.826834e-01 1.193556e-15
    outer loop
      vertex   -3.486603e+01 4.650000e+01 4.950000e+01
      vertex   -3.486603e+01 4.650000e+01 5.500000e+01
      vertex   -3.496593e+01 4.674118e+01 4.950000e+01
    endloop
  endfacet
  facet normal -9.238795e-01 -3.826834e-01 0.000000e+00
    outer loop
      vertex   -3.486603e+01 4.650000e+01 4.950000e+01
      vertex   -3.496593e+01 4.674118e+01 4.950000e+01
      vertex   -3.496593e+01 4.674118e+01 4.400000e+01
    endloop
  endfacet
  facet normal -9.914449e-01 -1.305262e-01 0.000000e+00
    outer loop
      vertex   -3.496593e+01 4.674118e+01 4.400000e+01
      vertex   -3.496593e+01 4.674118e+01 4.950000e+01
      vertex   -3.500000e+01 4.700000e+01 5.500000e+01
    endloop
  endfacet
  facet normal -9.238795e-01 -3.826834e-01 0.000000e+00
    outer loop
      vertex   -3.486603e+01 4.650000e+01 5.500000e+01
      vertex   -3.496593e+01 4.674118e+01 5.500000e+01
      vertex   -3.496593e+01 4.674118e+01 4.950000e+01
    endloop
  endfacet
  facet normal -9.914449e-01 -1.305262e-01 0.000000e+00
    outer loop
      vertex   -3.496593e+01 4.674118e+01 4.950000e+01
      vertex   -3.496593e+01 4.674118e+01 5.500000e+01
      vertex   -3.500000e+01 4.700000e+01 5.500000e+01
    endloop
  endfacet
  facet normal -7.933533e-01 -6.087614e-01 0.000000e+00
    outer loop
      vertex   -3.486603e+01 4.650000e+01 2.200000e+01
      vertex   -3.470711e+01 4.629289e+01 2.200000e+01
      vertex   -3.470711e+01 4.629289e+01 2.750000e+01
    endloop
  endfacet
  facet normal -6.087614e-01 -7.933533e-01 -0.000000e+00
    outer loop
      vertex   -3.470711e+01 4.629289e+01 2.750000e+01
      vertex   -3.470711e+01 4.629289e+01 2.200000e+01
      vertex   -3.450000e+01 4.613398e+01 2.750000e+01
    endloop
  endfacet
  facet normal -6.087614e-01 -7.933533e-01 0.000000e+00
    outer loop
      vertex   -3.470711e+01 4.629289e+01 2.750000e+01
      vertex   -3.450000e+01 4.613398e+01 2.750000e+01
      vertex   -3.450000e+01 4.613398e+01 3.300000e+01
    endloop
  endfacet
  facet normal -3.826834e-01 -9.238795e-01 -0.000000e+00
    outer loop
      vertex   -3.450000e+01 4.613398e+01 3.300000e+01
      vertex   -3.450000e+01 4.613398e+01 2.750000e+01
      vertex   -3.425882e+01 4.603407e+01 3.300000e+01
    endloop
  endfacet
  facet normal -3.826834e-01 -9.238795e-01 0.000000e+00
    outer loop
      vertex   -3.450000e+01 4.613398e+01 3.300000e+01
      vertex   -3.425882e+01 4.603407e+01 3.300000e+01
      vertex   -3.425882e+01 4.603407e+01 3.850000e+01
    endloop
  endfacet
  facet normal -1.305262e-01 -9.914449e-01 -0.000000e+00
    outer loop
      vertex   -3.425882e+01 4.603407e+01 3.850000e+01
      vertex   -3.425882e+01 4.603407e+01 3.300000e+01
      vertex   -3.400000e+01 4.600000e+01 2.200000e+01
    endloop
  endfacet
  facet normal -1.305262e-01 -9.914449e-01 -2.819140e-17
    outer loop
      vertex   -3.425882e+01 4.603407e+01 3.850000e+01
      vertex   -3.400000e+01 4.600000e+01 2.200000e+01
      vertex   -3.400000e+01 4.600000e+01 5.500000e+01
    endloop
  endfacet
  facet normal -6.087614e-01 -7.933533e-01 0.000000e+00
    outer loop
      vertex   -3.470711e+01 4.629289e+01 2.200000e+01
      vertex   -3.450000e+01 4.613398e+01 2.200000e+01
      vertex   -3.450000e+01 4.613398e+01 2.750000e+01
    endloop
  endfacet
  facet normal -3.826834e-01 -9.238795e-01 -0.000000e+00
    outer loop
      vertex   -3.450000e+01 4.613398e+01 2.750000e+01
      vertex   -3.450000e+01 4.613398e+01 2.200000e+01
      vertex   -3.425882e+01 4.603407e+01 2.750000e+01
    endloop
  endfacet
  facet normal -3.826834e-01 -9.238795e-01 0.000000e+00
    outer loop
      vertex   -3.450000e+01 4.613398e+01 2.750000e+01
      vertex   -3.425882e+01 4.603407e+01 2.750000e+01
      vertex   -3.425882e+01 4.603407e+01 3.300000e+01
    endloop
  endfacet
  facet normal -1.305262e-01 -9.914449e-01 -0.000000e+00
    outer loop
      vertex   -3.425882e+01 4.603407e+01 3.300000e+01
      vertex   -3.425882e+01 4.603407e+01 2.750000e+01
      vertex   -3.400000e+01 4.600000e+01 2.200000e+01
    endloop
  endfacet
  facet normal -3.826834e-01 -9.238795e-01 0.000000e+00
    outer loop
      vertex   -3.450000e+01 4.613398e+01 2.200000e+01
      vertex   -3.425882e+01 4.603407e+01 2.200000e+01
      vertex   -3.425882e+01 4.603407e+01 2.750000e+01
    endloop
  endfacet
  facet normal -1.305262e-01 -9.914449e-01 -0.000000e+00
    outer loop
      vertex   -3.425882e+01 4.603407e+01 2.750000e+01
      vertex   -3.425882e+01 4.603407e+01 2.200000e+01
      vertex   -3.400000e+01 4.600000e+01 2.200000e+01
    endloop
  endfacet
  facet normal -3.826834e-01 -9.238795e-01 0.000000e+00
    outer loop
      vertex   -3.425882e+01 4.603407e+01 4.400000e+01
      vertex   -3.425882e+01 4.603407e+01 4.950000e+01
      vertex   -3.450000e+01 4.613398e+01 4.400000e+01
    endloop
  endfacet
  facet normal -3.826834e-01 -9.238795e-01 0.000000e+00
    outer loop
      vertex   -3.450000e+01 4.613398e+01 4.400000e+01
      vertex   -3.425882e+01 4.603407e+01 4.950000e+01
      vertex   -3.450000e+01 4.613398e+01 4.950000e+01
    endloop
  endfacet
  facet normal -6.087614e-01 -7.933533e-01 0.000000e+00
    outer loop
      vertex   -3.450000e+01 4.613398e+01 4.400000e+01
      vertex   -3.450000e+01 4.613398e+01 4.950000e+01
      vertex   -3.470711e+01 4.629289e+01 4.400000e+01
    endloop
  endfacet
  facet normal -3.826834e-01 -9.238795e-01 0.000000e+00
    outer loop
      vertex   -3.425882e+01 4.603407e+01 4.400000e+01
      vertex   -3.450000e+01 4.613398e+01 4.400000e+01
      vertex   -3.450000e+01 4.613398e+01 3.850000e+01
    endloop
  endfacet
  facet normal -6.087614e-01 -7.933533e-01 0.000000e+00
    outer loop
      vertex   -3.450000e+01 4.613398e+01 3.850000e+01
      vertex   -3.450000e+01 4.613398e+01 4.400000e+01
      vertex   -3.470711e+01 4.629289e+01 3.850000e+01
    endloop
  endfacet
  facet normal -6.087614e-01 -7.933533e-01 0.000000e+00
    outer loop
      vertex   -3.450000e+01 4.613398e+01 3.850000e+01
      vertex   -3.470711e+01 4.629289e+01 3.850000e+01
      vertex   -3.470711e+01 4.629289e+01 3.300000e+01
    endloop
  endfacet
  facet normal -7.933533e-01 -6.087614e-01 0.000000e+00
    outer loop
      vertex   -3.470711e+01 4.629289e+01 3.300000e+01
      vertex   -3.470711e+01 4.629289e+01 3.850000e+01
      vertex   -3.486603e+01 4.650000e+01 3.300000e+01
    endloop
  endfacet
  facet normal -7.933533e-01 -6.087614e-01 0.000000e+00
    outer loop
      vertex   -3.470711e+01 4.629289e+01 3.300000e+01
      vertex   -3.486603e+01 4.650000e+01 3.300000e+01
      vertex   -3.486603e+01 4.650000e+01 2.750000e+01
    endloop
  endfacet
  facet normal -9.238795e-01 -3.826834e-01 0.000000e+00
    outer loop
      vertex   -3.486603e+01 4.650000e+01 2.750000e+01
      vertex   -3.486603e+01 4.650000e+01 3.300000e+01
      vertex   -3.496593e+01 4.674118e+01 2.750000e+01
    endloop
  endfacet
  facet normal -6.087614e-01 -7.933533e-01 0.000000e+00
    outer loop
      vertex   -3.470711e+01 4.629289e+01 3.850000e+01
      vertex   -3.450000e+01 4.613398e+01 4.400000e+01
      vertex   -3.470711e+01 4.629289e+01 4.400000e+01
    endloop
  endfacet
  facet normal -7.933533e-01 -6.087614e-01 0.000000e+00
    outer loop
      vertex   -3.486603e+01 4.650000e+01 3.300000e+01
      vertex   -3.470711e+01 4.629289e+01 3.850000e+01
      vertex   -3.486603e+01 4.650000e+01 3.850000e+01
    endloop
  endfacet
  facet normal -7.933533e-01 -6.087614e-01 0.000000e+00
    outer loop
      vertex   -3.486603e+01 4.650000e+01 3.850000e+01
      vertex   -3.470711e+01 4.629289e+01 3.850000e+01
      vertex   -3.470711e+01 4.629289e+01 4.400000e+01
    endloop
  endfacet
  facet normal -9.238795e-01 -3.826834e-01 0.000000e+00
    outer loop
      vertex   -3.496593e+01 4.674118e+01 2.750000e+01
      vertex   -3.486603e+01 4.650000e+01 3.300000e+01
      vertex   -3.496593e+01 4.674118e+01 3.300000e+01
    endloop
  endfacet
  facet normal -9.238795e-01 -3.826834e-01 0.000000e+00
    outer loop
      vertex   -3.496593e+01 4.674118e+01 3.300000e+01
      vertex   -3.486603e+01 4.650000e+01 3.300000e+01
      vertex   -3.486603e+01 4.650000e+01 3.850000e+01
    endloop
  endfacet
  facet normal -1.000000e+00 -1.086898e-14 -1.430162e-30
    outer loop
      vertex   -3.500000e+01 6.103880e+01 1.000000e+00
      vertex   -3.500000e+01 6.038506e+01 6.000000e+00
      vertex   -3.500000e+01 6.103880e+01 5.500000e+01
    endloop
  endfacet
  facet normal -1.000000e+00 -1.086898e-14 4.546429e-29
    outer loop
      vertex   -3.500000e+01 6.103880e+01 5.500000e+01
      vertex   -3.500000e+01 6.038506e+01 6.000000e+00
      vertex   -3.500000e+01 6.038506e+01 5.016537e+01
    endloop
  endfacet
  facet normal -1.000000e+00 -6.288525e-15 -6.193657e-16
    outer loop
      vertex   -3.500000e+01 6.103880e+01 5.500000e+01
      vertex   -3.500000e+01 6.038506e+01 5.016537e+01
      vertex   -3.500000e+01 6.032742e+01 5.075065e+01
    endloop
  endfacet
  facet normal -1.000000e+00 0.000000e+00 0.000000e+00
    outer loop
      vertex   -3.500000e+01 -3.000000e+00 1.000000e+00
      vertex   -3.500000e+01 2.900000e+01 5.900000e+00
      vertex   -3.500000e+01 6.103880e+01 1.000000e+00
    endloop
  endfacet
  facet normal -1.000000e+00 0.000000e+00 0.000000e+00
    outer loop
      vertex   -3.500000e+01 6.103880e+01 1.000000e+00
      vertex   -3.500000e+01 2.900000e+01 5.900000e+00
      vertex   -3.500000e+01 2.971196e+01 5.962288e+00
    endloop
  endfacet
  facet normal -1.000000e+00 0.000000e+00 0.000000e+00
    outer loop
      vertex   -3.500000e+01 6.103880e+01 1.000000e+00
      vertex   -3.500000e+01 2.971196e+01 5.962288e+00
      vertex   -3.500000e+01 3.040228e+01 6.147260e+00
    endloop
  endfacet
  facet normal -1.000000e+00 0.000000e+00 0.000000e+00
    outer loop
      vertex   -3.500000e+01 -3.000000e+00 1.900000e+01
      vertex   -3.500000e+01 -1.100000e+00 1.000000e+01
      vertex   -3.500000e+01 -3.000000e+00 1.000000e+00
    endloop
  endfacet
  facet normal -1.000000e+00 0.000000e+00 0.000000e+00
    outer loop
      vertex   -3.500000e+01 -3.000000e+00 1.000000e+00
      vertex   -3.500000e+01 -1.100000e+00 1.000000e+01
      vertex   -3.500000e+01 -1.037712e+00 9.288043e+00
    endloop
  endfacet
  facet normal -1.000000e+00 0.000000e+00 0.000000e+00
    outer loop
      vertex   -3.500000e+01 -3.000000e+00 1.000000e+00
      vertex   -3.500000e+01 -1.037712e+00 9.288043e+00
      vertex   -3.500000e+01 -8.527396e-01 8.597718e+00
    endloop
  endfacet
  facet normal -1.000000e+00 -0.000000e+00 0.000000e+00
    outer loop
      vertex   -3.500000e+01 4.400000e+01 1.900000e+01
      vertex   -3.500000e+01 2.828804e+01 1.403771e+01
      vertex   -3.500000e+01 -3.000000e+00 1.900000e+01
    endloop
  endfacet
  facet normal -1.000000e+00 0.000000e+00 0.000000e+00
    outer loop
      vertex   -3.500000e+01 -3.000000e+00 1.900000e+01
      vertex   -3.500000e+01 2.828804e+01 1.403771e+01
      vertex   -3.500000e+01 2.759772e+01 1.385274e+01
    endloop
  endfacet
  facet normal -1.000000e+00 0.000000e+00 0.000000e+00
    outer loop
      vertex   -3.500000e+01 -3.000000e+00 1.900000e+01
      vertex   -3.500000e+01 2.759772e+01 1.385274e+01
      vertex   -3.500000e+01 4.402283e+00 1.385274e+01
    endloop
  endfacet
  facet normal -1.000000e+00 0.000000e+00 0.000000e+00
    outer loop
      vertex   -3.500000e+01 4.402283e+00 1.385274e+01
      vertex   -3.500000e+01 2.759772e+01 1.385274e+01
      vertex   -3.500000e+01 5.050000e+00 1.355070e+01
    endloop
  endfacet
  facet normal -1.000000e+00 0.000000e+00 0.000000e+00
    outer loop
      vertex   -3.500000e+01 5.050000e+00 1.355070e+01
      vertex   -3.500000e+01 2.759772e+01 1.385274e+01
      vertex   -3.500000e+01 2.695000e+01 1.355070e+01
    endloop
  endfacet
  facet normal -1.000000e+00 0.000000e+00 0.000000e+00
    outer loop
      vertex   -3.500000e+01 5.050000e+00 1.355070e+01
      vertex   -3.500000e+01 2.695000e+01 1.355070e+01
      vertex   -3.500000e+01 2.636457e+01 1.314078e+01
    endloop
  endfacet
  facet normal -1.000000e+00 5.134860e-17 -5.213510e-16
    outer loop
      vertex   -3.500000e+01 4.458527e+01 1.905764e+01
      vertex   -3.500000e+01 5.038506e+01 6.000000e+00
      vertex   -3.500000e+01 4.400000e+01 1.900000e+01
    endloop
  endfacet
  facet normal -1.000000e+00 3.210839e-16 -3.888683e-16
    outer loop
      vertex   -3.500000e+01 4.400000e+01 1.900000e+01
      vertex   -3.500000e+01 5.038506e+01 6.000000e+00
      vertex   -3.500000e+01 3.310000e+01 1.000000e+01
    endloop
  endfacet
  facet normal -1.000000e+00 0.000000e+00 0.000000e+00
    outer loop
      vertex   -3.500000e+01 4.400000e+01 1.900000e+01
      vertex   -3.500000e+01 3.310000e+01 1.000000e+01
      vertex   -3.500000e+01 3.303771e+01 1.071196e+01
    endloop
  endfacet
  facet normal -1.000000e+00 1.454687e-16 -4.795459e-16
    outer loop
      vertex   -3.500000e+01 4.458527e+01 1.905764e+01
      vertex   -3.500000e+01 4.514805e+01 1.922836e+01
      vertex   -3.500000e+01 5.038506e+01 6.000000e+00
    endloop
  endfacet
  facet normal -1.000000e+00 2.369618e-16 -4.433244e-16
    outer loop
      vertex   -3.500000e+01 5.038506e+01 6.000000e+00
      vertex   -3.500000e+01 4.514805e+01 1.922836e+01
      vertex   -3.500000e+01 4.566671e+01 1.950559e+01
    endloop
  endfacet
  facet normal -1.000000e+00 3.355580e-16 -4.088786e-16
    outer loop
      vertex   -3.500000e+01 5.038506e+01 6.000000e+00
      vertex   -3.500000e+01 4.566671e+01 1.950559e+01
      vertex   -3.500000e+01 4.612132e+01 1.987868e+01
    endloop
  endfacet
  facet normal -1.000000e+00 4.539142e-16 -3.725178e-16
    outer loop
      vertex   -3.500000e+01 4.612132e+01 1.987868e+01
      vertex   -3.500000e+01 4.649441e+01 2.033329e+01
      vertex   -3.500000e+01 5.038506e+01 6.000000e+00
    endloop
  endfacet
  facet normal -1.000000e+00 6.150844e-16 -3.287695e-16
    outer loop
      vertex   -3.500000e+01 5.038506e+01 6.000000e+00
      vertex   -3.500000e+01 4.649441e+01 2.033329e+01
      vertex   -3.500000e+01 4.677164e+01 2.085195e+01
    endloop
  endfacet
  facet normal -1.000000e+00 8.751915e-16 -2.654864e-16
    outer loop
      vertex   -3.500000e+01 5.038506e+01 6.000000e+00
      vertex   -3.500000e+01 4.677164e+01 2.085195e+01
      vertex   -3.500000e+01 4.694236e+01 2.141473e+01
    endloop
  endfacet
  facet normal -1.000000e+00 1.432279e-15 -1.410672e-16
    outer loop
      vertex   -3.500000e+01 4.694236e+01 2.141473e+01
      vertex   -3.500000e+01 4.700000e+01 2.200000e+01
      vertex   -3.500000e+01 5.038506e+01 6.000000e+00
    endloop
  endfacet
  facet normal -1.000000e+00 2.099055e-15 -1.013102e-29
    outer loop
      vertex   -3.500000e+01 5.038506e+01 6.000000e+00
      vertex   -3.500000e+01 4.700000e+01 2.200000e+01
      vertex   -3.500000e+01 5.038506e+01 5.016537e+01
    endloop
  endfacet
  facet normal -1.000000e+00 2.099055e-15 0.000000e+00
    outer loop
      vertex   -3.500000e+01 5.038506e+01 5.016537e+01
      vertex   -3.500000e+01 4.700000e+01 2.200000e+01
      vertex   -3.500000e+01 4.700000e+01 5.500000e+01
    endloop
  endfacet
  facet normal -1.000000e+00 1.840198e-15 -1.812437e-16
    outer loop
      vertex   -3.500000e+01 5.038506e+01 5.016537e+01
      vertex   -3.500000e+01 4.700000e+01 5.500000e+01
      vertex   -3.500000e+01 5.044271e+01 5.075065e+01
    endloop
  endfacet
  facet normal -1.000000e+00 1.501655e-15 -4.555219e-16
    outer loop
      vertex   -3.500000e+01 5.044271e+01 5.075065e+01
      vertex   -3.500000e+01 4.700000e+01 5.500000e+01
      vertex   -3.500000e+01 5.061342e+01 5.131342e+01
    endloop
  endfacet
  facet normal -1.000000e+00 1.272476e-15 -6.801527e-16
    outer loop
      vertex   -3.500000e+01 5.061342e+01 5.131342e+01
      vertex   -3.500000e+01 4.700000e+01 5.500000e+01
      vertex   -3.500000e+01 5.089065e+01 5.183208e+01
    endloop
  endfacet
  facet normal -1.000000e+00 1.094744e-15 -8.984331e-16
    outer loop
      vertex   -3.500000e+01 5.089065e+01 5.183208e+01
      vertex   -3.500000e+01 4.700000e+01 5.500000e+01
      vertex   -3.500000e+01 5.126374e+01 5.228669e+01
    endloop
  endfacet
  facet normal -1.000000e+00 9.386406e-16 -1.143737e-15
    outer loop
      vertex   -3.500000e+01 5.126374e+01 5.228669e+01
      vertex   -3.500000e+01 4.700000e+01 5.500000e+01
      vertex   -3.500000e+01 5.171835e+01 5.265978e+01
    endloop
  endfacet
  facet normal -1.000000e+00 7.811091e-16 -1.461352e-15
    outer loop
      vertex   -3.500000e+01 5.171835e+01 5.265978e+01
      vertex   -3.500000e+01 4.700000e+01 5.500000e+01
      vertex   -3.500000e+01 5.223701e+01 5.293701e+01
    endloop
  endfacet
  facet normal -1.000000e+00 5.902612e-16 -1.945830e-15
    outer loop
      vertex   -3.500000e+01 5.223701e+01 5.293701e+01
      vertex   -3.500000e+01 4.700000e+01 5.500000e+01
      vertex   -3.500000e+01 5.279979e+01 5.310773e+01
    endloop
  endfacet
  facet normal -1.000000e+00 2.840770e-16 -2.884282e-15
    outer loop
      vertex   -3.500000e+01 5.279979e+01 5.310773e+01
      vertex   -3.500000e+01 4.700000e+01 5.500000e+01
      vertex   -3.500000e+01 5.338506e+01 5.316537e+01
    endloop
  endfacet
  facet normal -1.000000e+00 0.000000e+00 -3.872957e-15
    outer loop
      vertex   -3.500000e+01 5.338506e+01 5.316537e+01
      vertex   -3.500000e+01 4.700000e+01 5.500000e+01
      vertex   -3.500000e+01 6.103880e+01 5.500000e+01
    endloop
  endfacet
  facet normal -1.000000e+00 0.000000e+00 -3.872957e-15
    outer loop
      vertex   -3.500000e+01 5.338506e+01 5.316537e+01
      vertex   -3.500000e+01 6.103880e+01 5.500000e+01
      vertex   -3.500000e+01 5.738506e+01 5.316537e+01
    endloop
  endfacet
  facet normal -1.000000e+00 -3.189007e-16 -3.237853e-15
    outer loop
      vertex   -3.500000e+01 5.738506e+01 5.316537e+01
      vertex   -3.500000e+01 6.103880e+01 5.500000e+01
      vertex   -3.500000e+01 5.797033e+01 5.310773e+01
    endloop
  endfacet
  facet normal -1.000000e+00 -7.634956e-16 -2.516908e-15
    outer loop
      vertex   -3.500000e+01 5.797033e+01 5.310773e+01
      vertex   -3.500000e+01 6.103880e+01 5.500000e+01
      vertex   -3.500000e+01 5.853311e+01 5.293701e+01
    endloop
  endfacet
  facet normal -1.000000e+00 -1.116282e-15 -2.088417e-15
    outer loop
      vertex   -3.500000e+01 5.853311e+01 5.293701e+01
      vertex   -3.500000e+01 6.103880e+01 5.500000e+01
      vertex   -3.500000e+01 5.905177e+01 5.265978e+01
    endloop
  endfacet
  facet normal -1.000000e+00 -1.468492e-15 -1.789363e-15
    outer loop
      vertex   -3.500000e+01 5.905177e+01 5.265978e+01
      vertex   -3.500000e+01 6.103880e+01 5.500000e+01
      vertex   -3.500000e+01 5.950638e+01 5.228669e+01
    endloop
  endfacet
  facet normal -1.000000e+00 -1.890160e-15 -1.551215e-15
    outer loop
      vertex   -3.500000e+01 5.950638e+01 5.228669e+01
      vertex   -3.500000e+01 6.103880e+01 5.500000e+01
      vertex   -3.500000e+01 5.987947e+01 5.183208e+01
    endloop
  endfacet
  facet normal -1.000000e+00 -2.490850e-15 -1.331387e-15
    outer loop
      vertex   -3.500000e+01 5.987947e+01 5.183208e+01
      vertex   -3.500000e+01 6.103880e+01 5.500000e+01
      vertex   -3.500000e+01 6.015670e+01 5.131342e+01
    endloop
  endfacet
  facet normal -1.000000e+00 -3.551992e-15 -1.077485e-15
    outer loop
      vertex   -3.500000e+01 6.015670e+01 5.131342e+01
      vertex   -3.500000e+01 6.103880e+01 5.500000e+01
      vertex   -3.500000e+01 6.032742e+01 5.075065e+01
    endloop
  endfacet
  facet normal -1.000000e+00 0.000000e+00 -0.000000e+00
    outer loop
      vertex   -3.500000e+01 2.288043e+00 5.962288e+00
      vertex   -3.500000e+01 3.000000e+00 5.900000e+00
      vertex   -3.500000e+01 -3.000000e+00 1.000000e+00
    endloop
  endfacet
  facet normal -1.000000e+00 0.000000e+00 0.000000e+00
    outer loop
      vertex   -3.500000e+01 -3.000000e+00 1.000000e+00
      vertex   -3.500000e+01 3.000000e+00 5.900000e+00
      vertex   -3.500000e+01 3.711958e+00 5.962288e+00
    endloop
  endfacet
  facet normal -1.000000e+00 0.000000e+00 0.000000e+00
    outer loop
      vertex   -3.500000e+01 -3.000000e+00 1.000000e+00
      vertex   -3.500000e+01 3.711958e+00 5.962288e+00
      vertex   -3.500000e+01 4.402283e+00 6.147260e+00
    endloop
  endfacet
  facet normal -1.000000e+00 0.000000e+00 0.000000e+00
    outer loop
      vertex   -3.500000e+01 -3.000000e+00 1.000000e+00
      vertex   -3.500000e+01 4.402283e+00 6.147260e+00
      vertex   -3.500000e+01 2.759772e+01 6.147260e+00
    endloop
  endfacet
  facet normal -1.000000e+00 0.000000e+00 0.000000e+00
    outer loop
      vertex   -3.500000e+01 2.759772e+01 6.147260e+00
      vertex   -3.500000e+01 4.402283e+00 6.147260e+00
      vertex   -3.500000e+01 5.050000e+00 6.449296e+00
    endloop
  endfacet
  facet normal -1.000000e+00 0.000000e+00 0.000000e+00
    outer loop
      vertex   -3.500000e+01 2.759772e+01 6.147260e+00
      vertex   -3.500000e+01 5.050000e+00 6.449296e+00
      vertex   -3.500000e+01 2.695000e+01 6.449296e+00
    endloop
  endfacet
  facet normal -1.000000e+00 0.000000e+00 0.000000e+00
    outer loop
      vertex   -3.500000e+01 2.695000e+01 6.449296e+00
      vertex   -3.500000e+01 5.050000e+00 6.449296e+00
      vertex   -3.500000e+01 2.636457e+01 6.859218e+00
    endloop
  endfacet
  facet normal -1.000000e+00 -0.000000e+00 0.000000e+00
    outer loop
      vertex   -3.500000e+01 2.636457e+01 6.859218e+00
      vertex   -3.500000e+01 5.050000e+00 6.449296e+00
      vertex   -3.500000e+01 5.635429e+00 6.859218e+00
    endloop
  endfacet
  facet normal -1.000000e+00 0.000000e+00 0.000000e+00
    outer loop
      vertex   -3.500000e+01 2.636457e+01 6.859218e+00
      vertex   -3.500000e+01 5.635429e+00 6.859218e+00
      vertex   -3.500000e+01 2.585922e+01 7.364571e+00
    endloop
  endfacet
  facet normal -1.000000e+00 -0.000000e+00 0.000000e+00
    outer loop
      vertex   -3.500000e+01 2.585922e+01 7.364571e+00
      vertex   -3.500000e+01 5.635429e+00 6.859218e+00
      vertex   -3.500000e+01 6.140782e+00 7.364571e+00
    endloop
  endfacet
  facet normal -1.000000e+00 0.000000e+00 0.000000e+00
    outer loop
      vertex   -3.500000e+01 2.585922e+01 7.364571e+00
      vertex   -3.500000e+01 6.140782e+00 7.364571e+00
      vertex   -3.500000e+01 2.544930e+01 7.950000e+00
    endloop
  endfacet
  facet normal -1.000000e+00 -0.000000e+00 0.000000e+00
    outer loop
      vertex   -3.500000e+01 2.544930e+01 7.950000e+00
      vertex   -3.500000e+01 6.140782e+00 7.364571e+00
      vertex   -3.500000e+01 6.550704e+00 7.950000e+00
    endloop
  endfacet
  facet normal -1.000000e+00 0.000000e+00 0.000000e+00
    outer loop
      vertex   -3.500000e+01 2.544930e+01 7.950000e+00
      vertex   -3.500000e+01 6.550704e+00 7.950000e+00
      vertex   -3.500000e+01 2.514726e+01 8.597718e+00
    endloop
  endfacet
  facet normal -1.000000e+00 -0.000000e+00 0.000000e+00
    outer loop
      vertex   -3.500000e+01 2.514726e+01 8.597718e+00
      vertex   -3.500000e+01 6.550704e+00 7.950000e+00
      vertex   -3.500000e+01 6.852740e+00 8.597718e+00
    endloop
  endfacet
  facet normal -1.000000e+00 0.000000e+00 0.000000e+00
    outer loop
      vertex   -3.500000e+01 2.514726e+01 8.597718e+00
      vertex   -3.500000e+01 6.852740e+00 8.597718e+00
      vertex   -3.500000e+01 2.496229e+01 9.288043e+00
    endloop
  endfacet
  facet normal -1.000000e+00 -0.000000e+00 0.000000e+00
    outer loop
      vertex   -3.500000e+01 2.496229e+01 9.288043e+00
      vertex   -3.500000e+01 6.852740e+00 8.597718e+00
      vertex   -3.500000e+01 7.037712e+00 9.288043e+00
    endloop
  endfacet
  facet normal -1.000000e+00 0.000000e+00 0.000000e+00
    outer loop
      vertex   -3.500000e+01 2.496229e+01 9.288043e+00
      vertex   -3.500000e+01 7.037712e+00 9.288043e+00
      vertex   -3.500000e+01 2.490000e+01 1.000000e+01
    endloop
  endfacet
  facet normal -1.000000e+00 -0.000000e+00 0.000000e+00
    outer loop
      vertex   -3.500000e+01 2.490000e+01 1.000000e+01
      vertex   -3.500000e+01 7.037712e+00 9.288043e+00
      vertex   -3.500000e+01 7.100000e+00 1.000000e+01
    endloop
  endfacet
  facet normal -1.000000e+00 0.000000e+00 0.000000e+00
    outer loop
      vertex   -3.500000e+01 2.490000e+01 1.000000e+01
      vertex   -3.500000e+01 7.100000e+00 1.000000e+01
      vertex   -3.500000e+01 7.037712e+00 1.071196e+01
    endloop
  endfacet
  facet normal -1.000000e+00 0.000000e+00 0.000000e+00
    outer loop
      vertex   -3.500000e+01 2.490000e+01 1.000000e+01
      vertex   -3.500000e+01 7.037712e+00 1.071196e+01
      vertex   -3.500000e+01 2.496229e+01 1.071196e+01
    endloop
  endfacet
  facet normal -1.000000e+00 0.000000e+00 0.000000e+00
    outer loop
      vertex   -3.500000e+01 2.496229e+01 1.071196e+01
      vertex   -3.500000e+01 7.037712e+00 1.071196e+01
      vertex   -3.500000e+01 6.852740e+00 1.140228e+01
    endloop
  endfacet
  facet normal -1.000000e+00 0.000000e+00 0.000000e+00
    outer loop
      vertex   -3.500000e+01 2.496229e+01 1.071196e+01
      vertex   -3.500000e+01 6.852740e+00 1.140228e+01
      vertex   -3.500000e+01 2.514726e+01 1.140228e+01
    endloop
  endfacet
  facet normal -1.000000e+00 -0.000000e+00 0.000000e+00
    outer loop
      vertex   -3.500000e+01 2.514726e+01 1.140228e+01
      vertex   -3.500000e+01 6.852740e+00 1.140228e+01
      vertex   -3.500000e+01 6.550704e+00 1.205000e+01
    endloop
  endfacet
  facet normal -1.000000e+00 0.000000e+00 0.000000e+00
    outer loop
      vertex   -3.500000e+01 2.514726e+01 1.140228e+01
      vertex   -3.500000e+01 6.550704e+00 1.205000e+01
      vertex   -3.500000e+01 2.544930e+01 1.205000e+01
    endloop
  endfacet
  facet normal -1.000000e+00 -0.000000e+00 0.000000e+00
    outer loop
      vertex   -3.500000e+01 2.544930e+01 1.205000e+01
      vertex   -3.500000e+01 6.550704e+00 1.205000e+01
      vertex   -3.500000e+01 6.140782e+00 1.263543e+01
    endloop
  endfacet
  facet normal -1.000000e+00 0.000000e+00 0.000000e+00
    outer loop
      vertex   -3.500000e+01 2.544930e+01 1.205000e+01
      vertex   -3.500000e+01 6.140782e+00 1.263543e+01
      vertex   -3.500000e+01 2.585922e+01 1.263543e+01
    endloop
  endfacet
  facet normal -1.000000e+00 -0.000000e+00 0.000000e+00
    outer loop
      vertex   -3.500000e+01 2.585922e+01 1.263543e+01
      vertex   -3.500000e+01 6.140782e+00 1.263543e+01
      vertex   -3.500000e+01 5.635429e+00 1.314078e+01
    endloop
  endfacet
  facet normal -1.000000e+00 0.000000e+00 0.000000e+00
    outer loop
      vertex   -3.500000e+01 2.585922e+01 1.263543e+01
      vertex   -3.500000e+01 5.635429e+00 1.314078e+01
      vertex   -3.500000e+01 2.636457e+01 1.314078e+01
    endloop
  endfacet
  facet normal -1.000000e+00 0.000000e+00 0.000000e+00
    outer loop
      vertex   -3.500000e+01 2.636457e+01 1.314078e+01
      vertex   -3.500000e+01 5.635429e+00 1.314078e+01
      vertex   -3.500000e+01 5.050000e+00 1.355070e+01
    endloop
  endfacet
  facet normal -1.000000e+00 0.000000e+00 0.000000e+00
    outer loop
      vertex   -3.500000e+01 4.402283e+00 1.385274e+01
      vertex   -3.500000e+01 3.711958e+00 1.403771e+01
      vertex   -3.500000e+01 -3.000000e+00 1.900000e+01
    endloop
  endfacet
  facet normal -1.000000e+00 0.000000e+00 0.000000e+00
    outer loop
      vertex   -3.500000e+01 -3.000000e+00 1.900000e+01
      vertex   -3.500000e+01 3.711958e+00 1.403771e+01
      vertex   -3.500000e+01 3.000000e+00 1.410000e+01
    endloop
  endfacet
  facet normal -1.000000e+00 0.000000e+00 0.000000e+00
    outer loop
      vertex   -3.500000e+01 -3.000000e+00 1.900000e+01
      vertex   -3.500000e+01 3.000000e+00 1.410000e+01
      vertex   -3.500000e+01 2.288043e+00 1.403771e+01
    endloop
  endfacet
  facet normal -1.000000e+00 -0.000000e+00 0.000000e+00
    outer loop
      vertex   -3.500000e+01 2.288043e+00 1.403771e+01
      vertex   -3.500000e+01 1.597718e+00 1.385274e+01
      vertex   -3.500000e+01 -3.000000e+00 1.900000e+01
    endloop
  endfacet
  facet normal -1.000000e+00 0.000000e+00 0.000000e+00
    outer loop
      vertex   -3.500000e+01 -3.000000e+00 1.900000e+01
      vertex   -3.500000e+01 1.597718e+00 1.385274e+01
      vertex   -3.500000e+01 9.500001e-01 1.355070e+01
    endloop
  endfacet
  facet normal -1.000000e+00 0.000000e+00 0.000000e+00
    outer loop
      vertex   -3.500000e+01 -3.000000e+00 1.900000e+01
      vertex   -3.500000e+01 9.500001e-01 1.355070e+01
      vertex   -3.500000e+01 3.645709e-01 1.314078e+01
    endloop
  endfacet
  facet normal -1.000000e+00 -0.000000e+00 0.000000e+00
    outer loop
      vertex   -3.500000e+01 3.645709e-01 1.314078e+01
      vertex   -3.500000e+01 -1.407821e-01 1.263543e+01
      vertex   -3.500000e+01 -3.000000e+00 1.900000e+01
    endloop
  endfacet
  facet normal -1.000000e+00 0.000000e+00 0.000000e+00
    outer loop
      vertex   -3.500000e+01 -3.000000e+00 1.900000e+01
      vertex   -3.500000e+01 -1.407821e-01 1.263543e+01
      vertex   -3.500000e+01 -5.507041e-01 1.205000e+01
    endloop
  endfacet
  facet normal -1.000000e+00 0.000000e+00 0.000000e+00
    outer loop
      vertex   -3.500000e+01 -3.000000e+00 1.900000e+01
      vertex   -3.500000e+01 -5.507041e-01 1.205000e+01
      vertex   -3.500000e+01 -8.527396e-01 1.140228e+01
    endloop
  endfacet
  facet normal -1.000000e+00 -0.000000e+00 0.000000e+00
    outer loop
      vertex   -3.500000e+01 -8.527396e-01 1.140228e+01
      vertex   -3.500000e+01 -1.037712e+00 1.071196e+01
      vertex   -3.500000e+01 -3.000000e+00 1.900000e+01
    endloop
  endfacet
  facet normal -1.000000e+00 0.000000e+00 0.000000e+00
    outer loop
      vertex   -3.500000e+01 -3.000000e+00 1.900000e+01
      vertex   -3.500000e+01 -1.037712e+00 1.071196e+01
      vertex   -3.500000e+01 -1.100000e+00 1.000000e+01
    endloop
  endfacet
  facet normal -1.000000e+00 0.000000e+00 -0.000000e+00
    outer loop
      vertex   -3.500000e+01 -8.527396e-01 8.597718e+00
      vertex   -3.500000e+01 -5.507041e-01 7.950000e+00
      vertex   -3.500000e+01 -3.000000e+00 1.000000e+00
    endloop
  endfacet
  facet normal -1.000000e+00 0.000000e+00 0.000000e+00
    outer loop
      vertex   -3.500000e+01 -3.000000e+00 1.000000e+00
      vertex   -3.500000e+01 -5.507041e-01 7.950000e+00
      vertex   -3.500000e+01 -1.407821e-01 7.364571e+00
    endloop
  endfacet
  facet normal -1.000000e+00 0.000000e+00 0.000000e+00
    outer loop
      vertex   -3.500000e+01 -3.000000e+00 1.000000e+00
      vertex   -3.500000e+01 -1.407821e-01 7.364571e+00
      vertex   -3.500000e+01 3.645709e-01 6.859218e+00
    endloop
  endfacet
  facet normal -1.000000e+00 0.000000e+00 -0.000000e+00
    outer loop
      vertex   -3.500000e+01 3.645709e-01 6.859218e+00
      vertex   -3.500000e+01 9.500001e-01 6.449296e+00
      vertex   -3.500000e+01 -3.000000e+00 1.000000e+00
    endloop
  endfacet
  facet normal -1.000000e+00 0.000000e+00 0.000000e+00
    outer loop
      vertex   -3.500000e+01 -3.000000e+00 1.000000e+00
      vertex   -3.500000e+01 9.500001e-01 6.449296e+00
      vertex   -3.500000e+01 1.597718e+00 6.147260e+00
    endloop
  endfacet
  facet normal -1.000000e+00 0.000000e+00 0.000000e+00
    outer loop
      vertex   -3.500000e+01 -3.000000e+00 1.000000e+00
      vertex   -3.500000e+01 1.597718e+00 6.147260e+00
      vertex   -3.500000e+01 2.288043e+00 5.962288e+00
    endloop
  endfacet
  facet normal -1.000000e+00 3.718895e-16 2.213488e-15
    outer loop
      vertex   -3.500000e+01 6.103880e+01 1.000000e+00
      vertex   -3.500000e+01 3.040228e+01 6.147260e+00
      vertex   -3.500000e+01 5.038506e+01 6.000000e+00
    endloop
  endfacet
  facet normal -1.000000e+00 3.500455e-16 -7.506751e-16
    outer loop
      vertex   -3.500000e+01 5.038506e+01 6.000000e+00
      vertex   -3.500000e+01 3.040228e+01 6.147260e+00
      vertex   -3.500000e+01 3.105000e+01 6.449296e+00
    endloop
  endfacet
  facet normal -1.000000e+00 3.556853e-16 -5.079713e-16
    outer loop
      vertex   -3.500000e+01 5.038506e+01 6.000000e+00
      vertex   -3.500000e+01 3.105000e+01 6.449296e+00
      vertex   -3.500000e+01 3.163543e+01 6.859218e+00
    endloop
  endfacet
  facet normal -1.000000e+00 3.623582e-16 -3.623582e-16
    outer loop
      vertex   -3.500000e+01 3.163543e+01 6.859218e+00
      vertex   -3.500000e+01 3.214078e+01 7.364571e+00
      vertex   -3.500000e+01 5.038506e+01 6.000000e+00
    endloop
  endfacet
  facet normal -1.000000e+00 3.700789e-16 -2.591321e-16
    outer loop
      vertex   -3.500000e+01 5.038506e+01 6.000000e+00
      vertex   -3.500000e+01 3.214078e+01 7.364571e+00
      vertex   -3.500000e+01 3.255070e+01 7.950000e+00
    endloop
  endfacet
  facet normal -1.000000e+00 3.790844e-16 -1.767699e-16
    outer loop
      vertex   -3.500000e+01 5.038506e+01 6.000000e+00
      vertex   -3.500000e+01 3.255070e+01 7.950000e+00
      vertex   -3.500000e+01 3.285274e+01 8.597718e+00
    endloop
  endfacet
  facet normal -1.000000e+00 3.898003e-16 -1.044467e-16
    outer loop
      vertex   -3.500000e+01 3.285274e+01 8.597718e+00
      vertex   -3.500000e+01 3.303771e+01 9.288043e+00
      vertex   -3.500000e+01 5.038506e+01 6.000000e+00
    endloop
  endfacet
  facet normal -1.000000e+00 4.029158e-16 -3.525057e-17
    outer loop
      vertex   -3.500000e+01 5.038506e+01 6.000000e+00
      vertex   -3.500000e+01 3.303771e+01 9.288043e+00
      vertex   -3.500000e+01 3.310000e+01 1.000000e+01
    endloop
  endfacet
  facet normal -1.000000e+00 0.000000e+00 0.000000e+00
    outer loop
      vertex   -3.500000e+01 3.303771e+01 1.071196e+01
      vertex   -3.500000e+01 3.285274e+01 1.140228e+01
      vertex   -3.500000e+01 4.400000e+01 1.900000e+01
    endloop
  endfacet
  facet normal -1.000000e+00 0.000000e+00 0.000000e+00
    outer loop
      vertex   -3.500000e+01 4.400000e+01 1.900000e+01
      vertex   -3.500000e+01 3.285274e+01 1.140228e+01
      vertex   -3.500000e+01 3.255070e+01 1.205000e+01
    endloop
  endfacet
  facet normal -1.000000e+00 0.000000e+00 0.000000e+00
    outer loop
      vertex   -3.500000e+01 4.400000e+01 1.900000e+01
      vertex   -3.500000e+01 3.255070e+01 1.205000e+01
      vertex   -3.500000e+01 3.214078e+01 1.263543e+01
    endloop
  endfacet
  facet normal -1.000000e+00 0.000000e+00 0.000000e+00
    outer loop
      vertex   -3.500000e+01 3.214078e+01 1.263543e+01
      vertex   -3.500000e+01 3.163543e+01 1.314078e+01
      vertex   -3.500000e+01 4.400000e+01 1.900000e+01
    endloop
  endfacet
  facet normal -1.000000e+00 0.000000e+00 0.000000e+00
    outer loop
      vertex   -3.500000e+01 4.400000e+01 1.900000e+01
      vertex   -3.500000e+01 3.163543e+01 1.314078e+01
      vertex   -3.500000e+01 3.105000e+01 1.355070e+01
    endloop
  endfacet
  facet normal -1.000000e+00 0.000000e+00 0.000000e+00
    outer loop
      vertex   -3.500000e+01 4.400000e+01 1.900000e+01
      vertex   -3.500000e+01 3.105000e+01 1.355070e+01
      vertex   -3.500000e+01 3.040228e+01 1.385274e+01
    endloop
  endfacet
  facet normal -1.000000e+00 0.000000e+00 0.000000e+00
    outer loop
      vertex   -3.500000e+01 3.040228e+01 1.385274e+01
      vertex   -3.500000e+01 2.971196e+01 1.403771e+01
      vertex   -3.500000e+01 4.400000e+01 1.900000e+01
    endloop
  endfacet
  facet normal -1.000000e+00 0.000000e+00 0.000000e+00
    outer loop
      vertex   -3.500000e+01 4.400000e+01 1.900000e+01
      vertex   -3.500000e+01 2.971196e+01 1.403771e+01
      vertex   -3.500000e+01 2.900000e+01 1.410000e+01
    endloop
  endfacet
  facet normal -1.000000e+00 0.000000e+00 0.000000e+00
    outer loop
      vertex   -3.500000e+01 4.400000e+01 1.900000e+01
      vertex   -3.500000e+01 2.900000e+01 1.410000e+01
      vertex   -3.500000e+01 2.828804e+01 1.403771e+01
    endloop
  endfacet
  facet normal -1.000000e+00 0.000000e+00 -0.000000e+00
    outer loop
      vertex   -3.500000e+01 2.759772e+01 6.147260e+00
      vertex   -3.500000e+01 2.828804e+01 5.962288e+00
      vertex   -3.500000e+01 -3.000000e+00 1.000000e+00
    endloop
  endfacet
  facet normal -1.000000e+00 0.000000e+00 0.000000e+00
    outer loop
      vertex   -3.500000e+01 -3.000000e+00 1.000000e+00
      vertex   -3.500000e+01 2.828804e+01 5.962288e+00
      vertex   -3.500000e+01 2.900000e+01 5.900000e+00
    endloop
  endfacet
  facet normal -1.000000e+00 0.000000e+00 1.421085e-15
    outer loop
      vertex   -3.500000e+01 5.038506e+01 6.000000e+00
      vertex   -3.500000e+01 6.038506e+01 6.000000e+00
      vertex   -3.500000e+01 6.103880e+01 1.000000e+00
    endloop
  endfacet
  facet normal -1.627775e-01 -9.804589e-01 1.104712e-01
    outer loop
      vertex   -3.400000e+01 4.594986e+01 2.155496e+01
      vertex   -3.400000e+01 4.600000e+01 2.200000e+01
      vertex   -3.425882e+01 4.600317e+01 2.164679e+01
    endloop
  endfacet
  facet normal -1.300379e-01 -9.877360e-01 8.641571e-02
    outer loop
      vertex   -3.425882e+01 4.600317e+01 2.164679e+01
      vertex   -3.400000e+01 4.600000e+01 2.200000e+01
      vertex   -3.425882e+01 4.603407e+01 2.200000e+01
    endloop
  endfacet
  facet normal -3.814394e-01 -9.208762e-01 8.056623e-02
    outer loop
      vertex   -3.425882e+01 4.600317e+01 2.164679e+01
      vertex   -3.425882e+01 4.603407e+01 2.200000e+01
      vertex   -3.450000e+01 4.613398e+01 2.200000e+01
    endloop
  endfacet
  facet normal -3.814394e-01 -9.208762e-01 8.056623e-02
    outer loop
      vertex   -3.425882e+01 4.600317e+01 2.164679e+01
      vertex   -3.450000e+01 4.613398e+01 2.200000e+01
      vertex   -3.450000e+01 4.610156e+01 2.162944e+01
    endloop
  endfacet
  facet normal -6.073003e-01 -7.914492e-01 6.924283e-02
    outer loop
      vertex   -3.450000e+01 4.610156e+01 2.162944e+01
      vertex   -3.450000e+01 4.613398e+01 2.200000e+01
      vertex   -3.470711e+01 4.629289e+01 2.200000e+01
    endloop
  endfacet
  facet normal -6.073003e-01 -7.914492e-01 6.924283e-02
    outer loop
      vertex   -3.450000e+01 4.610156e+01 2.162944e+01
      vertex   -3.470711e+01 4.629289e+01 2.200000e+01
      vertex   -3.470711e+01 4.625806e+01 2.160184e+01
    endloop
  endfacet
  facet normal -7.922305e-01 -6.078999e-01 5.318435e-02
    outer loop
      vertex   -3.470711e+01 4.625806e+01 2.160184e+01
      vertex   -3.470711e+01 4.629289e+01 2.200000e+01
      vertex   -3.486603e+01 4.650000e+01 2.200000e+01
    endloop
  endfacet
  facet normal -7.922305e-01 -6.078999e-01 5.318435e-02
    outer loop
      vertex   -3.470711e+01 4.625806e+01 2.160184e+01
      vertex   -3.486603e+01 4.650000e+01 2.200000e+01
      vertex   -3.486603e+01 4.646202e+01 2.156588e+01
    endloop
  endfacet
  facet normal -9.233622e-01 -3.824691e-01 3.346171e-02
    outer loop
      vertex   -3.486603e+01 4.646202e+01 2.156588e+01
      vertex   -3.486603e+01 4.650000e+01 2.200000e+01
      vertex   -3.496593e+01 4.674118e+01 2.200000e+01
    endloop
  endfacet
  facet normal -9.233622e-01 -3.824691e-01 3.346171e-02
    outer loop
      vertex   -3.486603e+01 4.646202e+01 2.156588e+01
      vertex   -3.496593e+01 4.674118e+01 2.200000e+01
      vertex   -3.496593e+01 4.669954e+01 2.152400e+01
    endloop
  endfacet
  facet normal -9.913802e-01 -1.305177e-01 1.141882e-02
    outer loop
      vertex   -3.496593e+01 4.669954e+01 2.152400e+01
      vertex   -3.496593e+01 4.674118e+01 2.200000e+01
      vertex   -3.500000e+01 4.700000e+01 2.200000e+01
    endloop
  endfacet
  facet normal -9.910073e-01 -1.331632e-01 1.311543e-02
    outer loop
      vertex   -3.496593e+01 4.669954e+01 2.152400e+01
      vertex   -3.500000e+01 4.700000e+01 2.200000e+01
      vertex   -3.500000e+01 4.694236e+01 2.141473e+01
    endloop
  endfacet
  facet normal -9.917006e-01 -1.241881e-01 3.327610e-02
    outer loop
      vertex   -3.496593e+01 4.669954e+01 2.152400e+01
      vertex   -3.500000e+01 4.694236e+01 2.141473e+01
      vertex   -3.496593e+01 4.657587e+01 2.106246e+01
    endloop
  endfacet
  facet normal -9.907259e-01 -1.300247e-01 3.944255e-02
    outer loop
      vertex   -3.496593e+01 4.657587e+01 2.106246e+01
      vertex   -3.500000e+01 4.694236e+01 2.141473e+01
      vertex   -3.500000e+01 4.677164e+01 2.085195e+01
    endloop
  endfacet
  facet normal -9.919187e-01 -1.149877e-01 5.361966e-02
    outer loop
      vertex   -3.496593e+01 4.657587e+01 2.106246e+01
      vertex   -3.500000e+01 4.677164e+01 2.085195e+01
      vertex   -3.496593e+01 4.637393e+01 2.062941e+01
    endloop
  endfacet
  facet normal -9.905309e-01 -1.210791e-01 6.471811e-02
    outer loop
      vertex   -3.496593e+01 4.637393e+01 2.062941e+01
      vertex   -3.500000e+01 4.677164e+01 2.085195e+01
      vertex   -3.500000e+01 4.649441e+01 2.033329e+01
    endloop
  endfacet
  facet normal -9.920456e-01 -1.031143e-01 7.220138e-02
    outer loop
      vertex   -3.496593e+01 4.637393e+01 2.062941e+01
      vertex   -3.500000e+01 4.649441e+01 2.033329e+01
      vertex   -3.496593e+01 4.609987e+01 2.023800e+01
    endloop
  endfacet
  facet normal -9.904310e-01 -1.066821e-01 8.755174e-02
    outer loop
      vertex   -3.496593e+01 4.609987e+01 2.023800e+01
      vertex   -3.500000e+01 4.649441e+01 2.033329e+01
      vertex   -3.500000e+01 4.612132e+01 1.987868e+01
    endloop
  endfacet
  facet normal -9.920872e-01 -8.877780e-02 8.877780e-02
    outer loop
      vertex   -3.496593e+01 4.609987e+01 2.023800e+01
      vertex   -3.500000e+01 4.612132e+01 1.987868e+01
      vertex   -3.496593e+01 4.576200e+01 1.990013e+01
    endloop
  endfacet
  facet normal -9.904310e-01 -8.755174e-02 1.066821e-01
    outer loop
      vertex   -3.496593e+01 4.576200e+01 1.990013e+01
      vertex   -3.500000e+01 4.612132e+01 1.987868e+01
      vertex   -3.500000e+01 4.566671e+01 1.950559e+01
    endloop
  endfacet
  facet normal -9.920456e-01 -7.220138e-02 1.031143e-01
    outer loop
      vertex   -3.496593e+01 4.576200e+01 1.990013e+01
      vertex   -3.500000e+01 4.566671e+01 1.950559e+01
      vertex   -3.496593e+01 4.537059e+01 1.962607e+01
    endloop
  endfacet
  facet normal -9.905309e-01 -6.471811e-02 1.210791e-01
    outer loop
      vertex   -3.496593e+01 4.537059e+01 1.962607e+01
      vertex   -3.500000e+01 4.566671e+01 1.950559e+01
      vertex   -3.500000e+01 4.514805e+01 1.922836e+01
    endloop
  endfacet
  facet normal -9.919187e-01 -5.361966e-02 1.149877e-01
    outer loop
      vertex   -3.496593e+01 4.537059e+01 1.962607e+01
      vertex   -3.500000e+01 4.514805e+01 1.922836e+01
      vertex   -3.496593e+01 4.493754e+01 1.942413e+01
    endloop
  endfacet
  facet normal -9.907259e-01 -3.944255e-02 1.300247e-01
    outer loop
      vertex   -3.496593e+01 4.493754e+01 1.942413e+01
      vertex   -3.500000e+01 4.514805e+01 1.922836e+01
      vertex   -3.500000e+01 4.458527e+01 1.905764e+01
    endloop
  endfacet
  facet normal -9.917006e-01 -3.327610e-02 1.241881e-01
    outer loop
      vertex   -3.496593e+01 4.493754e+01 1.942413e+01
      vertex   -3.500000e+01 4.458527e+01 1.905764e+01
      vertex   -3.496593e+01 4.447600e+01 1.930046e+01
    endloop
  endfacet
  facet normal -9.910073e-01 -1.311543e-02 1.331632e-01
    outer loop
      vertex   -3.496593e+01 4.447600e+01 1.930046e+01
      vertex   -3.500000e+01 4.458527e+01 1.905764e+01
      vertex   -3.500000e+01 4.400000e+01 1.900000e+01
    endloop
  endfacet
  facet normal -9.913802e-01 -1.141882e-02 1.305177e-01
    outer loop
      vertex   -3.496593e+01 4.447600e+01 1.930046e+01
      vertex   -3.500000e+01 4.400000e+01 1.900000e+01
      vertex   -3.496593e+01 4.400000e+01 1.925882e+01
    endloop
  endfacet
  facet normal -9.233622e-01 -3.346171e-02 3.824691e-01
    outer loop
      vertex   -3.496593e+01 4.400000e+01 1.925882e+01
      vertex   -3.486603e+01 4.400000e+01 1.950000e+01
      vertex   -3.496593e+01 4.447600e+01 1.930046e+01
    endloop
  endfacet
  facet normal -9.233622e-01 -3.346171e-02 3.824691e-01
    outer loop
      vertex   -3.496593e+01 4.447600e+01 1.930046e+01
      vertex   -3.486603e+01 4.400000e+01 1.950000e+01
      vertex   -3.486603e+01 4.443412e+01 1.953798e+01
    endloop
  endfacet
  facet normal -9.233622e-01 -9.936842e-02 3.708480e-01
    outer loop
      vertex   -3.496593e+01 4.447600e+01 1.930046e+01
      vertex   -3.486603e+01 4.443412e+01 1.953798e+01
      vertex   -3.496593e+01 4.493754e+01 1.942413e+01
    endloop
  endfacet
  facet normal -9.233622e-01 -9.936842e-02 3.708480e-01
    outer loop
      vertex   -3.496593e+01 4.493754e+01 1.942413e+01
      vertex   -3.486603e+01 4.443412e+01 1.953798e+01
      vertex   -3.486603e+01 4.485505e+01 1.965077e+01
    endloop
  endfacet
  facet normal -9.233622e-01 -1.622559e-01 3.479588e-01
    outer loop
      vertex   -3.496593e+01 4.493754e+01 1.942413e+01
      vertex   -3.486603e+01 4.485505e+01 1.965077e+01
      vertex   -3.496593e+01 4.537059e+01 1.962607e+01
    endloop
  endfacet
  facet normal -9.233622e-01 -1.622559e-01 3.479588e-01
    outer loop
      vertex   -3.496593e+01 4.537059e+01 1.962607e+01
      vertex   -3.486603e+01 4.485505e+01 1.965077e+01
      vertex   -3.486603e+01 4.525000e+01 1.983494e+01
    endloop
  endfacet
  facet normal -9.233622e-01 -2.202133e-01 3.144971e-01
    outer loop
      vertex   -3.496593e+01 4.537059e+01 1.962607e+01
      vertex   -3.486603e+01 4.525000e+01 1.983494e+01
      vertex   -3.496593e+01 4.576200e+01 1.990013e+01
    endloop
  endfacet
  facet normal -9.233622e-01 -2.202133e-01 3.144971e-01
    outer loop
      vertex   -3.496593e+01 4.576200e+01 1.990013e+01
      vertex   -3.486603e+01 4.525000e+01 1.983494e+01
      vertex   -3.486603e+01 4.560697e+01 2.008489e+01
    endloop
  endfacet
  facet normal -9.233622e-01 -2.714796e-01 2.714796e-01
    outer loop
      vertex   -3.496593e+01 4.576200e+01 1.990013e+01
      vertex   -3.486603e+01 4.560697e+01 2.008489e+01
      vertex   -3.496593e+01 4.609987e+01 2.023800e+01
    endloop
  endfacet
  facet normal -9.233622e-01 -2.714796e-01 2.714796e-01
    outer loop
      vertex   -3.496593e+01 4.609987e+01 2.023800e+01
      vertex   -3.486603e+01 4.560697e+01 2.008489e+01
      vertex   -3.486603e+01 4.591511e+01 2.039303e+01
    endloop
  endfacet
  facet normal -9.233622e-01 -3.144971e-01 2.202133e-01
    outer loop
      vertex   -3.496593e+01 4.609987e+01 2.023800e+01
      vertex   -3.486603e+01 4.591511e+01 2.039303e+01
      vertex   -3.496593e+01 4.637393e+01 2.062941e+01
    endloop
  endfacet
  facet normal -9.233622e-01 -3.144971e-01 2.202133e-01
    outer loop
      vertex   -3.496593e+01 4.637393e+01 2.062941e+01
      vertex   -3.486603e+01 4.591511e+01 2.039303e+01
      vertex   -3.486603e+01 4.616506e+01 2.075000e+01
    endloop
  endfacet
  facet normal -9.233622e-01 -3.479588e-01 1.622559e-01
    outer loop
      vertex   -3.496593e+01 4.637393e+01 2.062941e+01
      vertex   -3.486603e+01 4.616506e+01 2.075000e+01
      vertex   -3.496593e+01 4.657587e+01 2.106246e+01
    endloop
  endfacet
  facet normal -9.233622e-01 -3.479588e-01 1.622559e-01
    outer loop
      vertex   -3.496593e+01 4.657587e+01 2.106246e+01
      vertex   -3.486603e+01 4.616506e+01 2.075000e+01
      vertex   -3.486603e+01 4.634923e+01 2.114495e+01
    endloop
  endfacet
  facet normal -9.233622e-01 -3.708480e-01 9.936842e-02
    outer loop
      vertex   -3.496593e+01 4.657587e+01 2.106246e+01
      vertex   -3.486603e+01 4.634923e+01 2.114495e+01
      vertex   -3.496593e+01 4.669954e+01 2.152400e+01
    endloop
  endfacet
  facet normal -9.233622e-01 -3.708480e-01 9.936842e-02
    outer loop
      vertex   -3.496593e+01 4.669954e+01 2.152400e+01
      vertex   -3.486603e+01 4.634923e+01 2.114495e+01
      vertex   -3.486603e+01 4.646202e+01 2.156588e+01
    endloop
  endfacet
  facet normal -7.922305e-01 -5.318435e-02 6.078999e-01
    outer loop
      vertex   -3.486603e+01 4.400000e+01 1.950000e+01
      vertex   -3.470711e+01 4.400000e+01 1.970711e+01
      vertex   -3.486603e+01 4.443412e+01 1.953798e+01
    endloop
  endfacet
  facet normal -7.922305e-01 -5.318435e-02 6.078999e-01
    outer loop
      vertex   -3.486603e+01 4.443412e+01 1.953798e+01
      vertex   -3.470711e+01 4.400000e+01 1.970711e+01
      vertex   -3.470711e+01 4.439816e+01 1.974194e+01
    endloop
  endfacet
  facet normal -7.922305e-01 -1.579371e-01 5.894291e-01
    outer loop
      vertex   -3.486603e+01 4.443412e+01 1.953798e+01
      vertex   -3.470711e+01 4.439816e+01 1.974194e+01
      vertex   -3.486603e+01 4.485505e+01 1.965077e+01
    endloop
  endfacet
  facet normal -7.922305e-01 -1.579371e-01 5.894291e-01
    outer loop
      vertex   -3.486603e+01 4.485505e+01 1.965077e+01
      vertex   -3.470711e+01 4.439816e+01 1.974194e+01
      vertex   -3.470711e+01 4.478422e+01 1.984539e+01
    endloop
  endfacet
  facet normal -7.922305e-01 -2.578909e-01 5.530489e-01
    outer loop
      vertex   -3.486603e+01 4.485505e+01 1.965077e+01
      vertex   -3.470711e+01 4.478422e+01 1.984539e+01
      vertex   -3.486603e+01 4.525000e+01 1.983494e+01
    endloop
  endfacet
  facet normal -7.922305e-01 -2.578909e-01 5.530489e-01
    outer loop
      vertex   -3.486603e+01 4.525000e+01 1.983494e+01
      vertex   -3.470711e+01 4.478422e+01 1.984539e+01
      vertex   -3.470711e+01 4.514645e+01 2.001430e+01
    endloop
  endfacet
  facet normal -7.922305e-01 -3.500089e-01 4.998645e-01
    outer loop
      vertex   -3.486603e+01 4.525000e+01 1.983494e+01
      vertex   -3.470711e+01 4.514645e+01 2.001430e+01
      vertex   -3.486603e+01 4.560697e+01 2.008489e+01
    endloop
  endfacet
  facet normal -7.922305e-01 -3.500089e-01 4.998645e-01
    outer loop
      vertex   -3.486603e+01 4.560697e+01 2.008489e+01
      vertex   -3.470711e+01 4.514645e+01 2.001430e+01
      vertex   -3.470711e+01 4.547384e+01 2.024354e+01
    endloop
  endfacet
  facet normal -7.922305e-01 -4.314921e-01 4.314921e-01
    outer loop
      vertex   -3.486603e+01 4.560697e+01 2.008489e+01
      vertex   -3.470711e+01 4.547384e+01 2.024354e+01
      vertex   -3.486603e+01 4.591511e+01 2.039303e+01
    endloop
  endfacet
  facet normal -7.922305e-01 -4.314921e-01 4.314921e-01
    outer loop
      vertex   -3.486603e+01 4.591511e+01 2.039303e+01
      vertex   -3.470711e+01 4.547384e+01 2.024354e+01
      vertex   -3.470711e+01 4.575646e+01 2.052616e+01
    endloop
  endfacet
  facet normal -7.922305e-01 -4.998645e-01 3.500089e-01
    outer loop
      vertex   -3.486603e+01 4.591511e+01 2.039303e+01
      vertex   -3.470711e+01 4.575646e+01 2.052616e+01
      vertex   -3.486603e+01 4.616506e+01 2.075000e+01
    endloop
  endfacet
  facet normal -7.922305e-01 -4.998645e-01 3.500089e-01
    outer loop
      vertex   -3.486603e+01 4.616506e+01 2.075000e+01
      vertex   -3.470711e+01 4.575646e+01 2.052616e+01
      vertex   -3.470711e+01 4.598570e+01 2.085355e+01
    endloop
  endfacet
  facet normal -7.922305e-01 -5.530489e-01 2.578909e-01
    outer loop
      vertex   -3.486603e+01 4.616506e+01 2.075000e+01
      vertex   -3.470711e+01 4.598570e+01 2.085355e+01
      vertex   -3.486603e+01 4.634923e+01 2.114495e+01
    endloop
  endfacet
  facet normal -7.922305e-01 -5.530489e-01 2.578909e-01
    outer loop
      vertex   -3.486603e+01 4.634923e+01 2.114495e+01
      vertex   -3.470711e+01 4.598570e+01 2.085355e+01
      vertex   -3.470711e+01 4.615462e+01 2.121578e+01
    endloop
  endfacet
  facet normal -7.922305e-01 -5.894291e-01 1.579371e-01
    outer loop
      vertex   -3.486603e+01 4.634923e+01 2.114495e+01
      vertex   -3.470711e+01 4.615462e+01 2.121578e+01
      vertex   -3.486603e+01 4.646202e+01 2.156588e+01
    endloop
  endfacet
  facet normal -7.922305e-01 -5.894291e-01 1.579371e-01
    outer loop
      vertex   -3.486603e+01 4.646202e+01 2.156588e+01
      vertex   -3.470711e+01 4.615462e+01 2.121578e+01
      vertex   -3.470711e+01 4.625806e+01 2.160184e+01
    endloop
  endfacet
  facet normal -6.073003e-01 -6.924283e-02 7.914492e-01
    outer loop
      vertex   -3.470711e+01 4.400000e+01 1.970711e+01
      vertex   -3.450000e+01 4.400000e+01 1.986603e+01
      vertex   -3.470711e+01 4.439816e+01 1.974194e+01
    endloop
  endfacet
  facet normal -6.073003e-01 -6.924283e-02 7.914492e-01
    outer loop
      vertex   -3.470711e+01 4.439816e+01 1.974194e+01
      vertex   -3.450000e+01 4.400000e+01 1.986603e+01
      vertex   -3.450000e+01 4.437056e+01 1.989845e+01
    endloop
  endfacet
  facet normal -6.073003e-01 -2.056246e-01 7.674014e-01
    outer loop
      vertex   -3.470711e+01 4.439816e+01 1.974194e+01
      vertex   -3.450000e+01 4.437056e+01 1.989845e+01
      vertex   -3.470711e+01 4.478422e+01 1.984539e+01
    endloop
  endfacet
  facet normal -6.073003e-01 -2.056246e-01 7.674014e-01
    outer loop
      vertex   -3.470711e+01 4.478422e+01 1.984539e+01
      vertex   -3.450000e+01 4.437056e+01 1.989845e+01
      vertex   -3.450000e+01 4.472986e+01 1.999472e+01
    endloop
  endfacet
  facet normal -6.073003e-01 -3.357585e-01 7.200365e-01
    outer loop
      vertex   -3.470711e+01 4.478422e+01 1.984539e+01
      vertex   -3.450000e+01 4.472986e+01 1.999472e+01
      vertex   -3.470711e+01 4.514645e+01 2.001430e+01
    endloop
  endfacet
  facet normal -6.073003e-01 -3.357585e-01 7.200365e-01
    outer loop
      vertex   -3.470711e+01 4.514645e+01 2.001430e+01
      vertex   -3.450000e+01 4.472986e+01 1.999472e+01
      vertex   -3.450000e+01 4.506699e+01 2.015192e+01
    endloop
  endfacet
  facet normal -6.073003e-01 -4.556906e-01 6.507937e-01
    outer loop
      vertex   -3.470711e+01 4.514645e+01 2.001430e+01
      vertex   -3.450000e+01 4.506699e+01 2.015192e+01
      vertex   -3.470711e+01 4.547384e+01 2.024354e+01
    endloop
  endfacet
  facet normal -6.073003e-01 -4.556906e-01 6.507937e-01
    outer loop
      vertex   -3.470711e+01 4.547384e+01 2.024354e+01
      vertex   -3.450000e+01 4.506699e+01 2.015192e+01
      vertex   -3.450000e+01 4.537169e+01 2.036528e+01
    endloop
  endfacet
  facet normal -6.073003e-01 -5.617768e-01 5.617768e-01
    outer loop
      vertex   -3.470711e+01 4.547384e+01 2.024354e+01
      vertex   -3.450000e+01 4.537169e+01 2.036528e+01
      vertex   -3.470711e+01 4.575646e+01 2.052616e+01
    endloop
  endfacet
  facet normal -6.073003e-01 -5.617768e-01 5.617768e-01
    outer loop
      vertex   -3.470711e+01 4.575646e+01 2.052616e+01
      vertex   -3.450000e+01 4.537169e+01 2.036528e+01
      vertex   -3.450000e+01 4.563472e+01 2.062831e+01
    endloop
  endfacet
  facet normal -6.073003e-01 -6.507937e-01 4.556906e-01
    outer loop
      vertex   -3.470711e+01 4.575646e+01 2.052616e+01
      vertex   -3.450000e+01 4.563472e+01 2.062831e+01
      vertex   -3.470711e+01 4.598570e+01 2.085355e+01
    endloop
  endfacet
  facet normal -6.073003e-01 -6.507937e-01 4.556906e-01
    outer loop
      vertex   -3.470711e+01 4.598570e+01 2.085355e+01
      vertex   -3.450000e+01 4.563472e+01 2.062831e+01
      vertex   -3.450000e+01 4.584808e+01 2.093301e+01
    endloop
  endfacet
  facet normal -6.073003e-01 -7.200365e-01 3.357585e-01
    outer loop
      vertex   -3.470711e+01 4.598570e+01 2.085355e+01
      vertex   -3.450000e+01 4.584808e+01 2.093301e+01
      vertex   -3.470711e+01 4.615462e+01 2.121578e+01
    endloop
  endfacet
  facet normal -6.073003e-01 -7.200365e-01 3.357585e-01
    outer loop
      vertex   -3.470711e+01 4.615462e+01 2.121578e+01
      vertex   -3.450000e+01 4.584808e+01 2.093301e+01
      vertex   -3.450000e+01 4.600528e+01 2.127014e+01
    endloop
  endfacet
  facet normal -6.073003e-01 -7.674014e-01 2.056246e-01
    outer loop
      vertex   -3.470711e+01 4.615462e+01 2.121578e+01
      vertex   -3.450000e+01 4.600528e+01 2.127014e+01
      vertex   -3.470711e+01 4.625806e+01 2.160184e+01
    endloop
  endfacet
  facet normal -6.073003e-01 -7.674014e-01 2.056246e-01
    outer loop
      vertex   -3.470711e+01 4.625806e+01 2.160184e+01
      vertex   -3.450000e+01 4.600528e+01 2.127014e+01
      vertex   -3.450000e+01 4.610156e+01 2.162944e+01
    endloop
  endfacet
  facet normal -3.814394e-01 -8.056623e-02 9.208762e-01
    outer loop
      vertex   -3.450000e+01 4.400000e+01 1.986603e+01
      vertex   -3.425882e+01 4.400000e+01 1.996593e+01
      vertex   -3.450000e+01 4.437056e+01 1.989845e+01
    endloop
  endfacet
  facet normal -3.814394e-01 -8.056623e-02 9.208762e-01
    outer loop
      vertex   -3.450000e+01 4.437056e+01 1.989845e+01
      vertex   -3.425882e+01 4.400000e+01 1.996593e+01
      vertex   -3.425882e+01 4.435321e+01 1.999683e+01
    endloop
  endfacet
  facet normal -3.814394e-01 -2.392507e-01 8.928959e-01
    outer loop
      vertex   -3.450000e+01 4.437056e+01 1.989845e+01
      vertex   -3.425882e+01 4.435321e+01 1.999683e+01
      vertex   -3.450000e+01 4.472986e+01 1.999472e+01
    endloop
  endfacet
  facet normal -3.814394e-01 -2.392507e-01 8.928959e-01
    outer loop
      vertex   -3.450000e+01 4.472986e+01 1.999472e+01
      vertex   -3.425882e+01 4.435321e+01 1.999683e+01
      vertex   -3.425882e+01 4.469570e+01 2.008860e+01
    endloop
  endfacet
  facet normal -3.814394e-01 -3.906657e-01 8.377853e-01
    outer loop
      vertex   -3.450000e+01 4.472986e+01 1.999472e+01
      vertex   -3.425882e+01 4.469570e+01 2.008860e+01
      vertex   -3.450000e+01 4.506699e+01 2.015192e+01
    endloop
  endfacet
  facet normal -3.814394e-01 -3.906657e-01 8.377853e-01
    outer loop
      vertex   -3.450000e+01 4.506699e+01 2.015192e+01
      vertex   -3.425882e+01 4.469570e+01 2.008860e+01
      vertex   -3.425882e+01 4.501704e+01 2.023844e+01
    endloop
  endfacet
  facet normal -3.814394e-01 -5.302105e-01 7.572191e-01
    outer loop
      vertex   -3.450000e+01 4.506699e+01 2.015192e+01
      vertex   -3.425882e+01 4.501704e+01 2.023844e+01
      vertex   -3.450000e+01 4.537169e+01 2.036528e+01
    endloop
  endfacet
  facet normal -3.814394e-01 -5.302105e-01 7.572191e-01
    outer loop
      vertex   -3.450000e+01 4.537169e+01 2.036528e+01
      vertex   -3.425882e+01 4.501704e+01 2.023844e+01
      vertex   -3.425882e+01 4.530748e+01 2.044181e+01
    endloop
  endfacet
  facet normal -3.814394e-01 -6.536451e-01 6.536451e-01
    outer loop
      vertex   -3.450000e+01 4.537169e+01 2.036528e+01
      vertex   -3.425882e+01 4.530748e+01 2.044181e+01
      vertex   -3.450000e+01 4.563472e+01 2.062831e+01
    endloop
  endfacet
  facet normal -3.814394e-01 -6.536451e-01 6.536451e-01
    outer loop
      vertex   -3.450000e+01 4.563472e+01 2.062831e+01
      vertex   -3.425882e+01 4.530748e+01 2.044181e+01
      vertex   -3.425882e+01 4.555819e+01 2.069252e+01
    endloop
  endfacet
  facet normal -3.814394e-01 -7.572191e-01 5.302105e-01
    outer loop
      vertex   -3.450000e+01 4.563472e+01 2.062831e+01
      vertex   -3.425882e+01 4.555819e+01 2.069252e+01
      vertex   -3.450000e+01 4.584808e+01 2.093301e+01
    endloop
  endfacet
  facet normal -3.814394e-01 -7.572191e-01 5.302105e-01
    outer loop
      vertex   -3.450000e+01 4.584808e+01 2.093301e+01
      vertex   -3.425882e+01 4.555819e+01 2.069252e+01
      vertex   -3.425882e+01 4.576156e+01 2.098296e+01
    endloop
  endfacet
  facet normal -3.814394e-01 -8.377853e-01 3.906657e-01
    outer loop
      vertex   -3.450000e+01 4.584808e+01 2.093301e+01
      vertex   -3.425882e+01 4.576156e+01 2.098296e+01
      vertex   -3.450000e+01 4.600528e+01 2.127014e+01
    endloop
  endfacet
  facet normal -3.814394e-01 -8.377853e-01 3.906657e-01
    outer loop
      vertex   -3.450000e+01 4.600528e+01 2.127014e+01
      vertex   -3.425882e+01 4.576156e+01 2.098296e+01
      vertex   -3.425882e+01 4.591141e+01 2.130431e+01
    endloop
  endfacet
  facet normal -3.814394e-01 -8.928959e-01 2.392507e-01
    outer loop
      vertex   -3.450000e+01 4.600528e+01 2.127014e+01
      vertex   -3.425882e+01 4.591141e+01 2.130431e+01
      vertex   -3.450000e+01 4.610156e+01 2.162944e+01
    endloop
  endfacet
  facet normal -3.814394e-01 -8.928959e-01 2.392507e-01
    outer loop
      vertex   -3.450000e+01 4.610156e+01 2.162944e+01
      vertex   -3.425882e+01 4.591141e+01 2.130431e+01
      vertex   -3.425882e+01 4.600317e+01 2.164679e+01
    endloop
  endfacet
  facet normal -1.300379e-01 -8.641571e-02 9.877360e-01
    outer loop
      vertex   -3.425882e+01 4.400000e+01 1.996593e+01
      vertex   -3.400000e+01 4.400000e+01 2.000000e+01
      vertex   -3.425882e+01 4.435321e+01 1.999683e+01
    endloop
  endfacet
  facet normal -1.627775e-01 -1.104712e-01 9.804589e-01
    outer loop
      vertex   -3.425882e+01 4.435321e+01 1.999683e+01
      vertex   -3.400000e+01 4.400000e+01 2.000000e+01
      vertex   -3.400000e+01 4.444504e+01 2.005014e+01
    endloop
  endfacet
  facet normal -1.065403e-01 -2.573459e-01 9.604281e-01
    outer loop
      vertex   -3.425882e+01 4.435321e+01 1.999683e+01
      vertex   -3.400000e+01 4.444504e+01 2.005014e+01
      vertex   -3.425882e+01 4.469570e+01 2.008860e+01
    endloop
  endfacet
  facet normal -1.768003e-01 -3.250761e-01 9.290141e-01
    outer loop
      vertex   -3.425882e+01 4.469570e+01 2.008860e+01
      vertex   -3.400000e+01 4.444504e+01 2.005014e+01
      vertex   -3.400000e+01 4.486777e+01 2.019806e+01
    endloop
  endfacet
  facet normal -1.018150e-01 -4.204221e-01 9.015980e-01
    outer loop
      vertex   -3.425882e+01 4.469570e+01 2.008860e+01
      vertex   -3.400000e+01 4.486777e+01 2.019806e+01
      vertex   -3.425882e+01 4.501704e+01 2.023844e+01
    endloop
  endfacet
  facet normal -1.721366e-01 -5.240905e-01 8.340852e-01
    outer loop
      vertex   -3.425882e+01 4.501704e+01 2.023844e+01
      vertex   -3.400000e+01 4.486777e+01 2.019806e+01
      vertex   -3.400000e+01 4.524698e+01 2.043634e+01
    endloop
  endfacet
  facet normal -1.159660e-01 -5.697066e-01 8.136254e-01
    outer loop
      vertex   -3.425882e+01 4.501704e+01 2.023844e+01
      vertex   -3.400000e+01 4.524698e+01 2.043634e+01
      vertex   -3.425882e+01 4.530748e+01 2.044181e+01
    endloop
  endfacet
  facet normal -1.486642e-01 -6.992492e-01 6.992492e-01
    outer loop
      vertex   -3.425882e+01 4.530748e+01 2.044181e+01
      vertex   -3.400000e+01 4.524698e+01 2.043634e+01
      vertex   -3.400000e+01 4.556366e+01 2.075302e+01
    endloop
  endfacet
  facet normal -1.486642e-01 -6.992492e-01 6.992492e-01
    outer loop
      vertex   -3.425882e+01 4.530748e+01 2.044181e+01
      vertex   -3.400000e+01 4.556366e+01 2.075302e+01
      vertex   -3.425882e+01 4.555819e+01 2.069252e+01
    endloop
  endfacet
  facet normal -1.159660e-01 -8.136254e-01 5.697066e-01
    outer loop
      vertex   -3.425882e+01 4.555819e+01 2.069252e+01
      vertex   -3.400000e+01 4.556366e+01 2.075302e+01
      vertex   -3.425882e+01 4.576156e+01 2.098296e+01
    endloop
  endfacet
  facet normal -1.721366e-01 -8.340852e-01 5.240905e-01
    outer loop
      vertex   -3.400000e+01 4.556366e+01 2.075302e+01
      vertex   -3.400000e+01 4.580194e+01 2.113223e+01
      vertex   -3.425882e+01 4.576156e+01 2.098296e+01
    endloop
  endfacet
  facet normal -1.018150e-01 -9.015980e-01 4.204221e-01
    outer loop
      vertex   -3.425882e+01 4.576156e+01 2.098296e+01
      vertex   -3.400000e+01 4.580194e+01 2.113223e+01
      vertex   -3.425882e+01 4.591141e+01 2.130431e+01
    endloop
  endfacet
  facet normal -1.768003e-01 -9.290141e-01 3.250761e-01
    outer loop
      vertex   -3.400000e+01 4.580194e+01 2.113223e+01
      vertex   -3.400000e+01 4.594986e+01 2.155496e+01
      vertex   -3.425882e+01 4.591141e+01 2.130431e+01
    endloop
  endfacet
  facet normal -1.065403e-01 -9.604281e-01 2.573459e-01
    outer loop
      vertex   -3.425882e+01 4.591141e+01 2.130431e+01
      vertex   -3.400000e+01 4.594986e+01 2.155496e+01
      vertex   -3.425882e+01 4.600317e+01 2.164679e+01
    endloop
  endfacet
  facet normal 1.119049e-01 -9.931833e-01 -3.262261e-02
    outer loop
      vertex   -2.400000e+01 4.600000e+01 1.000000e+00
      vertex   -2.444504e+01 4.594986e+01 1.000000e+00
      vertex   -2.400361e+01 4.600121e+01 9.509323e-01
    endloop
  endfacet
  facet normal 9.343417e-02 -9.785697e-01 -1.834979e-01
    outer loop
      vertex   -2.400361e+01 4.600121e+01 9.509323e-01
      vertex   -2.444504e+01 4.594986e+01 1.000000e+00
      vertex   -2.435539e+01 4.598562e+01 8.549302e-01
    endloop
  endfacet
  facet normal 6.814991e-02 -9.937524e-01 -8.838469e-02
    outer loop
      vertex   -2.400361e+01 4.600121e+01 9.509323e-01
      vertex   -2.435539e+01 4.598562e+01 8.549302e-01
      vertex   -2.401445e+01 4.600482e+01 9.019829e-01
    endloop
  endfacet
  facet normal 8.017890e-02 -9.801949e-01 -1.810784e-01
    outer loop
      vertex   -2.401445e+01 4.600482e+01 9.019829e-01
      vertex   -2.435539e+01 4.598562e+01 8.549302e-01
      vertex   -2.405764e+01 4.601922e+01 8.049097e-01
    endloop
  endfacet
  facet normal 6.010207e-02 -9.566994e-01 -2.848051e-01
    outer loop
      vertex   -2.405764e+01 4.601922e+01 8.049097e-01
      vertex   -2.435539e+01 4.598562e+01 8.549302e-01
      vertex   -2.412918e+01 4.604306e+01 7.097153e-01
    endloop
  endfacet
  facet normal 9.073818e-02 -9.663040e-01 -2.408801e-01
    outer loop
      vertex   -2.412918e+01 4.604306e+01 7.097153e-01
      vertex   -2.435539e+01 4.598562e+01 8.549302e-01
      vertex   -2.441358e+01 4.599938e+01 7.778264e-01
    endloop
  endfacet
  facet normal 4.982172e-02 -9.222154e-01 -3.834534e-01
    outer loop
      vertex   -2.412918e+01 4.604306e+01 7.097153e-01
      vertex   -2.441358e+01 4.599938e+01 7.778264e-01
      vertex   -2.422836e+01 4.607612e+01 6.173166e-01
    endloop
  endfacet
  facet normal 9.059966e-02 -9.351154e-01 -3.425652e-01
    outer loop
      vertex   -2.422836e+01 4.607612e+01 6.173166e-01
      vertex   -2.441358e+01 4.599938e+01 7.778264e-01
      vertex   -2.449589e+01 4.602085e+01 6.974507e-01
    endloop
  endfacet
  facet normal 6.202058e-02 -9.062856e-01 -4.180906e-01
    outer loop
      vertex   -2.422836e+01 4.607612e+01 6.173166e-01
      vertex   -2.449589e+01 4.602085e+01 6.974507e-01
      vertex   -2.461332e+01 4.605466e+01 6.067375e-01
    endloop
  endfacet
  facet normal 1.628302e-01 -8.368216e-01 -5.227006e-01
    outer loop
      vertex   -2.461332e+01 4.605466e+01 6.067375e-01
      vertex   -2.449589e+01 4.602085e+01 6.974507e-01
      vertex   -2.475180e+01 4.592835e+01 7.658198e-01
    endloop
  endfacet
  facet normal 2.090112e-01 -8.462851e-01 -4.900162e-01
    outer loop
      vertex   -2.461332e+01 4.605466e+01 6.067375e-01
      vertex   -2.475180e+01 4.592835e+01 7.658198e-01
      vertex   -2.484581e+01 4.595468e+01 6.802420e-01
    endloop
  endfacet
  facet normal 2.866991e-01 -7.807423e-01 -5.551982e-01
    outer loop
      vertex   -2.484581e+01 4.595468e+01 6.802420e-01
      vertex   -2.475180e+01 4.592835e+01 7.658198e-01
      vertex   -2.499748e+01 4.580248e+01 8.159449e-01
    endloop
  endfacet
  facet normal 3.220414e-01 -7.883417e-01 -5.242201e-01
    outer loop
      vertex   -2.484581e+01 4.595468e+01 6.802420e-01
      vertex   -2.499748e+01 4.580248e+01 8.159449e-01
      vertex   -2.507014e+01 4.582729e+01 7.340102e-01
    endloop
  endfacet
  facet normal 4.058680e-01 -7.104181e-01 -5.749586e-01
    outer loop
      vertex   -2.507014e+01 4.582729e+01 7.340102e-01
      vertex   -2.499748e+01 4.580248e+01 8.159449e-01
      vertex   -2.522815e+01 4.564569e+01 8.468458e-01
    endloop
  endfacet
  facet normal 4.284498e-01 -7.156010e-01 -5.516757e-01
    outer loop
      vertex   -2.507014e+01 4.582729e+01 7.340102e-01
      vertex   -2.522815e+01 4.564569e+01 8.468458e-01
      vertex   -2.528242e+01 4.567467e+01 7.671084e-01
    endloop
  endfacet
  facet normal 5.205970e-01 -6.251519e-01 -5.815186e-01
    outer loop
      vertex   -2.528242e+01 4.567467e+01 7.671084e-01
      vertex   -2.522815e+01 4.564569e+01 8.468458e-01
      vertex   -2.545029e+01 4.545030e+01 8.580320e-01
    endloop
  endfacet
  facet normal 5.288626e-01 -6.273293e-01 -5.716313e-01
    outer loop
      vertex   -2.528242e+01 4.567467e+01 7.671084e-01
      vertex   -2.545029e+01 4.545030e+01 8.580320e-01
      vertex   -2.548933e+01 4.548933e+01 7.790747e-01
    endloop
  endfacet
  facet normal 6.554689e-01 -4.961585e-01 -5.693745e-01
    outer loop
      vertex   -2.548933e+01 4.548933e+01 7.790747e-01
      vertex   -2.545029e+01 4.545030e+01 8.580320e-01
      vertex   -2.573656e+01 4.510192e+01 8.320558e-01
    endloop
  endfacet
  facet normal 6.391849e-01 -4.890676e-01 -5.935113e-01
    outer loop
      vertex   -2.548933e+01 4.548933e+01 7.790747e-01
      vertex   -2.573656e+01 4.510192e+01 8.320558e-01
      vertex   -2.576254e+01 4.516600e+01 7.512726e-01
    endloop
  endfacet
  facet normal 7.946529e-01 -3.245593e-01 -5.130186e-01
    outer loop
      vertex   -2.576254e+01 4.516600e+01 7.512726e-01
      vertex   -2.573656e+01 4.510192e+01 8.320558e-01
      vertex   -2.594626e+01 4.470938e+01 7.555707e-01
    endloop
  endfacet
  facet normal 7.506638e-01 -3.075353e-01 -5.847443e-01
    outer loop
      vertex   -2.576254e+01 4.516600e+01 7.512726e-01
      vertex   -2.594626e+01 4.470938e+01 7.555707e-01
      vertex   -2.597344e+01 4.480721e+01 6.692361e-01
    endloop
  endfacet
  facet normal 8.682996e-01 -1.700602e-01 -4.659778e-01
    outer loop
      vertex   -2.597344e+01 4.480721e+01 6.692361e-01
      vertex   -2.594626e+01 4.470938e+01 7.555707e-01
      vertex   -2.602704e+01 4.447409e+01 6.909210e-01
    endloop
  endfacet
  facet normal 8.278696e-01 -1.680572e-01 -5.351530e-01
    outer loop
      vertex   -2.597344e+01 4.480721e+01 6.692361e-01
      vertex   -2.602704e+01 4.447409e+01 6.909210e-01
      vertex   -2.606175e+01 4.459355e+01 5.997064e-01
    endloop
  endfacet
  facet normal 9.066568e-01 -5.583038e-02 -4.181583e-01
    outer loop
      vertex   -2.606175e+01 4.459355e+01 5.997064e-01
      vertex   -2.602704e+01 4.447409e+01 6.909210e-01
      vertex   -2.607612e+01 4.422836e+01 6.173166e-01
    endloop
  endfacet
  facet normal 8.378667e-01 -5.912823e-02 -5.426632e-01
    outer loop
      vertex   -2.606175e+01 4.459355e+01 5.997064e-01
      vertex   -2.607612e+01 4.422836e+01 6.173166e-01
      vertex   -2.616853e+01 4.450559e+01 4.444298e-01
    endloop
  endfacet
  facet normal 2.481564e-01 -9.650238e-01 -8.454290e-02
    outer loop
      vertex   -2.435539e+01 4.598562e+01 8.549302e-01
      vertex   -2.444504e+01 4.594986e+01 1.000000e+00
      vertex   -2.464471e+01 4.590750e+01 8.974316e-01
    endloop
  endfacet
  facet normal 3.201796e-01 -9.150206e-01 -2.454023e-01
    outer loop
      vertex   -2.464471e+01 4.590750e+01 8.974316e-01
      vertex   -2.444504e+01 4.594986e+01 1.000000e+00
      vertex   -2.486777e+01 4.580194e+01 1.000000e+00
    endloop
  endfacet
  facet normal 3.891876e-01 -9.160964e-01 -9.643849e-02
    outer loop
      vertex   -2.464471e+01 4.590750e+01 8.974316e-01
      vertex   -2.486777e+01 4.580194e+01 1.000000e+00
      vertex   -2.492058e+01 4.578701e+01 9.286968e-01
    endloop
  endfacet
  facet normal 5.083348e-01 -8.373328e-01 -2.011705e-01
    outer loop
      vertex   -2.492058e+01 4.578701e+01 9.286968e-01
      vertex   -2.486777e+01 4.580194e+01 1.000000e+00
      vertex   -2.517672e+01 4.562687e+01 9.480133e-01
    endloop
  endfacet
  facet normal 4.768301e-01 -8.052005e-01 -3.525411e-01
    outer loop
      vertex   -2.492058e+01 4.578701e+01 9.286968e-01
      vertex   -2.517672e+01 4.562687e+01 9.480133e-01
      vertex   -2.495082e+01 4.579114e+01 8.783541e-01
    endloop
  endfacet
  facet normal 4.925609e-01 -8.110994e-01 -3.154385e-01
    outer loop
      vertex   -2.495082e+01 4.579114e+01 8.783541e-01
      vertex   -2.517672e+01 4.562687e+01 9.480133e-01
      vertex   -2.519585e+01 4.563212e+01 9.046281e-01
    endloop
  endfacet
  facet normal 4.442459e-01 -7.623012e-01 -4.706830e-01
    outer loop
      vertex   -2.495082e+01 4.579114e+01 8.783541e-01
      vertex   -2.519585e+01 4.563212e+01 9.046281e-01
      vertex   -2.499748e+01 4.580248e+01 8.159449e-01
    endloop
  endfacet
  facet normal 4.638077e-01 -7.690316e-01 -4.398555e-01
    outer loop
      vertex   -2.499748e+01 4.580248e+01 8.159449e-01
      vertex   -2.519585e+01 4.563212e+01 9.046281e-01
      vertex   -2.522815e+01 4.564569e+01 8.468458e-01
    endloop
  endfacet
  facet normal 5.081206e-01 -8.086692e-01 -2.964247e-01
    outer loop
      vertex   -2.486777e+01 4.580194e+01 1.000000e+00
      vertex   -2.524698e+01 4.556366e+01 1.000000e+00
      vertex   -2.517672e+01 4.562687e+01 9.480133e-01
    endloop
  endfacet
  facet normal 6.490067e-01 -7.593851e-01 -4.609359e-02
    outer loop
      vertex   -2.517672e+01 4.562687e+01 9.480133e-01
      vertex   -2.524698e+01 4.556366e+01 1.000000e+00
      vertex   -2.541920e+01 4.541920e+01 9.550193e-01
    endloop
  endfacet
  facet normal 6.028108e-01 -7.157815e-01 -3.525281e-01
    outer loop
      vertex   -2.517672e+01 4.562687e+01 9.480133e-01
      vertex   -2.541920e+01 4.541920e+01 9.550193e-01
      vertex   -2.519585e+01 4.563212e+01 9.046281e-01
    endloop
  endfacet
  facet normal 6.087927e-01 -7.183186e-01 -3.367341e-01
    outer loop
      vertex   -2.519585e+01 4.563212e+01 9.046281e-01
      vertex   -2.541920e+01 4.541920e+01 9.550193e-01
      vertex   -2.542957e+01 4.542957e+01 9.141491e-01
    endloop
  endfacet
  facet normal 5.653770e-01 -6.746960e-01 -4.744831e-01
    outer loop
      vertex   -2.519585e+01 4.563212e+01 9.046281e-01
      vertex   -2.542957e+01 4.542957e+01 9.141491e-01
      vertex   -2.522815e+01 4.564569e+01 8.468458e-01
    endloop
  endfacet
  facet normal 5.726581e-01 -6.774751e-01 -4.616168e-01
    outer loop
      vertex   -2.522815e+01 4.564569e+01 8.468458e-01
      vertex   -2.542957e+01 4.542957e+01 9.141491e-01
      vertex   -2.545029e+01 4.545030e+01 8.580320e-01
    endloop
  endfacet
  facet normal 6.480717e-01 -6.480717e-01 -4.000077e-01
    outer loop
      vertex   -2.524698e+01 4.556366e+01 1.000000e+00
      vertex   -2.556366e+01 4.524698e+01 1.000000e+00
      vertex   -2.541920e+01 4.541920e+01 9.550193e-01
    endloop
  endfacet
  facet normal 7.760691e-01 -6.174810e-01 1.281949e-01
    outer loop
      vertex   -2.541920e+01 4.541920e+01 9.550193e-01
      vertex   -2.556366e+01 4.524698e+01 1.000000e+00
      vertex   -2.572064e+01 4.503697e+01 9.387629e-01
    endloop
  endfacet
  facet normal 7.466489e-01 -5.745697e-01 -3.352389e-01
    outer loop
      vertex   -2.541920e+01 4.541920e+01 9.550193e-01
      vertex   -2.572064e+01 4.503697e+01 9.387629e-01
      vertex   -2.542957e+01 4.542957e+01 9.141491e-01
    endloop
  endfacet
  facet normal 7.351254e-01 -5.681928e-01 -3.697941e-01
    outer loop
      vertex   -2.542957e+01 4.542957e+01 9.141491e-01
      vertex   -2.572064e+01 4.503697e+01 9.387629e-01
      vertex   -2.572481e+01 4.506199e+01 8.920490e-01
    endloop
  endfacet
  facet normal 7.057013e-01 -5.391569e-01 -4.596690e-01
    outer loop
      vertex   -2.542957e+01 4.542957e+01 9.141491e-01
      vertex   -2.572481e+01 4.506199e+01 8.920490e-01
      vertex   -2.545029e+01 4.545030e+01 8.580320e-01
    endloop
  endfacet
  facet normal 6.913406e-01 -5.316034e-01 -4.893321e-01
    outer loop
      vertex   -2.545029e+01 4.545030e+01 8.580320e-01
      vertex   -2.572481e+01 4.506199e+01 8.920490e-01
      vertex   -2.573656e+01 4.510192e+01 8.320558e-01
    endloop
  endfacet
  facet normal 8.001864e-01 -5.027905e-01 -3.269609e-01
    outer loop
      vertex   -2.556366e+01 4.524698e+01 1.000000e+00
      vertex   -2.580194e+01 4.486777e+01 1.000000e+00
      vertex   -2.572064e+01 4.503697e+01 9.387629e-01
    endloop
  endfacet
  facet normal 9.059125e-01 -4.218402e-01 3.705944e-02
    outer loop
      vertex   -2.572064e+01 4.503697e+01 9.387629e-01
      vertex   -2.580194e+01 4.486777e+01 1.000000e+00
      vertex   -2.592363e+01 4.459686e+01 8.910491e-01
    endloop
  endfacet
  facet normal 8.828354e-01 -3.767759e-01 -2.804312e-01
    outer loop
      vertex   -2.572064e+01 4.503697e+01 9.387629e-01
      vertex   -2.592363e+01 4.459686e+01 8.910491e-01
      vertex   -2.572481e+01 4.506199e+01 8.920490e-01
    endloop
  endfacet
  facet normal 8.559326e-01 -3.650916e-01 -3.661796e-01
    outer loop
      vertex   -2.572481e+01 4.506199e+01 8.920490e-01
      vertex   -2.592363e+01 4.459686e+01 8.910491e-01
      vertex   -2.593143e+01 4.464274e+01 8.270881e-01
    endloop
  endfacet
  facet normal 8.447344e-01 -3.541370e-01 -4.012615e-01
    outer loop
      vertex   -2.572481e+01 4.506199e+01 8.920490e-01
      vertex   -2.593143e+01 4.464274e+01 8.270881e-01
      vertex   -2.573656e+01 4.510192e+01 8.320558e-01
    endloop
  endfacet
  facet normal 8.081949e-01 -3.377527e-01 -4.824356e-01
    outer loop
      vertex   -2.573656e+01 4.510192e+01 8.320558e-01
      vertex   -2.593143e+01 4.464274e+01 8.270881e-01
      vertex   -2.594626e+01 4.470938e+01 7.555707e-01
    endloop
  endfacet
  facet normal 9.192571e-01 -3.216620e-01 -2.269361e-01
    outer loop
      vertex   -2.580194e+01 4.486777e+01 1.000000e+00
      vertex   -2.594986e+01 4.444504e+01 1.000000e+00
      vertex   -2.592363e+01 4.459686e+01 8.910491e-01
    endloop
  endfacet
  facet normal 9.694841e-01 -2.294461e-01 -8.634301e-02
    outer loop
      vertex   -2.592363e+01 4.459686e+01 8.910491e-01
      vertex   -2.594986e+01 4.444504e+01 1.000000e+00
      vertex   -2.599020e+01 4.433069e+01 8.508804e-01
    endloop
  endfacet
  facet normal 9.459160e-01 -1.977746e-01 -2.571541e-01
    outer loop
      vertex   -2.592363e+01 4.459686e+01 8.910491e-01
      vertex   -2.599020e+01 4.433069e+01 8.508804e-01
      vertex   -2.593143e+01 4.464274e+01 8.270881e-01
    endloop
  endfacet
  facet normal 9.257949e-01 -1.988890e-01 -3.214763e-01
    outer loop
      vertex   -2.593143e+01 4.464274e+01 8.270881e-01
      vertex   -2.599020e+01 4.433069e+01 8.508804e-01
      vertex   -2.600471e+01 4.439016e+01 7.722979e-01
    endloop
  endfacet
  facet normal 9.130187e-01 -1.861855e-01 -3.629488e-01
    outer loop
      vertex   -2.593143e+01 4.464274e+01 8.270881e-01
      vertex   -2.600471e+01 4.439016e+01 7.722979e-01
      vertex   -2.594626e+01 4.470938e+01 7.555707e-01
    endloop
  endfacet
  facet normal 8.827140e-01 -1.842696e-01 -4.322739e-01
    outer loop
      vertex   -2.594626e+01 4.470938e+01 7.555707e-01
      vertex   -2.600471e+01 4.439016e+01 7.722979e-01
      vertex   -2.602704e+01 4.447409e+01 6.909210e-01
    endloop
  endfacet
  facet normal 9.774810e-01 -1.101357e-01 -1.800029e-01
    outer loop
      vertex   -2.594986e+01 4.444504e+01 1.000000e+00
      vertex   -2.600000e+01 4.400000e+01 1.000000e+00
      vertex   -2.599020e+01 4.433069e+01 8.508804e-01
    endloop
  endfacet
  facet normal 9.987339e-01 -4.204716e-02 -2.761414e-02
    outer loop
      vertex   -2.599020e+01 4.433069e+01 8.508804e-01
      vertex   -2.600000e+01 4.400000e+01 1.000000e+00
      vertex   -2.600120e+01 4.400361e+01 9.509323e-01
    endloop
  endfacet
  facet normal 9.944357e-01 -5.995291e-02 -8.662116e-02
    outer loop
      vertex   -2.599020e+01 4.433069e+01 8.508804e-01
      vertex   -2.600120e+01 4.400361e+01 9.509323e-01
      vertex   -2.600482e+01 4.401445e+01 9.019829e-01
    endloop
  endfacet
  facet normal 9.811289e-01 -7.419367e-02 -1.785535e-01
    outer loop
      vertex   -2.600482e+01 4.401445e+01 9.019829e-01
      vertex   -2.601921e+01 4.405764e+01 8.049097e-01
      vertex   -2.599020e+01 4.433069e+01 8.508804e-01
    endloop
  endfacet
  facet normal 9.581671e-01 -5.451022e-02 -2.809707e-01
    outer loop
      vertex   -2.599020e+01 4.433069e+01 8.508804e-01
      vertex   -2.601921e+01 4.405764e+01 8.049097e-01
      vertex   -2.604306e+01 4.412918e+01 7.097153e-01
    endloop
  endfacet
  facet normal 9.666200e-01 -8.398838e-02 -2.420571e-01
    outer loop
      vertex   -2.599020e+01 4.433069e+01 8.508804e-01
      vertex   -2.604306e+01 4.412918e+01 7.097153e-01
      vertex   -2.600471e+01 4.439016e+01 7.722979e-01
    endloop
  endfacet
  facet normal 9.243181e-01 -4.494160e-02 -3.789674e-01
    outer loop
      vertex   -2.600471e+01 4.439016e+01 7.722979e-01
      vertex   -2.604306e+01 4.412918e+01 7.097153e-01
      vertex   -2.607612e+01 4.422836e+01 6.173166e-01
    endloop
  endfacet
  facet normal 9.354530e-01 -8.399702e-02 -3.433251e-01
    outer loop
      vertex   -2.600471e+01 4.439016e+01 7.722979e-01
      vertex   -2.607612e+01 4.422836e+01 6.173166e-01
      vertex   -2.602704e+01 4.447409e+01 6.909210e-01
    endloop
  endfacet
  facet normal 7.103072e-01 -4.845107e-02 -7.022223e-01
    outer loop
      vertex   -2.629289e+01 4.487868e+01 2.928932e-01
      vertex   -2.616927e+01 4.492002e+01 4.150889e-01
      vertex   -2.616853e+01 4.450559e+01 4.444298e-01
    endloop
  endfacet
  facet normal 7.964848e-01 -4.129017e-02 -6.032471e-01
    outer loop
      vertex   -2.616853e+01 4.450559e+01 4.444298e-01
      vertex   -2.616927e+01 4.492002e+01 4.150889e-01
      vertex   -2.610898e+01 4.474259e+01 5.068410e-01
    endloop
  endfacet
  facet normal 8.399005e-01 -6.930460e-02 -5.382973e-01
    outer loop
      vertex   -2.616853e+01 4.450559e+01 4.444298e-01
      vertex   -2.610898e+01 4.474259e+01 5.068410e-01
      vertex   -2.606175e+01 4.459355e+01 5.997064e-01
    endloop
  endfacet
  facet normal 7.633963e-01 -1.496589e-01 -6.283537e-01
    outer loop
      vertex   -2.606175e+01 4.459355e+01 5.997064e-01
      vertex   -2.610898e+01 4.474259e+01 5.068410e-01
      vertex   -2.601537e+01 4.493319e+01 5.751695e-01
    endloop
  endfacet
  facet normal 8.112803e-01 -1.515974e-01 -5.646614e-01
    outer loop
      vertex   -2.606175e+01 4.459355e+01 5.997064e-01
      vertex   -2.601537e+01 4.493319e+01 5.751695e-01
      vertex   -2.597344e+01 4.480721e+01 6.692361e-01
    endloop
  endfacet
  facet normal 6.857832e-01 -2.749270e-01 -6.738817e-01
    outer loop
      vertex   -2.597344e+01 4.480721e+01 6.692361e-01
      vertex   -2.601537e+01 4.493319e+01 5.751695e-01
      vertex   -2.580718e+01 4.525547e+01 6.555484e-01
    endloop
  endfacet
  facet normal 7.337224e-01 -2.908797e-01 -6.140361e-01
    outer loop
      vertex   -2.597344e+01 4.480721e+01 6.692361e-01
      vertex   -2.580718e+01 4.525547e+01 6.555484e-01
      vertex   -2.576254e+01 4.516600e+01 7.512726e-01
    endloop
  endfacet
  facet normal 5.807047e-01 -4.418465e-01 -6.837790e-01
    outer loop
      vertex   -2.576254e+01 4.516600e+01 7.512726e-01
      vertex   -2.580718e+01 4.525547e+01 6.555484e-01
      vertex   -2.555061e+01 4.555061e+01 6.827247e-01
    endloop
  endfacet
  facet normal 5.976806e-01 -4.478512e-01 -6.649866e-01
    outer loop
      vertex   -2.576254e+01 4.516600e+01 7.512726e-01
      vertex   -2.555061e+01 4.555061e+01 6.827247e-01
      vertex   -2.548933e+01 4.548933e+01 7.790747e-01
    endloop
  endfacet
  facet normal 4.791025e-01 -5.701649e-01 -6.673625e-01
    outer loop
      vertex   -2.548933e+01 4.548933e+01 7.790747e-01
      vertex   -2.555061e+01 4.555061e+01 6.827247e-01
      vertex   -2.536105e+01 4.572359e+01 6.710345e-01
    endloop
  endfacet
  facet normal 4.704717e-01 -5.687923e-01 -6.746345e-01
    outer loop
      vertex   -2.548933e+01 4.548933e+01 7.790747e-01
      vertex   -2.536105e+01 4.572359e+01 6.710345e-01
      vertex   -2.528242e+01 4.567467e+01 7.671084e-01
    endloop
  endfacet
  facet normal 3.876256e-01 -6.536128e-01 -6.500282e-01
    outer loop
      vertex   -2.528242e+01 4.567467e+01 7.671084e-01
      vertex   -2.536105e+01 4.572359e+01 6.710345e-01
      vertex   -2.516897e+01 4.586970e+01 6.386542e-01
    endloop
  endfacet
  facet normal 3.638486e-01 -6.506519e-01 -6.665331e-01
    outer loop
      vertex   -2.528242e+01 4.567467e+01 7.671084e-01
      vertex   -2.516897e+01 4.586970e+01 6.386542e-01
      vertex   -2.507014e+01 4.582729e+01 7.340102e-01
    endloop
  endfacet
  facet normal 2.917325e-01 -7.244113e-01 -6.245962e-01
    outer loop
      vertex   -2.507014e+01 4.582729e+01 7.340102e-01
      vertex   -2.516897e+01 4.586970e+01 6.386542e-01
      vertex   -2.496770e+01 4.599618e+01 5.859669e-01
    endloop
  endfacet
  facet normal 2.541748e-01 -7.200887e-01 -6.456528e-01
    outer loop
      vertex   -2.507014e+01 4.582729e+01 7.340102e-01
      vertex   -2.496770e+01 4.599618e+01 5.859669e-01
      vertex   -2.484581e+01 4.595468e+01 6.802420e-01
    endloop
  endfacet
  facet normal 1.906458e-01 -7.834921e-01 -5.914341e-01
    outer loop
      vertex   -2.484581e+01 4.595468e+01 6.802420e-01
      vertex   -2.496770e+01 4.599618e+01 5.859669e-01
      vertex   -2.476020e+01 4.610118e+01 5.137598e-01
    endloop
  endfacet
  facet normal 1.410557e-01 -7.780569e-01 -6.121526e-01
    outer loop
      vertex   -2.484581e+01 4.595468e+01 6.802420e-01
      vertex   -2.476020e+01 4.610118e+01 5.137598e-01
      vertex   -2.461332e+01 4.605466e+01 6.067375e-01
    endloop
  endfacet
  facet normal 7.525697e-02 -8.390963e-01 -5.387521e-01
    outer loop
      vertex   -2.461332e+01 4.605466e+01 6.067375e-01
      vertex   -2.476020e+01 4.610118e+01 5.137598e-01
      vertex   -2.450559e+01 4.616853e+01 4.444298e-01
    endloop
  endfacet
  facet normal 6.159412e-02 -8.358268e-01 -5.455270e-01
    outer loop
      vertex   -2.461332e+01 4.605466e+01 6.067375e-01
      vertex   -2.450559e+01 4.616853e+01 4.444298e-01
      vertex   -2.422836e+01 4.607612e+01 6.173166e-01
    endloop
  endfacet
  facet normal 7.103650e-01 -4.888569e-02 -7.021338e-01
    outer loop
      vertex   -2.616927e+01 4.492002e+01 4.150889e-01
      vertex   -2.629289e+01 4.487868e+01 2.928932e-01
      vertex   -2.624226e+01 4.512373e+01 3.270556e-01
    endloop
  endfacet
  facet normal 6.074481e-01 -1.478428e-02 -7.942218e-01
    outer loop
      vertex   -2.624226e+01 4.512373e+01 3.270556e-01
      vertex   -2.629289e+01 4.487868e+01 2.928932e-01
      vertex   -2.644443e+01 4.533329e+01 1.685304e-01
    endloop
  endfacet
  facet normal 5.851062e-01 -4.792585e-02 -8.095393e-01
    outer loop
      vertex   -2.624226e+01 4.512373e+01 3.270556e-01
      vertex   -2.644443e+01 4.533329e+01 1.685304e-01
      vertex   -2.639497e+01 4.552588e+01 1.928731e-01
    endloop
  endfacet
  facet normal 4.586219e-01 -5.450863e-03 -8.886148e-01
    outer loop
      vertex   -2.639497e+01 4.552588e+01 1.928731e-01
      vertex   -2.644443e+01 4.533329e+01 1.685304e-01
      vertex   -2.661732e+01 4.585195e+01 7.612047e-02
    endloop
  endfacet
  facet normal 4.255461e-01 -3.362500e-02 -9.043118e-01
    outer loop
      vertex   -2.639497e+01 4.552588e+01 1.928731e-01
      vertex   -2.661732e+01 4.585195e+01 7.612047e-02
      vertex   -2.657876e+01 4.598498e+01 8.931969e-02
    endloop
  endfacet
  facet normal 3.060350e-01 5.749356e-03 -9.520029e-01
    outer loop
      vertex   -2.657876e+01 4.598498e+01 8.931969e-02
      vertex   -2.661732e+01 4.585195e+01 7.612047e-02
      vertex   -2.680491e+01 4.641473e+01 1.921472e-02
    endloop
  endfacet
  facet normal 2.566999e-01 -2.253347e-02 -9.662284e-01
    outer loop
      vertex   -2.657876e+01 4.598498e+01 8.931969e-02
      vertex   -2.680491e+01 4.641473e+01 1.921472e-02
      vertex   -2.678384e+01 4.648263e+01 2.322950e-02
    endloop
  endfacet
  facet normal 1.414110e-01 1.464000e-02 -9.898427e-01
    outer loop
      vertex   -2.678384e+01 4.648263e+01 2.322950e-02
      vertex   -2.680491e+01 4.641473e+01 1.921472e-02
      vertex   -2.700000e+01 4.700000e+01 1.065814e-13
    endloop
  endfacet
  facet normal -5.502400e-03 -3.053603e-01 -9.522210e-01
    outer loop
      vertex   -2.585195e+01 4.661732e+01 7.612047e-02
      vertex   -2.599126e+01 4.657317e+01 9.108292e-02
      vertex   -2.641473e+01 4.680491e+01 1.921472e-02
    endloop
  endfacet
  facet normal 2.488120e-02 -2.543570e-01 -9.667903e-01
    outer loop
      vertex   -2.641473e+01 4.680491e+01 1.921472e-02
      vertex   -2.599126e+01 4.657317e+01 9.108292e-02
      vertex   -2.648573e+01 4.678085e+01 2.371833e-02
    endloop
  endfacet
  facet normal -1.474921e-02 -1.417339e-01 -9.897949e-01
    outer loop
      vertex   -2.641473e+01 4.680491e+01 1.921472e-02
      vertex   -2.648573e+01 4.678085e+01 2.371833e-02
      vertex   -2.700000e+01 4.700000e+01 1.065814e-13
    endloop
  endfacet
  facet normal 3.686338e-02 -4.231448e-01 -9.053119e-01
    outer loop
      vertex   -2.599126e+01 4.657317e+01 9.108292e-02
      vertex   -2.585195e+01 4.661732e+01 7.612047e-02
      vertex   -2.553551e+01 4.638753e+01 1.964081e-01
    endloop
  endfacet
  facet normal 6.046939e-03 -4.572181e-01 -8.893340e-01
    outer loop
      vertex   -2.553551e+01 4.638753e+01 1.964081e-01
      vertex   -2.585195e+01 4.661732e+01 7.612047e-02
      vertex   -2.533329e+01 4.644443e+01 1.685304e-01
    endloop
  endfacet
  facet normal 5.227543e-02 -5.830236e-01 -8.107717e-01
    outer loop
      vertex   -2.553551e+01 4.638753e+01 1.964081e-01
      vertex   -2.533329e+01 4.644443e+01 1.685304e-01
      vertex   -2.513696e+01 4.623403e+01 3.324892e-01
    endloop
  endfacet
  facet normal 1.594828e-02 -6.052891e-01 -7.958460e-01
    outer loop
      vertex   -2.513696e+01 4.623403e+01 3.324892e-01
      vertex   -2.533329e+01 4.644443e+01 1.685304e-01
      vertex   -2.487868e+01 4.629289e+01 2.928932e-01
    endloop
  endfacet
  facet normal 5.376397e-02 -7.089181e-01 -7.032386e-01
    outer loop
      vertex   -2.513696e+01 4.623403e+01 3.324892e-01
      vertex   -2.487868e+01 4.629289e+01 2.928932e-01
      vertex   -2.493544e+01 4.616108e+01 4.214283e-01
    endloop
  endfacet
  facet normal 4.995299e-02 -7.082283e-01 -7.042140e-01
    outer loop
      vertex   -2.493544e+01 4.616108e+01 4.214283e-01
      vertex   -2.487868e+01 4.629289e+01 2.928932e-01
      vertex   -2.450559e+01 4.616853e+01 4.444298e-01
    endloop
  endfacet
  facet normal 4.609651e-02 -7.958088e-01 -6.037909e-01
    outer loop
      vertex   -2.493544e+01 4.616108e+01 4.214283e-01
      vertex   -2.450559e+01 4.616853e+01 4.444298e-01
      vertex   -2.476020e+01 4.610118e+01 5.137598e-01
    endloop
  endfacet
  facet normal 1.334590e-01 1.126602e-02 -9.909903e-01
    outer loop
      vertex   -2.678384e+01 4.648263e+01 2.322950e-02
      vertex   -2.700000e+01 4.700000e+01 1.065814e-13
      vertex   -2.675112e+01 4.651634e+01 2.801840e-02
    endloop
  endfacet
  facet normal 1.007139e-01 -5.810087e-03 -9.948985e-01
    outer loop
      vertex   -2.675112e+01 4.651634e+01 2.801840e-02
      vertex   -2.700000e+01 4.700000e+01 1.065814e-13
      vertex   -2.669306e+01 4.657553e+01 3.355056e-02
    endloop
  endfacet
  facet normal 6.409173e-02 -3.249127e-02 -9.974149e-01
    outer loop
      vertex   -2.669306e+01 4.657553e+01 3.355056e-02
      vertex   -2.700000e+01 4.700000e+01 1.065814e-13
      vertex   -2.663448e+01 4.663448e+01 3.539434e-02
    endloop
  endfacet
  facet normal 3.795526e-02 -5.864153e-02 -9.975573e-01
    outer loop
      vertex   -2.663448e+01 4.663448e+01 3.539434e-02
      vertex   -2.700000e+01 4.700000e+01 1.065814e-13
      vertex   -2.659592e+01 4.667288e+01 3.460403e-02
    endloop
  endfacet
  facet normal 1.986716e-02 -8.087623e-02 -9.965261e-01
    outer loop
      vertex   -2.659592e+01 4.667288e+01 3.460403e-02
      vertex   -2.700000e+01 4.700000e+01 1.065814e-13
      vertex   -2.655926e+01 4.670910e+01 3.239586e-02
    endloop
  endfacet
  facet normal 4.147396e-03 -1.044694e-01 -9.945195e-01
    outer loop
      vertex   -2.655926e+01 4.670910e+01 3.239586e-02
      vertex   -2.700000e+01 4.700000e+01 1.065814e-13
      vertex   -2.652252e+01 4.674510e+01 2.876739e-02
    endloop
  endfacet
  facet normal -9.694679e-03 -1.300529e-01 -9.914597e-01
    outer loop
      vertex   -2.652252e+01 4.674510e+01 2.876739e-02
      vertex   -2.700000e+01 4.700000e+01 1.065814e-13
      vertex   -2.648573e+01 4.678085e+01 2.371833e-02
    endloop
  endfacet
  facet normal 2.032080e-01 -9.258684e-01 -3.185502e-01
    outer loop
      vertex   -2.441358e+01 4.599938e+01 7.778264e-01
      vertex   -2.435539e+01 4.598562e+01 8.549302e-01
      vertex   -2.464471e+01 4.590750e+01 8.974316e-01
    endloop
  endfacet
  facet normal 3.436007e-01 -8.751176e-01 -3.407459e-01
    outer loop
      vertex   -2.464471e+01 4.590750e+01 8.974316e-01
      vertex   -2.492058e+01 4.578701e+01 9.286968e-01
      vertex   -2.468820e+01 4.591443e+01 8.357847e-01
    endloop
  endfacet
  facet normal 3.669873e-01 -8.829007e-01 -2.929278e-01
    outer loop
      vertex   -2.468820e+01 4.591443e+01 8.357847e-01
      vertex   -2.492058e+01 4.578701e+01 9.286968e-01
      vertex   -2.495082e+01 4.579114e+01 8.783541e-01
    endloop
  endfacet
  facet normal 3.172569e-01 -8.325909e-01 -4.540269e-01
    outer loop
      vertex   -2.468820e+01 4.591443e+01 8.357847e-01
      vertex   -2.495082e+01 4.579114e+01 8.783541e-01
      vertex   -2.475180e+01 4.592835e+01 7.658198e-01
    endloop
  endfacet
  facet normal 3.472258e-01 -8.421176e-01 -4.126405e-01
    outer loop
      vertex   -2.475180e+01 4.592835e+01 7.658198e-01
      vertex   -2.495082e+01 4.579114e+01 8.783541e-01
      vertex   -2.499748e+01 4.580248e+01 8.159449e-01
    endloop
  endfacet
  facet normal 1.843003e-01 -8.860370e-01 -4.254079e-01
    outer loop
      vertex   -2.449589e+01 4.602085e+01 6.974507e-01
      vertex   -2.441358e+01 4.599938e+01 7.778264e-01
      vertex   -2.468820e+01 4.591443e+01 8.357847e-01
    endloop
  endfacet
  facet normal 2.323660e-01 -9.346944e-01 -2.689841e-01
    outer loop
      vertex   -2.468820e+01 4.591443e+01 8.357847e-01
      vertex   -2.441358e+01 4.599938e+01 7.778264e-01
      vertex   -2.464471e+01 4.590750e+01 8.974316e-01
    endloop
  endfacet
  facet normal 2.226194e-01 -8.974185e-01 -3.808944e-01
    outer loop
      vertex   -2.449589e+01 4.602085e+01 6.974507e-01
      vertex   -2.468820e+01 4.591443e+01 8.357847e-01
      vertex   -2.475180e+01 4.592835e+01 7.658198e-01
    endloop
  endfacet
  facet normal 7.456673e-01 -1.320821e-01 -6.530961e-01
    outer loop
      vertex   -2.601537e+01 4.493319e+01 5.751695e-01
      vertex   -2.610898e+01 4.474259e+01 5.068410e-01
      vertex   -2.607355e+01 4.508708e+01 4.776117e-01
    endloop
  endfacet
  facet normal 6.926224e-01 -1.313910e-01 -7.092324e-01
    outer loop
      vertex   -2.607355e+01 4.508708e+01 4.776117e-01
      vertex   -2.610898e+01 4.474259e+01 5.068410e-01
      vertex   -2.616927e+01 4.492002e+01 4.150889e-01
    endloop
  endfacet
  facet normal 6.750672e-01 -1.139732e-01 -7.288994e-01
    outer loop
      vertex   -2.607355e+01 4.508708e+01 4.776117e-01
      vertex   -2.616927e+01 4.492002e+01 4.150889e-01
      vertex   -2.614791e+01 4.526727e+01 3.805708e-01
    endloop
  endfacet
  facet normal 6.169938e-01 -1.153291e-01 -7.784714e-01
    outer loop
      vertex   -2.614791e+01 4.526727e+01 3.805708e-01
      vertex   -2.616927e+01 4.492002e+01 4.150889e-01
      vertex   -2.624226e+01 4.512373e+01 3.270556e-01
    endloop
  endfacet
  facet normal 5.804698e-01 -7.941662e-02 -8.103998e-01
    outer loop
      vertex   -2.614791e+01 4.526727e+01 3.805708e-01
      vertex   -2.624226e+01 4.512373e+01 3.270556e-01
      vertex   -2.631175e+01 4.563061e+01 2.276110e-01
    endloop
  endfacet
  facet normal 4.903375e-01 -1.025779e-01 -8.654750e-01
    outer loop
      vertex   -2.631175e+01 4.563061e+01 2.276110e-01
      vertex   -2.624226e+01 4.512373e+01 3.270556e-01
      vertex   -2.639497e+01 4.552588e+01 1.928731e-01
    endloop
  endfacet
  facet normal 4.341099e-01 -4.656165e-02 -8.996558e-01
    outer loop
      vertex   -2.631175e+01 4.563061e+01 2.276110e-01
      vertex   -2.639497e+01 4.552588e+01 1.928731e-01
      vertex   -2.651716e+01 4.605334e+01 1.066170e-01
    endloop
  endfacet
  facet normal 3.442298e-01 -7.332792e-02 -9.360176e-01
    outer loop
      vertex   -2.651716e+01 4.605334e+01 1.066170e-01
      vertex   -2.639497e+01 4.552588e+01 1.928731e-01
      vertex   -2.657876e+01 4.598498e+01 8.931969e-02
    endloop
  endfacet
  facet normal 2.878520e-01 -1.709033e-02 -9.575224e-01
    outer loop
      vertex   -2.651716e+01 4.605334e+01 1.066170e-01
      vertex   -2.657876e+01 4.598498e+01 8.931969e-02
      vertex   -2.675112e+01 4.651634e+01 2.801840e-02
    endloop
  endfacet
  facet normal 1.947490e-01 -4.983707e-02 -9.795862e-01
    outer loop
      vertex   -2.675112e+01 4.651634e+01 2.801840e-02
      vertex   -2.657876e+01 4.598498e+01 8.931969e-02
      vertex   -2.678384e+01 4.648263e+01 2.322950e-02
    endloop
  endfacet
  facet normal 6.659583e-01 -2.553784e-01 -7.009147e-01
    outer loop
      vertex   -2.580718e+01 4.525547e+01 6.555484e-01
      vertex   -2.601537e+01 4.493319e+01 5.751695e-01
      vertex   -2.587277e+01 4.537155e+01 5.509417e-01
    endloop
  endfacet
  facet normal 6.164316e-01 -2.419423e-01 -7.493170e-01
    outer loop
      vertex   -2.587277e+01 4.537155e+01 5.509417e-01
      vertex   -2.601537e+01 4.493319e+01 5.751695e-01
      vertex   -2.607355e+01 4.508708e+01 4.776117e-01
    endloop
  endfacet
  facet normal 5.964964e-01 -2.222201e-01 -7.712394e-01
    outer loop
      vertex   -2.587277e+01 4.537155e+01 5.509417e-01
      vertex   -2.607355e+01 4.508708e+01 4.776117e-01
      vertex   -2.595931e+01 4.551337e+01 4.431407e-01
    endloop
  endfacet
  facet normal 5.453528e-01 -2.117311e-01 -8.110242e-01
    outer loop
      vertex   -2.595931e+01 4.551337e+01 4.431407e-01
      vertex   -2.607355e+01 4.508708e+01 4.776117e-01
      vertex   -2.614791e+01 4.526727e+01 3.805708e-01
    endloop
  endfacet
  facet normal 5.014617e-01 -1.685411e-01 -8.486048e-01
    outer loop
      vertex   -2.595931e+01 4.551337e+01 4.431407e-01
      vertex   -2.614791e+01 4.526727e+01 3.805708e-01
      vertex   -2.615524e+01 4.581214e+01 2.680209e-01
    endloop
  endfacet
  facet normal 4.331877e-01 -1.767314e-01 -8.838068e-01
    outer loop
      vertex   -2.615524e+01 4.581214e+01 2.680209e-01
      vertex   -2.614791e+01 4.526727e+01 3.805708e-01
      vertex   -2.631175e+01 4.563061e+01 2.276110e-01
    endloop
  endfacet
  facet normal 3.651350e-01 -1.089886e-01 -9.245528e-01
    outer loop
      vertex   -2.615524e+01 4.581214e+01 2.680209e-01
      vertex   -2.631175e+01 4.563061e+01 2.276110e-01
      vertex   -2.640553e+01 4.617279e+01 1.266613e-01
    endloop
  endfacet
  facet normal 3.021214e-01 -1.237333e-01 -9.452051e-01
    outer loop
      vertex   -2.640553e+01 4.617279e+01 1.266613e-01
      vertex   -2.631175e+01 4.563061e+01 2.276110e-01
      vertex   -2.651716e+01 4.605334e+01 1.066170e-01
    endloop
  endfacet
  facet normal 2.348712e-01 -5.666094e-02 -9.703737e-01
    outer loop
      vertex   -2.640553e+01 4.617279e+01 1.266613e-01
      vertex   -2.651716e+01 4.605334e+01 1.066170e-01
      vertex   -2.669306e+01 4.657553e+01 3.355056e-02
    endloop
  endfacet
  facet normal 1.738468e-01 -7.879012e-02 -9.816157e-01
    outer loop
      vertex   -2.669306e+01 4.657553e+01 3.355056e-02
      vertex   -2.651716e+01 4.605334e+01 1.066170e-01
      vertex   -2.675112e+01 4.651634e+01 2.801840e-02
    endloop
  endfacet
  facet normal 5.352976e-01 -3.966700e-01 -7.457274e-01
    outer loop
      vertex   -2.555061e+01 4.555061e+01 6.827247e-01
      vertex   -2.580718e+01 4.525547e+01 6.555484e-01
      vertex   -2.563627e+01 4.563627e+01 5.756763e-01
    endloop
  endfacet
  facet normal 5.183280e-01 -3.920516e-01 -7.600208e-01
    outer loop
      vertex   -2.563627e+01 4.563627e+01 5.756763e-01
      vertex   -2.580718e+01 4.525547e+01 6.555484e-01
      vertex   -2.587277e+01 4.537155e+01 5.509417e-01
    endloop
  endfacet
  facet normal 4.739310e-01 -3.478155e-01 -8.089585e-01
    outer loop
      vertex   -2.563627e+01 4.563627e+01 5.756763e-01
      vertex   -2.587277e+01 4.537155e+01 5.509417e-01
      vertex   -2.574602e+01 4.574602e+01 4.641940e-01
    endloop
  endfacet
  facet normal 4.568108e-01 -3.446029e-01 -8.201053e-01
    outer loop
      vertex   -2.574602e+01 4.574602e+01 4.641940e-01
      vertex   -2.587277e+01 4.537155e+01 5.509417e-01
      vertex   -2.595931e+01 4.551337e+01 4.431407e-01
    endloop
  endfacet
  facet normal 3.879209e-01 -2.760787e-01 -8.793736e-01
    outer loop
      vertex   -2.574602e+01 4.574602e+01 4.641940e-01
      vertex   -2.595931e+01 4.551337e+01 4.431407e-01
      vertex   -2.598788e+01 4.598789e+01 2.815636e-01
    endloop
  endfacet
  facet normal 3.659962e-01 -2.801483e-01 -8.874479e-01
    outer loop
      vertex   -2.598788e+01 4.598789e+01 2.815636e-01
      vertex   -2.595931e+01 4.551337e+01 4.431407e-01
      vertex   -2.615524e+01 4.581214e+01 2.680209e-01
    endloop
  endfacet
  facet normal 2.738657e-01 -1.881182e-01 -9.431909e-01
    outer loop
      vertex   -2.598788e+01 4.598789e+01 2.815636e-01
      vertex   -2.615524e+01 4.581214e+01 2.680209e-01
      vertex   -2.629046e+01 4.629046e+01 1.333584e-01
    endloop
  endfacet
  facet normal 2.543377e-01 -1.947940e-01 -9.472949e-01
    outer loop
      vertex   -2.629046e+01 4.629046e+01 1.333584e-01
      vertex   -2.615524e+01 4.581214e+01 2.680209e-01
      vertex   -2.640553e+01 4.617279e+01 1.266613e-01
    endloop
  endfacet
  facet normal 1.692010e-01 -1.097118e-01 -9.794562e-01
    outer loop
      vertex   -2.629046e+01 4.629046e+01 1.333584e-01
      vertex   -2.640553e+01 4.617279e+01 1.266613e-01
      vertex   -2.663448e+01 4.663448e+01 3.539434e-02
    endloop
  endfacet
  facet normal 1.508362e-01 -1.191925e-01 -9.813468e-01
    outer loop
      vertex   -2.663448e+01 4.663448e+01 3.539434e-02
      vertex   -2.640553e+01 4.617279e+01 1.266613e-01
      vertex   -2.669306e+01 4.657553e+01 3.355056e-02
    endloop
  endfacet
  facet normal 4.173827e-01 -5.083293e-01 -7.532549e-01
    outer loop
      vertex   -2.536105e+01 4.572359e+01 6.710345e-01
      vertex   -2.555061e+01 4.555061e+01 6.827247e-01
      vertex   -2.546563e+01 4.579478e+01 5.650426e-01
    endloop
  endfacet
  facet normal 4.260378e-01 -5.088336e-01 -7.480509e-01
    outer loop
      vertex   -2.546563e+01 4.579478e+01 5.650426e-01
      vertex   -2.555061e+01 4.555061e+01 6.827247e-01
      vertex   -2.563627e+01 4.563627e+01 5.756763e-01
    endloop
  endfacet
  facet normal 3.664067e-01 -4.491216e-01 -8.148840e-01
    outer loop
      vertex   -2.546563e+01 4.579478e+01 5.650426e-01
      vertex   -2.563627e+01 4.563627e+01 5.756763e-01
      vertex   -2.559553e+01 4.588819e+01 4.551484e-01
    endloop
  endfacet
  facet normal 3.751881e-01 -4.487292e-01 -8.110956e-01
    outer loop
      vertex   -2.559553e+01 4.588819e+01 4.551484e-01
      vertex   -2.563627e+01 4.563627e+01 5.756763e-01
      vertex   -2.574602e+01 4.574602e+01 4.641940e-01
    endloop
  endfacet
  facet normal 2.928329e-01 -3.661513e-01 -8.832792e-01
    outer loop
      vertex   -2.559553e+01 4.588819e+01 4.551484e-01
      vertex   -2.574602e+01 4.574602e+01 4.641940e-01
      vertex   -2.587361e+01 4.609856e+01 2.757507e-01
    endloop
  endfacet
  facet normal 3.046788e-01 -3.608807e-01 -8.814397e-01
    outer loop
      vertex   -2.587361e+01 4.609856e+01 2.757507e-01
      vertex   -2.574602e+01 4.574602e+01 4.641940e-01
      vertex   -2.598788e+01 4.598789e+01 2.815636e-01
    endloop
  endfacet
  facet normal 2.012064e-01 -2.573884e-01 -9.451281e-01
    outer loop
      vertex   -2.587361e+01 4.609856e+01 2.757507e-01
      vertex   -2.598788e+01 4.598789e+01 2.815636e-01
      vertex   -2.621366e+01 4.636615e+01 1.304860e-01
    endloop
  endfacet
  facet normal 2.118426e-01 -2.508171e-01 -9.445705e-01
    outer loop
      vertex   -2.621366e+01 4.636615e+01 1.304860e-01
      vertex   -2.598788e+01 4.598789e+01 2.815636e-01
      vertex   -2.629046e+01 4.629046e+01 1.333584e-01
    endloop
  endfacet
  facet normal 1.190659e-01 -1.580250e-01 -9.802303e-01
    outer loop
      vertex   -2.621366e+01 4.636615e+01 1.304860e-01
      vertex   -2.629046e+01 4.629046e+01 1.333584e-01
      vertex   -2.659592e+01 4.667288e+01 3.460403e-02
    endloop
  endfacet
  facet normal 1.292120e-01 -1.499179e-01 -9.802188e-01
    outer loop
      vertex   -2.659592e+01 4.667288e+01 3.460403e-02
      vertex   -2.629046e+01 4.629046e+01 1.333584e-01
      vertex   -2.663448e+01 4.663448e+01 3.539434e-02
    endloop
  endfacet
  facet normal 3.202320e-01 -5.859336e-01 -7.444013e-01
    outer loop
      vertex   -2.516897e+01 4.586970e+01 6.386542e-01
      vertex   -2.536105e+01 4.572359e+01 6.710345e-01
      vertex   -2.529485e+01 4.593190e+01 5.355466e-01
    endloop
  endfacet
  facet normal 3.441104e-01 -5.863330e-01 -7.333496e-01
    outer loop
      vertex   -2.529485e+01 4.593190e+01 5.355466e-01
      vertex   -2.536105e+01 4.572359e+01 6.710345e-01
      vertex   -2.546563e+01 4.579478e+01 5.650426e-01
    endloop
  endfacet
  facet normal 2.790728e-01 -5.210862e-01 -8.065901e-01
    outer loop
      vertex   -2.529485e+01 4.593190e+01 5.355466e-01
      vertex   -2.546563e+01 4.579478e+01 5.650426e-01
      vertex   -2.544672e+01 4.601390e+01 4.300203e-01
    endloop
  endfacet
  facet normal 3.032301e-01 -5.187176e-01 -7.993644e-01
    outer loop
      vertex   -2.544672e+01 4.601390e+01 4.300203e-01
      vertex   -2.546563e+01 4.579478e+01 5.650426e-01
      vertex   -2.559553e+01 4.588819e+01 4.551484e-01
    endloop
  endfacet
  facet normal 2.178139e-01 -4.326956e-01 -8.748324e-01
    outer loop
      vertex   -2.544672e+01 4.601390e+01 4.300203e-01
      vertex   -2.559553e+01 4.588819e+01 4.551484e-01
      vertex   -2.576264e+01 4.619951e+01 2.595638e-01
    endloop
  endfacet
  facet normal 2.501384e-01 -4.152300e-01 -8.746513e-01
    outer loop
      vertex   -2.576264e+01 4.619951e+01 2.595638e-01
      vertex   -2.559553e+01 4.588819e+01 4.551484e-01
      vertex   -2.587361e+01 4.609856e+01 2.757507e-01
    endloop
  endfacet
  facet normal 1.458155e-01 -3.108984e-01 -9.391912e-01
    outer loop
      vertex   -2.576264e+01 4.619951e+01 2.595638e-01
      vertex   -2.587361e+01 4.609856e+01 2.757507e-01
      vertex   -2.614006e+01 4.643663e+01 1.224726e-01
    endloop
  endfacet
  facet normal 1.744911e-01 -2.892202e-01 -9.412250e-01
    outer loop
      vertex   -2.614006e+01 4.643663e+01 1.224726e-01
      vertex   -2.587361e+01 4.609856e+01 2.757507e-01
      vertex   -2.621366e+01 4.636615e+01 1.304860e-01
    endloop
  endfacet
  facet normal 8.205155e-02 -1.967573e-01 -9.770128e-01
    outer loop
      vertex   -2.614006e+01 4.643663e+01 1.224726e-01
      vertex   -2.621366e+01 4.636615e+01 1.304860e-01
      vertex   -2.655926e+01 4.670910e+01 3.239586e-02
    endloop
  endfacet
  facet normal 1.091041e-01 -1.701664e-01 -9.793568e-01
    outer loop
      vertex   -2.655926e+01 4.670910e+01 3.239586e-02
      vertex   -2.621366e+01 4.636615e+01 1.304860e-01
      vertex   -2.659592e+01 4.667288e+01 3.460403e-02
    endloop
  endfacet
  facet normal 1.203212e-01 -7.128973e-01 -6.908692e-01
    outer loop
      vertex   -2.493544e+01 4.616108e+01 4.214283e-01
      vertex   -2.476020e+01 4.610118e+01 5.137598e-01
      vertex   -2.496770e+01 4.599618e+01 5.859669e-01
    endloop
  endfacet
  facet normal 2.214225e-01 -6.537601e-01 -7.235813e-01
    outer loop
      vertex   -2.496770e+01 4.599618e+01 5.859669e-01
      vertex   -2.516897e+01 4.586970e+01 6.386542e-01
      vertex   -2.511740e+01 4.605449e+01 4.874750e-01
    endloop
  endfacet
  facet normal 2.591751e-01 -6.538675e-01 -7.108344e-01
    outer loop
      vertex   -2.511740e+01 4.605449e+01 4.874750e-01
      vertex   -2.516897e+01 4.586970e+01 6.386542e-01
      vertex   -2.529485e+01 4.593190e+01 5.355466e-01
    endloop
  endfacet
  facet normal 1.911119e-01 -5.855292e-01 -7.878019e-01
    outer loop
      vertex   -2.511740e+01 4.605449e+01 4.874750e-01
      vertex   -2.529485e+01 4.593190e+01 5.355466e-01
      vertex   -2.529338e+01 4.612955e+01 3.889981e-01
    endloop
  endfacet
  facet normal 2.290953e-01 -5.808498e-01 -7.811075e-01
    outer loop
      vertex   -2.529338e+01 4.612955e+01 3.889981e-01
      vertex   -2.529485e+01 4.593190e+01 5.355466e-01
      vertex   -2.544672e+01 4.601390e+01 4.300203e-01
    endloop
  endfacet
  facet normal 1.438859e-01 -4.947891e-01 -8.570184e-01
    outer loop
      vertex   -2.529338e+01 4.612955e+01 3.889981e-01
      vertex   -2.544672e+01 4.601390e+01 4.300203e-01
      vertex   -2.564973e+01 4.629601e+01 2.330656e-01
    endloop
  endfacet
  facet normal 1.937565e-01 -4.640333e-01 -8.643677e-01
    outer loop
      vertex   -2.564973e+01 4.629601e+01 2.330656e-01
      vertex   -2.544672e+01 4.601390e+01 4.300203e-01
      vertex   -2.576264e+01 4.619951e+01 2.595638e-01
    endloop
  endfacet
  facet normal 9.273338e-02 -3.630692e-01 -9.271361e-01
    outer loop
      vertex   -2.564973e+01 4.629601e+01 2.330656e-01
      vertex   -2.576264e+01 4.619951e+01 2.595638e-01
      vertex   -2.606585e+01 4.650571e+01 1.093272e-01
    endloop
  endfacet
  facet normal 1.361779e-01 -3.244259e-01 -9.360574e-01
    outer loop
      vertex   -2.606585e+01 4.650571e+01 1.093272e-01
      vertex   -2.576264e+01 4.619951e+01 2.595638e-01
      vertex   -2.614006e+01 4.643663e+01 1.224726e-01
    endloop
  endfacet
  facet normal 4.759309e-02 -2.358439e-01 -9.706248e-01
    outer loop
      vertex   -2.606585e+01 4.650571e+01 1.093272e-01
      vertex   -2.614006e+01 4.643663e+01 1.224726e-01
      vertex   -2.652252e+01 4.674510e+01 2.876739e-02
    endloop
  endfacet
  facet normal 8.784081e-02 -1.882385e-01 -9.781872e-01
    outer loop
      vertex   -2.652252e+01 4.674510e+01 2.876739e-02
      vertex   -2.614006e+01 4.643663e+01 1.224726e-01
      vertex   -2.655926e+01 4.670910e+01 3.239586e-02
    endloop
  endfacet
  facet normal 1.518112e-01 -6.363543e-01 -7.563111e-01
    outer loop
      vertex   -2.529338e+01 4.612955e+01 3.889981e-01
      vertex   -2.513696e+01 4.623403e+01 3.324892e-01
      vertex   -2.511740e+01 4.605449e+01 4.874750e-01
    endloop
  endfacet
  facet normal 1.017568e-01 -6.436905e-01 -7.584907e-01
    outer loop
      vertex   -2.511740e+01 4.605449e+01 4.874750e-01
      vertex   -2.513696e+01 4.623403e+01 3.324892e-01
      vertex   -2.493544e+01 4.616108e+01 4.214283e-01
    endloop
  endfacet
  facet normal 1.703130e-01 -7.125098e-01 -6.806785e-01
    outer loop
      vertex   -2.511740e+01 4.605449e+01 4.874750e-01
      vertex   -2.493544e+01 4.616108e+01 4.214283e-01
      vertex   -2.496770e+01 4.599618e+01 5.859669e-01
    endloop
  endfacet
  facet normal 7.005859e-02 -5.536932e-01 -8.297684e-01
    outer loop
      vertex   -2.513696e+01 4.623403e+01 3.324892e-01
      vertex   -2.529338e+01 4.612955e+01 3.889981e-01
      vertex   -2.553551e+01 4.638753e+01 1.964081e-01
    endloop
  endfacet
  facet normal 1.345646e-01 -5.085777e-01 -8.504358e-01
    outer loop
      vertex   -2.553551e+01 4.638753e+01 1.964081e-01
      vertex   -2.529338e+01 4.612955e+01 3.889981e-01
      vertex   -2.564973e+01 4.629601e+01 2.330656e-01
    endloop
  endfacet
  facet normal 4.094360e-02 -4.151298e-01 -9.088404e-01
    outer loop
      vertex   -2.553551e+01 4.638753e+01 1.964081e-01
      vertex   -2.564973e+01 4.629601e+01 2.330656e-01
      vertex   -2.599126e+01 4.657317e+01 9.108292e-02
    endloop
  endfacet
  facet normal 9.609281e-02 -3.574811e-01 -9.289637e-01
    outer loop
      vertex   -2.599126e+01 4.657317e+01 9.108292e-02
      vertex   -2.564973e+01 4.629601e+01 2.330656e-01
      vertex   -2.606585e+01 4.650571e+01 1.093272e-01
    endloop
  endfacet
  facet normal 1.486461e-02 -2.763124e-01 -9.609529e-01
    outer loop
      vertex   -2.599126e+01 4.657317e+01 9.108292e-02
      vertex   -2.606585e+01 4.650571e+01 1.093272e-01
      vertex   -2.648573e+01 4.678085e+01 2.371833e-02
    endloop
  endfacet
  facet normal 6.494063e-02 -2.047797e-01 -9.766514e-01
    outer loop
      vertex   -2.648573e+01 4.678085e+01 2.371833e-02
      vertex   -2.606585e+01 4.650571e+01 1.093272e-01
      vertex   -2.652252e+01 4.674510e+01 2.876739e-02
    endloop
  endfacet
  facet normal 1.119645e-01 -9.937122e-01 2.209876e-17
    outer loop
      vertex   -2.400000e+01 4.600000e+01 1.000000e+00
      vertex   -2.400000e+01 4.600000e+01 1.900000e+01
      vertex   -2.444504e+01 4.594986e+01 1.000000e+01
    endloop
  endfacet
  facet normal 1.119645e-01 -9.937122e-01 -4.419753e-17
    outer loop
      vertex   -2.444504e+01 4.594986e+01 1.000000e+01
      vertex   -2.400000e+01 4.600000e+01 1.900000e+01
      vertex   -2.444504e+01 4.594986e+01 1.900000e+01
    endloop
  endfacet
  facet normal 3.302791e-01 -9.438833e-01 -1.303763e-16
    outer loop
      vertex   -2.444504e+01 4.594986e+01 1.000000e+01
      vertex   -2.444504e+01 4.594986e+01 1.900000e+01
      vertex   -2.486777e+01 4.580194e+01 1.000000e+01
    endloop
  endfacet
  facet normal 3.302791e-01 -9.438833e-01 0.000000e+00
    outer loop
      vertex   -2.486777e+01 4.580194e+01 1.000000e+01
      vertex   -2.444504e+01 4.594986e+01 1.900000e+01
      vertex   -2.486777e+01 4.580194e+01 1.900000e+01
    endloop
  endfacet
  facet normal 5.320321e-01 -8.467242e-01 0.000000e+00
    outer loop
      vertex   -2.486777e+01 4.580194e+01 1.000000e+01
      vertex   -2.486777e+01 4.580194e+01 1.900000e+01
      vertex   -2.524698e+01 4.556366e+01 1.000000e+01
    endloop
  endfacet
  facet normal 5.320321e-01 -8.467242e-01 0.000000e+00
    outer loop
      vertex   -2.524698e+01 4.556366e+01 1.000000e+01
      vertex   -2.486777e+01 4.580194e+01 1.900000e+01
      vertex   -2.524698e+01 4.556366e+01 1.900000e+01
    endloop
  endfacet
  facet normal 7.071068e-01 -7.071068e-01 0.000000e+00
    outer loop
      vertex   -2.524698e+01 4.556366e+01 1.000000e+01
      vertex   -2.524698e+01 4.556366e+01 1.900000e+01
      vertex   -2.556366e+01 4.524698e+01 1.000000e+01
    endloop
  endfacet
  facet normal 7.071068e-01 -7.071068e-01 -2.791275e-16
    outer loop
      vertex   -2.556366e+01 4.524698e+01 1.000000e+01
      vertex   -2.524698e+01 4.556366e+01 1.900000e+01
      vertex   -2.556366e+01 4.524698e+01 1.900000e+01
    endloop
  endfacet
  facet normal 8.467242e-01 -5.320321e-01 -3.342410e-16
    outer loop
      vertex   -2.556366e+01 4.524698e+01 1.000000e+01
      vertex   -2.556366e+01 4.524698e+01 1.900000e+01
      vertex   -2.580194e+01 4.486777e+01 1.000000e+01
    endloop
  endfacet
  facet normal 8.467242e-01 -5.320321e-01 4.200350e-16
    outer loop
      vertex   -2.580194e+01 4.486777e+01 1.000000e+01
      vertex   -2.556366e+01 4.524698e+01 1.900000e+01
      vertex   -2.580194e+01 4.486777e+01 1.900000e+01
    endloop
  endfacet
  facet normal 9.438833e-01 -3.302791e-01 2.607527e-16
    outer loop
      vertex   -2.580194e+01 4.486777e+01 1.000000e+01
      vertex   -2.580194e+01 4.486777e+01 1.900000e+01
      vertex   -2.594986e+01 4.444504e+01 1.000000e+01
    endloop
  endfacet
  facet normal 9.438833e-01 -3.302791e-01 -3.725941e-16
    outer loop
      vertex   -2.594986e+01 4.444504e+01 1.000000e+01
      vertex   -2.580194e+01 4.486777e+01 1.900000e+01
      vertex   -2.594986e+01 4.444504e+01 1.900000e+01
    endloop
  endfacet
  facet normal 9.937122e-01 -1.119645e-01 -3.922639e-16
    outer loop
      vertex   -2.594986e+01 4.444504e+01 1.000000e+01
      vertex   -2.594986e+01 4.444504e+01 1.900000e+01
      vertex   -2.600000e+01 4.400000e+01 1.900000e+01
    endloop
  endfacet
  facet normal 9.937122e-01 -1.119645e-01 0.000000e+00
    outer loop
      vertex   -2.600000e+01 4.400000e+01 1.900000e+01
      vertex   -2.600000e+01 4.400000e+01 1.000000e+00
      vertex   -2.594986e+01 4.444504e+01 1.000000e+01
    endloop
  endfacet
  facet normal 9.937122e-01 -1.119645e-01 4.806589e-16
    outer loop
      vertex   -2.594986e+01 4.444504e+01 1.000000e+01
      vertex   -2.600000e+01 4.400000e+01 1.000000e+00
      vertex   -2.594986e+01 4.444504e+01 1.000000e+00
    endloop
  endfacet
  facet normal 9.438833e-01 -3.302791e-01 6.333468e-16
    outer loop
      vertex   -2.594986e+01 4.444504e+01 1.000000e+01
      vertex   -2.594986e+01 4.444504e+01 1.000000e+00
      vertex   -2.580194e+01 4.486777e+01 1.000000e+01
    endloop
  endfacet
  facet normal 9.438833e-01 -3.302791e-01 -3.725941e-16
    outer loop
      vertex   -2.580194e+01 4.486777e+01 1.000000e+01
      vertex   -2.594986e+01 4.444504e+01 1.000000e+00
      vertex   -2.580194e+01 4.486777e+01 1.000000e+00
    endloop
  endfacet
  facet normal 8.467242e-01 -5.320321e-01 -3.342410e-16
    outer loop
      vertex   -2.580194e+01 4.486777e+01 1.000000e+01
      vertex   -2.580194e+01 4.486777e+01 1.000000e+00
      vertex   -2.556366e+01 4.524698e+01 1.000000e+01
    endloop
  endfacet
  facet normal 8.467242e-01 -5.320321e-01 0.000000e+00
    outer loop
      vertex   -2.556366e+01 4.524698e+01 1.000000e+01
      vertex   -2.580194e+01 4.486777e+01 1.000000e+00
      vertex   -2.556366e+01 4.524698e+01 1.000000e+00
    endloop
  endfacet
  facet normal 7.071068e-01 -7.071068e-01 0.000000e+00
    outer loop
      vertex   -2.556366e+01 4.524698e+01 1.000000e+01
      vertex   -2.556366e+01 4.524698e+01 1.000000e+00
      vertex   -2.524698e+01 4.556366e+01 1.000000e+01
    endloop
  endfacet
  facet normal 7.071068e-01 -7.071068e-01 -1.116510e-15
    outer loop
      vertex   -2.524698e+01 4.556366e+01 1.000000e+01
      vertex   -2.556366e+01 4.524698e+01 1.000000e+00
      vertex   -2.524698e+01 4.556366e+01 1.000000e+00
    endloop
  endfacet
  facet normal 5.320321e-01 -8.467242e-01 -1.088517e-15
    outer loop
      vertex   -2.524698e+01 4.556366e+01 1.000000e+01
      vertex   -2.524698e+01 4.556366e+01 1.000000e+00
      vertex   -2.486777e+01 4.580194e+01 1.000000e+01
    endloop
  endfacet
  facet normal 5.320321e-01 -8.467242e-01 -1.336964e-15
    outer loop
      vertex   -2.486777e+01 4.580194e+01 1.000000e+01
      vertex   -2.524698e+01 4.556366e+01 1.000000e+00
      vertex   -2.486777e+01 4.580194e+01 1.000000e+00
    endloop
  endfacet
  facet normal 3.302791e-01 -9.438833e-01 -1.490377e-15
    outer loop
      vertex   -2.486777e+01 4.580194e+01 1.000000e+01
      vertex   -2.486777e+01 4.580194e+01 1.000000e+00
      vertex   -2.444504e+01 4.594986e+01 1.000000e+01
    endloop
  endfacet
  facet normal 3.302791e-01 -9.438833e-01 1.303763e-16
    outer loop
      vertex   -2.444504e+01 4.594986e+01 1.000000e+01
      vertex   -2.486777e+01 4.580194e+01 1.000000e+00
      vertex   -2.444504e+01 4.594986e+01 1.000000e+00
    endloop
  endfacet
  facet normal 1.119645e-01 -9.937122e-01 4.419753e-17
    outer loop
      vertex   -2.444504e+01 4.594986e+01 1.000000e+01
      vertex   -2.444504e+01 4.594986e+01 1.000000e+00
      vertex   -2.400000e+01 4.600000e+01 1.000000e+00
    endloop
  endfacet
  facet normal 1.122380e-02 -9.934223e-01 1.139571e-01
    outer loop
      vertex   -2.641473e+01 4.600000e+01 2.194236e+01
      vertex   -2.700000e+01 4.600000e+01 2.200000e+01
      vertex   -2.660032e+01 4.594986e+01 2.152350e+01
    endloop
  endfacet
  facet normal 8.811453e-03 -9.936736e-01 1.119601e-01
    outer loop
      vertex   -2.660032e+01 4.594986e+01 2.152350e+01
      vertex   -2.700000e+01 4.600000e+01 2.200000e+01
      vertex   -2.700000e+01 4.594986e+01 2.155496e+01
    endloop
  endfacet
  facet normal 2.598475e-02 -9.435646e-01 3.301675e-01
    outer loop
      vertex   -2.660032e+01 4.594986e+01 2.152350e+01
      vertex   -2.700000e+01 4.594986e+01 2.155496e+01
      vertex   -2.700000e+01 4.580194e+01 2.113223e+01
    endloop
  endfacet
  facet normal 2.598475e-02 -9.435646e-01 3.301675e-01
    outer loop
      vertex   -2.660032e+01 4.594986e+01 2.152350e+01
      vertex   -2.700000e+01 4.580194e+01 2.113223e+01
      vertex   -2.666645e+01 4.580194e+01 2.110598e+01
    endloop
  endfacet
  facet normal 4.183517e-02 -8.459829e-01 5.315663e-01
    outer loop
      vertex   -2.666645e+01 4.580194e+01 2.110598e+01
      vertex   -2.700000e+01 4.580194e+01 2.113223e+01
      vertex   -2.700000e+01 4.556366e+01 2.075302e+01
    endloop
  endfacet
  facet normal 4.183517e-02 -8.459829e-01 5.315663e-01
    outer loop
      vertex   -2.666645e+01 4.580194e+01 2.110598e+01
      vertex   -2.700000e+01 4.556366e+01 2.075302e+01
      vertex   -2.672577e+01 4.556366e+01 2.073144e+01
    endloop
  endfacet
  facet normal 5.556454e-02 -7.060144e-01 7.060144e-01
    outer loop
      vertex   -2.672577e+01 4.556366e+01 2.073144e+01
      vertex   -2.700000e+01 4.556366e+01 2.075302e+01
      vertex   -2.700000e+01 4.524698e+01 2.043634e+01
    endloop
  endfacet
  facet normal 5.556454e-02 -7.060144e-01 7.060144e-01
    outer loop
      vertex   -2.672577e+01 4.556366e+01 2.073144e+01
      vertex   -2.700000e+01 4.524698e+01 2.043634e+01
      vertex   -2.677531e+01 4.524698e+01 2.041865e+01
    endloop
  endfacet
  facet normal 6.649117e-02 -5.308547e-01 8.448504e-01
    outer loop
      vertex   -2.677531e+01 4.524698e+01 2.041865e+01
      vertex   -2.700000e+01 4.524698e+01 2.043634e+01
      vertex   -2.700000e+01 4.486777e+01 2.019806e+01
    endloop
  endfacet
  facet normal 6.649117e-02 -5.308547e-01 8.448504e-01
    outer loop
      vertex   -2.677531e+01 4.524698e+01 2.041865e+01
      vertex   -2.700000e+01 4.486777e+01 2.019806e+01
      vertex   -2.681258e+01 4.486777e+01 2.018331e+01
    endloop
  endfacet
  facet normal 7.408111e-02 -3.293715e-01 9.412897e-01
    outer loop
      vertex   -2.681258e+01 4.486777e+01 2.018331e+01
      vertex   -2.700000e+01 4.486777e+01 2.019806e+01
      vertex   -2.700000e+01 4.444504e+01 2.005014e+01
    endloop
  endfacet
  facet normal 7.408111e-02 -3.293715e-01 9.412897e-01
    outer loop
      vertex   -2.681258e+01 4.486777e+01 2.018331e+01
      vertex   -2.700000e+01 4.444504e+01 2.005014e+01
      vertex   -2.683572e+01 4.444504e+01 2.003722e+01
    endloop
  endfacet
  facet normal 7.796877e-02 -1.116236e-01 9.906872e-01
    outer loop
      vertex   -2.683572e+01 4.444504e+01 2.003722e+01
      vertex   -2.700000e+01 4.444504e+01 2.005014e+01
      vertex   -2.700000e+01 4.400000e+01 2.000000e+01
    endloop
  endfacet
  facet normal 1.294190e-01 -1.299756e-01 9.830346e-01
    outer loop
      vertex   -2.683572e+01 4.444504e+01 2.003722e+01
      vertex   -2.700000e+01 4.400000e+01 2.000000e+01
      vertex   -2.674118e+01 4.400000e+01 1.996593e+01
    endloop
  endfacet
  facet normal 2.321407e-01 -1.055756e-01 9.669356e-01
    outer loop
      vertex   -2.683572e+01 4.444504e+01 2.003722e+01
      vertex   -2.674118e+01 4.400000e+01 1.996593e+01
      vertex   -2.667549e+01 4.444504e+01 1.999875e+01
    endloop
  endfacet
  facet normal 3.797459e-01 -1.236655e-01 9.167878e-01
    outer loop
      vertex   -2.667549e+01 4.444504e+01 1.999875e+01
      vertex   -2.674118e+01 4.400000e+01 1.996593e+01
      vertex   -2.650000e+01 4.400000e+01 1.986603e+01
    endloop
  endfacet
  facet normal 3.797459e-01 -1.236655e-01 9.167878e-01
    outer loop
      vertex   -2.667549e+01 4.444504e+01 1.999875e+01
      vertex   -2.650000e+01 4.400000e+01 1.986603e+01
      vertex   -2.652324e+01 4.444504e+01 1.993569e+01
    endloop
  endfacet
  facet normal 5.195785e-01 -1.055756e-01 8.478750e-01
    outer loop
      vertex   -2.652324e+01 4.444504e+01 1.993569e+01
      vertex   -2.650000e+01 4.400000e+01 1.986603e+01
      vertex   -2.638274e+01 4.444504e+01 1.984958e+01
    endloop
  endfacet
  facet normal 4.933434e-01 -3.293715e-01 8.050632e-01
    outer loop
      vertex   -2.652324e+01 4.444504e+01 1.993569e+01
      vertex   -2.638274e+01 4.444504e+01 1.984958e+01
      vertex   -2.629580e+01 4.486777e+01 1.996925e+01
    endloop
  endfacet
  facet normal 6.132091e-01 -3.293715e-01 7.179756e-01
    outer loop
      vertex   -2.629580e+01 4.486777e+01 1.996925e+01
      vertex   -2.638274e+01 4.444504e+01 1.984958e+01
      vertex   -2.615284e+01 4.486777e+01 1.984716e+01
    endloop
  endfacet
  facet normal 5.503831e-01 -5.308547e-01 6.444158e-01
    outer loop
      vertex   -2.629580e+01 4.486777e+01 1.996925e+01
      vertex   -2.615284e+01 4.486777e+01 1.984716e+01
      vertex   -2.598436e+01 4.524698e+01 2.001564e+01
    endloop
  endfacet
  facet normal 6.444158e-01 -5.308547e-01 5.503831e-01
    outer loop
      vertex   -2.598436e+01 4.524698e+01 2.001564e+01
      vertex   -2.615284e+01 4.486777e+01 1.984716e+01
      vertex   -2.583798e+01 4.524698e+01 1.984426e+01
    endloop
  endfacet
  facet normal 5.385176e-01 -7.060144e-01 4.599375e-01
    outer loop
      vertex   -2.598436e+01 4.524698e+01 2.001564e+01
      vertex   -2.583798e+01 4.524698e+01 1.984426e+01
      vertex   -2.558178e+01 4.556366e+01 2.003040e+01
    endloop
  endfacet
  facet normal 6.038376e-01 -7.060144e-01 3.700322e-01
    outer loop
      vertex   -2.558178e+01 4.556366e+01 2.003040e+01
      vertex   -2.583798e+01 4.524698e+01 1.984426e+01
      vertex   -2.543805e+01 4.556366e+01 1.979585e+01
    endloop
  endfacet
  facet normal 4.546363e-01 -8.459829e-01 2.786015e-01
    outer loop
      vertex   -2.558178e+01 4.556366e+01 2.003040e+01
      vertex   -2.543805e+01 4.556366e+01 1.979585e+01
      vertex   -2.510017e+01 4.580194e+01 1.996801e+01
    endloop
  endfacet
  facet normal 4.926218e-01 -8.459829e-01 2.040506e-01
    outer loop
      vertex   -2.510017e+01 4.580194e+01 1.996801e+01
      vertex   -2.543805e+01 4.556366e+01 1.979585e+01
      vertex   -2.497213e+01 4.580194e+01 1.965890e+01
    endloop
  endfacet
  facet normal 3.059783e-01 -9.435646e-01 1.267403e-01
    outer loop
      vertex   -2.510017e+01 4.580194e+01 1.996801e+01
      vertex   -2.497213e+01 4.580194e+01 1.965890e+01
      vertex   -2.457009e+01 4.594986e+01 1.978953e+01
    endloop
  endfacet
  facet normal 3.220377e-01 -9.435646e-01 7.731442e-02
    outer loop
      vertex   -2.457009e+01 4.594986e+01 1.978953e+01
      vertex   -2.497213e+01 4.580194e+01 1.965890e+01
      vertex   -2.447650e+01 4.594986e+01 1.939968e+01
    endloop
  endfacet
  facet normal 1.075433e-01 -9.938651e-01 2.581886e-02
    outer loop
      vertex   -2.457009e+01 4.594986e+01 1.978953e+01
      vertex   -2.447650e+01 4.594986e+01 1.939968e+01
      vertex   -2.405764e+01 4.600000e+01 1.958527e+01
    endloop
  endfacet
  facet normal 1.139571e-01 -9.934223e-01 1.122380e-02
    outer loop
      vertex   -2.405764e+01 4.600000e+01 1.958527e+01
      vertex   -2.447650e+01 4.594986e+01 1.939968e+01
      vertex   -2.400000e+01 4.600000e+01 1.900000e+01
    endloop
  endfacet
  facet normal 1.119601e-01 -9.936736e-01 8.811453e-03
    outer loop
      vertex   -2.400000e+01 4.600000e+01 1.900000e+01
      vertex   -2.447650e+01 4.594986e+01 1.939968e+01
      vertex   -2.444504e+01 4.594986e+01 1.900000e+01
    endloop
  endfacet
  facet normal 3.301675e-01 -9.435646e-01 2.598475e-02
    outer loop
      vertex   -2.444504e+01 4.594986e+01 1.900000e+01
      vertex   -2.447650e+01 4.594986e+01 1.939968e+01
      vertex   -2.489402e+01 4.580194e+01 1.933355e+01
    endloop
  endfacet
  facet normal 3.301675e-01 -9.435646e-01 2.598475e-02
    outer loop
      vertex   -2.444504e+01 4.594986e+01 1.900000e+01
      vertex   -2.489402e+01 4.580194e+01 1.933355e+01
      vertex   -2.486777e+01 4.580194e+01 1.900000e+01
    endloop
  endfacet
  facet normal 5.315663e-01 -8.459829e-01 4.183517e-02
    outer loop
      vertex   -2.486777e+01 4.580194e+01 1.900000e+01
      vertex   -2.489402e+01 4.580194e+01 1.933355e+01
      vertex   -2.526856e+01 4.556366e+01 1.927423e+01
    endloop
  endfacet
  facet normal 5.315663e-01 -8.459829e-01 4.183517e-02
    outer loop
      vertex   -2.486777e+01 4.580194e+01 1.900000e+01
      vertex   -2.526856e+01 4.556366e+01 1.927423e+01
      vertex   -2.524698e+01 4.556366e+01 1.900000e+01
    endloop
  endfacet
  facet normal 7.060144e-01 -7.060144e-01 5.556454e-02
    outer loop
      vertex   -2.524698e+01 4.556366e+01 1.900000e+01
      vertex   -2.526856e+01 4.556366e+01 1.927423e+01
      vertex   -2.558135e+01 4.524698e+01 1.922469e+01
    endloop
  endfacet
  facet normal 7.060144e-01 -7.060144e-01 5.556454e-02
    outer loop
      vertex   -2.524698e+01 4.556366e+01 1.900000e+01
      vertex   -2.558135e+01 4.524698e+01 1.922469e+01
      vertex   -2.556366e+01 4.524698e+01 1.900000e+01
    endloop
  endfacet
  facet normal 8.448504e-01 -5.308547e-01 6.649117e-02
    outer loop
      vertex   -2.556366e+01 4.524698e+01 1.900000e+01
      vertex   -2.558135e+01 4.524698e+01 1.922469e+01
      vertex   -2.581669e+01 4.486777e+01 1.918742e+01
    endloop
  endfacet
  facet normal 8.448504e-01 -5.308547e-01 6.649117e-02
    outer loop
      vertex   -2.556366e+01 4.524698e+01 1.900000e+01
      vertex   -2.581669e+01 4.486777e+01 1.918742e+01
      vertex   -2.580194e+01 4.486777e+01 1.900000e+01
    endloop
  endfacet
  facet normal 9.412897e-01 -3.293715e-01 7.408111e-02
    outer loop
      vertex   -2.580194e+01 4.486777e+01 1.900000e+01
      vertex   -2.581669e+01 4.486777e+01 1.918742e+01
      vertex   -2.596278e+01 4.444504e+01 1.916428e+01
    endloop
  endfacet
  facet normal 9.412897e-01 -3.293715e-01 7.408111e-02
    outer loop
      vertex   -2.580194e+01 4.486777e+01 1.900000e+01
      vertex   -2.596278e+01 4.444504e+01 1.916428e+01
      vertex   -2.594986e+01 4.444504e+01 1.900000e+01
    endloop
  endfacet
  facet normal 9.906872e-01 -1.116236e-01 7.796877e-02
    outer loop
      vertex   -2.594986e+01 4.444504e+01 1.900000e+01
      vertex   -2.596278e+01 4.444504e+01 1.916428e+01
      vertex   -2.600000e+01 4.400000e+01 1.900000e+01
    endloop
  endfacet
  facet normal 9.830346e-01 -1.299756e-01 1.294190e-01
    outer loop
      vertex   -2.600000e+01 4.400000e+01 1.900000e+01
      vertex   -2.596278e+01 4.444504e+01 1.916428e+01
      vertex   -2.603407e+01 4.400000e+01 1.925882e+01
    endloop
  endfacet
  facet normal 9.669356e-01 -1.055756e-01 2.321407e-01
    outer loop
      vertex   -2.603407e+01 4.400000e+01 1.925882e+01
      vertex   -2.596278e+01 4.444504e+01 1.916428e+01
      vertex   -2.600125e+01 4.444504e+01 1.932451e+01
    endloop
  endfacet
  facet normal 9.167878e-01 -1.236655e-01 3.797459e-01
    outer loop
      vertex   -2.603407e+01 4.400000e+01 1.925882e+01
      vertex   -2.600125e+01 4.444504e+01 1.932451e+01
      vertex   -2.606431e+01 4.444504e+01 1.947676e+01
    endloop
  endfacet
  facet normal 8.723274e-01 -3.293715e-01 3.613299e-01
    outer loop
      vertex   -2.606431e+01 4.444504e+01 1.947676e+01
      vertex   -2.600125e+01 4.444504e+01 1.932451e+01
      vertex   -2.586058e+01 4.486777e+01 1.937022e+01
    endloop
  endfacet
  facet normal 8.723274e-01 -3.293715e-01 3.613299e-01
    outer loop
      vertex   -2.606431e+01 4.444504e+01 1.947676e+01
      vertex   -2.586058e+01 4.486777e+01 1.937022e+01
      vertex   -2.593252e+01 4.486777e+01 1.954391e+01
    endloop
  endfacet
  facet normal 7.829536e-01 -5.308547e-01 3.243100e-01
    outer loop
      vertex   -2.593252e+01 4.486777e+01 1.954391e+01
      vertex   -2.586058e+01 4.486777e+01 1.937022e+01
      vertex   -2.563396e+01 4.524698e+01 1.944385e+01
    endloop
  endfacet
  facet normal 7.829536e-01 -5.308547e-01 3.243100e-01
    outer loop
      vertex   -2.593252e+01 4.486777e+01 1.954391e+01
      vertex   -2.563396e+01 4.524698e+01 1.944385e+01
      vertex   -2.572021e+01 4.524698e+01 1.965208e+01
    endloop
  endfacet
  facet normal 6.542892e-01 -7.060144e-01 2.710155e-01
    outer loop
      vertex   -2.572021e+01 4.524698e+01 1.965208e+01
      vertex   -2.563396e+01 4.524698e+01 1.944385e+01
      vertex   -2.533278e+01 4.556366e+01 1.954171e+01
    endloop
  endfacet
  facet normal 6.542892e-01 -7.060144e-01 2.710155e-01
    outer loop
      vertex   -2.572021e+01 4.524698e+01 1.965208e+01
      vertex   -2.533278e+01 4.556366e+01 1.954171e+01
      vertex   -2.543805e+01 4.556366e+01 1.979585e+01
    endloop
  endfacet
  facet normal 4.926218e-01 -8.459829e-01 2.040506e-01
    outer loop
      vertex   -2.543805e+01 4.556366e+01 1.979585e+01
      vertex   -2.533278e+01 4.556366e+01 1.954171e+01
      vertex   -2.497213e+01 4.580194e+01 1.965890e+01
    endloop
  endfacet
  facet normal 6.035974e-01 -1.299756e-01 7.866235e-01
    outer loop
      vertex   -2.650000e+01 4.400000e+01 1.986603e+01
      vertex   -2.629289e+01 4.400000e+01 1.970711e+01
      vertex   -2.638274e+01 4.444504e+01 1.984958e+01
    endloop
  endfacet
  facet normal 6.453894e-01 -1.116236e-01 7.556538e-01
    outer loop
      vertex   -2.638274e+01 4.444504e+01 1.984958e+01
      vertex   -2.629289e+01 4.400000e+01 1.970711e+01
      vertex   -2.625744e+01 4.444504e+01 1.974256e+01
    endloop
  endfacet
  facet normal 6.132091e-01 -3.293715e-01 7.179756e-01
    outer loop
      vertex   -2.638274e+01 4.444504e+01 1.984958e+01
      vertex   -2.625744e+01 4.444504e+01 1.974256e+01
      vertex   -2.615284e+01 4.486777e+01 1.984716e+01
    endloop
  endfacet
  facet normal 7.179756e-01 -3.293715e-01 6.132091e-01
    outer loop
      vertex   -2.615284e+01 4.486777e+01 1.984716e+01
      vertex   -2.625744e+01 4.444504e+01 1.974256e+01
      vertex   -2.603075e+01 4.486777e+01 1.970420e+01
    endloop
  endfacet
  facet normal 6.444158e-01 -5.308547e-01 5.503831e-01
    outer loop
      vertex   -2.615284e+01 4.486777e+01 1.984716e+01
      vertex   -2.603075e+01 4.486777e+01 1.970420e+01
      vertex   -2.583798e+01 4.524698e+01 1.984426e+01
    endloop
  endfacet
  facet normal 7.225809e-01 -5.308547e-01 4.427981e-01
    outer loop
      vertex   -2.583798e+01 4.524698e+01 1.984426e+01
      vertex   -2.603075e+01 4.486777e+01 1.970420e+01
      vertex   -2.572021e+01 4.524698e+01 1.965208e+01
    endloop
  endfacet
  facet normal 6.038376e-01 -7.060144e-01 3.700322e-01
    outer loop
      vertex   -2.583798e+01 4.524698e+01 1.984426e+01
      vertex   -2.572021e+01 4.524698e+01 1.965208e+01
      vertex   -2.543805e+01 4.556366e+01 1.979585e+01
    endloop
  endfacet
  facet normal 7.556538e-01 -1.116236e-01 6.453894e-01
    outer loop
      vertex   -2.625744e+01 4.444504e+01 1.974256e+01
      vertex   -2.629289e+01 4.400000e+01 1.970711e+01
      vertex   -2.615042e+01 4.444504e+01 1.961726e+01
    endloop
  endfacet
  facet normal 7.866235e-01 -1.299756e-01 6.035974e-01
    outer loop
      vertex   -2.615042e+01 4.444504e+01 1.961726e+01
      vertex   -2.629289e+01 4.400000e+01 1.970711e+01
      vertex   -2.613397e+01 4.400000e+01 1.950000e+01
    endloop
  endfacet
  facet normal 8.478750e-01 -1.055756e-01 5.195785e-01
    outer loop
      vertex   -2.615042e+01 4.444504e+01 1.961726e+01
      vertex   -2.613397e+01 4.400000e+01 1.950000e+01
      vertex   -2.606431e+01 4.444504e+01 1.947676e+01
    endloop
  endfacet
  facet normal 9.167878e-01 -1.236655e-01 3.797459e-01
    outer loop
      vertex   -2.606431e+01 4.444504e+01 1.947676e+01
      vertex   -2.613397e+01 4.400000e+01 1.950000e+01
      vertex   -2.603407e+01 4.400000e+01 1.925882e+01
    endloop
  endfacet
  facet normal 1.105657e-01 -9.933027e-01 3.353975e-02
    outer loop
      vertex   -2.405764e+01 4.600000e+01 1.958527e+01
      vertex   -2.422836e+01 4.600000e+01 2.014805e+01
      vertex   -2.457009e+01 4.594986e+01 1.978953e+01
    endloop
  endfacet
  facet normal 1.016648e-01 -9.939270e-01 4.211096e-02
    outer loop
      vertex   -2.457009e+01 4.594986e+01 1.978953e+01
      vertex   -2.422836e+01 4.600000e+01 2.014805e+01
      vertex   -2.472352e+01 4.594986e+01 2.015993e+01
    endloop
  endfacet
  facet normal 3.059783e-01 -9.435646e-01 1.267403e-01
    outer loop
      vertex   -2.457009e+01 4.594986e+01 1.978953e+01
      vertex   -2.472352e+01 4.594986e+01 2.015993e+01
      vertex   -2.510017e+01 4.580194e+01 1.996801e+01
    endloop
  endfacet
  facet normal 2.823846e-01 -9.435646e-01 1.730455e-01
    outer loop
      vertex   -2.510017e+01 4.580194e+01 1.996801e+01
      vertex   -2.472352e+01 4.594986e+01 2.015993e+01
      vertex   -2.527499e+01 4.580194e+01 2.025329e+01
    endloop
  endfacet
  facet normal 4.546363e-01 -8.459829e-01 2.786015e-01
    outer loop
      vertex   -2.510017e+01 4.580194e+01 1.996801e+01
      vertex   -2.527499e+01 4.580194e+01 2.025329e+01
      vertex   -2.558178e+01 4.556366e+01 2.003040e+01
    endloop
  endfacet
  facet normal 4.054561e-01 -8.459829e-01 3.462922e-01
    outer loop
      vertex   -2.558178e+01 4.556366e+01 2.003040e+01
      vertex   -2.527499e+01 4.580194e+01 2.025329e+01
      vertex   -2.576043e+01 4.556366e+01 2.023957e+01
    endloop
  endfacet
  facet normal 5.385176e-01 -7.060144e-01 4.599375e-01
    outer loop
      vertex   -2.558178e+01 4.556366e+01 2.003040e+01
      vertex   -2.576043e+01 4.556366e+01 2.023957e+01
      vertex   -2.598436e+01 4.524698e+01 2.001564e+01
    endloop
  endfacet
  facet normal 4.599375e-01 -7.060144e-01 5.385176e-01
    outer loop
      vertex   -2.598436e+01 4.524698e+01 2.001564e+01
      vertex   -2.576043e+01 4.556366e+01 2.023957e+01
      vertex   -2.615574e+01 4.524698e+01 2.016202e+01
    endloop
  endfacet
  facet normal 5.503831e-01 -5.308547e-01 6.444158e-01
    outer loop
      vertex   -2.598436e+01 4.524698e+01 2.001564e+01
      vertex   -2.615574e+01 4.524698e+01 2.016202e+01
      vertex   -2.629580e+01 4.486777e+01 1.996925e+01
    endloop
  endfacet
  facet normal 4.427981e-01 -5.308547e-01 7.225809e-01
    outer loop
      vertex   -2.629580e+01 4.486777e+01 1.996925e+01
      vertex   -2.615574e+01 4.524698e+01 2.016202e+01
      vertex   -2.645609e+01 4.486777e+01 2.006748e+01
    endloop
  endfacet
  facet normal 4.933434e-01 -3.293715e-01 8.050632e-01
    outer loop
      vertex   -2.629580e+01 4.486777e+01 1.996925e+01
      vertex   -2.645609e+01 4.486777e+01 2.006748e+01
      vertex   -2.652324e+01 4.444504e+01 1.993569e+01
    endloop
  endfacet
  facet normal 3.613299e-01 -3.293715e-01 8.723274e-01
    outer loop
      vertex   -2.652324e+01 4.444504e+01 1.993569e+01
      vertex   -2.645609e+01 4.486777e+01 2.006748e+01
      vertex   -2.667549e+01 4.444504e+01 1.999875e+01
    endloop
  endfacet
  facet normal 1.018980e-01 -9.933027e-01 5.446559e-02
    outer loop
      vertex   -2.422836e+01 4.600000e+01 2.014805e+01
      vertex   -2.450559e+01 4.600000e+01 2.066671e+01
      vertex   -2.472352e+01 4.594986e+01 2.015993e+01
    endloop
  endfacet
  facet normal 9.430129e-02 -9.938651e-01 5.778791e-02
    outer loop
      vertex   -2.472352e+01 4.594986e+01 2.015993e+01
      vertex   -2.450559e+01 4.600000e+01 2.066671e+01
      vertex   -2.493300e+01 4.594986e+01 2.050177e+01
    endloop
  endfacet
  facet normal 2.823846e-01 -9.435646e-01 1.730455e-01
    outer loop
      vertex   -2.472352e+01 4.594986e+01 2.015993e+01
      vertex   -2.493300e+01 4.594986e+01 2.050177e+01
      vertex   -2.527499e+01 4.580194e+01 2.025329e+01
    endloop
  endfacet
  facet normal 2.518377e-01 -9.435646e-01 2.150897e-01
    outer loop
      vertex   -2.527499e+01 4.580194e+01 2.025329e+01
      vertex   -2.493300e+01 4.594986e+01 2.050177e+01
      vertex   -2.549228e+01 4.580194e+01 2.050772e+01
    endloop
  endfacet
  facet normal 4.054561e-01 -8.459829e-01 3.462922e-01
    outer loop
      vertex   -2.527499e+01 4.580194e+01 2.025329e+01
      vertex   -2.549228e+01 4.580194e+01 2.050772e+01
      vertex   -2.576043e+01 4.556366e+01 2.023957e+01
    endloop
  endfacet
  facet normal 3.462922e-01 -8.459829e-01 4.054561e-01
    outer loop
      vertex   -2.576043e+01 4.556366e+01 2.023957e+01
      vertex   -2.549228e+01 4.580194e+01 2.050772e+01
      vertex   -2.596960e+01 4.556366e+01 2.041822e+01
    endloop
  endfacet
  facet normal 4.599375e-01 -7.060144e-01 5.385176e-01
    outer loop
      vertex   -2.576043e+01 4.556366e+01 2.023957e+01
      vertex   -2.596960e+01 4.556366e+01 2.041822e+01
      vertex   -2.615574e+01 4.524698e+01 2.016202e+01
    endloop
  endfacet
  facet normal 3.700322e-01 -7.060144e-01 6.038376e-01
    outer loop
      vertex   -2.615574e+01 4.524698e+01 2.016202e+01
      vertex   -2.596960e+01 4.556366e+01 2.041822e+01
      vertex   -2.634792e+01 4.524698e+01 2.027979e+01
    endloop
  endfacet
  facet normal 4.427981e-01 -5.308547e-01 7.225809e-01
    outer loop
      vertex   -2.615574e+01 4.524698e+01 2.016202e+01
      vertex   -2.634792e+01 4.524698e+01 2.027979e+01
      vertex   -2.645609e+01 4.486777e+01 2.006748e+01
    endloop
  endfacet
  facet normal 3.243100e-01 -5.308547e-01 7.829536e-01
    outer loop
      vertex   -2.645609e+01 4.486777e+01 2.006748e+01
      vertex   -2.634792e+01 4.524698e+01 2.027979e+01
      vertex   -2.662978e+01 4.486777e+01 2.013942e+01
    endloop
  endfacet
  facet normal 3.613299e-01 -3.293715e-01 8.723274e-01
    outer loop
      vertex   -2.645609e+01 4.486777e+01 2.006748e+01
      vertex   -2.662978e+01 4.486777e+01 2.013942e+01
      vertex   -2.667549e+01 4.444504e+01 1.999875e+01
    endloop
  endfacet
  facet normal 2.204192e-01 -3.293715e-01 9.181121e-01
    outer loop
      vertex   -2.667549e+01 4.444504e+01 1.999875e+01
      vertex   -2.662978e+01 4.486777e+01 2.013942e+01
      vertex   -2.683572e+01 4.444504e+01 2.003722e+01
    endloop
  endfacet
  facet normal 8.851629e-02 -9.934223e-01 7.264344e-02
    outer loop
      vertex   -2.450559e+01 4.600000e+01 2.066671e+01
      vertex   -2.487868e+01 4.600000e+01 2.112132e+01
      vertex   -2.493300e+01 4.594986e+01 2.050177e+01
    endloop
  endfacet
  facet normal 8.539841e-02 -9.936736e-01 7.293713e-02
    outer loop
      vertex   -2.493300e+01 4.594986e+01 2.050177e+01
      vertex   -2.487868e+01 4.600000e+01 2.112132e+01
      vertex   -2.519337e+01 4.594986e+01 2.080663e+01
    endloop
  endfacet
  facet normal 2.518377e-01 -9.435646e-01 2.150897e-01
    outer loop
      vertex   -2.493300e+01 4.594986e+01 2.050177e+01
      vertex   -2.519337e+01 4.594986e+01 2.080663e+01
      vertex   -2.549228e+01 4.580194e+01 2.050772e+01
    endloop
  endfacet
  facet normal 2.150897e-01 -9.435646e-01 2.518377e-01
    outer loop
      vertex   -2.549228e+01 4.580194e+01 2.050772e+01
      vertex   -2.519337e+01 4.594986e+01 2.080663e+01
      vertex   -2.574671e+01 4.580194e+01 2.072501e+01
    endloop
  endfacet
  facet normal 3.462922e-01 -8.459829e-01 4.054561e-01
    outer loop
      vertex   -2.549228e+01 4.580194e+01 2.050772e+01
      vertex   -2.574671e+01 4.580194e+01 2.072501e+01
      vertex   -2.596960e+01 4.556366e+01 2.041822e+01
    endloop
  endfacet
  facet normal 2.786015e-01 -8.459829e-01 4.546363e-01
    outer loop
      vertex   -2.596960e+01 4.556366e+01 2.041822e+01
      vertex   -2.574671e+01 4.580194e+01 2.072501e+01
      vertex   -2.620415e+01 4.556366e+01 2.056195e+01
    endloop
  endfacet
  facet normal 3.700322e-01 -7.060144e-01 6.038376e-01
    outer loop
      vertex   -2.596960e+01 4.556366e+01 2.041822e+01
      vertex   -2.620415e+01 4.556366e+01 2.056195e+01
      vertex   -2.634792e+01 4.524698e+01 2.027979e+01
    endloop
  endfacet
  facet normal 2.710155e-01 -7.060144e-01 6.542892e-01
    outer loop
      vertex   -2.634792e+01 4.524698e+01 2.027979e+01
      vertex   -2.620415e+01 4.556366e+01 2.056195e+01
      vertex   -2.655615e+01 4.524698e+01 2.036604e+01
    endloop
  endfacet
  facet normal 3.243100e-01 -5.308547e-01 7.829536e-01
    outer loop
      vertex   -2.634792e+01 4.524698e+01 2.027979e+01
      vertex   -2.655615e+01 4.524698e+01 2.036604e+01
      vertex   -2.662978e+01 4.486777e+01 2.013942e+01
    endloop
  endfacet
  facet normal 1.978363e-01 -5.308547e-01 8.240474e-01
    outer loop
      vertex   -2.662978e+01 4.486777e+01 2.013942e+01
      vertex   -2.655615e+01 4.524698e+01 2.036604e+01
      vertex   -2.681258e+01 4.486777e+01 2.018331e+01
    endloop
  endfacet
  facet normal 2.204192e-01 -3.293715e-01 9.181121e-01
    outer loop
      vertex   -2.662978e+01 4.486777e+01 2.013942e+01
      vertex   -2.681258e+01 4.486777e+01 2.018331e+01
      vertex   -2.683572e+01 4.444504e+01 2.003722e+01
    endloop
  endfacet
  facet normal 7.293713e-02 -9.936736e-01 8.539841e-02
    outer loop
      vertex   -2.519337e+01 4.594986e+01 2.080663e+01
      vertex   -2.487868e+01 4.600000e+01 2.112132e+01
      vertex   -2.549823e+01 4.594986e+01 2.106700e+01
    endloop
  endfacet
  facet normal 7.264344e-02 -9.934223e-01 8.851629e-02
    outer loop
      vertex   -2.549823e+01 4.594986e+01 2.106700e+01
      vertex   -2.487868e+01 4.600000e+01 2.112132e+01
      vertex   -2.533329e+01 4.600000e+01 2.149441e+01
    endloop
  endfacet
  facet normal 5.778791e-02 -9.938651e-01 9.430129e-02
    outer loop
      vertex   -2.549823e+01 4.594986e+01 2.106700e+01
      vertex   -2.533329e+01 4.600000e+01 2.149441e+01
      vertex   -2.584007e+01 4.594986e+01 2.127648e+01
    endloop
  endfacet
  facet normal 5.446559e-02 -9.933027e-01 1.018980e-01
    outer loop
      vertex   -2.584007e+01 4.594986e+01 2.127648e+01
      vertex   -2.533329e+01 4.600000e+01 2.149441e+01
      vertex   -2.585195e+01 4.600000e+01 2.177164e+01
    endloop
  endfacet
  facet normal 4.211096e-02 -9.939270e-01 1.016648e-01
    outer loop
      vertex   -2.584007e+01 4.594986e+01 2.127648e+01
      vertex   -2.585195e+01 4.600000e+01 2.177164e+01
      vertex   -2.621047e+01 4.594986e+01 2.142991e+01
    endloop
  endfacet
  facet normal 3.353975e-02 -9.933027e-01 1.105657e-01
    outer loop
      vertex   -2.621047e+01 4.594986e+01 2.142991e+01
      vertex   -2.585195e+01 4.600000e+01 2.177164e+01
      vertex   -2.641473e+01 4.600000e+01 2.194236e+01
    endloop
  endfacet
  facet normal 2.581886e-02 -9.938651e-01 1.075433e-01
    outer loop
      vertex   -2.621047e+01 4.594986e+01 2.142991e+01
      vertex   -2.641473e+01 4.600000e+01 2.194236e+01
      vertex   -2.660032e+01 4.594986e+01 2.152350e+01
    endloop
  endfacet
  facet normal 1.978363e-01 -5.308547e-01 8.240474e-01
    outer loop
      vertex   -2.681258e+01 4.486777e+01 2.018331e+01
      vertex   -2.655615e+01 4.524698e+01 2.036604e+01
      vertex   -2.677531e+01 4.524698e+01 2.041865e+01
    endloop
  endfacet
  facet normal 1.653254e-01 -7.060144e-01 6.886300e-01
    outer loop
      vertex   -2.677531e+01 4.524698e+01 2.041865e+01
      vertex   -2.655615e+01 4.524698e+01 2.036604e+01
      vertex   -2.645829e+01 4.556366e+01 2.066722e+01
    endloop
  endfacet
  facet normal 1.653254e-01 -7.060144e-01 6.886300e-01
    outer loop
      vertex   -2.677531e+01 4.524698e+01 2.041865e+01
      vertex   -2.645829e+01 4.556366e+01 2.066722e+01
      vertex   -2.672577e+01 4.556366e+01 2.073144e+01
    endloop
  endfacet
  facet normal 1.244754e-01 -8.459829e-01 5.184774e-01
    outer loop
      vertex   -2.672577e+01 4.556366e+01 2.073144e+01
      vertex   -2.645829e+01 4.556366e+01 2.066722e+01
      vertex   -2.634110e+01 4.580194e+01 2.102787e+01
    endloop
  endfacet
  facet normal 1.244754e-01 -8.459829e-01 5.184774e-01
    outer loop
      vertex   -2.672577e+01 4.556366e+01 2.073144e+01
      vertex   -2.634110e+01 4.580194e+01 2.102787e+01
      vertex   -2.666645e+01 4.580194e+01 2.110598e+01
    endloop
  endfacet
  facet normal 7.731442e-02 -9.435646e-01 3.220377e-01
    outer loop
      vertex   -2.666645e+01 4.580194e+01 2.110598e+01
      vertex   -2.634110e+01 4.580194e+01 2.102787e+01
      vertex   -2.621047e+01 4.594986e+01 2.142991e+01
    endloop
  endfacet
  facet normal 7.731442e-02 -9.435646e-01 3.220377e-01
    outer loop
      vertex   -2.666645e+01 4.580194e+01 2.110598e+01
      vertex   -2.621047e+01 4.594986e+01 2.142991e+01
      vertex   -2.660032e+01 4.594986e+01 2.152350e+01
    endloop
  endfacet
  facet normal 2.710155e-01 -7.060144e-01 6.542892e-01
    outer loop
      vertex   -2.655615e+01 4.524698e+01 2.036604e+01
      vertex   -2.620415e+01 4.556366e+01 2.056195e+01
      vertex   -2.645829e+01 4.556366e+01 2.066722e+01
    endloop
  endfacet
  facet normal 2.040506e-01 -8.459829e-01 4.926218e-01
    outer loop
      vertex   -2.645829e+01 4.556366e+01 2.066722e+01
      vertex   -2.620415e+01 4.556366e+01 2.056195e+01
      vertex   -2.603199e+01 4.580194e+01 2.089983e+01
    endloop
  endfacet
  facet normal 2.040506e-01 -8.459829e-01 4.926218e-01
    outer loop
      vertex   -2.645829e+01 4.556366e+01 2.066722e+01
      vertex   -2.603199e+01 4.580194e+01 2.089983e+01
      vertex   -2.634110e+01 4.580194e+01 2.102787e+01
    endloop
  endfacet
  facet normal 1.267403e-01 -9.435646e-01 3.059783e-01
    outer loop
      vertex   -2.634110e+01 4.580194e+01 2.102787e+01
      vertex   -2.603199e+01 4.580194e+01 2.089983e+01
      vertex   -2.584007e+01 4.594986e+01 2.127648e+01
    endloop
  endfacet
  facet normal 1.267403e-01 -9.435646e-01 3.059783e-01
    outer loop
      vertex   -2.634110e+01 4.580194e+01 2.102787e+01
      vertex   -2.584007e+01 4.594986e+01 2.127648e+01
      vertex   -2.621047e+01 4.594986e+01 2.142991e+01
    endloop
  endfacet
  facet normal 2.786015e-01 -8.459829e-01 4.546363e-01
    outer loop
      vertex   -2.603199e+01 4.580194e+01 2.089983e+01
      vertex   -2.620415e+01 4.556366e+01 2.056195e+01
      vertex   -2.574671e+01 4.580194e+01 2.072501e+01
    endloop
  endfacet
  facet normal 1.730455e-01 -9.435646e-01 2.823846e-01
    outer loop
      vertex   -2.584007e+01 4.594986e+01 2.127648e+01
      vertex   -2.603199e+01 4.580194e+01 2.089983e+01
      vertex   -2.549823e+01 4.594986e+01 2.106700e+01
    endloop
  endfacet
  facet normal 1.730455e-01 -9.435646e-01 2.823846e-01
    outer loop
      vertex   -2.549823e+01 4.594986e+01 2.106700e+01
      vertex   -2.603199e+01 4.580194e+01 2.089983e+01
      vertex   -2.574671e+01 4.580194e+01 2.072501e+01
    endloop
  endfacet
  facet normal 2.150897e-01 -9.435646e-01 2.518377e-01
    outer loop
      vertex   -2.549823e+01 4.594986e+01 2.106700e+01
      vertex   -2.574671e+01 4.580194e+01 2.072501e+01
      vertex   -2.519337e+01 4.594986e+01 2.080663e+01
    endloop
  endfacet
  facet normal 7.179756e-01 -3.293715e-01 6.132091e-01
    outer loop
      vertex   -2.625744e+01 4.444504e+01 1.974256e+01
      vertex   -2.615042e+01 4.444504e+01 1.961726e+01
      vertex   -2.603075e+01 4.486777e+01 1.970420e+01
    endloop
  endfacet
  facet normal 8.050632e-01 -3.293715e-01 4.933434e-01
    outer loop
      vertex   -2.603075e+01 4.486777e+01 1.970420e+01
      vertex   -2.615042e+01 4.444504e+01 1.961726e+01
      vertex   -2.593252e+01 4.486777e+01 1.954391e+01
    endloop
  endfacet
  facet normal 7.225809e-01 -5.308547e-01 4.427981e-01
    outer loop
      vertex   -2.603075e+01 4.486777e+01 1.970420e+01
      vertex   -2.593252e+01 4.486777e+01 1.954391e+01
      vertex   -2.572021e+01 4.524698e+01 1.965208e+01
    endloop
  endfacet
  facet normal 8.050632e-01 -3.293715e-01 4.933434e-01
    outer loop
      vertex   -2.606431e+01 4.444504e+01 1.947676e+01
      vertex   -2.593252e+01 4.486777e+01 1.954391e+01
      vertex   -2.615042e+01 4.444504e+01 1.961726e+01
    endloop
  endfacet
  facet normal 9.181121e-01 -3.293715e-01 2.204192e-01
    outer loop
      vertex   -2.586058e+01 4.486777e+01 1.937022e+01
      vertex   -2.600125e+01 4.444504e+01 1.932451e+01
      vertex   -2.581669e+01 4.486777e+01 1.918742e+01
    endloop
  endfacet
  facet normal 9.181121e-01 -3.293715e-01 2.204192e-01
    outer loop
      vertex   -2.581669e+01 4.486777e+01 1.918742e+01
      vertex   -2.600125e+01 4.444504e+01 1.932451e+01
      vertex   -2.596278e+01 4.444504e+01 1.916428e+01
    endloop
  endfacet
  facet normal 8.240474e-01 -5.308547e-01 1.978363e-01
    outer loop
      vertex   -2.563396e+01 4.524698e+01 1.944385e+01
      vertex   -2.586058e+01 4.486777e+01 1.937022e+01
      vertex   -2.558135e+01 4.524698e+01 1.922469e+01
    endloop
  endfacet
  facet normal 8.240474e-01 -5.308547e-01 1.978363e-01
    outer loop
      vertex   -2.558135e+01 4.524698e+01 1.922469e+01
      vertex   -2.586058e+01 4.486777e+01 1.937022e+01
      vertex   -2.581669e+01 4.486777e+01 1.918742e+01
    endloop
  endfacet
  facet normal 6.886300e-01 -7.060144e-01 1.653254e-01
    outer loop
      vertex   -2.533278e+01 4.556366e+01 1.954171e+01
      vertex   -2.563396e+01 4.524698e+01 1.944385e+01
      vertex   -2.526856e+01 4.556366e+01 1.927423e+01
    endloop
  endfacet
  facet normal 6.886300e-01 -7.060144e-01 1.653254e-01
    outer loop
      vertex   -2.526856e+01 4.556366e+01 1.927423e+01
      vertex   -2.563396e+01 4.524698e+01 1.944385e+01
      vertex   -2.558135e+01 4.524698e+01 1.922469e+01
    endloop
  endfacet
  facet normal 5.184774e-01 -8.459829e-01 1.244754e-01
    outer loop
      vertex   -2.497213e+01 4.580194e+01 1.965890e+01
      vertex   -2.533278e+01 4.556366e+01 1.954171e+01
      vertex   -2.489402e+01 4.580194e+01 1.933355e+01
    endloop
  endfacet
  facet normal 5.184774e-01 -8.459829e-01 1.244754e-01
    outer loop
      vertex   -2.489402e+01 4.580194e+01 1.933355e+01
      vertex   -2.533278e+01 4.556366e+01 1.954171e+01
      vertex   -2.526856e+01 4.556366e+01 1.927423e+01
    endloop
  endfacet
  facet normal 3.220377e-01 -9.435646e-01 7.731442e-02
    outer loop
      vertex   -2.489402e+01 4.580194e+01 1.933355e+01
      vertex   -2.447650e+01 4.594986e+01 1.939968e+01
      vertex   -2.497213e+01 4.580194e+01 1.965890e+01
    endloop
  endfacet
  facet normal 5.682539e-17 -9.937122e-01 1.119645e-01
    outer loop
      vertex   -2.700000e+01 4.600000e+01 2.200000e+01
      vertex   -3.400000e+01 4.600000e+01 2.200000e+01
      vertex   -2.700000e+01 4.594986e+01 2.155496e+01
    endloop
  endfacet
  facet normal 5.682539e-17 -9.937122e-01 1.119645e-01
    outer loop
      vertex   -2.700000e+01 4.594986e+01 2.155496e+01
      vertex   -3.400000e+01 4.600000e+01 2.200000e+01
      vertex   -3.400000e+01 4.594986e+01 2.155496e+01
    endloop
  endfacet
  facet normal 1.676267e-16 -9.438833e-01 3.302791e-01
    outer loop
      vertex   -2.700000e+01 4.594986e+01 2.155496e+01
      vertex   -3.400000e+01 4.594986e+01 2.155496e+01
      vertex   -2.700000e+01 4.580194e+01 2.113223e+01
    endloop
  endfacet
  facet normal 1.676267e-16 -9.438833e-01 3.302791e-01
    outer loop
      vertex   -2.700000e+01 4.580194e+01 2.113223e+01
      vertex   -3.400000e+01 4.594986e+01 2.155496e+01
      vertex   -3.400000e+01 4.580194e+01 2.113223e+01
    endloop
  endfacet
  facet normal 2.700225e-16 -8.467242e-01 5.320321e-01
    outer loop
      vertex   -2.700000e+01 4.580194e+01 2.113223e+01
      vertex   -3.400000e+01 4.580194e+01 2.113223e+01
      vertex   -2.700000e+01 4.556366e+01 2.075302e+01
    endloop
  endfacet
  facet normal 2.700225e-16 -8.467242e-01 5.320321e-01
    outer loop
      vertex   -2.700000e+01 4.556366e+01 2.075302e+01
      vertex   -3.400000e+01 4.580194e+01 2.113223e+01
      vertex   -3.400000e+01 4.556366e+01 2.075302e+01
    endloop
  endfacet
  facet normal 3.588783e-16 -7.071068e-01 7.071068e-01
    outer loop
      vertex   -2.700000e+01 4.556366e+01 2.075302e+01
      vertex   -3.400000e+01 4.556366e+01 2.075302e+01
      vertex   -2.700000e+01 4.524698e+01 2.043634e+01
    endloop
  endfacet
  facet normal 3.588783e-16 -7.071068e-01 7.071068e-01
    outer loop
      vertex   -2.700000e+01 4.524698e+01 2.043634e+01
      vertex   -3.400000e+01 4.556366e+01 2.075302e+01
      vertex   -3.400000e+01 4.524698e+01 2.043634e+01
    endloop
  endfacet
  facet normal 4.297384e-16 -5.320321e-01 8.467242e-01
    outer loop
      vertex   -2.700000e+01 4.524698e+01 2.043634e+01
      vertex   -3.400000e+01 4.524698e+01 2.043634e+01
      vertex   -2.700000e+01 4.486777e+01 2.019806e+01
    endloop
  endfacet
  facet normal 4.297384e-16 -5.320321e-01 8.467242e-01
    outer loop
      vertex   -2.700000e+01 4.486777e+01 2.019806e+01
      vertex   -3.400000e+01 4.524698e+01 2.043634e+01
      vertex   -3.400000e+01 4.486777e+01 2.019806e+01
    endloop
  endfacet
  facet normal 4.790496e-16 -3.302791e-01 9.438833e-01
    outer loop
      vertex   -2.700000e+01 4.486777e+01 2.019806e+01
      vertex   -3.400000e+01 4.486777e+01 2.019806e+01
      vertex   -2.700000e+01 4.444504e+01 2.005014e+01
    endloop
  endfacet
  facet normal 9.580992e-16 -3.302791e-01 9.438833e-01
    outer loop
      vertex   -2.700000e+01 4.444504e+01 2.005014e+01
      vertex   -3.400000e+01 4.486777e+01 2.019806e+01
      vertex   -3.400000e+01 4.444504e+01 2.005014e+01
    endloop
  endfacet
  facet normal 1.008679e-15 -1.119645e-01 9.937122e-01
    outer loop
      vertex   -2.700000e+01 4.444504e+01 2.005014e+01
      vertex   -3.400000e+01 4.444504e+01 2.005014e+01
      vertex   -2.700000e+01 4.400000e+01 2.000000e+01
    endloop
  endfacet
  facet normal 0.000000e+00 -1.119645e-01 9.937122e-01
    outer loop
      vertex   -2.700000e+01 4.400000e+01 2.000000e+01
      vertex   -3.400000e+01 4.444504e+01 2.005014e+01
      vertex   -3.400000e+01 4.400000e+01 2.000000e+01
    endloop
  endfacet
  facet normal 0.000000e+00 -9.996988e-01 -2.454123e-02
    outer loop
      vertex   -2.400000e+01 4.600000e+01 1.000000e+00
      vertex   -2.400361e+01 4.600121e+01 9.509323e-01
      vertex   4.000000e+00 4.600000e+01 1.000000e+00
    endloop
  endfacet
  facet normal 8.603507e-05 -9.972891e-01 -7.358350e-02
    outer loop
      vertex   4.000000e+00 4.600000e+01 1.000000e+00
      vertex   -2.400361e+01 4.600121e+01 9.509323e-01
      vertex   -2.401445e+01 4.600482e+01 9.019829e-01
    endloop
  endfacet
  facet normal 2.862711e-04 -9.914448e-01 -1.305262e-01
    outer loop
      vertex   4.000000e+00 4.600000e+01 1.000000e+00
      vertex   -2.401445e+01 4.600482e+01 9.019829e-01
      vertex   4.000000e+00 4.603407e+01 7.411810e-01
    endloop
  endfacet
  facet normal -3.077398e-17 -9.838460e-01 -1.790169e-01
    outer loop
      vertex   4.000000e+00 4.603407e+01 7.411810e-01
      vertex   -2.401445e+01 4.600482e+01 9.019829e-01
      vertex   -1.166667e+00 4.603407e+01 7.411810e-01
    endloop
  endfacet
  facet normal -6.578539e-17 -9.238795e-01 -3.826834e-01
    outer loop
      vertex   4.000000e+00 4.603407e+01 7.411810e-01
      vertex   -1.166667e+00 4.603407e+01 7.411810e-01
      vertex   4.000000e+00 4.613398e+01 5.000000e-01
    endloop
  endfacet
  facet normal -1.233476e-16 -9.238795e-01 -3.826834e-01
    outer loop
      vertex   4.000000e+00 4.613398e+01 5.000000e-01
      vertex   -1.166667e+00 4.603407e+01 7.411810e-01
      vertex   -1.166667e+00 4.613398e+01 5.000000e-01
    endloop
  endfacet
  facet normal -1.962177e-16 -7.933533e-01 -6.087614e-01
    outer loop
      vertex   4.000000e+00 4.613398e+01 5.000000e-01
      vertex   -1.166667e+00 4.613398e+01 5.000000e-01
      vertex   4.000000e+00 4.629289e+01 2.928932e-01
    endloop
  endfacet
  facet normal 2.616236e-17 -7.933533e-01 -6.087614e-01
    outer loop
      vertex   4.000000e+00 4.629289e+01 2.928932e-01
      vertex   -1.166667e+00 4.613398e+01 5.000000e-01
      vertex   -1.166667e+00 4.629289e+01 2.928932e-01
    endloop
  endfacet
  facet normal 3.409545e-17 -6.087614e-01 -7.933533e-01
    outer loop
      vertex   4.000000e+00 4.629289e+01 2.928932e-01
      vertex   -1.166667e+00 4.629289e+01 2.928932e-01
      vertex   4.000000e+00 4.650000e+01 1.339746e-01
    endloop
  endfacet
  facet normal -0.000000e+00 -6.087614e-01 -7.933533e-01
    outer loop
      vertex   4.000000e+00 4.650000e+01 1.339746e-01
      vertex   -1.166667e+00 4.629289e+01 2.928932e-01
      vertex   -1.166667e+00 4.650000e+01 1.339746e-01
    endloop
  endfacet
  facet normal -0.000000e+00 -3.826834e-01 -9.238795e-01
    outer loop
      vertex   4.000000e+00 4.650000e+01 1.339746e-01
      vertex   -1.166667e+00 4.650000e+01 1.339746e-01
      vertex   4.000000e+00 4.674118e+01 3.407417e-02
    endloop
  endfacet
  facet normal -3.226031e-16 -3.826834e-01 -9.238795e-01
    outer loop
      vertex   4.000000e+00 4.674118e+01 3.407417e-02
      vertex   -1.166667e+00 4.650000e+01 1.339746e-01
      vertex   -1.166667e+00 4.674118e+01 3.407417e-02
    endloop
  endfacet
  facet normal -3.461957e-16 -1.305262e-01 -9.914449e-01
    outer loop
      vertex   4.000000e+00 4.674118e+01 3.407417e-02
      vertex   -1.166667e+00 4.674118e+01 3.407417e-02
      vertex   4.000000e+00 4.700000e+01 1.065814e-13
    endloop
  endfacet
  facet normal 0.000000e+00 -1.305262e-01 -9.914449e-01
    outer loop
      vertex   4.000000e+00 4.700000e+01 1.065814e-13
      vertex   -1.166667e+00 4.674118e+01 3.407417e-02
      vertex   -6.333333e+00 4.674118e+01 3.407417e-02
    endloop
  endfacet
  facet normal 5.273221e-17 -1.305262e-01 -9.914449e-01
    outer loop
      vertex   4.000000e+00 4.700000e+01 1.065814e-13
      vertex   -6.333333e+00 4.674118e+01 3.407417e-02
      vertex   -1.150000e+01 4.674118e+01 3.407417e-02
    endloop
  endfacet
  facet normal 4.963124e-17 -3.826834e-01 -9.238795e-01
    outer loop
      vertex   -1.150000e+01 4.674118e+01 3.407417e-02
      vertex   -6.333333e+00 4.674118e+01 3.407417e-02
      vertex   -1.150000e+01 4.650000e+01 1.339746e-01
    endloop
  endfacet
  facet normal -2.572303e-17 -3.826834e-01 -9.238795e-01
    outer loop
      vertex   -1.150000e+01 4.674118e+01 3.407417e-02
      vertex   -1.150000e+01 4.650000e+01 1.339746e-01
      vertex   -1.666667e+01 4.650000e+01 1.339746e-01
    endloop
  endfacet
  facet normal -2.130966e-17 -6.087614e-01 -7.933533e-01
    outer loop
      vertex   -1.666667e+01 4.650000e+01 1.339746e-01
      vertex   -1.150000e+01 4.650000e+01 1.339746e-01
      vertex   -1.666667e+01 4.629289e+01 2.928932e-01
    endloop
  endfacet
  facet normal 0.000000e+00 -6.087614e-01 -7.933533e-01
    outer loop
      vertex   -1.666667e+01 4.650000e+01 1.339746e-01
      vertex   -1.666667e+01 4.629289e+01 2.928932e-01
      vertex   -2.183333e+01 4.629289e+01 2.928932e-01
    endloop
  endfacet
  facet normal 0.000000e+00 -7.933533e-01 -6.087614e-01
    outer loop
      vertex   -2.183333e+01 4.629289e+01 2.928932e-01
      vertex   -1.666667e+01 4.629289e+01 2.928932e-01
      vertex   -2.183333e+01 4.613398e+01 5.000000e-01
    endloop
  endfacet
  facet normal 2.400234e-03 -7.933511e-01 -6.087597e-01
    outer loop
      vertex   -2.183333e+01 4.629289e+01 2.928932e-01
      vertex   -2.183333e+01 4.613398e+01 5.000000e-01
      vertex   -2.450559e+01 4.616853e+01 4.444298e-01
    endloop
  endfacet
  facet normal -1.658909e-03 -8.830235e-01 -4.693258e-01
    outer loop
      vertex   -2.450559e+01 4.616853e+01 4.444298e-01
      vertex   -2.183333e+01 4.613398e+01 5.000000e-01
      vertex   -2.422836e+01 4.607612e+01 6.173166e-01
    endloop
  endfacet
  facet normal 3.572018e-03 -9.238736e-01 -3.826810e-01
    outer loop
      vertex   -2.422836e+01 4.607612e+01 6.173166e-01
      vertex   -2.183333e+01 4.613398e+01 5.000000e-01
      vertex   -2.183333e+01 4.603407e+01 7.411810e-01
    endloop
  endfacet
  facet normal 9.458076e-04 -9.412212e-01 -3.377896e-01
    outer loop
      vertex   -2.422836e+01 4.607612e+01 6.173166e-01
      vertex   -2.183333e+01 4.603407e+01 7.411810e-01
      vertex   -2.412918e+01 4.604306e+01 7.097153e-01
    endloop
  endfacet
  facet normal -4.712496e-04 -9.701146e-01 -2.426469e-01
    outer loop
      vertex   -2.412918e+01 4.604306e+01 7.097153e-01
      vertex   -2.183333e+01 4.603407e+01 7.411810e-01
      vertex   -2.405764e+01 4.601922e+01 8.049097e-01
    endloop
  endfacet
  facet normal 2.373552e-03 -9.890199e-01 -1.477635e-01
    outer loop
      vertex   -2.405764e+01 4.601922e+01 8.049097e-01
      vertex   -2.183333e+01 4.603407e+01 7.411810e-01
      vertex   -2.401445e+01 4.600482e+01 9.019829e-01
    endloop
  endfacet
  facet normal 4.108523e-18 -9.838460e-01 -1.790169e-01
    outer loop
      vertex   -2.401445e+01 4.600482e+01 9.019829e-01
      vertex   -2.183333e+01 4.603407e+01 7.411810e-01
      vertex   -1.666667e+01 4.603407e+01 7.411810e-01
    endloop
  endfacet
  facet normal 0.000000e+00 -9.838460e-01 -1.790169e-01
    outer loop
      vertex   -2.401445e+01 4.600482e+01 9.019829e-01
      vertex   -1.666667e+01 4.603407e+01 7.411810e-01
      vertex   -1.150000e+01 4.603407e+01 7.411810e-01
    endloop
  endfacet
  facet normal -0.000000e+00 -9.238795e-01 -3.826834e-01
    outer loop
      vertex   -1.150000e+01 4.603407e+01 7.411810e-01
      vertex   -1.666667e+01 4.603407e+01 7.411810e-01
      vertex   -1.150000e+01 4.613398e+01 5.000000e-01
    endloop
  endfacet
  facet normal 7.716909e-18 -9.238795e-01 -3.826834e-01
    outer loop
      vertex   -1.150000e+01 4.603407e+01 7.411810e-01
      vertex   -1.150000e+01 4.613398e+01 5.000000e-01
      vertex   -6.333333e+00 4.613398e+01 5.000000e-01
    endloop
  endfacet
  facet normal 1.308118e-17 -7.933533e-01 -6.087614e-01
    outer loop
      vertex   -6.333333e+00 4.613398e+01 5.000000e-01
      vertex   -1.150000e+01 4.613398e+01 5.000000e-01
      vertex   -6.333333e+00 4.629289e+01 2.928932e-01
    endloop
  endfacet
  facet normal 0.000000e+00 -7.933533e-01 -6.087614e-01
    outer loop
      vertex   -6.333333e+00 4.613398e+01 5.000000e-01
      vertex   -6.333333e+00 4.629289e+01 2.928932e-01
      vertex   -1.166667e+00 4.629289e+01 2.928932e-01
    endloop
  endfacet
  facet normal -0.000000e+00 -6.087614e-01 -7.933533e-01
    outer loop
      vertex   -1.166667e+00 4.629289e+01 2.928932e-01
      vertex   -6.333333e+00 4.629289e+01 2.928932e-01
      vertex   -1.166667e+00 4.650000e+01 1.339746e-01
    endloop
  endfacet
  facet normal -9.298471e-17 -7.730105e-01 -6.343933e-01
    outer loop
      vertex   -2.450559e+01 4.616853e+01 4.444298e-01
      vertex   -2.487868e+01 4.629289e+01 2.928932e-01
      vertex   -2.183333e+01 4.629289e+01 2.928932e-01
    endloop
  endfacet
  facet normal -1.127247e-16 -6.343933e-01 -7.730105e-01
    outer loop
      vertex   -2.183333e+01 4.629289e+01 2.928932e-01
      vertex   -2.487868e+01 4.629289e+01 2.928932e-01
      vertex   -2.533329e+01 4.644443e+01 1.685304e-01
    endloop
  endfacet
  facet normal 1.832609e-03 -6.087604e-01 -7.933520e-01
    outer loop
      vertex   -2.183333e+01 4.629289e+01 2.928932e-01
      vertex   -2.533329e+01 4.644443e+01 1.685304e-01
      vertex   -2.183333e+01 4.650000e+01 1.339746e-01
    endloop
  endfacet
  facet normal -1.165305e-03 -4.741132e-01 -8.804631e-01
    outer loop
      vertex   -2.183333e+01 4.650000e+01 1.339746e-01
      vertex   -2.533329e+01 4.644443e+01 1.685304e-01
      vertex   -2.585195e+01 4.661732e+01 7.612047e-02
    endloop
  endfacet
  facet normal 2.128872e-03 -3.826826e-01 -9.238774e-01
    outer loop
      vertex   -2.183333e+01 4.650000e+01 1.339746e-01
      vertex   -2.585195e+01 4.661732e+01 7.612047e-02
      vertex   -2.183333e+01 4.674118e+01 3.407417e-02
    endloop
  endfacet
  facet normal -9.740336e-04 -2.929593e-01 -9.561244e-01
    outer loop
      vertex   -2.183333e+01 4.674118e+01 3.407417e-02
      vertex   -2.585195e+01 4.661732e+01 7.612047e-02
      vertex   -2.641473e+01 4.680491e+01 1.921472e-02
    endloop
  endfacet
  facet normal 2.615856e-17 -2.270763e-01 -9.738770e-01
    outer loop
      vertex   -2.183333e+01 4.674118e+01 3.407417e-02
      vertex   -2.641473e+01 4.680491e+01 1.921472e-02
      vertex   -1.666667e+01 4.674118e+01 3.407417e-02
    endloop
  endfacet
  facet normal 4.301191e-04 -1.642103e-01 -9.864253e-01
    outer loop
      vertex   -1.666667e+01 4.674118e+01 3.407417e-02
      vertex   -2.641473e+01 4.680491e+01 1.921472e-02
      vertex   4.000000e+00 4.700000e+01 1.065814e-13
    endloop
  endfacet
  facet normal 2.663044e-17 -1.305262e-01 -9.914449e-01
    outer loop
      vertex   -1.666667e+01 4.674118e+01 3.407417e-02
      vertex   4.000000e+00 4.700000e+01 1.065814e-13
      vertex   -1.150000e+01 4.674118e+01 3.407417e-02
    endloop
  endfacet
  facet normal 0.000000e+00 -9.801714e-02 -9.951847e-01
    outer loop
      vertex   -2.641473e+01 4.680491e+01 1.921472e-02
      vertex   -2.700000e+01 4.700000e+01 1.065814e-13
      vertex   4.000000e+00 4.700000e+01 1.065814e-13
    endloop
  endfacet
  facet normal 8.223173e-18 -9.238795e-01 -3.826834e-01
    outer loop
      vertex   -1.666667e+01 4.603407e+01 7.411810e-01
      vertex   -2.183333e+01 4.603407e+01 7.411810e-01
      vertex   -1.666667e+01 4.613398e+01 5.000000e-01
    endloop
  endfacet
  facet normal 2.466952e-17 -9.238795e-01 -3.826834e-01
    outer loop
      vertex   -1.666667e+01 4.613398e+01 5.000000e-01
      vertex   -2.183333e+01 4.603407e+01 7.411810e-01
      vertex   -2.183333e+01 4.613398e+01 5.000000e-01
    endloop
  endfacet
  facet normal 3.924354e-17 -7.933533e-01 -6.087614e-01
    outer loop
      vertex   -1.666667e+01 4.613398e+01 5.000000e-01
      vertex   -2.183333e+01 4.613398e+01 5.000000e-01
      vertex   -1.666667e+01 4.629289e+01 2.928932e-01
    endloop
  endfacet
  facet normal 7.693496e-18 -9.838460e-01 -1.790169e-01
    outer loop
      vertex   -1.166667e+00 4.603407e+01 7.411810e-01
      vertex   -2.401445e+01 4.600482e+01 9.019829e-01
      vertex   -6.333333e+00 4.603407e+01 7.411810e-01
    endloop
  endfacet
  facet normal -0.000000e+00 -9.838460e-01 -1.790169e-01
    outer loop
      vertex   -6.333333e+00 4.603407e+01 7.411810e-01
      vertex   -2.401445e+01 4.600482e+01 9.019829e-01
      vertex   -1.150000e+01 4.603407e+01 7.411810e-01
    endloop
  endfacet
  facet normal -0.000000e+00 -9.238795e-01 -3.826834e-01
    outer loop
      vertex   -6.333333e+00 4.603407e+01 7.411810e-01
      vertex   -1.150000e+01 4.603407e+01 7.411810e-01
      vertex   -6.333333e+00 4.613398e+01 5.000000e-01
    endloop
  endfacet
  facet normal 1.800612e-17 -9.238795e-01 -3.826834e-01
    outer loop
      vertex   -1.166667e+00 4.613398e+01 5.000000e-01
      vertex   -1.166667e+00 4.603407e+01 7.411810e-01
      vertex   -6.333333e+00 4.603407e+01 7.411810e-01
    endloop
  endfacet
  facet normal 2.466952e-17 -9.238795e-01 -3.826834e-01
    outer loop
      vertex   -1.166667e+00 4.613398e+01 5.000000e-01
      vertex   -6.333333e+00 4.603407e+01 7.411810e-01
      vertex   -6.333333e+00 4.613398e+01 5.000000e-01
    endloop
  endfacet
  facet normal 1.543382e-17 -9.238795e-01 -3.826834e-01
    outer loop
      vertex   -1.666667e+01 4.603407e+01 7.411810e-01
      vertex   -1.666667e+01 4.613398e+01 5.000000e-01
      vertex   -1.150000e+01 4.613398e+01 5.000000e-01
    endloop
  endfacet
  facet normal 2.616236e-17 -7.933533e-01 -6.087614e-01
    outer loop
      vertex   -1.150000e+01 4.613398e+01 5.000000e-01
      vertex   -1.666667e+01 4.613398e+01 5.000000e-01
      vertex   -1.150000e+01 4.629289e+01 2.928932e-01
    endloop
  endfacet
  facet normal 0.000000e+00 -7.933533e-01 -6.087614e-01
    outer loop
      vertex   -1.150000e+01 4.613398e+01 5.000000e-01
      vertex   -1.150000e+01 4.629289e+01 2.928932e-01
      vertex   -6.333333e+00 4.629289e+01 2.928932e-01
    endloop
  endfacet
  facet normal -0.000000e+00 -6.087614e-01 -7.933533e-01
    outer loop
      vertex   -6.333333e+00 4.629289e+01 2.928932e-01
      vertex   -1.150000e+01 4.629289e+01 2.928932e-01
      vertex   -6.333333e+00 4.650000e+01 1.339746e-01
    endloop
  endfacet
  facet normal -4.630146e-17 -6.087614e-01 -7.933533e-01
    outer loop
      vertex   -6.333333e+00 4.629289e+01 2.928932e-01
      vertex   -6.333333e+00 4.650000e+01 1.339746e-01
      vertex   -1.166667e+00 4.650000e+01 1.339746e-01
    endloop
  endfacet
  facet normal -4.963124e-17 -3.826834e-01 -9.238795e-01
    outer loop
      vertex   -1.166667e+00 4.650000e+01 1.339746e-01
      vertex   -6.333333e+00 4.650000e+01 1.339746e-01
      vertex   -1.166667e+00 4.674118e+01 3.407417e-02
    endloop
  endfacet
  facet normal -1.308118e-17 -7.933533e-01 -6.087614e-01
    outer loop
      vertex   -1.150000e+01 4.629289e+01 2.928932e-01
      vertex   -1.666667e+01 4.613398e+01 5.000000e-01
      vertex   -1.666667e+01 4.629289e+01 2.928932e-01
    endloop
  endfacet
  facet normal 4.115685e-17 -7.933533e-01 -6.087614e-01
    outer loop
      vertex   -1.166667e+00 4.629289e+01 2.928932e-01
      vertex   -1.166667e+00 4.613398e+01 5.000000e-01
      vertex   -6.333333e+00 4.613398e+01 5.000000e-01
    endloop
  endfacet
  facet normal -4.261931e-17 -6.087614e-01 -7.933533e-01
    outer loop
      vertex   -6.333333e+00 4.650000e+01 1.339746e-01
      vertex   -1.150000e+01 4.629289e+01 2.928932e-01
      vertex   -1.150000e+01 4.650000e+01 1.339746e-01
    endloop
  endfacet
  facet normal -1.543382e-17 -6.087614e-01 -7.933533e-01
    outer loop
      vertex   -1.150000e+01 4.650000e+01 1.339746e-01
      vertex   -1.150000e+01 4.629289e+01 2.928932e-01
      vertex   -1.666667e+01 4.629289e+01 2.928932e-01
    endloop
  endfacet
  facet normal -4.115685e-17 -6.087614e-01 -7.933533e-01
    outer loop
      vertex   -2.183333e+01 4.629289e+01 2.928932e-01
      vertex   -2.183333e+01 4.650000e+01 1.339746e-01
      vertex   -1.666667e+01 4.650000e+01 1.339746e-01
    endloop
  endfacet
  facet normal -4.963124e-17 -3.826834e-01 -9.238795e-01
    outer loop
      vertex   -1.666667e+01 4.650000e+01 1.339746e-01
      vertex   -2.183333e+01 4.650000e+01 1.339746e-01
      vertex   -1.666667e+01 4.674118e+01 3.407417e-02
    endloop
  endfacet
  facet normal 2.315073e-17 -3.826834e-01 -9.238795e-01
    outer loop
      vertex   -1.666667e+01 4.650000e+01 1.339746e-01
      vertex   -1.666667e+01 4.674118e+01 3.407417e-02
      vertex   -1.150000e+01 4.674118e+01 3.407417e-02
    endloop
  endfacet
  facet normal 2.481562e-17 -3.826834e-01 -9.238795e-01
    outer loop
      vertex   -2.183333e+01 4.674118e+01 3.407417e-02
      vertex   -1.666667e+01 4.674118e+01 3.407417e-02
      vertex   -2.183333e+01 4.650000e+01 1.339746e-01
    endloop
  endfacet
  facet normal -0.000000e+00 -3.826834e-01 -9.238795e-01
    outer loop
      vertex   -1.166667e+00 4.674118e+01 3.407417e-02
      vertex   -6.333333e+00 4.650000e+01 1.339746e-01
      vertex   -6.333333e+00 4.674118e+01 3.407417e-02
    endloop
  endfacet
  facet normal -4.887376e-17 -3.826834e-01 -9.238795e-01
    outer loop
      vertex   -6.333333e+00 4.674118e+01 3.407417e-02
      vertex   -6.333333e+00 4.650000e+01 1.339746e-01
      vertex   -1.150000e+01 4.650000e+01 1.339746e-01
    endloop
  endfacet
  facet normal 9.270267e-02 -1.788151e-03 -9.956922e-01
    outer loop
      vertex   -2.680491e+01 4.641473e+01 1.921472e-02
      vertex   -2.674118e+01 4.144445e+01 3.407417e-02
      vertex   -2.700000e+01 4.700000e+01 1.065814e-13
    endloop
  endfacet
  facet normal 1.305262e-01 4.904096e-17 -9.914449e-01
    outer loop
      vertex   -2.700000e+01 4.700000e+01 1.065814e-13
      vertex   -2.674118e+01 4.144445e+01 3.407417e-02
      vertex   -2.674118e+01 3.588889e+01 3.407417e-02
    endloop
  endfacet
  facet normal 1.305262e-01 9.927804e-17 -9.914449e-01
    outer loop
      vertex   -2.700000e+01 4.700000e+01 1.065814e-13
      vertex   -2.674118e+01 3.588889e+01 3.407417e-02
      vertex   -2.674118e+01 3.033333e+01 3.407417e-02
    endloop
  endfacet
  facet normal 3.826834e-01 9.231411e-17 -9.238795e-01
    outer loop
      vertex   -2.674118e+01 3.033333e+01 3.407417e-02
      vertex   -2.674118e+01 3.588889e+01 3.407417e-02
      vertex   -2.650000e+01 3.033333e+01 1.339746e-01
    endloop
  endfacet
  facet normal 3.826834e-01 -2.583621e-16 -9.238795e-01
    outer loop
      vertex   -2.674118e+01 3.033333e+01 3.407417e-02
      vertex   -2.650000e+01 3.033333e+01 1.339746e-01
      vertex   -2.650000e+01 2.477778e+01 1.339746e-01
    endloop
  endfacet
  facet normal 6.087614e-01 -5.804120e-16 -7.933533e-01
    outer loop
      vertex   -2.650000e+01 2.477778e+01 1.339746e-01
      vertex   -2.650000e+01 3.033333e+01 1.339746e-01
      vertex   -2.629289e+01 2.477778e+01 2.928932e-01
    endloop
  endfacet
  facet normal 6.087614e-01 0.000000e+00 -7.933533e-01
    outer loop
      vertex   -2.650000e+01 2.477778e+01 1.339746e-01
      vertex   -2.629289e+01 2.477778e+01 2.928932e-01
      vertex   -2.629289e+01 1.922222e+01 2.928932e-01
    endloop
  endfacet
  facet normal 7.933533e-01 0.000000e+00 -6.087614e-01
    outer loop
      vertex   -2.629289e+01 1.922222e+01 2.928932e-01
      vertex   -2.629289e+01 2.477778e+01 2.928932e-01
      vertex   -2.613397e+01 1.922222e+01 5.000000e-01
    endloop
  endfacet
  facet normal 7.933533e-01 2.870690e-17 -6.087614e-01
    outer loop
      vertex   -2.629289e+01 1.922222e+01 2.928932e-01
      vertex   -2.613397e+01 1.922222e+01 5.000000e-01
      vertex   -2.613397e+01 1.366667e+01 5.000000e-01
    endloop
  endfacet
  facet normal 9.238795e-01 -2.543180e-16 -3.826834e-01
    outer loop
      vertex   -2.613397e+01 1.366667e+01 5.000000e-01
      vertex   -2.613397e+01 1.922222e+01 5.000000e-01
      vertex   -2.603407e+01 1.366667e+01 7.411810e-01
    endloop
  endfacet
  facet normal 9.238795e-01 4.569182e-16 -3.826834e-01
    outer loop
      vertex   -2.613397e+01 1.366667e+01 5.000000e-01
      vertex   -2.603407e+01 1.366667e+01 7.411810e-01
      vertex   -2.603407e+01 8.111111e+00 7.411810e-01
    endloop
  endfacet
  facet normal 9.914449e-01 1.565062e-16 -1.305262e-01
    outer loop
      vertex   -2.603407e+01 8.111111e+00 7.411810e-01
      vertex   -2.603407e+01 1.366667e+01 7.411810e-01
      vertex   -2.600000e+01 -3.000000e+00 1.000000e+00
    endloop
  endfacet
  facet normal 9.914449e-01 1.565062e-16 -1.305262e-01
    outer loop
      vertex   -2.603407e+01 8.111111e+00 7.411810e-01
      vertex   -2.600000e+01 -3.000000e+00 1.000000e+00
      vertex   -2.603407e+01 2.555556e+00 7.411810e-01
    endloop
  endfacet
  facet normal 9.914449e-01 1.825906e-16 -1.305262e-01
    outer loop
      vertex   -2.603407e+01 2.555556e+00 7.411810e-01
      vertex   -2.600000e+01 -3.000000e+00 1.000000e+00
      vertex   -2.603407e+01 -3.000000e+00 7.411810e-01
    endloop
  endfacet
  facet normal 9.238795e-01 5.353286e-16 -3.826834e-01
    outer loop
      vertex   -2.603407e+01 2.555556e+00 7.411810e-01
      vertex   -2.603407e+01 -3.000000e+00 7.411810e-01
      vertex   -2.613397e+01 2.555556e+00 5.000000e-01
    endloop
  endfacet
  facet normal 9.238795e-01 5.047384e-16 -3.826834e-01
    outer loop
      vertex   -2.613397e+01 2.555556e+00 5.000000e-01
      vertex   -2.603407e+01 -3.000000e+00 7.411810e-01
      vertex   -2.613397e+01 -3.000000e+00 5.000000e-01
    endloop
  endfacet
  facet normal 7.933533e-01 8.029228e-16 -6.087614e-01
    outer loop
      vertex   -2.613397e+01 2.555556e+00 5.000000e-01
      vertex   -2.613397e+01 -3.000000e+00 5.000000e-01
      vertex   -2.629289e+01 2.555556e+00 2.928932e-01
    endloop
  endfacet
  facet normal 7.933533e-01 9.088017e-16 -6.087614e-01
    outer loop
      vertex   -2.629289e+01 2.555556e+00 2.928932e-01
      vertex   -2.613397e+01 -3.000000e+00 5.000000e-01
      vertex   -2.629289e+01 -3.000000e+00 2.928932e-01
    endloop
  endfacet
  facet normal 6.087614e-01 9.124906e-16 -7.933533e-01
    outer loop
      vertex   -2.629289e+01 2.555556e+00 2.928932e-01
      vertex   -2.629289e+01 -3.000000e+00 2.928932e-01
      vertex   -2.650000e+01 2.555556e+00 1.339746e-01
    endloop
  endfacet
  facet normal 6.087614e-01 8.719911e-16 -7.933533e-01
    outer loop
      vertex   -2.650000e+01 2.555556e+00 1.339746e-01
      vertex   -2.629289e+01 -3.000000e+00 2.928932e-01
      vertex   -2.650000e+01 -3.000000e+00 1.339746e-01
    endloop
  endfacet
  facet normal 3.826834e-01 1.015455e-15 -9.238795e-01
    outer loop
      vertex   -2.650000e+01 2.555556e+00 1.339746e-01
      vertex   -2.650000e+01 -3.000000e+00 1.339746e-01
      vertex   -2.674118e+01 2.555556e+00 3.407417e-02
    endloop
  endfacet
  facet normal 3.826834e-01 8.769840e-16 -9.238795e-01
    outer loop
      vertex   -2.674118e+01 2.555556e+00 3.407417e-02
      vertex   -2.650000e+01 -3.000000e+00 1.339746e-01
      vertex   -2.674118e+01 -3.000000e+00 3.407417e-02
    endloop
  endfacet
  facet normal 1.305262e-01 9.411198e-16 -9.914449e-01
    outer loop
      vertex   -2.674118e+01 2.555556e+00 3.407417e-02
      vertex   -2.674118e+01 -3.000000e+00 3.407417e-02
      vertex   -2.700000e+01 -3.000000e+00 1.769696e-13
    endloop
  endfacet
  facet normal 2.927419e-01 8.948361e-04 -9.561911e-01
    outer loop
      vertex   -2.680491e+01 4.641473e+01 1.921472e-02
      vertex   -2.661732e+01 4.585195e+01 7.612047e-02
      vertex   -2.674118e+01 4.144445e+01 3.407417e-02
    endloop
  endfacet
  facet normal 3.826827e-01 -1.941035e-03 -9.238778e-01
    outer loop
      vertex   -2.674118e+01 4.144445e+01 3.407417e-02
      vertex   -2.661732e+01 4.585195e+01 7.612047e-02
      vertex   -2.650000e+01 4.144445e+01 1.339746e-01
    endloop
  endfacet
  facet normal 3.826834e-01 -1.435345e-17 -9.238795e-01
    outer loop
      vertex   -2.674118e+01 4.144445e+01 3.407417e-02
      vertex   -2.650000e+01 4.144445e+01 1.339746e-01
      vertex   -2.650000e+01 3.588889e+01 1.339746e-01
    endloop
  endfacet
  facet normal 6.087614e-01 -1.911161e-16 -7.933533e-01
    outer loop
      vertex   -2.650000e+01 3.588889e+01 1.339746e-01
      vertex   -2.650000e+01 4.144445e+01 1.339746e-01
      vertex   -2.629289e+01 3.588889e+01 2.928932e-01
    endloop
  endfacet
  facet normal 6.087614e-01 0.000000e+00 -7.933533e-01
    outer loop
      vertex   -2.650000e+01 3.588889e+01 1.339746e-01
      vertex   -2.629289e+01 3.588889e+01 2.928932e-01
      vertex   -2.629289e+01 3.033333e+01 2.928932e-01
    endloop
  endfacet
  facet normal 7.933533e-01 0.000000e+00 -6.087614e-01
    outer loop
      vertex   -2.629289e+01 3.033333e+01 2.928932e-01
      vertex   -2.629289e+01 3.588889e+01 2.928932e-01
      vertex   -2.613397e+01 3.033333e+01 5.000000e-01
    endloop
  endfacet
  facet normal 7.933533e-01 0.000000e+00 -6.087614e-01
    outer loop
      vertex   -2.629289e+01 3.033333e+01 2.928932e-01
      vertex   -2.613397e+01 3.033333e+01 5.000000e-01
      vertex   -2.613397e+01 2.477778e+01 5.000000e-01
    endloop
  endfacet
  facet normal 9.238795e-01 -2.696131e-16 -3.826834e-01
    outer loop
      vertex   -2.613397e+01 2.477778e+01 5.000000e-01
      vertex   -2.613397e+01 3.033333e+01 5.000000e-01
      vertex   -2.603407e+01 2.477778e+01 7.411810e-01
    endloop
  endfacet
  facet normal 9.238795e-01 4.593104e-16 -3.826834e-01
    outer loop
      vertex   -2.613397e+01 2.477778e+01 5.000000e-01
      vertex   -2.603407e+01 2.477778e+01 7.411810e-01
      vertex   -2.603407e+01 1.922222e+01 7.411810e-01
    endloop
  endfacet
  facet normal 9.914449e-01 1.565062e-16 -1.305262e-01
    outer loop
      vertex   -2.603407e+01 1.922222e+01 7.411810e-01
      vertex   -2.603407e+01 2.477778e+01 7.411810e-01
      vertex   -2.600000e+01 -3.000000e+00 1.000000e+00
    endloop
  endfacet
  facet normal 9.914449e-01 -1.108920e-15 -1.305262e-01
    outer loop
      vertex   -2.603407e+01 1.922222e+01 7.411810e-01
      vertex   -2.600000e+01 -3.000000e+00 1.000000e+00
      vertex   -2.603407e+01 1.366667e+01 7.411810e-01
    endloop
  endfacet
  facet normal 4.738534e-01 1.053731e-03 -8.806031e-01
    outer loop
      vertex   -2.661732e+01 4.585195e+01 7.612047e-02
      vertex   -2.644443e+01 4.533329e+01 1.685304e-01
      vertex   -2.650000e+01 4.144445e+01 1.339746e-01
    endloop
  endfacet
  facet normal 6.087606e-01 -1.649347e-03 -7.933523e-01
    outer loop
      vertex   -2.650000e+01 4.144445e+01 1.339746e-01
      vertex   -2.644443e+01 4.533329e+01 1.685304e-01
      vertex   -2.629289e+01 4.144445e+01 2.928932e-01
    endloop
  endfacet
  facet normal 6.087614e-01 -2.392242e-17 -7.933533e-01
    outer loop
      vertex   -2.650000e+01 4.144445e+01 1.339746e-01
      vertex   -2.629289e+01 4.144445e+01 2.928932e-01
      vertex   -2.629289e+01 3.588889e+01 2.928932e-01
    endloop
  endfacet
  facet normal 7.933533e-01 -1.824825e-17 -6.087614e-01
    outer loop
      vertex   -2.629289e+01 3.588889e+01 2.928932e-01
      vertex   -2.629289e+01 4.144445e+01 2.928932e-01
      vertex   -2.613397e+01 3.588889e+01 5.000000e-01
    endloop
  endfacet
  facet normal 7.933533e-01 5.119398e-16 -6.087614e-01
    outer loop
      vertex   -2.629289e+01 3.588889e+01 2.928932e-01
      vertex   -2.613397e+01 3.588889e+01 5.000000e-01
      vertex   -2.613397e+01 3.033333e+01 5.000000e-01
    endloop
  endfacet
  facet normal 9.238795e-01 3.211971e-16 -3.826834e-01
    outer loop
      vertex   -2.613397e+01 3.033333e+01 5.000000e-01
      vertex   -2.613397e+01 3.588889e+01 5.000000e-01
      vertex   -2.603407e+01 3.033333e+01 7.411810e-01
    endloop
  endfacet
  facet normal 9.238795e-01 -1.315733e-16 -3.826834e-01
    outer loop
      vertex   -2.613397e+01 3.033333e+01 5.000000e-01
      vertex   -2.603407e+01 3.033333e+01 7.411810e-01
      vertex   -2.603407e+01 2.477778e+01 7.411810e-01
    endloop
  endfacet
  facet normal 9.838460e-01 -4.145096e-16 -1.790169e-01
    outer loop
      vertex   -2.603407e+01 2.477778e+01 7.411810e-01
      vertex   -2.603407e+01 3.033333e+01 7.411810e-01
      vertex   -2.600482e+01 4.401445e+01 9.019829e-01
    endloop
  endfacet
  facet normal 9.881337e-01 -2.190162e-04 -1.535962e-01
    outer loop
      vertex   -2.603407e+01 2.477778e+01 7.411810e-01
      vertex   -2.600482e+01 4.401445e+01 9.019829e-01
      vertex   -2.600000e+01 -3.000000e+00 1.000000e+00
    endloop
  endfacet
  facet normal 9.972896e-01 -5.124960e-05 -7.357584e-02
    outer loop
      vertex   -2.600000e+01 -3.000000e+00 1.000000e+00
      vertex   -2.600482e+01 4.401445e+01 9.019829e-01
      vertex   -2.600120e+01 4.400361e+01 9.509323e-01
    endloop
  endfacet
  facet normal 9.996988e-01 -1.122044e-16 -2.454123e-02
    outer loop
      vertex   -2.600000e+01 -3.000000e+00 1.000000e+00
      vertex   -2.600120e+01 4.400361e+01 9.509323e-01
      vertex   -2.600000e+01 4.400000e+01 1.000000e+00
    endloop
  endfacet
  facet normal 6.343933e-01 1.288363e-16 -7.730105e-01
    outer loop
      vertex   -2.644443e+01 4.533329e+01 1.685304e-01
      vertex   -2.629289e+01 4.487868e+01 2.928932e-01
      vertex   -2.629289e+01 4.144445e+01 2.928932e-01
    endloop
  endfacet
  facet normal 7.730105e-01 1.025436e-16 -6.343933e-01
    outer loop
      vertex   -2.629289e+01 4.144445e+01 2.928932e-01
      vertex   -2.629289e+01 4.487868e+01 2.928932e-01
      vertex   -2.616853e+01 4.450559e+01 4.444298e-01
    endloop
  endfacet
  facet normal 7.933516e-01 -2.095309e-03 -6.087601e-01
    outer loop
      vertex   -2.629289e+01 4.144445e+01 2.928932e-01
      vertex   -2.616853e+01 4.450559e+01 4.444298e-01
      vertex   -2.613397e+01 4.144445e+01 5.000000e-01
    endloop
  endfacet
  facet normal 8.828796e-01 1.441607e-03 -4.695973e-01
    outer loop
      vertex   -2.613397e+01 4.144445e+01 5.000000e-01
      vertex   -2.616853e+01 4.450559e+01 4.444298e-01
      vertex   -2.607612e+01 4.422836e+01 6.173166e-01
    endloop
  endfacet
  facet normal 9.238752e-01 -3.073044e-03 -3.826816e-01
    outer loop
      vertex   -2.613397e+01 4.144445e+01 5.000000e-01
      vertex   -2.607612e+01 4.422836e+01 6.173166e-01
      vertex   -2.603407e+01 4.144445e+01 7.411810e-01
    endloop
  endfacet
  facet normal 9.412686e-01 -8.071007e-04 -3.376577e-01
    outer loop
      vertex   -2.603407e+01 4.144445e+01 7.411810e-01
      vertex   -2.607612e+01 4.422836e+01 6.173166e-01
      vertex   -2.604306e+01 4.412918e+01 7.097153e-01
    endloop
  endfacet
  facet normal 9.701024e-01 4.023766e-04 -2.426956e-01
    outer loop
      vertex   -2.603407e+01 4.144445e+01 7.411810e-01
      vertex   -2.604306e+01 4.412918e+01 7.097153e-01
      vertex   -2.601921e+01 4.405764e+01 8.049097e-01
    endloop
  endfacet
  facet normal 9.890434e-01 -2.024167e-03 -1.476115e-01
    outer loop
      vertex   -2.601921e+01 4.405764e+01 8.049097e-01
      vertex   -2.600482e+01 4.401445e+01 9.019829e-01
      vertex   -2.603407e+01 4.144445e+01 7.411810e-01
    endloop
  endfacet
  facet normal 9.838460e-01 2.146485e-16 -1.790169e-01
    outer loop
      vertex   -2.603407e+01 4.144445e+01 7.411810e-01
      vertex   -2.600482e+01 4.401445e+01 9.019829e-01
      vertex   -2.603407e+01 3.588889e+01 7.411810e-01
    endloop
  endfacet
  facet normal 9.238795e-01 4.588531e-16 -3.826834e-01
    outer loop
      vertex   -2.603407e+01 4.144445e+01 7.411810e-01
      vertex   -2.603407e+01 3.588889e+01 7.411810e-01
      vertex   -2.613397e+01 4.144445e+01 5.000000e-01
    endloop
  endfacet
  facet normal 9.238795e-01 -2.619656e-16 -3.826834e-01
    outer loop
      vertex   -2.613397e+01 4.144445e+01 5.000000e-01
      vertex   -2.603407e+01 3.588889e+01 7.411810e-01
      vertex   -2.613397e+01 3.588889e+01 5.000000e-01
    endloop
  endfacet
  facet normal 7.933533e-01 1.577607e-17 -6.087614e-01
    outer loop
      vertex   -2.613397e+01 4.144445e+01 5.000000e-01
      vertex   -2.613397e+01 3.588889e+01 5.000000e-01
      vertex   -2.629289e+01 4.144445e+01 2.928932e-01
    endloop
  endfacet
  facet normal 1.305262e-01 -1.395719e-15 -9.914449e-01
    outer loop
      vertex   -2.700000e+01 4.700000e+01 1.065814e-13
      vertex   -2.674118e+01 1.922222e+01 3.407417e-02
      vertex   -2.700000e+01 -3.000000e+00 1.769696e-13
    endloop
  endfacet
  facet normal 1.305262e-01 7.415950e-17 -9.914449e-01
    outer loop
      vertex   -2.700000e+01 -3.000000e+00 1.769696e-13
      vertex   -2.674118e+01 1.922222e+01 3.407417e-02
      vertex   -2.674118e+01 1.366667e+01 3.407417e-02
    endloop
  endfacet
  facet normal 1.305262e-01 -3.349139e-17 -9.914449e-01
    outer loop
      vertex   -2.700000e+01 -3.000000e+00 1.769696e-13
      vertex   -2.674118e+01 1.366667e+01 3.407417e-02
      vertex   -2.674118e+01 8.111111e+00 3.407417e-02
    endloop
  endfacet
  facet normal 3.826834e-01 -1.985646e-16 -9.238795e-01
    outer loop
      vertex   -2.674118e+01 8.111111e+00 3.407417e-02
      vertex   -2.674118e+01 1.366667e+01 3.407417e-02
      vertex   -2.650000e+01 8.111111e+00 1.339746e-01
    endloop
  endfacet
  facet normal 3.826834e-01 2.296552e-16 -9.238795e-01
    outer loop
      vertex   -2.674118e+01 8.111111e+00 3.407417e-02
      vertex   -2.650000e+01 8.111111e+00 1.339746e-01
      vertex   -2.650000e+01 2.555556e+00 1.339746e-01
    endloop
  endfacet
  facet normal 6.087614e-01 1.981798e-16 -7.933533e-01
    outer loop
      vertex   -2.650000e+01 2.555556e+00 1.339746e-01
      vertex   -2.650000e+01 8.111111e+00 1.339746e-01
      vertex   -2.629289e+01 2.555556e+00 2.928932e-01
    endloop
  endfacet
  facet normal 3.826834e-01 2.077067e-16 -9.238795e-01
    outer loop
      vertex   -2.650000e+01 3.033333e+01 1.339746e-01
      vertex   -2.674118e+01 3.588889e+01 3.407417e-02
      vertex   -2.650000e+01 3.588889e+01 1.339746e-01
    endloop
  endfacet
  facet normal 3.826834e-01 4.784484e-17 -9.238795e-01
    outer loop
      vertex   -2.650000e+01 3.588889e+01 1.339746e-01
      vertex   -2.674118e+01 3.588889e+01 3.407417e-02
      vertex   -2.674118e+01 4.144445e+01 3.407417e-02
    endloop
  endfacet
  facet normal 1.305262e-01 7.429893e-17 -9.914449e-01
    outer loop
      vertex   -2.674118e+01 1.922222e+01 3.407417e-02
      vertex   -2.700000e+01 4.700000e+01 1.065814e-13
      vertex   -2.674118e+01 2.477778e+01 3.407417e-02
    endloop
  endfacet
  facet normal 1.305262e-01 -1.174074e-16 -9.914449e-01
    outer loop
      vertex   -2.674118e+01 2.477778e+01 3.407417e-02
      vertex   -2.700000e+01 4.700000e+01 1.065814e-13
      vertex   -2.674118e+01 3.033333e+01 3.407417e-02
    endloop
  endfacet
  facet normal 3.826834e-01 -4.432862e-16 -9.238795e-01
    outer loop
      vertex   -2.674118e+01 2.477778e+01 3.407417e-02
      vertex   -2.674118e+01 3.033333e+01 3.407417e-02
      vertex   -2.650000e+01 2.477778e+01 1.339746e-01
    endloop
  endfacet
  facet normal 3.826834e-01 6.923558e-17 -9.238795e-01
    outer loop
      vertex   -2.674118e+01 1.922222e+01 3.407417e-02
      vertex   -2.674118e+01 2.477778e+01 3.407417e-02
      vertex   -2.650000e+01 1.922222e+01 1.339746e-01
    endloop
  endfacet
  facet normal 3.826834e-01 -1.393637e-17 -9.238795e-01
    outer loop
      vertex   -2.650000e+01 1.922222e+01 1.339746e-01
      vertex   -2.674118e+01 2.477778e+01 3.407417e-02
      vertex   -2.650000e+01 2.477778e+01 1.339746e-01
    endloop
  endfacet
  facet normal 6.087614e-01 -1.911161e-16 -7.933533e-01
    outer loop
      vertex   -2.650000e+01 1.922222e+01 1.339746e-01
      vertex   -2.650000e+01 2.477778e+01 1.339746e-01
      vertex   -2.629289e+01 1.922222e+01 2.928932e-01
    endloop
  endfacet
  facet normal 1.305262e-01 9.906524e-17 -9.914449e-01
    outer loop
      vertex   -2.674118e+01 2.555556e+00 3.407417e-02
      vertex   -2.700000e+01 -3.000000e+00 1.769696e-13
      vertex   -2.674118e+01 8.111111e+00 3.407417e-02
    endloop
  endfacet
  facet normal 3.826834e-01 6.923558e-17 -9.238795e-01
    outer loop
      vertex   -2.674118e+01 1.366667e+01 3.407417e-02
      vertex   -2.674118e+01 1.922222e+01 3.407417e-02
      vertex   -2.650000e+01 1.366667e+01 1.339746e-01
    endloop
  endfacet
  facet normal 3.826834e-01 2.077067e-16 -9.238795e-01
    outer loop
      vertex   -2.650000e+01 1.366667e+01 1.339746e-01
      vertex   -2.674118e+01 1.922222e+01 3.407417e-02
      vertex   -2.650000e+01 1.922222e+01 1.339746e-01
    endloop
  endfacet
  facet normal 6.087614e-01 1.783618e-16 -7.933533e-01
    outer loop
      vertex   -2.650000e+01 1.366667e+01 1.339746e-01
      vertex   -2.650000e+01 1.922222e+01 1.339746e-01
      vertex   -2.629289e+01 1.366667e+01 2.928932e-01
    endloop
  endfacet
  facet normal 6.087614e-01 -2.378158e-17 -7.933533e-01
    outer loop
      vertex   -2.629289e+01 1.366667e+01 2.928932e-01
      vertex   -2.650000e+01 1.922222e+01 1.339746e-01
      vertex   -2.629289e+01 1.922222e+01 2.928932e-01
    endloop
  endfacet
  facet normal 7.933533e-01 -1.824825e-17 -6.087614e-01
    outer loop
      vertex   -2.629289e+01 1.366667e+01 2.928932e-01
      vertex   -2.629289e+01 1.922222e+01 2.928932e-01
      vertex   -2.613397e+01 1.366667e+01 5.000000e-01
    endloop
  endfacet
  facet normal 3.826834e-01 9.090519e-17 -9.238795e-01
    outer loop
      vertex   -2.650000e+01 2.555556e+00 1.339746e-01
      vertex   -2.674118e+01 2.555556e+00 3.407417e-02
      vertex   -2.674118e+01 8.111111e+00 3.407417e-02
    endloop
  endfacet
  facet normal 6.087614e-01 0.000000e+00 -7.933533e-01
    outer loop
      vertex   -2.629289e+01 2.477778e+01 2.928932e-01
      vertex   -2.650000e+01 3.033333e+01 1.339746e-01
      vertex   -2.629289e+01 3.033333e+01 2.928932e-01
    endloop
  endfacet
  facet normal 6.087614e-01 1.770259e-16 -7.933533e-01
    outer loop
      vertex   -2.629289e+01 3.033333e+01 2.928932e-01
      vertex   -2.650000e+01 3.033333e+01 1.339746e-01
      vertex   -2.650000e+01 3.588889e+01 1.339746e-01
    endloop
  endfacet
  facet normal 3.826834e-01 -1.435345e-17 -9.238795e-01
    outer loop
      vertex   -2.674118e+01 1.366667e+01 3.407417e-02
      vertex   -2.650000e+01 1.366667e+01 1.339746e-01
      vertex   -2.650000e+01 8.111111e+00 1.339746e-01
    endloop
  endfacet
  facet normal 6.087614e-01 -1.911161e-16 -7.933533e-01
    outer loop
      vertex   -2.650000e+01 8.111111e+00 1.339746e-01
      vertex   -2.650000e+01 1.366667e+01 1.339746e-01
      vertex   -2.629289e+01 8.111111e+00 2.928932e-01
    endloop
  endfacet
  facet normal 6.087614e-01 0.000000e+00 -7.933533e-01
    outer loop
      vertex   -2.650000e+01 8.111111e+00 1.339746e-01
      vertex   -2.629289e+01 8.111111e+00 2.928932e-01
      vertex   -2.629289e+01 2.555556e+00 2.928932e-01
    endloop
  endfacet
  facet normal 7.933533e-01 0.000000e+00 -6.087614e-01
    outer loop
      vertex   -2.629289e+01 2.555556e+00 2.928932e-01
      vertex   -2.629289e+01 8.111111e+00 2.928932e-01
      vertex   -2.613397e+01 2.555556e+00 5.000000e-01
    endloop
  endfacet
  facet normal 6.087614e-01 0.000000e+00 -7.933533e-01
    outer loop
      vertex   -2.629289e+01 8.111111e+00 2.928932e-01
      vertex   -2.650000e+01 1.366667e+01 1.339746e-01
      vertex   -2.629289e+01 1.366667e+01 2.928932e-01
    endloop
  endfacet
  facet normal 7.933533e-01 5.231164e-16 -6.087614e-01
    outer loop
      vertex   -2.613397e+01 1.922222e+01 5.000000e-01
      vertex   -2.629289e+01 2.477778e+01 2.928932e-01
      vertex   -2.613397e+01 2.477778e+01 5.000000e-01
    endloop
  endfacet
  facet normal 7.933533e-01 0.000000e+00 -6.087614e-01
    outer loop
      vertex   -2.613397e+01 2.477778e+01 5.000000e-01
      vertex   -2.629289e+01 2.477778e+01 2.928932e-01
      vertex   -2.629289e+01 3.033333e+01 2.928932e-01
    endloop
  endfacet
  facet normal 7.933533e-01 0.000000e+00 -6.087614e-01
    outer loop
      vertex   -2.629289e+01 8.111111e+00 2.928932e-01
      vertex   -2.629289e+01 1.366667e+01 2.928932e-01
      vertex   -2.613397e+01 8.111111e+00 5.000000e-01
    endloop
  endfacet
  facet normal 7.933533e-01 3.610574e-18 -6.087614e-01
    outer loop
      vertex   -2.613397e+01 8.111111e+00 5.000000e-01
      vertex   -2.629289e+01 1.366667e+01 2.928932e-01
      vertex   -2.613397e+01 1.366667e+01 5.000000e-01
    endloop
  endfacet
  facet normal 9.238795e-01 -2.696131e-16 -3.826834e-01
    outer loop
      vertex   -2.613397e+01 8.111111e+00 5.000000e-01
      vertex   -2.613397e+01 1.366667e+01 5.000000e-01
      vertex   -2.603407e+01 8.111111e+00 7.411810e-01
    endloop
  endfacet
  facet normal 9.238795e-01 4.741482e-16 -3.826834e-01
    outer loop
      vertex   -2.603407e+01 3.033333e+01 7.411810e-01
      vertex   -2.613397e+01 3.588889e+01 5.000000e-01
      vertex   -2.603407e+01 3.588889e+01 7.411810e-01
    endloop
  endfacet
  facet normal 9.238795e-01 -7.151200e-16 -3.826834e-01
    outer loop
      vertex   -2.603407e+01 1.366667e+01 7.411810e-01
      vertex   -2.613397e+01 1.922222e+01 5.000000e-01
      vertex   -2.603407e+01 1.922222e+01 7.411810e-01
    endloop
  endfacet
  facet normal 9.238795e-01 3.301294e-16 -3.826834e-01
    outer loop
      vertex   -2.603407e+01 1.922222e+01 7.411810e-01
      vertex   -2.613397e+01 1.922222e+01 5.000000e-01
      vertex   -2.613397e+01 2.477778e+01 5.000000e-01
    endloop
  endfacet
  facet normal 9.238795e-01 3.444828e-16 -3.826834e-01
    outer loop
      vertex   -2.603407e+01 2.555556e+00 7.411810e-01
      vertex   -2.613397e+01 2.555556e+00 5.000000e-01
      vertex   -2.613397e+01 8.111111e+00 5.000000e-01
    endloop
  endfacet
  facet normal 7.933533e-01 5.474474e-16 -6.087614e-01
    outer loop
      vertex   -2.613397e+01 8.111111e+00 5.000000e-01
      vertex   -2.613397e+01 2.555556e+00 5.000000e-01
      vertex   -2.629289e+01 8.111111e+00 2.928932e-01
    endloop
  endfacet
  facet normal 9.238795e-01 4.588531e-16 -3.826834e-01
    outer loop
      vertex   -2.603407e+01 2.555556e+00 7.411810e-01
      vertex   -2.613397e+01 8.111111e+00 5.000000e-01
      vertex   -2.603407e+01 8.111111e+00 7.411810e-01
    endloop
  endfacet
  facet normal 9.838460e-01 2.216137e-16 -1.790169e-01
    outer loop
      vertex   -2.600482e+01 4.401445e+01 9.019829e-01
      vertex   -2.603407e+01 3.033333e+01 7.411810e-01
      vertex   -2.603407e+01 3.588889e+01 7.411810e-01
    endloop
  endfacet
  facet normal 9.914449e-01 -1.348973e-15 1.305262e-01
    outer loop
      vertex   -2.603407e+01 4.400000e+01 1.925882e+01
      vertex   -2.603407e+01 3.877778e+01 1.925882e+01
      vertex   -2.600000e+01 4.400000e+01 1.900000e+01
    endloop
  endfacet
  facet normal 9.914449e-01 0.000000e+00 1.305262e-01
    outer loop
      vertex   -2.600000e+01 4.400000e+01 1.900000e+01
      vertex   -2.603407e+01 3.877778e+01 1.925882e+01
      vertex   -2.603407e+01 3.355556e+01 1.925882e+01
    endloop
  endfacet
  facet normal 9.914449e-01 0.000000e+00 1.305262e-01
    outer loop
      vertex   -2.600000e+01 4.400000e+01 1.900000e+01
      vertex   -2.603407e+01 3.355556e+01 1.925882e+01
      vertex   -2.603407e+01 2.833333e+01 1.925882e+01
    endloop
  endfacet
  facet normal 9.238795e-01 -0.000000e+00 3.826834e-01
    outer loop
      vertex   -2.603407e+01 2.833333e+01 1.925882e+01
      vertex   -2.603407e+01 3.355556e+01 1.925882e+01
      vertex   -2.613397e+01 2.833333e+01 1.950000e+01
    endloop
  endfacet
  facet normal 9.238795e-01 0.000000e+00 3.826834e-01
    outer loop
      vertex   -2.603407e+01 2.833333e+01 1.925882e+01
      vertex   -2.613397e+01 2.833333e+01 1.950000e+01
      vertex   -2.613397e+01 2.311111e+01 1.950000e+01
    endloop
  endfacet
  facet normal 7.933533e-01 -0.000000e+00 6.087614e-01
    outer loop
      vertex   -2.613397e+01 2.311111e+01 1.950000e+01
      vertex   -2.613397e+01 2.833333e+01 1.950000e+01
      vertex   -2.629289e+01 2.311111e+01 1.970711e+01
    endloop
  endfacet
  facet normal 7.933533e-01 0.000000e+00 6.087614e-01
    outer loop
      vertex   -2.613397e+01 2.311111e+01 1.950000e+01
      vertex   -2.629289e+01 2.311111e+01 1.970711e+01
      vertex   -2.629289e+01 1.788889e+01 1.970711e+01
    endloop
  endfacet
  facet normal 6.087614e-01 -0.000000e+00 7.933533e-01
    outer loop
      vertex   -2.629289e+01 1.788889e+01 1.970711e+01
      vertex   -2.629289e+01 2.311111e+01 1.970711e+01
      vertex   -2.650000e+01 1.788889e+01 1.986603e+01
    endloop
  endfacet
  facet normal 6.087614e-01 0.000000e+00 7.933533e-01
    outer loop
      vertex   -2.629289e+01 1.788889e+01 1.970711e+01
      vertex   -2.650000e+01 1.788889e+01 1.986603e+01
      vertex   -2.650000e+01 1.266667e+01 1.986603e+01
    endloop
  endfacet
  facet normal 3.826834e-01 -0.000000e+00 9.238795e-01
    outer loop
      vertex   -2.650000e+01 1.266667e+01 1.986603e+01
      vertex   -2.650000e+01 1.788889e+01 1.986603e+01
      vertex   -2.674118e+01 1.266667e+01 1.996593e+01
    endloop
  endfacet
  facet normal 3.826834e-01 0.000000e+00 9.238795e-01
    outer loop
      vertex   -2.650000e+01 1.266667e+01 1.986603e+01
      vertex   -2.674118e+01 1.266667e+01 1.996593e+01
      vertex   -2.674118e+01 7.444445e+00 1.996593e+01
    endloop
  endfacet
  facet normal 1.305262e-01 -0.000000e+00 9.914449e-01
    outer loop
      vertex   -2.674118e+01 7.444445e+00 1.996593e+01
      vertex   -2.674118e+01 1.266667e+01 1.996593e+01
      vertex   -2.700000e+01 -3.000000e+00 2.000000e+01
    endloop
  endfacet
  facet normal 1.305262e-01 0.000000e+00 9.914449e-01
    outer loop
      vertex   -2.674118e+01 7.444445e+00 1.996593e+01
      vertex   -2.700000e+01 -3.000000e+00 2.000000e+01
      vertex   -2.674118e+01 2.222222e+00 1.996593e+01
    endloop
  endfacet
  facet normal 1.305262e-01 0.000000e+00 9.914449e-01
    outer loop
      vertex   -2.674118e+01 2.222222e+00 1.996593e+01
      vertex   -2.700000e+01 -3.000000e+00 2.000000e+01
      vertex   -2.674118e+01 -3.000000e+00 1.996593e+01
    endloop
  endfacet
  facet normal 3.826834e-01 0.000000e+00 9.238795e-01
    outer loop
      vertex   -2.674118e+01 2.222222e+00 1.996593e+01
      vertex   -2.674118e+01 -3.000000e+00 1.996593e+01
      vertex   -2.650000e+01 2.222222e+00 1.986603e+01
    endloop
  endfacet
  facet normal 3.826834e-01 0.000000e+00 9.238795e-01
    outer loop
      vertex   -2.650000e+01 2.222222e+00 1.986603e+01
      vertex   -2.674118e+01 -3.000000e+00 1.996593e+01
      vertex   -2.650000e+01 -3.000000e+00 1.986603e+01
    endloop
  endfacet
  facet normal 6.087614e-01 0.000000e+00 7.933533e-01
    outer loop
      vertex   -2.650000e+01 2.222222e+00 1.986603e+01
      vertex   -2.650000e+01 -3.000000e+00 1.986603e+01
      vertex   -2.629289e+01 2.222222e+00 1.970711e+01
    endloop
  endfacet
  facet normal 6.087614e-01 0.000000e+00 7.933533e-01
    outer loop
      vertex   -2.629289e+01 2.222222e+00 1.970711e+01
      vertex   -2.650000e+01 -3.000000e+00 1.986603e+01
      vertex   -2.629289e+01 -3.000000e+00 1.970711e+01
    endloop
  endfacet
  facet normal 7.933533e-01 0.000000e+00 6.087614e-01
    outer loop
      vertex   -2.629289e+01 2.222222e+00 1.970711e+01
      vertex   -2.629289e+01 -3.000000e+00 1.970711e+01
      vertex   -2.613397e+01 2.222222e+00 1.950000e+01
    endloop
  endfacet
  facet normal 7.933533e-01 0.000000e+00 6.087614e-01
    outer loop
      vertex   -2.613397e+01 2.222222e+00 1.950000e+01
      vertex   -2.629289e+01 -3.000000e+00 1.970711e+01
      vertex   -2.613397e+01 -3.000000e+00 1.950000e+01
    endloop
  endfacet
  facet normal 9.238795e-01 0.000000e+00 3.826834e-01
    outer loop
      vertex   -2.613397e+01 2.222222e+00 1.950000e+01
      vertex   -2.613397e+01 -3.000000e+00 1.950000e+01
      vertex   -2.603407e+01 2.222222e+00 1.925882e+01
    endloop
  endfacet
  facet normal 9.238795e-01 0.000000e+00 3.826834e-01
    outer loop
      vertex   -2.603407e+01 2.222222e+00 1.925882e+01
      vertex   -2.613397e+01 -3.000000e+00 1.950000e+01
      vertex   -2.603407e+01 -3.000000e+00 1.925882e+01
    endloop
  endfacet
  facet normal 9.914449e-01 0.000000e+00 1.305262e-01
    outer loop
      vertex   -2.603407e+01 2.222222e+00 1.925882e+01
      vertex   -2.603407e+01 -3.000000e+00 1.925882e+01
      vertex   -2.600000e+01 -3.000000e+00 1.900000e+01
    endloop
  endfacet
  facet normal 9.238795e-01 -1.257043e-15 3.826834e-01
    outer loop
      vertex   -2.603407e+01 3.877778e+01 1.925882e+01
      vertex   -2.603407e+01 4.400000e+01 1.925882e+01
      vertex   -2.613397e+01 3.877778e+01 1.950000e+01
    endloop
  endfacet
  facet normal 9.238795e-01 -0.000000e+00 3.826834e-01
    outer loop
      vertex   -2.613397e+01 3.877778e+01 1.950000e+01
      vertex   -2.603407e+01 4.400000e+01 1.925882e+01
      vertex   -2.613397e+01 4.400000e+01 1.950000e+01
    endloop
  endfacet
  facet normal 7.933533e-01 -0.000000e+00 6.087614e-01
    outer loop
      vertex   -2.613397e+01 3.877778e+01 1.950000e+01
      vertex   -2.613397e+01 4.400000e+01 1.950000e+01
      vertex   -2.629289e+01 3.877778e+01 1.970711e+01
    endloop
  endfacet
  facet normal 7.933533e-01 -0.000000e+00 6.087614e-01
    outer loop
      vertex   -2.629289e+01 3.877778e+01 1.970711e+01
      vertex   -2.613397e+01 4.400000e+01 1.950000e+01
      vertex   -2.629289e+01 4.400000e+01 1.970711e+01
    endloop
  endfacet
  facet normal 6.087614e-01 -0.000000e+00 7.933533e-01
    outer loop
      vertex   -2.629289e+01 3.877778e+01 1.970711e+01
      vertex   -2.629289e+01 4.400000e+01 1.970711e+01
      vertex   -2.650000e+01 3.877778e+01 1.986603e+01
    endloop
  endfacet
  facet normal 6.087614e-01 -0.000000e+00 7.933533e-01
    outer loop
      vertex   -2.650000e+01 3.877778e+01 1.986603e+01
      vertex   -2.629289e+01 4.400000e+01 1.970711e+01
      vertex   -2.650000e+01 4.400000e+01 1.986603e+01
    endloop
  endfacet
  facet normal 3.826834e-01 -0.000000e+00 9.238795e-01
    outer loop
      vertex   -2.650000e+01 3.877778e+01 1.986603e+01
      vertex   -2.650000e+01 4.400000e+01 1.986603e+01
      vertex   -2.674118e+01 3.877778e+01 1.996593e+01
    endloop
  endfacet
  facet normal 3.826834e-01 -0.000000e+00 9.238795e-01
    outer loop
      vertex   -2.674118e+01 3.877778e+01 1.996593e+01
      vertex   -2.650000e+01 4.400000e+01 1.986603e+01
      vertex   -2.674118e+01 4.400000e+01 1.996593e+01
    endloop
  endfacet
  facet normal 1.305262e-01 -0.000000e+00 9.914449e-01
    outer loop
      vertex   -2.674118e+01 3.877778e+01 1.996593e+01
      vertex   -2.674118e+01 4.400000e+01 1.996593e+01
      vertex   -2.700000e+01 4.400000e+01 2.000000e+01
    endloop
  endfacet
  facet normal 1.305262e-01 -0.000000e+00 9.914449e-01
    outer loop
      vertex   -2.700000e+01 -3.000000e+00 2.000000e+01
      vertex   -2.674118e+01 2.311111e+01 1.996593e+01
      vertex   -2.700000e+01 4.400000e+01 2.000000e+01
    endloop
  endfacet
  facet normal 1.305262e-01 0.000000e+00 9.914449e-01
    outer loop
      vertex   -2.700000e+01 4.400000e+01 2.000000e+01
      vertex   -2.674118e+01 2.311111e+01 1.996593e+01
      vertex   -2.674118e+01 2.833333e+01 1.996593e+01
    endloop
  endfacet
  facet normal 1.305262e-01 0.000000e+00 9.914449e-01
    outer loop
      vertex   -2.700000e+01 4.400000e+01 2.000000e+01
      vertex   -2.674118e+01 2.833333e+01 1.996593e+01
      vertex   -2.674118e+01 3.355556e+01 1.996593e+01
    endloop
  endfacet
  facet normal 3.826834e-01 0.000000e+00 9.238795e-01
    outer loop
      vertex   -2.674118e+01 3.355556e+01 1.996593e+01
      vertex   -2.674118e+01 2.833333e+01 1.996593e+01
      vertex   -2.650000e+01 3.355556e+01 1.986603e+01
    endloop
  endfacet
  facet normal 3.826834e-01 0.000000e+00 9.238795e-01
    outer loop
      vertex   -2.674118e+01 3.355556e+01 1.996593e+01
      vertex   -2.650000e+01 3.355556e+01 1.986603e+01
      vertex   -2.650000e+01 3.877778e+01 1.986603e+01
    endloop
  endfacet
  facet normal 6.087614e-01 0.000000e+00 7.933533e-01
    outer loop
      vertex   -2.650000e+01 3.877778e+01 1.986603e+01
      vertex   -2.650000e+01 3.355556e+01 1.986603e+01
      vertex   -2.629289e+01 3.877778e+01 1.970711e+01
    endloop
  endfacet
  facet normal 9.914449e-01 0.000000e+00 1.305262e-01
    outer loop
      vertex   -2.600000e+01 4.400000e+01 1.900000e+01
      vertex   -2.603407e+01 1.788889e+01 1.925882e+01
      vertex   -2.600000e+01 -3.000000e+00 1.900000e+01
    endloop
  endfacet
  facet normal 9.914449e-01 0.000000e+00 1.305262e-01
    outer loop
      vertex   -2.600000e+01 -3.000000e+00 1.900000e+01
      vertex   -2.603407e+01 1.788889e+01 1.925882e+01
      vertex   -2.603407e+01 1.266667e+01 1.925882e+01
    endloop
  endfacet
  facet normal 9.914449e-01 0.000000e+00 1.305262e-01
    outer loop
      vertex   -2.600000e+01 -3.000000e+00 1.900000e+01
      vertex   -2.603407e+01 1.266667e+01 1.925882e+01
      vertex   -2.603407e+01 7.444445e+00 1.925882e+01
    endloop
  endfacet
  facet normal 9.238795e-01 -0.000000e+00 3.826834e-01
    outer loop
      vertex   -2.603407e+01 7.444445e+00 1.925882e+01
      vertex   -2.603407e+01 1.266667e+01 1.925882e+01
      vertex   -2.613397e+01 7.444445e+00 1.950000e+01
    endloop
  endfacet
  facet normal 9.238795e-01 0.000000e+00 3.826834e-01
    outer loop
      vertex   -2.603407e+01 7.444445e+00 1.925882e+01
      vertex   -2.613397e+01 7.444445e+00 1.950000e+01
      vertex   -2.613397e+01 2.222222e+00 1.950000e+01
    endloop
  endfacet
  facet normal 7.933533e-01 -0.000000e+00 6.087614e-01
    outer loop
      vertex   -2.613397e+01 2.222222e+00 1.950000e+01
      vertex   -2.613397e+01 7.444445e+00 1.950000e+01
      vertex   -2.629289e+01 2.222222e+00 1.970711e+01
    endloop
  endfacet
  facet normal 9.238795e-01 -0.000000e+00 3.826834e-01
    outer loop
      vertex   -2.603407e+01 3.355556e+01 1.925882e+01
      vertex   -2.603407e+01 3.877778e+01 1.925882e+01
      vertex   -2.613397e+01 3.355556e+01 1.950000e+01
    endloop
  endfacet
  facet normal 9.238795e-01 -0.000000e+00 3.826834e-01
    outer loop
      vertex   -2.613397e+01 3.355556e+01 1.950000e+01
      vertex   -2.603407e+01 3.877778e+01 1.925882e+01
      vertex   -2.613397e+01 3.877778e+01 1.950000e+01
    endloop
  endfacet
  facet normal 7.933533e-01 -0.000000e+00 6.087614e-01
    outer loop
      vertex   -2.613397e+01 3.355556e+01 1.950000e+01
      vertex   -2.613397e+01 3.877778e+01 1.950000e+01
      vertex   -2.629289e+01 3.355556e+01 1.970711e+01
    endloop
  endfacet
  facet normal 7.933533e-01 -1.079447e-15 6.087614e-01
    outer loop
      vertex   -2.629289e+01 3.355556e+01 1.970711e+01
      vertex   -2.613397e+01 3.877778e+01 1.950000e+01
      vertex   -2.629289e+01 3.877778e+01 1.970711e+01
    endloop
  endfacet
  facet normal 6.087614e-01 -8.282892e-16 7.933533e-01
    outer loop
      vertex   -2.629289e+01 3.355556e+01 1.970711e+01
      vertex   -2.629289e+01 3.877778e+01 1.970711e+01
      vertex   -2.650000e+01 3.355556e+01 1.986603e+01
    endloop
  endfacet
  facet normal 9.914449e-01 -0.000000e+00 1.305262e-01
    outer loop
      vertex   -2.603407e+01 1.788889e+01 1.925882e+01
      vertex   -2.600000e+01 4.400000e+01 1.900000e+01
      vertex   -2.603407e+01 2.311111e+01 1.925882e+01
    endloop
  endfacet
  facet normal 9.914449e-01 -0.000000e+00 1.305262e-01
    outer loop
      vertex   -2.603407e+01 2.311111e+01 1.925882e+01
      vertex   -2.600000e+01 4.400000e+01 1.900000e+01
      vertex   -2.603407e+01 2.833333e+01 1.925882e+01
    endloop
  endfacet
  facet normal 9.238795e-01 -0.000000e+00 3.826834e-01
    outer loop
      vertex   -2.603407e+01 2.311111e+01 1.925882e+01
      vertex   -2.603407e+01 2.833333e+01 1.925882e+01
      vertex   -2.613397e+01 2.311111e+01 1.950000e+01
    endloop
  endfacet
  facet normal 9.238795e-01 -0.000000e+00 3.826834e-01
    outer loop
      vertex   -2.603407e+01 1.788889e+01 1.925882e+01
      vertex   -2.603407e+01 2.311111e+01 1.925882e+01
      vertex   -2.613397e+01 1.788889e+01 1.950000e+01
    endloop
  endfacet
  facet normal 9.238795e-01 -0.000000e+00 3.826834e-01
    outer loop
      vertex   -2.613397e+01 1.788889e+01 1.950000e+01
      vertex   -2.603407e+01 2.311111e+01 1.925882e+01
      vertex   -2.613397e+01 2.311111e+01 1.950000e+01
    endloop
  endfacet
  facet normal 7.933533e-01 -0.000000e+00 6.087614e-01
    outer loop
      vertex   -2.613397e+01 1.788889e+01 1.950000e+01
      vertex   -2.613397e+01 2.311111e+01 1.950000e+01
      vertex   -2.629289e+01 1.788889e+01 1.970711e+01
    endloop
  endfacet
  facet normal 9.914449e-01 -0.000000e+00 1.305262e-01
    outer loop
      vertex   -2.603407e+01 2.222222e+00 1.925882e+01
      vertex   -2.600000e+01 -3.000000e+00 1.900000e+01
      vertex   -2.603407e+01 7.444445e+00 1.925882e+01
    endloop
  endfacet
  facet normal 9.238795e-01 -0.000000e+00 3.826834e-01
    outer loop
      vertex   -2.603407e+01 1.266667e+01 1.925882e+01
      vertex   -2.603407e+01 1.788889e+01 1.925882e+01
      vertex   -2.613397e+01 1.266667e+01 1.950000e+01
    endloop
  endfacet
  facet normal 9.238795e-01 -0.000000e+00 3.826834e-01
    outer loop
      vertex   -2.613397e+01 1.266667e+01 1.950000e+01
      vertex   -2.603407e+01 1.788889e+01 1.925882e+01
      vertex   -2.613397e+01 1.788889e+01 1.950000e+01
    endloop
  endfacet
  facet normal 7.933533e-01 -0.000000e+00 6.087614e-01
    outer loop
      vertex   -2.613397e+01 1.266667e+01 1.950000e+01
      vertex   -2.613397e+01 1.788889e+01 1.950000e+01
      vertex   -2.629289e+01 1.266667e+01 1.970711e+01
    endloop
  endfacet
  facet normal 7.933533e-01 -0.000000e+00 6.087614e-01
    outer loop
      vertex   -2.629289e+01 1.266667e+01 1.970711e+01
      vertex   -2.613397e+01 1.788889e+01 1.950000e+01
      vertex   -2.629289e+01 1.788889e+01 1.970711e+01
    endloop
  endfacet
  facet normal 6.087614e-01 -0.000000e+00 7.933533e-01
    outer loop
      vertex   -2.629289e+01 1.266667e+01 1.970711e+01
      vertex   -2.629289e+01 1.788889e+01 1.970711e+01
      vertex   -2.650000e+01 1.266667e+01 1.986603e+01
    endloop
  endfacet
  facet normal 9.238795e-01 0.000000e+00 3.826834e-01
    outer loop
      vertex   -2.613397e+01 2.222222e+00 1.950000e+01
      vertex   -2.603407e+01 2.222222e+00 1.925882e+01
      vertex   -2.603407e+01 7.444445e+00 1.925882e+01
    endloop
  endfacet
  facet normal 9.238795e-01 0.000000e+00 3.826834e-01
    outer loop
      vertex   -2.603407e+01 3.355556e+01 1.925882e+01
      vertex   -2.613397e+01 3.355556e+01 1.950000e+01
      vertex   -2.613397e+01 2.833333e+01 1.950000e+01
    endloop
  endfacet
  facet normal 7.933533e-01 -0.000000e+00 6.087614e-01
    outer loop
      vertex   -2.613397e+01 2.833333e+01 1.950000e+01
      vertex   -2.613397e+01 3.355556e+01 1.950000e+01
      vertex   -2.629289e+01 2.833333e+01 1.970711e+01
    endloop
  endfacet
  facet normal 7.933533e-01 0.000000e+00 6.087614e-01
    outer loop
      vertex   -2.613397e+01 2.833333e+01 1.950000e+01
      vertex   -2.629289e+01 2.833333e+01 1.970711e+01
      vertex   -2.629289e+01 2.311111e+01 1.970711e+01
    endloop
  endfacet
  facet normal 6.087614e-01 -0.000000e+00 7.933533e-01
    outer loop
      vertex   -2.629289e+01 2.311111e+01 1.970711e+01
      vertex   -2.629289e+01 2.833333e+01 1.970711e+01
      vertex   -2.650000e+01 2.311111e+01 1.986603e+01
    endloop
  endfacet
  facet normal 6.087614e-01 0.000000e+00 7.933533e-01
    outer loop
      vertex   -2.629289e+01 2.311111e+01 1.970711e+01
      vertex   -2.650000e+01 2.311111e+01 1.986603e+01
      vertex   -2.650000e+01 1.788889e+01 1.986603e+01
    endloop
  endfacet
  facet normal 3.826834e-01 -0.000000e+00 9.238795e-01
    outer loop
      vertex   -2.650000e+01 1.788889e+01 1.986603e+01
      vertex   -2.650000e+01 2.311111e+01 1.986603e+01
      vertex   -2.674118e+01 1.788889e+01 1.996593e+01
    endloop
  endfacet
  facet normal 3.826834e-01 0.000000e+00 9.238795e-01
    outer loop
      vertex   -2.650000e+01 1.788889e+01 1.986603e+01
      vertex   -2.674118e+01 1.788889e+01 1.996593e+01
      vertex   -2.674118e+01 1.266667e+01 1.996593e+01
    endloop
  endfacet
  facet normal 1.305262e-01 -0.000000e+00 9.914449e-01
    outer loop
      vertex   -2.674118e+01 1.266667e+01 1.996593e+01
      vertex   -2.674118e+01 1.788889e+01 1.996593e+01
      vertex   -2.700000e+01 -3.000000e+00 2.000000e+01
    endloop
  endfacet
  facet normal 7.933533e-01 -0.000000e+00 6.087614e-01
    outer loop
      vertex   -2.629289e+01 2.833333e+01 1.970711e+01
      vertex   -2.613397e+01 3.355556e+01 1.950000e+01
      vertex   -2.629289e+01 3.355556e+01 1.970711e+01
    endloop
  endfacet
  facet normal 9.238795e-01 0.000000e+00 3.826834e-01
    outer loop
      vertex   -2.603407e+01 1.266667e+01 1.925882e+01
      vertex   -2.613397e+01 1.266667e+01 1.950000e+01
      vertex   -2.613397e+01 7.444445e+00 1.950000e+01
    endloop
  endfacet
  facet normal 7.933533e-01 -0.000000e+00 6.087614e-01
    outer loop
      vertex   -2.613397e+01 7.444445e+00 1.950000e+01
      vertex   -2.613397e+01 1.266667e+01 1.950000e+01
      vertex   -2.629289e+01 7.444445e+00 1.970711e+01
    endloop
  endfacet
  facet normal 7.933533e-01 0.000000e+00 6.087614e-01
    outer loop
      vertex   -2.613397e+01 7.444445e+00 1.950000e+01
      vertex   -2.629289e+01 7.444445e+00 1.970711e+01
      vertex   -2.629289e+01 2.222222e+00 1.970711e+01
    endloop
  endfacet
  facet normal 6.087614e-01 -0.000000e+00 7.933533e-01
    outer loop
      vertex   -2.629289e+01 2.222222e+00 1.970711e+01
      vertex   -2.629289e+01 7.444445e+00 1.970711e+01
      vertex   -2.650000e+01 2.222222e+00 1.986603e+01
    endloop
  endfacet
  facet normal 7.933533e-01 -0.000000e+00 6.087614e-01
    outer loop
      vertex   -2.629289e+01 7.444445e+00 1.970711e+01
      vertex   -2.613397e+01 1.266667e+01 1.950000e+01
      vertex   -2.629289e+01 1.266667e+01 1.970711e+01
    endloop
  endfacet
  facet normal 6.087614e-01 -0.000000e+00 7.933533e-01
    outer loop
      vertex   -2.629289e+01 2.833333e+01 1.970711e+01
      vertex   -2.629289e+01 3.355556e+01 1.970711e+01
      vertex   -2.650000e+01 2.833333e+01 1.986603e+01
    endloop
  endfacet
  facet normal 6.087614e-01 -0.000000e+00 7.933533e-01
    outer loop
      vertex   -2.650000e+01 2.833333e+01 1.986603e+01
      vertex   -2.629289e+01 3.355556e+01 1.970711e+01
      vertex   -2.650000e+01 3.355556e+01 1.986603e+01
    endloop
  endfacet
  facet normal 3.826834e-01 -0.000000e+00 9.238795e-01
    outer loop
      vertex   -2.650000e+01 2.833333e+01 1.986603e+01
      vertex   -2.650000e+01 3.355556e+01 1.986603e+01
      vertex   -2.674118e+01 2.833333e+01 1.996593e+01
    endloop
  endfacet
  facet normal 6.087614e-01 -0.000000e+00 7.933533e-01
    outer loop
      vertex   -2.629289e+01 7.444445e+00 1.970711e+01
      vertex   -2.629289e+01 1.266667e+01 1.970711e+01
      vertex   -2.650000e+01 7.444445e+00 1.986603e+01
    endloop
  endfacet
  facet normal 6.087614e-01 -0.000000e+00 7.933533e-01
    outer loop
      vertex   -2.650000e+01 7.444445e+00 1.986603e+01
      vertex   -2.629289e+01 1.266667e+01 1.970711e+01
      vertex   -2.650000e+01 1.266667e+01 1.986603e+01
    endloop
  endfacet
  facet normal 3.826834e-01 -0.000000e+00 9.238795e-01
    outer loop
      vertex   -2.650000e+01 7.444445e+00 1.986603e+01
      vertex   -2.650000e+01 1.266667e+01 1.986603e+01
      vertex   -2.674118e+01 7.444445e+00 1.996593e+01
    endloop
  endfacet
  facet normal 3.826834e-01 -0.000000e+00 9.238795e-01
    outer loop
      vertex   -2.674118e+01 3.355556e+01 1.996593e+01
      vertex   -2.650000e+01 3.877778e+01 1.986603e+01
      vertex   -2.674118e+01 3.877778e+01 1.996593e+01
    endloop
  endfacet
  facet normal 6.087614e-01 0.000000e+00 7.933533e-01
    outer loop
      vertex   -2.629289e+01 2.833333e+01 1.970711e+01
      vertex   -2.650000e+01 2.833333e+01 1.986603e+01
      vertex   -2.650000e+01 2.311111e+01 1.986603e+01
    endloop
  endfacet
  facet normal 3.826834e-01 -0.000000e+00 9.238795e-01
    outer loop
      vertex   -2.650000e+01 2.311111e+01 1.986603e+01
      vertex   -2.650000e+01 2.833333e+01 1.986603e+01
      vertex   -2.674118e+01 2.311111e+01 1.996593e+01
    endloop
  endfacet
  facet normal 3.826834e-01 0.000000e+00 9.238795e-01
    outer loop
      vertex   -2.650000e+01 2.311111e+01 1.986603e+01
      vertex   -2.674118e+01 2.311111e+01 1.996593e+01
      vertex   -2.674118e+01 1.788889e+01 1.996593e+01
    endloop
  endfacet
  facet normal 1.305262e-01 -0.000000e+00 9.914449e-01
    outer loop
      vertex   -2.674118e+01 1.788889e+01 1.996593e+01
      vertex   -2.674118e+01 2.311111e+01 1.996593e+01
      vertex   -2.700000e+01 -3.000000e+00 2.000000e+01
    endloop
  endfacet
  facet normal 3.826834e-01 -0.000000e+00 9.238795e-01
    outer loop
      vertex   -2.674118e+01 2.311111e+01 1.996593e+01
      vertex   -2.650000e+01 2.833333e+01 1.986603e+01
      vertex   -2.674118e+01 2.833333e+01 1.996593e+01
    endloop
  endfacet
  facet normal 3.826834e-01 0.000000e+00 9.238795e-01
    outer loop
      vertex   -2.674118e+01 2.222222e+00 1.996593e+01
      vertex   -2.650000e+01 2.222222e+00 1.986603e+01
      vertex   -2.650000e+01 7.444445e+00 1.986603e+01
    endloop
  endfacet
  facet normal 6.087614e-01 0.000000e+00 7.933533e-01
    outer loop
      vertex   -2.650000e+01 7.444445e+00 1.986603e+01
      vertex   -2.650000e+01 2.222222e+00 1.986603e+01
      vertex   -2.629289e+01 7.444445e+00 1.970711e+01
    endloop
  endfacet
  facet normal 3.826834e-01 -0.000000e+00 9.238795e-01
    outer loop
      vertex   -2.674118e+01 2.222222e+00 1.996593e+01
      vertex   -2.650000e+01 7.444445e+00 1.986603e+01
      vertex   -2.674118e+01 7.444445e+00 1.996593e+01
    endloop
  endfacet
  facet normal 1.305262e-01 0.000000e+00 9.914449e-01
    outer loop
      vertex   -2.700000e+01 4.400000e+01 2.000000e+01
      vertex   -2.674118e+01 3.355556e+01 1.996593e+01
      vertex   -2.674118e+01 3.877778e+01 1.996593e+01
    endloop
  endfacet
  facet normal 9.914449e-01 -1.305262e-01 -1.578357e-15
    outer loop
      vertex   -2.603407e+01 -3.258819e+00 1.900000e+01
      vertex   -2.603407e+01 -3.258819e+00 1.450000e+01
      vertex   -2.600000e+01 -3.000000e+00 1.900000e+01
    endloop
  endfacet
  facet normal 9.914449e-01 -1.305262e-01 0.000000e+00
    outer loop
      vertex   -2.600000e+01 -3.000000e+00 1.900000e+01
      vertex   -2.603407e+01 -3.258819e+00 1.450000e+01
      vertex   -2.603407e+01 -3.258819e+00 1.000000e+01
    endloop
  endfacet
  facet normal 9.914449e-01 -1.305262e-01 -1.956844e-16
    outer loop
      vertex   -2.600000e+01 -3.000000e+00 1.900000e+01
      vertex   -2.603407e+01 -3.258819e+00 1.000000e+01
      vertex   -2.600000e+01 -3.000000e+00 1.000000e+00
    endloop
  endfacet
  facet normal 9.914449e-01 -1.305262e-01 0.000000e+00
    outer loop
      vertex   -2.600000e+01 -3.000000e+00 1.000000e+00
      vertex   -2.603407e+01 -3.258819e+00 1.000000e+01
      vertex   -2.603407e+01 -3.258819e+00 5.500000e+00
    endloop
  endfacet
  facet normal 9.914449e-01 -1.305262e-01 2.510377e-17
    outer loop
      vertex   -2.600000e+01 -3.000000e+00 1.000000e+00
      vertex   -2.603407e+01 -3.258819e+00 5.500000e+00
      vertex   -2.603407e+01 -3.258819e+00 1.000000e+00
    endloop
  endfacet
  facet normal 9.238795e-01 -3.826834e-01 7.553137e-17
    outer loop
      vertex   -2.603407e+01 -3.258819e+00 1.000000e+00
      vertex   -2.603407e+01 -3.258819e+00 5.500000e+00
      vertex   -2.613397e+01 -3.500000e+00 1.000000e+00
    endloop
  endfacet
  facet normal 9.238795e-01 -3.826834e-01 -1.458791e-15
    outer loop
      vertex   -2.613397e+01 -3.500000e+00 1.000000e+00
      vertex   -2.603407e+01 -3.258819e+00 5.500000e+00
      vertex   -2.613397e+01 -3.500000e+00 5.500000e+00
    endloop
  endfacet
  facet normal 7.933533e-01 -6.087614e-01 -1.252692e-15
    outer loop
      vertex   -2.613397e+01 -3.500000e+00 1.000000e+00
      vertex   -2.613397e+01 -3.500000e+00 5.500000e+00
      vertex   -2.629289e+01 -3.707107e+00 1.000000e+00
    endloop
  endfacet
  facet normal 7.933533e-01 -6.087614e-01 -8.065756e-16
    outer loop
      vertex   -2.629289e+01 -3.707107e+00 1.000000e+00
      vertex   -2.613397e+01 -3.500000e+00 5.500000e+00
      vertex   -2.629289e+01 -3.707107e+00 5.500000e+00
    endloop
  endfacet
  facet normal 6.087614e-01 -7.933533e-01 -7.154920e-16
    outer loop
      vertex   -2.629289e+01 -3.707107e+00 1.000000e+00
      vertex   -2.629289e+01 -3.707107e+00 5.500000e+00
      vertex   -2.650000e+01 -3.866025e+00 1.000000e+00
    endloop
  endfacet
  facet normal 6.087614e-01 -7.933533e-01 -1.117811e-15
    outer loop
      vertex   -2.650000e+01 -3.866025e+00 1.000000e+00
      vertex   -2.629289e+01 -3.707107e+00 5.500000e+00
      vertex   -2.650000e+01 -3.866025e+00 5.500000e+00
    endloop
  endfacet
  facet normal 3.826834e-01 -9.238795e-01 -7.865998e-16
    outer loop
      vertex   -2.650000e+01 -3.866025e+00 1.000000e+00
      vertex   -2.650000e+01 -3.866025e+00 5.500000e+00
      vertex   -2.674118e+01 -3.965926e+00 1.000000e+00
    endloop
  endfacet
  facet normal 3.826834e-01 -9.238795e-01 -3.021255e-16
    outer loop
      vertex   -2.674118e+01 -3.965926e+00 1.000000e+00
      vertex   -2.650000e+01 -3.866025e+00 5.500000e+00
      vertex   -2.674118e+01 -3.965926e+00 5.500000e+00
    endloop
  endfacet
  facet normal 1.305262e-01 -9.914449e-01 -1.030494e-16
    outer loop
      vertex   -2.674118e+01 -3.965926e+00 1.000000e+00
      vertex   -2.674118e+01 -3.965926e+00 5.500000e+00
      vertex   -2.700000e+01 -4.000000e+00 1.000000e+00
    endloop
  endfacet
  facet normal 1.305262e-01 -9.914449e-01 0.000000e+00
    outer loop
      vertex   -2.700000e+01 -4.000000e+00 1.000000e+00
      vertex   -2.674118e+01 -3.965926e+00 5.500000e+00
      vertex   -2.674118e+01 -3.965926e+00 1.000000e+01
    endloop
  endfacet
  facet normal 1.305262e-01 -9.914449e-01 -2.576234e-17
    outer loop
      vertex   -2.700000e+01 -4.000000e+00 1.000000e+00
      vertex   -2.674118e+01 -3.965926e+00 1.000000e+01
      vertex   -2.700000e+01 -4.000000e+00 1.900000e+01
    endloop
  endfacet
  facet normal 1.305262e-01 -9.914449e-01 0.000000e+00
    outer loop
      vertex   -2.700000e+01 -4.000000e+00 1.900000e+01
      vertex   -2.674118e+01 -3.965926e+00 1.000000e+01
      vertex   -2.674118e+01 -3.965926e+00 1.450000e+01
    endloop
  endfacet
  facet normal 1.305262e-01 -9.914449e-01 0.000000e+00
    outer loop
      vertex   -2.700000e+01 -4.000000e+00 1.900000e+01
      vertex   -2.674118e+01 -3.965926e+00 1.450000e+01
      vertex   -2.674118e+01 -3.965926e+00 1.900000e+01
    endloop
  endfacet
  facet normal 3.826834e-01 -9.238795e-01 0.000000e+00
    outer loop
      vertex   -2.674118e+01 -3.965926e+00 1.900000e+01
      vertex   -2.674118e+01 -3.965926e+00 1.450000e+01
      vertex   -2.650000e+01 -3.866025e+00 1.900000e+01
    endloop
  endfacet
  facet normal 3.826834e-01 -9.238795e-01 -3.932999e-16
    outer loop
      vertex   -2.650000e+01 -3.866025e+00 1.900000e+01
      vertex   -2.674118e+01 -3.965926e+00 1.450000e+01
      vertex   -2.650000e+01 -3.866025e+00 1.450000e+01
    endloop
  endfacet
  facet normal 6.087614e-01 -7.933533e-01 -5.589055e-16
    outer loop
      vertex   -2.650000e+01 -3.866025e+00 1.900000e+01
      vertex   -2.650000e+01 -3.866025e+00 1.450000e+01
      vertex   -2.629289e+01 -3.707107e+00 1.900000e+01
    endloop
  endfacet
  facet normal 6.087614e-01 -7.933533e-01 2.348798e-16
    outer loop
      vertex   -2.629289e+01 -3.707107e+00 1.900000e+01
      vertex   -2.650000e+01 -3.866025e+00 1.450000e+01
      vertex   -2.629289e+01 -3.707107e+00 1.450000e+01
    endloop
  endfacet
  facet normal 7.933533e-01 -6.087614e-01 1.802296e-16
    outer loop
      vertex   -2.629289e+01 -3.707107e+00 1.900000e+01
      vertex   -2.629289e+01 -3.707107e+00 1.450000e+01
      vertex   -2.613397e+01 -3.500000e+00 1.900000e+01
    endloop
  endfacet
  facet normal 7.933533e-01 -6.087614e-01 6.007653e-17
    outer loop
      vertex   -2.613397e+01 -3.500000e+00 1.900000e+01
      vertex   -2.629289e+01 -3.707107e+00 1.450000e+01
      vertex   -2.613397e+01 -3.500000e+00 1.450000e+01
    endloop
  endfacet
  facet normal 9.238795e-01 -3.826834e-01 3.776569e-17
    outer loop
      vertex   -2.613397e+01 -3.500000e+00 1.900000e+01
      vertex   -2.613397e+01 -3.500000e+00 1.450000e+01
      vertex   -2.603407e+01 -3.258819e+00 1.900000e+01
    endloop
  endfacet
  facet normal 9.238795e-01 -3.826834e-01 -1.496557e-15
    outer loop
      vertex   -2.603407e+01 -3.258819e+00 1.900000e+01
      vertex   -2.613397e+01 -3.500000e+00 1.450000e+01
      vertex   -2.603407e+01 -3.258819e+00 1.450000e+01
    endloop
  endfacet
  facet normal 9.238795e-01 -3.826834e-01 0.000000e+00
    outer loop
      vertex   -2.613397e+01 -3.500000e+00 5.500000e+00
      vertex   -2.603407e+01 -3.258819e+00 5.500000e+00
      vertex   -2.603407e+01 -3.258819e+00 1.000000e+01
    endloop
  endfacet
  facet normal 9.238795e-01 -3.826834e-01 0.000000e+00
    outer loop
      vertex   -2.603407e+01 -3.258819e+00 1.000000e+01
      vertex   -2.603407e+01 -3.258819e+00 1.450000e+01
      vertex   -2.613397e+01 -3.500000e+00 1.000000e+01
    endloop
  endfacet
  facet normal 9.238795e-01 -3.826834e-01 0.000000e+00
    outer loop
      vertex   -2.613397e+01 -3.500000e+00 1.000000e+01
      vertex   -2.603407e+01 -3.258819e+00 1.450000e+01
      vertex   -2.613397e+01 -3.500000e+00 1.450000e+01
    endloop
  endfacet
  facet normal 7.933533e-01 -6.087614e-01 0.000000e+00
    outer loop
      vertex   -2.613397e+01 -3.500000e+00 1.000000e+01
      vertex   -2.613397e+01 -3.500000e+00 1.450000e+01
      vertex   -2.629289e+01 -3.707107e+00 1.000000e+01
    endloop
  endfacet
  facet normal 7.933533e-01 -6.087614e-01 0.000000e+00
    outer loop
      vertex   -2.629289e+01 -3.707107e+00 1.000000e+01
      vertex   -2.613397e+01 -3.500000e+00 1.450000e+01
      vertex   -2.629289e+01 -3.707107e+00 1.450000e+01
    endloop
  endfacet
  facet normal 6.087614e-01 -7.933533e-01 0.000000e+00
    outer loop
      vertex   -2.629289e+01 -3.707107e+00 1.000000e+01
      vertex   -2.629289e+01 -3.707107e+00 1.450000e+01
      vertex   -2.650000e+01 -3.866025e+00 1.000000e+01
    endloop
  endfacet
  facet normal 6.087614e-01 -7.933533e-01 7.829326e-17
    outer loop
      vertex   -2.650000e+01 -3.866025e+00 1.000000e+01
      vertex   -2.629289e+01 -3.707107e+00 1.450000e+01
      vertex   -2.650000e+01 -3.866025e+00 1.450000e+01
    endloop
  endfacet
  facet normal 3.826834e-01 -9.238795e-01 9.117443e-17
    outer loop
      vertex   -2.650000e+01 -3.866025e+00 1.000000e+01
      vertex   -2.650000e+01 -3.866025e+00 1.450000e+01
      vertex   -2.674118e+01 -3.965926e+00 1.000000e+01
    endloop
  endfacet
  facet normal 3.826834e-01 -9.238795e-01 0.000000e+00
    outer loop
      vertex   -2.674118e+01 -3.965926e+00 1.000000e+01
      vertex   -2.650000e+01 -3.866025e+00 1.450000e+01
      vertex   -2.674118e+01 -3.965926e+00 1.450000e+01
    endloop
  endfacet
  facet normal 7.933533e-01 -6.087614e-01 -5.906770e-17
    outer loop
      vertex   -2.629289e+01 -3.707107e+00 5.500000e+00
      vertex   -2.613397e+01 -3.500000e+00 5.500000e+00
      vertex   -2.613397e+01 -3.500000e+00 1.000000e+01
    endloop
  endfacet
  facet normal 9.238795e-01 -3.826834e-01 -3.776569e-17
    outer loop
      vertex   -2.613397e+01 -3.500000e+00 1.000000e+01
      vertex   -2.613397e+01 -3.500000e+00 5.500000e+00
      vertex   -2.603407e+01 -3.258819e+00 1.000000e+01
    endloop
  endfacet
  facet normal 7.933533e-01 -6.087614e-01 0.000000e+00
    outer loop
      vertex   -2.629289e+01 -3.707107e+00 5.500000e+00
      vertex   -2.613397e+01 -3.500000e+00 1.000000e+01
      vertex   -2.629289e+01 -3.707107e+00 1.000000e+01
    endloop
  endfacet
  facet normal 6.087614e-01 -7.933533e-01 0.000000e+00
    outer loop
      vertex   -2.650000e+01 -3.866025e+00 5.500000e+00
      vertex   -2.629289e+01 -3.707107e+00 5.500000e+00
      vertex   -2.629289e+01 -3.707107e+00 1.000000e+01
    endloop
  endfacet
  facet normal 6.087614e-01 -7.933533e-01 1.565865e-16
    outer loop
      vertex   -2.650000e+01 -3.866025e+00 5.500000e+00
      vertex   -2.629289e+01 -3.707107e+00 1.000000e+01
      vertex   -2.650000e+01 -3.866025e+00 1.000000e+01
    endloop
  endfacet
  facet normal 3.826834e-01 -9.238795e-01 1.831099e-16
    outer loop
      vertex   -2.674118e+01 -3.965926e+00 5.500000e+00
      vertex   -2.650000e+01 -3.866025e+00 5.500000e+00
      vertex   -2.650000e+01 -3.866025e+00 1.000000e+01
    endloop
  endfacet
  facet normal 3.826834e-01 -9.238795e-01 0.000000e+00
    outer loop
      vertex   -2.674118e+01 -3.965926e+00 5.500000e+00
      vertex   -2.650000e+01 -3.866025e+00 1.000000e+01
      vertex   -2.674118e+01 -3.965926e+00 1.000000e+01
    endloop
  endfacet
  facet normal 1.303977e-01 -9.904691e-01 4.435481e-02
    outer loop
      vertex   -2.674118e+01 -3.965926e+00 1.900000e+01
      vertex   -2.675189e+01 -3.962374e+00 1.911081e+01
      vertex   -2.700000e+01 -4.000000e+00 1.900000e+01
    endloop
  endfacet
  facet normal 1.036987e-01 -9.891881e-01 1.036987e-01
    outer loop
      vertex   -2.700000e+01 -4.000000e+00 1.900000e+01
      vertex   -2.675189e+01 -3.962374e+00 1.911081e+01
      vertex   -2.688919e+01 -3.962374e+00 1.924811e+01
    endloop
  endfacet
  facet normal 4.435481e-02 -9.904691e-01 1.303977e-01
    outer loop
      vertex   -2.700000e+01 -4.000000e+00 1.900000e+01
      vertex   -2.688919e+01 -3.962374e+00 1.924811e+01
      vertex   -2.700000e+01 -3.965926e+00 1.925882e+01
    endloop
  endfacet
  facet normal 6.645835e-02 -9.218370e-01 3.818374e-01
    outer loop
      vertex   -2.700000e+01 -3.965926e+00 1.925882e+01
      vertex   -2.688919e+01 -3.962374e+00 1.924811e+01
      vertex   -2.700000e+01 -3.866025e+00 1.950000e+01
    endloop
  endfacet
  facet normal 1.178222e-01 -9.091026e-01 3.995626e-01
    outer loop
      vertex   -2.700000e+01 -3.866025e+00 1.950000e+01
      vertex   -2.688919e+01 -3.962374e+00 1.924811e+01
      vertex   -2.673172e+01 -3.861830e+00 1.943044e+01
    endloop
  endfacet
  facet normal 1.261909e-01 -8.925984e-01 4.328324e-01
    outer loop
      vertex   -2.700000e+01 -3.866025e+00 1.950000e+01
      vertex   -2.673172e+01 -3.861830e+00 1.943044e+01
      vertex   -2.692187e+01 -3.828668e+00 1.955426e+01
    endloop
  endfacet
  facet normal 2.448663e-01 -7.743828e-01 5.834139e-01
    outer loop
      vertex   -2.692187e+01 -3.828668e+00 1.955426e+01
      vertex   -2.673172e+01 -3.861830e+00 1.943044e+01
      vertex   -2.659254e+01 -3.702554e+00 1.958343e+01
    endloop
  endfacet
  facet normal 2.448663e-01 -7.743828e-01 5.834139e-01
    outer loop
      vertex   -2.692187e+01 -3.828668e+00 1.955426e+01
      vertex   -2.659254e+01 -3.702554e+00 1.958343e+01
      vertex   -2.679888e+01 -3.666568e+00 1.971780e+01
    endloop
  endfacet
  facet normal 3.657544e-01 -5.901245e-01 7.197061e-01
    outer loop
      vertex   -2.679888e+01 -3.666568e+00 1.971780e+01
      vertex   -2.659254e+01 -3.702554e+00 1.958343e+01
      vertex   -2.648112e+01 -3.495400e+00 1.969666e+01
    endloop
  endfacet
  facet normal 3.657544e-01 -5.901245e-01 7.197061e-01
    outer loop
      vertex   -2.679888e+01 -3.666568e+00 1.971780e+01
      vertex   -2.648112e+01 -3.495400e+00 1.969666e+01
      vertex   -2.668959e+01 -3.459042e+00 1.983242e+01
    endloop
  endfacet
  facet normal 4.620595e-01 -3.663208e-01 8.076571e-01
    outer loop
      vertex   -2.668959e+01 -3.459042e+00 1.983242e+01
      vertex   -2.648112e+01 -3.495400e+00 1.969666e+01
      vertex   -2.640506e+01 -3.254486e+00 1.976242e+01
    endloop
  endfacet
  facet normal 4.620595e-01 -3.663208e-01 8.076571e-01
    outer loop
      vertex   -2.668959e+01 -3.459042e+00 1.983242e+01
      vertex   -2.640506e+01 -3.254486e+00 1.976242e+01
      vertex   -2.660146e+01 -3.220233e+00 1.989032e+01
    endloop
  endfacet
  facet normal 5.215192e-01 -1.475718e-01 8.403810e-01
    outer loop
      vertex   -2.660146e+01 -3.220233e+00 1.989032e+01
      vertex   -2.640506e+01 -3.254486e+00 1.976242e+01
      vertex   -2.650000e+01 -3.000000e+00 1.986603e+01
    endloop
  endfacet
  facet normal 3.816287e-01 -7.419375e-02 9.213332e-01
    outer loop
      vertex   -2.660146e+01 -3.220233e+00 1.989032e+01
      vertex   -2.650000e+01 -3.000000e+00 1.986603e+01
      vertex   -2.674118e+01 -3.000000e+00 1.996593e+01
    endloop
  endfacet
  facet normal 3.818374e-01 -9.218370e-01 6.645835e-02
    outer loop
      vertex   -2.674118e+01 -3.965926e+00 1.900000e+01
      vertex   -2.650000e+01 -3.866025e+00 1.900000e+01
      vertex   -2.675189e+01 -3.962374e+00 1.911081e+01
    endloop
  endfacet
  facet normal 3.995626e-01 -9.091026e-01 1.178222e-01
    outer loop
      vertex   -2.675189e+01 -3.962374e+00 1.911081e+01
      vertex   -2.650000e+01 -3.866025e+00 1.900000e+01
      vertex   -2.656956e+01 -3.861830e+00 1.926828e+01
    endloop
  endfacet
  facet normal 2.729599e-01 -9.224889e-01 2.729599e-01
    outer loop
      vertex   -2.675189e+01 -3.962374e+00 1.911081e+01
      vertex   -2.656956e+01 -3.861830e+00 1.926828e+01
      vertex   -2.688919e+01 -3.962374e+00 1.924811e+01
    endloop
  endfacet
  facet normal 2.729599e-01 -9.224889e-01 2.729599e-01
    outer loop
      vertex   -2.688919e+01 -3.962374e+00 1.924811e+01
      vertex   -2.656956e+01 -3.861830e+00 1.926828e+01
      vertex   -2.673172e+01 -3.861830e+00 1.943044e+01
    endloop
  endfacet
  facet normal 4.328324e-01 -8.925984e-01 1.261909e-01
    outer loop
      vertex   -2.656956e+01 -3.861830e+00 1.926828e+01
      vertex   -2.650000e+01 -3.866025e+00 1.900000e+01
      vertex   -2.644574e+01 -3.828668e+00 1.907813e+01
    endloop
  endfacet
  facet normal 6.081878e-01 -7.926058e-01 -4.340169e-02
    outer loop
      vertex   -2.644574e+01 -3.828668e+00 1.907813e+01
      vertex   -2.650000e+01 -3.866025e+00 1.900000e+01
      vertex   -2.629289e+01 -3.707107e+00 1.900000e+01
    endloop
  endfacet
  facet normal 6.538873e-01 -7.476569e-01 1.159338e-01
    outer loop
      vertex   -2.644574e+01 -3.828668e+00 1.907813e+01
      vertex   -2.629289e+01 -3.707107e+00 1.900000e+01
      vertex   -2.628220e+01 -3.666568e+00 1.920112e+01
    endloop
  endfacet
  facet normal 7.907938e-01 -6.067974e-01 8.026201e-02
    outer loop
      vertex   -2.628220e+01 -3.666568e+00 1.920112e+01
      vertex   -2.629289e+01 -3.707107e+00 1.900000e+01
      vertex   -2.613397e+01 -3.500000e+00 1.900000e+01
    endloop
  endfacet
  facet normal 8.257119e-01 -5.407082e-01 1.607312e-01
    outer loop
      vertex   -2.628220e+01 -3.666568e+00 1.920112e+01
      vertex   -2.613397e+01 -3.500000e+00 1.900000e+01
      vertex   -2.616758e+01 -3.459042e+00 1.931041e+01
    endloop
  endfacet
  facet normal 8.447130e-01 -5.110938e-01 1.588805e-01
    outer loop
      vertex   -2.616758e+01 -3.459042e+00 1.931041e+01
      vertex   -2.613397e+01 -3.500000e+00 1.900000e+01
      vertex   -2.608250e+01 -3.388644e+00 1.908453e+01
    endloop
  endfacet
  facet normal 9.167181e-01 -3.135991e-01 2.475550e-01
    outer loop
      vertex   -2.616758e+01 -3.459042e+00 1.931041e+01
      vertex   -2.608250e+01 -3.388644e+00 1.908453e+01
      vertex   -2.602953e+01 -3.153913e+00 1.918574e+01
    endloop
  endfacet
  facet normal 9.537278e-01 -2.711922e-01 1.298391e-01
    outer loop
      vertex   -2.602953e+01 -3.153913e+00 1.918574e+01
      vertex   -2.608250e+01 -3.388644e+00 1.908453e+01
      vertex   -2.603407e+01 -3.258819e+00 1.900000e+01
    endloop
  endfacet
  facet normal 9.902339e-01 -1.303668e-01 4.940940e-02
    outer loop
      vertex   -2.602953e+01 -3.153913e+00 1.918574e+01
      vertex   -2.603407e+01 -3.258819e+00 1.900000e+01
      vertex   -2.600000e+01 -3.000000e+00 1.900000e+01
    endloop
  endfacet
  facet normal 9.223031e-01 -3.820305e-01 -5.839280e-02
    outer loop
      vertex   -2.613397e+01 -3.500000e+00 1.900000e+01
      vertex   -2.603407e+01 -3.258819e+00 1.900000e+01
      vertex   -2.608250e+01 -3.388644e+00 1.908453e+01
    endloop
  endfacet
  facet normal 9.909150e-01 -3.268886e-02 1.304564e-01
    outer loop
      vertex   -2.600000e+01 -3.000000e+00 1.900000e+01
      vertex   -2.603407e+01 -3.000000e+00 1.925882e+01
      vertex   -2.602953e+01 -3.153913e+00 1.918574e+01
    endloop
  endfacet
  facet normal 9.407634e-01 -1.223638e-01 3.162140e-01
    outer loop
      vertex   -2.602953e+01 -3.153913e+00 1.918574e+01
      vertex   -2.603407e+01 -3.000000e+00 1.925882e+01
      vertex   -2.610968e+01 -3.220233e+00 1.939854e+01
    endloop
  endfacet
  facet normal 9.167181e-01 -3.135991e-01 2.475550e-01
    outer loop
      vertex   -2.602953e+01 -3.153913e+00 1.918574e+01
      vertex   -2.610968e+01 -3.220233e+00 1.939854e+01
      vertex   -2.616758e+01 -3.459042e+00 1.931041e+01
    endloop
  endfacet
  facet normal 8.076571e-01 -3.663208e-01 4.620595e-01
    outer loop
      vertex   -2.616758e+01 -3.459042e+00 1.931041e+01
      vertex   -2.610968e+01 -3.220233e+00 1.939854e+01
      vertex   -2.630334e+01 -3.495400e+00 1.951888e+01
    endloop
  endfacet
  facet normal 7.197061e-01 -5.901245e-01 3.657544e-01
    outer loop
      vertex   -2.616758e+01 -3.459042e+00 1.931041e+01
      vertex   -2.630334e+01 -3.495400e+00 1.951888e+01
      vertex   -2.641657e+01 -3.702554e+00 1.940746e+01
    endloop
  endfacet
  facet normal 5.611197e-01 -6.085140e-01 5.611197e-01
    outer loop
      vertex   -2.641657e+01 -3.702554e+00 1.940746e+01
      vertex   -2.630334e+01 -3.495400e+00 1.951888e+01
      vertex   -2.659254e+01 -3.702554e+00 1.958343e+01
    endloop
  endfacet
  facet normal 4.317293e-01 -7.919720e-01 4.317293e-01
    outer loop
      vertex   -2.641657e+01 -3.702554e+00 1.940746e+01
      vertex   -2.659254e+01 -3.702554e+00 1.958343e+01
      vertex   -2.673172e+01 -3.861830e+00 1.943044e+01
    endloop
  endfacet
  facet normal 9.213332e-01 -7.419375e-02 3.816287e-01
    outer loop
      vertex   -2.603407e+01 -3.000000e+00 1.925882e+01
      vertex   -2.613397e+01 -3.000000e+00 1.950000e+01
      vertex   -2.610968e+01 -3.220233e+00 1.939854e+01
    endloop
  endfacet
  facet normal 8.403810e-01 -1.475718e-01 5.215192e-01
    outer loop
      vertex   -2.610968e+01 -3.220233e+00 1.939854e+01
      vertex   -2.613397e+01 -3.000000e+00 1.950000e+01
      vertex   -2.623758e+01 -3.254486e+00 1.959494e+01
    endloop
  endfacet
  facet normal 8.076571e-01 -3.663208e-01 4.620595e-01
    outer loop
      vertex   -2.610968e+01 -3.220233e+00 1.939854e+01
      vertex   -2.623758e+01 -3.254486e+00 1.959494e+01
      vertex   -2.630334e+01 -3.495400e+00 1.951888e+01
    endloop
  endfacet
  facet normal 6.528138e-01 -3.842763e-01 6.528138e-01
    outer loop
      vertex   -2.630334e+01 -3.495400e+00 1.951888e+01
      vertex   -2.623758e+01 -3.254486e+00 1.959494e+01
      vertex   -2.648112e+01 -3.495400e+00 1.969666e+01
    endloop
  endfacet
  facet normal 5.611197e-01 -6.085140e-01 5.611197e-01
    outer loop
      vertex   -2.630334e+01 -3.495400e+00 1.951888e+01
      vertex   -2.648112e+01 -3.495400e+00 1.969666e+01
      vertex   -2.659254e+01 -3.702554e+00 1.958343e+01
    endloop
  endfacet
  facet normal 7.897316e-01 -9.544300e-02 6.059824e-01
    outer loop
      vertex   -2.613397e+01 -3.000000e+00 1.950000e+01
      vertex   -2.629289e+01 -3.000000e+00 1.970711e+01
      vertex   -2.623758e+01 -3.254486e+00 1.959494e+01
    endloop
  endfacet
  facet normal 6.984452e-01 -1.560404e-01 6.984452e-01
    outer loop
      vertex   -2.623758e+01 -3.254486e+00 1.959494e+01
      vertex   -2.629289e+01 -3.000000e+00 1.970711e+01
      vertex   -2.640506e+01 -3.254486e+00 1.976242e+01
    endloop
  endfacet
  facet normal 6.528138e-01 -3.842763e-01 6.528138e-01
    outer loop
      vertex   -2.623758e+01 -3.254486e+00 1.959494e+01
      vertex   -2.640506e+01 -3.254486e+00 1.976242e+01
      vertex   -2.648112e+01 -3.495400e+00 1.969666e+01
    endloop
  endfacet
  facet normal 6.059824e-01 -9.544300e-02 7.897316e-01
    outer loop
      vertex   -2.629289e+01 -3.000000e+00 1.970711e+01
      vertex   -2.650000e+01 -3.000000e+00 1.986603e+01
      vertex   -2.640506e+01 -3.254486e+00 1.976242e+01
    endloop
  endfacet
  facet normal 3.162140e-01 -1.223638e-01 9.407634e-01
    outer loop
      vertex   -2.660146e+01 -3.220233e+00 1.989032e+01
      vertex   -2.674118e+01 -3.000000e+00 1.996593e+01
      vertex   -2.681426e+01 -3.153913e+00 1.997047e+01
    endloop
  endfacet
  facet normal 1.304564e-01 -3.268886e-02 9.909150e-01
    outer loop
      vertex   -2.681426e+01 -3.153913e+00 1.997047e+01
      vertex   -2.674118e+01 -3.000000e+00 1.996593e+01
      vertex   -2.700000e+01 -3.000000e+00 2.000000e+01
    endloop
  endfacet
  facet normal 4.940940e-02 -1.303668e-01 9.902339e-01
    outer loop
      vertex   -2.681426e+01 -3.153913e+00 1.997047e+01
      vertex   -2.700000e+01 -3.000000e+00 2.000000e+01
      vertex   -2.700000e+01 -3.258819e+00 1.996593e+01
    endloop
  endfacet
  facet normal 1.298391e-01 -2.711922e-01 9.537278e-01
    outer loop
      vertex   -2.681426e+01 -3.153913e+00 1.997047e+01
      vertex   -2.700000e+01 -3.258819e+00 1.996593e+01
      vertex   -2.691547e+01 -3.388644e+00 1.991750e+01
    endloop
  endfacet
  facet normal -5.839280e-02 -3.820305e-01 9.223031e-01
    outer loop
      vertex   -2.691547e+01 -3.388644e+00 1.991750e+01
      vertex   -2.700000e+01 -3.258819e+00 1.996593e+01
      vertex   -2.700000e+01 -3.500000e+00 1.986603e+01
    endloop
  endfacet
  facet normal 1.588805e-01 -5.110938e-01 8.447130e-01
    outer loop
      vertex   -2.691547e+01 -3.388644e+00 1.991750e+01
      vertex   -2.700000e+01 -3.500000e+00 1.986603e+01
      vertex   -2.668959e+01 -3.459042e+00 1.983242e+01
    endloop
  endfacet
  facet normal 1.607312e-01 -5.407082e-01 8.257119e-01
    outer loop
      vertex   -2.668959e+01 -3.459042e+00 1.983242e+01
      vertex   -2.700000e+01 -3.500000e+00 1.986603e+01
      vertex   -2.679888e+01 -3.666568e+00 1.971780e+01
    endloop
  endfacet
  facet normal 8.026201e-02 -6.067974e-01 7.907938e-01
    outer loop
      vertex   -2.700000e+01 -3.500000e+00 1.986603e+01
      vertex   -2.700000e+01 -3.707107e+00 1.970711e+01
      vertex   -2.679888e+01 -3.666568e+00 1.971780e+01
    endloop
  endfacet
  facet normal 1.159338e-01 -7.476569e-01 6.538873e-01
    outer loop
      vertex   -2.679888e+01 -3.666568e+00 1.971780e+01
      vertex   -2.700000e+01 -3.707107e+00 1.970711e+01
      vertex   -2.692187e+01 -3.828668e+00 1.955426e+01
    endloop
  endfacet
  facet normal -4.340169e-02 -7.926058e-01 6.081878e-01
    outer loop
      vertex   -2.700000e+01 -3.707107e+00 1.970711e+01
      vertex   -2.700000e+01 -3.866025e+00 1.950000e+01
      vertex   -2.692187e+01 -3.828668e+00 1.955426e+01
    endloop
  endfacet
  facet normal 4.317293e-01 -7.919720e-01 4.317293e-01
    outer loop
      vertex   -2.641657e+01 -3.702554e+00 1.940746e+01
      vertex   -2.673172e+01 -3.861830e+00 1.943044e+01
      vertex   -2.656956e+01 -3.861830e+00 1.926828e+01
    endloop
  endfacet
  facet normal 5.834139e-01 -7.743828e-01 2.448663e-01
    outer loop
      vertex   -2.644574e+01 -3.828668e+00 1.907813e+01
      vertex   -2.628220e+01 -3.666568e+00 1.920112e+01
      vertex   -2.656956e+01 -3.861830e+00 1.926828e+01
    endloop
  endfacet
  facet normal 5.834139e-01 -7.743828e-01 2.448663e-01
    outer loop
      vertex   -2.656956e+01 -3.861830e+00 1.926828e+01
      vertex   -2.628220e+01 -3.666568e+00 1.920112e+01
      vertex   -2.641657e+01 -3.702554e+00 1.940746e+01
    endloop
  endfacet
  facet normal 7.197061e-01 -5.901245e-01 3.657544e-01
    outer loop
      vertex   -2.628220e+01 -3.666568e+00 1.920112e+01
      vertex   -2.616758e+01 -3.459042e+00 1.931041e+01
      vertex   -2.641657e+01 -3.702554e+00 1.940746e+01
    endloop
  endfacet
  facet normal 2.475550e-01 -3.135991e-01 9.167181e-01
    outer loop
      vertex   -2.691547e+01 -3.388644e+00 1.991750e+01
      vertex   -2.668959e+01 -3.459042e+00 1.983242e+01
      vertex   -2.660146e+01 -3.220233e+00 1.989032e+01
    endloop
  endfacet
  facet normal 2.475550e-01 -3.135991e-01 9.167181e-01
    outer loop
      vertex   -2.681426e+01 -3.153913e+00 1.997047e+01
      vertex   -2.691547e+01 -3.388644e+00 1.991750e+01
      vertex   -2.660146e+01 -3.220233e+00 1.989032e+01
    endloop
  endfacet
  facet normal 3.268886e-02 -1.304564e-01 -9.909150e-01
    outer loop
      vertex   -2.700000e+01 -3.258819e+00 3.407417e-02
      vertex   -2.700000e+01 -3.000000e+00 1.769696e-13
      vertex   -2.684609e+01 -3.185744e+00 2.953101e-02
    endloop
  endfacet
  facet normal 1.303668e-01 -4.940940e-02 -9.902339e-01
    outer loop
      vertex   -2.684609e+01 -3.185744e+00 2.953101e-02
      vertex   -2.700000e+01 -3.000000e+00 1.769696e-13
      vertex   -2.674118e+01 -3.000000e+00 3.407417e-02
    endloop
  endfacet
  facet normal 2.711922e-01 -1.298391e-01 -9.537278e-01
    outer loop
      vertex   -2.684609e+01 -3.185744e+00 2.953101e-02
      vertex   -2.674118e+01 -3.000000e+00 3.407417e-02
      vertex   -2.661136e+01 -3.084530e+00 8.249758e-02
    endloop
  endfacet
  facet normal 3.820305e-01 5.839280e-02 -9.223031e-01
    outer loop
      vertex   -2.661136e+01 -3.084530e+00 8.249758e-02
      vertex   -2.674118e+01 -3.000000e+00 3.407417e-02
      vertex   -2.650000e+01 -3.000000e+00 1.339746e-01
    endloop
  endfacet
  facet normal 5.110938e-01 -1.588805e-01 -8.447130e-01
    outer loop
      vertex   -2.661136e+01 -3.084530e+00 8.249758e-02
      vertex   -2.650000e+01 -3.000000e+00 1.339746e-01
      vertex   -2.654096e+01 -3.310406e+00 1.675766e-01
    endloop
  endfacet
  facet normal 5.407082e-01 -1.607312e-01 -8.257119e-01
    outer loop
      vertex   -2.654096e+01 -3.310406e+00 1.675766e-01
      vertex   -2.650000e+01 -3.000000e+00 1.339746e-01
      vertex   -2.633343e+01 -3.201121e+00 2.821994e-01
    endloop
  endfacet
  facet normal 5.901245e-01 -3.657544e-01 -7.197061e-01
    outer loop
      vertex   -2.654096e+01 -3.310406e+00 1.675766e-01
      vertex   -2.633343e+01 -3.201121e+00 2.821994e-01
      vertex   -2.650460e+01 -3.518881e+00 3.033355e-01
    endloop
  endfacet
  facet normal 5.901245e-01 -3.657544e-01 -7.197061e-01
    outer loop
      vertex   -2.650460e+01 -3.518881e+00 3.033355e-01
      vertex   -2.633343e+01 -3.201121e+00 2.821994e-01
      vertex   -2.629745e+01 -3.407464e+00 4.165699e-01
    endloop
  endfacet
  facet normal 6.085140e-01 -5.611197e-01 -5.611197e-01
    outer loop
      vertex   -2.650460e+01 -3.518881e+00 3.033355e-01
      vertex   -2.629745e+01 -3.407464e+00 4.165699e-01
      vertex   -2.650460e+01 -3.696665e+00 4.811193e-01
    endloop
  endfacet
  facet normal 6.085140e-01 -5.611197e-01 -5.611197e-01
    outer loop
      vertex   -2.650460e+01 -3.696665e+00 4.811193e-01
      vertex   -2.629745e+01 -3.407464e+00 4.165699e-01
      vertex   -2.629745e+01 -3.583430e+00 5.925356e-01
    endloop
  endfacet
  facet normal 5.901245e-01 -7.197061e-01 -3.657544e-01
    outer loop
      vertex   -2.650460e+01 -3.696665e+00 4.811193e-01
      vertex   -2.629745e+01 -3.583430e+00 5.925356e-01
      vertex   -2.654096e+01 -3.832423e+00 6.895943e-01
    endloop
  endfacet
  facet normal 5.901245e-01 -7.197061e-01 -3.657544e-01
    outer loop
      vertex   -2.654096e+01 -3.832423e+00 6.895943e-01
      vertex   -2.629745e+01 -3.583430e+00 5.925356e-01
      vertex   -2.633343e+01 -3.717801e+00 7.988787e-01
    endloop
  endfacet
  facet normal 5.407082e-01 -8.257119e-01 -1.607312e-01
    outer loop
      vertex   -2.654096e+01 -3.832423e+00 6.895943e-01
      vertex   -2.633343e+01 -3.717801e+00 7.988787e-01
      vertex   -2.650000e+01 -3.866025e+00 1.000000e+00
    endloop
  endfacet
  facet normal 6.067974e-01 -7.907938e-01 -8.026201e-02
    outer loop
      vertex   -2.650000e+01 -3.866025e+00 1.000000e+00
      vertex   -2.633343e+01 -3.717801e+00 7.988787e-01
      vertex   -2.629289e+01 -3.707107e+00 1.000000e+00
    endloop
  endfacet
  facet normal 7.476569e-01 -6.538873e-01 -1.159338e-01
    outer loop
      vertex   -2.629289e+01 -3.707107e+00 1.000000e+00
      vertex   -2.633343e+01 -3.717801e+00 7.988787e-01
      vertex   -2.617133e+01 -3.554261e+00 9.218691e-01
    endloop
  endfacet
  facet normal 7.926058e-01 -6.081878e-01 4.340169e-02
    outer loop
      vertex   -2.629289e+01 -3.707107e+00 1.000000e+00
      vertex   -2.617133e+01 -3.554261e+00 9.218691e-01
      vertex   -2.613397e+01 -3.500000e+00 1.000000e+00
    endloop
  endfacet
  facet normal 8.925984e-01 -4.328324e-01 -1.261909e-01
    outer loop
      vertex   -2.613397e+01 -3.500000e+00 1.000000e+00
      vertex   -2.617133e+01 -3.554261e+00 9.218691e-01
      vertex   -2.613817e+01 -3.430436e+00 7.317200e-01
    endloop
  endfacet
  facet normal 9.091026e-01 -3.995626e-01 -1.178222e-01
    outer loop
      vertex   -2.613397e+01 -3.500000e+00 1.000000e+00
      vertex   -2.613817e+01 -3.430436e+00 7.317200e-01
      vertex   -2.603763e+01 -3.248108e+00 8.891872e-01
    endloop
  endfacet
  facet normal 9.224889e-01 -2.729599e-01 -2.729599e-01
    outer loop
      vertex   -2.603763e+01 -3.248108e+00 8.891872e-01
      vertex   -2.613817e+01 -3.430436e+00 7.317200e-01
      vertex   -2.603763e+01 -3.110813e+00 7.518919e-01
    endloop
  endfacet
  facet normal 9.891881e-01 -1.036987e-01 -1.036987e-01
    outer loop
      vertex   -2.603763e+01 -3.248108e+00 8.891872e-01
      vertex   -2.603763e+01 -3.110813e+00 7.518919e-01
      vertex   -2.600000e+01 -3.000000e+00 1.000000e+00
    endloop
  endfacet
  facet normal 9.904691e-01 -4.435481e-02 -1.303977e-01
    outer loop
      vertex   -2.600000e+01 -3.000000e+00 1.000000e+00
      vertex   -2.603763e+01 -3.110813e+00 7.518919e-01
      vertex   -2.603407e+01 -3.000000e+00 7.411810e-01
    endloop
  endfacet
  facet normal 9.218370e-01 -6.645835e-02 -3.818374e-01
    outer loop
      vertex   -2.603407e+01 -3.000000e+00 7.411810e-01
      vertex   -2.603763e+01 -3.110813e+00 7.518919e-01
      vertex   -2.613397e+01 -3.000000e+00 5.000000e-01
    endloop
  endfacet
  facet normal 9.091026e-01 -1.178222e-01 -3.995626e-01
    outer loop
      vertex   -2.613397e+01 -3.000000e+00 5.000000e-01
      vertex   -2.603763e+01 -3.110813e+00 7.518919e-01
      vertex   -2.613817e+01 -3.268280e+00 5.695642e-01
    endloop
  endfacet
  facet normal 8.925984e-01 -1.261909e-01 -4.328324e-01
    outer loop
      vertex   -2.613397e+01 -3.000000e+00 5.000000e-01
      vertex   -2.613817e+01 -3.268280e+00 5.695642e-01
      vertex   -2.617133e+01 -3.078131e+00 4.457391e-01
    endloop
  endfacet
  facet normal 7.743828e-01 -2.448663e-01 -5.834139e-01
    outer loop
      vertex   -2.617133e+01 -3.078131e+00 4.457391e-01
      vertex   -2.613817e+01 -3.268280e+00 5.695642e-01
      vertex   -2.629745e+01 -3.407464e+00 4.165699e-01
    endloop
  endfacet
  facet normal 7.743828e-01 -2.448663e-01 -5.834139e-01
    outer loop
      vertex   -2.617133e+01 -3.078131e+00 4.457391e-01
      vertex   -2.629745e+01 -3.407464e+00 4.165699e-01
      vertex   -2.633343e+01 -3.201121e+00 2.821994e-01
    endloop
  endfacet
  facet normal 6.067974e-01 -8.026201e-02 -7.907938e-01
    outer loop
      vertex   -2.650000e+01 -3.000000e+00 1.339746e-01
      vertex   -2.629289e+01 -3.000000e+00 2.928932e-01
      vertex   -2.633343e+01 -3.201121e+00 2.821994e-01
    endloop
  endfacet
  facet normal 7.476569e-01 -1.159338e-01 -6.538873e-01
    outer loop
      vertex   -2.633343e+01 -3.201121e+00 2.821994e-01
      vertex   -2.629289e+01 -3.000000e+00 2.928932e-01
      vertex   -2.617133e+01 -3.078131e+00 4.457391e-01
    endloop
  endfacet
  facet normal 7.926058e-01 4.340169e-02 -6.081878e-01
    outer loop
      vertex   -2.629289e+01 -3.000000e+00 2.928932e-01
      vertex   -2.613397e+01 -3.000000e+00 5.000000e-01
      vertex   -2.617133e+01 -3.078131e+00 4.457391e-01
    endloop
  endfacet
  facet normal 9.904691e-01 -1.303977e-01 -4.435481e-02
    outer loop
      vertex   -2.600000e+01 -3.000000e+00 1.000000e+00
      vertex   -2.603407e+01 -3.258819e+00 1.000000e+00
      vertex   -2.603763e+01 -3.248108e+00 8.891872e-01
    endloop
  endfacet
  facet normal 9.218370e-01 -3.818374e-01 -6.645835e-02
    outer loop
      vertex   -2.603763e+01 -3.248108e+00 8.891872e-01
      vertex   -2.603407e+01 -3.258819e+00 1.000000e+00
      vertex   -2.613397e+01 -3.500000e+00 1.000000e+00
    endloop
  endfacet
  facet normal 5.110938e-01 -8.447130e-01 -1.588805e-01
    outer loop
      vertex   -2.654096e+01 -3.832423e+00 6.895943e-01
      vertex   -2.650000e+01 -3.866025e+00 1.000000e+00
      vertex   -2.661136e+01 -3.917502e+00 9.154700e-01
    endloop
  endfacet
  facet normal 3.820305e-01 -9.223031e-01 5.839280e-02
    outer loop
      vertex   -2.661136e+01 -3.917502e+00 9.154700e-01
      vertex   -2.650000e+01 -3.866025e+00 1.000000e+00
      vertex   -2.674118e+01 -3.965926e+00 1.000000e+00
    endloop
  endfacet
  facet normal 2.711922e-01 -9.537278e-01 -1.298391e-01
    outer loop
      vertex   -2.661136e+01 -3.917502e+00 9.154700e-01
      vertex   -2.674118e+01 -3.965926e+00 1.000000e+00
      vertex   -2.684609e+01 -3.970469e+00 8.142561e-01
    endloop
  endfacet
  facet normal 1.303668e-01 -9.902339e-01 -4.940940e-02
    outer loop
      vertex   -2.684609e+01 -3.970469e+00 8.142561e-01
      vertex   -2.674118e+01 -3.965926e+00 1.000000e+00
      vertex   -2.700000e+01 -4.000000e+00 1.000000e+00
    endloop
  endfacet
  facet normal 3.268886e-02 -9.909150e-01 -1.304564e-01
    outer loop
      vertex   -2.684609e+01 -3.970469e+00 8.142561e-01
      vertex   -2.700000e+01 -4.000000e+00 1.000000e+00
      vertex   -2.700000e+01 -3.965926e+00 7.411810e-01
    endloop
  endfacet
  facet normal 1.223638e-01 -9.407634e-01 -3.162140e-01
    outer loop
      vertex   -2.684609e+01 -3.970469e+00 8.142561e-01
      vertex   -2.700000e+01 -3.965926e+00 7.411810e-01
      vertex   -2.677977e+01 -3.890318e+00 6.014636e-01
    endloop
  endfacet
  facet normal 7.419375e-02 -9.213332e-01 -3.816287e-01
    outer loop
      vertex   -2.677977e+01 -3.890318e+00 6.014636e-01
      vertex   -2.700000e+01 -3.965926e+00 7.411810e-01
      vertex   -2.700000e+01 -3.866025e+00 5.000000e-01
    endloop
  endfacet
  facet normal 1.475718e-01 -8.403810e-01 -5.215192e-01
    outer loop
      vertex   -2.677977e+01 -3.890318e+00 6.014636e-01
      vertex   -2.700000e+01 -3.866025e+00 5.000000e-01
      vertex   -2.674551e+01 -3.762422e+00 4.050638e-01
    endloop
  endfacet
  facet normal 9.544300e-02 -7.897316e-01 -6.059824e-01
    outer loop
      vertex   -2.674551e+01 -3.762422e+00 4.050638e-01
      vertex   -2.700000e+01 -3.866025e+00 5.000000e-01
      vertex   -2.700000e+01 -3.707107e+00 2.928932e-01
    endloop
  endfacet
  facet normal 1.560404e-01 -6.984452e-01 -6.984452e-01
    outer loop
      vertex   -2.674551e+01 -3.762422e+00 4.050638e-01
      vertex   -2.700000e+01 -3.707107e+00 2.928932e-01
      vertex   -2.674551e+01 -3.594936e+00 2.375775e-01
    endloop
  endfacet
  facet normal 9.544300e-02 -6.059824e-01 -7.897316e-01
    outer loop
      vertex   -2.674551e+01 -3.594936e+00 2.375775e-01
      vertex   -2.700000e+01 -3.707107e+00 2.928932e-01
      vertex   -2.700000e+01 -3.500000e+00 1.339746e-01
    endloop
  endfacet
  facet normal 1.475718e-01 -5.215192e-01 -8.403810e-01
    outer loop
      vertex   -2.674551e+01 -3.594936e+00 2.375775e-01
      vertex   -2.700000e+01 -3.500000e+00 1.339746e-01
      vertex   -2.677977e+01 -3.398536e+00 1.096821e-01
    endloop
  endfacet
  facet normal 7.419375e-02 -3.816287e-01 -9.213332e-01
    outer loop
      vertex   -2.677977e+01 -3.398536e+00 1.096821e-01
      vertex   -2.700000e+01 -3.500000e+00 1.339746e-01
      vertex   -2.700000e+01 -3.258819e+00 3.407417e-02
    endloop
  endfacet
  facet normal 1.223638e-01 -3.162140e-01 -9.407634e-01
    outer loop
      vertex   -2.677977e+01 -3.398536e+00 1.096821e-01
      vertex   -2.700000e+01 -3.258819e+00 3.407417e-02
      vertex   -2.684609e+01 -3.185744e+00 2.953101e-02
    endloop
  endfacet
  facet normal 3.135991e-01 -2.475550e-01 -9.167181e-01
    outer loop
      vertex   -2.677977e+01 -3.398536e+00 1.096821e-01
      vertex   -2.684609e+01 -3.185744e+00 2.953101e-02
      vertex   -2.661136e+01 -3.084530e+00 8.249758e-02
    endloop
  endfacet
  facet normal 3.663208e-01 -4.620595e-01 -8.076571e-01
    outer loop
      vertex   -2.674551e+01 -3.594936e+00 2.375775e-01
      vertex   -2.677977e+01 -3.398536e+00 1.096821e-01
      vertex   -2.654096e+01 -3.310406e+00 1.675766e-01
    endloop
  endfacet
  facet normal 3.135991e-01 -2.475550e-01 -9.167181e-01
    outer loop
      vertex   -2.654096e+01 -3.310406e+00 1.675766e-01
      vertex   -2.677977e+01 -3.398536e+00 1.096821e-01
      vertex   -2.661136e+01 -3.084530e+00 8.249758e-02
    endloop
  endfacet
  facet normal 3.663208e-01 -4.620595e-01 -8.076571e-01
    outer loop
      vertex   -2.674551e+01 -3.594936e+00 2.375775e-01
      vertex   -2.654096e+01 -3.310406e+00 1.675766e-01
      vertex   -2.650460e+01 -3.518881e+00 3.033355e-01
    endloop
  endfacet
  facet normal 7.919720e-01 -4.317293e-01 -4.317293e-01
    outer loop
      vertex   -2.629745e+01 -3.583430e+00 5.925356e-01
      vertex   -2.629745e+01 -3.407464e+00 4.165699e-01
      vertex   -2.613817e+01 -3.268280e+00 5.695642e-01
    endloop
  endfacet
  facet normal 7.919720e-01 -4.317293e-01 -4.317293e-01
    outer loop
      vertex   -2.629745e+01 -3.583430e+00 5.925356e-01
      vertex   -2.613817e+01 -3.268280e+00 5.695642e-01
      vertex   -2.613817e+01 -3.430436e+00 7.317200e-01
    endloop
  endfacet
  facet normal 9.224889e-01 -2.729599e-01 -2.729599e-01
    outer loop
      vertex   -2.613817e+01 -3.430436e+00 7.317200e-01
      vertex   -2.613817e+01 -3.268280e+00 5.695642e-01
      vertex   -2.603763e+01 -3.110813e+00 7.518919e-01
    endloop
  endfacet
  facet normal 3.842763e-01 -6.528138e-01 -6.528138e-01
    outer loop
      vertex   -2.674551e+01 -3.762422e+00 4.050638e-01
      vertex   -2.674551e+01 -3.594936e+00 2.375775e-01
      vertex   -2.650460e+01 -3.518881e+00 3.033355e-01
    endloop
  endfacet
  facet normal 3.842763e-01 -6.528138e-01 -6.528138e-01
    outer loop
      vertex   -2.674551e+01 -3.762422e+00 4.050638e-01
      vertex   -2.650460e+01 -3.518881e+00 3.033355e-01
      vertex   -2.650460e+01 -3.696665e+00 4.811193e-01
    endloop
  endfacet
  facet normal 7.743828e-01 -5.834139e-01 -2.448663e-01
    outer loop
      vertex   -2.633343e+01 -3.717801e+00 7.988787e-01
      vertex   -2.629745e+01 -3.583430e+00 5.925356e-01
      vertex   -2.613817e+01 -3.430436e+00 7.317200e-01
    endloop
  endfacet
  facet normal 7.743828e-01 -5.834139e-01 -2.448663e-01
    outer loop
      vertex   -2.617133e+01 -3.554261e+00 9.218691e-01
      vertex   -2.633343e+01 -3.717801e+00 7.988787e-01
      vertex   -2.613817e+01 -3.430436e+00 7.317200e-01
    endloop
  endfacet
  facet normal 3.663208e-01 -8.076571e-01 -4.620595e-01
    outer loop
      vertex   -2.677977e+01 -3.890318e+00 6.014636e-01
      vertex   -2.674551e+01 -3.762422e+00 4.050638e-01
      vertex   -2.650460e+01 -3.696665e+00 4.811193e-01
    endloop
  endfacet
  facet normal 3.663208e-01 -8.076571e-01 -4.620595e-01
    outer loop
      vertex   -2.677977e+01 -3.890318e+00 6.014636e-01
      vertex   -2.650460e+01 -3.696665e+00 4.811193e-01
      vertex   -2.654096e+01 -3.832423e+00 6.895943e-01
    endloop
  endfacet
  facet normal 3.135991e-01 -9.167181e-01 -2.475550e-01
    outer loop
      vertex   -2.684609e+01 -3.970469e+00 8.142561e-01
      vertex   -2.677977e+01 -3.890318e+00 6.014636e-01
      vertex   -2.654096e+01 -3.832423e+00 6.895943e-01
    endloop
  endfacet
  facet normal 3.135991e-01 -9.167181e-01 -2.475550e-01
    outer loop
      vertex   -2.661136e+01 -3.917502e+00 9.154700e-01
      vertex   -2.684609e+01 -3.970469e+00 8.142561e-01
      vertex   -2.654096e+01 -3.832423e+00 6.895943e-01
    endloop
  endfacet
  facet normal 1.000000e+00 0.000000e+00 0.000000e+00
    outer loop
      vertex   -2.600000e+01 4.400000e+01 1.900000e+01
      vertex   -2.600000e+01 3.310000e+01 1.000000e+01
      vertex   -2.600000e+01 4.400000e+01 1.000000e+00
    endloop
  endfacet
  facet normal 1.000000e+00 0.000000e+00 0.000000e+00
    outer loop
      vertex   -2.600000e+01 4.400000e+01 1.000000e+00
      vertex   -2.600000e+01 3.310000e+01 1.000000e+01
      vertex   -2.600000e+01 3.303771e+01 9.288043e+00
    endloop
  endfacet
  facet normal 1.000000e+00 0.000000e+00 0.000000e+00
    outer loop
      vertex   -2.600000e+01 4.400000e+01 1.000000e+00
      vertex   -2.600000e+01 3.303771e+01 9.288043e+00
      vertex   -2.600000e+01 3.285274e+01 8.597718e+00
    endloop
  endfacet
  facet normal 1.000000e+00 -0.000000e+00 0.000000e+00
    outer loop
      vertex   -2.600000e+01 -3.000000e+00 1.900000e+01
      vertex   -2.600000e+01 2.828804e+01 1.403771e+01
      vertex   -2.600000e+01 4.400000e+01 1.900000e+01
    endloop
  endfacet
  facet normal 1.000000e+00 0.000000e+00 0.000000e+00
    outer loop
      vertex   -2.600000e+01 4.400000e+01 1.900000e+01
      vertex   -2.600000e+01 2.828804e+01 1.403771e+01
      vertex   -2.600000e+01 2.900000e+01 1.410000e+01
    endloop
  endfacet
  facet normal 1.000000e+00 0.000000e+00 0.000000e+00
    outer loop
      vertex   -2.600000e+01 4.400000e+01 1.900000e+01
      vertex   -2.600000e+01 2.900000e+01 1.410000e+01
      vertex   -2.600000e+01 2.971196e+01 1.403771e+01
    endloop
  endfacet
  facet normal 1.000000e+00 -9.349246e-16 -1.973730e-16
    outer loop
      vertex   -2.600000e+01 -3.000000e+00 1.000000e+00
      vertex   -2.600000e+01 -1.100000e+00 1.000000e+01
      vertex   -2.600000e+01 -3.000000e+00 1.900000e+01
    endloop
  endfacet
  facet normal 1.000000e+00 0.000000e+00 0.000000e+00
    outer loop
      vertex   -2.600000e+01 -3.000000e+00 1.900000e+01
      vertex   -2.600000e+01 -1.100000e+00 1.000000e+01
      vertex   -2.600000e+01 -1.037712e+00 1.071196e+01
    endloop
  endfacet
  facet normal 1.000000e+00 0.000000e+00 0.000000e+00
    outer loop
      vertex   -2.600000e+01 -3.000000e+00 1.900000e+01
      vertex   -2.600000e+01 -1.037712e+00 1.071196e+01
      vertex   -2.600000e+01 -8.527396e-01 1.140228e+01
    endloop
  endfacet
  facet normal 1.000000e+00 -7.558965e-17 -2.393375e-16
    outer loop
      vertex   -2.600000e+01 4.400000e+01 1.000000e+00
      vertex   -2.600000e+01 2.828804e+01 5.962288e+00
      vertex   -2.600000e+01 -3.000000e+00 1.000000e+00
    endloop
  endfacet
  facet normal 1.000000e+00 -7.132881e-17 -2.662027e-16
    outer loop
      vertex   -2.600000e+01 -3.000000e+00 1.000000e+00
      vertex   -2.600000e+01 2.828804e+01 5.962288e+00
      vertex   -2.600000e+01 2.759772e+01 6.147260e+00
    endloop
  endfacet
  facet normal 1.000000e+00 -1.057163e-31 -6.902145e-16
    outer loop
      vertex   -2.600000e+01 -3.000000e+00 1.000000e+00
      vertex   -2.600000e+01 2.759772e+01 6.147260e+00
      vertex   -2.600000e+01 4.402283e+00 6.147260e+00
    endloop
  endfacet
  facet normal 1.000000e+00 -0.000000e+00 0.000000e+00
    outer loop
      vertex   -2.600000e+01 4.402283e+00 6.147260e+00
      vertex   -2.600000e+01 2.759772e+01 6.147260e+00
      vertex   -2.600000e+01 5.050000e+00 6.449296e+00
    endloop
  endfacet
  facet normal 1.000000e+00 0.000000e+00 0.000000e+00
    outer loop
      vertex   -2.600000e+01 5.050000e+00 6.449296e+00
      vertex   -2.600000e+01 2.759772e+01 6.147260e+00
      vertex   -2.600000e+01 2.695000e+01 6.449296e+00
    endloop
  endfacet
  facet normal 1.000000e+00 -0.000000e+00 0.000000e+00
    outer loop
      vertex   -2.600000e+01 5.050000e+00 6.449296e+00
      vertex   -2.600000e+01 2.695000e+01 6.449296e+00
      vertex   -2.600000e+01 2.636457e+01 6.859218e+00
    endloop
  endfacet
  facet normal 1.000000e+00 0.000000e+00 0.000000e+00
    outer loop
      vertex   -2.600000e+01 2.971196e+01 5.962288e+00
      vertex   -2.600000e+01 2.900000e+01 5.900000e+00
      vertex   -2.600000e+01 4.400000e+01 1.000000e+00
    endloop
  endfacet
  facet normal 1.000000e+00 0.000000e+00 0.000000e+00
    outer loop
      vertex   -2.600000e+01 4.400000e+01 1.000000e+00
      vertex   -2.600000e+01 2.900000e+01 5.900000e+00
      vertex   -2.600000e+01 2.828804e+01 5.962288e+00
    endloop
  endfacet
  facet normal 1.000000e+00 0.000000e+00 0.000000e+00
    outer loop
      vertex   -2.600000e+01 5.050000e+00 6.449296e+00
      vertex   -2.600000e+01 2.636457e+01 6.859218e+00
      vertex   -2.600000e+01 5.635429e+00 6.859218e+00
    endloop
  endfacet
  facet normal 1.000000e+00 -0.000000e+00 0.000000e+00
    outer loop
      vertex   -2.600000e+01 5.635429e+00 6.859218e+00
      vertex   -2.600000e+01 2.636457e+01 6.859218e+00
      vertex   -2.600000e+01 2.585922e+01 7.364571e+00
    endloop
  endfacet
  facet normal 1.000000e+00 0.000000e+00 0.000000e+00
    outer loop
      vertex   -2.600000e+01 5.635429e+00 6.859218e+00
      vertex   -2.600000e+01 2.585922e+01 7.364571e+00
      vertex   -2.600000e+01 6.140782e+00 7.364571e+00
    endloop
  endfacet
  facet normal 1.000000e+00 0.000000e+00 0.000000e+00
    outer loop
      vertex   -2.600000e+01 6.140782e+00 7.364571e+00
      vertex   -2.600000e+01 2.585922e+01 7.364571e+00
      vertex   -2.600000e+01 2.544930e+01 7.950000e+00
    endloop
  endfacet
  facet normal 1.000000e+00 0.000000e+00 0.000000e+00
    outer loop
      vertex   -2.600000e+01 6.140782e+00 7.364571e+00
      vertex   -2.600000e+01 2.544930e+01 7.950000e+00
      vertex   -2.600000e+01 6.550704e+00 7.950000e+00
    endloop
  endfacet
  facet normal 1.000000e+00 -0.000000e+00 0.000000e+00
    outer loop
      vertex   -2.600000e+01 6.550704e+00 7.950000e+00
      vertex   -2.600000e+01 2.544930e+01 7.950000e+00
      vertex   -2.600000e+01 2.514726e+01 8.597718e+00
    endloop
  endfacet
  facet normal 1.000000e+00 0.000000e+00 0.000000e+00
    outer loop
      vertex   -2.600000e+01 6.550704e+00 7.950000e+00
      vertex   -2.600000e+01 2.514726e+01 8.597718e+00
      vertex   -2.600000e+01 6.852740e+00 8.597718e+00
    endloop
  endfacet
  facet normal 1.000000e+00 -0.000000e+00 0.000000e+00
    outer loop
      vertex   -2.600000e+01 6.852740e+00 8.597718e+00
      vertex   -2.600000e+01 2.514726e+01 8.597718e+00
      vertex   -2.600000e+01 2.496229e+01 9.288043e+00
    endloop
  endfacet
  facet normal 1.000000e+00 0.000000e+00 0.000000e+00
    outer loop
      vertex   -2.600000e+01 6.852740e+00 8.597718e+00
      vertex   -2.600000e+01 2.496229e+01 9.288043e+00
      vertex   -2.600000e+01 7.037712e+00 9.288043e+00
    endloop
  endfacet
  facet normal 1.000000e+00 -0.000000e+00 0.000000e+00
    outer loop
      vertex   -2.600000e+01 7.037712e+00 9.288043e+00
      vertex   -2.600000e+01 2.496229e+01 9.288043e+00
      vertex   -2.600000e+01 2.490000e+01 1.000000e+01
    endloop
  endfacet
  facet normal 1.000000e+00 0.000000e+00 0.000000e+00
    outer loop
      vertex   -2.600000e+01 7.037712e+00 9.288043e+00
      vertex   -2.600000e+01 2.490000e+01 1.000000e+01
      vertex   -2.600000e+01 7.100000e+00 1.000000e+01
    endloop
  endfacet
  facet normal 1.000000e+00 0.000000e+00 -0.000000e+00
    outer loop
      vertex   -2.600000e+01 7.100000e+00 1.000000e+01
      vertex   -2.600000e+01 2.490000e+01 1.000000e+01
      vertex   -2.600000e+01 7.037712e+00 1.071196e+01
    endloop
  endfacet
  facet normal 1.000000e+00 -0.000000e+00 0.000000e+00
    outer loop
      vertex   -2.600000e+01 7.037712e+00 1.071196e+01
      vertex   -2.600000e+01 2.490000e+01 1.000000e+01
      vertex   -2.600000e+01 2.496229e+01 1.071196e+01
    endloop
  endfacet
  facet normal 1.000000e+00 0.000000e+00 -0.000000e+00
    outer loop
      vertex   -2.600000e+01 7.037712e+00 1.071196e+01
      vertex   -2.600000e+01 2.496229e+01 1.071196e+01
      vertex   -2.600000e+01 6.852740e+00 1.140228e+01
    endloop
  endfacet
  facet normal 1.000000e+00 0.000000e+00 0.000000e+00
    outer loop
      vertex   -2.600000e+01 6.852740e+00 1.140228e+01
      vertex   -2.600000e+01 2.496229e+01 1.071196e+01
      vertex   -2.600000e+01 2.514726e+01 1.140228e+01
    endloop
  endfacet
  facet normal 1.000000e+00 -0.000000e+00 -0.000000e+00
    outer loop
      vertex   -2.600000e+01 6.852740e+00 1.140228e+01
      vertex   -2.600000e+01 2.514726e+01 1.140228e+01
      vertex   -2.600000e+01 6.550704e+00 1.205000e+01
    endloop
  endfacet
  facet normal 1.000000e+00 -0.000000e+00 0.000000e+00
    outer loop
      vertex   -2.600000e+01 6.550704e+00 1.205000e+01
      vertex   -2.600000e+01 2.514726e+01 1.140228e+01
      vertex   -2.600000e+01 2.544930e+01 1.205000e+01
    endloop
  endfacet
  facet normal 1.000000e+00 0.000000e+00 -0.000000e+00
    outer loop
      vertex   -2.600000e+01 6.550704e+00 1.205000e+01
      vertex   -2.600000e+01 2.544930e+01 1.205000e+01
      vertex   -2.600000e+01 6.140782e+00 1.263543e+01
    endloop
  endfacet
  facet normal 1.000000e+00 -0.000000e+00 0.000000e+00
    outer loop
      vertex   -2.600000e+01 6.140782e+00 1.263543e+01
      vertex   -2.600000e+01 2.544930e+01 1.205000e+01
      vertex   -2.600000e+01 2.585922e+01 1.263543e+01
    endloop
  endfacet
  facet normal 1.000000e+00 0.000000e+00 -0.000000e+00
    outer loop
      vertex   -2.600000e+01 6.140782e+00 1.263543e+01
      vertex   -2.600000e+01 2.585922e+01 1.263543e+01
      vertex   -2.600000e+01 5.635429e+00 1.314078e+01
    endloop
  endfacet
  facet normal 1.000000e+00 -0.000000e+00 0.000000e+00
    outer loop
      vertex   -2.600000e+01 5.635429e+00 1.314078e+01
      vertex   -2.600000e+01 2.585922e+01 1.263543e+01
      vertex   -2.600000e+01 2.636457e+01 1.314078e+01
    endloop
  endfacet
  facet normal 1.000000e+00 0.000000e+00 -0.000000e+00
    outer loop
      vertex   -2.600000e+01 5.635429e+00 1.314078e+01
      vertex   -2.600000e+01 2.636457e+01 1.314078e+01
      vertex   -2.600000e+01 5.050000e+00 1.355070e+01
    endloop
  endfacet
  facet normal 1.000000e+00 -0.000000e+00 0.000000e+00
    outer loop
      vertex   -2.600000e+01 5.050000e+00 1.355070e+01
      vertex   -2.600000e+01 2.636457e+01 1.314078e+01
      vertex   -2.600000e+01 2.695000e+01 1.355070e+01
    endloop
  endfacet
  facet normal 1.000000e+00 0.000000e+00 0.000000e+00
    outer loop
      vertex   -2.600000e+01 5.050000e+00 1.355070e+01
      vertex   -2.600000e+01 2.695000e+01 1.355070e+01
      vertex   -2.600000e+01 2.759772e+01 1.385274e+01
    endloop
  endfacet
  facet normal 1.000000e+00 0.000000e+00 0.000000e+00
    outer loop
      vertex   -2.600000e+01 2.828804e+01 1.403771e+01
      vertex   -2.600000e+01 -3.000000e+00 1.900000e+01
      vertex   -2.600000e+01 2.759772e+01 1.385274e+01
    endloop
  endfacet
  facet normal 1.000000e+00 0.000000e+00 0.000000e+00
    outer loop
      vertex   -2.600000e+01 2.759772e+01 1.385274e+01
      vertex   -2.600000e+01 -3.000000e+00 1.900000e+01
      vertex   -2.600000e+01 4.402283e+00 1.385274e+01
    endloop
  endfacet
  facet normal 1.000000e+00 0.000000e+00 0.000000e+00
    outer loop
      vertex   -2.600000e+01 2.759772e+01 1.385274e+01
      vertex   -2.600000e+01 4.402283e+00 1.385274e+01
      vertex   -2.600000e+01 5.050000e+00 1.355070e+01
    endloop
  endfacet
  facet normal 1.000000e+00 -0.000000e+00 0.000000e+00
    outer loop
      vertex   -2.600000e+01 2.971196e+01 1.403771e+01
      vertex   -2.600000e+01 3.040228e+01 1.385274e+01
      vertex   -2.600000e+01 4.400000e+01 1.900000e+01
    endloop
  endfacet
  facet normal 1.000000e+00 0.000000e+00 0.000000e+00
    outer loop
      vertex   -2.600000e+01 4.400000e+01 1.900000e+01
      vertex   -2.600000e+01 3.040228e+01 1.385274e+01
      vertex   -2.600000e+01 3.105000e+01 1.355070e+01
    endloop
  endfacet
  facet normal 1.000000e+00 0.000000e+00 0.000000e+00
    outer loop
      vertex   -2.600000e+01 4.400000e+01 1.900000e+01
      vertex   -2.600000e+01 3.105000e+01 1.355070e+01
      vertex   -2.600000e+01 3.163543e+01 1.314078e+01
    endloop
  endfacet
  facet normal 1.000000e+00 -0.000000e+00 0.000000e+00
    outer loop
      vertex   -2.600000e+01 3.163543e+01 1.314078e+01
      vertex   -2.600000e+01 3.214078e+01 1.263543e+01
      vertex   -2.600000e+01 4.400000e+01 1.900000e+01
    endloop
  endfacet
  facet normal 1.000000e+00 0.000000e+00 0.000000e+00
    outer loop
      vertex   -2.600000e+01 4.400000e+01 1.900000e+01
      vertex   -2.600000e+01 3.214078e+01 1.263543e+01
      vertex   -2.600000e+01 3.255070e+01 1.205000e+01
    endloop
  endfacet
  facet normal 1.000000e+00 0.000000e+00 0.000000e+00
    outer loop
      vertex   -2.600000e+01 4.400000e+01 1.900000e+01
      vertex   -2.600000e+01 3.255070e+01 1.205000e+01
      vertex   -2.600000e+01 3.285274e+01 1.140228e+01
    endloop
  endfacet
  facet normal 1.000000e+00 -0.000000e+00 0.000000e+00
    outer loop
      vertex   -2.600000e+01 3.285274e+01 1.140228e+01
      vertex   -2.600000e+01 3.303771e+01 1.071196e+01
      vertex   -2.600000e+01 4.400000e+01 1.900000e+01
    endloop
  endfacet
  facet normal 1.000000e+00 0.000000e+00 0.000000e+00
    outer loop
      vertex   -2.600000e+01 4.400000e+01 1.900000e+01
      vertex   -2.600000e+01 3.303771e+01 1.071196e+01
      vertex   -2.600000e+01 3.310000e+01 1.000000e+01
    endloop
  endfacet
  facet normal 1.000000e+00 0.000000e+00 0.000000e+00
    outer loop
      vertex   -2.600000e+01 3.285274e+01 8.597718e+00
      vertex   -2.600000e+01 3.255070e+01 7.950000e+00
      vertex   -2.600000e+01 4.400000e+01 1.000000e+00
    endloop
  endfacet
  facet normal 1.000000e+00 0.000000e+00 0.000000e+00
    outer loop
      vertex   -2.600000e+01 4.400000e+01 1.000000e+00
      vertex   -2.600000e+01 3.255070e+01 7.950000e+00
      vertex   -2.600000e+01 3.214078e+01 7.364571e+00
    endloop
  endfacet
  facet normal 1.000000e+00 0.000000e+00 0.000000e+00
    outer loop
      vertex   -2.600000e+01 4.400000e+01 1.000000e+00
      vertex   -2.600000e+01 3.214078e+01 7.364571e+00
      vertex   -2.600000e+01 3.163543e+01 6.859218e+00
    endloop
  endfacet
  facet normal 1.000000e+00 0.000000e+00 0.000000e+00
    outer loop
      vertex   -2.600000e+01 3.163543e+01 6.859218e+00
      vertex   -2.600000e+01 3.105000e+01 6.449296e+00
      vertex   -2.600000e+01 4.400000e+01 1.000000e+00
    endloop
  endfacet
  facet normal 1.000000e+00 0.000000e+00 0.000000e+00
    outer loop
      vertex   -2.600000e+01 4.400000e+01 1.000000e+00
      vertex   -2.600000e+01 3.105000e+01 6.449296e+00
      vertex   -2.600000e+01 3.040228e+01 6.147260e+00
    endloop
  endfacet
  facet normal 1.000000e+00 0.000000e+00 0.000000e+00
    outer loop
      vertex   -2.600000e+01 4.400000e+01 1.000000e+00
      vertex   -2.600000e+01 3.040228e+01 6.147260e+00
      vertex   -2.600000e+01 2.971196e+01 5.962288e+00
    endloop
  endfacet
  facet normal 1.000000e+00 7.104396e-17 -8.120362e-16
    outer loop
      vertex   -2.600000e+01 3.711958e+00 5.962288e+00
      vertex   -2.600000e+01 3.000000e+00 5.900000e+00
      vertex   -2.600000e+01 -3.000000e+00 1.000000e+00
    endloop
  endfacet
  facet normal 1.000000e+00 -5.729513e-17 -6.548863e-16
    outer loop
      vertex   -2.600000e+01 -3.000000e+00 1.000000e+00
      vertex   -2.600000e+01 3.000000e+00 5.900000e+00
      vertex   -2.600000e+01 2.288043e+00 5.962288e+00
    endloop
  endfacet
  facet normal 1.000000e+00 -1.492263e-16 -5.569202e-16
    outer loop
      vertex   -2.600000e+01 -3.000000e+00 1.000000e+00
      vertex   -2.600000e+01 2.288043e+00 5.962288e+00
      vertex   -2.600000e+01 1.597718e+00 6.147260e+00
    endloop
  endfacet
  facet normal 1.000000e+00 -2.272129e-16 -4.872597e-16
    outer loop
      vertex   -2.600000e+01 1.597718e+00 6.147260e+00
      vertex   -2.600000e+01 9.500001e-01 6.449296e+00
      vertex   -2.600000e+01 -3.000000e+00 1.000000e+00
    endloop
  endfacet
  facet normal 1.000000e+00 -3.028122e-16 -4.324606e-16
    outer loop
      vertex   -2.600000e+01 -3.000000e+00 1.000000e+00
      vertex   -2.600000e+01 9.500001e-01 6.449296e+00
      vertex   -2.600000e+01 3.645709e-01 6.859218e+00
    endloop
  endfacet
  facet normal 1.000000e+00 -3.851686e-16 -3.851686e-16
    outer loop
      vertex   -2.600000e+01 -3.000000e+00 1.000000e+00
      vertex   -2.600000e+01 3.645709e-01 6.859218e+00
      vertex   -2.600000e+01 -1.407821e-01 7.364571e+00
    endloop
  endfacet
  facet normal 1.000000e+00 -4.856261e-16 -3.400391e-16
    outer loop
      vertex   -2.600000e+01 -1.407821e-01 7.364571e+00
      vertex   -2.600000e+01 -5.507041e-01 7.950000e+00
      vertex   -2.600000e+01 -3.000000e+00 1.000000e+00
    endloop
  endfacet
  facet normal 1.000000e+00 -6.243638e-16 -2.911456e-16
    outer loop
      vertex   -2.600000e+01 -3.000000e+00 1.000000e+00
      vertex   -2.600000e+01 -5.507041e-01 7.950000e+00
      vertex   -2.600000e+01 -8.527396e-01 8.597718e+00
    endloop
  endfacet
  facet normal 1.000000e+00 -8.493092e-16 -2.275717e-16
    outer loop
      vertex   -2.600000e+01 -3.000000e+00 1.000000e+00
      vertex   -2.600000e+01 -8.527396e-01 8.597718e+00
      vertex   -2.600000e+01 -1.037712e+00 9.288043e+00
    endloop
  endfacet
  facet normal 1.000000e+00 -1.321990e-15 -1.156591e-16
    outer loop
      vertex   -2.600000e+01 -1.037712e+00 9.288043e+00
      vertex   -2.600000e+01 -1.100000e+00 1.000000e+01
      vertex   -2.600000e+01 -3.000000e+00 1.000000e+00
    endloop
  endfacet
  facet normal 1.000000e+00 0.000000e+00 -0.000000e+00
    outer loop
      vertex   -2.600000e+01 -8.527396e-01 1.140228e+01
      vertex   -2.600000e+01 -5.507041e-01 1.205000e+01
      vertex   -2.600000e+01 -3.000000e+00 1.900000e+01
    endloop
  endfacet
  facet normal 1.000000e+00 0.000000e+00 0.000000e+00
    outer loop
      vertex   -2.600000e+01 -3.000000e+00 1.900000e+01
      vertex   -2.600000e+01 -5.507041e-01 1.205000e+01
      vertex   -2.600000e+01 -1.407821e-01 1.263543e+01
    endloop
  endfacet
  facet normal 1.000000e+00 0.000000e+00 0.000000e+00
    outer loop
      vertex   -2.600000e+01 -3.000000e+00 1.900000e+01
      vertex   -2.600000e+01 -1.407821e-01 1.263543e+01
      vertex   -2.600000e+01 3.645709e-01 1.314078e+01
    endloop
  endfacet
  facet normal 1.000000e+00 0.000000e+00 -0.000000e+00
    outer loop
      vertex   -2.600000e+01 3.645709e-01 1.314078e+01
      vertex   -2.600000e+01 9.500001e-01 1.355070e+01
      vertex   -2.600000e+01 -3.000000e+00 1.900000e+01
    endloop
  endfacet
  facet normal 1.000000e+00 0.000000e+00 0.000000e+00
    outer loop
      vertex   -2.600000e+01 -3.000000e+00 1.900000e+01
      vertex   -2.600000e+01 9.500001e-01 1.355070e+01
      vertex   -2.600000e+01 1.597718e+00 1.385274e+01
    endloop
  endfacet
  facet normal 1.000000e+00 0.000000e+00 0.000000e+00
    outer loop
      vertex   -2.600000e+01 -3.000000e+00 1.900000e+01
      vertex   -2.600000e+01 1.597718e+00 1.385274e+01
      vertex   -2.600000e+01 2.288043e+00 1.403771e+01
    endloop
  endfacet
  facet normal 1.000000e+00 0.000000e+00 -0.000000e+00
    outer loop
      vertex   -2.600000e+01 2.288043e+00 1.403771e+01
      vertex   -2.600000e+01 3.000000e+00 1.410000e+01
      vertex   -2.600000e+01 -3.000000e+00 1.900000e+01
    endloop
  endfacet
  facet normal 1.000000e+00 0.000000e+00 0.000000e+00
    outer loop
      vertex   -2.600000e+01 -3.000000e+00 1.900000e+01
      vertex   -2.600000e+01 3.000000e+00 1.410000e+01
      vertex   -2.600000e+01 3.711958e+00 1.403771e+01
    endloop
  endfacet
  facet normal 1.000000e+00 0.000000e+00 0.000000e+00
    outer loop
      vertex   -2.600000e+01 -3.000000e+00 1.900000e+01
      vertex   -2.600000e+01 3.711958e+00 1.403771e+01
      vertex   -2.600000e+01 4.402283e+00 1.385274e+01
    endloop
  endfacet
  facet normal 1.000000e+00 3.008848e-16 -1.122917e-15
    outer loop
      vertex   -2.600000e+01 4.402283e+00 6.147260e+00
      vertex   -2.600000e+01 3.711958e+00 5.962288e+00
      vertex   -2.600000e+01 -3.000000e+00 1.000000e+00
    endloop
  endfacet
  facet normal -2.201450e-16 -1.305262e-01 -9.914449e-01
    outer loop
      vertex   -3.400000e+01 -3.000000e+00 1.785239e-13
      vertex   -2.700000e+01 -3.000000e+00 1.769696e-13
      vertex   -3.050000e+01 -3.258819e+00 3.407417e-02
    endloop
  endfacet
  facet normal -3.655979e-16 -1.305262e-01 -9.914449e-01
    outer loop
      vertex   -3.050000e+01 -3.258819e+00 3.407417e-02
      vertex   -2.700000e+01 -3.000000e+00 1.769696e-13
      vertex   -2.700000e+01 -3.258819e+00 3.407417e-02
    endloop
  endfacet
  facet normal -3.406830e-16 -3.826834e-01 -9.238795e-01
    outer loop
      vertex   -3.050000e+01 -3.258819e+00 3.407417e-02
      vertex   -2.700000e+01 -3.258819e+00 3.407417e-02
      vertex   -3.050000e+01 -3.500000e+00 1.339746e-01
    endloop
  endfacet
  facet normal -3.589993e-16 -3.826834e-01 -9.238795e-01
    outer loop
      vertex   -3.050000e+01 -3.500000e+00 1.339746e-01
      vertex   -2.700000e+01 -3.258819e+00 3.407417e-02
      vertex   -2.700000e+01 -3.500000e+00 1.339746e-01
    endloop
  endfacet
  facet normal -3.082797e-16 -6.087614e-01 -7.933533e-01
    outer loop
      vertex   -3.050000e+01 -3.500000e+00 1.339746e-01
      vertex   -2.700000e+01 -3.500000e+00 1.339746e-01
      vertex   -3.050000e+01 -3.707107e+00 2.928932e-01
    endloop
  endfacet
  facet normal -4.187222e-16 -6.087614e-01 -7.933533e-01
    outer loop
      vertex   -3.050000e+01 -3.707107e+00 2.928932e-01
      vertex   -2.700000e+01 -3.500000e+00 1.339746e-01
      vertex   -2.700000e+01 -3.707107e+00 2.928932e-01
    endloop
  endfacet
  facet normal -4.040838e-16 -7.933533e-01 -6.087614e-01
    outer loop
      vertex   -3.050000e+01 -3.707107e+00 2.928932e-01
      vertex   -2.700000e+01 -3.707107e+00 2.928932e-01
      vertex   -3.050000e+01 -3.866025e+00 5.000000e-01
    endloop
  endfacet
  facet normal -3.944286e-16 -7.933533e-01 -6.087614e-01
    outer loop
      vertex   -3.050000e+01 -3.866025e+00 5.000000e-01
      vertex   -2.700000e+01 -3.707107e+00 2.928932e-01
      vertex   -2.700000e+01 -3.866025e+00 5.000000e-01
    endloop
  endfacet
  facet normal -3.558382e-16 -9.238795e-01 -3.826834e-01
    outer loop
      vertex   -3.050000e+01 -3.866025e+00 5.000000e-01
      vertex   -2.700000e+01 -3.866025e+00 5.000000e-01
      vertex   -3.050000e+01 -3.965926e+00 7.411810e-01
    endloop
  endfacet
  facet normal -3.194213e-16 -9.238795e-01 -3.826834e-01
    outer loop
      vertex   -3.050000e+01 -3.965926e+00 7.411810e-01
      vertex   -2.700000e+01 -3.866025e+00 5.000000e-01
      vertex   -2.700000e+01 -3.965926e+00 7.411810e-01
    endloop
  endfacet
  facet normal -2.805769e-16 -9.914449e-01 -1.305262e-01
    outer loop
      vertex   -3.050000e+01 -3.965926e+00 7.411810e-01
      vertex   -2.700000e+01 -3.965926e+00 7.411810e-01
      vertex   -2.700000e+01 -4.000000e+00 1.000000e+00
    endloop
  endfacet
  facet normal -2.898264e-17 -9.914449e-01 -1.305262e-01
    outer loop
      vertex   -2.700000e+01 -4.000000e+00 1.000000e+00
      vertex   -3.400000e+01 -4.000000e+00 1.000000e+00
      vertex   -3.050000e+01 -3.965926e+00 7.411810e-01
    endloop
  endfacet
  facet normal 2.267520e-16 -9.914449e-01 -1.305262e-01
    outer loop
      vertex   -3.050000e+01 -3.965926e+00 7.411810e-01
      vertex   -3.400000e+01 -4.000000e+00 1.000000e+00
      vertex   -3.400000e+01 -3.965926e+00 7.411810e-01
    endloop
  endfacet
  facet normal 1.616147e-16 -9.238795e-01 -3.826834e-01
    outer loop
      vertex   -3.050000e+01 -3.965926e+00 7.411810e-01
      vertex   -3.400000e+01 -3.965926e+00 7.411810e-01
      vertex   -3.050000e+01 -3.866025e+00 5.000000e-01
    endloop
  endfacet
  facet normal 8.080736e-17 -9.238795e-01 -3.826834e-01
    outer loop
      vertex   -3.050000e+01 -3.866025e+00 5.000000e-01
      vertex   -3.400000e+01 -3.965926e+00 7.411810e-01
      vertex   -3.400000e+01 -3.866025e+00 5.000000e-01
    endloop
  endfacet
  facet normal 4.273182e-17 -7.933533e-01 -6.087614e-01
    outer loop
      vertex   -3.050000e+01 -3.866025e+00 5.000000e-01
      vertex   -3.400000e+01 -3.866025e+00 5.000000e-01
      vertex   -3.050000e+01 -3.707107e+00 2.928932e-01
    endloop
  endfacet
  facet normal 1.240843e-16 -7.933533e-01 -6.087614e-01
    outer loop
      vertex   -3.050000e+01 -3.707107e+00 2.928932e-01
      vertex   -3.400000e+01 -3.866025e+00 5.000000e-01
      vertex   -3.400000e+01 -3.707107e+00 2.928932e-01
    endloop
  endfacet
  facet normal 5.381974e-17 -6.087614e-01 -7.933533e-01
    outer loop
      vertex   -3.050000e+01 -3.707107e+00 2.928932e-01
      vertex   -3.400000e+01 -3.707107e+00 2.928932e-01
      vertex   -3.050000e+01 -3.500000e+00 1.339746e-01
    endloop
  endfacet
  facet normal -3.774853e-17 -6.087614e-01 -7.933533e-01
    outer loop
      vertex   -3.050000e+01 -3.500000e+00 1.339746e-01
      vertex   -3.400000e+01 -3.707107e+00 2.928932e-01
      vertex   -3.400000e+01 -3.500000e+00 1.339746e-01
    endloop
  endfacet
  facet normal -4.395910e-17 -3.826834e-01 -9.238795e-01
    outer loop
      vertex   -3.050000e+01 -3.500000e+00 1.339746e-01
      vertex   -3.400000e+01 -3.500000e+00 1.339746e-01
      vertex   -3.050000e+01 -3.258819e+00 3.407417e-02
    endloop
  endfacet
  facet normal -8.059168e-17 -3.826834e-01 -9.238795e-01
    outer loop
      vertex   -3.050000e+01 -3.258819e+00 3.407417e-02
      vertex   -3.400000e+01 -3.500000e+00 1.339746e-01
      vertex   -3.400000e+01 -3.258819e+00 3.407417e-02
    endloop
  endfacet
  facet normal -8.648553e-17 -1.305262e-01 -9.914449e-01
    outer loop
      vertex   -3.050000e+01 -3.258819e+00 3.407417e-02
      vertex   -3.400000e+01 -3.258819e+00 3.407417e-02
      vertex   -3.400000e+01 -3.000000e+00 1.785239e-13
    endloop
  endfacet
  facet normal 0.000000e+00 -9.914449e-01 1.305262e-01
    outer loop
      vertex   -3.400000e+01 -4.000000e+00 1.900000e+01
      vertex   -2.700000e+01 -4.000000e+00 1.900000e+01
      vertex   -3.050000e+01 -3.965926e+00 1.925882e+01
    endloop
  endfacet
  facet normal -6.356806e-16 -9.914449e-01 1.305262e-01
    outer loop
      vertex   -3.050000e+01 -3.965926e+00 1.925882e+01
      vertex   -2.700000e+01 -4.000000e+00 1.900000e+01
      vertex   -2.700000e+01 -3.965926e+00 1.925882e+01
    endloop
  endfacet
  facet normal -8.573441e-16 -9.238795e-01 3.826834e-01
    outer loop
      vertex   -3.050000e+01 -3.965926e+00 1.925882e+01
      vertex   -2.700000e+01 -3.965926e+00 1.925882e+01
      vertex   -3.050000e+01 -3.866025e+00 1.950000e+01
    endloop
  endfacet
  facet normal -2.344485e-16 -9.238795e-01 3.826834e-01
    outer loop
      vertex   -3.050000e+01 -3.866025e+00 1.950000e+01
      vertex   -2.700000e+01 -3.965926e+00 1.925882e+01
      vertex   -2.700000e+01 -3.866025e+00 1.950000e+01
    endloop
  endfacet
  facet normal -2.013255e-16 -7.933533e-01 6.087614e-01
    outer loop
      vertex   -3.050000e+01 -3.866025e+00 1.950000e+01
      vertex   -2.700000e+01 -3.866025e+00 1.950000e+01
      vertex   -3.050000e+01 -3.707107e+00 1.970711e+01
    endloop
  endfacet
  facet normal -3.019883e-16 -7.933533e-01 6.087614e-01
    outer loop
      vertex   -3.050000e+01 -3.707107e+00 1.970711e+01
      vertex   -2.700000e+01 -3.866025e+00 1.950000e+01
      vertex   -2.700000e+01 -3.707107e+00 1.970711e+01
    endloop
  endfacet
  facet normal -2.317238e-16 -6.087614e-01 7.933533e-01
    outer loop
      vertex   -3.050000e+01 -3.707107e+00 1.970711e+01
      vertex   -2.700000e+01 -3.707107e+00 1.970711e+01
      vertex   -3.050000e+01 -3.500000e+00 1.986603e+01
    endloop
  endfacet
  facet normal -1.037026e-15 -6.087614e-01 7.933533e-01
    outer loop
      vertex   -3.050000e+01 -3.500000e+00 1.986603e+01
      vertex   -2.700000e+01 -3.707107e+00 1.970711e+01
      vertex   -2.700000e+01 -3.500000e+00 1.986603e+01
    endloop
  endfacet
  facet normal -1.083462e-15 -3.826834e-01 9.238795e-01
    outer loop
      vertex   -3.050000e+01 -3.500000e+00 1.986603e+01
      vertex   -2.700000e+01 -3.500000e+00 1.986603e+01
      vertex   -3.050000e+01 -3.258819e+00 1.996593e+01
    endloop
  endfacet
  facet normal 0.000000e+00 -3.826834e-01 9.238795e-01
    outer loop
      vertex   -3.050000e+01 -3.258819e+00 1.996593e+01
      vertex   -2.700000e+01 -3.500000e+00 1.986603e+01
      vertex   -2.700000e+01 -3.258819e+00 1.996593e+01
    endloop
  endfacet
  facet normal 0.000000e+00 -1.305262e-01 9.914449e-01
    outer loop
      vertex   -3.050000e+01 -3.258819e+00 1.996593e+01
      vertex   -2.700000e+01 -3.258819e+00 1.996593e+01
      vertex   -2.700000e+01 -3.000000e+00 2.000000e+01
    endloop
  endfacet
  facet normal 0.000000e+00 -1.305262e-01 9.914449e-01
    outer loop
      vertex   -2.700000e+01 -3.000000e+00 2.000000e+01
      vertex   -3.400000e+01 -3.000000e+00 2.000000e+01
      vertex   -3.050000e+01 -3.258819e+00 1.996593e+01
    endloop
  endfacet
  facet normal 1.656151e-17 -1.305262e-01 9.914449e-01
    outer loop
      vertex   -3.050000e+01 -3.258819e+00 1.996593e+01
      vertex   -3.400000e+01 -3.000000e+00 2.000000e+01
      vertex   -3.400000e+01 -3.258819e+00 1.996593e+01
    endloop
  endfacet
  facet normal 4.855588e-17 -3.826834e-01 9.238795e-01
    outer loop
      vertex   -3.050000e+01 -3.258819e+00 1.996593e+01
      vertex   -3.400000e+01 -3.258819e+00 1.996593e+01
      vertex   -3.050000e+01 -3.500000e+00 1.986603e+01
    endloop
  endfacet
  facet normal 1.083462e-15 -3.826834e-01 9.238795e-01
    outer loop
      vertex   -3.050000e+01 -3.500000e+00 1.986603e+01
      vertex   -3.400000e+01 -3.258819e+00 1.996593e+01
      vertex   -3.400000e+01 -3.500000e+00 1.986603e+01
    endloop
  endfacet
  facet normal 1.037026e-15 -6.087614e-01 7.933533e-01
    outer loop
      vertex   -3.050000e+01 -3.500000e+00 1.986603e+01
      vertex   -3.400000e+01 -3.500000e+00 1.986603e+01
      vertex   -3.050000e+01 -3.707107e+00 1.970711e+01
    endloop
  endfacet
  facet normal 2.317238e-16 -6.087614e-01 7.933533e-01
    outer loop
      vertex   -3.050000e+01 -3.707107e+00 1.970711e+01
      vertex   -3.400000e+01 -3.500000e+00 1.986603e+01
      vertex   -3.400000e+01 -3.707107e+00 1.970711e+01
    endloop
  endfacet
  facet normal 3.019883e-16 -7.933533e-01 6.087614e-01
    outer loop
      vertex   -3.050000e+01 -3.707107e+00 1.970711e+01
      vertex   -3.400000e+01 -3.707107e+00 1.970711e+01
      vertex   -3.050000e+01 -3.866025e+00 1.950000e+01
    endloop
  endfacet
  facet normal 2.013255e-16 -7.933533e-01 6.087614e-01
    outer loop
      vertex   -3.050000e+01 -3.866025e+00 1.950000e+01
      vertex   -3.400000e+01 -3.707107e+00 1.970711e+01
      vertex   -3.400000e+01 -3.866025e+00 1.950000e+01
    endloop
  endfacet
  facet normal 2.344485e-16 -9.238795e-01 3.826834e-01
    outer loop
      vertex   -3.050000e+01 -3.866025e+00 1.950000e+01
      vertex   -3.400000e+01 -3.866025e+00 1.950000e+01
      vertex   -3.050000e+01 -3.965926e+00 1.925882e+01
    endloop
  endfacet
  facet normal 3.516728e-16 -9.238795e-01 3.826834e-01
    outer loop
      vertex   -3.050000e+01 -3.965926e+00 1.925882e+01
      vertex   -3.400000e+01 -3.866025e+00 1.950000e+01
      vertex   -3.400000e+01 -3.965926e+00 1.925882e+01
    endloop
  endfacet
  facet normal 3.773914e-16 -9.914449e-01 1.305262e-01
    outer loop
      vertex   -3.050000e+01 -3.965926e+00 1.925882e+01
      vertex   -3.400000e+01 -3.965926e+00 1.925882e+01
      vertex   -3.400000e+01 -4.000000e+00 1.900000e+01
    endloop
  endfacet
  facet normal 0.000000e+00 -1.000000e+00 0.000000e+00
    outer loop
      vertex   -2.700000e+01 -4.000000e+00 1.000000e+00
      vertex   -2.700000e+01 -4.000000e+00 1.900000e+01
      vertex   -3.400000e+01 -4.000000e+00 1.000000e+00
    endloop
  endfacet
  facet normal 0.000000e+00 -1.000000e+00 0.000000e+00
    outer loop
      vertex   -3.400000e+01 -4.000000e+00 1.000000e+00
      vertex   -2.700000e+01 -4.000000e+00 1.900000e+01
      vertex   -3.400000e+01 -4.000000e+00 1.900000e+01
    endloop
  endfacet
  facet normal 9.933493e-02 -2.035787e-03 -9.950520e-01
    outer loop
      vertex   4.195090e+00 6.051260e+01 1.921472e-02
      vertex   4.258819e+00 5.635920e+01 3.407417e-02
      vertex   4.000000e+00 6.038506e+01 4.352074e-13
    endloop
  endfacet
  facet normal 1.305262e-01 0.000000e+00 -9.914449e-01
    outer loop
      vertex   4.000000e+00 6.038506e+01 4.352074e-13
      vertex   4.258819e+00 5.635920e+01 3.407417e-02
      vertex   4.258819e+00 5.167960e+01 3.407417e-02
    endloop
  endfacet
  facet normal 1.305262e-01 2.433733e-14 -9.914449e-01
    outer loop
      vertex   4.000000e+00 6.038506e+01 4.352074e-13
      vertex   4.258819e+00 5.167960e+01 3.407417e-02
      vertex   4.000000e+00 4.700000e+01 1.065814e-13
    endloop
  endfacet
  facet normal 1.305262e-01 1.164415e-16 -9.914449e-01
    outer loop
      vertex   4.000000e+00 4.700000e+01 1.065814e-13
      vertex   4.258819e+00 5.167960e+01 3.407417e-02
      vertex   4.258819e+00 4.700000e+01 3.407417e-02
    endloop
  endfacet
  facet normal 3.826834e-01 1.095941e-16 -9.238795e-01
    outer loop
      vertex   4.258819e+00 4.700000e+01 3.407417e-02
      vertex   4.258819e+00 5.167960e+01 3.407417e-02
      vertex   4.500000e+00 4.700000e+01 1.339746e-01
    endloop
  endfacet
  facet normal 3.826834e-01 1.643911e-16 -9.238795e-01
    outer loop
      vertex   4.500000e+00 4.700000e+01 1.339746e-01
      vertex   4.258819e+00 5.167960e+01 3.407417e-02
      vertex   4.500000e+00 5.167960e+01 1.339746e-01
    endloop
  endfacet
  facet normal 6.087614e-01 1.411658e-16 -7.933533e-01
    outer loop
      vertex   4.500000e+00 4.700000e+01 1.339746e-01
      vertex   4.500000e+00 5.167960e+01 1.339746e-01
      vertex   4.707107e+00 4.700000e+01 2.928932e-01
    endloop
  endfacet
  facet normal 6.087614e-01 1.411658e-16 -7.933533e-01
    outer loop
      vertex   4.707107e+00 4.700000e+01 2.928932e-01
      vertex   4.500000e+00 5.167960e+01 1.339746e-01
      vertex   4.707107e+00 5.167960e+01 2.928932e-01
    endloop
  endfacet
  facet normal 7.933533e-01 1.083203e-16 -6.087614e-01
    outer loop
      vertex   4.707107e+00 4.700000e+01 2.928932e-01
      vertex   4.707107e+00 5.167960e+01 2.928932e-01
      vertex   4.866025e+00 4.700000e+01 5.000000e-01
    endloop
  endfacet
  facet normal 7.933533e-01 7.221356e-17 -6.087614e-01
    outer loop
      vertex   4.866025e+00 4.700000e+01 5.000000e-01
      vertex   4.707107e+00 5.167960e+01 2.928932e-01
      vertex   4.866025e+00 5.167960e+01 5.000000e-01
    endloop
  endfacet
  facet normal 9.238795e-01 4.539534e-17 -3.826834e-01
    outer loop
      vertex   4.866025e+00 4.700000e+01 5.000000e-01
      vertex   4.866025e+00 5.167960e+01 5.000000e-01
      vertex   4.965926e+00 4.700000e+01 7.411810e-01
    endloop
  endfacet
  facet normal 9.238795e-01 4.539534e-17 -3.826834e-01
    outer loop
      vertex   4.965926e+00 4.700000e+01 7.411810e-01
      vertex   4.866025e+00 5.167960e+01 5.000000e-01
      vertex   4.965926e+00 5.167960e+01 7.411810e-01
    endloop
  endfacet
  facet normal 9.914449e-01 1.548351e-17 -1.305262e-01
    outer loop
      vertex   4.965926e+00 4.700000e+01 7.411810e-01
      vertex   4.965926e+00 5.167960e+01 7.411810e-01
      vertex   5.000000e+00 4.700000e+01 1.000000e+00
    endloop
  endfacet
  facet normal 9.914449e-01 8.520111e-18 -1.305262e-01
    outer loop
      vertex   5.000000e+00 4.700000e+01 1.000000e+00
      vertex   4.965926e+00 5.167960e+01 7.411810e-01
      vertex   4.965926e+00 5.635920e+01 7.411810e-01
    endloop
  endfacet
  facet normal 9.866257e-01 -9.155629e-04 -1.629996e-01
    outer loop
      vertex   5.000000e+00 4.700000e+01 1.000000e+00
      vertex   4.965926e+00 5.635920e+01 7.411810e-01
      vertex   4.980785e+00 6.102623e+01 8.049097e-01
    endloop
  endfacet
  facet normal 9.568893e-01 9.194812e-04 -2.904515e-01
    outer loop
      vertex   4.980785e+00 6.102623e+01 8.049097e-01
      vertex   4.965926e+00 5.635920e+01 7.411810e-01
      vertex   4.923880e+00 6.098903e+01 6.173166e-01
    endloop
  endfacet
  facet normal 9.238780e-01 -1.847824e-03 -3.826828e-01
    outer loop
      vertex   4.923880e+00 6.098903e+01 6.173166e-01
      vertex   4.965926e+00 5.635920e+01 7.411810e-01
      vertex   4.866025e+00 5.635920e+01 5.000000e-01
    endloop
  endfacet
  facet normal 8.817854e-01 9.325231e-04 -4.716500e-01
    outer loop
      vertex   4.923880e+00 6.098903e+01 6.173166e-01
      vertex   4.866025e+00 5.635920e+01 5.000000e-01
      vertex   4.831470e+00 6.092862e+01 4.444298e-01
    endloop
  endfacet
  facet normal 7.933526e-01 -1.403690e-03 -6.087608e-01
    outer loop
      vertex   4.831470e+00 6.092862e+01 4.444298e-01
      vertex   4.866025e+00 5.635920e+01 5.000000e-01
      vertex   4.707107e+00 5.635920e+01 2.928932e-01
    endloop
  endfacet
  facet normal 7.730105e-01 2.365999e-17 -6.343933e-01
    outer loop
      vertex   4.831470e+00 6.092862e+01 4.444298e-01
      vertex   4.707107e+00 5.635920e+01 2.928932e-01
      vertex   4.707107e+00 6.084732e+01 2.928932e-01
    endloop
  endfacet
  facet normal 6.343933e-01 2.868283e-17 -7.730105e-01
    outer loop
      vertex   4.707107e+00 6.084732e+01 2.928932e-01
      vertex   4.707107e+00 5.635920e+01 2.928932e-01
      vertex   4.555570e+00 6.074826e+01 1.685304e-01
    endloop
  endfacet
  facet normal 6.087608e-01 -1.461374e-03 -7.933525e-01
    outer loop
      vertex   4.555570e+00 6.074826e+01 1.685304e-01
      vertex   4.707107e+00 5.635920e+01 2.928932e-01
      vertex   4.500000e+00 5.635920e+01 1.339746e-01
    endloop
  endfacet
  facet normal 4.708963e-01 9.835561e-04 -8.821880e-01
    outer loop
      vertex   4.555570e+00 6.074826e+01 1.685304e-01
      vertex   4.500000e+00 5.635920e+01 1.339746e-01
      vertex   4.382683e+00 6.063523e+01 7.612047e-02
    endloop
  endfacet
  facet normal 3.826827e-01 -2.000713e-03 -9.238777e-01
    outer loop
      vertex   4.382683e+00 6.063523e+01 7.612047e-02
      vertex   4.500000e+00 5.635920e+01 1.339746e-01
      vertex   4.258819e+00 5.635920e+01 3.407417e-02
    endloop
  endfacet
  facet normal 2.896736e-01 1.020411e-03 -9.571249e-01
    outer loop
      vertex   4.382683e+00 6.063523e+01 7.612047e-02
      vertex   4.258819e+00 5.635920e+01 3.407417e-02
      vertex   4.195090e+00 6.051260e+01 1.921472e-02
    endloop
  endfacet
  facet normal 9.951847e-01 7.721550e-18 -9.801714e-02
    outer loop
      vertex   4.980785e+00 6.102623e+01 8.049097e-01
      vertex   5.000000e+00 6.103880e+01 1.000000e+00
      vertex   5.000000e+00 4.700000e+01 1.000000e+00
    endloop
  endfacet
  facet normal 3.826834e-01 0.000000e+00 -9.238795e-01
    outer loop
      vertex   4.500000e+00 5.167960e+01 1.339746e-01
      vertex   4.258819e+00 5.167960e+01 3.407417e-02
      vertex   4.258819e+00 5.635920e+01 3.407417e-02
    endloop
  endfacet
  facet normal 6.087614e-01 2.272030e-17 -7.933533e-01
    outer loop
      vertex   4.707107e+00 5.167960e+01 2.928932e-01
      vertex   4.500000e+00 5.167960e+01 1.339746e-01
      vertex   4.500000e+00 5.635920e+01 1.339746e-01
    endloop
  endfacet
  facet normal 3.826834e-01 2.739851e-17 -9.238795e-01
    outer loop
      vertex   4.500000e+00 5.635920e+01 1.339746e-01
      vertex   4.500000e+00 5.167960e+01 1.339746e-01
      vertex   4.258819e+00 5.635920e+01 3.407417e-02
    endloop
  endfacet
  facet normal 7.933533e-01 1.136015e-17 -6.087614e-01
    outer loop
      vertex   4.866025e+00 5.167960e+01 5.000000e-01
      vertex   4.707107e+00 5.167960e+01 2.928932e-01
      vertex   4.707107e+00 5.635920e+01 2.928932e-01
    endloop
  endfacet
  facet normal 6.087614e-01 1.882211e-17 -7.933533e-01
    outer loop
      vertex   4.707107e+00 5.635920e+01 2.928932e-01
      vertex   4.707107e+00 5.167960e+01 2.928932e-01
      vertex   4.500000e+00 5.635920e+01 1.339746e-01
    endloop
  endfacet
  facet normal 9.238795e-01 2.840037e-17 -3.826834e-01
    outer loop
      vertex   4.965926e+00 5.167960e+01 7.411810e-01
      vertex   4.866025e+00 5.167960e+01 5.000000e-01
      vertex   4.866025e+00 5.635920e+01 5.000000e-01
    endloop
  endfacet
  facet normal 7.933533e-01 4.332814e-17 -6.087614e-01
    outer loop
      vertex   4.866025e+00 5.635920e+01 5.000000e-01
      vertex   4.866025e+00 5.167960e+01 5.000000e-01
      vertex   4.707107e+00 5.635920e+01 2.928932e-01
    endloop
  endfacet
  facet normal 9.238795e-01 2.723721e-17 -3.826834e-01
    outer loop
      vertex   4.965926e+00 5.635920e+01 7.411810e-01
      vertex   4.965926e+00 5.167960e+01 7.411810e-01
      vertex   4.866025e+00 5.635920e+01 5.000000e-01
    endloop
  endfacet
  facet normal -9.951935e-01 -1.605569e-03 -9.791463e-02
    outer loop
      vertex   -3.498079e+01 6.102623e+01 8.049097e-01
      vertex   -3.496593e+01 5.570223e+01 7.411810e-01
      vertex   -3.500000e+01 6.103880e+01 1.000000e+00
    endloop
  endfacet
  facet normal -9.914449e-01 0.000000e+00 -1.305262e-01
    outer loop
      vertex   -3.500000e+01 6.103880e+01 1.000000e+00
      vertex   -3.496593e+01 5.570223e+01 7.411810e-01
      vertex   -3.496593e+01 5.036566e+01 7.411810e-01
    endloop
  endfacet
  facet normal -9.914449e-01 0.000000e+00 -1.305262e-01
    outer loop
      vertex   -3.500000e+01 6.103880e+01 1.000000e+00
      vertex   -3.496593e+01 5.036566e+01 7.411810e-01
      vertex   -3.496593e+01 4.502910e+01 7.411810e-01
    endloop
  endfacet
  facet normal -9.238795e-01 0.000000e+00 -3.826834e-01
    outer loop
      vertex   -3.496593e+01 4.502910e+01 7.411810e-01
      vertex   -3.496593e+01 5.036566e+01 7.411810e-01
      vertex   -3.486603e+01 4.502910e+01 5.000000e-01
    endloop
  endfacet
  facet normal -9.238795e-01 0.000000e+00 -3.826834e-01
    outer loop
      vertex   -3.496593e+01 4.502910e+01 7.411810e-01
      vertex   -3.486603e+01 4.502910e+01 5.000000e-01
      vertex   -3.486603e+01 3.969253e+01 5.000000e-01
    endloop
  endfacet
  facet normal -7.933533e-01 0.000000e+00 -6.087614e-01
    outer loop
      vertex   -3.486603e+01 3.969253e+01 5.000000e-01
      vertex   -3.486603e+01 4.502910e+01 5.000000e-01
      vertex   -3.470711e+01 3.969253e+01 2.928932e-01
    endloop
  endfacet
  facet normal -7.933533e-01 0.000000e+00 -6.087614e-01
    outer loop
      vertex   -3.486603e+01 3.969253e+01 5.000000e-01
      vertex   -3.470711e+01 3.969253e+01 2.928932e-01
      vertex   -3.470711e+01 3.435596e+01 2.928932e-01
    endloop
  endfacet
  facet normal -6.087614e-01 0.000000e+00 -7.933533e-01
    outer loop
      vertex   -3.470711e+01 3.435596e+01 2.928932e-01
      vertex   -3.470711e+01 3.969253e+01 2.928932e-01
      vertex   -3.450000e+01 3.435596e+01 1.339746e-01
    endloop
  endfacet
  facet normal -6.087614e-01 0.000000e+00 -7.933533e-01
    outer loop
      vertex   -3.470711e+01 3.435596e+01 2.928932e-01
      vertex   -3.450000e+01 3.435596e+01 1.339746e-01
      vertex   -3.450000e+01 2.901940e+01 1.339746e-01
    endloop
  endfacet
  facet normal -3.826834e-01 0.000000e+00 -9.238795e-01
    outer loop
      vertex   -3.450000e+01 2.901940e+01 1.339746e-01
      vertex   -3.450000e+01 3.435596e+01 1.339746e-01
      vertex   -3.425882e+01 2.901940e+01 3.407417e-02
    endloop
  endfacet
  facet normal -3.826834e-01 0.000000e+00 -9.238795e-01
    outer loop
      vertex   -3.450000e+01 2.901940e+01 1.339746e-01
      vertex   -3.425882e+01 2.901940e+01 3.407417e-02
      vertex   -3.425882e+01 2.368283e+01 3.407417e-02
    endloop
  endfacet
  facet normal -1.305262e-01 0.000000e+00 -9.914449e-01
    outer loop
      vertex   -3.425882e+01 2.368283e+01 3.407417e-02
      vertex   -3.425882e+01 2.901940e+01 3.407417e-02
      vertex   -3.400000e+01 -3.000000e+00 1.785239e-13
    endloop
  endfacet
  facet normal -1.305262e-01 -0.000000e+00 -9.914449e-01
    outer loop
      vertex   -3.425882e+01 2.368283e+01 3.407417e-02
      vertex   -3.400000e+01 -3.000000e+00 1.785239e-13
      vertex   -3.425882e+01 1.834627e+01 3.407417e-02
    endloop
  endfacet
  facet normal -1.305262e-01 -2.578261e-17 -9.914449e-01
    outer loop
      vertex   -3.425882e+01 1.834627e+01 3.407417e-02
      vertex   -3.400000e+01 -3.000000e+00 1.785239e-13
      vertex   -3.425882e+01 1.300970e+01 3.407417e-02
    endloop
  endfacet
  facet normal -3.826834e-01 -2.402557e-17 -9.238795e-01
    outer loop
      vertex   -3.425882e+01 1.834627e+01 3.407417e-02
      vertex   -3.425882e+01 1.300970e+01 3.407417e-02
      vertex   -3.450000e+01 1.834627e+01 1.339746e-01
    endloop
  endfacet
  facet normal -3.826834e-01 -0.000000e+00 -9.238795e-01
    outer loop
      vertex   -3.450000e+01 1.834627e+01 1.339746e-01
      vertex   -3.425882e+01 1.300970e+01 3.407417e-02
      vertex   -3.450000e+01 1.300970e+01 1.339746e-01
    endloop
  endfacet
  facet normal -6.087614e-01 -0.000000e+00 -7.933533e-01
    outer loop
      vertex   -3.450000e+01 1.834627e+01 1.339746e-01
      vertex   -3.450000e+01 1.300970e+01 1.339746e-01
      vertex   -3.470711e+01 1.834627e+01 2.928932e-01
    endloop
  endfacet
  facet normal -6.087614e-01 -2.475747e-17 -7.933533e-01
    outer loop
      vertex   -3.470711e+01 1.834627e+01 2.928932e-01
      vertex   -3.450000e+01 1.300970e+01 1.339746e-01
      vertex   -3.470711e+01 1.300970e+01 2.928932e-01
    endloop
  endfacet
  facet normal -7.933533e-01 -1.899707e-17 -6.087614e-01
    outer loop
      vertex   -3.470711e+01 1.834627e+01 2.928932e-01
      vertex   -3.470711e+01 1.300970e+01 2.928932e-01
      vertex   -3.486603e+01 1.834627e+01 5.000000e-01
    endloop
  endfacet
  facet normal -7.933533e-01 -0.000000e+00 -6.087614e-01
    outer loop
      vertex   -3.486603e+01 1.834627e+01 5.000000e-01
      vertex   -3.470711e+01 1.300970e+01 2.928932e-01
      vertex   -3.486603e+01 1.300970e+01 5.000000e-01
    endloop
  endfacet
  facet normal -9.238795e-01 -0.000000e+00 -3.826834e-01
    outer loop
      vertex   -3.486603e+01 1.834627e+01 5.000000e-01
      vertex   -3.486603e+01 1.300970e+01 5.000000e-01
      vertex   -3.496593e+01 1.834627e+01 7.411810e-01
    endloop
  endfacet
  facet normal -9.238795e-01 -0.000000e+00 -3.826834e-01
    outer loop
      vertex   -3.496593e+01 1.834627e+01 7.411810e-01
      vertex   -3.486603e+01 1.300970e+01 5.000000e-01
      vertex   -3.496593e+01 1.300970e+01 7.411810e-01
    endloop
  endfacet
  facet normal -9.914449e-01 -0.000000e+00 -1.305262e-01
    outer loop
      vertex   -3.496593e+01 1.834627e+01 7.411810e-01
      vertex   -3.496593e+01 1.300970e+01 7.411810e-01
      vertex   -3.500000e+01 -3.000000e+00 1.000000e+00
    endloop
  endfacet
  facet normal -9.914449e-01 0.000000e+00 -1.305262e-01
    outer loop
      vertex   -3.500000e+01 -3.000000e+00 1.000000e+00
      vertex   -3.496593e+01 1.300970e+01 7.411810e-01
      vertex   -3.496593e+01 7.673133e+00 7.411810e-01
    endloop
  endfacet
  facet normal -9.914449e-01 -2.490409e-18 -1.305262e-01
    outer loop
      vertex   -3.500000e+01 -3.000000e+00 1.000000e+00
      vertex   -3.496593e+01 7.673133e+00 7.411810e-01
      vertex   -3.496593e+01 2.336566e+00 7.411810e-01
    endloop
  endfacet
  facet normal -9.238795e-01 -7.961373e-18 -3.826834e-01
    outer loop
      vertex   -3.496593e+01 2.336566e+00 7.411810e-01
      vertex   -3.496593e+01 7.673133e+00 7.411810e-01
      vertex   -3.486603e+01 2.336566e+00 5.000000e-01
    endloop
  endfacet
  facet normal -9.238795e-01 -1.241967e-14 -3.826834e-01
    outer loop
      vertex   -3.496593e+01 2.336566e+00 7.411810e-01
      vertex   -3.486603e+01 2.336566e+00 5.000000e-01
      vertex   -3.486603e+01 -3.000000e+00 5.000000e-01
    endloop
  endfacet
  facet normal -7.933533e-01 -1.255392e-14 -6.087614e-01
    outer loop
      vertex   -3.486603e+01 -3.000000e+00 5.000000e-01
      vertex   -3.486603e+01 2.336566e+00 5.000000e-01
      vertex   -3.470711e+01 -3.000000e+00 2.928932e-01
    endloop
  endfacet
  facet normal -7.933533e-01 -1.315668e-14 -6.087614e-01
    outer loop
      vertex   -3.470711e+01 -3.000000e+00 2.928932e-01
      vertex   -3.486603e+01 2.336566e+00 5.000000e-01
      vertex   -3.470711e+01 2.336566e+00 2.928932e-01
    endloop
  endfacet
  facet normal -6.087614e-01 -1.318356e-14 -7.933533e-01
    outer loop
      vertex   -3.470711e+01 -3.000000e+00 2.928932e-01
      vertex   -3.470711e+01 2.336566e+00 2.928932e-01
      vertex   -3.450000e+01 -3.000000e+00 1.339746e-01
    endloop
  endfacet
  facet normal -6.087614e-01 -1.416793e-14 -7.933533e-01
    outer loop
      vertex   -3.450000e+01 -3.000000e+00 1.339746e-01
      vertex   -3.470711e+01 2.336566e+00 2.928932e-01
      vertex   -3.450000e+01 2.336566e+00 1.339746e-01
    endloop
  endfacet
  facet normal -3.826834e-01 -1.389270e-14 -9.238795e-01
    outer loop
      vertex   -3.450000e+01 -3.000000e+00 1.339746e-01
      vertex   -3.450000e+01 2.336566e+00 1.339746e-01
      vertex   -3.425882e+01 -3.000000e+00 3.407417e-02
    endloop
  endfacet
  facet normal -3.826834e-01 -1.344527e-14 -9.238795e-01
    outer loop
      vertex   -3.425882e+01 -3.000000e+00 3.407417e-02
      vertex   -3.450000e+01 2.336566e+00 1.339746e-01
      vertex   -3.425882e+01 2.336566e+00 3.407417e-02
    endloop
  endfacet
  facet normal -1.305262e-01 -1.330955e-14 -9.914449e-01
    outer loop
      vertex   -3.425882e+01 -3.000000e+00 3.407417e-02
      vertex   -3.425882e+01 2.336566e+00 3.407417e-02
      vertex   -3.400000e+01 -3.000000e+00 1.785239e-13
    endloop
  endfacet
  facet normal -1.305262e-01 0.000000e+00 -9.914449e-01
    outer loop
      vertex   -3.400000e+01 -3.000000e+00 1.785239e-13
      vertex   -3.425882e+01 2.336566e+00 3.407417e-02
      vertex   -3.425882e+01 7.673133e+00 3.407417e-02
    endloop
  endfacet
  facet normal -1.305262e-01 0.000000e+00 -9.914449e-01
    outer loop
      vertex   -3.400000e+01 -3.000000e+00 1.785239e-13
      vertex   -3.425882e+01 7.673133e+00 3.407417e-02
      vertex   -3.425882e+01 1.300970e+01 3.407417e-02
    endloop
  endfacet
  facet normal -3.826834e-01 -0.000000e+00 -9.238795e-01
    outer loop
      vertex   -3.425882e+01 1.300970e+01 3.407417e-02
      vertex   -3.425882e+01 7.673133e+00 3.407417e-02
      vertex   -3.450000e+01 1.300970e+01 1.339746e-01
    endloop
  endfacet
  facet normal -9.568956e-01 8.057551e-04 -2.904309e-01
    outer loop
      vertex   -3.498079e+01 6.102623e+01 8.049097e-01
      vertex   -3.492388e+01 6.098903e+01 6.173166e-01
      vertex   -3.496593e+01 5.570223e+01 7.411810e-01
    endloop
  endfacet
  facet normal -9.238783e-01 -1.618204e-03 -3.826829e-01
    outer loop
      vertex   -3.496593e+01 5.570223e+01 7.411810e-01
      vertex   -3.492388e+01 6.098903e+01 6.173166e-01
      vertex   -3.486603e+01 5.570223e+01 5.000000e-01
    endloop
  endfacet
  facet normal -9.238795e-01 0.000000e+00 -3.826834e-01
    outer loop
      vertex   -3.496593e+01 5.570223e+01 7.411810e-01
      vertex   -3.486603e+01 5.570223e+01 5.000000e-01
      vertex   -3.486603e+01 5.036566e+01 5.000000e-01
    endloop
  endfacet
  facet normal -7.933533e-01 0.000000e+00 -6.087614e-01
    outer loop
      vertex   -3.486603e+01 5.036566e+01 5.000000e-01
      vertex   -3.486603e+01 5.570223e+01 5.000000e-01
      vertex   -3.470711e+01 5.036566e+01 2.928932e-01
    endloop
  endfacet
  facet normal -7.933533e-01 0.000000e+00 -6.087614e-01
    outer loop
      vertex   -3.486603e+01 5.036566e+01 5.000000e-01
      vertex   -3.470711e+01 5.036566e+01 2.928932e-01
      vertex   -3.470711e+01 4.502910e+01 2.928932e-01
    endloop
  endfacet
  facet normal -6.087614e-01 0.000000e+00 -7.933533e-01
    outer loop
      vertex   -3.470711e+01 4.502910e+01 2.928932e-01
      vertex   -3.470711e+01 5.036566e+01 2.928932e-01
      vertex   -3.450000e+01 4.502910e+01 1.339746e-01
    endloop
  endfacet
  facet normal -6.087614e-01 1.992327e-17 -7.933533e-01
    outer loop
      vertex   -3.470711e+01 4.502910e+01 2.928932e-01
      vertex   -3.450000e+01 4.502910e+01 1.339746e-01
      vertex   -3.450000e+01 3.969253e+01 1.339746e-01
    endloop
  endfacet
  facet normal -3.826834e-01 2.402557e-17 -9.238795e-01
    outer loop
      vertex   -3.450000e+01 3.969253e+01 1.339746e-01
      vertex   -3.450000e+01 4.502910e+01 1.339746e-01
      vertex   -3.425882e+01 3.969253e+01 3.407417e-02
    endloop
  endfacet
  facet normal -3.826834e-01 -2.490409e-17 -9.238795e-01
    outer loop
      vertex   -3.450000e+01 3.969253e+01 1.339746e-01
      vertex   -3.425882e+01 3.969253e+01 3.407417e-02
      vertex   -3.425882e+01 3.435596e+01 3.407417e-02
    endloop
  endfacet
  facet normal -1.305262e-01 -2.578261e-17 -9.914449e-01
    outer loop
      vertex   -3.425882e+01 3.435596e+01 3.407417e-02
      vertex   -3.425882e+01 3.969253e+01 3.407417e-02
      vertex   -3.400000e+01 -3.000000e+00 1.785239e-13
    endloop
  endfacet
  facet normal -1.305262e-01 -0.000000e+00 -9.914449e-01
    outer loop
      vertex   -3.425882e+01 3.435596e+01 3.407417e-02
      vertex   -3.400000e+01 -3.000000e+00 1.785239e-13
      vertex   -3.425882e+01 2.901940e+01 3.407417e-02
    endloop
  endfacet
  facet normal -8.818024e-01 8.157528e-04 -4.716183e-01
    outer loop
      vertex   -3.492388e+01 6.098903e+01 6.173166e-01
      vertex   -3.483147e+01 6.092862e+01 4.444298e-01
      vertex   -3.486603e+01 5.570223e+01 5.000000e-01
    endloop
  endfacet
  facet normal -7.933527e-01 -1.227244e-03 -6.087610e-01
    outer loop
      vertex   -3.486603e+01 5.570223e+01 5.000000e-01
      vertex   -3.483147e+01 6.092862e+01 4.444298e-01
      vertex   -3.470711e+01 5.570223e+01 2.928932e-01
    endloop
  endfacet
  facet normal -7.933533e-01 -1.992327e-17 -6.087614e-01
    outer loop
      vertex   -3.486603e+01 5.570223e+01 5.000000e-01
      vertex   -3.470711e+01 5.570223e+01 2.928932e-01
      vertex   -3.470711e+01 5.036566e+01 2.928932e-01
    endloop
  endfacet
  facet normal -6.087614e-01 -2.475747e-17 -7.933533e-01
    outer loop
      vertex   -3.470711e+01 5.036566e+01 2.928932e-01
      vertex   -3.470711e+01 5.570223e+01 2.928932e-01
      vertex   -3.450000e+01 5.036566e+01 1.339746e-01
    endloop
  endfacet
  facet normal -6.087614e-01 0.000000e+00 -7.933533e-01
    outer loop
      vertex   -3.470711e+01 5.036566e+01 2.928932e-01
      vertex   -3.450000e+01 5.036566e+01 1.339746e-01
      vertex   -3.450000e+01 4.502910e+01 1.339746e-01
    endloop
  endfacet
  facet normal -3.826834e-01 0.000000e+00 -9.238795e-01
    outer loop
      vertex   -3.450000e+01 4.502910e+01 1.339746e-01
      vertex   -3.450000e+01 5.036566e+01 1.339746e-01
      vertex   -3.425882e+01 4.502910e+01 3.407417e-02
    endloop
  endfacet
  facet normal -3.826834e-01 0.000000e+00 -9.238795e-01
    outer loop
      vertex   -3.450000e+01 4.502910e+01 1.339746e-01
      vertex   -3.425882e+01 4.502910e+01 3.407417e-02
      vertex   -3.425882e+01 3.969253e+01 3.407417e-02
    endloop
  endfacet
  facet normal -2.270763e-01 0.000000e+00 -9.738770e-01
    outer loop
      vertex   -3.425882e+01 3.969253e+01 3.407417e-02
      vertex   -3.425882e+01 4.502910e+01 3.407417e-02
      vertex   -3.419509e+01 6.051260e+01 1.921472e-02
    endloop
  endfacet
  facet normal -1.634819e-01 -2.037001e-04 -9.865463e-01
    outer loop
      vertex   -3.425882e+01 3.969253e+01 3.407417e-02
      vertex   -3.419509e+01 6.051260e+01 1.921472e-02
      vertex   -3.400000e+01 -3.000000e+00 1.785239e-13
    endloop
  endfacet
  facet normal -9.801714e-02 4.030091e-15 -9.951847e-01
    outer loop
      vertex   -3.400000e+01 -3.000000e+00 1.785239e-13
      vertex   -3.419509e+01 6.051260e+01 1.921472e-02
      vertex   -3.400000e+01 6.038506e+01 4.352074e-13
    endloop
  endfacet
  facet normal -7.730105e-01 8.943519e-17 -6.343933e-01
    outer loop
      vertex   -3.483147e+01 6.092862e+01 4.444298e-01
      vertex   -3.470711e+01 6.084732e+01 2.928932e-01
      vertex   -3.470711e+01 5.570223e+01 2.928932e-01
    endloop
  endfacet
  facet normal -6.343933e-01 1.084216e-16 -7.730105e-01
    outer loop
      vertex   -3.470711e+01 5.570223e+01 2.928932e-01
      vertex   -3.470711e+01 6.084732e+01 2.928932e-01
      vertex   -3.455557e+01 6.074826e+01 1.685304e-01
    endloop
  endfacet
  facet normal -6.087609e-01 -1.271110e-03 -7.933527e-01
    outer loop
      vertex   -3.470711e+01 5.570223e+01 2.928932e-01
      vertex   -3.455557e+01 6.074826e+01 1.685304e-01
      vertex   -3.450000e+01 5.570223e+01 1.339746e-01
    endloop
  endfacet
  facet normal -4.709620e-01 8.545395e-04 -8.821531e-01
    outer loop
      vertex   -3.450000e+01 5.570223e+01 1.339746e-01
      vertex   -3.455557e+01 6.074826e+01 1.685304e-01
      vertex   -3.438268e+01 6.063523e+01 7.612047e-02
    endloop
  endfacet
  facet normal -3.826829e-01 -1.734262e-03 -9.238781e-01
    outer loop
      vertex   -3.450000e+01 5.570223e+01 1.339746e-01
      vertex   -3.438268e+01 6.063523e+01 7.612047e-02
      vertex   -3.425882e+01 5.570223e+01 3.407417e-02
    endloop
  endfacet
  facet normal -2.897564e-01 8.822234e-04 -9.571000e-01
    outer loop
      vertex   -3.425882e+01 5.570223e+01 3.407417e-02
      vertex   -3.438268e+01 6.063523e+01 7.612047e-02
      vertex   -3.419509e+01 6.051260e+01 1.921472e-02
    endloop
  endfacet
  facet normal -2.270763e-01 -0.000000e+00 -9.738770e-01
    outer loop
      vertex   -3.425882e+01 5.570223e+01 3.407417e-02
      vertex   -3.419509e+01 6.051260e+01 1.921472e-02
      vertex   -3.425882e+01 5.036566e+01 3.407417e-02
    endloop
  endfacet
  facet normal -2.270763e-01 -0.000000e+00 -9.738770e-01
    outer loop
      vertex   -3.425882e+01 5.036566e+01 3.407417e-02
      vertex   -3.419509e+01 6.051260e+01 1.921472e-02
      vertex   -3.425882e+01 4.502910e+01 3.407417e-02
    endloop
  endfacet
  facet normal -3.826834e-01 -0.000000e+00 -9.238795e-01
    outer loop
      vertex   -3.425882e+01 5.036566e+01 3.407417e-02
      vertex   -3.425882e+01 4.502910e+01 3.407417e-02
      vertex   -3.450000e+01 5.036566e+01 1.339746e-01
    endloop
  endfacet
  facet normal -9.238795e-01 -1.361507e-14 -3.826834e-01
    outer loop
      vertex   -3.486603e+01 -3.000000e+00 5.000000e-01
      vertex   -3.496593e+01 -3.000000e+00 7.411810e-01
      vertex   -3.496593e+01 2.336566e+00 7.411810e-01
    endloop
  endfacet
  facet normal -9.914449e-01 -1.364875e-14 -1.305262e-01
    outer loop
      vertex   -3.496593e+01 2.336566e+00 7.411810e-01
      vertex   -3.496593e+01 -3.000000e+00 7.411810e-01
      vertex   -3.500000e+01 -3.000000e+00 1.000000e+00
    endloop
  endfacet
  facet normal -9.914449e-01 -0.000000e+00 -1.305262e-01
    outer loop
      vertex   -3.500000e+01 6.103880e+01 1.000000e+00
      vertex   -3.496593e+01 2.901940e+01 7.411810e-01
      vertex   -3.500000e+01 -3.000000e+00 1.000000e+00
    endloop
  endfacet
  facet normal -9.914449e-01 0.000000e+00 -1.305262e-01
    outer loop
      vertex   -3.500000e+01 -3.000000e+00 1.000000e+00
      vertex   -3.496593e+01 2.901940e+01 7.411810e-01
      vertex   -3.496593e+01 2.368283e+01 7.411810e-01
    endloop
  endfacet
  facet normal -9.914449e-01 -2.490409e-18 -1.305262e-01
    outer loop
      vertex   -3.500000e+01 -3.000000e+00 1.000000e+00
      vertex   -3.496593e+01 2.368283e+01 7.411810e-01
      vertex   -3.496593e+01 1.834627e+01 7.411810e-01
    endloop
  endfacet
  facet normal -9.238795e-01 -7.961373e-18 -3.826834e-01
    outer loop
      vertex   -3.496593e+01 1.834627e+01 7.411810e-01
      vertex   -3.496593e+01 2.368283e+01 7.411810e-01
      vertex   -3.486603e+01 1.834627e+01 5.000000e-01
    endloop
  endfacet
  facet normal -9.238795e-01 0.000000e+00 -3.826834e-01
    outer loop
      vertex   -3.486603e+01 4.502910e+01 5.000000e-01
      vertex   -3.496593e+01 5.036566e+01 7.411810e-01
      vertex   -3.486603e+01 5.036566e+01 5.000000e-01
    endloop
  endfacet
  facet normal -9.238795e-01 0.000000e+00 -3.826834e-01
    outer loop
      vertex   -3.486603e+01 5.036566e+01 5.000000e-01
      vertex   -3.496593e+01 5.036566e+01 7.411810e-01
      vertex   -3.496593e+01 5.570223e+01 7.411810e-01
    endloop
  endfacet
  facet normal -9.914449e-01 -0.000000e+00 -1.305262e-01
    outer loop
      vertex   -3.496593e+01 4.502910e+01 7.411810e-01
      vertex   -3.496593e+01 3.969253e+01 7.411810e-01
      vertex   -3.500000e+01 6.103880e+01 1.000000e+00
    endloop
  endfacet
  facet normal -9.914449e-01 -3.735613e-18 -1.305262e-01
    outer loop
      vertex   -3.500000e+01 6.103880e+01 1.000000e+00
      vertex   -3.496593e+01 3.969253e+01 7.411810e-01
      vertex   -3.496593e+01 3.435596e+01 7.411810e-01
    endloop
  endfacet
  facet normal -9.914449e-01 0.000000e+00 -1.305262e-01
    outer loop
      vertex   -3.500000e+01 6.103880e+01 1.000000e+00
      vertex   -3.496593e+01 3.435596e+01 7.411810e-01
      vertex   -3.496593e+01 2.901940e+01 7.411810e-01
    endloop
  endfacet
  facet normal -9.238795e-01 0.000000e+00 -3.826834e-01
    outer loop
      vertex   -3.496593e+01 2.901940e+01 7.411810e-01
      vertex   -3.496593e+01 3.435596e+01 7.411810e-01
      vertex   -3.486603e+01 2.901940e+01 5.000000e-01
    endloop
  endfacet
  facet normal -9.238795e-01 0.000000e+00 -3.826834e-01
    outer loop
      vertex   -3.496593e+01 2.901940e+01 7.411810e-01
      vertex   -3.486603e+01 2.901940e+01 5.000000e-01
      vertex   -3.486603e+01 2.368283e+01 5.000000e-01
    endloop
  endfacet
  facet normal -7.933533e-01 0.000000e+00 -6.087614e-01
    outer loop
      vertex   -3.486603e+01 2.368283e+01 5.000000e-01
      vertex   -3.486603e+01 2.901940e+01 5.000000e-01
      vertex   -3.470711e+01 2.368283e+01 2.928932e-01
    endloop
  endfacet
  facet normal -7.933533e-01 0.000000e+00 -6.087614e-01
    outer loop
      vertex   -3.486603e+01 2.368283e+01 5.000000e-01
      vertex   -3.470711e+01 2.368283e+01 2.928932e-01
      vertex   -3.470711e+01 1.834627e+01 2.928932e-01
    endloop
  endfacet
  facet normal -6.087614e-01 0.000000e+00 -7.933533e-01
    outer loop
      vertex   -3.470711e+01 1.834627e+01 2.928932e-01
      vertex   -3.470711e+01 2.368283e+01 2.928932e-01
      vertex   -3.450000e+01 1.834627e+01 1.339746e-01
    endloop
  endfacet
  facet normal -9.238795e-01 -0.000000e+00 -3.826834e-01
    outer loop
      vertex   -3.496593e+01 4.502910e+01 7.411810e-01
      vertex   -3.486603e+01 3.969253e+01 5.000000e-01
      vertex   -3.496593e+01 3.969253e+01 7.411810e-01
    endloop
  endfacet
  facet normal -9.238795e-01 0.000000e+00 -3.826834e-01
    outer loop
      vertex   -3.496593e+01 3.969253e+01 7.411810e-01
      vertex   -3.486603e+01 3.969253e+01 5.000000e-01
      vertex   -3.486603e+01 3.435596e+01 5.000000e-01
    endloop
  endfacet
  facet normal -9.238795e-01 -7.961373e-18 -3.826834e-01
    outer loop
      vertex   -3.496593e+01 3.969253e+01 7.411810e-01
      vertex   -3.486603e+01 3.435596e+01 5.000000e-01
      vertex   -3.496593e+01 3.435596e+01 7.411810e-01
    endloop
  endfacet
  facet normal -9.238795e-01 0.000000e+00 -3.826834e-01
    outer loop
      vertex   -3.496593e+01 3.435596e+01 7.411810e-01
      vertex   -3.486603e+01 3.435596e+01 5.000000e-01
      vertex   -3.486603e+01 2.901940e+01 5.000000e-01
    endloop
  endfacet
  facet normal -9.238795e-01 0.000000e+00 -3.826834e-01
    outer loop
      vertex   -3.486603e+01 1.834627e+01 5.000000e-01
      vertex   -3.496593e+01 2.368283e+01 7.411810e-01
      vertex   -3.486603e+01 2.368283e+01 5.000000e-01
    endloop
  endfacet
  facet normal -9.238795e-01 0.000000e+00 -3.826834e-01
    outer loop
      vertex   -3.486603e+01 2.368283e+01 5.000000e-01
      vertex   -3.496593e+01 2.368283e+01 7.411810e-01
      vertex   -3.496593e+01 2.901940e+01 7.411810e-01
    endloop
  endfacet
  facet normal -9.238795e-01 0.000000e+00 -3.826834e-01
    outer loop
      vertex   -3.496593e+01 7.673133e+00 7.411810e-01
      vertex   -3.496593e+01 1.300970e+01 7.411810e-01
      vertex   -3.486603e+01 7.673133e+00 5.000000e-01
    endloop
  endfacet
  facet normal -9.238795e-01 0.000000e+00 -3.826834e-01
    outer loop
      vertex   -3.486603e+01 7.673133e+00 5.000000e-01
      vertex   -3.496593e+01 1.300970e+01 7.411810e-01
      vertex   -3.486603e+01 1.300970e+01 5.000000e-01
    endloop
  endfacet
  facet normal -7.933533e-01 0.000000e+00 -6.087614e-01
    outer loop
      vertex   -3.486603e+01 7.673133e+00 5.000000e-01
      vertex   -3.486603e+01 1.300970e+01 5.000000e-01
      vertex   -3.470711e+01 7.673133e+00 2.928932e-01
    endloop
  endfacet
  facet normal -7.933533e-01 0.000000e+00 -6.087614e-01
    outer loop
      vertex   -3.470711e+01 7.673133e+00 2.928932e-01
      vertex   -3.486603e+01 1.300970e+01 5.000000e-01
      vertex   -3.470711e+01 1.300970e+01 2.928932e-01
    endloop
  endfacet
  facet normal -6.087614e-01 0.000000e+00 -7.933533e-01
    outer loop
      vertex   -3.470711e+01 7.673133e+00 2.928932e-01
      vertex   -3.470711e+01 1.300970e+01 2.928932e-01
      vertex   -3.450000e+01 7.673133e+00 1.339746e-01
    endloop
  endfacet
  facet normal -6.087614e-01 2.063122e-17 -7.933533e-01
    outer loop
      vertex   -3.450000e+01 7.673133e+00 1.339746e-01
      vertex   -3.470711e+01 1.300970e+01 2.928932e-01
      vertex   -3.450000e+01 1.300970e+01 1.339746e-01
    endloop
  endfacet
  facet normal -3.826834e-01 2.402557e-17 -9.238795e-01
    outer loop
      vertex   -3.450000e+01 7.673133e+00 1.339746e-01
      vertex   -3.450000e+01 1.300970e+01 1.339746e-01
      vertex   -3.425882e+01 7.673133e+00 3.407417e-02
    endloop
  endfacet
  facet normal -7.933533e-01 -1.266472e-17 -6.087614e-01
    outer loop
      vertex   -3.470711e+01 3.969253e+01 2.928932e-01
      vertex   -3.486603e+01 4.502910e+01 5.000000e-01
      vertex   -3.470711e+01 4.502910e+01 2.928932e-01
    endloop
  endfacet
  facet normal -7.933533e-01 0.000000e+00 -6.087614e-01
    outer loop
      vertex   -3.470711e+01 4.502910e+01 2.928932e-01
      vertex   -3.486603e+01 4.502910e+01 5.000000e-01
      vertex   -3.486603e+01 5.036566e+01 5.000000e-01
    endloop
  endfacet
  facet normal -7.933533e-01 -0.000000e+00 -6.087614e-01
    outer loop
      vertex   -3.486603e+01 3.969253e+01 5.000000e-01
      vertex   -3.470711e+01 3.435596e+01 2.928932e-01
      vertex   -3.486603e+01 3.435596e+01 5.000000e-01
    endloop
  endfacet
  facet normal -7.933533e-01 -1.494245e-17 -6.087614e-01
    outer loop
      vertex   -3.486603e+01 3.435596e+01 5.000000e-01
      vertex   -3.470711e+01 3.435596e+01 2.928932e-01
      vertex   -3.470711e+01 2.901940e+01 2.928932e-01
    endloop
  endfacet
  facet normal -7.933533e-01 -0.000000e+00 -6.087614e-01
    outer loop
      vertex   -3.486603e+01 3.435596e+01 5.000000e-01
      vertex   -3.470711e+01 2.901940e+01 2.928932e-01
      vertex   -3.486603e+01 2.901940e+01 5.000000e-01
    endloop
  endfacet
  facet normal -7.933533e-01 -1.494245e-17 -6.087614e-01
    outer loop
      vertex   -3.486603e+01 2.901940e+01 5.000000e-01
      vertex   -3.470711e+01 2.901940e+01 2.928932e-01
      vertex   -3.470711e+01 2.368283e+01 2.928932e-01
    endloop
  endfacet
  facet normal -7.933533e-01 0.000000e+00 -6.087614e-01
    outer loop
      vertex   -3.470711e+01 1.834627e+01 2.928932e-01
      vertex   -3.486603e+01 1.834627e+01 5.000000e-01
      vertex   -3.486603e+01 2.368283e+01 5.000000e-01
    endloop
  endfacet
  facet normal -7.933533e-01 9.961636e-18 -6.087614e-01
    outer loop
      vertex   -3.470711e+01 2.336566e+00 2.928932e-01
      vertex   -3.486603e+01 2.336566e+00 5.000000e-01
      vertex   -3.486603e+01 7.673133e+00 5.000000e-01
    endloop
  endfacet
  facet normal -9.238795e-01 7.961373e-18 -3.826834e-01
    outer loop
      vertex   -3.486603e+01 7.673133e+00 5.000000e-01
      vertex   -3.486603e+01 2.336566e+00 5.000000e-01
      vertex   -3.496593e+01 7.673133e+00 7.411810e-01
    endloop
  endfacet
  facet normal -7.933533e-01 -1.266472e-17 -6.087614e-01
    outer loop
      vertex   -3.470711e+01 2.336566e+00 2.928932e-01
      vertex   -3.486603e+01 7.673133e+00 5.000000e-01
      vertex   -3.470711e+01 7.673133e+00 2.928932e-01
    endloop
  endfacet
  facet normal -6.087614e-01 2.063122e-17 -7.933533e-01
    outer loop
      vertex   -3.450000e+01 3.435596e+01 1.339746e-01
      vertex   -3.470711e+01 3.969253e+01 2.928932e-01
      vertex   -3.450000e+01 3.969253e+01 1.339746e-01
    endloop
  endfacet
  facet normal -6.087614e-01 -1.494245e-17 -7.933533e-01
    outer loop
      vertex   -3.450000e+01 3.969253e+01 1.339746e-01
      vertex   -3.470711e+01 3.969253e+01 2.928932e-01
      vertex   -3.470711e+01 4.502910e+01 2.928932e-01
    endloop
  endfacet
  facet normal -6.087614e-01 -1.650498e-17 -7.933533e-01
    outer loop
      vertex   -3.470711e+01 3.435596e+01 2.928932e-01
      vertex   -3.450000e+01 2.901940e+01 1.339746e-01
      vertex   -3.470711e+01 2.901940e+01 2.928932e-01
    endloop
  endfacet
  facet normal -6.087614e-01 0.000000e+00 -7.933533e-01
    outer loop
      vertex   -3.470711e+01 2.901940e+01 2.928932e-01
      vertex   -3.450000e+01 2.901940e+01 1.339746e-01
      vertex   -3.450000e+01 2.368283e+01 1.339746e-01
    endloop
  endfacet
  facet normal -6.087614e-01 -2.475747e-17 -7.933533e-01
    outer loop
      vertex   -3.470711e+01 2.901940e+01 2.928932e-01
      vertex   -3.450000e+01 2.368283e+01 1.339746e-01
      vertex   -3.470711e+01 2.368283e+01 2.928932e-01
    endloop
  endfacet
  facet normal -6.087614e-01 0.000000e+00 -7.933533e-01
    outer loop
      vertex   -3.470711e+01 2.368283e+01 2.928932e-01
      vertex   -3.450000e+01 2.368283e+01 1.339746e-01
      vertex   -3.450000e+01 1.834627e+01 1.339746e-01
    endloop
  endfacet
  facet normal -6.087614e-01 -1.494245e-17 -7.933533e-01
    outer loop
      vertex   -3.450000e+01 2.336566e+00 1.339746e-01
      vertex   -3.470711e+01 2.336566e+00 2.928932e-01
      vertex   -3.470711e+01 7.673133e+00 2.928932e-01
    endloop
  endfacet
  facet normal -6.087614e-01 2.063122e-17 -7.933533e-01
    outer loop
      vertex   -3.450000e+01 2.336566e+00 1.339746e-01
      vertex   -3.470711e+01 7.673133e+00 2.928932e-01
      vertex   -3.450000e+01 7.673133e+00 1.339746e-01
    endloop
  endfacet
  facet normal -3.826834e-01 0.000000e+00 -9.238795e-01
    outer loop
      vertex   -3.425882e+01 5.036566e+01 3.407417e-02
      vertex   -3.450000e+01 5.036566e+01 1.339746e-01
      vertex   -3.450000e+01 5.570223e+01 1.339746e-01
    endloop
  endfacet
  facet normal -6.087614e-01 -0.000000e+00 -7.933533e-01
    outer loop
      vertex   -3.450000e+01 5.570223e+01 1.339746e-01
      vertex   -3.450000e+01 5.036566e+01 1.339746e-01
      vertex   -3.470711e+01 5.570223e+01 2.928932e-01
    endloop
  endfacet
  facet normal -3.826834e-01 -0.000000e+00 -9.238795e-01
    outer loop
      vertex   -3.425882e+01 5.570223e+01 3.407417e-02
      vertex   -3.425882e+01 5.036566e+01 3.407417e-02
      vertex   -3.450000e+01 5.570223e+01 1.339746e-01
    endloop
  endfacet
  facet normal -3.826834e-01 0.000000e+00 -9.238795e-01
    outer loop
      vertex   -3.425882e+01 2.901940e+01 3.407417e-02
      vertex   -3.450000e+01 3.435596e+01 1.339746e-01
      vertex   -3.425882e+01 3.435596e+01 3.407417e-02
    endloop
  endfacet
  facet normal -3.826834e-01 2.241368e-17 -9.238795e-01
    outer loop
      vertex   -3.425882e+01 3.435596e+01 3.407417e-02
      vertex   -3.450000e+01 3.435596e+01 1.339746e-01
      vertex   -3.450000e+01 3.969253e+01 1.339746e-01
    endloop
  endfacet
  facet normal -3.826834e-01 0.000000e+00 -9.238795e-01
    outer loop
      vertex   -3.425882e+01 1.834627e+01 3.407417e-02
      vertex   -3.450000e+01 1.834627e+01 1.339746e-01
      vertex   -3.450000e+01 2.368283e+01 1.339746e-01
    endloop
  endfacet
  facet normal -3.826834e-01 0.000000e+00 -9.238795e-01
    outer loop
      vertex   -3.425882e+01 1.834627e+01 3.407417e-02
      vertex   -3.450000e+01 2.368283e+01 1.339746e-01
      vertex   -3.425882e+01 2.368283e+01 3.407417e-02
    endloop
  endfacet
  facet normal -3.826834e-01 0.000000e+00 -9.238795e-01
    outer loop
      vertex   -3.425882e+01 2.368283e+01 3.407417e-02
      vertex   -3.450000e+01 2.368283e+01 1.339746e-01
      vertex   -3.450000e+01 2.901940e+01 1.339746e-01
    endloop
  endfacet
  facet normal -3.826834e-01 2.241368e-17 -9.238795e-01
    outer loop
      vertex   -3.425882e+01 2.336566e+00 3.407417e-02
      vertex   -3.450000e+01 2.336566e+00 1.339746e-01
      vertex   -3.450000e+01 7.673133e+00 1.339746e-01
    endloop
  endfacet
  facet normal -3.826834e-01 0.000000e+00 -9.238795e-01
    outer loop
      vertex   -3.425882e+01 2.336566e+00 3.407417e-02
      vertex   -3.450000e+01 7.673133e+00 1.339746e-01
      vertex   -3.425882e+01 7.673133e+00 3.407417e-02
    endloop
  endfacet
  facet normal -9.914449e-01 -1.305262e-01 1.578357e-15
    outer loop
      vertex   -3.496593e+01 -3.258819e+00 1.000000e+00
      vertex   -3.496593e+01 -3.258819e+00 5.500000e+00
      vertex   -3.500000e+01 -3.000000e+00 1.000000e+00
    endloop
  endfacet
  facet normal -9.914449e-01 -1.305262e-01 1.329023e-17
    outer loop
      vertex   -3.500000e+01 -3.000000e+00 1.000000e+00
      vertex   -3.496593e+01 -3.258819e+00 5.500000e+00
      vertex   -3.496593e+01 -3.258819e+00 1.000000e+01
    endloop
  endfacet
  facet normal -9.914449e-01 -1.305262e-01 0.000000e+00
    outer loop
      vertex   -3.500000e+01 -3.000000e+00 1.000000e+00
      vertex   -3.496593e+01 -3.258819e+00 1.000000e+01
      vertex   -3.500000e+01 -3.000000e+00 1.900000e+01
    endloop
  endfacet
  facet normal -9.914449e-01 -1.305262e-01 1.329023e-17
    outer loop
      vertex   -3.500000e+01 -3.000000e+00 1.900000e+01
      vertex   -3.496593e+01 -3.258819e+00 1.000000e+01
      vertex   -3.496593e+01 -3.258819e+00 1.450000e+01
    endloop
  endfacet
  facet normal -9.914449e-01 -1.305262e-01 -2.658047e-17
    outer loop
      vertex   -3.500000e+01 -3.000000e+00 1.900000e+01
      vertex   -3.496593e+01 -3.258819e+00 1.450000e+01
      vertex   -3.496593e+01 -3.258819e+00 1.900000e+01
    endloop
  endfacet
  facet normal -9.238795e-01 -3.826834e-01 -7.553137e-17
    outer loop
      vertex   -3.496593e+01 -3.258819e+00 1.900000e+01
      vertex   -3.496593e+01 -3.258819e+00 1.450000e+01
      vertex   -3.486603e+01 -3.500000e+00 1.900000e+01
    endloop
  endfacet
  facet normal -9.238795e-01 -3.826834e-01 -3.776569e-17
    outer loop
      vertex   -3.486603e+01 -3.500000e+00 1.900000e+01
      vertex   -3.496593e+01 -3.258819e+00 1.450000e+01
      vertex   -3.486603e+01 -3.500000e+00 1.450000e+01
    endloop
  endfacet
  facet normal -7.933533e-01 -6.087614e-01 -6.007653e-17
    outer loop
      vertex   -3.486603e+01 -3.500000e+00 1.900000e+01
      vertex   -3.486603e+01 -3.500000e+00 1.450000e+01
      vertex   -3.470711e+01 -3.707107e+00 1.900000e+01
    endloop
  endfacet
  facet normal -7.933533e-01 -6.087614e-01 -6.007653e-17
    outer loop
      vertex   -3.470711e+01 -3.707107e+00 1.900000e+01
      vertex   -3.486603e+01 -3.500000e+00 1.450000e+01
      vertex   -3.470711e+01 -3.707107e+00 1.450000e+01
    endloop
  endfacet
  facet normal -6.087614e-01 -7.933533e-01 -7.829326e-17
    outer loop
      vertex   -3.470711e+01 -3.707107e+00 1.900000e+01
      vertex   -3.470711e+01 -3.707107e+00 1.450000e+01
      vertex   -3.450000e+01 -3.866025e+00 1.900000e+01
    endloop
  endfacet
  facet normal -6.087614e-01 -7.933533e-01 -7.829326e-17
    outer loop
      vertex   -3.450000e+01 -3.866025e+00 1.900000e+01
      vertex   -3.470711e+01 -3.707107e+00 1.450000e+01
      vertex   -3.450000e+01 -3.866025e+00 1.450000e+01
    endloop
  endfacet
  facet normal -3.826834e-01 -9.238795e-01 -9.117443e-17
    outer loop
      vertex   -3.450000e+01 -3.866025e+00 1.900000e+01
      vertex   -3.450000e+01 -3.866025e+00 1.450000e+01
      vertex   -3.425882e+01 -3.965926e+00 1.900000e+01
    endloop
  endfacet
  facet normal -3.826834e-01 -9.238795e-01 -2.735233e-16
    outer loop
      vertex   -3.425882e+01 -3.965926e+00 1.900000e+01
      vertex   -3.450000e+01 -3.866025e+00 1.450000e+01
      vertex   -3.425882e+01 -3.965926e+00 1.450000e+01
    endloop
  endfacet
  facet normal -1.305262e-01 -9.914449e-01 -2.935266e-16
    outer loop
      vertex   -3.425882e+01 -3.965926e+00 1.900000e+01
      vertex   -3.425882e+01 -3.965926e+00 1.450000e+01
      vertex   -3.400000e+01 -4.000000e+00 1.900000e+01
    endloop
  endfacet
  facet normal -1.305262e-01 -9.914449e-01 0.000000e+00
    outer loop
      vertex   -3.400000e+01 -4.000000e+00 1.900000e+01
      vertex   -3.425882e+01 -3.965926e+00 1.450000e+01
      vertex   -3.425882e+01 -3.965926e+00 1.000000e+01
    endloop
  endfacet
  facet normal -1.305262e-01 -9.914449e-01 5.152469e-17
    outer loop
      vertex   -3.400000e+01 -4.000000e+00 1.900000e+01
      vertex   -3.425882e+01 -3.965926e+00 1.000000e+01
      vertex   -3.400000e+01 -4.000000e+00 1.000000e+00
    endloop
  endfacet
  facet normal -1.305262e-01 -9.914449e-01 0.000000e+00
    outer loop
      vertex   -3.400000e+01 -4.000000e+00 1.000000e+00
      vertex   -3.425882e+01 -3.965926e+00 1.000000e+01
      vertex   -3.425882e+01 -3.965926e+00 5.500000e+00
    endloop
  endfacet
  facet normal -1.305262e-01 -9.914449e-01 1.272909e-15
    outer loop
      vertex   -3.400000e+01 -4.000000e+00 1.000000e+00
      vertex   -3.425882e+01 -3.965926e+00 5.500000e+00
      vertex   -3.425882e+01 -3.965926e+00 1.000000e+00
    endloop
  endfacet
  facet normal -3.826834e-01 -9.238795e-01 1.185268e-15
    outer loop
      vertex   -3.425882e+01 -3.965926e+00 1.000000e+00
      vertex   -3.425882e+01 -3.965926e+00 5.500000e+00
      vertex   -3.450000e+01 -3.866025e+00 1.000000e+00
    endloop
  endfacet
  facet normal -3.826834e-01 -9.238795e-01 1.607170e-15
    outer loop
      vertex   -3.450000e+01 -3.866025e+00 1.000000e+00
      vertex   -3.425882e+01 -3.965926e+00 5.500000e+00
      vertex   -3.450000e+01 -3.866025e+00 5.500000e+00
    endloop
  endfacet
  facet normal -6.087614e-01 -7.933533e-01 1.822450e-15
    outer loop
      vertex   -3.450000e+01 -3.866025e+00 1.000000e+00
      vertex   -3.450000e+01 -3.866025e+00 5.500000e+00
      vertex   -3.470711e+01 -3.707107e+00 1.000000e+00
    endloop
  endfacet
  facet normal -6.087614e-01 -7.933533e-01 1.744157e-15
    outer loop
      vertex   -3.470711e+01 -3.707107e+00 1.000000e+00
      vertex   -3.450000e+01 -3.866025e+00 5.500000e+00
      vertex   -3.470711e+01 -3.707107e+00 5.500000e+00
    endloop
  endfacet
  facet normal -7.933533e-01 -6.087614e-01 1.853457e-15
    outer loop
      vertex   -3.470711e+01 -3.707107e+00 1.000000e+00
      vertex   -3.470711e+01 -3.707107e+00 5.500000e+00
      vertex   -3.486603e+01 -3.500000e+00 1.000000e+00
    endloop
  endfacet
  facet normal -7.933533e-01 -6.087614e-01 1.613151e-15
    outer loop
      vertex   -3.486603e+01 -3.500000e+00 1.000000e+00
      vertex   -3.470711e+01 -3.707107e+00 5.500000e+00
      vertex   -3.486603e+01 -3.500000e+00 5.500000e+00
    endloop
  endfacet
  facet normal -9.238795e-01 -3.826834e-01 1.685385e-15
    outer loop
      vertex   -3.486603e+01 -3.500000e+00 1.000000e+00
      vertex   -3.486603e+01 -3.500000e+00 5.500000e+00
      vertex   -3.496593e+01 -3.258819e+00 1.000000e+00
    endloop
  endfacet
  facet normal -9.238795e-01 -3.826834e-01 1.496557e-15
    outer loop
      vertex   -3.496593e+01 -3.258819e+00 1.000000e+00
      vertex   -3.486603e+01 -3.500000e+00 5.500000e+00
      vertex   -3.496593e+01 -3.258819e+00 5.500000e+00
    endloop
  endfacet
  facet normal -9.238795e-01 -3.826834e-01 3.839401e-17
    outer loop
      vertex   -3.486603e+01 -3.500000e+00 1.450000e+01
      vertex   -3.496593e+01 -3.258819e+00 1.450000e+01
      vertex   -3.496593e+01 -3.258819e+00 1.000000e+01
    endloop
  endfacet
  facet normal -9.238795e-01 -3.826834e-01 3.776569e-17
    outer loop
      vertex   -3.496593e+01 -3.258819e+00 1.000000e+01
      vertex   -3.496593e+01 -3.258819e+00 5.500000e+00
      vertex   -3.486603e+01 -3.500000e+00 1.000000e+01
    endloop
  endfacet
  facet normal -9.238795e-01 -3.826834e-01 -0.000000e+00
    outer loop
      vertex   -3.486603e+01 -3.500000e+00 1.000000e+01
      vertex   -3.496593e+01 -3.258819e+00 5.500000e+00
      vertex   -3.486603e+01 -3.500000e+00 5.500000e+00
    endloop
  endfacet
  facet normal -7.933533e-01 -6.087614e-01 -0.000000e+00
    outer loop
      vertex   -3.486603e+01 -3.500000e+00 1.000000e+01
      vertex   -3.486603e+01 -3.500000e+00 5.500000e+00
      vertex   -3.470711e+01 -3.707107e+00 1.000000e+01
    endloop
  endfacet
  facet normal -7.933533e-01 -6.087614e-01 -1.201531e-16
    outer loop
      vertex   -3.470711e+01 -3.707107e+00 1.000000e+01
      vertex   -3.486603e+01 -3.500000e+00 5.500000e+00
      vertex   -3.470711e+01 -3.707107e+00 5.500000e+00
    endloop
  endfacet
  facet normal -6.087614e-01 -7.933533e-01 -1.565865e-16
    outer loop
      vertex   -3.470711e+01 -3.707107e+00 1.000000e+01
      vertex   -3.470711e+01 -3.707107e+00 5.500000e+00
      vertex   -3.450000e+01 -3.866025e+00 1.000000e+01
    endloop
  endfacet
  facet normal -6.087614e-01 -7.933533e-01 9.612245e-16
    outer loop
      vertex   -3.450000e+01 -3.866025e+00 1.000000e+01
      vertex   -3.470711e+01 -3.707107e+00 5.500000e+00
      vertex   -3.450000e+01 -3.866025e+00 5.500000e+00
    endloop
  endfacet
  facet normal -3.826834e-01 -9.238795e-01 6.042510e-16
    outer loop
      vertex   -3.450000e+01 -3.866025e+00 1.000000e+01
      vertex   -3.450000e+01 -3.866025e+00 5.500000e+00
      vertex   -3.425882e+01 -3.965926e+00 1.000000e+01
    endloop
  endfacet
  facet normal -3.826834e-01 -9.238795e-01 -0.000000e+00
    outer loop
      vertex   -3.425882e+01 -3.965926e+00 1.000000e+01
      vertex   -3.450000e+01 -3.866025e+00 5.500000e+00
      vertex   -3.425882e+01 -3.965926e+00 5.500000e+00
    endloop
  endfacet
  facet normal -7.933533e-01 -6.087614e-01 0.000000e+00
    outer loop
      vertex   -3.470711e+01 -3.707107e+00 1.450000e+01
      vertex   -3.486603e+01 -3.500000e+00 1.450000e+01
      vertex   -3.486603e+01 -3.500000e+00 1.000000e+01
    endloop
  endfacet
  facet normal -9.238795e-01 -3.826834e-01 0.000000e+00
    outer loop
      vertex   -3.486603e+01 -3.500000e+00 1.000000e+01
      vertex   -3.486603e+01 -3.500000e+00 1.450000e+01
      vertex   -3.496593e+01 -3.258819e+00 1.000000e+01
    endloop
  endfacet
  facet normal -7.933533e-01 -6.087614e-01 -0.000000e+00
    outer loop
      vertex   -3.470711e+01 -3.707107e+00 1.450000e+01
      vertex   -3.486603e+01 -3.500000e+00 1.000000e+01
      vertex   -3.470711e+01 -3.707107e+00 1.000000e+01
    endloop
  endfacet
  facet normal -6.087614e-01 -7.933533e-01 0.000000e+00
    outer loop
      vertex   -3.450000e+01 -3.866025e+00 1.450000e+01
      vertex   -3.470711e+01 -3.707107e+00 1.450000e+01
      vertex   -3.470711e+01 -3.707107e+00 1.000000e+01
    endloop
  endfacet
  facet normal -6.087614e-01 -7.933533e-01 -7.829326e-17
    outer loop
      vertex   -3.450000e+01 -3.866025e+00 1.450000e+01
      vertex   -3.470711e+01 -3.707107e+00 1.000000e+01
      vertex   -3.450000e+01 -3.866025e+00 1.000000e+01
    endloop
  endfacet
  facet normal -3.826834e-01 -9.238795e-01 -9.155494e-17
    outer loop
      vertex   -3.425882e+01 -3.965926e+00 1.450000e+01
      vertex   -3.450000e+01 -3.866025e+00 1.450000e+01
      vertex   -3.450000e+01 -3.866025e+00 1.000000e+01
    endloop
  endfacet
  facet normal -3.826834e-01 -9.238795e-01 -0.000000e+00
    outer loop
      vertex   -3.425882e+01 -3.965926e+00 1.450000e+01
      vertex   -3.450000e+01 -3.866025e+00 1.000000e+01
      vertex   -3.425882e+01 -3.965926e+00 1.000000e+01
    endloop
  endfacet
  facet normal -1.305262e-01 0.000000e+00 9.914449e-01
    outer loop
      vertex   -3.425882e+01 4.400000e+01 1.996593e+01
      vertex   -3.425882e+01 3.877778e+01 1.996593e+01
      vertex   -3.400000e+01 4.400000e+01 2.000000e+01
    endloop
  endfacet
  facet normal -1.305262e-01 0.000000e+00 9.914449e-01
    outer loop
      vertex   -3.400000e+01 4.400000e+01 2.000000e+01
      vertex   -3.425882e+01 3.877778e+01 1.996593e+01
      vertex   -3.425882e+01 3.355556e+01 1.996593e+01
    endloop
  endfacet
  facet normal -1.305262e-01 0.000000e+00 9.914449e-01
    outer loop
      vertex   -3.400000e+01 4.400000e+01 2.000000e+01
      vertex   -3.425882e+01 3.355556e+01 1.996593e+01
      vertex   -3.425882e+01 2.833333e+01 1.996593e+01
    endloop
  endfacet
  facet normal -3.826834e-01 0.000000e+00 9.238795e-01
    outer loop
      vertex   -3.425882e+01 2.833333e+01 1.996593e+01
      vertex   -3.425882e+01 3.355556e+01 1.996593e+01
      vertex   -3.450000e+01 2.833333e+01 1.986603e+01
    endloop
  endfacet
  facet normal -3.826834e-01 0.000000e+00 9.238795e-01
    outer loop
      vertex   -3.425882e+01 2.833333e+01 1.996593e+01
      vertex   -3.450000e+01 2.833333e+01 1.986603e+01
      vertex   -3.450000e+01 2.311111e+01 1.986603e+01
    endloop
  endfacet
  facet normal -6.087614e-01 0.000000e+00 7.933533e-01
    outer loop
      vertex   -3.450000e+01 2.311111e+01 1.986603e+01
      vertex   -3.450000e+01 2.833333e+01 1.986603e+01
      vertex   -3.470711e+01 2.311111e+01 1.970711e+01
    endloop
  endfacet
  facet normal -6.087614e-01 0.000000e+00 7.933533e-01
    outer loop
      vertex   -3.450000e+01 2.311111e+01 1.986603e+01
      vertex   -3.470711e+01 2.311111e+01 1.970711e+01
      vertex   -3.470711e+01 1.788889e+01 1.970711e+01
    endloop
  endfacet
  facet normal -7.933533e-01 0.000000e+00 6.087614e-01
    outer loop
      vertex   -3.470711e+01 1.788889e+01 1.970711e+01
      vertex   -3.470711e+01 2.311111e+01 1.970711e+01
      vertex   -3.486603e+01 1.788889e+01 1.950000e+01
    endloop
  endfacet
  facet normal -7.933533e-01 0.000000e+00 6.087614e-01
    outer loop
      vertex   -3.470711e+01 1.788889e+01 1.970711e+01
      vertex   -3.486603e+01 1.788889e+01 1.950000e+01
      vertex   -3.486603e+01 1.266667e+01 1.950000e+01
    endloop
  endfacet
  facet normal -9.238795e-01 0.000000e+00 3.826834e-01
    outer loop
      vertex   -3.486603e+01 1.266667e+01 1.950000e+01
      vertex   -3.486603e+01 1.788889e+01 1.950000e+01
      vertex   -3.496593e+01 1.266667e+01 1.925882e+01
    endloop
  endfacet
  facet normal -9.238795e-01 0.000000e+00 3.826834e-01
    outer loop
      vertex   -3.486603e+01 1.266667e+01 1.950000e+01
      vertex   -3.496593e+01 1.266667e+01 1.925882e+01
      vertex   -3.496593e+01 7.444445e+00 1.925882e+01
    endloop
  endfacet
  facet normal -9.914449e-01 0.000000e+00 1.305262e-01
    outer loop
      vertex   -3.496593e+01 7.444445e+00 1.925882e+01
      vertex   -3.496593e+01 1.266667e+01 1.925882e+01
      vertex   -3.500000e+01 -3.000000e+00 1.900000e+01
    endloop
  endfacet
  facet normal -9.914449e-01 0.000000e+00 1.305262e-01
    outer loop
      vertex   -3.496593e+01 7.444445e+00 1.925882e+01
      vertex   -3.500000e+01 -3.000000e+00 1.900000e+01
      vertex   -3.496593e+01 2.222222e+00 1.925882e+01
    endloop
  endfacet
  facet normal -9.914449e-01 8.879786e-17 1.305262e-01
    outer loop
      vertex   -3.496593e+01 2.222222e+00 1.925882e+01
      vertex   -3.500000e+01 -3.000000e+00 1.900000e+01
      vertex   -3.496593e+01 -3.000000e+00 1.925882e+01
    endloop
  endfacet
  facet normal -9.238795e-01 2.603422e-16 3.826834e-01
    outer loop
      vertex   -3.496593e+01 2.222222e+00 1.925882e+01
      vertex   -3.496593e+01 -3.000000e+00 1.925882e+01
      vertex   -3.486603e+01 2.222222e+00 1.950000e+01
    endloop
  endfacet
  facet normal -9.238795e-01 1.257043e-15 3.826834e-01
    outer loop
      vertex   -3.486603e+01 2.222222e+00 1.950000e+01
      vertex   -3.496593e+01 -3.000000e+00 1.925882e+01
      vertex   -3.486603e+01 -3.000000e+00 1.950000e+01
    endloop
  endfacet
  facet normal -7.933533e-01 1.079447e-15 6.087614e-01
    outer loop
      vertex   -3.486603e+01 2.222222e+00 1.950000e+01
      vertex   -3.486603e+01 -3.000000e+00 1.950000e+01
      vertex   -3.470711e+01 2.222222e+00 1.970711e+01
    endloop
  endfacet
  facet normal -7.933533e-01 4.141446e-16 6.087614e-01
    outer loop
      vertex   -3.470711e+01 2.222222e+00 1.970711e+01
      vertex   -3.486603e+01 -3.000000e+00 1.950000e+01
      vertex   -3.470711e+01 -3.000000e+00 1.970711e+01
    endloop
  endfacet
  facet normal -6.087614e-01 5.397237e-16 7.933533e-01
    outer loop
      vertex   -3.470711e+01 2.222222e+00 1.970711e+01
      vertex   -3.470711e+01 -3.000000e+00 1.970711e+01
      vertex   -3.450000e+01 2.222222e+00 1.986603e+01
    endloop
  endfacet
  facet normal -6.087614e-01 1.368013e-15 7.933533e-01
    outer loop
      vertex   -3.450000e+01 2.222222e+00 1.986603e+01
      vertex   -3.470711e+01 -3.000000e+00 1.970711e+01
      vertex   -3.450000e+01 -3.000000e+00 1.986603e+01
    endloop
  endfacet
  facet normal -3.826834e-01 1.149206e-15 9.238795e-01
    outer loop
      vertex   -3.450000e+01 2.222222e+00 1.986603e+01
      vertex   -3.450000e+01 -3.000000e+00 1.986603e+01
      vertex   -3.425882e+01 2.222222e+00 1.996593e+01
    endloop
  endfacet
  facet normal -3.826834e-01 6.285216e-16 9.238795e-01
    outer loop
      vertex   -3.425882e+01 2.222222e+00 1.996593e+01
      vertex   -3.450000e+01 -3.000000e+00 1.986603e+01
      vertex   -3.425882e+01 -3.000000e+00 1.996593e+01
    endloop
  endfacet
  facet normal -1.305262e-01 6.744867e-16 9.914449e-01
    outer loop
      vertex   -3.425882e+01 2.222222e+00 1.996593e+01
      vertex   -3.425882e+01 -3.000000e+00 1.996593e+01
      vertex   -3.400000e+01 -3.000000e+00 2.000000e+01
    endloop
  endfacet
  facet normal -3.826834e-01 0.000000e+00 9.238795e-01
    outer loop
      vertex   -3.425882e+01 3.877778e+01 1.996593e+01
      vertex   -3.425882e+01 4.400000e+01 1.996593e+01
      vertex   -3.450000e+01 3.877778e+01 1.986603e+01
    endloop
  endfacet
  facet normal -3.826834e-01 0.000000e+00 9.238795e-01
    outer loop
      vertex   -3.450000e+01 3.877778e+01 1.986603e+01
      vertex   -3.425882e+01 4.400000e+01 1.996593e+01
      vertex   -3.450000e+01 4.400000e+01 1.986603e+01
    endloop
  endfacet
  facet normal -6.087614e-01 0.000000e+00 7.933533e-01
    outer loop
      vertex   -3.450000e+01 3.877778e+01 1.986603e+01
      vertex   -3.450000e+01 4.400000e+01 1.986603e+01
      vertex   -3.470711e+01 3.877778e+01 1.970711e+01
    endloop
  endfacet
  facet normal -6.087614e-01 0.000000e+00 7.933533e-01
    outer loop
      vertex   -3.470711e+01 3.877778e+01 1.970711e+01
      vertex   -3.450000e+01 4.400000e+01 1.986603e+01
      vertex   -3.470711e+01 4.400000e+01 1.970711e+01
    endloop
  endfacet
  facet normal -7.933533e-01 0.000000e+00 6.087614e-01
    outer loop
      vertex   -3.470711e+01 3.877778e+01 1.970711e+01
      vertex   -3.470711e+01 4.400000e+01 1.970711e+01
      vertex   -3.486603e+01 3.877778e+01 1.950000e+01
    endloop
  endfacet
  facet normal -7.933533e-01 0.000000e+00 6.087614e-01
    outer loop
      vertex   -3.486603e+01 3.877778e+01 1.950000e+01
      vertex   -3.470711e+01 4.400000e+01 1.970711e+01
      vertex   -3.486603e+01 4.400000e+01 1.950000e+01
    endloop
  endfacet
  facet normal -9.238795e-01 0.000000e+00 3.826834e-01
    outer loop
      vertex   -3.486603e+01 3.877778e+01 1.950000e+01
      vertex   -3.486603e+01 4.400000e+01 1.950000e+01
      vertex   -3.496593e+01 3.877778e+01 1.925882e+01
    endloop
  endfacet
  facet normal -9.238795e-01 0.000000e+00 3.826834e-01
    outer loop
      vertex   -3.496593e+01 3.877778e+01 1.925882e+01
      vertex   -3.486603e+01 4.400000e+01 1.950000e+01
      vertex   -3.496593e+01 4.400000e+01 1.925882e+01
    endloop
  endfacet
  facet normal -9.914449e-01 0.000000e+00 1.305262e-01
    outer loop
      vertex   -3.496593e+01 3.877778e+01 1.925882e+01
      vertex   -3.496593e+01 4.400000e+01 1.925882e+01
      vertex   -3.500000e+01 4.400000e+01 1.900000e+01
    endloop
  endfacet
  facet normal -9.914449e-01 0.000000e+00 1.305262e-01
    outer loop
      vertex   -3.500000e+01 -3.000000e+00 1.900000e+01
      vertex   -3.496593e+01 2.311111e+01 1.925882e+01
      vertex   -3.500000e+01 4.400000e+01 1.900000e+01
    endloop
  endfacet
  facet normal -9.914449e-01 0.000000e+00 1.305262e-01
    outer loop
      vertex   -3.500000e+01 4.400000e+01 1.900000e+01
      vertex   -3.496593e+01 2.311111e+01 1.925882e+01
      vertex   -3.496593e+01 2.833333e+01 1.925882e+01
    endloop
  endfacet
  facet normal -9.914449e-01 0.000000e+00 1.305262e-01
    outer loop
      vertex   -3.500000e+01 4.400000e+01 1.900000e+01
      vertex   -3.496593e+01 2.833333e+01 1.925882e+01
      vertex   -3.496593e+01 3.355556e+01 1.925882e+01
    endloop
  endfacet
  facet normal -9.238795e-01 0.000000e+00 3.826834e-01
    outer loop
      vertex   -3.496593e+01 3.355556e+01 1.925882e+01
      vertex   -3.496593e+01 2.833333e+01 1.925882e+01
      vertex   -3.486603e+01 3.355556e+01 1.950000e+01
    endloop
  endfacet
  facet normal -9.238795e-01 0.000000e+00 3.826834e-01
    outer loop
      vertex   -3.496593e+01 3.355556e+01 1.925882e+01
      vertex   -3.486603e+01 3.355556e+01 1.950000e+01
      vertex   -3.486603e+01 3.877778e+01 1.950000e+01
    endloop
  endfacet
  facet normal -7.933533e-01 0.000000e+00 6.087614e-01
    outer loop
      vertex   -3.486603e+01 3.877778e+01 1.950000e+01
      vertex   -3.486603e+01 3.355556e+01 1.950000e+01
      vertex   -3.470711e+01 3.877778e+01 1.970711e+01
    endloop
  endfacet
  facet normal -1.305262e-01 0.000000e+00 9.914449e-01
    outer loop
      vertex   -3.400000e+01 4.400000e+01 2.000000e+01
      vertex   -3.425882e+01 1.788889e+01 1.996593e+01
      vertex   -3.400000e+01 -3.000000e+00 2.000000e+01
    endloop
  endfacet
  facet normal -1.305262e-01 0.000000e+00 9.914449e-01
    outer loop
      vertex   -3.400000e+01 -3.000000e+00 2.000000e+01
      vertex   -3.425882e+01 1.788889e+01 1.996593e+01
      vertex   -3.425882e+01 1.266667e+01 1.996593e+01
    endloop
  endfacet
  facet normal -1.305262e-01 0.000000e+00 9.914449e-01
    outer loop
      vertex   -3.400000e+01 -3.000000e+00 2.000000e+01
      vertex   -3.425882e+01 1.266667e+01 1.996593e+01
      vertex   -3.425882e+01 7.444445e+00 1.996593e+01
    endloop
  endfacet
  facet normal -3.826834e-01 0.000000e+00 9.238795e-01
    outer loop
      vertex   -3.425882e+01 7.444445e+00 1.996593e+01
      vertex   -3.425882e+01 1.266667e+01 1.996593e+01
      vertex   -3.450000e+01 7.444445e+00 1.986603e+01
    endloop
  endfacet
  facet normal -3.826834e-01 -5.191674e-16 9.238795e-01
    outer loop
      vertex   -3.425882e+01 7.444445e+00 1.996593e+01
      vertex   -3.450000e+01 7.444445e+00 1.986603e+01
      vertex   -3.450000e+01 2.222222e+00 1.986603e+01
    endloop
  endfacet
  facet normal -6.087614e-01 -8.282892e-16 7.933533e-01
    outer loop
      vertex   -3.450000e+01 2.222222e+00 1.986603e+01
      vertex   -3.450000e+01 7.444445e+00 1.986603e+01
      vertex   -3.470711e+01 2.222222e+00 1.970711e+01
    endloop
  endfacet
  facet normal -3.826834e-01 0.000000e+00 9.238795e-01
    outer loop
      vertex   -3.425882e+01 3.355556e+01 1.996593e+01
      vertex   -3.425882e+01 3.877778e+01 1.996593e+01
      vertex   -3.450000e+01 3.355556e+01 1.986603e+01
    endloop
  endfacet
  facet normal -3.826834e-01 0.000000e+00 9.238795e-01
    outer loop
      vertex   -3.450000e+01 3.355556e+01 1.986603e+01
      vertex   -3.425882e+01 3.877778e+01 1.996593e+01
      vertex   -3.450000e+01 3.877778e+01 1.986603e+01
    endloop
  endfacet
  facet normal -6.087614e-01 0.000000e+00 7.933533e-01
    outer loop
      vertex   -3.450000e+01 3.355556e+01 1.986603e+01
      vertex   -3.450000e+01 3.877778e+01 1.986603e+01
      vertex   -3.470711e+01 3.355556e+01 1.970711e+01
    endloop
  endfacet
  facet normal -6.087614e-01 0.000000e+00 7.933533e-01
    outer loop
      vertex   -3.470711e+01 3.355556e+01 1.970711e+01
      vertex   -3.450000e+01 3.877778e+01 1.986603e+01
      vertex   -3.470711e+01 3.877778e+01 1.970711e+01
    endloop
  endfacet
  facet normal -7.933533e-01 0.000000e+00 6.087614e-01
    outer loop
      vertex   -3.470711e+01 3.355556e+01 1.970711e+01
      vertex   -3.470711e+01 3.877778e+01 1.970711e+01
      vertex   -3.486603e+01 3.355556e+01 1.950000e+01
    endloop
  endfacet
  facet normal -1.305262e-01 0.000000e+00 9.914449e-01
    outer loop
      vertex   -3.425882e+01 1.788889e+01 1.996593e+01
      vertex   -3.400000e+01 4.400000e+01 2.000000e+01
      vertex   -3.425882e+01 2.311111e+01 1.996593e+01
    endloop
  endfacet
  facet normal -1.305262e-01 0.000000e+00 9.914449e-01
    outer loop
      vertex   -3.425882e+01 2.311111e+01 1.996593e+01
      vertex   -3.400000e+01 4.400000e+01 2.000000e+01
      vertex   -3.425882e+01 2.833333e+01 1.996593e+01
    endloop
  endfacet
  facet normal -3.826834e-01 0.000000e+00 9.238795e-01
    outer loop
      vertex   -3.425882e+01 2.311111e+01 1.996593e+01
      vertex   -3.425882e+01 2.833333e+01 1.996593e+01
      vertex   -3.450000e+01 2.311111e+01 1.986603e+01
    endloop
  endfacet
  facet normal -3.826834e-01 0.000000e+00 9.238795e-01
    outer loop
      vertex   -3.425882e+01 1.788889e+01 1.996593e+01
      vertex   -3.425882e+01 2.311111e+01 1.996593e+01
      vertex   -3.450000e+01 1.788889e+01 1.986603e+01
    endloop
  endfacet
  facet normal -3.826834e-01 0.000000e+00 9.238795e-01
    outer loop
      vertex   -3.450000e+01 1.788889e+01 1.986603e+01
      vertex   -3.425882e+01 2.311111e+01 1.996593e+01
      vertex   -3.450000e+01 2.311111e+01 1.986603e+01
    endloop
  endfacet
  facet normal -6.087614e-01 0.000000e+00 7.933533e-01
    outer loop
      vertex   -3.450000e+01 1.788889e+01 1.986603e+01
      vertex   -3.450000e+01 2.311111e+01 1.986603e+01
      vertex   -3.470711e+01 1.788889e+01 1.970711e+01
    endloop
  endfacet
  facet normal -1.305262e-01 0.000000e+00 9.914449e-01
    outer loop
      vertex   -3.425882e+01 2.222222e+00 1.996593e+01
      vertex   -3.400000e+01 -3.000000e+00 2.000000e+01
      vertex   -3.425882e+01 7.444445e+00 1.996593e+01
    endloop
  endfacet
  facet normal -3.826834e-01 0.000000e+00 9.238795e-01
    outer loop
      vertex   -3.425882e+01 1.266667e+01 1.996593e+01
      vertex   -3.425882e+01 1.788889e+01 1.996593e+01
      vertex   -3.450000e+01 1.266667e+01 1.986603e+01
    endloop
  endfacet
  facet normal -3.826834e-01 0.000000e+00 9.238795e-01
    outer loop
      vertex   -3.450000e+01 1.266667e+01 1.986603e+01
      vertex   -3.425882e+01 1.788889e+01 1.996593e+01
      vertex   -3.450000e+01 1.788889e+01 1.986603e+01
    endloop
  endfacet
  facet normal -6.087614e-01 0.000000e+00 7.933533e-01
    outer loop
      vertex   -3.450000e+01 1.266667e+01 1.986603e+01
      vertex   -3.450000e+01 1.788889e+01 1.986603e+01
      vertex   -3.470711e+01 1.266667e+01 1.970711e+01
    endloop
  endfacet
  facet normal -6.087614e-01 0.000000e+00 7.933533e-01
    outer loop
      vertex   -3.470711e+01 1.266667e+01 1.970711e+01
      vertex   -3.450000e+01 1.788889e+01 1.986603e+01
      vertex   -3.470711e+01 1.788889e+01 1.970711e+01
    endloop
  endfacet
  facet normal -7.933533e-01 0.000000e+00 6.087614e-01
    outer loop
      vertex   -3.470711e+01 1.266667e+01 1.970711e+01
      vertex   -3.470711e+01 1.788889e+01 1.970711e+01
      vertex   -3.486603e+01 1.266667e+01 1.950000e+01
    endloop
  endfacet
  facet normal -3.826834e-01 0.000000e+00 9.238795e-01
    outer loop
      vertex   -3.450000e+01 2.222222e+00 1.986603e+01
      vertex   -3.425882e+01 2.222222e+00 1.996593e+01
      vertex   -3.425882e+01 7.444445e+00 1.996593e+01
    endloop
  endfacet
  facet normal -3.826834e-01 0.000000e+00 9.238795e-01
    outer loop
      vertex   -3.425882e+01 3.355556e+01 1.996593e+01
      vertex   -3.450000e+01 3.355556e+01 1.986603e+01
      vertex   -3.450000e+01 2.833333e+01 1.986603e+01
    endloop
  endfacet
  facet normal -6.087614e-01 0.000000e+00 7.933533e-01
    outer loop
      vertex   -3.450000e+01 2.833333e+01 1.986603e+01
      vertex   -3.450000e+01 3.355556e+01 1.986603e+01
      vertex   -3.470711e+01 2.833333e+01 1.970711e+01
    endloop
  endfacet
  facet normal -6.087614e-01 0.000000e+00 7.933533e-01
    outer loop
      vertex   -3.450000e+01 2.833333e+01 1.986603e+01
      vertex   -3.470711e+01 2.833333e+01 1.970711e+01
      vertex   -3.470711e+01 2.311111e+01 1.970711e+01
    endloop
  endfacet
  facet normal -7.933533e-01 0.000000e+00 6.087614e-01
    outer loop
      vertex   -3.470711e+01 2.311111e+01 1.970711e+01
      vertex   -3.470711e+01 2.833333e+01 1.970711e+01
      vertex   -3.486603e+01 2.311111e+01 1.950000e+01
    endloop
  endfacet
  facet normal -7.933533e-01 0.000000e+00 6.087614e-01
    outer loop
      vertex   -3.470711e+01 2.311111e+01 1.970711e+01
      vertex   -3.486603e+01 2.311111e+01 1.950000e+01
      vertex   -3.486603e+01 1.788889e+01 1.950000e+01
    endloop
  endfacet
  facet normal -9.238795e-01 0.000000e+00 3.826834e-01
    outer loop
      vertex   -3.486603e+01 1.788889e+01 1.950000e+01
      vertex   -3.486603e+01 2.311111e+01 1.950000e+01
      vertex   -3.496593e+01 1.788889e+01 1.925882e+01
    endloop
  endfacet
  facet normal -9.238795e-01 0.000000e+00 3.826834e-01
    outer loop
      vertex   -3.486603e+01 1.788889e+01 1.950000e+01
      vertex   -3.496593e+01 1.788889e+01 1.925882e+01
      vertex   -3.496593e+01 1.266667e+01 1.925882e+01
    endloop
  endfacet
  facet normal -9.914449e-01 0.000000e+00 1.305262e-01
    outer loop
      vertex   -3.496593e+01 1.266667e+01 1.925882e+01
      vertex   -3.496593e+01 1.788889e+01 1.925882e+01
      vertex   -3.500000e+01 -3.000000e+00 1.900000e+01
    endloop
  endfacet
  facet normal -6.087614e-01 0.000000e+00 7.933533e-01
    outer loop
      vertex   -3.470711e+01 2.833333e+01 1.970711e+01
      vertex   -3.450000e+01 3.355556e+01 1.986603e+01
      vertex   -3.470711e+01 3.355556e+01 1.970711e+01
    endloop
  endfacet
  facet normal -3.826834e-01 0.000000e+00 9.238795e-01
    outer loop
      vertex   -3.425882e+01 1.266667e+01 1.996593e+01
      vertex   -3.450000e+01 1.266667e+01 1.986603e+01
      vertex   -3.450000e+01 7.444445e+00 1.986603e+01
    endloop
  endfacet
  facet normal -6.087614e-01 0.000000e+00 7.933533e-01
    outer loop
      vertex   -3.450000e+01 7.444445e+00 1.986603e+01
      vertex   -3.450000e+01 1.266667e+01 1.986603e+01
      vertex   -3.470711e+01 7.444445e+00 1.970711e+01
    endloop
  endfacet
  facet normal -6.087614e-01 0.000000e+00 7.933533e-01
    outer loop
      vertex   -3.450000e+01 7.444445e+00 1.986603e+01
      vertex   -3.470711e+01 7.444445e+00 1.970711e+01
      vertex   -3.470711e+01 2.222222e+00 1.970711e+01
    endloop
  endfacet
  facet normal -7.933533e-01 0.000000e+00 6.087614e-01
    outer loop
      vertex   -3.470711e+01 2.222222e+00 1.970711e+01
      vertex   -3.470711e+01 7.444445e+00 1.970711e+01
      vertex   -3.486603e+01 2.222222e+00 1.950000e+01
    endloop
  endfacet
  facet normal -6.087614e-01 0.000000e+00 7.933533e-01
    outer loop
      vertex   -3.470711e+01 7.444445e+00 1.970711e+01
      vertex   -3.450000e+01 1.266667e+01 1.986603e+01
      vertex   -3.470711e+01 1.266667e+01 1.970711e+01
    endloop
  endfacet
  facet normal -7.933533e-01 0.000000e+00 6.087614e-01
    outer loop
      vertex   -3.470711e+01 2.833333e+01 1.970711e+01
      vertex   -3.470711e+01 3.355556e+01 1.970711e+01
      vertex   -3.486603e+01 2.833333e+01 1.950000e+01
    endloop
  endfacet
  facet normal -7.933533e-01 0.000000e+00 6.087614e-01
    outer loop
      vertex   -3.486603e+01 2.833333e+01 1.950000e+01
      vertex   -3.470711e+01 3.355556e+01 1.970711e+01
      vertex   -3.486603e+01 3.355556e+01 1.950000e+01
    endloop
  endfacet
  facet normal -9.238795e-01 0.000000e+00 3.826834e-01
    outer loop
      vertex   -3.486603e+01 2.833333e+01 1.950000e+01
      vertex   -3.486603e+01 3.355556e+01 1.950000e+01
      vertex   -3.496593e+01 2.833333e+01 1.925882e+01
    endloop
  endfacet
  facet normal -7.933533e-01 0.000000e+00 6.087614e-01
    outer loop
      vertex   -3.470711e+01 7.444445e+00 1.970711e+01
      vertex   -3.470711e+01 1.266667e+01 1.970711e+01
      vertex   -3.486603e+01 7.444445e+00 1.950000e+01
    endloop
  endfacet
  facet normal -7.933533e-01 0.000000e+00 6.087614e-01
    outer loop
      vertex   -3.486603e+01 7.444445e+00 1.950000e+01
      vertex   -3.470711e+01 1.266667e+01 1.970711e+01
      vertex   -3.486603e+01 1.266667e+01 1.950000e+01
    endloop
  endfacet
  facet normal -9.238795e-01 0.000000e+00 3.826834e-01
    outer loop
      vertex   -3.486603e+01 7.444445e+00 1.950000e+01
      vertex   -3.486603e+01 1.266667e+01 1.950000e+01
      vertex   -3.496593e+01 7.444445e+00 1.925882e+01
    endloop
  endfacet
  facet normal -9.238795e-01 0.000000e+00 3.826834e-01
    outer loop
      vertex   -3.496593e+01 3.355556e+01 1.925882e+01
      vertex   -3.486603e+01 3.877778e+01 1.950000e+01
      vertex   -3.496593e+01 3.877778e+01 1.925882e+01
    endloop
  endfacet
  facet normal -7.933533e-01 0.000000e+00 6.087614e-01
    outer loop
      vertex   -3.470711e+01 2.833333e+01 1.970711e+01
      vertex   -3.486603e+01 2.833333e+01 1.950000e+01
      vertex   -3.486603e+01 2.311111e+01 1.950000e+01
    endloop
  endfacet
  facet normal -9.238795e-01 0.000000e+00 3.826834e-01
    outer loop
      vertex   -3.486603e+01 2.311111e+01 1.950000e+01
      vertex   -3.486603e+01 2.833333e+01 1.950000e+01
      vertex   -3.496593e+01 2.311111e+01 1.925882e+01
    endloop
  endfacet
  facet normal -9.238795e-01 0.000000e+00 3.826834e-01
    outer loop
      vertex   -3.486603e+01 2.311111e+01 1.950000e+01
      vertex   -3.496593e+01 2.311111e+01 1.925882e+01
      vertex   -3.496593e+01 1.788889e+01 1.925882e+01
    endloop
  endfacet
  facet normal -9.914449e-01 0.000000e+00 1.305262e-01
    outer loop
      vertex   -3.496593e+01 1.788889e+01 1.925882e+01
      vertex   -3.496593e+01 2.311111e+01 1.925882e+01
      vertex   -3.500000e+01 -3.000000e+00 1.900000e+01
    endloop
  endfacet
  facet normal -9.238795e-01 0.000000e+00 3.826834e-01
    outer loop
      vertex   -3.496593e+01 2.311111e+01 1.925882e+01
      vertex   -3.486603e+01 2.833333e+01 1.950000e+01
      vertex   -3.496593e+01 2.833333e+01 1.925882e+01
    endloop
  endfacet
  facet normal -9.238795e-01 0.000000e+00 3.826834e-01
    outer loop
      vertex   -3.496593e+01 2.222222e+00 1.925882e+01
      vertex   -3.486603e+01 2.222222e+00 1.950000e+01
      vertex   -3.486603e+01 7.444445e+00 1.950000e+01
    endloop
  endfacet
  facet normal -7.933533e-01 0.000000e+00 6.087614e-01
    outer loop
      vertex   -3.486603e+01 7.444445e+00 1.950000e+01
      vertex   -3.486603e+01 2.222222e+00 1.950000e+01
      vertex   -3.470711e+01 7.444445e+00 1.970711e+01
    endloop
  endfacet
  facet normal -9.238795e-01 0.000000e+00 3.826834e-01
    outer loop
      vertex   -3.496593e+01 2.222222e+00 1.925882e+01
      vertex   -3.486603e+01 7.444445e+00 1.950000e+01
      vertex   -3.496593e+01 7.444445e+00 1.925882e+01
    endloop
  endfacet
  facet normal -9.914449e-01 0.000000e+00 1.305262e-01
    outer loop
      vertex   -3.500000e+01 4.400000e+01 1.900000e+01
      vertex   -3.496593e+01 3.355556e+01 1.925882e+01
      vertex   -3.496593e+01 3.877778e+01 1.925882e+01
    endloop
  endfacet
  facet normal -1.303977e-01 -4.435481e-02 9.904691e-01
    outer loop
      vertex   -3.425882e+01 -3.000000e+00 1.996593e+01
      vertex   -3.424811e+01 -3.110813e+00 1.996237e+01
      vertex   -3.400000e+01 -3.000000e+00 2.000000e+01
    endloop
  endfacet
  facet normal -1.036987e-01 -1.036987e-01 9.891881e-01
    outer loop
      vertex   -3.400000e+01 -3.000000e+00 2.000000e+01
      vertex   -3.424811e+01 -3.110813e+00 1.996237e+01
      vertex   -3.411081e+01 -3.248108e+00 1.996237e+01
    endloop
  endfacet
  facet normal -4.435481e-02 -1.303977e-01 9.904691e-01
    outer loop
      vertex   -3.400000e+01 -3.000000e+00 2.000000e+01
      vertex   -3.411081e+01 -3.248108e+00 1.996237e+01
      vertex   -3.400000e+01 -3.258819e+00 1.996593e+01
    endloop
  endfacet
  facet normal -6.645835e-02 -3.818374e-01 9.218370e-01
    outer loop
      vertex   -3.400000e+01 -3.258819e+00 1.996593e+01
      vertex   -3.411081e+01 -3.248108e+00 1.996237e+01
      vertex   -3.400000e+01 -3.500000e+00 1.986603e+01
    endloop
  endfacet
  facet normal -1.178222e-01 -3.995626e-01 9.091026e-01
    outer loop
      vertex   -3.400000e+01 -3.500000e+00 1.986603e+01
      vertex   -3.411081e+01 -3.248108e+00 1.996237e+01
      vertex   -3.426828e+01 -3.430436e+00 1.986183e+01
    endloop
  endfacet
  facet normal -1.261909e-01 -4.328324e-01 8.925984e-01
    outer loop
      vertex   -3.400000e+01 -3.500000e+00 1.986603e+01
      vertex   -3.426828e+01 -3.430436e+00 1.986183e+01
      vertex   -3.407813e+01 -3.554261e+00 1.982867e+01
    endloop
  endfacet
  facet normal -2.448663e-01 -5.834139e-01 7.743828e-01
    outer loop
      vertex   -3.407813e+01 -3.554261e+00 1.982867e+01
      vertex   -3.426828e+01 -3.430436e+00 1.986183e+01
      vertex   -3.440746e+01 -3.583430e+00 1.970255e+01
    endloop
  endfacet
  facet normal -2.448663e-01 -5.834139e-01 7.743828e-01
    outer loop
      vertex   -3.407813e+01 -3.554261e+00 1.982867e+01
      vertex   -3.440746e+01 -3.583430e+00 1.970255e+01
      vertex   -3.420112e+01 -3.717801e+00 1.966657e+01
    endloop
  endfacet
  facet normal -3.657544e-01 -7.197061e-01 5.901245e-01
    outer loop
      vertex   -3.420112e+01 -3.717801e+00 1.966657e+01
      vertex   -3.440746e+01 -3.583430e+00 1.970255e+01
      vertex   -3.451888e+01 -3.696665e+00 1.949540e+01
    endloop
  endfacet
  facet normal -3.657544e-01 -7.197061e-01 5.901245e-01
    outer loop
      vertex   -3.420112e+01 -3.717801e+00 1.966657e+01
      vertex   -3.451888e+01 -3.696665e+00 1.949540e+01
      vertex   -3.431041e+01 -3.832423e+00 1.945904e+01
    endloop
  endfacet
  facet normal -4.620595e-01 -8.076571e-01 3.663208e-01
    outer loop
      vertex   -3.431041e+01 -3.832423e+00 1.945904e+01
      vertex   -3.451888e+01 -3.696665e+00 1.949540e+01
      vertex   -3.459494e+01 -3.762422e+00 1.925449e+01
    endloop
  endfacet
  facet normal -4.620595e-01 -8.076571e-01 3.663208e-01
    outer loop
      vertex   -3.431041e+01 -3.832423e+00 1.945904e+01
      vertex   -3.459494e+01 -3.762422e+00 1.925449e+01
      vertex   -3.439854e+01 -3.890318e+00 1.922023e+01
    endloop
  endfacet
  facet normal -5.215192e-01 -8.403810e-01 1.475718e-01
    outer loop
      vertex   -3.439854e+01 -3.890318e+00 1.922023e+01
      vertex   -3.459494e+01 -3.762422e+00 1.925449e+01
      vertex   -3.450000e+01 -3.866025e+00 1.900000e+01
    endloop
  endfacet
  facet normal -3.816287e-01 -9.213332e-01 7.419375e-02
    outer loop
      vertex   -3.439854e+01 -3.890318e+00 1.922023e+01
      vertex   -3.450000e+01 -3.866025e+00 1.900000e+01
      vertex   -3.425882e+01 -3.965926e+00 1.900000e+01
    endloop
  endfacet
  facet normal -3.818374e-01 -6.645835e-02 9.218370e-01
    outer loop
      vertex   -3.425882e+01 -3.000000e+00 1.996593e+01
      vertex   -3.450000e+01 -3.000000e+00 1.986603e+01
      vertex   -3.424811e+01 -3.110813e+00 1.996237e+01
    endloop
  endfacet
  facet normal -3.995626e-01 -1.178222e-01 9.091026e-01
    outer loop
      vertex   -3.424811e+01 -3.110813e+00 1.996237e+01
      vertex   -3.450000e+01 -3.000000e+00 1.986603e+01
      vertex   -3.443044e+01 -3.268280e+00 1.986183e+01
    endloop
  endfacet
  facet normal -2.729599e-01 -2.729599e-01 9.224889e-01
    outer loop
      vertex   -3.424811e+01 -3.110813e+00 1.996237e+01
      vertex   -3.443044e+01 -3.268280e+00 1.986183e+01
      vertex   -3.411081e+01 -3.248108e+00 1.996237e+01
    endloop
  endfacet
  facet normal -2.729599e-01 -2.729599e-01 9.224889e-01
    outer loop
      vertex   -3.411081e+01 -3.248108e+00 1.996237e+01
      vertex   -3.443044e+01 -3.268280e+00 1.986183e+01
      vertex   -3.426828e+01 -3.430436e+00 1.986183e+01
    endloop
  endfacet
  facet normal -4.328324e-01 -1.261909e-01 8.925984e-01
    outer loop
      vertex   -3.443044e+01 -3.268280e+00 1.986183e+01
      vertex   -3.450000e+01 -3.000000e+00 1.986603e+01
      vertex   -3.455426e+01 -3.078131e+00 1.982867e+01
    endloop
  endfacet
  facet normal -6.081878e-01 4.340169e-02 7.926058e-01
    outer loop
      vertex   -3.455426e+01 -3.078131e+00 1.982867e+01
      vertex   -3.450000e+01 -3.000000e+00 1.986603e+01
      vertex   -3.470711e+01 -3.000000e+00 1.970711e+01
    endloop
  endfacet
  facet normal -6.538873e-01 -1.159338e-01 7.476569e-01
    outer loop
      vertex   -3.455426e+01 -3.078131e+00 1.982867e+01
      vertex   -3.470711e+01 -3.000000e+00 1.970711e+01
      vertex   -3.471780e+01 -3.201121e+00 1.966657e+01
    endloop
  endfacet
  facet normal -7.907938e-01 -8.026201e-02 6.067974e-01
    outer loop
      vertex   -3.471780e+01 -3.201121e+00 1.966657e+01
      vertex   -3.470711e+01 -3.000000e+00 1.970711e+01
      vertex   -3.486603e+01 -3.000000e+00 1.950000e+01
    endloop
  endfacet
  facet normal -8.257119e-01 -1.607312e-01 5.407082e-01
    outer loop
      vertex   -3.471780e+01 -3.201121e+00 1.966657e+01
      vertex   -3.486603e+01 -3.000000e+00 1.950000e+01
      vertex   -3.483242e+01 -3.310406e+00 1.945904e+01
    endloop
  endfacet
  facet normal -8.447130e-01 -1.588805e-01 5.110938e-01
    outer loop
      vertex   -3.483242e+01 -3.310406e+00 1.945904e+01
      vertex   -3.486603e+01 -3.000000e+00 1.950000e+01
      vertex   -3.491750e+01 -3.084530e+00 1.938864e+01
    endloop
  endfacet
  facet normal -9.167181e-01 -2.475550e-01 3.135991e-01
    outer loop
      vertex   -3.483242e+01 -3.310406e+00 1.945904e+01
      vertex   -3.491750e+01 -3.084530e+00 1.938864e+01
      vertex   -3.497047e+01 -3.185744e+00 1.915391e+01
    endloop
  endfacet
  facet normal -9.537278e-01 -1.298391e-01 2.711922e-01
    outer loop
      vertex   -3.497047e+01 -3.185744e+00 1.915391e+01
      vertex   -3.491750e+01 -3.084530e+00 1.938864e+01
      vertex   -3.496593e+01 -3.000000e+00 1.925882e+01
    endloop
  endfacet
  facet normal -9.902339e-01 -4.940940e-02 1.303668e-01
    outer loop
      vertex   -3.497047e+01 -3.185744e+00 1.915391e+01
      vertex   -3.496593e+01 -3.000000e+00 1.925882e+01
      vertex   -3.500000e+01 -3.000000e+00 1.900000e+01
    endloop
  endfacet
  facet normal -9.223031e-01 5.839280e-02 3.820305e-01
    outer loop
      vertex   -3.486603e+01 -3.000000e+00 1.950000e+01
      vertex   -3.496593e+01 -3.000000e+00 1.925882e+01
      vertex   -3.491750e+01 -3.084530e+00 1.938864e+01
    endloop
  endfacet
  facet normal -9.909150e-01 -1.304564e-01 3.268886e-02
    outer loop
      vertex   -3.500000e+01 -3.000000e+00 1.900000e+01
      vertex   -3.496593e+01 -3.258819e+00 1.900000e+01
      vertex   -3.497047e+01 -3.185744e+00 1.915391e+01
    endloop
  endfacet
  facet normal -9.407634e-01 -3.162140e-01 1.223638e-01
    outer loop
      vertex   -3.497047e+01 -3.185744e+00 1.915391e+01
      vertex   -3.496593e+01 -3.258819e+00 1.900000e+01
      vertex   -3.489032e+01 -3.398536e+00 1.922023e+01
    endloop
  endfacet
  facet normal -9.167181e-01 -2.475550e-01 3.135991e-01
    outer loop
      vertex   -3.497047e+01 -3.185744e+00 1.915391e+01
      vertex   -3.489032e+01 -3.398536e+00 1.922023e+01
      vertex   -3.483242e+01 -3.310406e+00 1.945904e+01
    endloop
  endfacet
  facet normal -8.076571e-01 -4.620595e-01 3.663208e-01
    outer loop
      vertex   -3.483242e+01 -3.310406e+00 1.945904e+01
      vertex   -3.489032e+01 -3.398536e+00 1.922023e+01
      vertex   -3.469666e+01 -3.518881e+00 1.949540e+01
    endloop
  endfacet
  facet normal -7.197061e-01 -3.657544e-01 5.901245e-01
    outer loop
      vertex   -3.483242e+01 -3.310406e+00 1.945904e+01
      vertex   -3.469666e+01 -3.518881e+00 1.949540e+01
      vertex   -3.458343e+01 -3.407464e+00 1.970255e+01
    endloop
  endfacet
  facet normal -5.611197e-01 -5.611197e-01 6.085140e-01
    outer loop
      vertex   -3.458343e+01 -3.407464e+00 1.970255e+01
      vertex   -3.469666e+01 -3.518881e+00 1.949540e+01
      vertex   -3.440746e+01 -3.583430e+00 1.970255e+01
    endloop
  endfacet
  facet normal -4.317293e-01 -4.317293e-01 7.919720e-01
    outer loop
      vertex   -3.458343e+01 -3.407464e+00 1.970255e+01
      vertex   -3.440746e+01 -3.583430e+00 1.970255e+01
      vertex   -3.426828e+01 -3.430436e+00 1.986183e+01
    endloop
  endfacet
  facet normal -9.213332e-01 -3.816287e-01 7.419375e-02
    outer loop
      vertex   -3.496593e+01 -3.258819e+00 1.900000e+01
      vertex   -3.486603e+01 -3.500000e+00 1.900000e+01
      vertex   -3.489032e+01 -3.398536e+00 1.922023e+01
    endloop
  endfacet
  facet normal -8.403810e-01 -5.215192e-01 1.475718e-01
    outer loop
      vertex   -3.489032e+01 -3.398536e+00 1.922023e+01
      vertex   -3.486603e+01 -3.500000e+00 1.900000e+01
      vertex   -3.476242e+01 -3.594936e+00 1.925449e+01
    endloop
  endfacet
  facet normal -8.076571e-01 -4.620595e-01 3.663208e-01
    outer loop
      vertex   -3.489032e+01 -3.398536e+00 1.922023e+01
      vertex   -3.476242e+01 -3.594936e+00 1.925449e+01
      vertex   -3.469666e+01 -3.518881e+00 1.949540e+01
    endloop
  endfacet
  facet normal -6.528138e-01 -6.528138e-01 3.842763e-01
    outer loop
      vertex   -3.469666e+01 -3.518881e+00 1.949540e+01
      vertex   -3.476242e+01 -3.594936e+00 1.925449e+01
      vertex   -3.451888e+01 -3.696665e+00 1.949540e+01
    endloop
  endfacet
  facet normal -5.611197e-01 -5.611197e-01 6.085140e-01
    outer loop
      vertex   -3.469666e+01 -3.518881e+00 1.949540e+01
      vertex   -3.451888e+01 -3.696665e+00 1.949540e+01
      vertex   -3.440746e+01 -3.583430e+00 1.970255e+01
    endloop
  endfacet
  facet normal -7.897316e-01 -6.059824e-01 9.544300e-02
    outer loop
      vertex   -3.486603e+01 -3.500000e+00 1.900000e+01
      vertex   -3.470711e+01 -3.707107e+00 1.900000e+01
      vertex   -3.476242e+01 -3.594936e+00 1.925449e+01
    endloop
  endfacet
  facet normal -6.984452e-01 -6.984452e-01 1.560404e-01
    outer loop
      vertex   -3.476242e+01 -3.594936e+00 1.925449e+01
      vertex   -3.470711e+01 -3.707107e+00 1.900000e+01
      vertex   -3.459494e+01 -3.762422e+00 1.925449e+01
    endloop
  endfacet
  facet normal -6.528138e-01 -6.528138e-01 3.842763e-01
    outer loop
      vertex   -3.476242e+01 -3.594936e+00 1.925449e+01
      vertex   -3.459494e+01 -3.762422e+00 1.925449e+01
      vertex   -3.451888e+01 -3.696665e+00 1.949540e+01
    endloop
  endfacet
  facet normal -6.059824e-01 -7.897316e-01 9.544300e-02
    outer loop
      vertex   -3.470711e+01 -3.707107e+00 1.900000e+01
      vertex   -3.450000e+01 -3.866025e+00 1.900000e+01
      vertex   -3.459494e+01 -3.762422e+00 1.925449e+01
    endloop
  endfacet
  facet normal -3.162140e-01 -9.407634e-01 1.223638e-01
    outer loop
      vertex   -3.439854e+01 -3.890318e+00 1.922023e+01
      vertex   -3.425882e+01 -3.965926e+00 1.900000e+01
      vertex   -3.418574e+01 -3.970469e+00 1.915391e+01
    endloop
  endfacet
  facet normal -1.304564e-01 -9.909150e-01 3.268886e-02
    outer loop
      vertex   -3.418574e+01 -3.970469e+00 1.915391e+01
      vertex   -3.425882e+01 -3.965926e+00 1.900000e+01
      vertex   -3.400000e+01 -4.000000e+00 1.900000e+01
    endloop
  endfacet
  facet normal -4.940940e-02 -9.902339e-01 1.303668e-01
    outer loop
      vertex   -3.418574e+01 -3.970469e+00 1.915391e+01
      vertex   -3.400000e+01 -4.000000e+00 1.900000e+01
      vertex   -3.400000e+01 -3.965926e+00 1.925882e+01
    endloop
  endfacet
  facet normal -1.298391e-01 -9.537278e-01 2.711922e-01
    outer loop
      vertex   -3.418574e+01 -3.970469e+00 1.915391e+01
      vertex   -3.400000e+01 -3.965926e+00 1.925882e+01
      vertex   -3.408453e+01 -3.917502e+00 1.938864e+01
    endloop
  endfacet
  facet normal 5.839280e-02 -9.223031e-01 3.820305e-01
    outer loop
      vertex   -3.408453e+01 -3.917502e+00 1.938864e+01
      vertex   -3.400000e+01 -3.965926e+00 1.925882e+01
      vertex   -3.400000e+01 -3.866025e+00 1.950000e+01
    endloop
  endfacet
  facet normal -1.588805e-01 -8.447130e-01 5.110938e-01
    outer loop
      vertex   -3.408453e+01 -3.917502e+00 1.938864e+01
      vertex   -3.400000e+01 -3.866025e+00 1.950000e+01
      vertex   -3.431041e+01 -3.832423e+00 1.945904e+01
    endloop
  endfacet
  facet normal -1.607312e-01 -8.257119e-01 5.407082e-01
    outer loop
      vertex   -3.431041e+01 -3.832423e+00 1.945904e+01
      vertex   -3.400000e+01 -3.866025e+00 1.950000e+01
      vertex   -3.420112e+01 -3.717801e+00 1.966657e+01
    endloop
  endfacet
  facet normal -8.026201e-02 -7.907938e-01 6.067974e-01
    outer loop
      vertex   -3.400000e+01 -3.866025e+00 1.950000e+01
      vertex   -3.400000e+01 -3.707107e+00 1.970711e+01
      vertex   -3.420112e+01 -3.717801e+00 1.966657e+01
    endloop
  endfacet
  facet normal -1.159338e-01 -6.538873e-01 7.476569e-01
    outer loop
      vertex   -3.420112e+01 -3.717801e+00 1.966657e+01
      vertex   -3.400000e+01 -3.707107e+00 1.970711e+01
      vertex   -3.407813e+01 -3.554261e+00 1.982867e+01
    endloop
  endfacet
  facet normal 4.340169e-02 -6.081878e-01 7.926058e-01
    outer loop
      vertex   -3.400000e+01 -3.707107e+00 1.970711e+01
      vertex   -3.400000e+01 -3.500000e+00 1.986603e+01
      vertex   -3.407813e+01 -3.554261e+00 1.982867e+01
    endloop
  endfacet
  facet normal -4.317293e-01 -4.317293e-01 7.919720e-01
    outer loop
      vertex   -3.458343e+01 -3.407464e+00 1.970255e+01
      vertex   -3.426828e+01 -3.430436e+00 1.986183e+01
      vertex   -3.443044e+01 -3.268280e+00 1.986183e+01
    endloop
  endfacet
  facet normal -5.834139e-01 -2.448663e-01 7.743828e-01
    outer loop
      vertex   -3.455426e+01 -3.078131e+00 1.982867e+01
      vertex   -3.471780e+01 -3.201121e+00 1.966657e+01
      vertex   -3.443044e+01 -3.268280e+00 1.986183e+01
    endloop
  endfacet
  facet normal -5.834139e-01 -2.448663e-01 7.743828e-01
    outer loop
      vertex   -3.443044e+01 -3.268280e+00 1.986183e+01
      vertex   -3.471780e+01 -3.201121e+00 1.966657e+01
      vertex   -3.458343e+01 -3.407464e+00 1.970255e+01
    endloop
  endfacet
  facet normal -7.197061e-01 -3.657544e-01 5.901245e-01
    outer loop
      vertex   -3.471780e+01 -3.201121e+00 1.966657e+01
      vertex   -3.483242e+01 -3.310406e+00 1.945904e+01
      vertex   -3.458343e+01 -3.407464e+00 1.970255e+01
    endloop
  endfacet
  facet normal -2.475550e-01 -9.167181e-01 3.135991e-01
    outer loop
      vertex   -3.408453e+01 -3.917502e+00 1.938864e+01
      vertex   -3.431041e+01 -3.832423e+00 1.945904e+01
      vertex   -3.439854e+01 -3.890318e+00 1.922023e+01
    endloop
  endfacet
  facet normal -2.475550e-01 -9.167181e-01 3.135991e-01
    outer loop
      vertex   -3.418574e+01 -3.970469e+00 1.915391e+01
      vertex   -3.408453e+01 -3.917502e+00 1.938864e+01
      vertex   -3.439854e+01 -3.890318e+00 1.922023e+01
    endloop
  endfacet
  facet normal -1.303977e-01 -9.904691e-01 -4.435481e-02
    outer loop
      vertex   -3.425882e+01 -3.965926e+00 1.000000e+00
      vertex   -3.424811e+01 -3.962374e+00 8.891872e-01
      vertex   -3.400000e+01 -4.000000e+00 1.000000e+00
    endloop
  endfacet
  facet normal -1.036987e-01 -9.891881e-01 -1.036987e-01
    outer loop
      vertex   -3.400000e+01 -4.000000e+00 1.000000e+00
      vertex   -3.424811e+01 -3.962374e+00 8.891872e-01
      vertex   -3.411081e+01 -3.962374e+00 7.518919e-01
    endloop
  endfacet
  facet normal -4.435481e-02 -9.904691e-01 -1.303977e-01
    outer loop
      vertex   -3.400000e+01 -4.000000e+00 1.000000e+00
      vertex   -3.411081e+01 -3.962374e+00 7.518919e-01
      vertex   -3.400000e+01 -3.965926e+00 7.411810e-01
    endloop
  endfacet
  facet normal -6.645835e-02 -9.218370e-01 -3.818374e-01
    outer loop
      vertex   -3.400000e+01 -3.965926e+00 7.411810e-01
      vertex   -3.411081e+01 -3.962374e+00 7.518919e-01
      vertex   -3.400000e+01 -3.866025e+00 5.000000e-01
    endloop
  endfacet
  facet normal -1.178222e-01 -9.091026e-01 -3.995626e-01
    outer loop
      vertex   -3.400000e+01 -3.866025e+00 5.000000e-01
      vertex   -3.411081e+01 -3.962374e+00 7.518919e-01
      vertex   -3.426828e+01 -3.861830e+00 5.695642e-01
    endloop
  endfacet
  facet normal -1.261909e-01 -8.925984e-01 -4.328324e-01
    outer loop
      vertex   -3.400000e+01 -3.866025e+00 5.000000e-01
      vertex   -3.426828e+01 -3.861830e+00 5.695642e-01
      vertex   -3.407813e+01 -3.828668e+00 4.457391e-01
    endloop
  endfacet
  facet normal -2.448663e-01 -7.743828e-01 -5.834139e-01
    outer loop
      vertex   -3.407813e+01 -3.828668e+00 4.457391e-01
      vertex   -3.426828e+01 -3.861830e+00 5.695642e-01
      vertex   -3.440746e+01 -3.702554e+00 4.165699e-01
    endloop
  endfacet
  facet normal -2.448663e-01 -7.743828e-01 -5.834139e-01
    outer loop
      vertex   -3.407813e+01 -3.828668e+00 4.457391e-01
      vertex   -3.440746e+01 -3.702554e+00 4.165699e-01
      vertex   -3.420112e+01 -3.666568e+00 2.821994e-01
    endloop
  endfacet
  facet normal -3.657544e-01 -5.901245e-01 -7.197061e-01
    outer loop
      vertex   -3.420112e+01 -3.666568e+00 2.821994e-01
      vertex   -3.440746e+01 -3.702554e+00 4.165699e-01
      vertex   -3.451888e+01 -3.495400e+00 3.033355e-01
    endloop
  endfacet
  facet normal -3.657544e-01 -5.901245e-01 -7.197061e-01
    outer loop
      vertex   -3.420112e+01 -3.666568e+00 2.821994e-01
      vertex   -3.451888e+01 -3.495400e+00 3.033355e-01
      vertex   -3.431041e+01 -3.459042e+00 1.675766e-01
    endloop
  endfacet
  facet normal -4.620595e-01 -3.663208e-01 -8.076571e-01
    outer loop
      vertex   -3.431041e+01 -3.459042e+00 1.675766e-01
      vertex   -3.451888e+01 -3.495400e+00 3.033355e-01
      vertex   -3.459494e+01 -3.254486e+00 2.375775e-01
    endloop
  endfacet
  facet normal -4.620595e-01 -3.663208e-01 -8.076571e-01
    outer loop
      vertex   -3.431041e+01 -3.459042e+00 1.675766e-01
      vertex   -3.459494e+01 -3.254486e+00 2.375775e-01
      vertex   -3.439854e+01 -3.220233e+00 1.096821e-01
    endloop
  endfacet
  facet normal -5.215192e-01 -1.475718e-01 -8.403810e-01
    outer loop
      vertex   -3.439854e+01 -3.220233e+00 1.096821e-01
      vertex   -3.459494e+01 -3.254486e+00 2.375775e-01
      vertex   -3.450000e+01 -3.000000e+00 1.339746e-01
    endloop
  endfacet
  facet normal -3.816287e-01 -7.419375e-02 -9.213332e-01
    outer loop
      vertex   -3.439854e+01 -3.220233e+00 1.096821e-01
      vertex   -3.450000e+01 -3.000000e+00 1.339746e-01
      vertex   -3.425882e+01 -3.000000e+00 3.407417e-02
    endloop
  endfacet
  facet normal -3.818374e-01 -9.218370e-01 -6.645835e-02
    outer loop
      vertex   -3.425882e+01 -3.965926e+00 1.000000e+00
      vertex   -3.450000e+01 -3.866025e+00 1.000000e+00
      vertex   -3.424811e+01 -3.962374e+00 8.891872e-01
    endloop
  endfacet
  facet normal -3.995626e-01 -9.091026e-01 -1.178222e-01
    outer loop
      vertex   -3.424811e+01 -3.962374e+00 8.891872e-01
      vertex   -3.450000e+01 -3.866025e+00 1.000000e+00
      vertex   -3.443044e+01 -3.861830e+00 7.317200e-01
    endloop
  endfacet
  facet normal -2.729599e-01 -9.224889e-01 -2.729599e-01
    outer loop
      vertex   -3.424811e+01 -3.962374e+00 8.891872e-01
      vertex   -3.443044e+01 -3.861830e+00 7.317200e-01
      vertex   -3.411081e+01 -3.962374e+00 7.518919e-01
    endloop
  endfacet
  facet normal -2.729599e-01 -9.224889e-01 -2.729599e-01
    outer loop
      vertex   -3.411081e+01 -3.962374e+00 7.518919e-01
      vertex   -3.443044e+01 -3.861830e+00 7.317200e-01
      vertex   -3.426828e+01 -3.861830e+00 5.695642e-01
    endloop
  endfacet
  facet normal -4.328324e-01 -8.925984e-01 -1.261909e-01
    outer loop
      vertex   -3.443044e+01 -3.861830e+00 7.317200e-01
      vertex   -3.450000e+01 -3.866025e+00 1.000000e+00
      vertex   -3.455426e+01 -3.828668e+00 9.218691e-01
    endloop
  endfacet
  facet normal -6.081878e-01 -7.926058e-01 4.340169e-02
    outer loop
      vertex   -3.455426e+01 -3.828668e+00 9.218691e-01
      vertex   -3.450000e+01 -3.866025e+00 1.000000e+00
      vertex   -3.470711e+01 -3.707107e+00 1.000000e+00
    endloop
  endfacet
  facet normal -6.538873e-01 -7.476569e-01 -1.159338e-01
    outer loop
      vertex   -3.455426e+01 -3.828668e+00 9.218691e-01
      vertex   -3.470711e+01 -3.707107e+00 1.000000e+00
      vertex   -3.471780e+01 -3.666568e+00 7.988787e-01
    endloop
  endfacet
  facet normal -7.907938e-01 -6.067974e-01 -8.026201e-02
    outer loop
      vertex   -3.471780e+01 -3.666568e+00 7.988787e-01
      vertex   -3.470711e+01 -3.707107e+00 1.000000e+00
      vertex   -3.486603e+01 -3.500000e+00 1.000000e+00
    endloop
  endfacet
  facet normal -8.257119e-01 -5.407082e-01 -1.607312e-01
    outer loop
      vertex   -3.471780e+01 -3.666568e+00 7.988787e-01
      vertex   -3.486603e+01 -3.500000e+00 1.000000e+00
      vertex   -3.483242e+01 -3.459042e+00 6.895943e-01
    endloop
  endfacet
  facet normal -8.447130e-01 -5.110938e-01 -1.588805e-01
    outer loop
      vertex   -3.483242e+01 -3.459042e+00 6.895943e-01
      vertex   -3.486603e+01 -3.500000e+00 1.000000e+00
      vertex   -3.491750e+01 -3.388644e+00 9.154700e-01
    endloop
  endfacet
  facet normal -9.167181e-01 -3.135991e-01 -2.475550e-01
    outer loop
      vertex   -3.483242e+01 -3.459042e+00 6.895943e-01
      vertex   -3.491750e+01 -3.388644e+00 9.154700e-01
      vertex   -3.497047e+01 -3.153913e+00 8.142561e-01
    endloop
  endfacet
  facet normal -9.537278e-01 -2.711922e-01 -1.298391e-01
    outer loop
      vertex   -3.497047e+01 -3.153913e+00 8.142561e-01
      vertex   -3.491750e+01 -3.388644e+00 9.154700e-01
      vertex   -3.496593e+01 -3.258819e+00 1.000000e+00
    endloop
  endfacet
  facet normal -9.902339e-01 -1.303668e-01 -4.940940e-02
    outer loop
      vertex   -3.497047e+01 -3.153913e+00 8.142561e-01
      vertex   -3.496593e+01 -3.258819e+00 1.000000e+00
      vertex   -3.500000e+01 -3.000000e+00 1.000000e+00
    endloop
  endfacet
  facet normal -9.223031e-01 -3.820305e-01 5.839280e-02
    outer loop
      vertex   -3.486603e+01 -3.500000e+00 1.000000e+00
      vertex   -3.496593e+01 -3.258819e+00 1.000000e+00
      vertex   -3.491750e+01 -3.388644e+00 9.154700e-01
    endloop
  endfacet
  facet normal -9.909150e-01 -3.268886e-02 -1.304564e-01
    outer loop
      vertex   -3.500000e+01 -3.000000e+00 1.000000e+00
      vertex   -3.496593e+01 -3.000000e+00 7.411810e-01
      vertex   -3.497047e+01 -3.153913e+00 8.142561e-01
    endloop
  endfacet
  facet normal -9.407634e-01 -1.223638e-01 -3.162140e-01
    outer loop
      vertex   -3.497047e+01 -3.153913e+00 8.142561e-01
      vertex   -3.496593e+01 -3.000000e+00 7.411810e-01
      vertex   -3.489032e+01 -3.220233e+00 6.014636e-01
    endloop
  endfacet
  facet normal -9.167181e-01 -3.135991e-01 -2.475550e-01
    outer loop
      vertex   -3.497047e+01 -3.153913e+00 8.142561e-01
      vertex   -3.489032e+01 -3.220233e+00 6.014636e-01
      vertex   -3.483242e+01 -3.459042e+00 6.895943e-01
    endloop
  endfacet
  facet normal -8.076571e-01 -3.663208e-01 -4.620595e-01
    outer loop
      vertex   -3.483242e+01 -3.459042e+00 6.895943e-01
      vertex   -3.489032e+01 -3.220233e+00 6.014636e-01
      vertex   -3.469666e+01 -3.495400e+00 4.811193e-01
    endloop
  endfacet
  facet normal -7.197061e-01 -5.901245e-01 -3.657544e-01
    outer loop
      vertex   -3.483242e+01 -3.459042e+00 6.895943e-01
      vertex   -3.469666e+01 -3.495400e+00 4.811193e-01
      vertex   -3.458343e+01 -3.702554e+00 5.925356e-01
    endloop
  endfacet
  facet normal -5.611197e-01 -6.085140e-01 -5.611197e-01
    outer loop
      vertex   -3.458343e+01 -3.702554e+00 5.925356e-01
      vertex   -3.469666e+01 -3.495400e+00 4.811193e-01
      vertex   -3.440746e+01 -3.702554e+00 4.165699e-01
    endloop
  endfacet
  facet normal -4.317293e-01 -7.919720e-01 -4.317293e-01
    outer loop
      vertex   -3.458343e+01 -3.702554e+00 5.925356e-01
      vertex   -3.440746e+01 -3.702554e+00 4.165699e-01
      vertex   -3.426828e+01 -3.861830e+00 5.695642e-01
    endloop
  endfacet
  facet normal -9.213332e-01 -7.419375e-02 -3.816287e-01
    outer loop
      vertex   -3.496593e+01 -3.000000e+00 7.411810e-01
      vertex   -3.486603e+01 -3.000000e+00 5.000000e-01
      vertex   -3.489032e+01 -3.220233e+00 6.014636e-01
    endloop
  endfacet
  facet normal -8.403810e-01 -1.475718e-01 -5.215192e-01
    outer loop
      vertex   -3.489032e+01 -3.220233e+00 6.014636e-01
      vertex   -3.486603e+01 -3.000000e+00 5.000000e-01
      vertex   -3.476242e+01 -3.254486e+00 4.050638e-01
    endloop
  endfacet
  facet normal -8.076571e-01 -3.663208e-01 -4.620595e-01
    outer loop
      vertex   -3.489032e+01 -3.220233e+00 6.014636e-01
      vertex   -3.476242e+01 -3.254486e+00 4.050638e-01
      vertex   -3.469666e+01 -3.495400e+00 4.811193e-01
    endloop
  endfacet
  facet normal -6.528138e-01 -3.842763e-01 -6.528138e-01
    outer loop
      vertex   -3.469666e+01 -3.495400e+00 4.811193e-01
      vertex   -3.476242e+01 -3.254486e+00 4.050638e-01
      vertex   -3.451888e+01 -3.495400e+00 3.033355e-01
    endloop
  endfacet
  facet normal -5.611197e-01 -6.085140e-01 -5.611197e-01
    outer loop
      vertex   -3.469666e+01 -3.495400e+00 4.811193e-01
      vertex   -3.451888e+01 -3.495400e+00 3.033355e-01
      vertex   -3.440746e+01 -3.702554e+00 4.165699e-01
    endloop
  endfacet
  facet normal -7.897316e-01 -9.544300e-02 -6.059824e-01
    outer loop
      vertex   -3.486603e+01 -3.000000e+00 5.000000e-01
      vertex   -3.470711e+01 -3.000000e+00 2.928932e-01
      vertex   -3.476242e+01 -3.254486e+00 4.050638e-01
    endloop
  endfacet
  facet normal -6.984452e-01 -1.560404e-01 -6.984452e-01
    outer loop
      vertex   -3.476242e+01 -3.254486e+00 4.050638e-01
      vertex   -3.470711e+01 -3.000000e+00 2.928932e-01
      vertex   -3.459494e+01 -3.254486e+00 2.375775e-01
    endloop
  endfacet
  facet normal -6.528138e-01 -3.842763e-01 -6.528138e-01
    outer loop
      vertex   -3.476242e+01 -3.254486e+00 4.050638e-01
      vertex   -3.459494e+01 -3.254486e+00 2.375775e-01
      vertex   -3.451888e+01 -3.495400e+00 3.033355e-01
    endloop
  endfacet
  facet normal -6.059824e-01 -9.544300e-02 -7.897316e-01
    outer loop
      vertex   -3.470711e+01 -3.000000e+00 2.928932e-01
      vertex   -3.450000e+01 -3.000000e+00 1.339746e-01
      vertex   -3.459494e+01 -3.254486e+00 2.375775e-01
    endloop
  endfacet
  facet normal -3.162140e-01 -1.223638e-01 -9.407634e-01
    outer loop
      vertex   -3.439854e+01 -3.220233e+00 1.096821e-01
      vertex   -3.425882e+01 -3.000000e+00 3.407417e-02
      vertex   -3.418574e+01 -3.153913e+00 2.953101e-02
    endloop
  endfacet
  facet normal -1.304564e-01 -3.268886e-02 -9.909150e-01
    outer loop
      vertex   -3.418574e+01 -3.153913e+00 2.953101e-02
      vertex   -3.425882e+01 -3.000000e+00 3.407417e-02
      vertex   -3.400000e+01 -3.000000e+00 1.785239e-13
    endloop
  endfacet
  facet normal -4.940940e-02 -1.303668e-01 -9.902339e-01
    outer loop
      vertex   -3.418574e+01 -3.153913e+00 2.953101e-02
      vertex   -3.400000e+01 -3.000000e+00 1.785239e-13
      vertex   -3.400000e+01 -3.258819e+00 3.407417e-02
    endloop
  endfacet
  facet normal -1.298391e-01 -2.711922e-01 -9.537278e-01
    outer loop
      vertex   -3.418574e+01 -3.153913e+00 2.953101e-02
      vertex   -3.400000e+01 -3.258819e+00 3.407417e-02
      vertex   -3.408453e+01 -3.388644e+00 8.249758e-02
    endloop
  endfacet
  facet normal 5.839280e-02 -3.820305e-01 -9.223031e-01
    outer loop
      vertex   -3.408453e+01 -3.388644e+00 8.249758e-02
      vertex   -3.400000e+01 -3.258819e+00 3.407417e-02
      vertex   -3.400000e+01 -3.500000e+00 1.339746e-01
    endloop
  endfacet
  facet normal -1.588805e-01 -5.110938e-01 -8.447130e-01
    outer loop
      vertex   -3.408453e+01 -3.388644e+00 8.249758e-02
      vertex   -3.400000e+01 -3.500000e+00 1.339746e-01
      vertex   -3.431041e+01 -3.459042e+00 1.675766e-01
    endloop
  endfacet
  facet normal -1.607312e-01 -5.407082e-01 -8.257119e-01
    outer loop
      vertex   -3.431041e+01 -3.459042e+00 1.675766e-01
      vertex   -3.400000e+01 -3.500000e+00 1.339746e-01
      vertex   -3.420112e+01 -3.666568e+00 2.821994e-01
    endloop
  endfacet
  facet normal -8.026201e-02 -6.067974e-01 -7.907938e-01
    outer loop
      vertex   -3.400000e+01 -3.500000e+00 1.339746e-01
      vertex   -3.400000e+01 -3.707107e+00 2.928932e-01
      vertex   -3.420112e+01 -3.666568e+00 2.821994e-01
    endloop
  endfacet
  facet normal -1.159338e-01 -7.476569e-01 -6.538873e-01
    outer loop
      vertex   -3.420112e+01 -3.666568e+00 2.821994e-01
      vertex   -3.400000e+01 -3.707107e+00 2.928932e-01
      vertex   -3.407813e+01 -3.828668e+00 4.457391e-01
    endloop
  endfacet
  facet normal 4.340169e-02 -7.926058e-01 -6.081878e-01
    outer loop
      vertex   -3.400000e+01 -3.707107e+00 2.928932e-01
      vertex   -3.400000e+01 -3.866025e+00 5.000000e-01
      vertex   -3.407813e+01 -3.828668e+00 4.457391e-01
    endloop
  endfacet
  facet normal -4.317293e-01 -7.919720e-01 -4.317293e-01
    outer loop
      vertex   -3.458343e+01 -3.702554e+00 5.925356e-01
      vertex   -3.426828e+01 -3.861830e+00 5.695642e-01
      vertex   -3.443044e+01 -3.861830e+00 7.317200e-01
    endloop
  endfacet
  facet normal -5.834139e-01 -7.743828e-01 -2.448663e-01
    outer loop
      vertex   -3.455426e+01 -3.828668e+00 9.218691e-01
      vertex   -3.471780e+01 -3.666568e+00 7.988787e-01
      vertex   -3.443044e+01 -3.861830e+00 7.317200e-01
    endloop
  endfacet
  facet normal -5.834139e-01 -7.743828e-01 -2.448663e-01
    outer loop
      vertex   -3.443044e+01 -3.861830e+00 7.317200e-01
      vertex   -3.471780e+01 -3.666568e+00 7.988787e-01
      vertex   -3.458343e+01 -3.702554e+00 5.925356e-01
    endloop
  endfacet
  facet normal -7.197061e-01 -5.901245e-01 -3.657544e-01
    outer loop
      vertex   -3.471780e+01 -3.666568e+00 7.988787e-01
      vertex   -3.483242e+01 -3.459042e+00 6.895943e-01
      vertex   -3.458343e+01 -3.702554e+00 5.925356e-01
    endloop
  endfacet
  facet normal -2.475550e-01 -3.135991e-01 -9.167181e-01
    outer loop
      vertex   -3.408453e+01 -3.388644e+00 8.249758e-02
      vertex   -3.431041e+01 -3.459042e+00 1.675766e-01
      vertex   -3.439854e+01 -3.220233e+00 1.096821e-01
    endloop
  endfacet
  facet normal -2.475550e-01 -3.135991e-01 -9.167181e-01
    outer loop
      vertex   -3.418574e+01 -3.153913e+00 2.953101e-02
      vertex   -3.408453e+01 -3.388644e+00 8.249758e-02
      vertex   -3.439854e+01 -3.220233e+00 1.096821e-01
    endloop
  endfacet
  facet normal -1.298642e-01 1.005892e-01 -9.864163e-01
    outer loop
      vertex   3.741181e+00 6.300000e+01 3.407417e-02
      vertex   3.731796e+00 6.318070e+01 5.373622e-02
      vertex   4.000000e+00 6.300000e+01 1.065814e-13
    endloop
  endfacet
  facet normal -1.016232e-01 1.419779e-01 -9.846395e-01
    outer loop
      vertex   4.000000e+00 6.300000e+01 1.065814e-13
      vertex   3.731796e+00 6.318070e+01 5.373622e-02
      vertex   4.063145e+00 6.308304e+01 5.456059e-03
    endloop
  endfacet
  facet normal 1.304503e-01 -3.409484e-02 -9.908684e-01
    outer loop
      vertex   4.000000e+00 6.300000e+01 1.065814e-13
      vertex   4.063145e+00 6.308304e+01 5.456059e-03
      vertex   4.258819e+00 6.300000e+01 3.407417e-02
    endloop
  endfacet
  facet normal 1.856689e-01 1.006538e-01 -9.774435e-01
    outer loop
      vertex   4.258819e+00 6.300000e+01 3.407417e-02
      vertex   4.063145e+00 6.308304e+01 5.456059e-03
      vertex   4.285003e+00 6.316849e+01 5.639881e-02
    endloop
  endfacet
  facet normal 3.819277e-01 6.281643e-02 -9.220550e-01
    outer loop
      vertex   4.258819e+00 6.300000e+01 3.407417e-02
      vertex   4.285003e+00 6.316849e+01 5.639881e-02
      vertex   4.500000e+00 6.300000e+01 1.339746e-01
    endloop
  endfacet
  facet normal 4.165070e-01 1.163298e-01 -9.016592e-01
    outer loop
      vertex   4.500000e+00 6.300000e+01 1.339746e-01
      vertex   4.285003e+00 6.316849e+01 5.639881e-02
      vertex   4.497565e+00 6.322221e+01 1.615194e-01
    endloop
  endfacet
  facet normal 6.054324e-01 1.044370e-01 -7.890149e-01
    outer loop
      vertex   4.500000e+00 6.300000e+01 1.339746e-01
      vertex   4.497565e+00 6.322221e+01 1.615194e-01
      vertex   4.707107e+00 6.300000e+01 2.928932e-01
    endloop
  endfacet
  facet normal 6.158127e-01 1.203555e-01 -7.786458e-01
    outer loop
      vertex   4.707107e+00 6.300000e+01 2.928932e-01
      vertex   4.497565e+00 6.322221e+01 1.615194e-01
      vertex   4.686346e+00 6.324054e+01 3.136540e-01
    endloop
  endfacet
  facet normal 7.786458e-01 1.203555e-01 -6.158127e-01
    outer loop
      vertex   4.707107e+00 6.300000e+01 2.928932e-01
      vertex   4.686346e+00 6.324054e+01 3.136540e-01
      vertex   4.838481e+00 6.322221e+01 5.024349e-01
    endloop
  endfacet
  facet normal 7.448229e-01 3.535066e-01 -5.659257e-01
    outer loop
      vertex   4.838481e+00 6.322221e+01 5.024349e-01
      vertex   4.686346e+00 6.324054e+01 3.136540e-01
      vertex   4.625283e+00 6.346695e+01 3.747172e-01
    endloop
  endfacet
  facet normal 7.448229e-01 3.535066e-01 -5.659257e-01
    outer loop
      vertex   4.838481e+00 6.322221e+01 5.024349e-01
      vertex   4.625283e+00 6.346695e+01 3.747172e-01
      vertex   4.787252e+00 6.344744e+01 5.757018e-01
    endloop
  endfacet
  facet normal 6.679962e-01 5.657697e-01 -4.834104e-01
    outer loop
      vertex   4.787252e+00 6.344744e+01 5.757018e-01
      vertex   4.625283e+00 6.346695e+01 3.747172e-01
      vertex   4.527503e+00 6.366594e+01 4.724972e-01
    endloop
  endfacet
  facet normal 6.679962e-01 5.657697e-01 -4.834104e-01
    outer loop
      vertex   4.787252e+00 6.344744e+01 5.757018e-01
      vertex   4.527503e+00 6.366594e+01 4.724972e-01
      vertex   4.689796e+00 6.364640e+01 6.738836e-01
    endloop
  endfacet
  facet normal 5.525904e-01 7.453396e-01 -3.729782e-01
    outer loop
      vertex   4.689796e+00 6.364640e+01 6.738836e-01
      vertex   4.527503e+00 6.366594e+01 4.724972e-01
      vertex   4.398748e+00 6.382583e+01 6.012523e-01
    endloop
  endfacet
  facet normal 5.525904e-01 7.453396e-01 -3.729782e-01
    outer loop
      vertex   4.689796e+00 6.364640e+01 6.738836e-01
      vertex   4.398748e+00 6.382583e+01 6.012523e-01
      vertex   4.551835e+00 6.380740e+01 7.912150e-01
    endloop
  endfacet
  facet normal 4.049720e-01 8.820655e-01 -2.407448e-01
    outer loop
      vertex   4.551835e+00 6.380740e+01 7.912150e-01
      vertex   4.398748e+00 6.382583e+01 6.012523e-01
      vertex   4.246578e+00 6.393723e+01 7.534220e-01
    endloop
  endfacet
  facet normal 4.049720e-01 8.820655e-01 -2.407448e-01
    outer loop
      vertex   4.551835e+00 6.380740e+01 7.912150e-01
      vertex   4.246578e+00 6.393723e+01 7.534220e-01
      vertex   4.381470e+00 6.392098e+01 9.208064e-01
    endloop
  endfacet
  facet normal 2.332784e-01 9.678507e-01 -9.405419e-02
    outer loop
      vertex   4.381470e+00 6.392098e+01 9.208064e-01
      vertex   4.246578e+00 6.393723e+01 7.534220e-01
      vertex   4.079929e+00 6.399359e+01 9.200709e-01
    endloop
  endfacet
  facet normal 2.332784e-01 9.678507e-01 -9.405419e-02
    outer loop
      vertex   4.381470e+00 6.392098e+01 9.208064e-01
      vertex   4.079929e+00 6.399359e+01 9.200709e-01
      vertex   4.188704e+00 6.398049e+01 1.055048e+00
    endloop
  endfacet
  facet normal 4.720562e-02 9.971564e-01 5.874239e-02
    outer loop
      vertex   4.188704e+00 6.398049e+01 1.055048e+00
      vertex   4.079929e+00 6.399359e+01 9.200709e-01
      vertex   3.908587e+00 6.399161e+01 1.091413e+00
    endloop
  endfacet
  facet normal 4.720562e-02 9.971564e-01 5.874239e-02
    outer loop
      vertex   4.188704e+00 6.398049e+01 1.055048e+00
      vertex   3.908587e+00 6.399161e+01 1.091413e+00
      vertex   3.984859e+00 6.398242e+01 1.186057e+00
    endloop
  endfacet
  facet normal -1.423629e-01 9.675753e-01 2.086406e-01
    outer loop
      vertex   3.984859e+00 6.398242e+01 1.186057e+00
      vertex   3.908587e+00 6.399161e+01 1.091413e+00
      vertex   3.742612e+00 6.393140e+01 1.257388e+00
    endloop
  endfacet
  facet normal -1.423629e-01 9.675753e-01 2.086406e-01
    outer loop
      vertex   3.984859e+00 6.398242e+01 1.186057e+00
      vertex   3.742612e+00 6.393140e+01 1.257388e+00
      vertex   3.781902e+00 6.392667e+01 1.306141e+00
    endloop
  endfacet
  facet normal -3.239677e-01 8.803219e-01 3.465232e-01
    outer loop
      vertex   3.781902e+00 6.392667e+01 1.306141e+00
      vertex   3.742612e+00 6.393140e+01 1.257388e+00
      vertex   3.591752e+00 6.381650e+01 1.408248e+00
    endloop
  endfacet
  facet normal -3.586877e-01 8.254486e-02 -9.298008e-01
    outer loop
      vertex   3.731796e+00 6.318070e+01 5.373622e-02
      vertex   3.741181e+00 6.300000e+01 3.407417e-02
      vertex   3.523672e+00 6.304262e+01 1.217661e-01
    endloop
  endfacet
  facet normal -3.821652e-01 -5.202723e-02 -9.226283e-01
    outer loop
      vertex   3.523672e+00 6.304262e+01 1.217661e-01
      vertex   3.741181e+00 6.300000e+01 3.407417e-02
      vertex   3.500000e+00 6.300000e+01 1.339746e-01
    endloop
  endfacet
  facet normal -5.885945e-01 9.700991e-02 -8.025868e-01
    outer loop
      vertex   3.523672e+00 6.304262e+01 1.217661e-01
      vertex   3.500000e+00 6.300000e+01 1.339746e-01
      vertex   3.423689e+00 6.324077e+01 2.190404e-01
    endloop
  endfacet
  facet normal -6.064519e-01 8.702428e-02 -7.903435e-01
    outer loop
      vertex   3.423689e+00 6.324077e+01 2.190404e-01
      vertex   3.500000e+00 6.300000e+01 1.339746e-01
      vertex   3.292893e+00 6.300000e+01 2.928932e-01
    endloop
  endfacet
  facet normal -6.476253e-01 1.210676e-01 -7.522793e-01
    outer loop
      vertex   3.423689e+00 6.324077e+01 2.190404e-01
      vertex   3.292893e+00 6.300000e+01 2.928932e-01
      vertex   3.251278e+00 6.309229e+01 3.435723e-01
    endloop
  endfacet
  facet normal -7.931354e-01 -2.344042e-02 -6.085942e-01
    outer loop
      vertex   3.251278e+00 6.309229e+01 3.435723e-01
      vertex   3.292893e+00 6.300000e+01 2.928932e-01
      vertex   3.133975e+00 6.300000e+01 5.000000e-01
    endloop
  endfacet
  facet normal -8.298983e-01 1.389959e-01 -5.403230e-01
    outer loop
      vertex   3.251278e+00 6.309229e+01 3.435723e-01
      vertex   3.133975e+00 6.300000e+01 5.000000e-01
      vertex   3.194917e+00 6.328472e+01 4.796407e-01
    endloop
  endfacet
  facet normal -8.579376e-01 1.484646e-01 -4.918347e-01
    outer loop
      vertex   3.194917e+00 6.328472e+01 4.796407e-01
      vertex   3.133975e+00 6.300000e+01 5.000000e-01
      vertex   3.077449e+00 6.314467e+01 6.422719e-01
    endloop
  endfacet
  facet normal -8.771624e-01 3.057593e-01 -3.702667e-01
    outer loop
      vertex   3.194917e+00 6.328472e+01 4.796407e-01
      vertex   3.077449e+00 6.314467e+01 6.422719e-01
      vertex   3.082325e+00 6.333703e+01 7.895661e-01
    endloop
  endfacet
  facet normal -9.641791e-01 1.762374e-01 -1.982397e-01
    outer loop
      vertex   3.082325e+00 6.333703e+01 7.895661e-01
      vertex   3.077449e+00 6.314467e+01 6.422719e-01
      vertex   3.025668e+00 6.322204e+01 9.628971e-01
    endloop
  endfacet
  facet normal -9.274247e-01 3.694823e-01 -5.802031e-02
    outer loop
      vertex   3.082325e+00 6.333703e+01 7.895661e-01
      vertex   3.025668e+00 6.322204e+01 9.628971e-01
      vertex   3.095399e+00 6.341687e+01 1.088990e+00
    endloop
  endfacet
  facet normal -9.562589e-01 2.710359e-01 1.100382e-01
    outer loop
      vertex   3.095399e+00 6.341687e+01 1.088990e+00
      vertex   3.025668e+00 6.322204e+01 9.628971e-01
      vertex   3.090604e+00 6.333724e+01 1.243452e+00
    endloop
  endfacet
  facet normal -8.580187e-01 4.668883e-01 2.140543e-01
    outer loop
      vertex   3.095399e+00 6.341687e+01 1.088990e+00
      vertex   3.090604e+00 6.333724e+01 1.243452e+00
      vertex   3.214886e+00 6.353138e+01 1.318164e+00
    endloop
  endfacet
  facet normal -8.442712e-01 4.057192e-01 3.501400e-01
    outer loop
      vertex   3.214886e+00 6.353138e+01 1.318164e+00
      vertex   3.090604e+00 6.333724e+01 1.243452e+00
      vertex   3.240426e+00 6.348854e+01 1.429391e+00
    endloop
  endfacet
  facet normal -7.000420e-01 5.975913e-01 3.909295e-01
    outer loop
      vertex   3.214886e+00 6.353138e+01 1.318164e+00
      vertex   3.240426e+00 6.348854e+01 1.429391e+00
      vertex   3.398426e+00 6.367226e+01 1.431488e+00
    endloop
  endfacet
  facet normal -6.697016e-01 5.705335e-01 4.753854e-01
    outer loop
      vertex   3.398426e+00 6.367226e+01 1.431488e+00
      vertex   3.240426e+00 6.348854e+01 1.429391e+00
      vertex   3.425574e+00 6.365838e+01 1.486383e+00
    endloop
  endfacet
  facet normal -5.034309e-01 7.452011e-01 4.373015e-01
    outer loop
      vertex   3.398426e+00 6.367226e+01 1.431488e+00
      vertex   3.425574e+00 6.365838e+01 1.486383e+00
      vertex   3.591752e+00 6.381650e+01 1.408248e+00
    endloop
  endfacet
  facet normal -9.237705e-01 1.535993e-02 -3.826383e-01
    outer loop
      vertex   3.133975e+00 6.300000e+01 5.000000e-01
      vertex   3.034074e+00 6.300000e+01 7.411810e-01
      vertex   3.077449e+00 6.314467e+01 6.422719e-01
    endloop
  endfacet
  facet normal -9.647728e-01 1.347868e-01 -2.259336e-01
    outer loop
      vertex   3.077449e+00 6.314467e+01 6.422719e-01
      vertex   3.034074e+00 6.300000e+01 7.411810e-01
      vertex   3.013150e+00 6.301417e+01 8.389833e-01
    endloop
  endfacet
  facet normal -9.641791e-01 1.762374e-01 -1.982397e-01
    outer loop
      vertex   3.077449e+00 6.314467e+01 6.422719e-01
      vertex   3.013150e+00 6.301417e+01 8.389833e-01
      vertex   3.025668e+00 6.322204e+01 9.628971e-01
    endloop
  endfacet
  facet normal -9.921080e-01 1.026598e-01 -7.199048e-02
    outer loop
      vertex   3.025668e+00 6.322204e+01 9.628971e-01
      vertex   3.013150e+00 6.301417e+01 8.389833e-01
      vertex   3.000000e+00 6.300000e+01 1.000000e+00
    endloop
  endfacet
  facet normal -9.923027e-01 1.198925e-01 3.100139e-02
    outer loop
      vertex   3.025668e+00 6.322204e+01 9.628971e-01
      vertex   3.000000e+00 6.300000e+01 1.000000e+00
      vertex   3.019721e+00 6.312329e+01 1.154445e+00
    endloop
  endfacet
  facet normal -9.914329e-01 -4.920280e-03 1.305246e-01
    outer loop
      vertex   3.019721e+00 6.312329e+01 1.154445e+00
      vertex   3.000000e+00 6.300000e+01 1.000000e+00
      vertex   3.034074e+00 6.300000e+01 1.258819e+00
    endloop
  endfacet
  facet normal -9.584570e-01 1.108968e-01 2.627965e-01
    outer loop
      vertex   3.019721e+00 6.312329e+01 1.154445e+00
      vertex   3.034074e+00 6.300000e+01 1.258819e+00
      vertex   3.064890e+00 6.304752e+01 1.351158e+00
    endloop
  endfacet
  facet normal -9.143829e-01 -1.430125e-01 3.787498e-01
    outer loop
      vertex   3.064890e+00 6.304752e+01 1.351158e+00
      vertex   3.034074e+00 6.300000e+01 1.258819e+00
      vertex   3.133975e+00 6.300000e+01 1.500000e+00
    endloop
  endfacet
  facet normal -7.953201e-01 3.634269e-01 4.851668e-01
    outer loop
      vertex   3.064890e+00 6.304752e+01 1.351158e+00
      vertex   3.133975e+00 6.300000e+01 1.500000e+00
      vertex   3.158096e+00 6.299989e+01 1.539628e+00
    endloop
  endfacet
  facet normal 1.820976e-02 -9.997365e-01 -1.397284e-02
    outer loop
      vertex   3.158096e+00 6.299989e+01 1.539628e+00
      vertex   3.133975e+00 6.300000e+01 1.500000e+00
      vertex   3.292893e+00 6.300000e+01 1.707107e+00
    endloop
  endfacet
  facet normal -7.746835e-01 1.057833e-01 6.234384e-01
    outer loop
      vertex   3.158096e+00 6.299989e+01 1.539628e+00
      vertex   3.292893e+00 6.300000e+01 1.707107e+00
      vertex   3.202188e+00 6.323773e+01 1.554060e+00
    endloop
  endfacet
  facet normal -7.683252e-01 1.124956e-01 6.300961e-01
    outer loop
      vertex   3.202188e+00 6.323773e+01 1.554060e+00
      vertex   3.292893e+00 6.300000e+01 1.707107e+00
      vertex   3.310963e+00 6.322462e+01 1.689037e+00
    endloop
  endfacet
  facet normal -7.158222e-01 3.400767e-01 6.098742e-01
    outer loop
      vertex   3.202188e+00 6.323773e+01 1.554060e+00
      vertex   3.310963e+00 6.322462e+01 1.689037e+00
      vertex   3.369399e+00 6.345242e+01 1.630601e+00
    endloop
  endfacet
  facet normal -6.098742e-01 3.400767e-01 7.158222e-01
    outer loop
      vertex   3.369399e+00 6.345242e+01 1.630601e+00
      vertex   3.310963e+00 6.322462e+01 1.689037e+00
      vertex   3.464043e+00 6.346161e+01 1.706873e+00
    endloop
  endfacet
  facet normal -5.534108e-01 5.565274e-01 6.196884e-01
    outer loop
      vertex   3.369399e+00 6.345242e+01 1.630601e+00
      vertex   3.464043e+00 6.346161e+01 1.706873e+00
      vertex   3.513617e+00 6.365838e+01 1.574426e+00
    endloop
  endfacet
  facet normal -4.753854e-01 5.705335e-01 6.697016e-01
    outer loop
      vertex   3.513617e+00 6.365838e+01 1.574426e+00
      vertex   3.464043e+00 6.346161e+01 1.706873e+00
      vertex   3.568512e+00 6.367226e+01 1.601574e+00
    endloop
  endfacet
  facet normal -4.373015e-01 7.452011e-01 5.034309e-01
    outer loop
      vertex   3.513617e+00 6.365838e+01 1.574426e+00
      vertex   3.568512e+00 6.367226e+01 1.601574e+00
      vertex   3.591752e+00 6.381650e+01 1.408248e+00
    endloop
  endfacet
  facet normal -8.638758e-01 -4.906972e-01 -1.137314e-01
    outer loop
      vertex   3.034074e+00 6.300000e+01 7.411810e-01
      vertex   3.000000e+00 6.300000e+01 1.000000e+00
      vertex   3.013150e+00 6.301417e+01 8.389833e-01
    endloop
  endfacet
  facet normal 1.397284e-02 -9.997365e-01 -1.820976e-02
    outer loop
      vertex   3.500000e+00 6.300000e+01 1.866025e+00
      vertex   3.460372e+00 6.299989e+01 1.841904e+00
      vertex   3.292893e+00 6.300000e+01 1.707107e+00
    endloop
  endfacet
  facet normal -6.234384e-01 1.057833e-01 7.746835e-01
    outer loop
      vertex   3.292893e+00 6.300000e+01 1.707107e+00
      vertex   3.460372e+00 6.299989e+01 1.841904e+00
      vertex   3.445940e+00 6.323773e+01 1.797812e+00
    endloop
  endfacet
  facet normal -6.300961e-01 1.124956e-01 7.683252e-01
    outer loop
      vertex   3.292893e+00 6.300000e+01 1.707107e+00
      vertex   3.445940e+00 6.323773e+01 1.797812e+00
      vertex   3.310963e+00 6.322462e+01 1.689037e+00
    endloop
  endfacet
  facet normal -6.098742e-01 3.400767e-01 7.158222e-01
    outer loop
      vertex   3.310963e+00 6.322462e+01 1.689037e+00
      vertex   3.445940e+00 6.323773e+01 1.797812e+00
      vertex   3.464043e+00 6.346161e+01 1.706873e+00
    endloop
  endfacet
  facet normal -4.851668e-01 3.634269e-01 7.953201e-01
    outer loop
      vertex   3.460372e+00 6.299989e+01 1.841904e+00
      vertex   3.500000e+00 6.300000e+01 1.866025e+00
      vertex   3.648842e+00 6.304752e+01 1.935110e+00
    endloop
  endfacet
  facet normal -3.787498e-01 -1.430125e-01 9.143829e-01
    outer loop
      vertex   3.648842e+00 6.304752e+01 1.935110e+00
      vertex   3.500000e+00 6.300000e+01 1.866025e+00
      vertex   3.741181e+00 6.300000e+01 1.965926e+00
    endloop
  endfacet
  facet normal -2.627965e-01 1.108968e-01 9.584570e-01
    outer loop
      vertex   3.648842e+00 6.304752e+01 1.935110e+00
      vertex   3.741181e+00 6.300000e+01 1.965926e+00
      vertex   3.845555e+00 6.312329e+01 1.980279e+00
    endloop
  endfacet
  facet normal -1.305246e-01 -4.920280e-03 9.914329e-01
    outer loop
      vertex   3.845555e+00 6.312329e+01 1.980279e+00
      vertex   3.741181e+00 6.300000e+01 1.965926e+00
      vertex   4.000000e+00 6.300000e+01 2.000000e+00
    endloop
  endfacet
  facet normal -3.100139e-02 1.198925e-01 9.923027e-01
    outer loop
      vertex   3.845555e+00 6.312329e+01 1.980279e+00
      vertex   4.000000e+00 6.300000e+01 2.000000e+00
      vertex   4.037103e+00 6.322204e+01 1.974332e+00
    endloop
  endfacet
  facet normal 7.199048e-02 1.026598e-01 9.921080e-01
    outer loop
      vertex   4.037103e+00 6.322204e+01 1.974332e+00
      vertex   4.000000e+00 6.300000e+01 2.000000e+00
      vertex   4.161017e+00 6.301417e+01 1.986850e+00
    endloop
  endfacet
  facet normal 1.982397e-01 1.762374e-01 9.641791e-01
    outer loop
      vertex   4.037103e+00 6.322204e+01 1.974332e+00
      vertex   4.161017e+00 6.301417e+01 1.986850e+00
      vertex   4.210434e+00 6.333703e+01 1.917675e+00
    endloop
  endfacet
  facet normal 1.982397e-01 1.762374e-01 9.641791e-01
    outer loop
      vertex   4.210434e+00 6.333703e+01 1.917675e+00
      vertex   4.161017e+00 6.301417e+01 1.986850e+00
      vertex   4.357728e+00 6.314467e+01 1.922551e+00
    endloop
  endfacet
  facet normal 3.702667e-01 3.057593e-01 8.771624e-01
    outer loop
      vertex   4.210434e+00 6.333703e+01 1.917675e+00
      vertex   4.357728e+00 6.314467e+01 1.922551e+00
      vertex   4.353735e+00 6.346043e+01 1.814169e+00
    endloop
  endfacet
  facet normal 3.702667e-01 3.057593e-01 8.771624e-01
    outer loop
      vertex   4.353735e+00 6.346043e+01 1.814169e+00
      vertex   4.357728e+00 6.314467e+01 1.922551e+00
      vertex   4.520359e+00 6.328472e+01 1.805083e+00
    endloop
  endfacet
  facet normal 5.043576e-01 4.398502e-01 7.430715e-01
    outer loop
      vertex   4.353735e+00 6.346043e+01 1.814169e+00
      vertex   4.520359e+00 6.328472e+01 1.805083e+00
      vertex   4.457241e+00 6.358384e+01 1.670868e+00
    endloop
  endfacet
  facet normal 5.043576e-01 4.398502e-01 7.430715e-01
    outer loop
      vertex   4.457241e+00 6.358384e+01 1.670868e+00
      vertex   4.520359e+00 6.328472e+01 1.805083e+00
      vertex   4.637827e+00 6.342477e+01 1.642452e+00
    endloop
  endfacet
  facet normal 5.913744e-01 5.693721e-01 5.710445e-01
    outer loop
      vertex   4.457241e+00 6.358384e+01 1.670868e+00
      vertex   4.637827e+00 6.342477e+01 1.642452e+00
      vertex   4.513898e+00 6.369883e+01 1.497537e+00
    endloop
  endfacet
  facet normal 5.913744e-01 5.693721e-01 5.710445e-01
    outer loop
      vertex   4.513898e+00 6.369883e+01 1.497537e+00
      vertex   4.637827e+00 6.342477e+01 1.642452e+00
      vertex   4.702126e+00 6.355528e+01 1.445740e+00
    endloop
  endfacet
  facet normal 6.253869e-01 6.854982e-01 3.728048e-01
    outer loop
      vertex   4.513898e+00 6.369883e+01 1.497537e+00
      vertex   4.702126e+00 6.355528e+01 1.445740e+00
      vertex   4.519845e+00 6.379758e+01 1.305989e+00
    endloop
  endfacet
  facet normal 6.253869e-01 6.854982e-01 3.728048e-01
    outer loop
      vertex   4.519845e+00 6.379758e+01 1.305989e+00
      vertex   4.702126e+00 6.355528e+01 1.445740e+00
      vertex   4.708875e+00 6.366735e+01 1.228354e+00
    endloop
  endfacet
  facet normal 6.040774e-01 7.803148e-01 1.618620e-01
    outer loop
      vertex   4.519845e+00 6.379758e+01 1.305989e+00
      vertex   4.708875e+00 6.366735e+01 1.228354e+00
      vertex   4.474676e+00 6.387335e+01 1.109277e+00
    endloop
  endfacet
  facet normal 6.040774e-01 7.803148e-01 1.618620e-01
    outer loop
      vertex   4.474676e+00 6.387335e+01 1.109277e+00
      vertex   4.708875e+00 6.366735e+01 1.228354e+00
      vertex   4.657613e+00 6.375334e+01 1.005108e+00
    endloop
  endfacet
  facet normal 5.288979e-01 8.473603e-01 -4.740830e-02
    outer loop
      vertex   4.474676e+00 6.387335e+01 1.109277e+00
      vertex   4.657613e+00 6.375334e+01 1.005108e+00
      vertex   4.381470e+00 6.392098e+01 9.208064e-01
    endloop
  endfacet
  facet normal 5.288979e-01 8.473603e-01 -4.740830e-02
    outer loop
      vertex   4.381470e+00 6.392098e+01 9.208064e-01
      vertex   4.657613e+00 6.375334e+01 1.005108e+00
      vertex   4.551835e+00 6.380740e+01 7.912150e-01
    endloop
  endfacet
  facet normal 1.137314e-01 -4.906972e-01 8.638758e-01
    outer loop
      vertex   4.000000e+00 6.300000e+01 2.000000e+00
      vertex   4.258819e+00 6.300000e+01 1.965926e+00
      vertex   4.161017e+00 6.301417e+01 1.986850e+00
    endloop
  endfacet
  facet normal 2.259336e-01 1.347868e-01 9.647728e-01
    outer loop
      vertex   4.161017e+00 6.301417e+01 1.986850e+00
      vertex   4.258819e+00 6.300000e+01 1.965926e+00
      vertex   4.357728e+00 6.314467e+01 1.922551e+00
    endloop
  endfacet
  facet normal 3.826383e-01 1.535993e-02 9.237705e-01
    outer loop
      vertex   4.258819e+00 6.300000e+01 1.965926e+00
      vertex   4.500000e+00 6.300000e+01 1.866025e+00
      vertex   4.357728e+00 6.314467e+01 1.922551e+00
    endloop
  endfacet
  facet normal 4.918347e-01 1.484646e-01 8.579376e-01
    outer loop
      vertex   4.357728e+00 6.314467e+01 1.922551e+00
      vertex   4.500000e+00 6.300000e+01 1.866025e+00
      vertex   4.520359e+00 6.328472e+01 1.805083e+00
    endloop
  endfacet
  facet normal 5.403230e-01 1.389959e-01 8.298983e-01
    outer loop
      vertex   4.520359e+00 6.328472e+01 1.805083e+00
      vertex   4.500000e+00 6.300000e+01 1.866025e+00
      vertex   4.656428e+00 6.309229e+01 1.748722e+00
    endloop
  endfacet
  facet normal 6.085942e-01 -2.344042e-02 7.931354e-01
    outer loop
      vertex   4.656428e+00 6.309229e+01 1.748722e+00
      vertex   4.500000e+00 6.300000e+01 1.866025e+00
      vertex   4.707107e+00 6.300000e+01 1.707107e+00
    endloop
  endfacet
  facet normal 7.522793e-01 1.210676e-01 6.476253e-01
    outer loop
      vertex   4.656428e+00 6.309229e+01 1.748722e+00
      vertex   4.707107e+00 6.300000e+01 1.707107e+00
      vertex   4.780960e+00 6.324077e+01 1.576311e+00
    endloop
  endfacet
  facet normal 7.903435e-01 8.702428e-02 6.064519e-01
    outer loop
      vertex   4.780960e+00 6.324077e+01 1.576311e+00
      vertex   4.707107e+00 6.300000e+01 1.707107e+00
      vertex   4.866025e+00 6.300000e+01 1.500000e+00
    endloop
  endfacet
  facet normal 8.025868e-01 9.700991e-02 5.885945e-01
    outer loop
      vertex   4.780960e+00 6.324077e+01 1.576311e+00
      vertex   4.866025e+00 6.300000e+01 1.500000e+00
      vertex   4.878234e+00 6.304262e+01 1.476328e+00
    endloop
  endfacet
  facet normal 9.226283e-01 -5.202723e-02 3.821652e-01
    outer loop
      vertex   4.878234e+00 6.304262e+01 1.476328e+00
      vertex   4.866025e+00 6.300000e+01 1.500000e+00
      vertex   4.965926e+00 6.300000e+01 1.258819e+00
    endloop
  endfacet
  facet normal 9.298008e-01 8.254486e-02 3.586877e-01
    outer loop
      vertex   4.878234e+00 6.304262e+01 1.476328e+00
      vertex   4.965926e+00 6.300000e+01 1.258819e+00
      vertex   4.946264e+00 6.318070e+01 1.268204e+00
    endloop
  endfacet
  facet normal 9.864163e-01 1.005892e-01 1.298642e-01
    outer loop
      vertex   4.946264e+00 6.318070e+01 1.268204e+00
      vertex   4.965926e+00 6.300000e+01 1.258819e+00
      vertex   5.000000e+00 6.300000e+01 1.000000e+00
    endloop
  endfacet
  facet normal 9.847673e-01 1.401987e-01 1.028475e-01
    outer loop
      vertex   4.946264e+00 6.318070e+01 1.268204e+00
      vertex   5.000000e+00 6.300000e+01 1.000000e+00
      vertex   4.953404e+00 6.329927e+01 1.038204e+00
    endloop
  endfacet
  facet normal 9.850188e-01 1.406254e-01 9.981193e-02
    outer loop
      vertex   4.953404e+00 6.329927e+01 1.038204e+00
      vertex   5.000000e+00 6.300000e+01 1.000000e+00
      vertex   4.994544e+00 6.308304e+01 9.368546e-01
    endloop
  endfacet
  facet normal 9.617139e-01 2.426668e-01 -1.273550e-01
    outer loop
      vertex   4.953404e+00 6.329927e+01 1.038204e+00
      vertex   4.994544e+00 6.308304e+01 9.368546e-01
      vertex   4.899168e+00 6.339025e+01 8.020049e-01
    endloop
  endfacet
  facet normal 9.617139e-01 2.426668e-01 -1.273550e-01
    outer loop
      vertex   4.899168e+00 6.339025e+01 8.020049e-01
      vertex   4.994544e+00 6.308304e+01 9.368546e-01
      vertex   4.943601e+00 6.316849e+01 7.149970e-01
    endloop
  endfacet
  facet normal 8.798188e-01 3.157012e-01 -3.553190e-01
    outer loop
      vertex   4.899168e+00 6.339025e+01 8.020049e-01
      vertex   4.943601e+00 6.316849e+01 7.149970e-01
      vertex   4.787252e+00 6.344744e+01 5.757018e-01
    endloop
  endfacet
  facet normal 8.798188e-01 3.157012e-01 -3.553190e-01
    outer loop
      vertex   4.787252e+00 6.344744e+01 5.757018e-01
      vertex   4.943601e+00 6.316849e+01 7.149970e-01
      vertex   4.838481e+00 6.322221e+01 5.024349e-01
    endloop
  endfacet
  facet normal 9.908684e-01 -3.409484e-02 -1.304503e-01
    outer loop
      vertex   5.000000e+00 6.300000e+01 1.000000e+00
      vertex   4.965926e+00 6.300000e+01 7.411810e-01
      vertex   4.994544e+00 6.308304e+01 9.368546e-01
    endloop
  endfacet
  facet normal 9.774435e-01 1.006538e-01 -1.856689e-01
    outer loop
      vertex   4.994544e+00 6.308304e+01 9.368546e-01
      vertex   4.965926e+00 6.300000e+01 7.411810e-01
      vertex   4.943601e+00 6.316849e+01 7.149970e-01
    endloop
  endfacet
  facet normal 9.220550e-01 6.281643e-02 -3.819277e-01
    outer loop
      vertex   4.965926e+00 6.300000e+01 7.411810e-01
      vertex   4.866025e+00 6.300000e+01 5.000000e-01
      vertex   4.943601e+00 6.316849e+01 7.149970e-01
    endloop
  endfacet
  facet normal 9.016592e-01 1.163298e-01 -4.165070e-01
    outer loop
      vertex   4.943601e+00 6.316849e+01 7.149970e-01
      vertex   4.866025e+00 6.300000e+01 5.000000e-01
      vertex   4.838481e+00 6.322221e+01 5.024349e-01
    endloop
  endfacet
  facet normal 7.890149e-01 1.044370e-01 -6.054324e-01
    outer loop
      vertex   4.866025e+00 6.300000e+01 5.000000e-01
      vertex   4.707107e+00 6.300000e+01 2.928932e-01
      vertex   4.838481e+00 6.322221e+01 5.024349e-01
    endloop
  endfacet
  facet normal -4.864105e-01 7.404346e-01 4.638550e-01
    outer loop
      vertex   3.464864e+00 6.365365e+01 1.535136e+00
      vertex   3.591752e+00 6.381650e+01 1.408248e+00
      vertex   3.425574e+00 6.365838e+01 1.486383e+00
    endloop
  endfacet
  facet normal -5.137563e-01 7.544094e-01 4.085596e-01
    outer loop
      vertex   3.398426e+00 6.367226e+01 1.431488e+00
      vertex   3.591752e+00 6.381650e+01 1.408248e+00
      vertex   3.385270e+00 6.369433e+01 1.374192e+00
    endloop
  endfacet
  facet normal -5.166831e-01 7.674318e-01 3.795880e-01
    outer loop
      vertex   3.385270e+00 6.369433e+01 1.374192e+00
      vertex   3.591752e+00 6.381650e+01 1.408248e+00
      vertex   3.387002e+00 6.372309e+01 1.318401e+00
    endloop
  endfacet
  facet normal -5.120117e-01 7.833810e-01 3.523610e-01
    outer loop
      vertex   3.387002e+00 6.372309e+01 1.318401e+00
      vertex   3.591752e+00 6.381650e+01 1.408248e+00
      vertex   3.403504e+00 6.375658e+01 1.267915e+00
    endloop
  endfacet
  facet normal -5.000605e-01 8.011700e-01 3.287342e-01
    outer loop
      vertex   3.403504e+00 6.375658e+01 1.267915e+00
      vertex   3.591752e+00 6.381650e+01 1.408248e+00
      vertex   3.433652e+00 6.379252e+01 1.226176e+00
    endloop
  endfacet
  facet normal -4.816440e-01 8.195865e-01 3.103177e-01
    outer loop
      vertex   3.433652e+00 6.379252e+01 1.226176e+00
      vertex   3.591752e+00 6.381650e+01 1.408248e+00
      vertex   3.475391e+00 6.382847e+01 1.196029e+00
    endloop
  endfacet
  facet normal -4.580172e-01 8.373755e-01 2.983665e-01
    outer loop
      vertex   3.475391e+00 6.382847e+01 1.196029e+00
      vertex   3.591752e+00 6.381650e+01 1.408248e+00
      vertex   3.525877e+00 6.386196e+01 1.179526e+00
    endloop
  endfacet
  facet normal -4.018187e-01 8.663471e-01 2.966219e-01
    outer loop
      vertex   3.581668e+00 6.389072e+01 1.177794e+00
      vertex   3.591752e+00 6.381650e+01 1.408248e+00
      vertex   3.638964e+00 6.391279e+01 1.190950e+00
    endloop
  endfacet
  facet normal -3.730767e-01 8.755553e-01 3.069473e-01
    outer loop
      vertex   3.638964e+00 6.391279e+01 1.190950e+00
      vertex   3.591752e+00 6.381650e+01 1.408248e+00
      vertex   3.693859e+00 6.392667e+01 1.218098e+00
    endloop
  endfacet
  facet normal -3.465232e-01 8.803219e-01 3.239677e-01
    outer loop
      vertex   3.693859e+00 6.392667e+01 1.218098e+00
      vertex   3.591752e+00 6.381650e+01 1.408248e+00
      vertex   3.742612e+00 6.393140e+01 1.257388e+00
    endloop
  endfacet
  facet normal -3.069473e-01 8.755553e-01 3.730767e-01
    outer loop
      vertex   3.781902e+00 6.392667e+01 1.306141e+00
      vertex   3.591752e+00 6.381650e+01 1.408248e+00
      vertex   3.809050e+00 6.391279e+01 1.361036e+00
    endloop
  endfacet
  facet normal -2.966219e-01 8.663471e-01 4.018187e-01
    outer loop
      vertex   3.809050e+00 6.391279e+01 1.361036e+00
      vertex   3.591752e+00 6.381650e+01 1.408248e+00
      vertex   3.822206e+00 6.389072e+01 1.418332e+00
    endloop
  endfacet
  facet normal -2.936951e-01 8.533246e-01 4.307903e-01
    outer loop
      vertex   3.822206e+00 6.389072e+01 1.418332e+00
      vertex   3.591752e+00 6.381650e+01 1.408248e+00
      vertex   3.820474e+00 6.386196e+01 1.474123e+00
    endloop
  endfacet
  facet normal -3.103177e-01 8.195865e-01 4.816440e-01
    outer loop
      vertex   3.803971e+00 6.382847e+01 1.524609e+00
      vertex   3.591752e+00 6.381650e+01 1.408248e+00
      vertex   3.773824e+00 6.379252e+01 1.566348e+00
    endloop
  endfacet
  facet normal -3.287342e-01 8.011700e-01 5.000605e-01
    outer loop
      vertex   3.773824e+00 6.379252e+01 1.566348e+00
      vertex   3.591752e+00 6.381650e+01 1.408248e+00
      vertex   3.732085e+00 6.375658e+01 1.596496e+00
    endloop
  endfacet
  facet normal -3.523610e-01 7.833810e-01 5.120117e-01
    outer loop
      vertex   3.732085e+00 6.375658e+01 1.596496e+00
      vertex   3.591752e+00 6.381650e+01 1.408248e+00
      vertex   3.681599e+00 6.372309e+01 1.612998e+00
    endloop
  endfacet
  facet normal -3.795880e-01 7.674318e-01 5.166831e-01
    outer loop
      vertex   3.681599e+00 6.372309e+01 1.612998e+00
      vertex   3.591752e+00 6.381650e+01 1.408248e+00
      vertex   3.625808e+00 6.369433e+01 1.614730e+00
    endloop
  endfacet
  facet normal -4.085596e-01 7.544094e-01 5.137563e-01
    outer loop
      vertex   3.625808e+00 6.369433e+01 1.614730e+00
      vertex   3.591752e+00 6.381650e+01 1.408248e+00
      vertex   3.568512e+00 6.367226e+01 1.601574e+00
    endloop
  endfacet
  facet normal -4.638550e-01 7.404346e-01 4.864105e-01
    outer loop
      vertex   3.513617e+00 6.365838e+01 1.574426e+00
      vertex   3.591752e+00 6.381650e+01 1.408248e+00
      vertex   3.464864e+00 6.365365e+01 1.535136e+00
    endloop
  endfacet
  facet normal -5.534108e-01 5.565274e-01 6.196884e-01
    outer loop
      vertex   3.513617e+00 6.365838e+01 1.574426e+00
      vertex   3.464864e+00 6.365365e+01 1.535136e+00
      vertex   3.369399e+00 6.345242e+01 1.630601e+00
    endloop
  endfacet
  facet normal -6.196884e-01 5.565274e-01 5.534108e-01
    outer loop
      vertex   3.369399e+00 6.345242e+01 1.630601e+00
      vertex   3.464864e+00 6.365365e+01 1.535136e+00
      vertex   3.293127e+00 6.346161e+01 1.535957e+00
    endloop
  endfacet
  facet normal -7.158222e-01 3.400767e-01 6.098742e-01
    outer loop
      vertex   3.369399e+00 6.345242e+01 1.630601e+00
      vertex   3.293127e+00 6.346161e+01 1.535957e+00
      vertex   3.202188e+00 6.323773e+01 1.554060e+00
    endloop
  endfacet
  facet normal -7.957706e-01 3.624661e-01 4.851468e-01
    outer loop
      vertex   3.202188e+00 6.323773e+01 1.554060e+00
      vertex   3.293127e+00 6.346161e+01 1.535957e+00
      vertex   3.127027e+00 6.327614e+01 1.402079e+00
    endloop
  endfacet
  facet normal -8.744600e-01 1.338167e-01 4.662754e-01
    outer loop
      vertex   3.202188e+00 6.323773e+01 1.554060e+00
      vertex   3.127027e+00 6.327614e+01 1.402079e+00
      vertex   3.064890e+00 6.304752e+01 1.351158e+00
    endloop
  endfacet
  facet normal -9.381937e-01 1.906548e-01 2.888656e-01
    outer loop
      vertex   3.064890e+00 6.304752e+01 1.351158e+00
      vertex   3.127027e+00 6.327614e+01 1.402079e+00
      vertex   3.019721e+00 6.312329e+01 1.154445e+00
    endloop
  endfacet
  facet normal -6.196884e-01 5.565274e-01 5.534108e-01
    outer loop
      vertex   3.293127e+00 6.346161e+01 1.535957e+00
      vertex   3.464864e+00 6.365365e+01 1.535136e+00
      vertex   3.425574e+00 6.365838e+01 1.486383e+00
    endloop
  endfacet
  facet normal -4.307903e-01 8.533246e-01 2.936951e-01
    outer loop
      vertex   3.525877e+00 6.386196e+01 1.179526e+00
      vertex   3.591752e+00 6.381650e+01 1.408248e+00
      vertex   3.581668e+00 6.389072e+01 1.177794e+00
    endloop
  endfacet
  facet normal -2.983665e-01 8.373755e-01 4.580172e-01
    outer loop
      vertex   3.820474e+00 6.386196e+01 1.474123e+00
      vertex   3.591752e+00 6.381650e+01 1.408248e+00
      vertex   3.803971e+00 6.382847e+01 1.524609e+00
    endloop
  endfacet
  facet normal -4.562527e-01 8.882460e-01 5.340940e-02
    outer loop
      vertex   3.581668e+00 6.389072e+01 1.177794e+00
      vertex   3.596149e+00 6.391265e+01 9.369002e-01
      vertex   3.525877e+00 6.386196e+01 1.179526e+00
    endloop
  endfacet
  facet normal -4.562527e-01 8.882460e-01 5.340940e-02
    outer loop
      vertex   3.525877e+00 6.386196e+01 1.179526e+00
      vertex   3.596149e+00 6.391265e+01 9.369002e-01
      vertex   3.487842e+00 6.385681e+01 9.402625e-01
    endloop
  endfacet
  facet normal -5.362569e-01 8.413806e-01 6.713595e-02
    outer loop
      vertex   3.525877e+00 6.386196e+01 1.179526e+00
      vertex   3.487842e+00 6.385681e+01 9.402625e-01
      vertex   3.475391e+00 6.382847e+01 1.196029e+00
    endloop
  endfacet
  facet normal -5.362569e-01 8.413806e-01 6.713595e-02
    outer loop
      vertex   3.475391e+00 6.382847e+01 1.196029e+00
      vertex   3.487842e+00 6.385681e+01 9.402625e-01
      vertex   3.389836e+00 6.379179e+01 9.722980e-01
    endloop
  endfacet
  facet normal -6.056823e-01 7.891091e-01 1.022536e-01
    outer loop
      vertex   3.475391e+00 6.382847e+01 1.196029e+00
      vertex   3.389836e+00 6.379179e+01 9.722980e-01
      vertex   3.433652e+00 6.379252e+01 1.226176e+00
    endloop
  endfacet
  facet normal -6.056823e-01 7.891091e-01 1.022536e-01
    outer loop
      vertex   3.433652e+00 6.379252e+01 1.226176e+00
      vertex   3.389836e+00 6.379179e+01 9.722980e-01
      vertex   3.308809e+00 6.372201e+01 1.030823e+00
    endloop
  endfacet
  facet normal -6.597978e-01 7.349936e-01 1.563690e-01
    outer loop
      vertex   3.433652e+00 6.379252e+01 1.226176e+00
      vertex   3.308809e+00 6.372201e+01 1.030823e+00
      vertex   3.403504e+00 6.375658e+01 1.267915e+00
    endloop
  endfacet
  facet normal -6.597978e-01 7.349936e-01 1.563690e-01
    outer loop
      vertex   3.403504e+00 6.375658e+01 1.267915e+00
      vertex   3.308809e+00 6.372201e+01 1.030823e+00
      vertex   3.250284e+00 6.365224e+01 1.111850e+00
    endloop
  endfacet
  facet normal -6.949154e-01 6.827221e-01 2.257945e-01
    outer loop
      vertex   3.403504e+00 6.375658e+01 1.267915e+00
      vertex   3.250284e+00 6.365224e+01 1.111850e+00
      vertex   3.387002e+00 6.372309e+01 1.318401e+00
    endloop
  endfacet
  facet normal -6.949154e-01 6.827221e-01 2.257945e-01
    outer loop
      vertex   3.387002e+00 6.372309e+01 1.318401e+00
      vertex   3.250284e+00 6.365224e+01 1.111850e+00
      vertex   3.218248e+00 6.358722e+01 1.209857e+00
    endloop
  endfacet
  facet normal -7.086420e-01 6.358567e-01 3.057987e-01
    outer loop
      vertex   3.387002e+00 6.372309e+01 1.318401e+00
      vertex   3.218248e+00 6.358722e+01 1.209857e+00
      vertex   3.385270e+00 6.369433e+01 1.374192e+00
    endloop
  endfacet
  facet normal -7.086420e-01 6.358567e-01 3.057987e-01
    outer loop
      vertex   3.385270e+00 6.369433e+01 1.374192e+00
      vertex   3.218248e+00 6.358722e+01 1.209857e+00
      vertex   3.214886e+00 6.353138e+01 1.318164e+00
    endloop
  endfacet
  facet normal -7.000420e-01 5.975913e-01 3.909295e-01
    outer loop
      vertex   3.385270e+00 6.369433e+01 1.374192e+00
      vertex   3.214886e+00 6.353138e+01 1.318164e+00
      vertex   3.398426e+00 6.367226e+01 1.431488e+00
    endloop
  endfacet
  facet normal -4.545622e-01 8.703448e-01 -1.894021e-01
    outer loop
      vertex   3.596149e+00 6.391265e+01 9.369002e-01
      vertex   3.634345e+00 6.388098e+01 6.997113e-01
      vertex   3.487842e+00 6.385681e+01 9.402625e-01
    endloop
  endfacet
  facet normal -4.545622e-01 8.703448e-01 -1.894021e-01
    outer loop
      vertex   3.487842e+00 6.385681e+01 9.402625e-01
      vertex   3.634345e+00 6.388098e+01 6.997113e-01
      vertex   3.479882e+00 6.380135e+01 7.045066e-01
    endloop
  endfacet
  facet normal -5.824528e-01 7.954282e-01 -1.674596e-01
    outer loop
      vertex   3.487842e+00 6.385681e+01 9.402625e-01
      vertex   3.479882e+00 6.380135e+01 7.045066e-01
      vertex   3.389836e+00 6.379179e+01 9.722980e-01
    endloop
  endfacet
  facet normal -5.824528e-01 7.954282e-01 -1.674596e-01
    outer loop
      vertex   3.389836e+00 6.379179e+01 9.722980e-01
      vertex   3.479882e+00 6.380135e+01 7.045066e-01
      vertex   3.340109e+00 6.370862e+01 7.501941e-01
    endloop
  endfacet
  facet normal -6.934327e-01 7.118696e-01 -1.113224e-01
    outer loop
      vertex   3.389836e+00 6.379179e+01 9.722980e-01
      vertex   3.340109e+00 6.370862e+01 7.501941e-01
      vertex   3.308809e+00 6.372201e+01 1.030823e+00
    endloop
  endfacet
  facet normal -6.934327e-01 7.118696e-01 -1.113224e-01
    outer loop
      vertex   3.308809e+00 6.372201e+01 1.030823e+00
      vertex   3.340109e+00 6.370862e+01 7.501941e-01
      vertex   3.224553e+00 6.360911e+01 8.336603e-01
    endloop
  endfacet
  facet normal -7.799389e-01 6.253635e-01 -2.481617e-02
    outer loop
      vertex   3.308809e+00 6.372201e+01 1.030823e+00
      vertex   3.224553e+00 6.360911e+01 8.336603e-01
      vertex   3.250284e+00 6.365224e+01 1.111850e+00
    endloop
  endfacet
  facet normal -7.799389e-01 6.253635e-01 -2.481617e-02
    outer loop
      vertex   3.250284e+00 6.365224e+01 1.111850e+00
      vertex   3.224553e+00 6.360911e+01 8.336603e-01
      vertex   3.141086e+00 6.350960e+01 9.492171e-01
    endloop
  endfacet
  facet normal -8.360761e-01 5.418049e-01 8.616376e-02
    outer loop
      vertex   3.250284e+00 6.365224e+01 1.111850e+00
      vertex   3.141086e+00 6.350960e+01 9.492171e-01
      vertex   3.218248e+00 6.358722e+01 1.209857e+00
    endloop
  endfacet
  facet normal -8.360761e-01 5.418049e-01 8.616376e-02
    outer loop
      vertex   3.218248e+00 6.358722e+01 1.209857e+00
      vertex   3.141086e+00 6.350960e+01 9.492171e-01
      vertex   3.095399e+00 6.341687e+01 1.088990e+00
    endloop
  endfacet
  facet normal -8.580187e-01 4.668883e-01 2.140543e-01
    outer loop
      vertex   3.218248e+00 6.358722e+01 1.209857e+00
      vertex   3.095399e+00 6.341687e+01 1.088990e+00
      vertex   3.214886e+00 6.353138e+01 1.318164e+00
    endloop
  endfacet
  facet normal -3.711219e-01 9.265114e-01 6.200935e-02
    outer loop
      vertex   3.596149e+00 6.391265e+01 9.369002e-01
      vertex   3.581668e+00 6.389072e+01 1.177794e+00
      vertex   3.707376e+00 6.395549e+01 9.624400e-01
    endloop
  endfacet
  facet normal -3.711219e-01 9.265114e-01 6.200935e-02
    outer loop
      vertex   3.707376e+00 6.395549e+01 9.624400e-01
      vertex   3.581668e+00 6.389072e+01 1.177794e+00
      vertex   3.638964e+00 6.391279e+01 1.190950e+00
    endloop
  endfacet
  facet normal -2.866660e-01 9.535692e-01 9.234975e-02
    outer loop
      vertex   3.707376e+00 6.395549e+01 9.624400e-01
      vertex   3.638964e+00 6.391279e+01 1.190950e+00
      vertex   3.813943e+00 6.398242e+01 1.015141e+00
    endloop
  endfacet
  facet normal -2.866660e-01 9.535692e-01 9.234975e-02
    outer loop
      vertex   3.813943e+00 6.398242e+01 1.015141e+00
      vertex   3.638964e+00 6.391279e+01 1.190950e+00
      vertex   3.693859e+00 6.392667e+01 1.218098e+00
    endloop
  endfacet
  facet normal -2.086406e-01 9.675753e-01 1.423629e-01
    outer loop
      vertex   3.813943e+00 6.398242e+01 1.015141e+00
      vertex   3.693859e+00 6.392667e+01 1.218098e+00
      vertex   3.908587e+00 6.399161e+01 1.091413e+00
    endloop
  endfacet
  facet normal -2.086406e-01 9.675753e-01 1.423629e-01
    outer loop
      vertex   3.908587e+00 6.399161e+01 1.091413e+00
      vertex   3.693859e+00 6.392667e+01 1.218098e+00
      vertex   3.742612e+00 6.393140e+01 1.257388e+00
    endloop
  endfacet
  facet normal -4.260848e-01 8.012100e-01 -4.201360e-01
    outer loop
      vertex   3.634345e+00 6.388098e+01 6.997113e-01
      vertex   3.694011e+00 6.379758e+01 4.801554e-01
      vertex   3.479882e+00 6.380135e+01 7.045066e-01
    endloop
  endfacet
  facet normal -4.260848e-01 8.012100e-01 -4.201360e-01
    outer loop
      vertex   3.479882e+00 6.380135e+01 7.045066e-01
      vertex   3.694011e+00 6.379758e+01 4.801554e-01
      vertex   3.502463e+00 6.369883e+01 4.861020e-01
    endloop
  endfacet
  facet normal -5.941433e-01 7.027637e-01 -3.913017e-01
    outer loop
      vertex   3.479882e+00 6.380135e+01 7.045066e-01
      vertex   3.502463e+00 6.369883e+01 4.861020e-01
      vertex   3.340109e+00 6.370862e+01 7.501941e-01
    endloop
  endfacet
  facet normal -5.941433e-01 7.027637e-01 -3.913017e-01
    outer loop
      vertex   3.340109e+00 6.370862e+01 7.501941e-01
      vertex   3.502463e+00 6.369883e+01 4.861020e-01
      vertex   3.329132e+00 6.358384e+01 5.427588e-01
    endloop
  endfacet
  facet normal -7.399798e-01 5.929610e-01 -3.175329e-01
    outer loop
      vertex   3.340109e+00 6.370862e+01 7.501941e-01
      vertex   3.329132e+00 6.358384e+01 5.427588e-01
      vertex   3.224553e+00 6.360911e+01 8.336603e-01
    endloop
  endfacet
  facet normal -7.399798e-01 5.929610e-01 -3.175329e-01
    outer loop
      vertex   3.224553e+00 6.360911e+01 8.336603e-01
      vertex   3.329132e+00 6.358384e+01 5.427588e-01
      vertex   3.185831e+00 6.346043e+01 6.462648e-01
    endloop
  endfacet
  facet normal -8.536559e-01 4.792849e-01 -2.038568e-01
    outer loop
      vertex   3.224553e+00 6.360911e+01 8.336603e-01
      vertex   3.185831e+00 6.346043e+01 6.462648e-01
      vertex   3.141086e+00 6.350960e+01 9.492171e-01
    endloop
  endfacet
  facet normal -8.536559e-01 4.792849e-01 -2.038568e-01
    outer loop
      vertex   3.141086e+00 6.350960e+01 9.492171e-01
      vertex   3.185831e+00 6.346043e+01 6.462648e-01
      vertex   3.082325e+00 6.333703e+01 7.895661e-01
    endloop
  endfacet
  facet normal -9.274247e-01 3.694823e-01 -5.802031e-02
    outer loop
      vertex   3.141086e+00 6.350960e+01 9.492171e-01
      vertex   3.082325e+00 6.333703e+01 7.895661e-01
      vertex   3.095399e+00 6.341687e+01 1.088990e+00
    endloop
  endfacet
  facet normal -3.184765e-01 9.315139e-01 -1.756547e-01
    outer loop
      vertex   3.634345e+00 6.388098e+01 6.997113e-01
      vertex   3.596149e+00 6.391265e+01 9.369002e-01
      vertex   3.792971e+00 6.394208e+01 7.361350e-01
    endloop
  endfacet
  facet normal -3.184765e-01 9.315139e-01 -1.756547e-01
    outer loop
      vertex   3.792971e+00 6.394208e+01 7.361350e-01
      vertex   3.596149e+00 6.391265e+01 9.369002e-01
      vertex   3.707376e+00 6.395549e+01 9.624400e-01
    endloop
  endfacet
  facet normal -1.834698e-01 9.747670e-01 -1.271541e-01
    outer loop
      vertex   3.792971e+00 6.394208e+01 7.361350e-01
      vertex   3.707376e+00 6.395549e+01 9.624400e-01
      vertex   3.944952e+00 6.398049e+01 8.112956e-01
    endloop
  endfacet
  facet normal -1.834698e-01 9.747670e-01 -1.271541e-01
    outer loop
      vertex   3.944952e+00 6.398049e+01 8.112956e-01
      vertex   3.707376e+00 6.395549e+01 9.624400e-01
      vertex   3.813943e+00 6.398242e+01 1.015141e+00
    endloop
  endfacet
  facet normal -5.874239e-02 9.971564e-01 -4.720562e-02
    outer loop
      vertex   3.944952e+00 6.398049e+01 8.112956e-01
      vertex   3.813943e+00 6.398242e+01 1.015141e+00
      vertex   4.079929e+00 6.399359e+01 9.200709e-01
    endloop
  endfacet
  facet normal -5.874239e-02 9.971564e-01 -4.720562e-02
    outer loop
      vertex   4.079929e+00 6.399359e+01 9.200709e-01
      vertex   3.813943e+00 6.398242e+01 1.015141e+00
      vertex   3.908587e+00 6.399161e+01 1.091413e+00
    endloop
  endfacet
  facet normal -3.728048e-01 6.854982e-01 -6.253869e-01
    outer loop
      vertex   3.694011e+00 6.379758e+01 4.801554e-01
      vertex   3.771646e+00 6.366735e+01 2.911250e-01
      vertex   3.502463e+00 6.369883e+01 4.861020e-01
    endloop
  endfacet
  facet normal -3.728048e-01 6.854982e-01 -6.253869e-01
    outer loop
      vertex   3.502463e+00 6.369883e+01 4.861020e-01
      vertex   3.771646e+00 6.366735e+01 2.911250e-01
      vertex   3.554260e+00 6.355528e+01 2.978737e-01
    endloop
  endfacet
  facet normal -5.710445e-01 5.693721e-01 -5.913744e-01
    outer loop
      vertex   3.502463e+00 6.369883e+01 4.861020e-01
      vertex   3.554260e+00 6.355528e+01 2.978737e-01
      vertex   3.329132e+00 6.358384e+01 5.427588e-01
    endloop
  endfacet
  facet normal -5.710445e-01 5.693721e-01 -5.913744e-01
    outer loop
      vertex   3.329132e+00 6.358384e+01 5.427588e-01
      vertex   3.554260e+00 6.355528e+01 2.978737e-01
      vertex   3.357548e+00 6.342477e+01 3.621729e-01
    endloop
  endfacet
  facet normal -7.430715e-01 4.398502e-01 -5.043576e-01
    outer loop
      vertex   3.329132e+00 6.358384e+01 5.427588e-01
      vertex   3.357548e+00 6.342477e+01 3.621729e-01
      vertex   3.185831e+00 6.346043e+01 6.462648e-01
    endloop
  endfacet
  facet normal -7.430715e-01 4.398502e-01 -5.043576e-01
    outer loop
      vertex   3.185831e+00 6.346043e+01 6.462648e-01
      vertex   3.357548e+00 6.342477e+01 3.621729e-01
      vertex   3.194917e+00 6.328472e+01 4.796407e-01
    endloop
  endfacet
  facet normal -8.771624e-01 3.057593e-01 -3.702667e-01
    outer loop
      vertex   3.185831e+00 6.346043e+01 6.462648e-01
      vertex   3.194917e+00 6.328472e+01 4.796407e-01
      vertex   3.082325e+00 6.333703e+01 7.895661e-01
    endloop
  endfacet
  facet normal -2.472573e-01 8.815911e-01 -4.020707e-01
    outer loop
      vertex   3.694011e+00 6.379758e+01 4.801554e-01
      vertex   3.634345e+00 6.388098e+01 6.997113e-01
      vertex   3.890723e+00 6.387335e+01 5.253243e-01
    endloop
  endfacet
  facet normal -2.472573e-01 8.815911e-01 -4.020707e-01
    outer loop
      vertex   3.890723e+00 6.387335e+01 5.253243e-01
      vertex   3.634345e+00 6.388098e+01 6.997113e-01
      vertex   3.792971e+00 6.394208e+01 7.361350e-01
    endloop
  endfacet
  facet normal -6.984759e-02 9.384292e-01 -3.383371e-01
    outer loop
      vertex   3.890723e+00 6.387335e+01 5.253243e-01
      vertex   3.792971e+00 6.394208e+01 7.361350e-01
      vertex   4.079194e+00 6.392098e+01 6.185304e-01
    endloop
  endfacet
  facet normal -6.984759e-02 9.384292e-01 -3.383371e-01
    outer loop
      vertex   4.079194e+00 6.392098e+01 6.185304e-01
      vertex   3.792971e+00 6.394208e+01 7.361350e-01
      vertex   3.944952e+00 6.398049e+01 8.112956e-01
    endloop
  endfacet
  facet normal 9.405419e-02 9.678507e-01 -2.332784e-01
    outer loop
      vertex   4.079194e+00 6.392098e+01 6.185304e-01
      vertex   3.944952e+00 6.398049e+01 8.112956e-01
      vertex   4.246578e+00 6.393723e+01 7.534220e-01
    endloop
  endfacet
  facet normal 9.405419e-02 9.678507e-01 -2.332784e-01
    outer loop
      vertex   4.246578e+00 6.393723e+01 7.534220e-01
      vertex   3.944952e+00 6.398049e+01 8.112956e-01
      vertex   4.079929e+00 6.399359e+01 9.200709e-01
    endloop
  endfacet
  facet normal -2.980500e-01 5.303574e-01 -7.936543e-01
    outer loop
      vertex   3.771646e+00 6.366735e+01 2.911250e-01
      vertex   3.862689e+00 6.349793e+01 1.437200e-01
      vertex   3.554260e+00 6.355528e+01 2.978737e-01
    endloop
  endfacet
  facet normal -2.980500e-01 5.303574e-01 -7.936543e-01
    outer loop
      vertex   3.554260e+00 6.355528e+01 2.978737e-01
      vertex   3.862689e+00 6.349793e+01 1.437200e-01
      vertex   3.632230e+00 6.337912e+01 1.508745e-01
    endloop
  endfacet
  facet normal -5.148613e-01 4.033523e-01 -7.564554e-01
    outer loop
      vertex   3.554260e+00 6.355528e+01 2.978737e-01
      vertex   3.632230e+00 6.337912e+01 1.508745e-01
      vertex   3.357548e+00 6.342477e+01 3.621729e-01
    endloop
  endfacet
  facet normal -5.148613e-01 4.033523e-01 -7.564554e-01
    outer loop
      vertex   3.357548e+00 6.342477e+01 3.621729e-01
      vertex   3.632230e+00 6.337912e+01 1.508745e-01
      vertex   3.423689e+00 6.324077e+01 2.190404e-01
    endloop
  endfacet
  facet normal -7.030041e-01 2.616966e-01 -6.612867e-01
    outer loop
      vertex   3.357548e+00 6.342477e+01 3.621729e-01
      vertex   3.423689e+00 6.324077e+01 2.190404e-01
      vertex   3.194917e+00 6.328472e+01 4.796407e-01
    endloop
  endfacet
  facet normal -7.030041e-01 2.616966e-01 -6.612867e-01
    outer loop
      vertex   3.194917e+00 6.328472e+01 4.796407e-01
      vertex   3.423689e+00 6.324077e+01 2.190404e-01
      vertex   3.251278e+00 6.309229e+01 3.435723e-01
    endloop
  endfacet
  facet normal -1.618620e-01 7.803148e-01 -6.040774e-01
    outer loop
      vertex   3.771646e+00 6.366735e+01 2.911250e-01
      vertex   3.694011e+00 6.379758e+01 4.801554e-01
      vertex   3.994892e+00 6.375334e+01 3.423867e-01
    endloop
  endfacet
  facet normal -1.618620e-01 7.803148e-01 -6.040774e-01
    outer loop
      vertex   3.994892e+00 6.375334e+01 3.423867e-01
      vertex   3.694011e+00 6.379758e+01 4.801554e-01
      vertex   3.890723e+00 6.387335e+01 5.253243e-01
    endloop
  endfacet
  facet normal 4.740830e-02 8.473603e-01 -5.288979e-01
    outer loop
      vertex   3.994892e+00 6.375334e+01 3.423867e-01
      vertex   3.890723e+00 6.387335e+01 5.253243e-01
      vertex   4.208785e+00 6.380740e+01 4.481653e-01
    endloop
  endfacet
  facet normal 4.740830e-02 8.473603e-01 -5.288979e-01
    outer loop
      vertex   4.208785e+00 6.380740e+01 4.481653e-01
      vertex   3.890723e+00 6.387335e+01 5.253243e-01
      vertex   4.079194e+00 6.392098e+01 6.185304e-01
    endloop
  endfacet
  facet normal 2.407448e-01 8.820655e-01 -4.049720e-01
    outer loop
      vertex   4.208785e+00 6.380740e+01 4.481653e-01
      vertex   4.079194e+00 6.392098e+01 6.185304e-01
      vertex   4.398748e+00 6.382583e+01 6.012523e-01
    endloop
  endfacet
  facet normal 2.407448e-01 8.820655e-01 -4.049720e-01
    outer loop
      vertex   4.398748e+00 6.382583e+01 6.012523e-01
      vertex   4.079194e+00 6.392098e+01 6.185304e-01
      vertex   4.246578e+00 6.393723e+01 7.534220e-01
    endloop
  endfacet
  facet normal -2.061989e-01 3.448346e-01 -9.157353e-01
    outer loop
      vertex   3.862689e+00 6.349793e+01 1.437200e-01
      vertex   3.961796e+00 6.329927e+01 4.659592e-02
      vertex   3.632230e+00 6.337912e+01 1.508745e-01
    endloop
  endfacet
  facet normal -2.061989e-01 3.448346e-01 -9.157353e-01
    outer loop
      vertex   3.632230e+00 6.337912e+01 1.508745e-01
      vertex   3.961796e+00 6.329927e+01 4.659592e-02
      vertex   3.731796e+00 6.318070e+01 5.373622e-02
    endloop
  endfacet
  facet normal -4.290137e-01 2.143127e-01 -8.775063e-01
    outer loop
      vertex   3.632230e+00 6.337912e+01 1.508745e-01
      vertex   3.731796e+00 6.318070e+01 5.373622e-02
      vertex   3.423689e+00 6.324077e+01 2.190404e-01
    endloop
  endfacet
  facet normal -4.290137e-01 2.143127e-01 -8.775063e-01
    outer loop
      vertex   3.423689e+00 6.324077e+01 2.190404e-01
      vertex   3.731796e+00 6.318070e+01 5.373622e-02
      vertex   3.523672e+00 6.304262e+01 1.217661e-01
    endloop
  endfacet
  facet normal -6.734576e-02 6.340566e-01 -7.703485e-01
    outer loop
      vertex   3.862689e+00 6.349793e+01 1.437200e-01
      vertex   3.771646e+00 6.366735e+01 2.911250e-01
      vertex   4.099361e+00 6.358909e+01 1.980643e-01
    endloop
  endfacet
  facet normal -6.734576e-02 6.340566e-01 -7.703485e-01
    outer loop
      vertex   4.099361e+00 6.358909e+01 1.980643e-01
      vertex   3.771646e+00 6.366735e+01 2.911250e-01
      vertex   3.994892e+00 6.375334e+01 3.423867e-01
    endloop
  endfacet
  facet normal 1.615295e-01 7.073830e-01 -6.881261e-01
    outer loop
      vertex   4.099361e+00 6.358909e+01 1.980643e-01
      vertex   3.994892e+00 6.375334e+01 3.423867e-01
      vertex   4.326116e+00 6.364640e+01 3.102041e-01
    endloop
  endfacet
  facet normal 1.615295e-01 7.073830e-01 -6.881261e-01
    outer loop
      vertex   4.326116e+00 6.364640e+01 3.102041e-01
      vertex   3.994892e+00 6.375334e+01 3.423867e-01
      vertex   4.208785e+00 6.380740e+01 4.481653e-01
    endloop
  endfacet
  facet normal 3.729782e-01 7.453396e-01 -5.525904e-01
    outer loop
      vertex   4.326116e+00 6.364640e+01 3.102041e-01
      vertex   4.208785e+00 6.380740e+01 4.481653e-01
      vertex   4.527503e+00 6.366594e+01 4.724972e-01
    endloop
  endfacet
  facet normal 3.729782e-01 7.453396e-01 -5.525904e-01
    outer loop
      vertex   4.527503e+00 6.366594e+01 4.724972e-01
      vertex   4.208785e+00 6.380740e+01 4.481653e-01
      vertex   4.398748e+00 6.382583e+01 6.012523e-01
    endloop
  endfacet
  facet normal 1.273550e-01 2.426668e-01 -9.617139e-01
    outer loop
      vertex   4.285003e+00 6.316849e+01 5.639881e-02
      vertex   4.063145e+00 6.308304e+01 5.456059e-03
      vertex   3.961796e+00 6.329927e+01 4.659592e-02
    endloop
  endfacet
  facet normal -1.024307e-01 1.393804e-01 -9.849269e-01
    outer loop
      vertex   3.961796e+00 6.329927e+01 4.659592e-02
      vertex   4.063145e+00 6.308304e+01 5.456059e-03
      vertex   3.731796e+00 6.318070e+01 5.373622e-02
    endloop
  endfacet
  facet normal 3.089372e-02 4.514053e-01 -8.917841e-01
    outer loop
      vertex   3.961796e+00 6.329927e+01 4.659592e-02
      vertex   3.862689e+00 6.349793e+01 1.437200e-01
      vertex   4.197995e+00 6.339025e+01 1.008318e-01
    endloop
  endfacet
  facet normal 3.089372e-02 4.514053e-01 -8.917841e-01
    outer loop
      vertex   4.197995e+00 6.339025e+01 1.008318e-01
      vertex   3.862689e+00 6.349793e+01 1.437200e-01
      vertex   4.099361e+00 6.358909e+01 1.980643e-01
    endloop
  endfacet
  facet normal 2.661066e-01 5.267622e-01 -8.072849e-01
    outer loop
      vertex   4.197995e+00 6.339025e+01 1.008318e-01
      vertex   4.099361e+00 6.358909e+01 1.980643e-01
      vertex   4.424298e+00 6.344744e+01 2.127479e-01
    endloop
  endfacet
  facet normal 2.661066e-01 5.267622e-01 -8.072849e-01
    outer loop
      vertex   4.424298e+00 6.344744e+01 2.127479e-01
      vertex   4.099361e+00 6.358909e+01 1.980643e-01
      vertex   4.326116e+00 6.364640e+01 3.102041e-01
    endloop
  endfacet
  facet normal 4.834104e-01 5.657697e-01 -6.679962e-01
    outer loop
      vertex   4.424298e+00 6.344744e+01 2.127479e-01
      vertex   4.326116e+00 6.364640e+01 3.102041e-01
      vertex   4.625283e+00 6.346695e+01 3.747172e-01
    endloop
  endfacet
  facet normal 4.834104e-01 5.657697e-01 -6.679962e-01
    outer loop
      vertex   4.625283e+00 6.346695e+01 3.747172e-01
      vertex   4.326116e+00 6.364640e+01 3.102041e-01
      vertex   4.527503e+00 6.366594e+01 4.724972e-01
    endloop
  endfacet
  facet normal -9.562589e-01 2.710359e-01 1.100382e-01
    outer loop
      vertex   3.025668e+00 6.322204e+01 9.628971e-01
      vertex   3.019721e+00 6.312329e+01 1.154445e+00
      vertex   3.090604e+00 6.333724e+01 1.243452e+00
    endloop
  endfacet
  facet normal -9.381937e-01 1.906548e-01 2.888656e-01
    outer loop
      vertex   3.090604e+00 6.333724e+01 1.243452e+00
      vertex   3.019721e+00 6.312329e+01 1.154445e+00
      vertex   3.127027e+00 6.327614e+01 1.402079e+00
    endloop
  endfacet
  facet normal -8.442712e-01 4.057192e-01 3.501400e-01
    outer loop
      vertex   3.090604e+00 6.333724e+01 1.243452e+00
      vertex   3.127027e+00 6.327614e+01 1.402079e+00
      vertex   3.240426e+00 6.348854e+01 1.429391e+00
    endloop
  endfacet
  facet normal -7.957706e-01 3.624661e-01 4.851468e-01
    outer loop
      vertex   3.240426e+00 6.348854e+01 1.429391e+00
      vertex   3.127027e+00 6.327614e+01 1.402079e+00
      vertex   3.293127e+00 6.346161e+01 1.535957e+00
    endloop
  endfacet
  facet normal -6.697016e-01 5.705335e-01 4.753854e-01
    outer loop
      vertex   3.240426e+00 6.348854e+01 1.429391e+00
      vertex   3.293127e+00 6.346161e+01 1.535957e+00
      vertex   3.425574e+00 6.365838e+01 1.486383e+00
    endloop
  endfacet
  facet normal -8.744600e-01 1.338167e-01 4.662754e-01
    outer loop
      vertex   3.158096e+00 6.299989e+01 1.539628e+00
      vertex   3.202188e+00 6.323773e+01 1.554060e+00
      vertex   3.064890e+00 6.304752e+01 1.351158e+00
    endloop
  endfacet
  facet normal -4.662754e-01 1.338167e-01 8.744600e-01
    outer loop
      vertex   3.445940e+00 6.323773e+01 1.797812e+00
      vertex   3.460372e+00 6.299989e+01 1.841904e+00
      vertex   3.597921e+00 6.327614e+01 1.872973e+00
    endloop
  endfacet
  facet normal -4.662754e-01 1.338167e-01 8.744600e-01
    outer loop
      vertex   3.597921e+00 6.327614e+01 1.872973e+00
      vertex   3.460372e+00 6.299989e+01 1.841904e+00
      vertex   3.648842e+00 6.304752e+01 1.935110e+00
    endloop
  endfacet
  facet normal -2.888656e-01 1.906548e-01 9.381937e-01
    outer loop
      vertex   3.597921e+00 6.327614e+01 1.872973e+00
      vertex   3.648842e+00 6.304752e+01 1.935110e+00
      vertex   3.756548e+00 6.333724e+01 1.909396e+00
    endloop
  endfacet
  facet normal -2.888656e-01 1.906548e-01 9.381937e-01
    outer loop
      vertex   3.756548e+00 6.333724e+01 1.909396e+00
      vertex   3.648842e+00 6.304752e+01 1.935110e+00
      vertex   3.845555e+00 6.312329e+01 1.980279e+00
    endloop
  endfacet
  facet normal -1.100382e-01 2.710359e-01 9.562589e-01
    outer loop
      vertex   3.756548e+00 6.333724e+01 1.909396e+00
      vertex   3.845555e+00 6.312329e+01 1.980279e+00
      vertex   3.911010e+00 6.341687e+01 1.904601e+00
    endloop
  endfacet
  facet normal -1.100382e-01 2.710359e-01 9.562589e-01
    outer loop
      vertex   3.911010e+00 6.341687e+01 1.904601e+00
      vertex   3.845555e+00 6.312329e+01 1.980279e+00
      vertex   4.037103e+00 6.322204e+01 1.974332e+00
    endloop
  endfacet
  facet normal 5.802031e-02 3.694823e-01 9.274247e-01
    outer loop
      vertex   3.911010e+00 6.341687e+01 1.904601e+00
      vertex   4.037103e+00 6.322204e+01 1.974332e+00
      vertex   4.050783e+00 6.350960e+01 1.858914e+00
    endloop
  endfacet
  facet normal 5.802031e-02 3.694823e-01 9.274247e-01
    outer loop
      vertex   4.050783e+00 6.350960e+01 1.858914e+00
      vertex   4.037103e+00 6.322204e+01 1.974332e+00
      vertex   4.210434e+00 6.333703e+01 1.917675e+00
    endloop
  endfacet
  facet normal 2.038568e-01 4.792849e-01 8.536559e-01
    outer loop
      vertex   4.050783e+00 6.350960e+01 1.858914e+00
      vertex   4.210434e+00 6.333703e+01 1.917675e+00
      vertex   4.166340e+00 6.360911e+01 1.775447e+00
    endloop
  endfacet
  facet normal 2.038568e-01 4.792849e-01 8.536559e-01
    outer loop
      vertex   4.166340e+00 6.360911e+01 1.775447e+00
      vertex   4.210434e+00 6.333703e+01 1.917675e+00
      vertex   4.353735e+00 6.346043e+01 1.814169e+00
    endloop
  endfacet
  facet normal 3.175329e-01 5.929610e-01 7.399798e-01
    outer loop
      vertex   4.166340e+00 6.360911e+01 1.775447e+00
      vertex   4.353735e+00 6.346043e+01 1.814169e+00
      vertex   4.249806e+00 6.370862e+01 1.659891e+00
    endloop
  endfacet
  facet normal 3.175329e-01 5.929610e-01 7.399798e-01
    outer loop
      vertex   4.249806e+00 6.370862e+01 1.659891e+00
      vertex   4.353735e+00 6.346043e+01 1.814169e+00
      vertex   4.457241e+00 6.358384e+01 1.670868e+00
    endloop
  endfacet
  facet normal 3.913017e-01 7.027637e-01 5.941433e-01
    outer loop
      vertex   4.249806e+00 6.370862e+01 1.659891e+00
      vertex   4.457241e+00 6.358384e+01 1.670868e+00
      vertex   4.295493e+00 6.380135e+01 1.520118e+00
    endloop
  endfacet
  facet normal 3.913017e-01 7.027637e-01 5.941433e-01
    outer loop
      vertex   4.295493e+00 6.380135e+01 1.520118e+00
      vertex   4.457241e+00 6.358384e+01 1.670868e+00
      vertex   4.513898e+00 6.369883e+01 1.497537e+00
    endloop
  endfacet
  facet normal 4.201360e-01 8.012100e-01 4.260848e-01
    outer loop
      vertex   4.295493e+00 6.380135e+01 1.520118e+00
      vertex   4.513898e+00 6.369883e+01 1.497537e+00
      vertex   4.300289e+00 6.388098e+01 1.365655e+00
    endloop
  endfacet
  facet normal 4.201360e-01 8.012100e-01 4.260848e-01
    outer loop
      vertex   4.300289e+00 6.388098e+01 1.365655e+00
      vertex   4.513898e+00 6.369883e+01 1.497537e+00
      vertex   4.519845e+00 6.379758e+01 1.305989e+00
    endloop
  endfacet
  facet normal 4.020707e-01 8.815911e-01 2.472573e-01
    outer loop
      vertex   4.300289e+00 6.388098e+01 1.365655e+00
      vertex   4.519845e+00 6.379758e+01 1.305989e+00
      vertex   4.263865e+00 6.394208e+01 1.207029e+00
    endloop
  endfacet
  facet normal 4.020707e-01 8.815911e-01 2.472573e-01
    outer loop
      vertex   4.263865e+00 6.394208e+01 1.207029e+00
      vertex   4.519845e+00 6.379758e+01 1.305989e+00
      vertex   4.474676e+00 6.387335e+01 1.109277e+00
    endloop
  endfacet
  facet normal 3.383371e-01 9.384292e-01 6.984759e-02
    outer loop
      vertex   4.263865e+00 6.394208e+01 1.207029e+00
      vertex   4.474676e+00 6.387335e+01 1.109277e+00
      vertex   4.188704e+00 6.398049e+01 1.055048e+00
    endloop
  endfacet
  facet normal 3.383371e-01 9.384292e-01 6.984759e-02
    outer loop
      vertex   4.188704e+00 6.398049e+01 1.055048e+00
      vertex   4.474676e+00 6.387335e+01 1.109277e+00
      vertex   4.381470e+00 6.392098e+01 9.208064e-01
    endloop
  endfacet
  facet normal -4.851468e-01 3.624661e-01 7.957706e-01
    outer loop
      vertex   3.464043e+00 6.346161e+01 1.706873e+00
      vertex   3.445940e+00 6.323773e+01 1.797812e+00
      vertex   3.570609e+00 6.348854e+01 1.759574e+00
    endloop
  endfacet
  facet normal -4.851468e-01 3.624661e-01 7.957706e-01
    outer loop
      vertex   3.570609e+00 6.348854e+01 1.759574e+00
      vertex   3.445940e+00 6.323773e+01 1.797812e+00
      vertex   3.597921e+00 6.327614e+01 1.872973e+00
    endloop
  endfacet
  facet normal -3.501400e-01 4.057192e-01 8.442712e-01
    outer loop
      vertex   3.570609e+00 6.348854e+01 1.759574e+00
      vertex   3.597921e+00 6.327614e+01 1.872973e+00
      vertex   3.681836e+00 6.353138e+01 1.785114e+00
    endloop
  endfacet
  facet normal -3.501400e-01 4.057192e-01 8.442712e-01
    outer loop
      vertex   3.681836e+00 6.353138e+01 1.785114e+00
      vertex   3.597921e+00 6.327614e+01 1.872973e+00
      vertex   3.756548e+00 6.333724e+01 1.909396e+00
    endloop
  endfacet
  facet normal -2.140543e-01 4.668883e-01 8.580187e-01
    outer loop
      vertex   3.681836e+00 6.353138e+01 1.785114e+00
      vertex   3.756548e+00 6.333724e+01 1.909396e+00
      vertex   3.790143e+00 6.358722e+01 1.781752e+00
    endloop
  endfacet
  facet normal -2.140543e-01 4.668883e-01 8.580187e-01
    outer loop
      vertex   3.790143e+00 6.358722e+01 1.781752e+00
      vertex   3.756548e+00 6.333724e+01 1.909396e+00
      vertex   3.911010e+00 6.341687e+01 1.904601e+00
    endloop
  endfacet
  facet normal -8.616376e-02 5.418049e-01 8.360761e-01
    outer loop
      vertex   3.790143e+00 6.358722e+01 1.781752e+00
      vertex   3.911010e+00 6.341687e+01 1.904601e+00
      vertex   3.888150e+00 6.365224e+01 1.749716e+00
    endloop
  endfacet
  facet normal -8.616376e-02 5.418049e-01 8.360761e-01
    outer loop
      vertex   3.888150e+00 6.365224e+01 1.749716e+00
      vertex   3.911010e+00 6.341687e+01 1.904601e+00
      vertex   4.050783e+00 6.350960e+01 1.858914e+00
    endloop
  endfacet
  facet normal 2.481617e-02 6.253635e-01 7.799389e-01
    outer loop
      vertex   3.888150e+00 6.365224e+01 1.749716e+00
      vertex   4.050783e+00 6.350960e+01 1.858914e+00
      vertex   3.969177e+00 6.372201e+01 1.691191e+00
    endloop
  endfacet
  facet normal 2.481617e-02 6.253635e-01 7.799389e-01
    outer loop
      vertex   3.969177e+00 6.372201e+01 1.691191e+00
      vertex   4.050783e+00 6.350960e+01 1.858914e+00
      vertex   4.166340e+00 6.360911e+01 1.775447e+00
    endloop
  endfacet
  facet normal 1.113224e-01 7.118696e-01 6.934327e-01
    outer loop
      vertex   3.969177e+00 6.372201e+01 1.691191e+00
      vertex   4.166340e+00 6.360911e+01 1.775447e+00
      vertex   4.027702e+00 6.379179e+01 1.610164e+00
    endloop
  endfacet
  facet normal 1.113224e-01 7.118696e-01 6.934327e-01
    outer loop
      vertex   4.027702e+00 6.379179e+01 1.610164e+00
      vertex   4.166340e+00 6.360911e+01 1.775447e+00
      vertex   4.249806e+00 6.370862e+01 1.659891e+00
    endloop
  endfacet
  facet normal 1.674596e-01 7.954282e-01 5.824528e-01
    outer loop
      vertex   4.027702e+00 6.379179e+01 1.610164e+00
      vertex   4.249806e+00 6.370862e+01 1.659891e+00
      vertex   4.059737e+00 6.385681e+01 1.512158e+00
    endloop
  endfacet
  facet normal 1.674596e-01 7.954282e-01 5.824528e-01
    outer loop
      vertex   4.059737e+00 6.385681e+01 1.512158e+00
      vertex   4.249806e+00 6.370862e+01 1.659891e+00
      vertex   4.295493e+00 6.380135e+01 1.520118e+00
    endloop
  endfacet
  facet normal 1.894021e-01 8.703448e-01 4.545622e-01
    outer loop
      vertex   4.059737e+00 6.385681e+01 1.512158e+00
      vertex   4.295493e+00 6.380135e+01 1.520118e+00
      vertex   4.063100e+00 6.391265e+01 1.403851e+00
    endloop
  endfacet
  facet normal 1.894021e-01 8.703448e-01 4.545622e-01
    outer loop
      vertex   4.063100e+00 6.391265e+01 1.403851e+00
      vertex   4.295493e+00 6.380135e+01 1.520118e+00
      vertex   4.300289e+00 6.388098e+01 1.365655e+00
    endloop
  endfacet
  facet normal 1.756547e-01 9.315139e-01 3.184765e-01
    outer loop
      vertex   4.063100e+00 6.391265e+01 1.403851e+00
      vertex   4.300289e+00 6.388098e+01 1.365655e+00
      vertex   4.037560e+00 6.395549e+01 1.292624e+00
    endloop
  endfacet
  facet normal 1.756547e-01 9.315139e-01 3.184765e-01
    outer loop
      vertex   4.037560e+00 6.395549e+01 1.292624e+00
      vertex   4.300289e+00 6.388098e+01 1.365655e+00
      vertex   4.263865e+00 6.394208e+01 1.207029e+00
    endloop
  endfacet
  facet normal 1.271541e-01 9.747670e-01 1.834698e-01
    outer loop
      vertex   4.037560e+00 6.395549e+01 1.292624e+00
      vertex   4.263865e+00 6.394208e+01 1.207029e+00
      vertex   3.984859e+00 6.398242e+01 1.186057e+00
    endloop
  endfacet
  facet normal 1.271541e-01 9.747670e-01 1.834698e-01
    outer loop
      vertex   3.984859e+00 6.398242e+01 1.186057e+00
      vertex   4.263865e+00 6.394208e+01 1.207029e+00
      vertex   4.188704e+00 6.398049e+01 1.055048e+00
    endloop
  endfacet
  facet normal -3.909295e-01 5.975913e-01 7.000420e-01
    outer loop
      vertex   3.625808e+00 6.369433e+01 1.614730e+00
      vertex   3.568512e+00 6.367226e+01 1.601574e+00
      vertex   3.570609e+00 6.348854e+01 1.759574e+00
    endloop
  endfacet
  facet normal -4.753854e-01 5.705335e-01 6.697016e-01
    outer loop
      vertex   3.570609e+00 6.348854e+01 1.759574e+00
      vertex   3.568512e+00 6.367226e+01 1.601574e+00
      vertex   3.464043e+00 6.346161e+01 1.706873e+00
    endloop
  endfacet
  facet normal -3.909295e-01 5.975913e-01 7.000420e-01
    outer loop
      vertex   3.625808e+00 6.369433e+01 1.614730e+00
      vertex   3.570609e+00 6.348854e+01 1.759574e+00
      vertex   3.681836e+00 6.353138e+01 1.785114e+00
    endloop
  endfacet
  facet normal -3.057987e-01 6.358567e-01 7.086420e-01
    outer loop
      vertex   3.681599e+00 6.372309e+01 1.612998e+00
      vertex   3.625808e+00 6.369433e+01 1.614730e+00
      vertex   3.681836e+00 6.353138e+01 1.785114e+00
    endloop
  endfacet
  facet normal -3.057987e-01 6.358567e-01 7.086420e-01
    outer loop
      vertex   3.681599e+00 6.372309e+01 1.612998e+00
      vertex   3.681836e+00 6.353138e+01 1.785114e+00
      vertex   3.790143e+00 6.358722e+01 1.781752e+00
    endloop
  endfacet
  facet normal -2.257945e-01 6.827221e-01 6.949154e-01
    outer loop
      vertex   3.732085e+00 6.375658e+01 1.596496e+00
      vertex   3.681599e+00 6.372309e+01 1.612998e+00
      vertex   3.790143e+00 6.358722e+01 1.781752e+00
    endloop
  endfacet
  facet normal -2.257945e-01 6.827221e-01 6.949154e-01
    outer loop
      vertex   3.732085e+00 6.375658e+01 1.596496e+00
      vertex   3.790143e+00 6.358722e+01 1.781752e+00
      vertex   3.888150e+00 6.365224e+01 1.749716e+00
    endloop
  endfacet
  facet normal -1.563690e-01 7.349936e-01 6.597978e-01
    outer loop
      vertex   3.773824e+00 6.379252e+01 1.566348e+00
      vertex   3.732085e+00 6.375658e+01 1.596496e+00
      vertex   3.888150e+00 6.365224e+01 1.749716e+00
    endloop
  endfacet
  facet normal -1.563690e-01 7.349936e-01 6.597978e-01
    outer loop
      vertex   3.773824e+00 6.379252e+01 1.566348e+00
      vertex   3.888150e+00 6.365224e+01 1.749716e+00
      vertex   3.969177e+00 6.372201e+01 1.691191e+00
    endloop
  endfacet
  facet normal 6.612867e-01 2.616966e-01 7.030041e-01
    outer loop
      vertex   4.637827e+00 6.342477e+01 1.642452e+00
      vertex   4.520359e+00 6.328472e+01 1.805083e+00
      vertex   4.656428e+00 6.309229e+01 1.748722e+00
    endloop
  endfacet
  facet normal 6.612867e-01 2.616966e-01 7.030041e-01
    outer loop
      vertex   4.637827e+00 6.342477e+01 1.642452e+00
      vertex   4.656428e+00 6.309229e+01 1.748722e+00
      vertex   4.780960e+00 6.324077e+01 1.576311e+00
    endloop
  endfacet
  facet normal -1.022536e-01 7.891091e-01 6.056823e-01
    outer loop
      vertex   3.803971e+00 6.382847e+01 1.524609e+00
      vertex   3.773824e+00 6.379252e+01 1.566348e+00
      vertex   3.969177e+00 6.372201e+01 1.691191e+00
    endloop
  endfacet
  facet normal -1.022536e-01 7.891091e-01 6.056823e-01
    outer loop
      vertex   3.803971e+00 6.382847e+01 1.524609e+00
      vertex   3.969177e+00 6.372201e+01 1.691191e+00
      vertex   4.027702e+00 6.379179e+01 1.610164e+00
    endloop
  endfacet
  facet normal 7.564554e-01 4.033523e-01 5.148613e-01
    outer loop
      vertex   4.702126e+00 6.355528e+01 1.445740e+00
      vertex   4.637827e+00 6.342477e+01 1.642452e+00
      vertex   4.780960e+00 6.324077e+01 1.576311e+00
    endloop
  endfacet
  facet normal 8.775063e-01 2.143127e-01 4.290137e-01
    outer loop
      vertex   4.780960e+00 6.324077e+01 1.576311e+00
      vertex   4.878234e+00 6.304262e+01 1.476328e+00
      vertex   4.849125e+00 6.337912e+01 1.367770e+00
    endloop
  endfacet
  facet normal 8.775063e-01 2.143127e-01 4.290137e-01
    outer loop
      vertex   4.849125e+00 6.337912e+01 1.367770e+00
      vertex   4.878234e+00 6.304262e+01 1.476328e+00
      vertex   4.946264e+00 6.318070e+01 1.268204e+00
    endloop
  endfacet
  facet normal 9.157353e-01 3.448346e-01 2.061989e-01
    outer loop
      vertex   4.849125e+00 6.337912e+01 1.367770e+00
      vertex   4.946264e+00 6.318070e+01 1.268204e+00
      vertex   4.856280e+00 6.349793e+01 1.137311e+00
    endloop
  endfacet
  facet normal 9.157353e-01 3.448346e-01 2.061989e-01
    outer loop
      vertex   4.856280e+00 6.349793e+01 1.137311e+00
      vertex   4.946264e+00 6.318070e+01 1.268204e+00
      vertex   4.953404e+00 6.329927e+01 1.038204e+00
    endloop
  endfacet
  facet normal 8.917841e-01 4.514053e-01 -3.089372e-02
    outer loop
      vertex   4.856280e+00 6.349793e+01 1.137311e+00
      vertex   4.953404e+00 6.329927e+01 1.038204e+00
      vertex   4.801936e+00 6.358909e+01 9.006391e-01
    endloop
  endfacet
  facet normal 8.917841e-01 4.514053e-01 -3.089372e-02
    outer loop
      vertex   4.801936e+00 6.358909e+01 9.006391e-01
      vertex   4.953404e+00 6.329927e+01 1.038204e+00
      vertex   4.899168e+00 6.339025e+01 8.020049e-01
    endloop
  endfacet
  facet normal 8.072849e-01 5.267622e-01 -2.661066e-01
    outer loop
      vertex   4.801936e+00 6.358909e+01 9.006391e-01
      vertex   4.899168e+00 6.339025e+01 8.020049e-01
      vertex   4.689796e+00 6.364640e+01 6.738836e-01
    endloop
  endfacet
  facet normal 8.072849e-01 5.267622e-01 -2.661066e-01
    outer loop
      vertex   4.689796e+00 6.364640e+01 6.738836e-01
      vertex   4.899168e+00 6.339025e+01 8.020049e-01
      vertex   4.787252e+00 6.344744e+01 5.757018e-01
    endloop
  endfacet
  facet normal -6.713595e-02 8.413806e-01 5.362569e-01
    outer loop
      vertex   3.820474e+00 6.386196e+01 1.474123e+00
      vertex   3.803971e+00 6.382847e+01 1.524609e+00
      vertex   4.027702e+00 6.379179e+01 1.610164e+00
    endloop
  endfacet
  facet normal -6.713595e-02 8.413806e-01 5.362569e-01
    outer loop
      vertex   3.820474e+00 6.386196e+01 1.474123e+00
      vertex   4.027702e+00 6.379179e+01 1.610164e+00
      vertex   4.059737e+00 6.385681e+01 1.512158e+00
    endloop
  endfacet
  facet normal 7.936543e-01 5.303574e-01 2.980500e-01
    outer loop
      vertex   4.708875e+00 6.366735e+01 1.228354e+00
      vertex   4.702126e+00 6.355528e+01 1.445740e+00
      vertex   4.849125e+00 6.337912e+01 1.367770e+00
    endloop
  endfacet
  facet normal 7.564554e-01 4.033523e-01 5.148613e-01
    outer loop
      vertex   4.849125e+00 6.337912e+01 1.367770e+00
      vertex   4.702126e+00 6.355528e+01 1.445740e+00
      vertex   4.780960e+00 6.324077e+01 1.576311e+00
    endloop
  endfacet
  facet normal 7.936543e-01 5.303574e-01 2.980500e-01
    outer loop
      vertex   4.708875e+00 6.366735e+01 1.228354e+00
      vertex   4.849125e+00 6.337912e+01 1.367770e+00
      vertex   4.856280e+00 6.349793e+01 1.137311e+00
    endloop
  endfacet
  facet normal -5.340940e-02 8.882460e-01 4.562527e-01
    outer loop
      vertex   3.822206e+00 6.389072e+01 1.418332e+00
      vertex   3.820474e+00 6.386196e+01 1.474123e+00
      vertex   4.059737e+00 6.385681e+01 1.512158e+00
    endloop
  endfacet
  facet normal -5.340940e-02 8.882460e-01 4.562527e-01
    outer loop
      vertex   3.822206e+00 6.389072e+01 1.418332e+00
      vertex   4.059737e+00 6.385681e+01 1.512158e+00
      vertex   4.063100e+00 6.391265e+01 1.403851e+00
    endloop
  endfacet
  facet normal 7.703485e-01 6.340566e-01 6.734576e-02
    outer loop
      vertex   4.657613e+00 6.375334e+01 1.005108e+00
      vertex   4.708875e+00 6.366735e+01 1.228354e+00
      vertex   4.856280e+00 6.349793e+01 1.137311e+00
    endloop
  endfacet
  facet normal 7.703485e-01 6.340566e-01 6.734576e-02
    outer loop
      vertex   4.657613e+00 6.375334e+01 1.005108e+00
      vertex   4.856280e+00 6.349793e+01 1.137311e+00
      vertex   4.801936e+00 6.358909e+01 9.006391e-01
    endloop
  endfacet
  facet normal -6.200935e-02 9.265114e-01 3.711219e-01
    outer loop
      vertex   3.809050e+00 6.391279e+01 1.361036e+00
      vertex   3.822206e+00 6.389072e+01 1.418332e+00
      vertex   4.063100e+00 6.391265e+01 1.403851e+00
    endloop
  endfacet
  facet normal -6.200935e-02 9.265114e-01 3.711219e-01
    outer loop
      vertex   3.809050e+00 6.391279e+01 1.361036e+00
      vertex   4.063100e+00 6.391265e+01 1.403851e+00
      vertex   4.037560e+00 6.395549e+01 1.292624e+00
    endloop
  endfacet
  facet normal 6.881261e-01 7.073830e-01 -1.615295e-01
    outer loop
      vertex   4.551835e+00 6.380740e+01 7.912150e-01
      vertex   4.657613e+00 6.375334e+01 1.005108e+00
      vertex   4.801936e+00 6.358909e+01 9.006391e-01
    endloop
  endfacet
  facet normal 6.881261e-01 7.073830e-01 -1.615295e-01
    outer loop
      vertex   4.551835e+00 6.380740e+01 7.912150e-01
      vertex   4.801936e+00 6.358909e+01 9.006391e-01
      vertex   4.689796e+00 6.364640e+01 6.738836e-01
    endloop
  endfacet
  facet normal -9.234975e-02 9.535692e-01 2.866660e-01
    outer loop
      vertex   3.781902e+00 6.392667e+01 1.306141e+00
      vertex   3.809050e+00 6.391279e+01 1.361036e+00
      vertex   4.037560e+00 6.395549e+01 1.292624e+00
    endloop
  endfacet
  facet normal -9.234975e-02 9.535692e-01 2.866660e-01
    outer loop
      vertex   3.781902e+00 6.392667e+01 1.306141e+00
      vertex   4.037560e+00 6.395549e+01 1.292624e+00
      vertex   3.984859e+00 6.398242e+01 1.186057e+00
    endloop
  endfacet
  facet normal 5.659257e-01 3.535066e-01 -7.448229e-01
    outer loop
      vertex   4.625283e+00 6.346695e+01 3.747172e-01
      vertex   4.686346e+00 6.324054e+01 3.136540e-01
      vertex   4.424298e+00 6.344744e+01 2.127479e-01
    endloop
  endfacet
  facet normal 5.659257e-01 3.535066e-01 -7.448229e-01
    outer loop
      vertex   4.424298e+00 6.344744e+01 2.127479e-01
      vertex   4.686346e+00 6.324054e+01 3.136540e-01
      vertex   4.497565e+00 6.322221e+01 1.615194e-01
    endloop
  endfacet
  facet normal 3.553190e-01 3.157012e-01 -8.798188e-01
    outer loop
      vertex   4.424298e+00 6.344744e+01 2.127479e-01
      vertex   4.497565e+00 6.322221e+01 1.615194e-01
      vertex   4.197995e+00 6.339025e+01 1.008318e-01
    endloop
  endfacet
  facet normal 3.553190e-01 3.157012e-01 -8.798188e-01
    outer loop
      vertex   4.197995e+00 6.339025e+01 1.008318e-01
      vertex   4.497565e+00 6.322221e+01 1.615194e-01
      vertex   4.285003e+00 6.316849e+01 5.639881e-02
    endloop
  endfacet
  facet normal 1.273550e-01 2.426668e-01 -9.617139e-01
    outer loop
      vertex   4.197995e+00 6.339025e+01 1.008318e-01
      vertex   4.285003e+00 6.316849e+01 5.639881e-02
      vertex   3.961796e+00 6.329927e+01 4.659592e-02
    endloop
  endfacet
  facet normal 1.303977e-01 -4.435481e-02 -9.904691e-01
    outer loop
      vertex   4.258819e+00 4.700000e+01 3.407417e-02
      vertex   4.248108e+00 4.688919e+01 3.762643e-02
      vertex   4.000000e+00 4.700000e+01 1.065814e-13
    endloop
  endfacet
  facet normal 1.036987e-01 -1.036987e-01 -9.891881e-01
    outer loop
      vertex   4.000000e+00 4.700000e+01 1.065814e-13
      vertex   4.248108e+00 4.688919e+01 3.762643e-02
      vertex   4.110813e+00 4.675189e+01 3.762643e-02
    endloop
  endfacet
  facet normal 4.435481e-02 -1.303977e-01 -9.904691e-01
    outer loop
      vertex   4.000000e+00 4.700000e+01 1.065814e-13
      vertex   4.110813e+00 4.675189e+01 3.762643e-02
      vertex   4.000000e+00 4.674118e+01 3.407417e-02
    endloop
  endfacet
  facet normal 6.645835e-02 -3.818374e-01 -9.218370e-01
    outer loop
      vertex   4.000000e+00 4.674118e+01 3.407417e-02
      vertex   4.110813e+00 4.675189e+01 3.762643e-02
      vertex   4.000000e+00 4.650000e+01 1.339746e-01
    endloop
  endfacet
  facet normal 1.178222e-01 -3.995626e-01 -9.091026e-01
    outer loop
      vertex   4.000000e+00 4.650000e+01 1.339746e-01
      vertex   4.110813e+00 4.675189e+01 3.762643e-02
      vertex   4.268280e+00 4.656956e+01 1.381701e-01
    endloop
  endfacet
  facet normal 1.261909e-01 -4.328324e-01 -8.925984e-01
    outer loop
      vertex   4.000000e+00 4.650000e+01 1.339746e-01
      vertex   4.268280e+00 4.656956e+01 1.381701e-01
      vertex   4.078131e+00 4.644574e+01 1.713321e-01
    endloop
  endfacet
  facet normal 2.448663e-01 -5.834139e-01 -7.743828e-01
    outer loop
      vertex   4.078131e+00 4.644574e+01 1.713321e-01
      vertex   4.268280e+00 4.656956e+01 1.381701e-01
      vertex   4.407464e+00 4.641657e+01 2.974460e-01
    endloop
  endfacet
  facet normal 2.448663e-01 -5.834139e-01 -7.743828e-01
    outer loop
      vertex   4.078131e+00 4.644574e+01 1.713321e-01
      vertex   4.407464e+00 4.641657e+01 2.974460e-01
      vertex   4.201121e+00 4.628220e+01 3.334323e-01
    endloop
  endfacet
  facet normal 3.657544e-01 -7.197061e-01 -5.901245e-01
    outer loop
      vertex   4.201121e+00 4.628220e+01 3.334323e-01
      vertex   4.407464e+00 4.641657e+01 2.974460e-01
      vertex   4.518881e+00 4.630334e+01 5.045998e-01
    endloop
  endfacet
  facet normal 3.657544e-01 -7.197061e-01 -5.901245e-01
    outer loop
      vertex   4.201121e+00 4.628220e+01 3.334323e-01
      vertex   4.518881e+00 4.630334e+01 5.045998e-01
      vertex   4.310406e+00 4.616758e+01 5.409579e-01
    endloop
  endfacet
  facet normal 4.620595e-01 -8.076571e-01 -3.663208e-01
    outer loop
      vertex   4.310406e+00 4.616758e+01 5.409579e-01
      vertex   4.518881e+00 4.630334e+01 5.045998e-01
      vertex   4.594936e+00 4.623758e+01 7.455143e-01
    endloop
  endfacet
  facet normal 4.620595e-01 -8.076571e-01 -3.663208e-01
    outer loop
      vertex   4.310406e+00 4.616758e+01 5.409579e-01
      vertex   4.594936e+00 4.623758e+01 7.455143e-01
      vertex   4.398536e+00 4.610968e+01 7.797665e-01
    endloop
  endfacet
  facet normal 5.215192e-01 -8.403810e-01 -1.475718e-01
    outer loop
      vertex   4.398536e+00 4.610968e+01 7.797665e-01
      vertex   4.594936e+00 4.623758e+01 7.455143e-01
      vertex   4.500000e+00 4.613398e+01 1.000000e+00
    endloop
  endfacet
  facet normal 3.816287e-01 -9.213332e-01 -7.419375e-02
    outer loop
      vertex   4.398536e+00 4.610968e+01 7.797665e-01
      vertex   4.500000e+00 4.613398e+01 1.000000e+00
      vertex   4.258819e+00 4.603407e+01 1.000000e+00
    endloop
  endfacet
  facet normal 3.818374e-01 -6.645835e-02 -9.218370e-01
    outer loop
      vertex   4.258819e+00 4.700000e+01 3.407417e-02
      vertex   4.500000e+00 4.700000e+01 1.339746e-01
      vertex   4.248108e+00 4.688919e+01 3.762643e-02
    endloop
  endfacet
  facet normal 3.995626e-01 -1.178222e-01 -9.091026e-01
    outer loop
      vertex   4.248108e+00 4.688919e+01 3.762643e-02
      vertex   4.500000e+00 4.700000e+01 1.339746e-01
      vertex   4.430436e+00 4.673172e+01 1.381701e-01
    endloop
  endfacet
  facet normal 2.729599e-01 -2.729599e-01 -9.224889e-01
    outer loop
      vertex   4.248108e+00 4.688919e+01 3.762643e-02
      vertex   4.430436e+00 4.673172e+01 1.381701e-01
      vertex   4.110813e+00 4.675189e+01 3.762643e-02
    endloop
  endfacet
  facet normal 2.729599e-01 -2.729599e-01 -9.224889e-01
    outer loop
      vertex   4.110813e+00 4.675189e+01 3.762643e-02
      vertex   4.430436e+00 4.673172e+01 1.381701e-01
      vertex   4.268280e+00 4.656956e+01 1.381701e-01
    endloop
  endfacet
  facet normal 4.328324e-01 -1.261909e-01 -8.925984e-01
    outer loop
      vertex   4.430436e+00 4.673172e+01 1.381701e-01
      vertex   4.500000e+00 4.700000e+01 1.339746e-01
      vertex   4.554261e+00 4.692187e+01 1.713321e-01
    endloop
  endfacet
  facet normal 6.081878e-01 4.340169e-02 -7.926058e-01
    outer loop
      vertex   4.554261e+00 4.692187e+01 1.713321e-01
      vertex   4.500000e+00 4.700000e+01 1.339746e-01
      vertex   4.707107e+00 4.700000e+01 2.928932e-01
    endloop
  endfacet
  facet normal 6.538873e-01 -1.159338e-01 -7.476569e-01
    outer loop
      vertex   4.554261e+00 4.692187e+01 1.713321e-01
      vertex   4.707107e+00 4.700000e+01 2.928932e-01
      vertex   4.717801e+00 4.679888e+01 3.334323e-01
    endloop
  endfacet
  facet normal 7.907938e-01 -8.026201e-02 -6.067974e-01
    outer loop
      vertex   4.717801e+00 4.679888e+01 3.334323e-01
      vertex   4.707107e+00 4.700000e+01 2.928932e-01
      vertex   4.866025e+00 4.700000e+01 5.000000e-01
    endloop
  endfacet
  facet normal 8.257119e-01 -1.607312e-01 -5.407082e-01
    outer loop
      vertex   4.717801e+00 4.679888e+01 3.334323e-01
      vertex   4.866025e+00 4.700000e+01 5.000000e-01
      vertex   4.832423e+00 4.668960e+01 5.409579e-01
    endloop
  endfacet
  facet normal 8.447130e-01 -1.588805e-01 -5.110938e-01
    outer loop
      vertex   4.832423e+00 4.668960e+01 5.409579e-01
      vertex   4.866025e+00 4.700000e+01 5.000000e-01
      vertex   4.917502e+00 4.691547e+01 6.113562e-01
    endloop
  endfacet
  facet normal 9.167181e-01 -2.475550e-01 -3.135991e-01
    outer loop
      vertex   4.832423e+00 4.668960e+01 5.409579e-01
      vertex   4.917502e+00 4.691547e+01 6.113562e-01
      vertex   4.970469e+00 4.681426e+01 8.460872e-01
    endloop
  endfacet
  facet normal 9.537278e-01 -1.298391e-01 -2.711922e-01
    outer loop
      vertex   4.970469e+00 4.681426e+01 8.460872e-01
      vertex   4.917502e+00 4.691547e+01 6.113562e-01
      vertex   4.965926e+00 4.700000e+01 7.411810e-01
    endloop
  endfacet
  facet normal 9.902339e-01 -4.940940e-02 -1.303668e-01
    outer loop
      vertex   4.970469e+00 4.681426e+01 8.460872e-01
      vertex   4.965926e+00 4.700000e+01 7.411810e-01
      vertex   5.000000e+00 4.700000e+01 1.000000e+00
    endloop
  endfacet
  facet normal 9.223031e-01 5.839280e-02 -3.820305e-01
    outer loop
      vertex   4.866025e+00 4.700000e+01 5.000000e-01
      vertex   4.965926e+00 4.700000e+01 7.411810e-01
      vertex   4.917502e+00 4.691547e+01 6.113562e-01
    endloop
  endfacet
  facet normal 9.909150e-01 -1.304564e-01 -3.268886e-02
    outer loop
      vertex   5.000000e+00 4.700000e+01 1.000000e+00
      vertex   4.965926e+00 4.674118e+01 1.000000e+00
      vertex   4.970469e+00 4.681426e+01 8.460872e-01
    endloop
  endfacet
  facet normal 9.407634e-01 -3.162140e-01 -1.223638e-01
    outer loop
      vertex   4.970469e+00 4.681426e+01 8.460872e-01
      vertex   4.965926e+00 4.674118e+01 1.000000e+00
      vertex   4.890318e+00 4.660146e+01 7.797665e-01
    endloop
  endfacet
  facet normal 9.167181e-01 -2.475550e-01 -3.135991e-01
    outer loop
      vertex   4.970469e+00 4.681426e+01 8.460872e-01
      vertex   4.890318e+00 4.660146e+01 7.797665e-01
      vertex   4.832423e+00 4.668960e+01 5.409579e-01
    endloop
  endfacet
  facet normal 8.076571e-01 -4.620595e-01 -3.663208e-01
    outer loop
      vertex   4.832423e+00 4.668960e+01 5.409579e-01
      vertex   4.890318e+00 4.660146e+01 7.797665e-01
      vertex   4.696665e+00 4.648112e+01 5.045998e-01
    endloop
  endfacet
  facet normal 7.197061e-01 -3.657544e-01 -5.901245e-01
    outer loop
      vertex   4.832423e+00 4.668960e+01 5.409579e-01
      vertex   4.696665e+00 4.648112e+01 5.045998e-01
      vertex   4.583430e+00 4.659254e+01 2.974460e-01
    endloop
  endfacet
  facet normal 5.611197e-01 -5.611197e-01 -6.085140e-01
    outer loop
      vertex   4.583430e+00 4.659254e+01 2.974460e-01
      vertex   4.696665e+00 4.648112e+01 5.045998e-01
      vertex   4.407464e+00 4.641657e+01 2.974460e-01
    endloop
  endfacet
  facet normal 4.317293e-01 -4.317293e-01 -7.919720e-01
    outer loop
      vertex   4.583430e+00 4.659254e+01 2.974460e-01
      vertex   4.407464e+00 4.641657e+01 2.974460e-01
      vertex   4.268280e+00 4.656956e+01 1.381701e-01
    endloop
  endfacet
  facet normal 9.213332e-01 -3.816287e-01 -7.419375e-02
    outer loop
      vertex   4.965926e+00 4.674118e+01 1.000000e+00
      vertex   4.866025e+00 4.650000e+01 1.000000e+00
      vertex   4.890318e+00 4.660146e+01 7.797665e-01
    endloop
  endfacet
  facet normal 8.403810e-01 -5.215192e-01 -1.475718e-01
    outer loop
      vertex   4.890318e+00 4.660146e+01 7.797665e-01
      vertex   4.866025e+00 4.650000e+01 1.000000e+00
      vertex   4.762422e+00 4.640506e+01 7.455143e-01
    endloop
  endfacet
  facet normal 8.076571e-01 -4.620595e-01 -3.663208e-01
    outer loop
      vertex   4.890318e+00 4.660146e+01 7.797665e-01
      vertex   4.762422e+00 4.640506e+01 7.455143e-01
      vertex   4.696665e+00 4.648112e+01 5.045998e-01
    endloop
  endfacet
  facet normal 6.528138e-01 -6.528138e-01 -3.842763e-01
    outer loop
      vertex   4.696665e+00 4.648112e+01 5.045998e-01
      vertex   4.762422e+00 4.640506e+01 7.455143e-01
      vertex   4.518881e+00 4.630334e+01 5.045998e-01
    endloop
  endfacet
  facet normal 5.611197e-01 -5.611197e-01 -6.085140e-01
    outer loop
      vertex   4.696665e+00 4.648112e+01 5.045998e-01
      vertex   4.518881e+00 4.630334e+01 5.045998e-01
      vertex   4.407464e+00 4.641657e+01 2.974460e-01
    endloop
  endfacet
  facet normal 7.897316e-01 -6.059824e-01 -9.544300e-02
    outer loop
      vertex   4.866025e+00 4.650000e+01 1.000000e+00
      vertex   4.707107e+00 4.629289e+01 1.000000e+00
      vertex   4.762422e+00 4.640506e+01 7.455143e-01
    endloop
  endfacet
  facet normal 6.984452e-01 -6.984452e-01 -1.560404e-01
    outer loop
      vertex   4.762422e+00 4.640506e+01 7.455143e-01
      vertex   4.707107e+00 4.629289e+01 1.000000e+00
      vertex   4.594936e+00 4.623758e+01 7.455143e-01
    endloop
  endfacet
  facet normal 6.528138e-01 -6.528138e-01 -3.842763e-01
    outer loop
      vertex   4.762422e+00 4.640506e+01 7.455143e-01
      vertex   4.594936e+00 4.623758e+01 7.455143e-01
      vertex   4.518881e+00 4.630334e+01 5.045998e-01
    endloop
  endfacet
  facet normal 6.059824e-01 -7.897316e-01 -9.544300e-02
    outer loop
      vertex   4.707107e+00 4.629289e+01 1.000000e+00
      vertex   4.500000e+00 4.613398e+01 1.000000e+00
      vertex   4.594936e+00 4.623758e+01 7.455143e-01
    endloop
  endfacet
  facet normal 3.162140e-01 -9.407634e-01 -1.223638e-01
    outer loop
      vertex   4.398536e+00 4.610968e+01 7.797665e-01
      vertex   4.258819e+00 4.603407e+01 1.000000e+00
      vertex   4.185744e+00 4.602953e+01 8.460872e-01
    endloop
  endfacet
  facet normal 1.304564e-01 -9.909150e-01 -3.268886e-02
    outer loop
      vertex   4.185744e+00 4.602953e+01 8.460872e-01
      vertex   4.258819e+00 4.603407e+01 1.000000e+00
      vertex   4.000000e+00 4.600000e+01 1.000000e+00
    endloop
  endfacet
  facet normal 4.940940e-02 -9.902339e-01 -1.303668e-01
    outer loop
      vertex   4.185744e+00 4.602953e+01 8.460872e-01
      vertex   4.000000e+00 4.600000e+01 1.000000e+00
      vertex   4.000000e+00 4.603407e+01 7.411810e-01
    endloop
  endfacet
  facet normal 1.298391e-01 -9.537278e-01 -2.711922e-01
    outer loop
      vertex   4.185744e+00 4.602953e+01 8.460872e-01
      vertex   4.000000e+00 4.603407e+01 7.411810e-01
      vertex   4.084530e+00 4.608250e+01 6.113562e-01
    endloop
  endfacet
  facet normal -5.839280e-02 -9.223031e-01 -3.820305e-01
    outer loop
      vertex   4.084530e+00 4.608250e+01 6.113562e-01
      vertex   4.000000e+00 4.603407e+01 7.411810e-01
      vertex   4.000000e+00 4.613398e+01 5.000000e-01
    endloop
  endfacet
  facet normal 1.588805e-01 -8.447130e-01 -5.110938e-01
    outer loop
      vertex   4.084530e+00 4.608250e+01 6.113562e-01
      vertex   4.000000e+00 4.613398e+01 5.000000e-01
      vertex   4.310406e+00 4.616758e+01 5.409579e-01
    endloop
  endfacet
  facet normal 1.607312e-01 -8.257119e-01 -5.407082e-01
    outer loop
      vertex   4.310406e+00 4.616758e+01 5.409579e-01
      vertex   4.000000e+00 4.613398e+01 5.000000e-01
      vertex   4.201121e+00 4.628220e+01 3.334323e-01
    endloop
  endfacet
  facet normal 8.026201e-02 -7.907938e-01 -6.067974e-01
    outer loop
      vertex   4.000000e+00 4.613398e+01 5.000000e-01
      vertex   4.000000e+00 4.629289e+01 2.928932e-01
      vertex   4.201121e+00 4.628220e+01 3.334323e-01
    endloop
  endfacet
  facet normal 1.159338e-01 -6.538873e-01 -7.476569e-01
    outer loop
      vertex   4.201121e+00 4.628220e+01 3.334323e-01
      vertex   4.000000e+00 4.629289e+01 2.928932e-01
      vertex   4.078131e+00 4.644574e+01 1.713321e-01
    endloop
  endfacet
  facet normal -4.340169e-02 -6.081878e-01 -7.926058e-01
    outer loop
      vertex   4.000000e+00 4.629289e+01 2.928932e-01
      vertex   4.000000e+00 4.650000e+01 1.339746e-01
      vertex   4.078131e+00 4.644574e+01 1.713321e-01
    endloop
  endfacet
  facet normal 4.317293e-01 -4.317293e-01 -7.919720e-01
    outer loop
      vertex   4.583430e+00 4.659254e+01 2.974460e-01
      vertex   4.268280e+00 4.656956e+01 1.381701e-01
      vertex   4.430436e+00 4.673172e+01 1.381701e-01
    endloop
  endfacet
  facet normal 5.834139e-01 -2.448663e-01 -7.743828e-01
    outer loop
      vertex   4.554261e+00 4.692187e+01 1.713321e-01
      vertex   4.717801e+00 4.679888e+01 3.334323e-01
      vertex   4.430436e+00 4.673172e+01 1.381701e-01
    endloop
  endfacet
  facet normal 5.834139e-01 -2.448663e-01 -7.743828e-01
    outer loop
      vertex   4.430436e+00 4.673172e+01 1.381701e-01
      vertex   4.717801e+00 4.679888e+01 3.334323e-01
      vertex   4.583430e+00 4.659254e+01 2.974460e-01
    endloop
  endfacet
  facet normal 7.197061e-01 -3.657544e-01 -5.901245e-01
    outer loop
      vertex   4.717801e+00 4.679888e+01 3.334323e-01
      vertex   4.832423e+00 4.668960e+01 5.409579e-01
      vertex   4.583430e+00 4.659254e+01 2.974460e-01
    endloop
  endfacet
  facet normal 2.475550e-01 -9.167181e-01 -3.135991e-01
    outer loop
      vertex   4.084530e+00 4.608250e+01 6.113562e-01
      vertex   4.310406e+00 4.616758e+01 5.409579e-01
      vertex   4.398536e+00 4.610968e+01 7.797665e-01
    endloop
  endfacet
  facet normal 2.475550e-01 -9.167181e-01 -3.135991e-01
    outer loop
      vertex   4.185744e+00 4.602953e+01 8.460872e-01
      vertex   4.084530e+00 4.608250e+01 6.113562e-01
      vertex   4.398536e+00 4.610968e+01 7.797665e-01
    endloop
  endfacet
  facet normal -0.000000e+00 0.000000e+00 1.000000e+00
    outer loop
      vertex   -3.400000e+01 4.400000e+01 2.000000e+01
      vertex   -3.400000e+01 -3.000000e+00 2.000000e+01
      vertex   -2.700000e+01 4.400000e+01 2.000000e+01
    endloop
  endfacet
  facet normal 0.000000e+00 0.000000e+00 1.000000e+00
    outer loop
      vertex   -2.700000e+01 4.400000e+01 2.000000e+01
      vertex   -3.400000e+01 -3.000000e+00 2.000000e+01
      vertex   -2.700000e+01 -3.000000e+00 2.000000e+01
    endloop
  endfacet
  facet normal 0.000000e+00 1.000000e+00 -4.826469e-15
    outer loop
      vertex   5.000000e+00 5.038506e+01 5.016537e+01
      vertex   5.000000e+00 5.038506e+01 6.000000e+00
      vertex   2.000000e+00 5.038506e+01 5.016537e+01
    endloop
  endfacet
  facet normal 0.000000e+00 1.000000e+00 -4.826469e-15
    outer loop
      vertex   2.000000e+00 5.038506e+01 5.016537e+01
      vertex   5.000000e+00 5.038506e+01 6.000000e+00
      vertex   2.000000e+00 5.038506e+01 6.000000e+00
    endloop
  endfacet
  facet normal 0.000000e+00 9.801714e-02 -9.951847e-01
    outer loop
      vertex   2.000000e+00 5.338506e+01 5.316537e+01
      vertex   5.000000e+00 5.338506e+01 5.316537e+01
      vertex   2.000000e+00 5.279979e+01 5.310773e+01
    endloop
  endfacet
  facet normal 0.000000e+00 9.801714e-02 -9.951847e-01
    outer loop
      vertex   2.000000e+00 5.279979e+01 5.310773e+01
      vertex   5.000000e+00 5.338506e+01 5.316537e+01
      vertex   5.000000e+00 5.279979e+01 5.310773e+01
    endloop
  endfacet
  facet normal 0.000000e+00 2.902847e-01 -9.569403e-01
    outer loop
      vertex   2.000000e+00 5.279979e+01 5.310773e+01
      vertex   5.000000e+00 5.279979e+01 5.310773e+01
      vertex   2.000000e+00 5.223701e+01 5.293701e+01
    endloop
  endfacet
  facet normal 0.000000e+00 2.902847e-01 -9.569403e-01
    outer loop
      vertex   2.000000e+00 5.223701e+01 5.293701e+01
      vertex   5.000000e+00 5.279979e+01 5.310773e+01
      vertex   5.000000e+00 5.223701e+01 5.293701e+01
    endloop
  endfacet
  facet normal 0.000000e+00 4.713967e-01 -8.819213e-01
    outer loop
      vertex   2.000000e+00 5.223701e+01 5.293701e+01
      vertex   5.000000e+00 5.223701e+01 5.293701e+01
      vertex   2.000000e+00 5.171835e+01 5.265978e+01
    endloop
  endfacet
  facet normal 0.000000e+00 4.713967e-01 -8.819213e-01
    outer loop
      vertex   2.000000e+00 5.171835e+01 5.265978e+01
      vertex   5.000000e+00 5.223701e+01 5.293701e+01
      vertex   5.000000e+00 5.171835e+01 5.265978e+01
    endloop
  endfacet
  facet normal 0.000000e+00 6.343933e-01 -7.730105e-01
    outer loop
      vertex   2.000000e+00 5.171835e+01 5.265978e+01
      vertex   5.000000e+00 5.171835e+01 5.265978e+01
      vertex   2.000000e+00 5.126374e+01 5.228669e+01
    endloop
  endfacet
  facet normal 0.000000e+00 6.343933e-01 -7.730105e-01
    outer loop
      vertex   2.000000e+00 5.126374e+01 5.228669e+01
      vertex   5.000000e+00 5.171835e+01 5.265978e+01
      vertex   5.000000e+00 5.126374e+01 5.228669e+01
    endloop
  endfacet
  facet normal 0.000000e+00 7.730105e-01 -6.343933e-01
    outer loop
      vertex   2.000000e+00 5.126374e+01 5.228669e+01
      vertex   5.000000e+00 5.126374e+01 5.228669e+01
      vertex   2.000000e+00 5.089065e+01 5.183208e+01
    endloop
  endfacet
  facet normal 0.000000e+00 7.730105e-01 -6.343933e-01
    outer loop
      vertex   2.000000e+00 5.089065e+01 5.183208e+01
      vertex   5.000000e+00 5.126374e+01 5.228669e+01
      vertex   5.000000e+00 5.089065e+01 5.183208e+01
    endloop
  endfacet
  facet normal 0.000000e+00 8.819213e-01 -4.713967e-01
    outer loop
      vertex   2.000000e+00 5.089065e+01 5.183208e+01
      vertex   5.000000e+00 5.089065e+01 5.183208e+01
      vertex   2.000000e+00 5.061342e+01 5.131342e+01
    endloop
  endfacet
  facet normal 0.000000e+00 8.819213e-01 -4.713967e-01
    outer loop
      vertex   2.000000e+00 5.061342e+01 5.131342e+01
      vertex   5.000000e+00 5.089065e+01 5.183208e+01
      vertex   5.000000e+00 5.061342e+01 5.131342e+01
    endloop
  endfacet
  facet normal 0.000000e+00 9.569403e-01 -2.902847e-01
    outer loop
      vertex   2.000000e+00 5.061342e+01 5.131342e+01
      vertex   5.000000e+00 5.061342e+01 5.131342e+01
      vertex   2.000000e+00 5.044271e+01 5.075065e+01
    endloop
  endfacet
  facet normal 0.000000e+00 9.569403e-01 -2.902847e-01
    outer loop
      vertex   2.000000e+00 5.044271e+01 5.075065e+01
      vertex   5.000000e+00 5.061342e+01 5.131342e+01
      vertex   5.000000e+00 5.044271e+01 5.075065e+01
    endloop
  endfacet
  facet normal 0.000000e+00 9.951847e-01 -9.801714e-02
    outer loop
      vertex   2.000000e+00 5.044271e+01 5.075065e+01
      vertex   5.000000e+00 5.044271e+01 5.075065e+01
      vertex   2.000000e+00 5.038506e+01 5.016537e+01
    endloop
  endfacet
  facet normal 0.000000e+00 9.951847e-01 -9.801714e-02
    outer loop
      vertex   2.000000e+00 5.038506e+01 5.016537e+01
      vertex   5.000000e+00 5.044271e+01 5.075065e+01
      vertex   5.000000e+00 5.038506e+01 5.016537e+01
    endloop
  endfacet
  facet normal -9.972811e-01 -7.369122e-02 0.000000e+00
    outer loop
      vertex   2.000000e+00 6.000000e+01 5.316537e+01
      vertex   2.000000e+00 6.000000e+01 5.500000e+01
      vertex   1.989139e+00 6.014698e+01 5.010000e+01
    endloop
  endfacet
  facet normal -9.914434e-01 -1.305260e-01 -1.717771e-03
    outer loop
      vertex   1.989139e+00 6.014698e+01 5.010000e+01
      vertex   2.000000e+00 6.000000e+01 5.500000e+01
      vertex   1.965926e+00 6.025882e+01 5.500000e+01
    endloop
  endfacet
  facet normal -9.647968e-01 -2.629925e-01 1.431873e-03
    outer loop
      vertex   1.989139e+00 6.014698e+01 5.010000e+01
      vertex   1.965926e+00 6.025882e+01 5.500000e+01
      vertex   1.926900e+00 6.037531e+01 5.010000e+01
    endloop
  endfacet
  facet normal -9.238781e-01 -3.826829e-01 -1.739463e-03
    outer loop
      vertex   1.926900e+00 6.037531e+01 5.010000e+01
      vertex   1.965926e+00 6.025882e+01 5.500000e+01
      vertex   1.866025e+00 6.050000e+01 5.500000e+01
    endloop
  endfacet
  facet normal -8.759774e-01 -4.823502e-01 1.391887e-03
    outer loop
      vertex   1.926900e+00 6.037531e+01 5.010000e+01
      vertex   1.866025e+00 6.050000e+01 5.500000e+01
      vertex   1.812748e+00 6.058262e+01 5.010000e+01
    endloop
  endfacet
  facet normal -7.933523e-01 -6.087606e-01 -1.637804e-03
    outer loop
      vertex   1.812748e+00 6.058262e+01 5.010000e+01
      vertex   1.866025e+00 6.050000e+01 5.500000e+01
      vertex   1.707107e+00 6.070711e+01 5.500000e+01
    endloop
  endfacet
  facet normal -7.380973e-01 -6.746931e-01 1.228571e-03
    outer loop
      vertex   1.812748e+00 6.058262e+01 5.010000e+01
      vertex   1.707107e+00 6.070711e+01 5.500000e+01
      vertex   1.653077e+00 6.075729e+01 5.010000e+01
    endloop
  endfacet
  facet normal -6.087608e-01 -7.933525e-01 -1.412856e-03
    outer loop
      vertex   1.653077e+00 6.075729e+01 5.010000e+01
      vertex   1.707107e+00 6.070711e+01 5.500000e+01
      vertex   1.500000e+00 6.086603e+01 5.500000e+01
    endloop
  endfacet
  facet normal -5.588788e-01 -8.292488e-01 9.420230e-04
    outer loop
      vertex   1.653077e+00 6.075729e+01 5.010000e+01
      vertex   1.500000e+00 6.086603e+01 5.500000e+01
      vertex   1.456829e+00 6.088956e+01 5.010000e+01
    endloop
  endfacet
  facet normal -3.826832e-01 -9.238790e-01 -1.064753e-03
    outer loop
      vertex   1.456829e+00 6.088956e+01 5.010000e+01
      vertex   1.500000e+00 6.086603e+01 5.500000e+01
      vertex   1.258819e+00 6.096593e+01 5.500000e+01
    endloop
  endfacet
  facet normal -3.483591e-01 -9.373610e-01 5.324170e-04
    outer loop
      vertex   1.456829e+00 6.088956e+01 5.010000e+01
      vertex   1.258819e+00 6.096593e+01 5.500000e+01
      vertex   1.234995e+00 6.097200e+01 5.010000e+01
    endloop
  endfacet
  facet normal -1.305262e-01 -9.914447e-01 -5.937063e-04
    outer loop
      vertex   1.234995e+00 6.097200e+01 5.010000e+01
      vertex   1.258819e+00 6.096593e+01 5.500000e+01
      vertex   1.000000e+00 6.100000e+01 5.500000e+01
    endloop
  endfacet
  facet normal -1.183288e-01 -9.929745e-01 -0.000000e+00
    outer loop
      vertex   1.234995e+00 6.097200e+01 5.010000e+01
      vertex   1.000000e+00 6.100000e+01 5.500000e+01
      vertex   1.234995e+00 6.097200e+01 4.520000e+01
    endloop
  endfacet
  facet normal -1.183288e-01 -9.929745e-01 -0.000000e+00
    outer loop
      vertex   1.234995e+00 6.097200e+01 4.520000e+01
      vertex   1.000000e+00 6.100000e+01 5.500000e+01
      vertex   1.234995e+00 6.097200e+01 4.030000e+01
    endloop
  endfacet
  facet normal -3.483592e-01 -9.373611e-01 -0.000000e+00
    outer loop
      vertex   1.234995e+00 6.097200e+01 4.520000e+01
      vertex   1.234995e+00 6.097200e+01 4.030000e+01
      vertex   1.456829e+00 6.088956e+01 4.520000e+01
    endloop
  endfacet
  facet normal -3.483592e-01 -9.373611e-01 -3.157195e-17
    outer loop
      vertex   1.456829e+00 6.088956e+01 4.520000e+01
      vertex   1.234995e+00 6.097200e+01 4.030000e+01
      vertex   1.456829e+00 6.088956e+01 4.030000e+01
    endloop
  endfacet
  facet normal -5.588790e-01 -8.292492e-01 -5.065146e-17
    outer loop
      vertex   1.456829e+00 6.088956e+01 4.520000e+01
      vertex   1.456829e+00 6.088956e+01 4.030000e+01
      vertex   1.653077e+00 6.075729e+01 4.520000e+01
    endloop
  endfacet
  facet normal -5.588790e-01 -8.292492e-01 -0.000000e+00
    outer loop
      vertex   1.653077e+00 6.075729e+01 4.520000e+01
      vertex   1.456829e+00 6.088956e+01 4.030000e+01
      vertex   1.653077e+00 6.075729e+01 4.030000e+01
    endloop
  endfacet
  facet normal -7.380979e-01 -6.746936e-01 -0.000000e+00
    outer loop
      vertex   1.653077e+00 6.075729e+01 4.520000e+01
      vertex   1.653077e+00 6.075729e+01 4.030000e+01
      vertex   1.812748e+00 6.058262e+01 4.520000e+01
    endloop
  endfacet
  facet normal -7.380979e-01 -6.746936e-01 3.344707e-17
    outer loop
      vertex   1.812748e+00 6.058262e+01 4.520000e+01
      vertex   1.653077e+00 6.075729e+01 4.030000e+01
      vertex   1.812748e+00 6.058262e+01 4.030000e+01
    endloop
  endfacet
  facet normal -8.759782e-01 -4.823507e-01 3.969515e-17
    outer loop
      vertex   1.812748e+00 6.058262e+01 4.520000e+01
      vertex   1.812748e+00 6.058262e+01 4.030000e+01
      vertex   1.926900e+00 6.037531e+01 4.520000e+01
    endloop
  endfacet
  facet normal -8.759782e-01 -4.823507e-01 -0.000000e+00
    outer loop
      vertex   1.926900e+00 6.037531e+01 4.520000e+01
      vertex   1.812748e+00 6.058262e+01 4.030000e+01
      vertex   1.926900e+00 6.037531e+01 4.030000e+01
    endloop
  endfacet
  facet normal -9.647978e-01 -2.629927e-01 -0.000000e+00
    outer loop
      vertex   1.926900e+00 6.037531e+01 4.520000e+01
      vertex   1.926900e+00 6.037531e+01 4.030000e+01
      vertex   1.989139e+00 6.014698e+01 4.520000e+01
    endloop
  endfacet
  facet normal -9.647978e-01 -2.629927e-01 -0.000000e+00
    outer loop
      vertex   1.989139e+00 6.014698e+01 4.520000e+01
      vertex   1.926900e+00 6.037531e+01 4.030000e+01
      vertex   1.989139e+00 6.014698e+01 4.030000e+01
    endloop
  endfacet
  facet normal -9.995822e-01 -2.890544e-02 -0.000000e+00
    outer loop
      vertex   1.989139e+00 6.014698e+01 4.520000e+01
      vertex   1.989139e+00 6.014698e+01 4.030000e+01
      vertex   1.995980e+00 5.991042e+01 4.520000e+01
    endloop
  endfacet
  facet normal -9.995822e-01 -2.890544e-02 -0.000000e+00
    outer loop
      vertex   1.995980e+00 5.991042e+01 4.520000e+01
      vertex   1.989139e+00 6.014698e+01 4.030000e+01
      vertex   1.995980e+00 5.991042e+01 4.030000e+01
    endloop
  endfacet
  facet normal -9.881932e-01 1.532129e-01 0.000000e+00
    outer loop
      vertex   1.995980e+00 5.991042e+01 4.520000e+01
      vertex   1.995980e+00 5.991042e+01 4.030000e+01
      vertex   1.976345e+00 5.978378e+01 5.316537e+01
    endloop
  endfacet
  facet normal -9.881932e-01 1.532129e-01 0.000000e+00
    outer loop
      vertex   1.976345e+00 5.978378e+01 5.316537e+01
      vertex   1.995980e+00 5.991042e+01 4.030000e+01
      vertex   1.995980e+00 5.991042e+01 3.540000e+01
    endloop
  endfacet
  facet normal -9.881932e-01 1.532129e-01 0.000000e+00
    outer loop
      vertex   1.976345e+00 5.978378e+01 5.316537e+01
      vertex   1.995980e+00 5.991042e+01 3.540000e+01
      vertex   1.995980e+00 5.991042e+01 3.050000e+01
    endloop
  endfacet
  facet normal -9.995822e-01 -2.890544e-02 0.000000e+00
    outer loop
      vertex   1.995980e+00 5.991042e+01 3.050000e+01
      vertex   1.995980e+00 5.991042e+01 3.540000e+01
      vertex   1.989139e+00 6.014698e+01 3.050000e+01
    endloop
  endfacet
  facet normal -9.995822e-01 -2.890544e-02 0.000000e+00
    outer loop
      vertex   1.995980e+00 5.991042e+01 3.050000e+01
      vertex   1.989139e+00 6.014698e+01 3.050000e+01
      vertex   1.989139e+00 6.014698e+01 2.560000e+01
    endloop
  endfacet
  facet normal -9.647978e-01 -2.629927e-01 0.000000e+00
    outer loop
      vertex   1.989139e+00 6.014698e+01 2.560000e+01
      vertex   1.989139e+00 6.014698e+01 3.050000e+01
      vertex   1.926900e+00 6.037531e+01 2.560000e+01
    endloop
  endfacet
  facet normal -9.647978e-01 -2.629927e-01 0.000000e+00
    outer loop
      vertex   1.989139e+00 6.014698e+01 2.560000e+01
      vertex   1.926900e+00 6.037531e+01 2.560000e+01
      vertex   1.926900e+00 6.037531e+01 2.070000e+01
    endloop
  endfacet
  facet normal -8.759782e-01 -4.823507e-01 0.000000e+00
    outer loop
      vertex   1.926900e+00 6.037531e+01 2.070000e+01
      vertex   1.926900e+00 6.037531e+01 2.560000e+01
      vertex   1.812748e+00 6.058262e+01 2.070000e+01
    endloop
  endfacet
  facet normal -8.759782e-01 -4.823507e-01 3.889440e-17
    outer loop
      vertex   1.926900e+00 6.037531e+01 2.070000e+01
      vertex   1.812748e+00 6.058262e+01 2.070000e+01
      vertex   1.812748e+00 6.058262e+01 1.580000e+01
    endloop
  endfacet
  facet normal -7.380979e-01 -6.746936e-01 3.344707e-17
    outer loop
      vertex   1.812748e+00 6.058262e+01 1.580000e+01
      vertex   1.812748e+00 6.058262e+01 2.070000e+01
      vertex   1.653077e+00 6.075729e+01 1.580000e+01
    endloop
  endfacet
  facet normal -7.380979e-01 -6.746936e-01 0.000000e+00
    outer loop
      vertex   1.812748e+00 6.058262e+01 1.580000e+01
      vertex   1.653077e+00 6.075729e+01 1.580000e+01
      vertex   1.653077e+00 6.075729e+01 1.090000e+01
    endloop
  endfacet
  facet normal -5.588790e-01 -8.292492e-01 0.000000e+00
    outer loop
      vertex   1.653077e+00 6.075729e+01 1.090000e+01
      vertex   1.653077e+00 6.075729e+01 1.580000e+01
      vertex   1.456829e+00 6.088956e+01 1.090000e+01
    endloop
  endfacet
  facet normal -5.588790e-01 -8.292492e-01 7.479693e-17
    outer loop
      vertex   1.653077e+00 6.075729e+01 1.090000e+01
      vertex   1.456829e+00 6.088956e+01 1.090000e+01
      vertex   1.456829e+00 6.088956e+01 6.000000e+00
    endloop
  endfacet
  facet normal -3.483592e-01 -9.373611e-01 4.735792e-17
    outer loop
      vertex   1.456829e+00 6.088956e+01 6.000000e+00
      vertex   1.456829e+00 6.088956e+01 1.090000e+01
      vertex   1.234995e+00 6.097200e+01 6.000000e+00
    endloop
  endfacet
  facet normal -3.483592e-01 -9.373611e-01 -1.578597e-17
    outer loop
      vertex   1.234995e+00 6.097200e+01 6.000000e+00
      vertex   1.456829e+00 6.088956e+01 1.090000e+01
      vertex   1.234995e+00 6.097200e+01 1.090000e+01
    endloop
  endfacet
  facet normal -1.183288e-01 -9.929745e-01 -5.362096e-18
    outer loop
      vertex   1.234995e+00 6.097200e+01 6.000000e+00
      vertex   1.234995e+00 6.097200e+01 1.090000e+01
      vertex   1.000000e+00 6.100000e+01 6.000000e+00
    endloop
  endfacet
  facet normal -1.183288e-01 -9.929745e-01 5.235785e-18
    outer loop
      vertex   1.000000e+00 6.100000e+01 6.000000e+00
      vertex   1.234995e+00 6.097200e+01 1.090000e+01
      vertex   1.234995e+00 6.097200e+01 1.580000e+01
    endloop
  endfacet
  facet normal -1.183288e-01 -9.929745e-01 0.000000e+00
    outer loop
      vertex   1.000000e+00 6.100000e+01 6.000000e+00
      vertex   1.234995e+00 6.097200e+01 1.580000e+01
      vertex   1.234995e+00 6.097200e+01 2.070000e+01
    endloop
  endfacet
  facet normal -3.483592e-01 -9.373611e-01 -0.000000e+00
    outer loop
      vertex   1.234995e+00 6.097200e+01 2.070000e+01
      vertex   1.234995e+00 6.097200e+01 1.580000e+01
      vertex   1.456829e+00 6.088956e+01 2.070000e+01
    endloop
  endfacet
  facet normal -3.483592e-01 -9.373611e-01 -1.495939e-17
    outer loop
      vertex   1.234995e+00 6.097200e+01 2.070000e+01
      vertex   1.456829e+00 6.088956e+01 2.070000e+01
      vertex   1.456829e+00 6.088956e+01 2.560000e+01
    endloop
  endfacet
  facet normal -5.588790e-01 -8.292492e-01 -2.532573e-17
    outer loop
      vertex   1.456829e+00 6.088956e+01 2.560000e+01
      vertex   1.456829e+00 6.088956e+01 2.070000e+01
      vertex   1.653077e+00 6.075729e+01 2.560000e+01
    endloop
  endfacet
  facet normal -5.588790e-01 -8.292492e-01 0.000000e+00
    outer loop
      vertex   1.456829e+00 6.088956e+01 2.560000e+01
      vertex   1.653077e+00 6.075729e+01 2.560000e+01
      vertex   1.653077e+00 6.075729e+01 3.050000e+01
    endloop
  endfacet
  facet normal -7.380979e-01 -6.746936e-01 -0.000000e+00
    outer loop
      vertex   1.653077e+00 6.075729e+01 3.050000e+01
      vertex   1.653077e+00 6.075729e+01 2.560000e+01
      vertex   1.812748e+00 6.058262e+01 3.050000e+01
    endloop
  endfacet
  facet normal -7.380979e-01 -6.746936e-01 0.000000e+00
    outer loop
      vertex   1.653077e+00 6.075729e+01 3.050000e+01
      vertex   1.812748e+00 6.058262e+01 3.050000e+01
      vertex   1.812748e+00 6.058262e+01 3.540000e+01
    endloop
  endfacet
  facet normal -8.759782e-01 -4.823507e-01 -0.000000e+00
    outer loop
      vertex   1.812748e+00 6.058262e+01 3.540000e+01
      vertex   1.812748e+00 6.058262e+01 3.050000e+01
      vertex   1.926900e+00 6.037531e+01 3.540000e+01
    endloop
  endfacet
  facet normal -8.759782e-01 -4.823507e-01 0.000000e+00
    outer loop
      vertex   1.812748e+00 6.058262e+01 3.540000e+01
      vertex   1.926900e+00 6.037531e+01 3.540000e+01
      vertex   1.926900e+00 6.037531e+01 4.030000e+01
    endloop
  endfacet
  facet normal -9.647978e-01 -2.629927e-01 -0.000000e+00
    outer loop
      vertex   1.926900e+00 6.037531e+01 4.030000e+01
      vertex   1.926900e+00 6.037531e+01 3.540000e+01
      vertex   1.989139e+00 6.014698e+01 4.030000e+01
    endloop
  endfacet
  facet normal -1.183288e-01 -9.929745e-01 5.362096e-18
    outer loop
      vertex   1.000000e+00 6.100000e+01 6.000000e+00
      vertex   1.234995e+00 6.097200e+01 3.050000e+01
      vertex   1.000000e+00 6.100000e+01 5.500000e+01
    endloop
  endfacet
  facet normal -1.183288e-01 -9.929745e-01 5.235785e-18
    outer loop
      vertex   1.000000e+00 6.100000e+01 5.500000e+01
      vertex   1.234995e+00 6.097200e+01 3.050000e+01
      vertex   1.234995e+00 6.097200e+01 3.540000e+01
    endloop
  endfacet
  facet normal -1.183288e-01 -9.929745e-01 5.235785e-18
    outer loop
      vertex   1.000000e+00 6.100000e+01 5.500000e+01
      vertex   1.234995e+00 6.097200e+01 3.540000e+01
      vertex   1.234995e+00 6.097200e+01 4.030000e+01
    endloop
  endfacet
  facet normal -3.483592e-01 -9.373611e-01 1.578597e-17
    outer loop
      vertex   1.234995e+00 6.097200e+01 4.030000e+01
      vertex   1.234995e+00 6.097200e+01 3.540000e+01
      vertex   1.456829e+00 6.088956e+01 4.030000e+01
    endloop
  endfacet
  facet normal -5.588790e-01 -8.292492e-01 0.000000e+00
    outer loop
      vertex   1.456829e+00 6.088956e+01 6.000000e+00
      vertex   1.653077e+00 6.075729e+01 6.000000e+00
      vertex   1.653077e+00 6.075729e+01 1.090000e+01
    endloop
  endfacet
  facet normal -7.380979e-01 -6.746936e-01 -0.000000e+00
    outer loop
      vertex   1.653077e+00 6.075729e+01 1.090000e+01
      vertex   1.653077e+00 6.075729e+01 6.000000e+00
      vertex   1.812748e+00 6.058262e+01 1.090000e+01
    endloop
  endfacet
  facet normal -7.380979e-01 -6.746936e-01 0.000000e+00
    outer loop
      vertex   1.653077e+00 6.075729e+01 1.090000e+01
      vertex   1.812748e+00 6.058262e+01 1.090000e+01
      vertex   1.812748e+00 6.058262e+01 1.580000e+01
    endloop
  endfacet
  facet normal -8.759782e-01 -4.823507e-01 -0.000000e+00
    outer loop
      vertex   1.812748e+00 6.058262e+01 1.580000e+01
      vertex   1.812748e+00 6.058262e+01 1.090000e+01
      vertex   1.926900e+00 6.037531e+01 1.580000e+01
    endloop
  endfacet
  facet normal -8.759782e-01 -4.823507e-01 0.000000e+00
    outer loop
      vertex   1.812748e+00 6.058262e+01 1.580000e+01
      vertex   1.926900e+00 6.037531e+01 1.580000e+01
      vertex   1.926900e+00 6.037531e+01 2.070000e+01
    endloop
  endfacet
  facet normal -9.647978e-01 -2.629927e-01 -0.000000e+00
    outer loop
      vertex   1.926900e+00 6.037531e+01 2.070000e+01
      vertex   1.926900e+00 6.037531e+01 1.580000e+01
      vertex   1.989139e+00 6.014698e+01 2.070000e+01
    endloop
  endfacet
  facet normal -9.647978e-01 -2.629927e-01 0.000000e+00
    outer loop
      vertex   1.926900e+00 6.037531e+01 2.070000e+01
      vertex   1.989139e+00 6.014698e+01 2.070000e+01
      vertex   1.989139e+00 6.014698e+01 2.560000e+01
    endloop
  endfacet
  facet normal -9.995822e-01 -2.890544e-02 -0.000000e+00
    outer loop
      vertex   1.989139e+00 6.014698e+01 2.560000e+01
      vertex   1.989139e+00 6.014698e+01 2.070000e+01
      vertex   1.995980e+00 5.991042e+01 2.560000e+01
    endloop
  endfacet
  facet normal -9.995822e-01 -2.890544e-02 0.000000e+00
    outer loop
      vertex   1.989139e+00 6.014698e+01 2.560000e+01
      vertex   1.995980e+00 5.991042e+01 2.560000e+01
      vertex   1.995980e+00 5.991042e+01 3.050000e+01
    endloop
  endfacet
  facet normal -9.881932e-01 1.532129e-01 0.000000e+00
    outer loop
      vertex   1.995980e+00 5.991042e+01 3.050000e+01
      vertex   1.995980e+00 5.991042e+01 2.560000e+01
      vertex   1.976345e+00 5.978378e+01 5.316537e+01
    endloop
  endfacet
  facet normal -7.380979e-01 -6.746936e-01 -6.881317e-17
    outer loop
      vertex   1.653077e+00 6.075729e+01 6.000000e+00
      vertex   1.812748e+00 6.058262e+01 6.000000e+00
      vertex   1.812748e+00 6.058262e+01 1.090000e+01
    endloop
  endfacet
  facet normal -8.759782e-01 -4.823507e-01 -7.939030e-17
    outer loop
      vertex   1.812748e+00 6.058262e+01 1.090000e+01
      vertex   1.812748e+00 6.058262e+01 6.000000e+00
      vertex   1.926900e+00 6.037531e+01 1.090000e+01
    endloop
  endfacet
  facet normal -8.759782e-01 -4.823507e-01 0.000000e+00
    outer loop
      vertex   1.812748e+00 6.058262e+01 1.090000e+01
      vertex   1.926900e+00 6.037531e+01 1.090000e+01
      vertex   1.926900e+00 6.037531e+01 1.580000e+01
    endloop
  endfacet
  facet normal -9.647978e-01 -2.629927e-01 -0.000000e+00
    outer loop
      vertex   1.926900e+00 6.037531e+01 1.580000e+01
      vertex   1.926900e+00 6.037531e+01 1.090000e+01
      vertex   1.989139e+00 6.014698e+01 1.580000e+01
    endloop
  endfacet
  facet normal -9.647978e-01 -2.629927e-01 0.000000e+00
    outer loop
      vertex   1.926900e+00 6.037531e+01 1.580000e+01
      vertex   1.989139e+00 6.014698e+01 1.580000e+01
      vertex   1.989139e+00 6.014698e+01 2.070000e+01
    endloop
  endfacet
  facet normal -9.995822e-01 -2.890544e-02 -0.000000e+00
    outer loop
      vertex   1.989139e+00 6.014698e+01 2.070000e+01
      vertex   1.989139e+00 6.014698e+01 1.580000e+01
      vertex   1.995980e+00 5.991042e+01 2.070000e+01
    endloop
  endfacet
  facet normal -9.995822e-01 -2.890544e-02 0.000000e+00
    outer loop
      vertex   1.989139e+00 6.014698e+01 2.070000e+01
      vertex   1.995980e+00 5.991042e+01 2.070000e+01
      vertex   1.995980e+00 5.991042e+01 2.560000e+01
    endloop
  endfacet
  facet normal -9.881932e-01 1.532129e-01 0.000000e+00
    outer loop
      vertex   1.995980e+00 5.991042e+01 2.560000e+01
      vertex   1.995980e+00 5.991042e+01 2.070000e+01
      vertex   1.976345e+00 5.978378e+01 5.316537e+01
    endloop
  endfacet
  facet normal -8.759782e-01 -4.823507e-01 7.778880e-17
    outer loop
      vertex   1.812748e+00 6.058262e+01 6.000000e+00
      vertex   1.926900e+00 6.037531e+01 6.000000e+00
      vertex   1.926900e+00 6.037531e+01 1.090000e+01
    endloop
  endfacet
  facet normal -9.647978e-01 -2.629927e-01 8.744006e-17
    outer loop
      vertex   1.926900e+00 6.037531e+01 1.090000e+01
      vertex   1.926900e+00 6.037531e+01 6.000000e+00
      vertex   1.989139e+00 6.014698e+01 1.090000e+01
    endloop
  endfacet
  facet normal -9.647978e-01 -2.629927e-01 0.000000e+00
    outer loop
      vertex   1.926900e+00 6.037531e+01 1.090000e+01
      vertex   1.989139e+00 6.014698e+01 1.090000e+01
      vertex   1.989139e+00 6.014698e+01 1.580000e+01
    endloop
  endfacet
  facet normal -9.995822e-01 -2.890544e-02 -0.000000e+00
    outer loop
      vertex   1.989139e+00 6.014698e+01 1.580000e+01
      vertex   1.989139e+00 6.014698e+01 1.090000e+01
      vertex   1.995980e+00 5.991042e+01 1.580000e+01
    endloop
  endfacet
  facet normal -9.995822e-01 -2.890544e-02 0.000000e+00
    outer loop
      vertex   1.989139e+00 6.014698e+01 1.580000e+01
      vertex   1.995980e+00 5.991042e+01 1.580000e+01
      vertex   1.995980e+00 5.991042e+01 2.070000e+01
    endloop
  endfacet
  facet normal -9.881932e-01 1.532129e-01 0.000000e+00
    outer loop
      vertex   1.995980e+00 5.991042e+01 2.070000e+01
      vertex   1.995980e+00 5.991042e+01 1.580000e+01
      vertex   1.976345e+00 5.978378e+01 5.316537e+01
    endloop
  endfacet
  facet normal -9.647978e-01 -2.629927e-01 -8.826037e-17
    outer loop
      vertex   1.926900e+00 6.037531e+01 6.000000e+00
      vertex   1.989139e+00 6.014698e+01 6.000000e+00
      vertex   1.989139e+00 6.014698e+01 1.090000e+01
    endloop
  endfacet
  facet normal -9.995822e-01 -2.890544e-02 -9.059258e-17
    outer loop
      vertex   1.989139e+00 6.014698e+01 1.090000e+01
      vertex   1.989139e+00 6.014698e+01 6.000000e+00
      vertex   1.995980e+00 5.991042e+01 1.090000e+01
    endloop
  endfacet
  facet normal -9.995822e-01 -2.890544e-02 0.000000e+00
    outer loop
      vertex   1.989139e+00 6.014698e+01 1.090000e+01
      vertex   1.995980e+00 5.991042e+01 1.090000e+01
      vertex   1.995980e+00 5.991042e+01 1.580000e+01
    endloop
  endfacet
  facet normal -9.881932e-01 1.532129e-01 0.000000e+00
    outer loop
      vertex   1.995980e+00 5.991042e+01 1.580000e+01
      vertex   1.995980e+00 5.991042e+01 1.090000e+01
      vertex   1.976345e+00 5.978378e+01 5.316537e+01
    endloop
  endfacet
  facet normal -9.995822e-01 -2.890544e-02 -4.525214e-17
    outer loop
      vertex   1.989139e+00 6.014698e+01 6.000000e+00
      vertex   1.995980e+00 5.991042e+01 6.000000e+00
      vertex   1.995980e+00 5.991042e+01 1.090000e+01
    endloop
  endfacet
  facet normal -9.881932e-01 1.532129e-01 -4.478020e-17
    outer loop
      vertex   1.995980e+00 5.991042e+01 1.090000e+01
      vertex   1.995980e+00 5.991042e+01 6.000000e+00
      vertex   1.976345e+00 5.978378e+01 5.316537e+01
    endloop
  endfacet
  facet normal -9.783831e-01 2.068008e-01 1.479708e-04
    outer loop
      vertex   1.995980e+00 5.991042e+01 6.000000e+00
      vertex   1.947039e+00 5.967888e+01 6.000000e+00
      vertex   1.976345e+00 5.978378e+01 5.316537e+01
    endloop
  endfacet
  facet normal -9.631211e-01 2.690683e-01 3.533049e-16
    outer loop
      vertex   1.976345e+00 5.978378e+01 5.316537e+01
      vertex   1.947039e+00 5.967888e+01 6.000000e+00
      vertex   1.947039e+00 5.967888e+01 5.316537e+01
    endloop
  endfacet
  facet normal -9.881932e-01 1.532129e-01 0.000000e+00
    outer loop
      vertex   1.995980e+00 5.991042e+01 4.520000e+01
      vertex   1.976345e+00 5.978378e+01 5.316537e+01
      vertex   1.995980e+00 5.991042e+01 5.010000e+01
    endloop
  endfacet
  facet normal -9.866708e-01 1.627284e-01 4.028703e-04
    outer loop
      vertex   1.995980e+00 5.991042e+01 5.010000e+01
      vertex   1.976345e+00 5.978378e+01 5.316537e+01
      vertex   1.994069e+00 5.989125e+01 5.316537e+01
    endloop
  endfacet
  facet normal -9.985160e-01 5.445814e-02 -2.818785e-04
    outer loop
      vertex   1.995980e+00 5.991042e+01 5.010000e+01
      vertex   1.994069e+00 5.989125e+01 5.316537e+01
      vertex   2.000000e+00 6.000000e+01 5.316537e+01
    endloop
  endfacet
  facet normal -9.995798e-01 -2.890538e-02 2.155582e-03
    outer loop
      vertex   1.995980e+00 5.991042e+01 5.010000e+01
      vertex   2.000000e+00 6.000000e+01 5.316537e+01
      vertex   1.989139e+00 6.014698e+01 5.010000e+01
    endloop
  endfacet
  facet normal -9.995822e-01 -2.890544e-02 0.000000e+00
    outer loop
      vertex   1.995980e+00 5.991042e+01 4.520000e+01
      vertex   1.995980e+00 5.991042e+01 5.010000e+01
      vertex   1.989139e+00 6.014698e+01 4.520000e+01
    endloop
  endfacet
  facet normal -9.995822e-01 -2.890544e-02 4.529629e-17
    outer loop
      vertex   1.989139e+00 6.014698e+01 4.520000e+01
      vertex   1.995980e+00 5.991042e+01 5.010000e+01
      vertex   1.989139e+00 6.014698e+01 5.010000e+01
    endloop
  endfacet
  facet normal -9.647978e-01 -2.629927e-01 4.372003e-17
    outer loop
      vertex   1.989139e+00 6.014698e+01 4.520000e+01
      vertex   1.989139e+00 6.014698e+01 5.010000e+01
      vertex   1.926900e+00 6.037531e+01 4.520000e+01
    endloop
  endfacet
  facet normal -9.647978e-01 -2.629927e-01 0.000000e+00
    outer loop
      vertex   1.926900e+00 6.037531e+01 4.520000e+01
      vertex   1.989139e+00 6.014698e+01 5.010000e+01
      vertex   1.926900e+00 6.037531e+01 5.010000e+01
    endloop
  endfacet
  facet normal -8.759782e-01 -4.823507e-01 0.000000e+00
    outer loop
      vertex   1.926900e+00 6.037531e+01 4.520000e+01
      vertex   1.926900e+00 6.037531e+01 5.010000e+01
      vertex   1.812748e+00 6.058262e+01 4.520000e+01
    endloop
  endfacet
  facet normal -8.759782e-01 -4.823507e-01 7.939030e-17
    outer loop
      vertex   1.812748e+00 6.058262e+01 4.520000e+01
      vertex   1.926900e+00 6.037531e+01 5.010000e+01
      vertex   1.812748e+00 6.058262e+01 5.010000e+01
    endloop
  endfacet
  facet normal -7.380979e-01 -6.746936e-01 6.689414e-17
    outer loop
      vertex   1.812748e+00 6.058262e+01 4.520000e+01
      vertex   1.812748e+00 6.058262e+01 5.010000e+01
      vertex   1.653077e+00 6.075729e+01 4.520000e+01
    endloop
  endfacet
  facet normal -7.380979e-01 -6.746936e-01 0.000000e+00
    outer loop
      vertex   1.653077e+00 6.075729e+01 4.520000e+01
      vertex   1.812748e+00 6.058262e+01 5.010000e+01
      vertex   1.653077e+00 6.075729e+01 5.010000e+01
    endloop
  endfacet
  facet normal -5.588790e-01 -8.292492e-01 0.000000e+00
    outer loop
      vertex   1.653077e+00 6.075729e+01 4.520000e+01
      vertex   1.653077e+00 6.075729e+01 5.010000e+01
      vertex   1.456829e+00 6.088956e+01 4.520000e+01
    endloop
  endfacet
  facet normal -5.588790e-01 -8.292492e-01 0.000000e+00
    outer loop
      vertex   1.456829e+00 6.088956e+01 4.520000e+01
      vertex   1.653077e+00 6.075729e+01 5.010000e+01
      vertex   1.456829e+00 6.088956e+01 5.010000e+01
    endloop
  endfacet
  facet normal -3.483592e-01 -9.373611e-01 0.000000e+00
    outer loop
      vertex   1.456829e+00 6.088956e+01 4.520000e+01
      vertex   1.456829e+00 6.088956e+01 5.010000e+01
      vertex   1.234995e+00 6.097200e+01 4.520000e+01
    endloop
  endfacet
  facet normal -3.483592e-01 -9.373611e-01 0.000000e+00
    outer loop
      vertex   1.234995e+00 6.097200e+01 4.520000e+01
      vertex   1.456829e+00 6.088956e+01 5.010000e+01
      vertex   1.234995e+00 6.097200e+01 5.010000e+01
    endloop
  endfacet
  facet normal -9.995822e-01 -2.890544e-02 0.000000e+00
    outer loop
      vertex   1.995980e+00 5.991042e+01 3.540000e+01
      vertex   1.995980e+00 5.991042e+01 4.030000e+01
      vertex   1.989139e+00 6.014698e+01 3.540000e+01
    endloop
  endfacet
  facet normal -9.995822e-01 -2.890544e-02 0.000000e+00
    outer loop
      vertex   1.989139e+00 6.014698e+01 3.540000e+01
      vertex   1.995980e+00 5.991042e+01 4.030000e+01
      vertex   1.989139e+00 6.014698e+01 4.030000e+01
    endloop
  endfacet
  facet normal -9.647978e-01 -2.629927e-01 0.000000e+00
    outer loop
      vertex   1.989139e+00 6.014698e+01 3.540000e+01
      vertex   1.989139e+00 6.014698e+01 4.030000e+01
      vertex   1.926900e+00 6.037531e+01 3.540000e+01
    endloop
  endfacet
  facet normal -9.995822e-01 -2.890544e-02 4.543913e-17
    outer loop
      vertex   1.995980e+00 5.991042e+01 3.540000e+01
      vertex   1.989139e+00 6.014698e+01 3.540000e+01
      vertex   1.989139e+00 6.014698e+01 3.050000e+01
    endloop
  endfacet
  facet normal -9.647978e-01 -2.629927e-01 4.372003e-17
    outer loop
      vertex   1.989139e+00 6.014698e+01 3.050000e+01
      vertex   1.989139e+00 6.014698e+01 3.540000e+01
      vertex   1.926900e+00 6.037531e+01 3.050000e+01
    endloop
  endfacet
  facet normal -9.647978e-01 -2.629927e-01 0.000000e+00
    outer loop
      vertex   1.989139e+00 6.014698e+01 3.050000e+01
      vertex   1.926900e+00 6.037531e+01 3.050000e+01
      vertex   1.926900e+00 6.037531e+01 2.560000e+01
    endloop
  endfacet
  facet normal -8.759782e-01 -4.823507e-01 0.000000e+00
    outer loop
      vertex   1.926900e+00 6.037531e+01 2.560000e+01
      vertex   1.926900e+00 6.037531e+01 3.050000e+01
      vertex   1.812748e+00 6.058262e+01 2.560000e+01
    endloop
  endfacet
  facet normal -8.759782e-01 -4.823507e-01 0.000000e+00
    outer loop
      vertex   1.926900e+00 6.037531e+01 2.560000e+01
      vertex   1.812748e+00 6.058262e+01 2.560000e+01
      vertex   1.812748e+00 6.058262e+01 2.070000e+01
    endloop
  endfacet
  facet normal -7.380979e-01 -6.746936e-01 0.000000e+00
    outer loop
      vertex   1.812748e+00 6.058262e+01 2.070000e+01
      vertex   1.812748e+00 6.058262e+01 2.560000e+01
      vertex   1.653077e+00 6.075729e+01 2.070000e+01
    endloop
  endfacet
  facet normal -7.380979e-01 -6.746936e-01 0.000000e+00
    outer loop
      vertex   1.812748e+00 6.058262e+01 2.070000e+01
      vertex   1.653077e+00 6.075729e+01 2.070000e+01
      vertex   1.653077e+00 6.075729e+01 1.580000e+01
    endloop
  endfacet
  facet normal -5.588790e-01 -8.292492e-01 0.000000e+00
    outer loop
      vertex   1.653077e+00 6.075729e+01 1.580000e+01
      vertex   1.653077e+00 6.075729e+01 2.070000e+01
      vertex   1.456829e+00 6.088956e+01 1.580000e+01
    endloop
  endfacet
  facet normal -5.588790e-01 -8.292492e-01 0.000000e+00
    outer loop
      vertex   1.653077e+00 6.075729e+01 1.580000e+01
      vertex   1.456829e+00 6.088956e+01 1.580000e+01
      vertex   1.456829e+00 6.088956e+01 1.090000e+01
    endloop
  endfacet
  facet normal -3.483592e-01 -9.373611e-01 0.000000e+00
    outer loop
      vertex   1.456829e+00 6.088956e+01 1.090000e+01
      vertex   1.456829e+00 6.088956e+01 1.580000e+01
      vertex   1.234995e+00 6.097200e+01 1.090000e+01
    endloop
  endfacet
  facet normal -9.647978e-01 -2.629927e-01 0.000000e+00
    outer loop
      vertex   1.926900e+00 6.037531e+01 3.050000e+01
      vertex   1.989139e+00 6.014698e+01 3.540000e+01
      vertex   1.926900e+00 6.037531e+01 3.540000e+01
    endloop
  endfacet
  facet normal -8.759782e-01 -4.823507e-01 0.000000e+00
    outer loop
      vertex   1.812748e+00 6.058262e+01 3.540000e+01
      vertex   1.926900e+00 6.037531e+01 4.030000e+01
      vertex   1.812748e+00 6.058262e+01 4.030000e+01
    endloop
  endfacet
  facet normal -8.759782e-01 -4.823507e-01 0.000000e+00
    outer loop
      vertex   1.812748e+00 6.058262e+01 2.560000e+01
      vertex   1.926900e+00 6.037531e+01 3.050000e+01
      vertex   1.812748e+00 6.058262e+01 3.050000e+01
    endloop
  endfacet
  facet normal -8.759782e-01 -4.823507e-01 0.000000e+00
    outer loop
      vertex   1.812748e+00 6.058262e+01 3.050000e+01
      vertex   1.926900e+00 6.037531e+01 3.050000e+01
      vertex   1.926900e+00 6.037531e+01 3.540000e+01
    endloop
  endfacet
  facet normal -7.380979e-01 -6.746936e-01 0.000000e+00
    outer loop
      vertex   1.812748e+00 6.058262e+01 3.540000e+01
      vertex   1.812748e+00 6.058262e+01 4.030000e+01
      vertex   1.653077e+00 6.075729e+01 3.540000e+01
    endloop
  endfacet
  facet normal -7.380979e-01 -6.746936e-01 0.000000e+00
    outer loop
      vertex   1.653077e+00 6.075729e+01 3.540000e+01
      vertex   1.812748e+00 6.058262e+01 4.030000e+01
      vertex   1.653077e+00 6.075729e+01 4.030000e+01
    endloop
  endfacet
  facet normal -5.588790e-01 -8.292492e-01 0.000000e+00
    outer loop
      vertex   1.653077e+00 6.075729e+01 3.540000e+01
      vertex   1.653077e+00 6.075729e+01 4.030000e+01
      vertex   1.456829e+00 6.088956e+01 3.540000e+01
    endloop
  endfacet
  facet normal -5.588790e-01 -8.292492e-01 0.000000e+00
    outer loop
      vertex   1.456829e+00 6.088956e+01 3.540000e+01
      vertex   1.653077e+00 6.075729e+01 4.030000e+01
      vertex   1.456829e+00 6.088956e+01 4.030000e+01
    endloop
  endfacet
  facet normal -3.483592e-01 -9.373611e-01 0.000000e+00
    outer loop
      vertex   1.456829e+00 6.088956e+01 3.540000e+01
      vertex   1.456829e+00 6.088956e+01 4.030000e+01
      vertex   1.234995e+00 6.097200e+01 3.540000e+01
    endloop
  endfacet
  facet normal -7.380979e-01 -6.746936e-01 0.000000e+00
    outer loop
      vertex   1.653077e+00 6.075729e+01 2.070000e+01
      vertex   1.812748e+00 6.058262e+01 2.560000e+01
      vertex   1.653077e+00 6.075729e+01 2.560000e+01
    endloop
  endfacet
  facet normal -7.380979e-01 -6.746936e-01 0.000000e+00
    outer loop
      vertex   1.653077e+00 6.075729e+01 2.560000e+01
      vertex   1.812748e+00 6.058262e+01 2.560000e+01
      vertex   1.812748e+00 6.058262e+01 3.050000e+01
    endloop
  endfacet
  facet normal -7.380979e-01 -6.746936e-01 0.000000e+00
    outer loop
      vertex   1.812748e+00 6.058262e+01 3.540000e+01
      vertex   1.653077e+00 6.075729e+01 3.540000e+01
      vertex   1.653077e+00 6.075729e+01 3.050000e+01
    endloop
  endfacet
  facet normal -5.588790e-01 -8.292492e-01 0.000000e+00
    outer loop
      vertex   1.653077e+00 6.075729e+01 3.050000e+01
      vertex   1.653077e+00 6.075729e+01 3.540000e+01
      vertex   1.456829e+00 6.088956e+01 3.050000e+01
    endloop
  endfacet
  facet normal -5.588790e-01 -8.292492e-01 0.000000e+00
    outer loop
      vertex   1.653077e+00 6.075729e+01 3.050000e+01
      vertex   1.456829e+00 6.088956e+01 3.050000e+01
      vertex   1.456829e+00 6.088956e+01 2.560000e+01
    endloop
  endfacet
  facet normal -3.483592e-01 -9.373611e-01 0.000000e+00
    outer loop
      vertex   1.456829e+00 6.088956e+01 2.560000e+01
      vertex   1.456829e+00 6.088956e+01 3.050000e+01
      vertex   1.234995e+00 6.097200e+01 2.560000e+01
    endloop
  endfacet
  facet normal -3.483592e-01 -9.373611e-01 0.000000e+00
    outer loop
      vertex   1.456829e+00 6.088956e+01 2.560000e+01
      vertex   1.234995e+00 6.097200e+01 2.560000e+01
      vertex   1.234995e+00 6.097200e+01 2.070000e+01
    endloop
  endfacet
  facet normal -1.183288e-01 -9.929745e-01 0.000000e+00
    outer loop
      vertex   1.234995e+00 6.097200e+01 2.070000e+01
      vertex   1.234995e+00 6.097200e+01 2.560000e+01
      vertex   1.000000e+00 6.100000e+01 6.000000e+00
    endloop
  endfacet
  facet normal -5.588790e-01 -8.292492e-01 0.000000e+00
    outer loop
      vertex   1.456829e+00 6.088956e+01 3.050000e+01
      vertex   1.653077e+00 6.075729e+01 3.540000e+01
      vertex   1.456829e+00 6.088956e+01 3.540000e+01
    endloop
  endfacet
  facet normal -5.588790e-01 -8.292492e-01 0.000000e+00
    outer loop
      vertex   1.456829e+00 6.088956e+01 1.580000e+01
      vertex   1.653077e+00 6.075729e+01 2.070000e+01
      vertex   1.456829e+00 6.088956e+01 2.070000e+01
    endloop
  endfacet
  facet normal -5.588790e-01 -8.292492e-01 0.000000e+00
    outer loop
      vertex   1.456829e+00 6.088956e+01 2.070000e+01
      vertex   1.653077e+00 6.075729e+01 2.070000e+01
      vertex   1.653077e+00 6.075729e+01 2.560000e+01
    endloop
  endfacet
  facet normal -3.483592e-01 -9.373611e-01 1.578597e-17
    outer loop
      vertex   1.234995e+00 6.097200e+01 3.540000e+01
      vertex   1.234995e+00 6.097200e+01 3.050000e+01
      vertex   1.456829e+00 6.088956e+01 3.540000e+01
    endloop
  endfacet
  facet normal -3.483592e-01 -9.373611e-01 -0.000000e+00
    outer loop
      vertex   1.456829e+00 6.088956e+01 3.540000e+01
      vertex   1.234995e+00 6.097200e+01 3.050000e+01
      vertex   1.456829e+00 6.088956e+01 3.050000e+01
    endloop
  endfacet
  facet normal -3.483592e-01 -9.373611e-01 1.578597e-17
    outer loop
      vertex   1.234995e+00 6.097200e+01 1.090000e+01
      vertex   1.456829e+00 6.088956e+01 1.580000e+01
      vertex   1.234995e+00 6.097200e+01 1.580000e+01
    endloop
  endfacet
  facet normal -3.483592e-01 -9.373611e-01 0.000000e+00
    outer loop
      vertex   1.234995e+00 6.097200e+01 1.580000e+01
      vertex   1.456829e+00 6.088956e+01 1.580000e+01
      vertex   1.456829e+00 6.088956e+01 2.070000e+01
    endloop
  endfacet
  facet normal -1.183288e-01 -9.929745e-01 0.000000e+00
    outer loop
      vertex   1.000000e+00 6.100000e+01 6.000000e+00
      vertex   1.234995e+00 6.097200e+01 2.560000e+01
      vertex   1.234995e+00 6.097200e+01 3.050000e+01
    endloop
  endfacet
  facet normal -3.483592e-01 -9.373611e-01 -0.000000e+00
    outer loop
      vertex   1.234995e+00 6.097200e+01 3.050000e+01
      vertex   1.234995e+00 6.097200e+01 2.560000e+01
      vertex   1.456829e+00 6.088956e+01 3.050000e+01
    endloop
  endfacet
  facet normal 7.195608e-13 -1.538464e-12 1.000000e+00
    outer loop
      vertex   4.000000e+00 6.063619e+01 6.000000e+00
      vertex   1.947039e+00 5.967888e+01 6.000000e+00
      vertex   4.000000e+00 6.038506e+01 6.000000e+00
    endloop
  endfacet
  facet normal 1.722140e-13 5.274853e-14 1.000000e+00
    outer loop
      vertex   4.000000e+00 6.038506e+01 6.000000e+00
      vertex   1.947039e+00 5.967888e+01 6.000000e+00
      vertex   5.000000e+00 5.038506e+01 6.000000e+00
    endloop
  endfacet
  facet normal -3.636081e-13 -8.336780e-16 1.000000e+00
    outer loop
      vertex   4.000000e+00 6.038506e+01 6.000000e+00
      vertex   5.000000e+00 5.038506e+01 6.000000e+00
      vertex   5.000000e+00 6.103880e+01 6.000000e+00
    endloop
  endfacet
  facet normal 1.482611e-12 1.355251e-12 1.000000e+00
    outer loop
      vertex   1.995980e+00 5.991042e+01 6.000000e+00
      vertex   1.000000e+00 6.100000e+01 6.000000e+00
      vertex   1.947039e+00 5.967888e+01 6.000000e+00
    endloop
  endfacet
  facet normal 0.000000e+00 2.924473e-13 1.000000e+00
    outer loop
      vertex   1.947039e+00 5.967888e+01 6.000000e+00
      vertex   1.000000e+00 6.100000e+01 6.000000e+00
      vertex   -3.100000e+01 6.100000e+01 6.000000e+00
    endloop
  endfacet
  facet normal -4.085535e-16 2.822585e-13 1.000000e+00
    outer loop
      vertex   1.947039e+00 5.967888e+01 6.000000e+00
      vertex   -3.100000e+01 6.100000e+01 6.000000e+00
      vertex   -3.192289e+01 6.038506e+01 6.000000e+00
    endloop
  endfacet
  facet normal -6.033110e-13 1.187085e-12 1.000000e+00
    outer loop
      vertex   -3.192289e+01 6.038506e+01 6.000000e+00
      vertex   -3.100000e+01 6.100000e+01 6.000000e+00
      vertex   -3.180781e+01 6.058945e+01 6.000000e+00
    endloop
  endfacet
  facet normal 0.000000e+00 0.000000e+00 1.000000e+00
    outer loop
      vertex   -3.180781e+01 6.058945e+01 6.000000e+00
      vertex   -3.100000e+01 6.100000e+01 6.000000e+00
      vertex   -3.164827e+01 6.076141e+01 6.000000e+00
    endloop
  endfacet
  facet normal 0.000000e+00 0.000000e+00 1.000000e+00
    outer loop
      vertex   -3.164827e+01 6.076141e+01 6.000000e+00
      vertex   -3.100000e+01 6.100000e+01 6.000000e+00
      vertex   -3.145307e+01 6.089147e+01 6.000000e+00
    endloop
  endfacet
  facet normal 0.000000e+00 0.000000e+00 1.000000e+00
    outer loop
      vertex   -3.145307e+01 6.089147e+01 6.000000e+00
      vertex   -3.100000e+01 6.100000e+01 6.000000e+00
      vertex   -3.123294e+01 6.097249e+01 6.000000e+00
    endloop
  endfacet
  facet normal 0.000000e+00 0.000000e+00 1.000000e+00
    outer loop
      vertex   1.995980e+00 5.991042e+01 6.000000e+00
      vertex   1.989139e+00 6.014698e+01 6.000000e+00
      vertex   1.000000e+00 6.100000e+01 6.000000e+00
    endloop
  endfacet
  facet normal 0.000000e+00 0.000000e+00 1.000000e+00
    outer loop
      vertex   1.000000e+00 6.100000e+01 6.000000e+00
      vertex   1.989139e+00 6.014698e+01 6.000000e+00
      vertex   1.926900e+00 6.037531e+01 6.000000e+00
    endloop
  endfacet
  facet normal 0.000000e+00 0.000000e+00 1.000000e+00
    outer loop
      vertex   1.000000e+00 6.100000e+01 6.000000e+00
      vertex   1.926900e+00 6.037531e+01 6.000000e+00
      vertex   1.812748e+00 6.058262e+01 6.000000e+00
    endloop
  endfacet
  facet normal 0.000000e+00 0.000000e+00 1.000000e+00
    outer loop
      vertex   1.812748e+00 6.058262e+01 6.000000e+00
      vertex   1.653077e+00 6.075729e+01 6.000000e+00
      vertex   1.000000e+00 6.100000e+01 6.000000e+00
    endloop
  endfacet
  facet normal 0.000000e+00 0.000000e+00 1.000000e+00
    outer loop
      vertex   1.000000e+00 6.100000e+01 6.000000e+00
      vertex   1.653077e+00 6.075729e+01 6.000000e+00
      vertex   1.456829e+00 6.088956e+01 6.000000e+00
    endloop
  endfacet
  facet normal 0.000000e+00 0.000000e+00 1.000000e+00
    outer loop
      vertex   1.000000e+00 6.100000e+01 6.000000e+00
      vertex   1.456829e+00 6.088956e+01 6.000000e+00
      vertex   1.234995e+00 6.097200e+01 6.000000e+00
    endloop
  endfacet
  facet normal -6.292560e-15 4.852114e-17 1.000000e+00
    outer loop
      vertex   1.947039e+00 5.967888e+01 6.000000e+00
      vertex   -3.192289e+01 6.038506e+01 6.000000e+00
      vertex   -3.200000e+01 5.038506e+01 6.000000e+00
    endloop
  endfacet
  facet normal 0.000000e+00 -0.000000e+00 1.000000e+00
    outer loop
      vertex   -3.200000e+01 5.038506e+01 6.000000e+00
      vertex   -3.192289e+01 6.038506e+01 6.000000e+00
      vertex   -3.500000e+01 6.038506e+01 6.000000e+00
    endloop
  endfacet
  facet normal 0.000000e+00 0.000000e+00 1.000000e+00
    outer loop
      vertex   -3.200000e+01 5.038506e+01 6.000000e+00
      vertex   -3.500000e+01 6.038506e+01 6.000000e+00
      vertex   -3.500000e+01 5.038506e+01 6.000000e+00
    endloop
  endfacet
  facet normal -4.497858e-13 -4.497858e-13 1.000000e+00
    outer loop
      vertex   -3.200000e+01 5.000000e+01 6.000000e+00
      vertex   -3.100000e+01 4.900000e+01 6.000000e+00
      vertex   -3.200000e+01 5.038506e+01 6.000000e+00
    endloop
  endfacet
  facet normal 0.000000e+00 -1.250449e-13 1.000000e+00
    outer loop
      vertex   -3.200000e+01 5.038506e+01 6.000000e+00
      vertex   -3.100000e+01 4.900000e+01 6.000000e+00
      vertex   1.000000e+00 4.900000e+01 6.000000e+00
    endloop
  endfacet
  facet normal -5.224579e-15 -2.495240e-13 1.000000e+00
    outer loop
      vertex   -3.200000e+01 5.038506e+01 6.000000e+00
      vertex   1.000000e+00 4.900000e+01 6.000000e+00
      vertex   2.000000e+00 5.038506e+01 6.000000e+00
    endloop
  endfacet
  facet normal 9.111045e-13 -9.111045e-13 1.000000e+00
    outer loop
      vertex   2.000000e+00 5.038506e+01 6.000000e+00
      vertex   1.000000e+00 4.900000e+01 6.000000e+00
      vertex   2.000000e+00 5.000000e+01 6.000000e+00
    endloop
  endfacet
  facet normal 0.000000e+00 0.000000e+00 1.000000e+00
    outer loop
      vertex   2.000000e+00 5.000000e+01 6.000000e+00
      vertex   1.000000e+00 4.900000e+01 6.000000e+00
      vertex   1.965926e+00 4.974118e+01 6.000000e+00
    endloop
  endfacet
  facet normal 0.000000e+00 0.000000e+00 1.000000e+00
    outer loop
      vertex   1.965926e+00 4.974118e+01 6.000000e+00
      vertex   1.000000e+00 4.900000e+01 6.000000e+00
      vertex   1.866025e+00 4.950000e+01 6.000000e+00
    endloop
  endfacet
  facet normal 0.000000e+00 0.000000e+00 1.000000e+00
    outer loop
      vertex   1.866025e+00 4.950000e+01 6.000000e+00
      vertex   1.000000e+00 4.900000e+01 6.000000e+00
      vertex   1.707107e+00 4.929289e+01 6.000000e+00
    endloop
  endfacet
  facet normal 0.000000e+00 0.000000e+00 1.000000e+00
    outer loop
      vertex   1.707107e+00 4.929289e+01 6.000000e+00
      vertex   1.000000e+00 4.900000e+01 6.000000e+00
      vertex   1.500000e+00 4.913398e+01 6.000000e+00
    endloop
  endfacet
  facet normal 0.000000e+00 0.000000e+00 1.000000e+00
    outer loop
      vertex   1.500000e+00 4.913398e+01 6.000000e+00
      vertex   1.000000e+00 4.900000e+01 6.000000e+00
      vertex   1.258819e+00 4.903407e+01 6.000000e+00
    endloop
  endfacet
  facet normal 0.000000e+00 0.000000e+00 1.000000e+00
    outer loop
      vertex   -3.200000e+01 5.000000e+01 6.000000e+00
      vertex   -3.196593e+01 4.974118e+01 6.000000e+00
      vertex   -3.100000e+01 4.900000e+01 6.000000e+00
    endloop
  endfacet
  facet normal 0.000000e+00 0.000000e+00 1.000000e+00
    outer loop
      vertex   -3.100000e+01 4.900000e+01 6.000000e+00
      vertex   -3.196593e+01 4.974118e+01 6.000000e+00
      vertex   -3.186603e+01 4.950000e+01 6.000000e+00
    endloop
  endfacet
  facet normal 0.000000e+00 0.000000e+00 1.000000e+00
    outer loop
      vertex   -3.100000e+01 4.900000e+01 6.000000e+00
      vertex   -3.186603e+01 4.950000e+01 6.000000e+00
      vertex   -3.170711e+01 4.929289e+01 6.000000e+00
    endloop
  endfacet
  facet normal 0.000000e+00 0.000000e+00 1.000000e+00
    outer loop
      vertex   -3.170711e+01 4.929289e+01 6.000000e+00
      vertex   -3.150000e+01 4.913398e+01 6.000000e+00
      vertex   -3.100000e+01 4.900000e+01 6.000000e+00
    endloop
  endfacet
  facet normal 0.000000e+00 0.000000e+00 1.000000e+00
    outer loop
      vertex   -3.100000e+01 4.900000e+01 6.000000e+00
      vertex   -3.150000e+01 4.913398e+01 6.000000e+00
      vertex   -3.125882e+01 4.903407e+01 6.000000e+00
    endloop
  endfacet
  facet normal -5.224579e-15 -3.852435e-15 1.000000e+00
    outer loop
      vertex   -3.200000e+01 5.038506e+01 6.000000e+00
      vertex   2.000000e+00 5.038506e+01 6.000000e+00
      vertex   1.947039e+00 5.967888e+01 6.000000e+00
    endloop
  endfacet
  facet normal 0.000000e+00 -3.822662e-15 1.000000e+00
    outer loop
      vertex   1.947039e+00 5.967888e+01 6.000000e+00
      vertex   2.000000e+00 5.038506e+01 6.000000e+00
      vertex   5.000000e+00 5.038506e+01 6.000000e+00
    endloop
  endfacet
  facet normal -0.000000e+00 -1.000000e+00 0.000000e+00
    outer loop
      vertex   1.000000e+00 6.100000e+01 5.500000e+01
      vertex   -3.100000e+01 6.100000e+01 5.500000e+01
      vertex   1.000000e+00 6.100000e+01 6.000000e+00
    endloop
  endfacet
  facet normal 0.000000e+00 -1.000000e+00 0.000000e+00
    outer loop
      vertex   1.000000e+00 6.100000e+01 6.000000e+00
      vertex   -3.100000e+01 6.100000e+01 5.500000e+01
      vertex   -3.100000e+01 6.100000e+01 6.000000e+00
    endloop
  endfacet
  facet normal 0.000000e+00 0.000000e+00 -1.000000e+00
    outer loop
      vertex   -3.500000e+01 5.338506e+01 5.316537e+01
      vertex   -3.500000e+01 5.738506e+01 5.316537e+01
      vertex   -3.200000e+01 5.338506e+01 5.316537e+01
    endloop
  endfacet
  facet normal 0.000000e+00 0.000000e+00 -1.000000e+00
    outer loop
      vertex   -3.200000e+01 5.338506e+01 5.316537e+01
      vertex   -3.500000e+01 5.738506e+01 5.316537e+01
      vertex   -3.200000e+01 5.738506e+01 5.316537e+01
    endloop
  endfacet
  facet normal -0.000000e+00 -8.809827e-02 -9.961118e-01
    outer loop
      vertex   -3.200000e+01 5.738506e+01 5.316537e+01
      vertex   -3.500000e+01 5.738506e+01 5.316537e+01
      vertex   -3.200000e+01 5.791160e+01 5.311881e+01
    endloop
  endfacet
  facet normal 1.755264e-03 -9.801699e-02 -9.951832e-01
    outer loop
      vertex   -3.200000e+01 5.791160e+01 5.311881e+01
      vertex   -3.500000e+01 5.738506e+01 5.316537e+01
      vertex   -3.500000e+01 5.797033e+01 5.310773e+01
    endloop
  endfacet
  facet normal -1.557467e-03 -2.615595e-01 -9.651861e-01
    outer loop
      vertex   -3.200000e+01 5.791160e+01 5.311881e+01
      vertex   -3.500000e+01 5.797033e+01 5.310773e+01
      vertex   -3.200000e+01 5.842178e+01 5.298055e+01
    endloop
  endfacet
  facet normal 3.114768e-03 -2.902833e-01 -9.569357e-01
    outer loop
      vertex   -3.200000e+01 5.842178e+01 5.298055e+01
      vertex   -3.500000e+01 5.797033e+01 5.310773e+01
      vertex   -3.500000e+01 5.853311e+01 5.293701e+01
    endloop
  endfacet
  facet normal -2.718889e-03 -4.268995e-01 -9.042950e-01
    outer loop
      vertex   -3.200000e+01 5.842178e+01 5.298055e+01
      vertex   -3.500000e+01 5.853311e+01 5.293701e+01
      vertex   -3.200000e+01 5.889979e+01 5.275489e+01
    endloop
  endfacet
  facet normal 4.077977e-03 -4.713928e-01 -8.819139e-01
    outer loop
      vertex   -3.200000e+01 5.889979e+01 5.275489e+01
      vertex   -3.500000e+01 5.853311e+01 5.293701e+01
      vertex   -3.500000e+01 5.905177e+01 5.265978e+01
    endloop
  endfacet
  facet normal -3.483808e-03 -5.789857e-01 -8.153303e-01
    outer loop
      vertex   -3.200000e+01 5.889979e+01 5.275489e+01
      vertex   -3.500000e+01 5.905177e+01 5.265978e+01
      vertex   -3.200000e+01 5.933076e+01 5.244885e+01
    endloop
  endfacet
  facet normal 4.644518e-03 -6.343864e-01 -7.730021e-01
    outer loop
      vertex   -3.200000e+01 5.933076e+01 5.244885e+01
      vertex   -3.500000e+01 5.905177e+01 5.265978e+01
      vertex   -3.500000e+01 5.950638e+01 5.228669e+01
    endloop
  endfacet
  facet normal -3.851927e-03 -7.130971e-01 -7.010547e-01
    outer loop
      vertex   -3.200000e+01 5.933076e+01 5.244885e+01
      vertex   -3.500000e+01 5.950638e+01 5.228669e+01
      vertex   -3.200000e+01 5.970134e+01 5.207191e+01
    endloop
  endfacet
  facet normal 4.814172e-03 -7.730015e-01 -6.343859e-01
    outer loop
      vertex   -3.200000e+01 5.970134e+01 5.207191e+01
      vertex   -3.500000e+01 5.950638e+01 5.228669e+01
      vertex   -3.500000e+01 5.987947e+01 5.183208e+01
    endloop
  endfacet
  facet normal -3.823104e-03 -8.250712e-01 -5.650158e-01
    outer loop
      vertex   -3.200000e+01 5.970134e+01 5.207191e+01
      vertex   -3.500000e+01 5.987947e+01 5.183208e+01
      vertex   -3.200000e+01 6.000000e+01 5.163578e+01
    endloop
  endfacet
  facet normal 4.586875e-03 -8.819120e-01 -4.713918e-01
    outer loop
      vertex   -3.200000e+01 6.000000e+01 5.163578e+01
      vertex   -3.500000e+01 5.987947e+01 5.183208e+01
      vertex   -3.500000e+01 6.015670e+01 5.131342e+01
    endloop
  endfacet
  facet normal -5.319865e-04 -9.013068e-01 -4.331810e-01
    outer loop
      vertex   -3.200000e+01 6.000000e+01 5.163578e+01
      vertex   -3.500000e+01 6.015670e+01 5.131342e+01
      vertex   -3.198608e+01 6.016619e+01 5.128998e+01
    endloop
  endfacet
  facet normal 5.483993e-04 -9.494976e-01 -3.137739e-01
    outer loop
      vertex   -3.198608e+01 6.016619e+01 5.128998e+01
      vertex   -3.500000e+01 6.015670e+01 5.131342e+01
      vertex   -3.195764e+01 6.028850e+01 5.091990e+01
    endloop
  endfacet
  facet normal 3.909077e-03 -9.569330e-01 -2.902825e-01
    outer loop
      vertex   -3.195764e+01 6.028850e+01 5.091990e+01
      vertex   -3.500000e+01 6.015670e+01 5.131342e+01
      vertex   -3.500000e+01 6.032742e+01 5.075065e+01
    endloop
  endfacet
  facet normal -2.115017e-03 -9.822029e-01 -1.878108e-01
    outer loop
      vertex   -3.195764e+01 6.028850e+01 5.091990e+01
      vertex   -3.500000e+01 6.032742e+01 5.075065e+01
      vertex   -3.193310e+01 6.036118e+01 5.053952e+01
    endloop
  endfacet
  facet normal 4.209265e-03 -9.951759e-01 -9.801627e-02
    outer loop
      vertex   -3.193310e+01 6.036118e+01 5.053952e+01
      vertex   -3.500000e+01 6.032742e+01 5.075065e+01
      vertex   -3.500000e+01 6.038506e+01 5.016537e+01
    endloop
  endfacet
  facet normal 0.000000e+00 -9.979697e-01 -6.369084e-02
    outer loop
      vertex   -3.193310e+01 6.036118e+01 5.053952e+01
      vertex   -3.500000e+01 6.038506e+01 5.016537e+01
      vertex   -3.192289e+01 6.038506e+01 5.016537e+01
    endloop
  endfacet
  facet normal 0.000000e+00 9.951847e-01 -9.801714e-02
    outer loop
      vertex   -3.200000e+01 5.038506e+01 5.016537e+01
      vertex   -3.500000e+01 5.038506e+01 5.016537e+01
      vertex   -3.200000e+01 5.044271e+01 5.075065e+01
    endloop
  endfacet
  facet normal 0.000000e+00 9.951847e-01 -9.801714e-02
    outer loop
      vertex   -3.200000e+01 5.044271e+01 5.075065e+01
      vertex   -3.500000e+01 5.038506e+01 5.016537e+01
      vertex   -3.500000e+01 5.044271e+01 5.075065e+01
    endloop
  endfacet
  facet normal 0.000000e+00 9.569403e-01 -2.902847e-01
    outer loop
      vertex   -3.200000e+01 5.044271e+01 5.075065e+01
      vertex   -3.500000e+01 5.044271e+01 5.075065e+01
      vertex   -3.200000e+01 5.061342e+01 5.131342e+01
    endloop
  endfacet
  facet normal 0.000000e+00 9.569403e-01 -2.902847e-01
    outer loop
      vertex   -3.200000e+01 5.061342e+01 5.131342e+01
      vertex   -3.500000e+01 5.044271e+01 5.075065e+01
      vertex   -3.500000e+01 5.061342e+01 5.131342e+01
    endloop
  endfacet
  facet normal 0.000000e+00 8.819213e-01 -4.713967e-01
    outer loop
      vertex   -3.200000e+01 5.061342e+01 5.131342e+01
      vertex   -3.500000e+01 5.061342e+01 5.131342e+01
      vertex   -3.200000e+01 5.089065e+01 5.183208e+01
    endloop
  endfacet
  facet normal 0.000000e+00 8.819213e-01 -4.713967e-01
    outer loop
      vertex   -3.200000e+01 5.089065e+01 5.183208e+01
      vertex   -3.500000e+01 5.061342e+01 5.131342e+01
      vertex   -3.500000e+01 5.089065e+01 5.183208e+01
    endloop
  endfacet
  facet normal 0.000000e+00 7.730105e-01 -6.343933e-01
    outer loop
      vertex   -3.200000e+01 5.089065e+01 5.183208e+01
      vertex   -3.500000e+01 5.089065e+01 5.183208e+01
      vertex   -3.200000e+01 5.126374e+01 5.228669e+01
    endloop
  endfacet
  facet normal 0.000000e+00 7.730105e-01 -6.343933e-01
    outer loop
      vertex   -3.200000e+01 5.126374e+01 5.228669e+01
      vertex   -3.500000e+01 5.089065e+01 5.183208e+01
      vertex   -3.500000e+01 5.126374e+01 5.228669e+01
    endloop
  endfacet
  facet normal 0.000000e+00 6.343933e-01 -7.730105e-01
    outer loop
      vertex   -3.200000e+01 5.126374e+01 5.228669e+01
      vertex   -3.500000e+01 5.126374e+01 5.228669e+01
      vertex   -3.200000e+01 5.171835e+01 5.265978e+01
    endloop
  endfacet
  facet normal 0.000000e+00 6.343933e-01 -7.730105e-01
    outer loop
      vertex   -3.200000e+01 5.171835e+01 5.265978e+01
      vertex   -3.500000e+01 5.126374e+01 5.228669e+01
      vertex   -3.500000e+01 5.171835e+01 5.265978e+01
    endloop
  endfacet
  facet normal 0.000000e+00 4.713967e-01 -8.819213e-01
    outer loop
      vertex   -3.200000e+01 5.171835e+01 5.265978e+01
      vertex   -3.500000e+01 5.171835e+01 5.265978e+01
      vertex   -3.200000e+01 5.223701e+01 5.293701e+01
    endloop
  endfacet
  facet normal 0.000000e+00 4.713967e-01 -8.819213e-01
    outer loop
      vertex   -3.200000e+01 5.223701e+01 5.293701e+01
      vertex   -3.500000e+01 5.171835e+01 5.265978e+01
      vertex   -3.500000e+01 5.223701e+01 5.293701e+01
    endloop
  endfacet
  facet normal 0.000000e+00 2.902847e-01 -9.569403e-01
    outer loop
      vertex   -3.200000e+01 5.223701e+01 5.293701e+01
      vertex   -3.500000e+01 5.223701e+01 5.293701e+01
      vertex   -3.200000e+01 5.279979e+01 5.310773e+01
    endloop
  endfacet
  facet normal 0.000000e+00 2.902847e-01 -9.569403e-01
    outer loop
      vertex   -3.200000e+01 5.279979e+01 5.310773e+01
      vertex   -3.500000e+01 5.223701e+01 5.293701e+01
      vertex   -3.500000e+01 5.279979e+01 5.310773e+01
    endloop
  endfacet
  facet normal 0.000000e+00 9.801714e-02 -9.951847e-01
    outer loop
      vertex   -3.200000e+01 5.279979e+01 5.310773e+01
      vertex   -3.500000e+01 5.279979e+01 5.310773e+01
      vertex   -3.200000e+01 5.338506e+01 5.316537e+01
    endloop
  endfacet
  facet normal 0.000000e+00 9.801714e-02 -9.951847e-01
    outer loop
      vertex   -3.200000e+01 5.338506e+01 5.316537e+01
      vertex   -3.500000e+01 5.279979e+01 5.310773e+01
      vertex   -3.500000e+01 5.338506e+01 5.316537e+01
    endloop
  endfacet
  facet normal 0.000000e+00 1.000000e+00 -4.826469e-15
    outer loop
      vertex   -3.500000e+01 5.038506e+01 6.000000e+00
      vertex   -3.500000e+01 5.038506e+01 5.016537e+01
      vertex   -3.200000e+01 5.038506e+01 6.000000e+00
    endloop
  endfacet
  facet normal 0.000000e+00 1.000000e+00 -4.826469e-15
    outer loop
      vertex   -3.200000e+01 5.038506e+01 6.000000e+00
      vertex   -3.500000e+01 5.038506e+01 5.016537e+01
      vertex   -3.200000e+01 5.038506e+01 5.016537e+01
    endloop
  endfacet
  facet normal 0.000000e+00 -1.000000e+00 4.182940e-15
    outer loop
      vertex   -3.500000e+01 6.038506e+01 5.016537e+01
      vertex   -3.500000e+01 6.038506e+01 6.000000e+00
      vertex   -3.192289e+01 6.038506e+01 5.016537e+01
    endloop
  endfacet
  facet normal 0.000000e+00 -1.000000e+00 4.182940e-15
    outer loop
      vertex   -3.192289e+01 6.038506e+01 5.016537e+01
      vertex   -3.500000e+01 6.038506e+01 6.000000e+00
      vertex   -3.192289e+01 6.038506e+01 6.000000e+00
    endloop
  endfacet
  facet normal 1.305262e-01 -9.914449e-01 0.000000e+00
    outer loop
      vertex   -3.125882e+01 6.096593e+01 5.500000e+01
      vertex   -3.125882e+01 6.096593e+01 4.955556e+01
      vertex   -3.100000e+01 6.100000e+01 5.500000e+01
    endloop
  endfacet
  facet normal 1.305262e-01 -9.914449e-01 0.000000e+00
    outer loop
      vertex   -3.100000e+01 6.100000e+01 5.500000e+01
      vertex   -3.125882e+01 6.096593e+01 4.955556e+01
      vertex   -3.125882e+01 6.096593e+01 4.411111e+01
    endloop
  endfacet
  facet normal 1.305262e-01 -9.914449e-01 0.000000e+00
    outer loop
      vertex   -3.100000e+01 6.100000e+01 5.500000e+01
      vertex   -3.125882e+01 6.096593e+01 4.411111e+01
      vertex   -3.125882e+01 6.096593e+01 3.866667e+01
    endloop
  endfacet
  facet normal 3.826834e-01 -9.238795e-01 0.000000e+00
    outer loop
      vertex   -3.125882e+01 6.096593e+01 3.866667e+01
      vertex   -3.125882e+01 6.096593e+01 4.411111e+01
      vertex   -3.150000e+01 6.086603e+01 3.866667e+01
    endloop
  endfacet
  facet normal 3.826834e-01 -9.238795e-01 0.000000e+00
    outer loop
      vertex   -3.125882e+01 6.096593e+01 3.866667e+01
      vertex   -3.150000e+01 6.086603e+01 3.866667e+01
      vertex   -3.150000e+01 6.086603e+01 3.322222e+01
    endloop
  endfacet
  facet normal 6.087614e-01 -7.933533e-01 0.000000e+00
    outer loop
      vertex   -3.150000e+01 6.086603e+01 3.322222e+01
      vertex   -3.150000e+01 6.086603e+01 3.866667e+01
      vertex   -3.170711e+01 6.070711e+01 3.322222e+01
    endloop
  endfacet
  facet normal 6.087614e-01 -7.933533e-01 0.000000e+00
    outer loop
      vertex   -3.150000e+01 6.086603e+01 3.322222e+01
      vertex   -3.170711e+01 6.070711e+01 3.322222e+01
      vertex   -3.170711e+01 6.070711e+01 2.777778e+01
    endloop
  endfacet
  facet normal 7.933533e-01 -6.087614e-01 0.000000e+00
    outer loop
      vertex   -3.170711e+01 6.070711e+01 2.777778e+01
      vertex   -3.170711e+01 6.070711e+01 3.322222e+01
      vertex   -3.186603e+01 6.050000e+01 2.777778e+01
    endloop
  endfacet
  facet normal 7.933533e-01 -6.087614e-01 0.000000e+00
    outer loop
      vertex   -3.170711e+01 6.070711e+01 2.777778e+01
      vertex   -3.186603e+01 6.050000e+01 2.777778e+01
      vertex   -3.186603e+01 6.050000e+01 2.233333e+01
    endloop
  endfacet
  facet normal 8.963027e-01 -4.434428e-01 0.000000e+00
    outer loop
      vertex   -3.186603e+01 6.050000e+01 2.233333e+01
      vertex   -3.186603e+01 6.050000e+01 2.777778e+01
      vertex   -3.192289e+01 6.038506e+01 6.000000e+00
    endloop
  endfacet
  facet normal 8.963027e-01 -4.434428e-01 0.000000e+00
    outer loop
      vertex   -3.186603e+01 6.050000e+01 2.233333e+01
      vertex   -3.192289e+01 6.038506e+01 6.000000e+00
      vertex   -3.186603e+01 6.050000e+01 1.688889e+01
    endloop
  endfacet
  facet normal 8.963027e-01 -4.434428e-01 0.000000e+00
    outer loop
      vertex   -3.186603e+01 6.050000e+01 1.688889e+01
      vertex   -3.192289e+01 6.038506e+01 6.000000e+00
      vertex   -3.186603e+01 6.050000e+01 1.144444e+01
    endloop
  endfacet
  facet normal 7.933533e-01 -6.087614e-01 0.000000e+00
    outer loop
      vertex   -3.186603e+01 6.050000e+01 1.688889e+01
      vertex   -3.186603e+01 6.050000e+01 1.144444e+01
      vertex   -3.170711e+01 6.070711e+01 1.688889e+01
    endloop
  endfacet
  facet normal 7.933533e-01 -6.087614e-01 0.000000e+00
    outer loop
      vertex   -3.170711e+01 6.070711e+01 1.688889e+01
      vertex   -3.186603e+01 6.050000e+01 1.144444e+01
      vertex   -3.170711e+01 6.070711e+01 1.144444e+01
    endloop
  endfacet
  facet normal 6.087614e-01 -7.933533e-01 0.000000e+00
    outer loop
      vertex   -3.170711e+01 6.070711e+01 1.688889e+01
      vertex   -3.170711e+01 6.070711e+01 1.144444e+01
      vertex   -3.150000e+01 6.086603e+01 1.688889e+01
    endloop
  endfacet
  facet normal 6.087614e-01 -7.933533e-01 0.000000e+00
    outer loop
      vertex   -3.150000e+01 6.086603e+01 1.688889e+01
      vertex   -3.170711e+01 6.070711e+01 1.144444e+01
      vertex   -3.150000e+01 6.086603e+01 1.144444e+01
    endloop
  endfacet
  facet normal 3.826834e-01 -9.238795e-01 0.000000e+00
    outer loop
      vertex   -3.150000e+01 6.086603e+01 1.688889e+01
      vertex   -3.150000e+01 6.086603e+01 1.144444e+01
      vertex   -3.125882e+01 6.096593e+01 1.688889e+01
    endloop
  endfacet
  facet normal 3.826834e-01 -9.238795e-01 0.000000e+00
    outer loop
      vertex   -3.125882e+01 6.096593e+01 1.688889e+01
      vertex   -3.150000e+01 6.086603e+01 1.144444e+01
      vertex   -3.125882e+01 6.096593e+01 1.144444e+01
    endloop
  endfacet
  facet normal 2.459038e-01 -9.692942e-01 0.000000e+00
    outer loop
      vertex   -3.125882e+01 6.096593e+01 1.688889e+01
      vertex   -3.125882e+01 6.096593e+01 1.144444e+01
      vertex   -3.123294e+01 6.097249e+01 6.000000e+00
    endloop
  endfacet
  facet normal 3.453923e-01 -9.384583e-01 5.099909e-04
    outer loop
      vertex   -3.123294e+01 6.097249e+01 6.000000e+00
      vertex   -3.125882e+01 6.096593e+01 1.144444e+01
      vertex   -3.145307e+01 6.089147e+01 6.000000e+00
    endloop
  endfacet
  facet normal 3.826832e-01 -9.238791e-01 -1.019891e-03
    outer loop
      vertex   -3.145307e+01 6.089147e+01 6.000000e+00
      vertex   -3.125882e+01 6.096593e+01 1.144444e+01
      vertex   -3.150000e+01 6.086603e+01 1.144444e+01
    endloop
  endfacet
  facet normal 5.544992e-01 -8.321837e-01 8.896409e-04
    outer loop
      vertex   -3.145307e+01 6.089147e+01 6.000000e+00
      vertex   -3.150000e+01 6.086603e+01 1.144444e+01
      vertex   -3.164827e+01 6.076141e+01 6.000000e+00
    endloop
  endfacet
  facet normal 6.087609e-01 -7.933526e-01 -1.334263e-03
    outer loop
      vertex   -3.164827e+01 6.076141e+01 6.000000e+00
      vertex   -3.150000e+01 6.086603e+01 1.144444e+01
      vertex   -3.170711e+01 6.070711e+01 1.144444e+01
    endloop
  endfacet
  facet normal 7.330975e-01 -6.801226e-01 1.138680e-03
    outer loop
      vertex   -3.164827e+01 6.076141e+01 6.000000e+00
      vertex   -3.170711e+01 6.070711e+01 1.144444e+01
      vertex   -3.180781e+01 6.058945e+01 6.000000e+00
    endloop
  endfacet
  facet normal 7.933524e-01 -6.087607e-01 -1.517923e-03
    outer loop
      vertex   -3.180781e+01 6.058945e+01 6.000000e+00
      vertex   -3.170711e+01 6.070711e+01 1.144444e+01
      vertex   -3.186603e+01 6.050000e+01 1.144444e+01
    endloop
  endfacet
  facet normal 8.713608e-01 -4.906411e-01 1.256930e-03
    outer loop
      vertex   -3.180781e+01 6.058945e+01 6.000000e+00
      vertex   -3.186603e+01 6.050000e+01 1.144444e+01
      vertex   -3.192289e+01 6.038506e+01 6.000000e+00
    endloop
  endfacet
  facet normal 3.826834e-01 -9.238795e-01 0.000000e+00
    outer loop
      vertex   -3.125882e+01 6.096593e+01 4.955556e+01
      vertex   -3.125882e+01 6.096593e+01 5.500000e+01
      vertex   -3.150000e+01 6.086603e+01 4.955556e+01
    endloop
  endfacet
  facet normal 3.826834e-01 -9.238795e-01 2.497160e-16
    outer loop
      vertex   -3.150000e+01 6.086603e+01 4.955556e+01
      vertex   -3.125882e+01 6.096593e+01 5.500000e+01
      vertex   -3.150000e+01 6.086603e+01 5.500000e+01
    endloop
  endfacet
  facet normal 6.087614e-01 -7.933533e-01 3.972407e-16
    outer loop
      vertex   -3.150000e+01 6.086603e+01 4.955556e+01
      vertex   -3.150000e+01 6.086603e+01 5.500000e+01
      vertex   -3.170711e+01 6.070711e+01 4.955556e+01
    endloop
  endfacet
  facet normal 6.087614e-01 -7.933533e-01 0.000000e+00
    outer loop
      vertex   -3.170711e+01 6.070711e+01 4.955556e+01
      vertex   -3.150000e+01 6.086603e+01 5.500000e+01
      vertex   -3.170711e+01 6.070711e+01 5.500000e+01
    endloop
  endfacet
  facet normal 7.933533e-01 -6.087614e-01 0.000000e+00
    outer loop
      vertex   -3.170711e+01 6.070711e+01 4.955556e+01
      vertex   -3.170711e+01 6.070711e+01 5.500000e+01
      vertex   -3.186603e+01 6.050000e+01 4.955556e+01
    endloop
  endfacet
  facet normal 7.933533e-01 -6.087614e-01 0.000000e+00
    outer loop
      vertex   -3.186603e+01 6.050000e+01 4.955556e+01
      vertex   -3.170711e+01 6.070711e+01 5.500000e+01
      vertex   -3.186603e+01 6.050000e+01 5.500000e+01
    endloop
  endfacet
  facet normal 8.963027e-01 -4.434428e-01 0.000000e+00
    outer loop
      vertex   -3.186603e+01 6.050000e+01 4.955556e+01
      vertex   -3.186603e+01 6.050000e+01 5.500000e+01
      vertex   -3.192289e+01 6.038506e+01 5.016537e+01
    endloop
  endfacet
  facet normal 9.134045e-01 -4.070517e-01 -1.066323e-03
    outer loop
      vertex   -3.192289e+01 6.038506e+01 5.016537e+01
      vertex   -3.186603e+01 6.050000e+01 5.500000e+01
      vertex   -3.193310e+01 6.036118e+01 5.053952e+01
    endloop
  endfacet
  facet normal 9.238777e-01 -3.826827e-01 -1.982210e-03
    outer loop
      vertex   -3.193310e+01 6.036118e+01 5.053952e+01
      vertex   -3.186603e+01 6.050000e+01 5.500000e+01
      vertex   -3.196593e+01 6.025882e+01 5.500000e+01
    endloop
  endfacet
  facet normal 9.467913e-01 -3.218480e-01 -4.174653e-04
    outer loop
      vertex   -3.193310e+01 6.036118e+01 5.053952e+01
      vertex   -3.196593e+01 6.025882e+01 5.500000e+01
      vertex   -3.195764e+01 6.028850e+01 5.091990e+01
    endloop
  endfacet
  facet normal 9.742288e-01 -2.255620e-01 3.387491e-04
    outer loop
      vertex   -3.195764e+01 6.028850e+01 5.091990e+01
      vertex   -3.196593e+01 6.025882e+01 5.500000e+01
      vertex   -3.198608e+01 6.016619e+01 5.128998e+01
    endloop
  endfacet
  facet normal 9.914426e-01 -1.305259e-01 -2.127663e-03
    outer loop
      vertex   -3.198608e+01 6.016619e+01 5.128998e+01
      vertex   -3.196593e+01 6.025882e+01 5.500000e+01
      vertex   -3.200000e+01 6.000000e+01 5.500000e+01
    endloop
  endfacet
  facet normal 9.965118e-01 -8.345154e-02 0.000000e+00
    outer loop
      vertex   -3.198608e+01 6.016619e+01 5.128998e+01
      vertex   -3.200000e+01 6.000000e+01 5.500000e+01
      vertex   -3.200000e+01 6.000000e+01 5.163578e+01
    endloop
  endfacet
  facet normal 8.963027e-01 -4.434428e-01 1.966034e-16
    outer loop
      vertex   -3.192289e+01 6.038506e+01 6.000000e+00
      vertex   -3.186603e+01 6.050000e+01 2.777778e+01
      vertex   -3.192289e+01 6.038506e+01 5.016537e+01
    endloop
  endfacet
  facet normal 8.963027e-01 -4.434428e-01 0.000000e+00
    outer loop
      vertex   -3.192289e+01 6.038506e+01 5.016537e+01
      vertex   -3.186603e+01 6.050000e+01 2.777778e+01
      vertex   -3.186603e+01 6.050000e+01 3.322222e+01
    endloop
  endfacet
  facet normal 8.963027e-01 -4.434428e-01 0.000000e+00
    outer loop
      vertex   -3.192289e+01 6.038506e+01 5.016537e+01
      vertex   -3.186603e+01 6.050000e+01 3.322222e+01
      vertex   -3.186603e+01 6.050000e+01 3.866667e+01
    endloop
  endfacet
  facet normal 7.933533e-01 -6.087614e-01 0.000000e+00
    outer loop
      vertex   -3.186603e+01 6.050000e+01 3.866667e+01
      vertex   -3.186603e+01 6.050000e+01 3.322222e+01
      vertex   -3.170711e+01 6.070711e+01 3.866667e+01
    endloop
  endfacet
  facet normal 7.933533e-01 -6.087614e-01 0.000000e+00
    outer loop
      vertex   -3.186603e+01 6.050000e+01 3.866667e+01
      vertex   -3.170711e+01 6.070711e+01 3.866667e+01
      vertex   -3.170711e+01 6.070711e+01 4.411111e+01
    endloop
  endfacet
  facet normal 6.087614e-01 -7.933533e-01 0.000000e+00
    outer loop
      vertex   -3.170711e+01 6.070711e+01 4.411111e+01
      vertex   -3.170711e+01 6.070711e+01 3.866667e+01
      vertex   -3.150000e+01 6.086603e+01 4.411111e+01
    endloop
  endfacet
  facet normal 6.087614e-01 -7.933533e-01 0.000000e+00
    outer loop
      vertex   -3.170711e+01 6.070711e+01 4.411111e+01
      vertex   -3.150000e+01 6.086603e+01 4.411111e+01
      vertex   -3.150000e+01 6.086603e+01 4.955556e+01
    endloop
  endfacet
  facet normal 3.826834e-01 -9.238795e-01 0.000000e+00
    outer loop
      vertex   -3.150000e+01 6.086603e+01 4.955556e+01
      vertex   -3.150000e+01 6.086603e+01 4.411111e+01
      vertex   -3.125882e+01 6.096593e+01 4.955556e+01
    endloop
  endfacet
  facet normal 1.172817e-01 -9.930987e-01 0.000000e+00
    outer loop
      vertex   -3.100000e+01 6.100000e+01 6.000000e+00
      vertex   -3.100000e+01 6.100000e+01 5.500000e+01
      vertex   -3.123294e+01 6.097249e+01 6.000000e+00
    endloop
  endfacet
  facet normal 1.611518e-01 -9.869296e-01 -2.120204e-04
    outer loop
      vertex   -3.123294e+01 6.097249e+01 6.000000e+00
      vertex   -3.100000e+01 6.100000e+01 5.500000e+01
      vertex   -3.125882e+01 6.096593e+01 1.688889e+01
    endloop
  endfacet
  facet normal 3.826834e-01 -9.238795e-01 0.000000e+00
    outer loop
      vertex   -3.150000e+01 6.086603e+01 3.866667e+01
      vertex   -3.125882e+01 6.096593e+01 4.411111e+01
      vertex   -3.150000e+01 6.086603e+01 4.411111e+01
    endloop
  endfacet
  facet normal 3.826834e-01 -9.238795e-01 0.000000e+00
    outer loop
      vertex   -3.150000e+01 6.086603e+01 4.411111e+01
      vertex   -3.125882e+01 6.096593e+01 4.411111e+01
      vertex   -3.125882e+01 6.096593e+01 4.955556e+01
    endloop
  endfacet
  facet normal 1.305262e-01 -9.914449e-01 0.000000e+00
    outer loop
      vertex   -3.125882e+01 6.096593e+01 3.866667e+01
      vertex   -3.125882e+01 6.096593e+01 3.322222e+01
      vertex   -3.100000e+01 6.100000e+01 5.500000e+01
    endloop
  endfacet
  facet normal 1.305262e-01 -9.914449e-01 0.000000e+00
    outer loop
      vertex   -3.100000e+01 6.100000e+01 5.500000e+01
      vertex   -3.125882e+01 6.096593e+01 3.322222e+01
      vertex   -3.125882e+01 6.096593e+01 2.777778e+01
    endloop
  endfacet
  facet normal 1.305262e-01 -9.914449e-01 0.000000e+00
    outer loop
      vertex   -3.100000e+01 6.100000e+01 5.500000e+01
      vertex   -3.125882e+01 6.096593e+01 2.777778e+01
      vertex   -3.125882e+01 6.096593e+01 2.233333e+01
    endloop
  endfacet
  facet normal 3.826834e-01 -9.238795e-01 0.000000e+00
    outer loop
      vertex   -3.125882e+01 6.096593e+01 2.233333e+01
      vertex   -3.125882e+01 6.096593e+01 2.777778e+01
      vertex   -3.150000e+01 6.086603e+01 2.233333e+01
    endloop
  endfacet
  facet normal 3.826834e-01 -9.238795e-01 0.000000e+00
    outer loop
      vertex   -3.125882e+01 6.096593e+01 2.233333e+01
      vertex   -3.150000e+01 6.086603e+01 2.233333e+01
      vertex   -3.150000e+01 6.086603e+01 1.688889e+01
    endloop
  endfacet
  facet normal 6.087614e-01 -7.933533e-01 0.000000e+00
    outer loop
      vertex   -3.150000e+01 6.086603e+01 1.688889e+01
      vertex   -3.150000e+01 6.086603e+01 2.233333e+01
      vertex   -3.170711e+01 6.070711e+01 1.688889e+01
    endloop
  endfacet
  facet normal 3.826834e-01 -9.238795e-01 0.000000e+00
    outer loop
      vertex   -3.125882e+01 6.096593e+01 3.866667e+01
      vertex   -3.150000e+01 6.086603e+01 3.322222e+01
      vertex   -3.125882e+01 6.096593e+01 3.322222e+01
    endloop
  endfacet
  facet normal 3.826834e-01 -9.238795e-01 0.000000e+00
    outer loop
      vertex   -3.125882e+01 6.096593e+01 3.322222e+01
      vertex   -3.150000e+01 6.086603e+01 3.322222e+01
      vertex   -3.150000e+01 6.086603e+01 2.777778e+01
    endloop
  endfacet
  facet normal 3.826834e-01 -9.238795e-01 0.000000e+00
    outer loop
      vertex   -3.125882e+01 6.096593e+01 3.322222e+01
      vertex   -3.150000e+01 6.086603e+01 2.777778e+01
      vertex   -3.125882e+01 6.096593e+01 2.777778e+01
    endloop
  endfacet
  facet normal 3.826834e-01 -9.238795e-01 0.000000e+00
    outer loop
      vertex   -3.125882e+01 6.096593e+01 2.777778e+01
      vertex   -3.150000e+01 6.086603e+01 2.777778e+01
      vertex   -3.150000e+01 6.086603e+01 2.233333e+01
    endloop
  endfacet
  facet normal 1.305262e-01 -9.914449e-01 0.000000e+00
    outer loop
      vertex   -3.125882e+01 6.096593e+01 1.688889e+01
      vertex   -3.100000e+01 6.100000e+01 5.500000e+01
      vertex   -3.125882e+01 6.096593e+01 2.233333e+01
    endloop
  endfacet
  facet normal 3.826834e-01 -9.238795e-01 0.000000e+00
    outer loop
      vertex   -3.150000e+01 6.086603e+01 1.688889e+01
      vertex   -3.125882e+01 6.096593e+01 1.688889e+01
      vertex   -3.125882e+01 6.096593e+01 2.233333e+01
    endloop
  endfacet
  facet normal 6.087614e-01 -7.933533e-01 0.000000e+00
    outer loop
      vertex   -3.170711e+01 6.070711e+01 4.411111e+01
      vertex   -3.150000e+01 6.086603e+01 4.955556e+01
      vertex   -3.170711e+01 6.070711e+01 4.955556e+01
    endloop
  endfacet
  facet normal 6.087614e-01 -7.933533e-01 0.000000e+00
    outer loop
      vertex   -3.170711e+01 6.070711e+01 3.322222e+01
      vertex   -3.150000e+01 6.086603e+01 3.866667e+01
      vertex   -3.170711e+01 6.070711e+01 3.866667e+01
    endloop
  endfacet
  facet normal 6.087614e-01 -7.933533e-01 0.000000e+00
    outer loop
      vertex   -3.170711e+01 6.070711e+01 3.866667e+01
      vertex   -3.150000e+01 6.086603e+01 3.866667e+01
      vertex   -3.150000e+01 6.086603e+01 4.411111e+01
    endloop
  endfacet
  facet normal 6.087614e-01 -7.933533e-01 0.000000e+00
    outer loop
      vertex   -3.150000e+01 6.086603e+01 3.322222e+01
      vertex   -3.170711e+01 6.070711e+01 2.777778e+01
      vertex   -3.150000e+01 6.086603e+01 2.777778e+01
    endloop
  endfacet
  facet normal 6.087614e-01 -7.933533e-01 0.000000e+00
    outer loop
      vertex   -3.150000e+01 6.086603e+01 2.777778e+01
      vertex   -3.170711e+01 6.070711e+01 2.777778e+01
      vertex   -3.170711e+01 6.070711e+01 2.233333e+01
    endloop
  endfacet
  facet normal 6.087614e-01 -7.933533e-01 0.000000e+00
    outer loop
      vertex   -3.150000e+01 6.086603e+01 2.777778e+01
      vertex   -3.170711e+01 6.070711e+01 2.233333e+01
      vertex   -3.150000e+01 6.086603e+01 2.233333e+01
    endloop
  endfacet
  facet normal 6.087614e-01 -7.933533e-01 0.000000e+00
    outer loop
      vertex   -3.150000e+01 6.086603e+01 2.233333e+01
      vertex   -3.170711e+01 6.070711e+01 2.233333e+01
      vertex   -3.170711e+01 6.070711e+01 1.688889e+01
    endloop
  endfacet
  facet normal 7.933533e-01 -6.087614e-01 0.000000e+00
    outer loop
      vertex   -3.170711e+01 6.070711e+01 4.411111e+01
      vertex   -3.170711e+01 6.070711e+01 4.955556e+01
      vertex   -3.186603e+01 6.050000e+01 4.411111e+01
    endloop
  endfacet
  facet normal 7.933533e-01 -6.087614e-01 0.000000e+00
    outer loop
      vertex   -3.186603e+01 6.050000e+01 4.411111e+01
      vertex   -3.170711e+01 6.070711e+01 4.955556e+01
      vertex   -3.186603e+01 6.050000e+01 4.955556e+01
    endloop
  endfacet
  facet normal 8.963027e-01 -4.434428e-01 0.000000e+00
    outer loop
      vertex   -3.186603e+01 6.050000e+01 4.411111e+01
      vertex   -3.186603e+01 6.050000e+01 4.955556e+01
      vertex   -3.192289e+01 6.038506e+01 5.016537e+01
    endloop
  endfacet
  facet normal 7.933533e-01 -6.087614e-01 0.000000e+00
    outer loop
      vertex   -3.186603e+01 6.050000e+01 2.777778e+01
      vertex   -3.170711e+01 6.070711e+01 3.322222e+01
      vertex   -3.186603e+01 6.050000e+01 3.322222e+01
    endloop
  endfacet
  facet normal 7.933533e-01 -6.087614e-01 0.000000e+00
    outer loop
      vertex   -3.186603e+01 6.050000e+01 3.322222e+01
      vertex   -3.170711e+01 6.070711e+01 3.322222e+01
      vertex   -3.170711e+01 6.070711e+01 3.866667e+01
    endloop
  endfacet
  facet normal 7.933533e-01 -6.087614e-01 0.000000e+00
    outer loop
      vertex   -3.186603e+01 6.050000e+01 1.688889e+01
      vertex   -3.170711e+01 6.070711e+01 1.688889e+01
      vertex   -3.170711e+01 6.070711e+01 2.233333e+01
    endloop
  endfacet
  facet normal 7.933533e-01 -6.087614e-01 0.000000e+00
    outer loop
      vertex   -3.186603e+01 6.050000e+01 1.688889e+01
      vertex   -3.170711e+01 6.070711e+01 2.233333e+01
      vertex   -3.186603e+01 6.050000e+01 2.233333e+01
    endloop
  endfacet
  facet normal 7.933533e-01 -6.087614e-01 0.000000e+00
    outer loop
      vertex   -3.186603e+01 6.050000e+01 2.233333e+01
      vertex   -3.170711e+01 6.070711e+01 2.233333e+01
      vertex   -3.170711e+01 6.070711e+01 2.777778e+01
    endloop
  endfacet
  facet normal 8.963027e-01 -4.434428e-01 0.000000e+00
    outer loop
      vertex   -3.192289e+01 6.038506e+01 5.016537e+01
      vertex   -3.186603e+01 6.050000e+01 3.866667e+01
      vertex   -3.186603e+01 6.050000e+01 4.411111e+01
    endloop
  endfacet
  facet normal 7.933533e-01 -6.087614e-01 0.000000e+00
    outer loop
      vertex   -3.186603e+01 6.050000e+01 4.411111e+01
      vertex   -3.186603e+01 6.050000e+01 3.866667e+01
      vertex   -3.170711e+01 6.070711e+01 4.411111e+01
    endloop
  endfacet
  facet normal 1.966219e-16 8.715574e-02 9.961947e-01
    outer loop
      vertex   -3.500000e+01 2.288043e+00 5.962288e+00
      vertex   -2.600000e+01 2.288043e+00 5.962288e+00
      vertex   -3.500000e+01 3.000000e+00 5.900000e+00
    endloop
  endfacet
  facet normal 1.966219e-16 8.715574e-02 9.961947e-01
    outer loop
      vertex   -3.500000e+01 3.000000e+00 5.900000e+00
      vertex   -2.600000e+01 2.288043e+00 5.962288e+00
      vertex   -2.600000e+01 3.000000e+00 5.900000e+00
    endloop
  endfacet
  facet normal 1.966219e-16 -8.715574e-02 9.961947e-01
    outer loop
      vertex   -3.500000e+01 3.000000e+00 5.900000e+00
      vertex   -2.600000e+01 3.000000e+00 5.900000e+00
      vertex   -3.500000e+01 3.711958e+00 5.962288e+00
    endloop
  endfacet
  facet normal 1.966219e-16 -8.715574e-02 9.961947e-01
    outer loop
      vertex   -3.500000e+01 3.711958e+00 5.962288e+00
      vertex   -2.600000e+01 3.000000e+00 5.900000e+00
      vertex   -2.600000e+01 3.711958e+00 5.962288e+00
    endloop
  endfacet
  facet normal 1.906477e-16 -2.588190e-01 9.659258e-01
    outer loop
      vertex   -3.500000e+01 3.711958e+00 5.962288e+00
      vertex   -2.600000e+01 3.711958e+00 5.962288e+00
      vertex   -3.500000e+01 4.402283e+00 6.147260e+00
    endloop
  endfacet
  facet normal 2.672735e-16 -2.588190e-01 9.659258e-01
    outer loop
      vertex   -3.500000e+01 4.402283e+00 6.147260e+00
      vertex   -2.600000e+01 3.711958e+00 5.962288e+00
      vertex   -2.600000e+01 4.402283e+00 6.147260e+00
    endloop
  endfacet
  facet normal 3.040008e-16 -4.226183e-01 9.063078e-01
    outer loop
      vertex   -3.500000e+01 4.402283e+00 6.147260e+00
      vertex   -2.600000e+01 4.402283e+00 6.147260e+00
      vertex   -3.500000e+01 5.050000e+00 6.449296e+00
    endloop
  endfacet
  facet normal 3.100277e-16 -4.226183e-01 9.063078e-01
    outer loop
      vertex   -3.500000e+01 5.050000e+00 6.449296e+00
      vertex   -2.600000e+01 4.402283e+00 6.147260e+00
      vertex   -2.600000e+01 5.050000e+00 6.449296e+00
    endloop
  endfacet
  facet normal 2.991220e-16 -5.735764e-01 8.191520e-01
    outer loop
      vertex   -3.500000e+01 5.050000e+00 6.449296e+00
      vertex   -2.600000e+01 5.050000e+00 6.449296e+00
      vertex   -3.500000e+01 5.635429e+00 6.859218e+00
    endloop
  endfacet
  facet normal 1.616785e-16 -5.735764e-01 8.191520e-01
    outer loop
      vertex   -3.500000e+01 5.635429e+00 6.859218e+00
      vertex   -2.600000e+01 5.050000e+00 6.449296e+00
      vertex   -2.600000e+01 5.635429e+00 6.859218e+00
    endloop
  endfacet
  facet normal 1.395638e-16 -7.071068e-01 7.071068e-01
    outer loop
      vertex   -3.500000e+01 5.635429e+00 6.859218e+00
      vertex   -2.600000e+01 5.635429e+00 6.859218e+00
      vertex   -3.500000e+01 6.140782e+00 7.364571e+00
    endloop
  endfacet
  facet normal 1.395638e-16 -7.071068e-01 7.071068e-01
    outer loop
      vertex   -3.500000e+01 6.140782e+00 7.364571e+00
      vertex   -2.600000e+01 5.635429e+00 6.859218e+00
      vertex   -2.600000e+01 6.140782e+00 7.364571e+00
    endloop
  endfacet
  facet normal 1.132085e-16 -8.191520e-01 5.735764e-01
    outer loop
      vertex   -3.500000e+01 6.140782e+00 7.364571e+00
      vertex   -2.600000e+01 6.140782e+00 7.364571e+00
      vertex   -3.500000e+01 6.550704e+00 7.950000e+00
    endloop
  endfacet
  facet normal 1.132085e-16 -8.191520e-01 5.735764e-01
    outer loop
      vertex   -3.500000e+01 6.550704e+00 7.950000e+00
      vertex   -2.600000e+01 6.140782e+00 7.364571e+00
      vertex   -2.600000e+01 6.550704e+00 7.950000e+00
    endloop
  endfacet
  facet normal 8.341343e-17 -9.063078e-01 4.226183e-01
    outer loop
      vertex   -3.500000e+01 6.550704e+00 7.950000e+00
      vertex   -2.600000e+01 6.550704e+00 7.950000e+00
      vertex   -3.500000e+01 6.852740e+00 8.597718e+00
    endloop
  endfacet
  facet normal 0.000000e+00 -9.063078e-01 4.226183e-01
    outer loop
      vertex   -3.500000e+01 6.852740e+00 8.597718e+00
      vertex   -2.600000e+01 6.550704e+00 7.950000e+00
      vertex   -2.600000e+01 6.852740e+00 8.597718e+00
    endloop
  endfacet
  facet normal 0.000000e+00 -9.659258e-01 2.588190e-01
    outer loop
      vertex   -3.500000e+01 6.852740e+00 8.597718e+00
      vertex   -2.600000e+01 6.852740e+00 8.597718e+00
      vertex   -3.500000e+01 7.037712e+00 9.288043e+00
    endloop
  endfacet
  facet normal 0.000000e+00 -9.659258e-01 2.588190e-01
    outer loop
      vertex   -3.500000e+01 7.037712e+00 9.288043e+00
      vertex   -2.600000e+01 6.852740e+00 8.597718e+00
      vertex   -2.600000e+01 7.037712e+00 9.288043e+00
    endloop
  endfacet
  facet normal 0.000000e+00 -9.961947e-01 8.715574e-02
    outer loop
      vertex   -3.500000e+01 7.037712e+00 9.288043e+00
      vertex   -2.600000e+01 7.037712e+00 9.288043e+00
      vertex   -3.500000e+01 7.100000e+00 1.000000e+01
    endloop
  endfacet
  facet normal 1.720219e-17 -9.961947e-01 8.715574e-02
    outer loop
      vertex   -3.500000e+01 7.100000e+00 1.000000e+01
      vertex   -2.600000e+01 7.037712e+00 9.288043e+00
      vertex   -2.600000e+01 7.100000e+00 1.000000e+01
    endloop
  endfacet
  facet normal -1.720219e-17 -9.961947e-01 -8.715574e-02
    outer loop
      vertex   -3.500000e+01 7.100000e+00 1.000000e+01
      vertex   -2.600000e+01 7.100000e+00 1.000000e+01
      vertex   -3.500000e+01 7.037712e+00 1.071196e+01
    endloop
  endfacet
  facet normal -1.720219e-17 -9.961947e-01 -8.715574e-02
    outer loop
      vertex   -3.500000e+01 7.037712e+00 1.071196e+01
      vertex   -2.600000e+01 7.100000e+00 1.000000e+01
      vertex   -2.600000e+01 7.037712e+00 1.071196e+01
    endloop
  endfacet
  facet normal -5.108389e-17 -9.659258e-01 -2.588190e-01
    outer loop
      vertex   -3.500000e+01 7.037712e+00 1.071196e+01
      vertex   -2.600000e+01 7.037712e+00 1.071196e+01
      vertex   -3.500000e+01 6.852740e+00 1.140228e+01
    endloop
  endfacet
  facet normal -9.532383e-17 -9.659258e-01 -2.588190e-01
    outer loop
      vertex   -3.500000e+01 6.852740e+00 1.140228e+01
      vertex   -2.600000e+01 7.037712e+00 1.071196e+01
      vertex   -2.600000e+01 6.852740e+00 1.140228e+01
    endloop
  endfacet
  facet normal -8.944034e-17 -9.063078e-01 -4.226183e-01
    outer loop
      vertex   -3.500000e+01 6.852740e+00 1.140228e+01
      vertex   -2.600000e+01 6.852740e+00 1.140228e+01
      vertex   -3.500000e+01 6.550704e+00 1.205000e+01
    endloop
  endfacet
  facet normal 0.000000e+00 -9.063078e-01 -4.226183e-01
    outer loop
      vertex   -3.500000e+01 6.550704e+00 1.205000e+01
      vertex   -2.600000e+01 6.852740e+00 1.140228e+01
      vertex   -2.600000e+01 6.550704e+00 1.205000e+01
    endloop
  endfacet
  facet normal 0.000000e+00 -8.191520e-01 -5.735764e-01
    outer loop
      vertex   -3.500000e+01 6.550704e+00 1.205000e+01
      vertex   -2.600000e+01 6.550704e+00 1.205000e+01
      vertex   -3.500000e+01 6.140782e+00 1.263543e+01
    endloop
  endfacet
  facet normal -1.132085e-16 -8.191520e-01 -5.735764e-01
    outer loop
      vertex   -3.500000e+01 6.140782e+00 1.263543e+01
      vertex   -2.600000e+01 6.550704e+00 1.205000e+01
      vertex   -2.600000e+01 6.140782e+00 1.263543e+01
    endloop
  endfacet
  facet normal -1.395638e-16 -7.071068e-01 -7.071068e-01
    outer loop
      vertex   -3.500000e+01 6.140782e+00 1.263543e+01
      vertex   -2.600000e+01 6.140782e+00 1.263543e+01
      vertex   -3.500000e+01 5.635429e+00 1.314078e+01
    endloop
  endfacet
  facet normal -1.395638e-16 -7.071068e-01 -7.071068e-01
    outer loop
      vertex   -3.500000e+01 5.635429e+00 1.314078e+01
      vertex   -2.600000e+01 6.140782e+00 1.263543e+01
      vertex   -2.600000e+01 5.635429e+00 1.314078e+01
    endloop
  endfacet
  facet normal -1.616785e-16 -5.735764e-01 -8.191520e-01
    outer loop
      vertex   -3.500000e+01 5.635429e+00 1.314078e+01
      vertex   -2.600000e+01 5.635429e+00 1.314078e+01
      vertex   -3.500000e+01 5.050000e+00 1.355070e+01
    endloop
  endfacet
  facet normal -1.616785e-16 -5.735764e-01 -8.191520e-01
    outer loop
      vertex   -3.500000e+01 5.050000e+00 1.355070e+01
      vertex   -2.600000e+01 5.635429e+00 1.314078e+01
      vertex   -2.600000e+01 5.050000e+00 1.355070e+01
    endloop
  endfacet
  facet normal -1.788807e-16 -4.226183e-01 -9.063078e-01
    outer loop
      vertex   -3.500000e+01 5.050000e+00 1.355070e+01
      vertex   -2.600000e+01 5.050000e+00 1.355070e+01
      vertex   -3.500000e+01 4.402283e+00 1.385274e+01
    endloop
  endfacet
  facet normal 0.000000e+00 -4.226183e-01 -9.063078e-01
    outer loop
      vertex   -3.500000e+01 4.402283e+00 1.385274e+01
      vertex   -2.600000e+01 5.050000e+00 1.355070e+01
      vertex   -2.600000e+01 4.402283e+00 1.385274e+01
    endloop
  endfacet
  facet normal 0.000000e+00 -2.588190e-01 -9.659258e-01
    outer loop
      vertex   -3.500000e+01 4.402283e+00 1.385274e+01
      vertex   -2.600000e+01 4.402283e+00 1.385274e+01
      vertex   -3.500000e+01 3.711958e+00 1.403771e+01
    endloop
  endfacet
  facet normal -6.230269e-16 -2.588190e-01 -9.659258e-01
    outer loop
      vertex   -3.500000e+01 3.711958e+00 1.403771e+01
      vertex   -2.600000e+01 4.402283e+00 1.385274e+01
      vertex   -2.600000e+01 3.711958e+00 1.403771e+01
    endloop
  endfacet
  facet normal -6.070679e-16 -8.715574e-02 -9.961947e-01
    outer loop
      vertex   -3.500000e+01 3.711958e+00 1.403771e+01
      vertex   -2.600000e+01 3.711958e+00 1.403771e+01
      vertex   -3.500000e+01 3.000000e+00 1.410000e+01
    endloop
  endfacet
  facet normal -1.966219e-16 -8.715574e-02 -9.961947e-01
    outer loop
      vertex   -3.500000e+01 3.000000e+00 1.410000e+01
      vertex   -2.600000e+01 3.711958e+00 1.403771e+01
      vertex   -2.600000e+01 3.000000e+00 1.410000e+01
    endloop
  endfacet
  facet normal -1.966219e-16 8.715574e-02 -9.961947e-01
    outer loop
      vertex   -3.500000e+01 3.000000e+00 1.410000e+01
      vertex   -2.600000e+01 3.000000e+00 1.410000e+01
      vertex   -3.500000e+01 2.288043e+00 1.403771e+01
    endloop
  endfacet
  facet normal -5.726636e-16 8.715574e-02 -9.961947e-01
    outer loop
      vertex   -3.500000e+01 2.288043e+00 1.403771e+01
      vertex   -2.600000e+01 3.000000e+00 1.410000e+01
      vertex   -2.600000e+01 2.288043e+00 1.403771e+01
    endloop
  endfacet
  facet normal -5.208591e-16 2.588190e-01 -9.659258e-01
    outer loop
      vertex   -3.500000e+01 2.288043e+00 1.403771e+01
      vertex   -2.600000e+01 2.288043e+00 1.403771e+01
      vertex   -3.500000e+01 1.597718e+00 1.385274e+01
    endloop
  endfacet
  facet normal 0.000000e+00 2.588190e-01 -9.659258e-01
    outer loop
      vertex   -3.500000e+01 1.597718e+00 1.385274e+01
      vertex   -2.600000e+01 2.288043e+00 1.403771e+01
      vertex   -2.600000e+01 1.597718e+00 1.385274e+01
    endloop
  endfacet
  facet normal 0.000000e+00 4.226183e-01 -9.063078e-01
    outer loop
      vertex   -3.500000e+01 1.597718e+00 1.385274e+01
      vertex   -2.600000e+01 1.597718e+00 1.385274e+01
      vertex   -3.500000e+01 9.500001e-01 1.355070e+01
    endloop
  endfacet
  facet normal -1.788807e-16 4.226183e-01 -9.063078e-01
    outer loop
      vertex   -3.500000e+01 9.500001e-01 1.355070e+01
      vertex   -2.600000e+01 1.597718e+00 1.385274e+01
      vertex   -2.600000e+01 9.500001e-01 1.355070e+01
    endloop
  endfacet
  facet normal -1.616785e-16 5.735764e-01 -8.191520e-01
    outer loop
      vertex   -3.500000e+01 9.500001e-01 1.355070e+01
      vertex   -2.600000e+01 9.500001e-01 1.355070e+01
      vertex   -3.500000e+01 3.645709e-01 1.314078e+01
    endloop
  endfacet
  facet normal -1.616785e-16 5.735764e-01 -8.191520e-01
    outer loop
      vertex   -3.500000e+01 3.645709e-01 1.314078e+01
      vertex   -2.600000e+01 9.500001e-01 1.355070e+01
      vertex   -2.600000e+01 3.645709e-01 1.314078e+01
    endloop
  endfacet
  facet normal -1.395638e-16 7.071068e-01 -7.071068e-01
    outer loop
      vertex   -3.500000e+01 3.645709e-01 1.314078e+01
      vertex   -2.600000e+01 3.645709e-01 1.314078e+01
      vertex   -3.500000e+01 -1.407821e-01 1.263543e+01
    endloop
  endfacet
  facet normal -1.395638e-16 7.071068e-01 -7.071068e-01
    outer loop
      vertex   -3.500000e+01 -1.407821e-01 1.263543e+01
      vertex   -2.600000e+01 3.645709e-01 1.314078e+01
      vertex   -2.600000e+01 -1.407821e-01 1.263543e+01
    endloop
  endfacet
  facet normal -1.132085e-16 8.191520e-01 -5.735764e-01
    outer loop
      vertex   -3.500000e+01 -1.407821e-01 1.263543e+01
      vertex   -2.600000e+01 -1.407821e-01 1.263543e+01
      vertex   -3.500000e+01 -5.507041e-01 1.205000e+01
    endloop
  endfacet
  facet normal -1.758925e-16 8.191520e-01 -5.735764e-01
    outer loop
      vertex   -3.500000e+01 -5.507041e-01 1.205000e+01
      vertex   -2.600000e+01 -1.407821e-01 1.263543e+01
      vertex   -2.600000e+01 -5.507041e-01 1.205000e+01
    endloop
  endfacet
  facet normal -1.109266e-16 9.063078e-01 -4.226183e-01
    outer loop
      vertex   -3.500000e+01 -5.507041e-01 1.205000e+01
      vertex   -2.600000e+01 -5.507041e-01 1.205000e+01
      vertex   -3.500000e+01 -8.527396e-01 1.140228e+01
    endloop
  endfacet
  facet normal -1.943401e-16 9.063078e-01 -4.226183e-01
    outer loop
      vertex   -3.500000e+01 -8.527396e-01 1.140228e+01
      vertex   -2.600000e+01 -5.507041e-01 1.205000e+01
      vertex   -2.600000e+01 -8.527396e-01 1.140228e+01
    endloop
  endfacet
  facet normal -9.367427e-17 9.659258e-01 -2.588190e-01
    outer loop
      vertex   -3.500000e+01 -8.527396e-01 1.140228e+01
      vertex   -2.600000e+01 -8.527396e-01 1.140228e+01
      vertex   -3.500000e+01 -1.037712e+00 1.071196e+01
    endloop
  endfacet
  facet normal 0.000000e+00 9.659258e-01 -2.588190e-01
    outer loop
      vertex   -3.500000e+01 -1.037712e+00 1.071196e+01
      vertex   -2.600000e+01 -8.527396e-01 1.140228e+01
      vertex   -2.600000e+01 -1.037712e+00 1.071196e+01
    endloop
  endfacet
  facet normal 0.000000e+00 9.961947e-01 -8.715574e-02
    outer loop
      vertex   -3.500000e+01 -1.037712e+00 1.071196e+01
      vertex   -2.600000e+01 -1.037712e+00 1.071196e+01
      vertex   -3.500000e+01 -1.100000e+00 1.000000e+01
    endloop
  endfacet
  facet normal -1.720219e-17 9.961947e-01 -8.715574e-02
    outer loop
      vertex   -3.500000e+01 -1.100000e+00 1.000000e+01
      vertex   -2.600000e+01 -1.037712e+00 1.071196e+01
      vertex   -2.600000e+01 -1.100000e+00 1.000000e+01
    endloop
  endfacet
  facet normal 1.720219e-17 9.961947e-01 8.715574e-02
    outer loop
      vertex   -3.500000e+01 -1.100000e+00 1.000000e+01
      vertex   -2.600000e+01 -1.100000e+00 1.000000e+01
      vertex   -3.500000e+01 -1.037712e+00 9.288043e+00
    endloop
  endfacet
  facet normal 3.440438e-17 9.961947e-01 8.715574e-02
    outer loop
      vertex   -3.500000e+01 -1.037712e+00 9.288043e+00
      vertex   -2.600000e+01 -1.100000e+00 1.000000e+01
      vertex   -2.600000e+01 -1.037712e+00 9.288043e+00
    endloop
  endfacet
  facet normal 1.021678e-16 9.659258e-01 2.588190e-01
    outer loop
      vertex   -3.500000e+01 -1.037712e+00 9.288043e+00
      vertex   -2.600000e+01 -1.037712e+00 9.288043e+00
      vertex   -3.500000e+01 -8.527396e-01 8.597718e+00
    endloop
  endfacet
  facet normal 9.367427e-17 9.659258e-01 2.588190e-01
    outer loop
      vertex   -3.500000e+01 -8.527396e-01 8.597718e+00
      vertex   -2.600000e+01 -1.037712e+00 9.288043e+00
      vertex   -2.600000e+01 -8.527396e-01 8.597718e+00
    endloop
  endfacet
  facet normal 1.943401e-16 9.063078e-01 4.226183e-01
    outer loop
      vertex   -3.500000e+01 -8.527396e-01 8.597718e+00
      vertex   -2.600000e+01 -8.527396e-01 8.597718e+00
      vertex   -3.500000e+01 -5.507041e-01 7.950000e+00
    endloop
  endfacet
  facet normal 8.341343e-17 9.063078e-01 4.226183e-01
    outer loop
      vertex   -3.500000e+01 -5.507041e-01 7.950000e+00
      vertex   -2.600000e+01 -8.527396e-01 8.597718e+00
      vertex   -2.600000e+01 -5.507041e-01 7.950000e+00
    endloop
  endfacet
  facet normal 1.132085e-16 8.191520e-01 5.735764e-01
    outer loop
      vertex   -3.500000e+01 -5.507041e-01 7.950000e+00
      vertex   -2.600000e+01 -5.507041e-01 7.950000e+00
      vertex   -3.500000e+01 -1.407821e-01 7.364571e+00
    endloop
  endfacet
  facet normal 1.132085e-16 8.191520e-01 5.735764e-01
    outer loop
      vertex   -3.500000e+01 -1.407821e-01 7.364571e+00
      vertex   -2.600000e+01 -5.507041e-01 7.950000e+00
      vertex   -2.600000e+01 -1.407821e-01 7.364571e+00
    endloop
  endfacet
  facet normal 1.395638e-16 7.071068e-01 7.071068e-01
    outer loop
      vertex   -3.500000e+01 -1.407821e-01 7.364571e+00
      vertex   -2.600000e+01 -1.407821e-01 7.364571e+00
      vertex   -3.500000e+01 3.645709e-01 6.859218e+00
    endloop
  endfacet
  facet normal 1.395638e-16 7.071068e-01 7.071068e-01
    outer loop
      vertex   -3.500000e+01 3.645709e-01 6.859218e+00
      vertex   -2.600000e+01 -1.407821e-01 7.364571e+00
      vertex   -2.600000e+01 3.645709e-01 6.859218e+00
    endloop
  endfacet
  facet normal 1.616785e-16 5.735764e-01 8.191520e-01
    outer loop
      vertex   -3.500000e+01 3.645709e-01 6.859218e+00
      vertex   -2.600000e+01 3.645709e-01 6.859218e+00
      vertex   -3.500000e+01 9.500001e-01 6.449296e+00
    endloop
  endfacet
  facet normal 1.434603e-16 5.735764e-01 8.191520e-01
    outer loop
      vertex   -3.500000e+01 9.500001e-01 6.449296e+00
      vertex   -2.600000e+01 3.645709e-01 6.859218e+00
      vertex   -2.600000e+01 9.500001e-01 6.449296e+00
    endloop
  endfacet
  facet normal 1.953343e-16 4.226183e-01 9.063078e-01
    outer loop
      vertex   -3.500000e+01 9.500001e-01 6.449296e+00
      vertex   -2.600000e+01 9.500001e-01 6.449296e+00
      vertex   -3.500000e+01 1.597718e+00 6.147260e+00
    endloop
  endfacet
  facet normal 2.639212e-16 4.226183e-01 9.063078e-01
    outer loop
      vertex   -3.500000e+01 1.597718e+00 6.147260e+00
      vertex   -2.600000e+01 9.500001e-01 6.449296e+00
      vertex   -2.600000e+01 1.597718e+00 6.147260e+00
    endloop
  endfacet
  facet normal 3.238259e-16 2.588190e-01 9.659258e-01
    outer loop
      vertex   -3.500000e+01 1.597718e+00 6.147260e+00
      vertex   -2.600000e+01 1.597718e+00 6.147260e+00
      vertex   -3.500000e+01 2.288043e+00 5.962288e+00
    endloop
  endfacet
  facet normal 1.906477e-16 2.588190e-01 9.659258e-01
    outer loop
      vertex   -3.500000e+01 2.288043e+00 5.962288e+00
      vertex   -2.600000e+01 1.597718e+00 6.147260e+00
      vertex   -2.600000e+01 2.288043e+00 5.962288e+00
    endloop
  endfacet
  facet normal 2.949329e-16 8.715574e-02 9.961947e-01
    outer loop
      vertex   -3.500000e+01 2.828804e+01 5.962288e+00
      vertex   -2.600000e+01 2.828804e+01 5.962288e+00
      vertex   -3.500000e+01 2.900000e+01 5.900000e+00
    endloop
  endfacet
  facet normal 1.966219e-16 8.715574e-02 9.961947e-01
    outer loop
      vertex   -3.500000e+01 2.900000e+01 5.900000e+00
      vertex   -2.600000e+01 2.828804e+01 5.962288e+00
      vertex   -2.600000e+01 2.900000e+01 5.900000e+00
    endloop
  endfacet
  facet normal 1.966219e-16 -8.715574e-02 9.961947e-01
    outer loop
      vertex   -3.500000e+01 2.900000e+01 5.900000e+00
      vertex   -2.600000e+01 2.900000e+01 5.900000e+00
      vertex   -3.500000e+01 2.971196e+01 5.962288e+00
    endloop
  endfacet
  facet normal 2.949329e-16 -8.715574e-02 9.961947e-01
    outer loop
      vertex   -3.500000e+01 2.971196e+01 5.962288e+00
      vertex   -2.600000e+01 2.900000e+01 5.900000e+00
      vertex   -2.600000e+01 2.971196e+01 5.962288e+00
    endloop
  endfacet
  facet normal 2.859715e-16 -2.588190e-01 9.659258e-01
    outer loop
      vertex   -3.500000e+01 2.971196e+01 5.962288e+00
      vertex   -2.600000e+01 2.971196e+01 5.962288e+00
      vertex   -3.500000e+01 3.040228e+01 6.147260e+00
    endloop
  endfacet
  facet normal 9.532383e-17 -2.588190e-01 9.659258e-01
    outer loop
      vertex   -3.500000e+01 3.040228e+01 6.147260e+00
      vertex   -2.600000e+01 2.971196e+01 5.962288e+00
      vertex   -2.600000e+01 3.040228e+01 6.147260e+00
    endloop
  endfacet
  facet normal 8.944034e-17 -4.226183e-01 9.063078e-01
    outer loop
      vertex   -3.500000e+01 3.040228e+01 6.147260e+00
      vertex   -2.600000e+01 3.040228e+01 6.147260e+00
      vertex   -3.500000e+01 3.105000e+01 6.449296e+00
    endloop
  endfacet
  facet normal 8.944034e-17 -4.226183e-01 9.063078e-01
    outer loop
      vertex   -3.500000e+01 3.105000e+01 6.449296e+00
      vertex   -2.600000e+01 3.040228e+01 6.147260e+00
      vertex   -2.600000e+01 3.105000e+01 6.449296e+00
    endloop
  endfacet
  facet normal 8.083924e-17 -5.735764e-01 8.191520e-01
    outer loop
      vertex   -3.500000e+01 3.105000e+01 6.449296e+00
      vertex   -2.600000e+01 3.105000e+01 6.449296e+00
      vertex   -3.500000e+01 3.163543e+01 6.859218e+00
    endloop
  endfacet
  facet normal 2.425177e-16 -5.735764e-01 8.191520e-01
    outer loop
      vertex   -3.500000e+01 3.163543e+01 6.859218e+00
      vertex   -2.600000e+01 3.105000e+01 6.449296e+00
      vertex   -2.600000e+01 3.163543e+01 6.859218e+00
    endloop
  endfacet
  facet normal 2.093457e-16 -7.071068e-01 7.071068e-01
    outer loop
      vertex   -3.500000e+01 3.163543e+01 6.859218e+00
      vertex   -2.600000e+01 3.163543e+01 6.859218e+00
      vertex   -3.500000e+01 3.214078e+01 7.364571e+00
    endloop
  endfacet
  facet normal 1.395638e-16 -7.071068e-01 7.071068e-01
    outer loop
      vertex   -3.500000e+01 3.214078e+01 7.364571e+00
      vertex   -2.600000e+01 3.163543e+01 6.859218e+00
      vertex   -2.600000e+01 3.214078e+01 7.364571e+00
    endloop
  endfacet
  facet normal 1.132085e-16 -8.191520e-01 5.735764e-01
    outer loop
      vertex   -3.500000e+01 3.214078e+01 7.364571e+00
      vertex   -2.600000e+01 3.214078e+01 7.364571e+00
      vertex   -3.500000e+01 3.255070e+01 7.950000e+00
    endloop
  endfacet
  facet normal 1.698127e-16 -8.191520e-01 5.735764e-01
    outer loop
      vertex   -3.500000e+01 3.255070e+01 7.950000e+00
      vertex   -2.600000e+01 3.214078e+01 7.364571e+00
      vertex   -2.600000e+01 3.255070e+01 7.950000e+00
    endloop
  endfacet
  facet normal 1.251201e-16 -9.063078e-01 4.226183e-01
    outer loop
      vertex   -3.500000e+01 3.255070e+01 7.950000e+00
      vertex   -2.600000e+01 3.255070e+01 7.950000e+00
      vertex   -3.500000e+01 3.285274e+01 8.597718e+00
    endloop
  endfacet
  facet normal 8.341343e-17 -9.063078e-01 4.226183e-01
    outer loop
      vertex   -3.500000e+01 3.285274e+01 8.597718e+00
      vertex   -2.600000e+01 3.255070e+01 7.950000e+00
      vertex   -2.600000e+01 3.285274e+01 8.597718e+00
    endloop
  endfacet
  facet normal 5.108389e-17 -9.659258e-01 2.588190e-01
    outer loop
      vertex   -3.500000e+01 3.285274e+01 8.597718e+00
      vertex   -2.600000e+01 3.285274e+01 8.597718e+00
      vertex   -3.500000e+01 3.303771e+01 9.288043e+00
    endloop
  endfacet
  facet normal 5.108389e-17 -9.659258e-01 2.588190e-01
    outer loop
      vertex   -3.500000e+01 3.303771e+01 9.288043e+00
      vertex   -2.600000e+01 3.285274e+01 8.597718e+00
      vertex   -2.600000e+01 3.303771e+01 9.288043e+00
    endloop
  endfacet
  facet normal 1.720219e-17 -9.961947e-01 8.715574e-02
    outer loop
      vertex   -3.500000e+01 3.303771e+01 9.288043e+00
      vertex   -2.600000e+01 3.303771e+01 9.288043e+00
      vertex   -3.500000e+01 3.310000e+01 1.000000e+01
    endloop
  endfacet
  facet normal 1.720219e-17 -9.961947e-01 8.715574e-02
    outer loop
      vertex   -3.500000e+01 3.310000e+01 1.000000e+01
      vertex   -2.600000e+01 3.303771e+01 9.288043e+00
      vertex   -2.600000e+01 3.310000e+01 1.000000e+01
    endloop
  endfacet
  facet normal -1.720219e-17 -9.961947e-01 -8.715574e-02
    outer loop
      vertex   -3.500000e+01 3.310000e+01 1.000000e+01
      vertex   -2.600000e+01 3.310000e+01 1.000000e+01
      vertex   -3.500000e+01 3.303771e+01 1.071196e+01
    endloop
  endfacet
  facet normal -1.720219e-17 -9.961947e-01 -8.715574e-02
    outer loop
      vertex   -3.500000e+01 3.303771e+01 1.071196e+01
      vertex   -2.600000e+01 3.310000e+01 1.000000e+01
      vertex   -2.600000e+01 3.303771e+01 1.071196e+01
    endloop
  endfacet
  facet normal -5.108389e-17 -9.659258e-01 -2.588190e-01
    outer loop
      vertex   -3.500000e+01 3.303771e+01 1.071196e+01
      vertex   -2.600000e+01 3.303771e+01 1.071196e+01
      vertex   -3.500000e+01 3.285274e+01 1.140228e+01
    endloop
  endfacet
  facet normal 0.000000e+00 -9.659258e-01 -2.588190e-01
    outer loop
      vertex   -3.500000e+01 3.285274e+01 1.140228e+01
      vertex   -2.600000e+01 3.303771e+01 1.071196e+01
      vertex   -2.600000e+01 3.285274e+01 1.140228e+01
    endloop
  endfacet
  facet normal 0.000000e+00 -9.063078e-01 -4.226183e-01
    outer loop
      vertex   -3.500000e+01 3.285274e+01 1.140228e+01
      vertex   -2.600000e+01 3.285274e+01 1.140228e+01
      vertex   -3.500000e+01 3.255070e+01 1.205000e+01
    endloop
  endfacet
  facet normal 0.000000e+00 -9.063078e-01 -4.226183e-01
    outer loop
      vertex   -3.500000e+01 3.255070e+01 1.205000e+01
      vertex   -2.600000e+01 3.285274e+01 1.140228e+01
      vertex   -2.600000e+01 3.255070e+01 1.205000e+01
    endloop
  endfacet
  facet normal 0.000000e+00 -8.191520e-01 -5.735764e-01
    outer loop
      vertex   -3.500000e+01 3.255070e+01 1.205000e+01
      vertex   -2.600000e+01 3.255070e+01 1.205000e+01
      vertex   -3.500000e+01 3.214078e+01 1.263543e+01
    endloop
  endfacet
  facet normal -2.264170e-16 -8.191520e-01 -5.735764e-01
    outer loop
      vertex   -3.500000e+01 3.214078e+01 1.263543e+01
      vertex   -2.600000e+01 3.255070e+01 1.205000e+01
      vertex   -2.600000e+01 3.214078e+01 1.263543e+01
    endloop
  endfacet
  facet normal -2.791275e-16 -7.071068e-01 -7.071068e-01
    outer loop
      vertex   -3.500000e+01 3.214078e+01 1.263543e+01
      vertex   -2.600000e+01 3.214078e+01 1.263543e+01
      vertex   -3.500000e+01 3.163543e+01 1.314078e+01
    endloop
  endfacet
  facet normal 0.000000e+00 -7.071068e-01 -7.071068e-01
    outer loop
      vertex   -3.500000e+01 3.163543e+01 1.314078e+01
      vertex   -2.600000e+01 3.214078e+01 1.263543e+01
      vertex   -2.600000e+01 3.163543e+01 1.314078e+01
    endloop
  endfacet
  facet normal 0.000000e+00 -5.735764e-01 -8.191520e-01
    outer loop
      vertex   -3.500000e+01 3.163543e+01 1.314078e+01
      vertex   -2.600000e+01 3.163543e+01 1.314078e+01
      vertex   -3.500000e+01 3.105000e+01 1.355070e+01
    endloop
  endfacet
  facet normal -3.233570e-16 -5.735764e-01 -8.191520e-01
    outer loop
      vertex   -3.500000e+01 3.105000e+01 1.355070e+01
      vertex   -2.600000e+01 3.163543e+01 1.314078e+01
      vertex   -2.600000e+01 3.105000e+01 1.355070e+01
    endloop
  endfacet
  facet normal -3.577613e-16 -4.226183e-01 -9.063078e-01
    outer loop
      vertex   -3.500000e+01 3.105000e+01 1.355070e+01
      vertex   -2.600000e+01 3.105000e+01 1.355070e+01
      vertex   -3.500000e+01 3.040228e+01 1.385274e+01
    endloop
  endfacet
  facet normal -3.577613e-16 -4.226183e-01 -9.063078e-01
    outer loop
      vertex   -3.500000e+01 3.040228e+01 1.385274e+01
      vertex   -2.600000e+01 3.105000e+01 1.355070e+01
      vertex   -2.600000e+01 3.040228e+01 1.385274e+01
    endloop
  endfacet
  facet normal -3.812953e-16 -2.588190e-01 -9.659258e-01
    outer loop
      vertex   -3.500000e+01 3.040228e+01 1.385274e+01
      vertex   -2.600000e+01 3.040228e+01 1.385274e+01
      vertex   -3.500000e+01 2.971196e+01 1.403771e+01
    endloop
  endfacet
  facet normal -2.043355e-16 -2.588190e-01 -9.659258e-01
    outer loop
      vertex   -3.500000e+01 2.971196e+01 1.403771e+01
      vertex   -2.600000e+01 3.040228e+01 1.385274e+01
      vertex   -2.600000e+01 2.971196e+01 1.403771e+01
    endloop
  endfacet
  facet normal -6.880876e-17 -8.715574e-02 -9.961947e-01
    outer loop
      vertex   -3.500000e+01 2.971196e+01 1.403771e+01
      vertex   -2.600000e+01 2.971196e+01 1.403771e+01
      vertex   -3.500000e+01 2.900000e+01 1.410000e+01
    endloop
  endfacet
  facet normal -1.966219e-16 -8.715574e-02 -9.961947e-01
    outer loop
      vertex   -3.500000e+01 2.900000e+01 1.410000e+01
      vertex   -2.600000e+01 2.971196e+01 1.403771e+01
      vertex   -2.600000e+01 2.900000e+01 1.410000e+01
    endloop
  endfacet
  facet normal -1.966219e-16 8.715574e-02 -9.961947e-01
    outer loop
      vertex   -3.500000e+01 2.900000e+01 1.410000e+01
      vertex   -2.600000e+01 2.900000e+01 1.410000e+01
      vertex   -3.500000e+01 2.828804e+01 1.403771e+01
    endloop
  endfacet
  facet normal 3.440438e-17 8.715574e-02 -9.961947e-01
    outer loop
      vertex   -3.500000e+01 2.828804e+01 1.403771e+01
      vertex   -2.600000e+01 2.900000e+01 1.410000e+01
      vertex   -2.600000e+01 2.828804e+01 1.403771e+01
    endloop
  endfacet
  facet normal 1.021678e-16 2.588190e-01 -9.659258e-01
    outer loop
      vertex   -3.500000e+01 2.828804e+01 1.403771e+01
      vertex   -2.600000e+01 2.828804e+01 1.403771e+01
      vertex   -3.500000e+01 2.759772e+01 1.385274e+01
    endloop
  endfacet
  facet normal -3.812953e-16 2.588190e-01 -9.659258e-01
    outer loop
      vertex   -3.500000e+01 2.759772e+01 1.385274e+01
      vertex   -2.600000e+01 2.828804e+01 1.403771e+01
      vertex   -2.600000e+01 2.759772e+01 1.385274e+01
    endloop
  endfacet
  facet normal -3.577613e-16 4.226183e-01 -9.063078e-01
    outer loop
      vertex   -3.500000e+01 2.759772e+01 1.385274e+01
      vertex   -2.600000e+01 2.759772e+01 1.385274e+01
      vertex   -3.500000e+01 2.695000e+01 1.355070e+01
    endloop
  endfacet
  facet normal -3.577613e-16 4.226183e-01 -9.063078e-01
    outer loop
      vertex   -3.500000e+01 2.695000e+01 1.355070e+01
      vertex   -2.600000e+01 2.759772e+01 1.385274e+01
      vertex   -2.600000e+01 2.695000e+01 1.355070e+01
    endloop
  endfacet
  facet normal -3.233570e-16 5.735764e-01 -8.191520e-01
    outer loop
      vertex   -3.500000e+01 2.695000e+01 1.355070e+01
      vertex   -2.600000e+01 2.695000e+01 1.355070e+01
      vertex   -3.500000e+01 2.636457e+01 1.314078e+01
    endloop
  endfacet
  facet normal 0.000000e+00 5.735764e-01 -8.191520e-01
    outer loop
      vertex   -3.500000e+01 2.636457e+01 1.314078e+01
      vertex   -2.600000e+01 2.695000e+01 1.355070e+01
      vertex   -2.600000e+01 2.636457e+01 1.314078e+01
    endloop
  endfacet
  facet normal 0.000000e+00 7.071068e-01 -7.071068e-01
    outer loop
      vertex   -3.500000e+01 2.636457e+01 1.314078e+01
      vertex   -2.600000e+01 2.636457e+01 1.314078e+01
      vertex   -3.500000e+01 2.585922e+01 1.263543e+01
    endloop
  endfacet
  facet normal -2.791275e-16 7.071068e-01 -7.071068e-01
    outer loop
      vertex   -3.500000e+01 2.585922e+01 1.263543e+01
      vertex   -2.600000e+01 2.636457e+01 1.314078e+01
      vertex   -2.600000e+01 2.585922e+01 1.263543e+01
    endloop
  endfacet
  facet normal -2.264170e-16 8.191520e-01 -5.735764e-01
    outer loop
      vertex   -3.500000e+01 2.585922e+01 1.263543e+01
      vertex   -2.600000e+01 2.585922e+01 1.263543e+01
      vertex   -3.500000e+01 2.544930e+01 1.205000e+01
    endloop
  endfacet
  facet normal -2.264170e-16 8.191520e-01 -5.735764e-01
    outer loop
      vertex   -3.500000e+01 2.544930e+01 1.205000e+01
      vertex   -2.600000e+01 2.585922e+01 1.263543e+01
      vertex   -2.600000e+01 2.544930e+01 1.205000e+01
    endloop
  endfacet
  facet normal -1.668269e-16 9.063078e-01 -4.226183e-01
    outer loop
      vertex   -3.500000e+01 2.544930e+01 1.205000e+01
      vertex   -2.600000e+01 2.544930e+01 1.205000e+01
      vertex   -3.500000e+01 2.514726e+01 1.140228e+01
    endloop
  endfacet
  facet normal -2.502403e-16 9.063078e-01 -4.226183e-01
    outer loop
      vertex   -3.500000e+01 2.514726e+01 1.140228e+01
      vertex   -2.600000e+01 2.544930e+01 1.205000e+01
      vertex   -2.600000e+01 2.514726e+01 1.140228e+01
    endloop
  endfacet
  facet normal -1.532517e-16 9.659258e-01 -2.588190e-01
    outer loop
      vertex   -3.500000e+01 2.514726e+01 1.140228e+01
      vertex   -2.600000e+01 2.514726e+01 1.140228e+01
      vertex   -3.500000e+01 2.496229e+01 1.071196e+01
    endloop
  endfacet
  facet normal -5.108389e-17 9.659258e-01 -2.588190e-01
    outer loop
      vertex   -3.500000e+01 2.496229e+01 1.071196e+01
      vertex   -2.600000e+01 2.514726e+01 1.140228e+01
      vertex   -2.600000e+01 2.496229e+01 1.071196e+01
    endloop
  endfacet
  facet normal -1.720219e-17 9.961947e-01 -8.715574e-02
    outer loop
      vertex   -3.500000e+01 2.496229e+01 1.071196e+01
      vertex   -2.600000e+01 2.496229e+01 1.071196e+01
      vertex   -3.500000e+01 2.490000e+01 1.000000e+01
    endloop
  endfacet
  facet normal -1.720219e-17 9.961947e-01 -8.715574e-02
    outer loop
      vertex   -3.500000e+01 2.490000e+01 1.000000e+01
      vertex   -2.600000e+01 2.496229e+01 1.071196e+01
      vertex   -2.600000e+01 2.490000e+01 1.000000e+01
    endloop
  endfacet
  facet normal 1.720219e-17 9.961947e-01 8.715574e-02
    outer loop
      vertex   -3.500000e+01 2.490000e+01 1.000000e+01
      vertex   -2.600000e+01 2.490000e+01 1.000000e+01
      vertex   -3.500000e+01 2.496229e+01 9.288043e+00
    endloop
  endfacet
  facet normal 3.440438e-17 9.961947e-01 8.715574e-02
    outer loop
      vertex   -3.500000e+01 2.496229e+01 9.288043e+00
      vertex   -2.600000e+01 2.490000e+01 1.000000e+01
      vertex   -2.600000e+01 2.496229e+01 9.288043e+00
    endloop
  endfacet
  facet normal 1.021678e-16 9.659258e-01 2.588190e-01
    outer loop
      vertex   -3.500000e+01 2.496229e+01 9.288043e+00
      vertex   -2.600000e+01 2.496229e+01 9.288043e+00
      vertex   -3.500000e+01 2.514726e+01 8.597718e+00
    endloop
  endfacet
  facet normal 1.021678e-16 9.659258e-01 2.588190e-01
    outer loop
      vertex   -3.500000e+01 2.514726e+01 8.597718e+00
      vertex   -2.600000e+01 2.496229e+01 9.288043e+00
      vertex   -2.600000e+01 2.514726e+01 8.597718e+00
    endloop
  endfacet
  facet normal 1.668269e-16 9.063078e-01 4.226183e-01
    outer loop
      vertex   -3.500000e+01 2.514726e+01 8.597718e+00
      vertex   -2.600000e+01 2.514726e+01 8.597718e+00
      vertex   -3.500000e+01 2.544930e+01 7.950000e+00
    endloop
  endfacet
  facet normal 1.251201e-16 9.063078e-01 4.226183e-01
    outer loop
      vertex   -3.500000e+01 2.544930e+01 7.950000e+00
      vertex   -2.600000e+01 2.514726e+01 8.597718e+00
      vertex   -2.600000e+01 2.544930e+01 7.950000e+00
    endloop
  endfacet
  facet normal 1.698127e-16 8.191520e-01 5.735764e-01
    outer loop
      vertex   -3.500000e+01 2.544930e+01 7.950000e+00
      vertex   -2.600000e+01 2.544930e+01 7.950000e+00
      vertex   -3.500000e+01 2.585922e+01 7.364571e+00
    endloop
  endfacet
  facet normal 1.132085e-16 8.191520e-01 5.735764e-01
    outer loop
      vertex   -3.500000e+01 2.585922e+01 7.364571e+00
      vertex   -2.600000e+01 2.544930e+01 7.950000e+00
      vertex   -2.600000e+01 2.585922e+01 7.364571e+00
    endloop
  endfacet
  facet normal 1.395638e-16 7.071068e-01 7.071068e-01
    outer loop
      vertex   -3.500000e+01 2.585922e+01 7.364571e+00
      vertex   -2.600000e+01 2.585922e+01 7.364571e+00
      vertex   -3.500000e+01 2.636457e+01 6.859218e+00
    endloop
  endfacet
  facet normal 2.093457e-16 7.071068e-01 7.071068e-01
    outer loop
      vertex   -3.500000e+01 2.636457e+01 6.859218e+00
      vertex   -2.600000e+01 2.585922e+01 7.364571e+00
      vertex   -2.600000e+01 2.636457e+01 6.859218e+00
    endloop
  endfacet
  facet normal 2.425177e-16 5.735764e-01 8.191520e-01
    outer loop
      vertex   -3.500000e+01 2.636457e+01 6.859218e+00
      vertex   -2.600000e+01 2.636457e+01 6.859218e+00
      vertex   -3.500000e+01 2.695000e+01 6.449296e+00
    endloop
  endfacet
  facet normal 3.233570e-16 5.735764e-01 8.191520e-01
    outer loop
      vertex   -3.500000e+01 2.695000e+01 6.449296e+00
      vertex   -2.600000e+01 2.636457e+01 6.859218e+00
      vertex   -2.600000e+01 2.695000e+01 6.449296e+00
    endloop
  endfacet
  facet normal 3.577613e-16 4.226183e-01 9.063078e-01
    outer loop
      vertex   -3.500000e+01 2.695000e+01 6.449296e+00
      vertex   -2.600000e+01 2.695000e+01 6.449296e+00
      vertex   -3.500000e+01 2.759772e+01 6.147260e+00
    endloop
  endfacet
  facet normal 2.683210e-16 4.226183e-01 9.063078e-01
    outer loop
      vertex   -3.500000e+01 2.759772e+01 6.147260e+00
      vertex   -2.600000e+01 2.695000e+01 6.449296e+00
      vertex   -2.600000e+01 2.759772e+01 6.147260e+00
    endloop
  endfacet
  facet normal 2.859715e-16 2.588190e-01 9.659258e-01
    outer loop
      vertex   -3.500000e+01 2.759772e+01 6.147260e+00
      vertex   -2.600000e+01 2.759772e+01 6.147260e+00
      vertex   -3.500000e+01 2.828804e+01 5.962288e+00
    endloop
  endfacet
  facet normal 2.859715e-16 2.588190e-01 9.659258e-01
    outer loop
      vertex   -3.500000e+01 2.828804e+01 5.962288e+00
      vertex   -2.600000e+01 2.759772e+01 6.147260e+00
      vertex   -2.600000e+01 2.828804e+01 5.962288e+00
    endloop
  endfacet
  facet normal 1.000000e+00 -0.000000e+00 3.872957e-15
    outer loop
      vertex   -3.200000e+01 5.000000e+01 5.500000e+01
      vertex   -3.200000e+01 5.338506e+01 5.316537e+01
      vertex   -3.200000e+01 6.000000e+01 5.500000e+01
    endloop
  endfacet
  facet normal 1.000000e+00 0.000000e+00 3.872957e-15
    outer loop
      vertex   -3.200000e+01 6.000000e+01 5.500000e+01
      vertex   -3.200000e+01 5.338506e+01 5.316537e+01
      vertex   -3.200000e+01 5.738506e+01 5.316537e+01
    endloop
  endfacet
  facet normal 1.000000e+00 3.041872e-16 3.439391e-15
    outer loop
      vertex   -3.200000e+01 6.000000e+01 5.500000e+01
      vertex   -3.200000e+01 5.738506e+01 5.316537e+01
      vertex   -3.200000e+01 5.791160e+01 5.311881e+01
    endloop
  endfacet
  facet normal 1.000000e+00 -1.845275e-14 3.928103e-23
    outer loop
      vertex   -3.200000e+01 5.000000e+01 6.000000e+00
      vertex   -3.200000e+01 5.038506e+01 5.016537e+01
      vertex   -3.200000e+01 5.000000e+01 5.500000e+01
    endloop
  endfacet
  facet normal 1.000000e+00 -8.250329e-15 8.125864e-16
    outer loop
      vertex   -3.200000e+01 5.000000e+01 5.500000e+01
      vertex   -3.200000e+01 5.038506e+01 5.016537e+01
      vertex   -3.200000e+01 5.044271e+01 5.075065e+01
    endloop
  endfacet
  facet normal 1.000000e+00 -4.103075e-15 1.244654e-15
    outer loop
      vertex   -3.200000e+01 5.000000e+01 5.500000e+01
      vertex   -3.200000e+01 5.044271e+01 5.075065e+01
      vertex   -3.200000e+01 5.061342e+01 5.131342e+01
    endloop
  endfacet
  facet normal 1.000000e+00 -1.845275e-14 8.906163e-29
    outer loop
      vertex   -3.200000e+01 5.000000e+01 6.000000e+00
      vertex   -3.200000e+01 5.038506e+01 6.000000e+00
      vertex   -3.200000e+01 5.038506e+01 5.016537e+01
    endloop
  endfacet
  facet normal 1.000000e+00 -2.749845e-15 1.469823e-15
    outer loop
      vertex   -3.200000e+01 5.061342e+01 5.131342e+01
      vertex   -3.200000e+01 5.089065e+01 5.183208e+01
      vertex   -3.200000e+01 5.000000e+01 5.500000e+01
    endloop
  endfacet
  facet normal 1.000000e+00 -2.035652e-15 1.670616e-15
    outer loop
      vertex   -3.200000e+01 5.000000e+01 5.500000e+01
      vertex   -3.200000e+01 5.089065e+01 5.183208e+01
      vertex   -3.200000e+01 5.126374e+01 5.228669e+01
    endloop
  endfacet
  facet normal 1.000000e+00 -1.554828e-15 1.894563e-15
    outer loop
      vertex   -3.200000e+01 5.000000e+01 5.500000e+01
      vertex   -3.200000e+01 5.126374e+01 5.228669e+01
      vertex   -3.200000e+01 5.171835e+01 5.265978e+01
    endloop
  endfacet
  facet normal 1.000000e+00 -1.165476e-15 2.180452e-15
    outer loop
      vertex   -3.200000e+01 5.171835e+01 5.265978e+01
      vertex   -3.200000e+01 5.223701e+01 5.293701e+01
      vertex   -3.200000e+01 5.000000e+01 5.500000e+01
    endloop
  endfacet
  facet normal 1.000000e+00 -7.861927e-16 2.591730e-15
    outer loop
      vertex   -3.200000e+01 5.000000e+01 5.500000e+01
      vertex   -3.200000e+01 5.223701e+01 5.293701e+01
      vertex   -3.200000e+01 5.279979e+01 5.310773e+01
    endloop
  endfacet
  facet normal 1.000000e+00 -3.227931e-16 3.277373e-15
    outer loop
      vertex   -3.200000e+01 5.000000e+01 5.500000e+01
      vertex   -3.200000e+01 5.279979e+01 5.310773e+01
      vertex   -3.200000e+01 5.338506e+01 5.316537e+01
    endloop
  endfacet
  facet normal 1.000000e+00 7.868483e-16 2.903566e-15
    outer loop
      vertex   -3.200000e+01 5.791160e+01 5.311881e+01
      vertex   -3.200000e+01 5.842178e+01 5.298055e+01
      vertex   -3.200000e+01 6.000000e+01 5.500000e+01
    endloop
  endfacet
  facet normal 1.000000e+00 1.213360e-15 2.570243e-15
    outer loop
      vertex   -3.200000e+01 6.000000e+01 5.500000e+01
      vertex   -3.200000e+01 5.842178e+01 5.298055e+01
      vertex   -3.200000e+01 5.889979e+01 5.275489e+01
    endloop
  endfacet
  facet normal 1.000000e+00 1.667242e-15 2.347818e-15
    outer loop
      vertex   -3.200000e+01 6.000000e+01 5.500000e+01
      vertex   -3.200000e+01 5.889979e+01 5.275489e+01
      vertex   -3.200000e+01 5.933076e+01 5.244885e+01
    endloop
  endfacet
  facet normal 1.000000e+00 2.236304e-15 2.198538e-15
    outer loop
      vertex   -3.200000e+01 5.933076e+01 5.244885e+01
      vertex   -3.200000e+01 5.970134e+01 5.207191e+01
      vertex   -3.200000e+01 6.000000e+01 5.500000e+01
    endloop
  endfacet
  facet normal 1.000000e+00 2.379073e-14 0.000000e+00
    outer loop
      vertex   -3.200000e+01 6.000000e+01 5.500000e+01
      vertex   -3.200000e+01 5.970134e+01 5.207191e+01
      vertex   -3.200000e+01 6.000000e+01 5.163578e+01
    endloop
  endfacet
endsolid
