solid ASCII
  facet normal 5.684343e-14 -1.000000e+00 1.241222e-24
    outer loop
      vertex   -2.340000e+02 2.272609e+02 8.549870e+01
      vertex   -2.290000e+02 2.272609e+02 8.549870e+01
      vertex   -2.340000e+02 2.272609e+02 8.550000e+01
    endloop
  endfacet
  facet normal 5.684343e-14 -1.000000e+00 0.000000e+00
    outer loop
      vertex   -2.340000e+02 2.272609e+02 8.550000e+01
      vertex   -2.290000e+02 2.272609e+02 8.549870e+01
      vertex   -2.290000e+02 2.272609e+02 8.550000e+01
    endloop
  endfacet
  facet normal -2.842171e-15 -5.570655e-14 1.000000e+00
    outer loop
      vertex   -2.340000e+02 2.022609e+02 8.549870e+01
      vertex   -2.290000e+02 2.022609e+02 8.549870e+01
      vertex   -2.340000e+02 2.272609e+02 8.549870e+01
    endloop
  endfacet
  facet normal -2.842171e-15 -5.570655e-14 1.000000e+00
    outer loop
      vertex   -2.340000e+02 2.272609e+02 8.549870e+01
      vertex   -2.290000e+02 2.022609e+02 8.549870e+01
      vertex   -2.290000e+02 2.272609e+02 8.549870e+01
    endloop
  endfacet
  facet normal -5.115908e-14 1.000000e+00 0.000000e+00
    outer loop
      vertex   -2.340000e+02 2.022609e+02 8.550000e+01
      vertex   -2.290000e+02 2.022609e+02 8.550000e+01
      vertex   -2.340000e+02 2.022609e+02 8.549870e+01
    endloop
  endfacet
  facet normal -5.115908e-14 1.000000e+00 0.000000e+00
    outer loop
      vertex   -2.340000e+02 2.022609e+02 8.549870e+01
      vertex   -2.290000e+02 2.022609e+02 8.550000e+01
      vertex   -2.290000e+02 2.022609e+02 8.549870e+01
    endloop
  endfacet
  facet normal 1.000000e+00 -2.527187e-15 0.000000e+00
    outer loop
      vertex   -2.290000e+02 2.272609e+02 8.550000e+01
      vertex   -2.290000e+02 2.272609e+02 8.549870e+01
      vertex   -2.290000e+02 2.610000e+02 8.550000e+01
    endloop
  endfacet
  facet normal 1.000000e+00 -2.527187e-15 -1.210436e-22
    outer loop
      vertex   -2.290000e+02 2.610000e+02 8.550000e+01
      vertex   -2.290000e+02 2.272609e+02 8.549870e+01
      vertex   -2.290000e+02 2.610000e+02 8.050000e+01
    endloop
  endfacet
  facet normal 1.000000e+00 -1.136868e-15 9.384076e-15
    outer loop
      vertex   -2.290000e+02 2.610000e+02 8.050000e+01
      vertex   -2.290000e+02 2.272609e+02 8.549870e+01
      vertex   -2.290000e+02 2.022609e+02 8.549870e+01
    endloop
  endfacet
  facet normal 1.000000e+00 -1.845788e-15 1.053641e-15
    outer loop
      vertex   -2.290000e+02 2.610000e+02 8.050000e+01
      vertex   -2.290000e+02 2.022609e+02 8.549870e+01
      vertex   -2.290000e+02 1.110000e+02 6.050000e+01
    endloop
  endfacet
  facet normal 1.000000e+00 -1.557169e-15 8.851479e-31
    outer loop
      vertex   -2.290000e+02 1.110000e+02 6.050000e+01
      vertex   -2.290000e+02 2.022609e+02 8.549870e+01
      vertex   -2.290000e+02 1.110000e+02 8.550000e+01
    endloop
  endfacet
  facet normal 1.000000e+00 -1.557169e-15 0.000000e+00
    outer loop
      vertex   -2.290000e+02 1.110000e+02 8.550000e+01
      vertex   -2.290000e+02 2.022609e+02 8.549870e+01
      vertex   -2.290000e+02 2.022609e+02 8.550000e+01
    endloop
  endfacet
  facet normal 1.000000e+00 -1.705303e-15 0.000000e+00
    outer loop
      vertex   -2.290000e+02 1.110000e+02 6.050000e+01
      vertex   -2.290000e+02 2.610000e+02 6.050000e+01
      vertex   -2.290000e+02 2.610000e+02 8.050000e+01
    endloop
  endfacet
  facet normal -1.000000e+00 4.550110e-15 -2.183580e-11
    outer loop
      vertex   -2.340000e+02 2.272609e+02 8.550000e+01
      vertex   -2.340000e+02 2.460000e+02 8.550000e+01
      vertex   -2.340000e+02 2.272609e+02 8.549870e+01
    endloop
  endfacet
  facet normal -1.000000e+00 3.033406e-15 0.000000e+00
    outer loop
      vertex   -2.340000e+02 2.272609e+02 8.549870e+01
      vertex   -2.340000e+02 2.460000e+02 8.550000e+01
      vertex   -2.340000e+02 2.460000e+02 8.050000e+01
    endloop
  endfacet
  facet normal -1.000000e+00 1.136868e-15 -7.109748e-15
    outer loop
      vertex   -2.340000e+02 2.272609e+02 8.549870e+01
      vertex   -2.340000e+02 2.460000e+02 8.050000e+01
      vertex   -2.340000e+02 2.022609e+02 8.549870e+01
    endloop
  endfacet
  facet normal -1.000000e+00 1.863997e-15 -7.472963e-16
    outer loop
      vertex   -2.340000e+02 2.022609e+02 8.549870e+01
      vertex   -2.340000e+02 2.460000e+02 8.050000e+01
      vertex   -2.340000e+02 1.160000e+02 6.050000e+01
    endloop
  endfacet
  facet normal -1.000000e+00 1.926595e-15 -9.632971e-16
    outer loop
      vertex   -2.340000e+02 2.022609e+02 8.549870e+01
      vertex   -2.340000e+02 1.160000e+02 6.050000e+01
      vertex   -2.340000e+02 1.260000e+02 8.050000e+01
    endloop
  endfacet
  facet normal -1.000000e+00 -0.000000e+00 0.000000e+00
    outer loop
      vertex   -2.340000e+02 1.260000e+02 8.050000e+01
      vertex   -2.340000e+02 1.160000e+02 6.050000e+01
      vertex   -2.340000e+02 1.160000e+02 8.050000e+01
    endloop
  endfacet
  facet normal -1.000000e+00 2.842171e-15 0.000000e+00
    outer loop
      vertex   -2.340000e+02 2.560000e+02 8.050000e+01
      vertex   -2.340000e+02 2.560000e+02 6.050000e+01
      vertex   -2.340000e+02 2.460000e+02 8.050000e+01
    endloop
  endfacet
  facet normal -1.000000e+00 1.827110e-15 -5.075305e-16
    outer loop
      vertex   -2.340000e+02 2.460000e+02 8.050000e+01
      vertex   -2.340000e+02 2.560000e+02 6.050000e+01
      vertex   -2.340000e+02 1.160000e+02 6.050000e+01
    endloop
  endfacet
  facet normal -1.000000e+00 1.863453e-15 0.000000e+00
    outer loop
      vertex   -2.340000e+02 1.260000e+02 8.050000e+01
      vertex   -2.340000e+02 1.260000e+02 8.550000e+01
      vertex   -2.340000e+02 2.022609e+02 8.549870e+01
    endloop
  endfacet
  facet normal -1.000000e+00 1.863453e-15 0.000000e+00
    outer loop
      vertex   -2.340000e+02 2.022609e+02 8.549870e+01
      vertex   -2.340000e+02 1.260000e+02 8.550000e+01
      vertex   -2.340000e+02 2.022609e+02 8.550000e+01
    endloop
  endfacet
  facet normal -1.000000e+00 0.000000e+00 0.000000e+00
    outer loop
      vertex   -2.745000e+02 1.180000e+02 1.015000e+02
      vertex   -2.745000e+02 1.180000e+02 9.550000e+01
      vertex   -2.745000e+02 1.128536e+02 9.635355e+01
    endloop
  endfacet
  facet normal -1.000000e+00 0.000000e+00 0.000000e+00
    outer loop
      vertex   -2.745000e+02 1.128536e+02 9.635355e+01
      vertex   -2.745000e+02 1.180000e+02 9.550000e+01
      vertex   -2.745000e+02 1.132071e+02 9.550000e+01
    endloop
  endfacet
  facet normal -1.000000e+00 0.000000e+00 0.000000e+00
    outer loop
      vertex   -2.745000e+02 1.128536e+02 9.635355e+01
      vertex   -2.745000e+02 1.132071e+02 9.550000e+01
      vertex   -2.745000e+02 1.130777e+02 9.551704e+01
    endloop
  endfacet
  facet normal -1.000000e+00 0.000000e+00 -0.000000e+00
    outer loop
      vertex   -2.745000e+02 1.180000e+02 1.015000e+02
      vertex   -2.745000e+02 1.230000e+02 1.015000e+02
      vertex   -2.745000e+02 1.180000e+02 9.550000e+01
    endloop
  endfacet
  facet normal -1.000000e+00 4.166299e-15 -3.471916e-15
    outer loop
      vertex   -2.745000e+02 1.180000e+02 9.550000e+01
      vertex   -2.745000e+02 1.230000e+02 1.015000e+02
      vertex   -2.745000e+02 1.249770e+02 8.750000e+01
    endloop
  endfacet
  facet normal -1.000000e+00 0.000000e+00 -7.105427e-15
    outer loop
      vertex   -2.745000e+02 1.180000e+02 9.550000e+01
      vertex   -2.745000e+02 1.249770e+02 8.750000e+01
      vertex   -2.745000e+02 1.180000e+02 8.750000e+01
    endloop
  endfacet
  facet normal -1.000000e+00 0.000000e+00 0.000000e+00
    outer loop
      vertex   -2.745000e+02 1.130777e+02 9.551704e+01
      vertex   -2.745000e+02 1.129571e+02 9.556699e+01
      vertex   -2.745000e+02 1.128536e+02 9.635355e+01
    endloop
  endfacet
  facet normal -1.000000e+00 0.000000e+00 0.000000e+00
    outer loop
      vertex   -2.745000e+02 1.128536e+02 9.635355e+01
      vertex   -2.745000e+02 1.129571e+02 9.556699e+01
      vertex   -2.745000e+02 1.128536e+02 9.564645e+01
    endloop
  endfacet
  facet normal -1.000000e+00 0.000000e+00 -0.000000e+00
    outer loop
      vertex   -2.745000e+02 1.128536e+02 9.635355e+01
      vertex   -2.745000e+02 1.128536e+02 9.564645e+01
      vertex   -2.745000e+02 1.127741e+02 9.625000e+01
    endloop
  endfacet
  facet normal -1.000000e+00 0.000000e+00 0.000000e+00
    outer loop
      vertex   -2.745000e+02 1.127741e+02 9.625000e+01
      vertex   -2.745000e+02 1.128536e+02 9.564645e+01
      vertex   -2.745000e+02 1.127741e+02 9.575000e+01
    endloop
  endfacet
  facet normal -1.000000e+00 0.000000e+00 -0.000000e+00
    outer loop
      vertex   -2.745000e+02 1.127741e+02 9.625000e+01
      vertex   -2.745000e+02 1.127741e+02 9.575000e+01
      vertex   -2.745000e+02 1.127241e+02 9.612941e+01
    endloop
  endfacet
  facet normal -1.000000e+00 0.000000e+00 0.000000e+00
    outer loop
      vertex   -2.745000e+02 1.127241e+02 9.612941e+01
      vertex   -2.745000e+02 1.127741e+02 9.575000e+01
      vertex   -2.745000e+02 1.127241e+02 9.587059e+01
    endloop
  endfacet
  facet normal -1.000000e+00 0.000000e+00 -0.000000e+00
    outer loop
      vertex   -2.745000e+02 1.127241e+02 9.612941e+01
      vertex   -2.745000e+02 1.127241e+02 9.587059e+01
      vertex   -2.745000e+02 1.127071e+02 9.600000e+01
    endloop
  endfacet
  facet normal 0.000000e+00 0.000000e+00 -1.000000e+00
    outer loop
      vertex   -2.745000e+02 1.132071e+02 9.550000e+01
      vertex   -2.745000e+02 1.180000e+02 9.550000e+01
      vertex   -2.695000e+02 1.132071e+02 9.550000e+01
    endloop
  endfacet
  facet normal 0.000000e+00 0.000000e+00 -1.000000e+00
    outer loop
      vertex   -2.695000e+02 1.132071e+02 9.550000e+01
      vertex   -2.745000e+02 1.180000e+02 9.550000e+01
      vertex   -2.695000e+02 1.180000e+02 9.550000e+01
    endloop
  endfacet
  facet normal 0.000000e+00 -0.000000e+00 1.000000e+00
    outer loop
      vertex   -2.695000e+02 1.180000e+02 1.015000e+02
      vertex   -2.695000e+02 1.230000e+02 1.015000e+02
      vertex   -2.745000e+02 1.180000e+02 1.015000e+02
    endloop
  endfacet
  facet normal 0.000000e+00 0.000000e+00 1.000000e+00
    outer loop
      vertex   -2.745000e+02 1.180000e+02 1.015000e+02
      vertex   -2.695000e+02 1.230000e+02 1.015000e+02
      vertex   -2.745000e+02 1.230000e+02 1.015000e+02
    endloop
  endfacet
  facet normal -0.000000e+00 9.901764e-01 1.398240e-01
    outer loop
      vertex   -2.745829e+02 1.250574e+02 8.693002e+01
      vertex   -2.745370e+02 1.250310e+02 8.711705e+01
      vertex   -2.694171e+02 1.250574e+02 8.693002e+01
    endloop
  endfacet
  facet normal 2.772920e-15 9.901764e-01 1.398240e-01
    outer loop
      vertex   -2.694171e+02 1.250574e+02 8.693002e+01
      vertex   -2.745370e+02 1.250310e+02 8.711705e+01
      vertex   -2.694630e+02 1.250310e+02 8.711705e+01
    endloop
  endfacet
  facet normal 2.773202e-15 9.901764e-01 1.398240e-01
    outer loop
      vertex   -2.694630e+02 1.250310e+02 8.711705e+01
      vertex   -2.745370e+02 1.250310e+02 8.711705e+01
      vertex   -2.745093e+02 1.250041e+02 8.730763e+01
    endloop
  endfacet
  facet normal 2.803411e-15 9.901764e-01 1.398240e-01
    outer loop
      vertex   -2.694630e+02 1.250310e+02 8.711705e+01
      vertex   -2.745093e+02 1.250041e+02 8.730763e+01
      vertex   -2.694907e+02 1.250041e+02 8.730763e+01
    endloop
  endfacet
  facet normal 2.803851e-15 9.901764e-01 1.398240e-01
    outer loop
      vertex   -2.694907e+02 1.250041e+02 8.730763e+01
      vertex   -2.745093e+02 1.250041e+02 8.730763e+01
      vertex   -2.745000e+02 1.249770e+02 8.750000e+01
    endloop
  endfacet
  facet normal 0.000000e+00 9.901764e-01 1.398240e-01
    outer loop
      vertex   -2.694907e+02 1.250041e+02 8.730763e+01
      vertex   -2.745000e+02 1.249770e+02 8.750000e+01
      vertex   -2.695000e+02 1.249770e+02 8.750000e+01
    endloop
  endfacet
  facet normal 0.000000e+00 9.901764e-01 1.398240e-01
    outer loop
      vertex   -2.695000e+02 1.249770e+02 8.750000e+01
      vertex   -2.745000e+02 1.249770e+02 8.750000e+01
      vertex   -2.745000e+02 1.230000e+02 1.015000e+02
    endloop
  endfacet
  facet normal 0.000000e+00 9.901764e-01 1.398240e-01
    outer loop
      vertex   -2.695000e+02 1.249770e+02 8.750000e+01
      vertex   -2.745000e+02 1.230000e+02 1.015000e+02
      vertex   -2.695000e+02 1.230000e+02 1.015000e+02
    endloop
  endfacet
  facet normal -0.000000e+00 9.757738e-01 2.187816e-01
    outer loop
      vertex   -2.745829e+02 1.250574e+02 8.693002e+01
      vertex   -2.694171e+02 1.250574e+02 8.693002e+01
      vertex   -2.747039e+02 1.251268e+02 8.662085e+01
    endloop
  endfacet
  facet normal -1.149837e-15 9.757738e-01 2.187816e-01
    outer loop
      vertex   -2.747039e+02 1.251268e+02 8.662085e+01
      vertex   -2.694171e+02 1.250574e+02 8.693002e+01
      vertex   -2.692961e+02 1.251268e+02 8.662085e+01
    endloop
  endfacet
  facet normal -1.922194e-15 9.307173e-01 3.657393e-01
    outer loop
      vertex   -2.747039e+02 1.251268e+02 8.662085e+01
      vertex   -2.692961e+02 1.251268e+02 8.662085e+01
      vertex   -2.691265e+02 1.252386e+02 8.633616e+01
    endloop
  endfacet
  facet normal 1.397353e-15 9.307173e-01 3.657393e-01
    outer loop
      vertex   -2.747039e+02 1.251268e+02 8.662085e+01
      vertex   -2.691265e+02 1.252386e+02 8.633616e+01
      vertex   -2.748735e+02 1.252386e+02 8.633616e+01
    endloop
  endfacet
  facet normal 9.043922e-16 8.659229e-01 5.001775e-01
    outer loop
      vertex   -2.748735e+02 1.252386e+02 8.633616e+01
      vertex   -2.691265e+02 1.252386e+02 8.633616e+01
      vertex   -2.689184e+02 1.253806e+02 8.609042e+01
    endloop
  endfacet
  facet normal 3.994955e-15 8.659229e-01 5.001775e-01
    outer loop
      vertex   -2.748735e+02 1.252386e+02 8.633616e+01
      vertex   -2.689184e+02 1.253806e+02 8.609042e+01
      vertex   -2.750816e+02 1.253806e+02 8.609042e+01
    endloop
  endfacet
  facet normal 3.654167e-15 7.923929e-01 6.100111e-01
    outer loop
      vertex   -2.750816e+02 1.253806e+02 8.609042e+01
      vertex   -2.689184e+02 1.253806e+02 8.609042e+01
      vertex   -2.753122e+02 1.255341e+02 8.589095e+01
    endloop
  endfacet
  facet normal -0.000000e+00 7.923929e-01 6.100111e-01
    outer loop
      vertex   -2.753122e+02 1.255341e+02 8.589095e+01
      vertex   -2.689184e+02 1.253806e+02 8.609042e+01
      vertex   -2.686878e+02 1.255341e+02 8.589095e+01
    endloop
  endfacet
  facet normal -0.000000e+00 7.122230e-01 7.019533e-01
    outer loop
      vertex   -2.753122e+02 1.255341e+02 8.589095e+01
      vertex   -2.686878e+02 1.255341e+02 8.589095e+01
      vertex   -2.684317e+02 1.256923e+02 8.573050e+01
    endloop
  endfacet
  facet normal 0.000000e+00 6.375324e-01 7.704235e-01
    outer loop
      vertex   -2.681419e+02 1.258429e+02 8.560582e+01
      vertex   -2.758581e+02 1.258429e+02 8.560582e+01
      vertex   -2.684317e+02 1.256923e+02 8.573050e+01
    endloop
  endfacet
  facet normal 6.612020e-15 6.375324e-01 7.704235e-01
    outer loop
      vertex   -2.684317e+02 1.256923e+02 8.573050e+01
      vertex   -2.758581e+02 1.258429e+02 8.560582e+01
      vertex   -2.755683e+02 1.256923e+02 8.573050e+01
    endloop
  endfacet
  facet normal 7.070587e-15 7.122230e-01 7.019533e-01
    outer loop
      vertex   -2.684317e+02 1.256923e+02 8.573050e+01
      vertex   -2.755683e+02 1.256923e+02 8.573050e+01
      vertex   -2.753122e+02 1.255341e+02 8.589095e+01
    endloop
  endfacet
  facet normal -0.000000e+00 5.709894e-01 8.209574e-01
    outer loop
      vertex   -2.758581e+02 1.258429e+02 8.560582e+01
      vertex   -2.681419e+02 1.258429e+02 8.560582e+01
      vertex   -2.761721e+02 1.259559e+02 8.552722e+01
    endloop
  endfacet
  facet normal 6.260368e-15 5.709894e-01 8.209574e-01
    outer loop
      vertex   -2.761721e+02 1.259559e+02 8.552722e+01
      vertex   -2.681419e+02 1.258429e+02 8.560582e+01
      vertex   -2.678279e+02 1.259559e+02 8.552722e+01
    endloop
  endfacet
  facet normal 5.964245e-15 5.309218e-01 8.474208e-01
    outer loop
      vertex   -2.761721e+02 1.259559e+02 8.552722e+01
      vertex   -2.678279e+02 1.259559e+02 8.552722e+01
      vertex   -2.763351e+02 1.259884e+02 8.550690e+01
    endloop
  endfacet
  facet normal 8.702141e-16 5.309218e-01 8.474208e-01
    outer loop
      vertex   -2.763351e+02 1.259884e+02 8.550690e+01
      vertex   -2.678279e+02 1.259559e+02 8.552722e+01
      vertex   -2.676649e+02 1.259884e+02 8.550690e+01
    endloop
  endfacet
  facet normal 8.376208e-16 5.110366e-01 8.595590e-01
    outer loop
      vertex   -2.763351e+02 1.259884e+02 8.550690e+01
      vertex   -2.676649e+02 1.259884e+02 8.550690e+01
      vertex   -2.765000e+02 1.260000e+02 8.550000e+01
    endloop
  endfacet
  facet normal 1.613837e-15 5.110366e-01 8.595590e-01
    outer loop
      vertex   -2.765000e+02 1.260000e+02 8.550000e+01
      vertex   -2.676649e+02 1.259884e+02 8.550690e+01
      vertex   -2.675000e+02 1.260000e+02 8.550000e+01
    endloop
  endfacet
  facet normal 0.000000e+00 -7.933533e-01 6.087614e-01
    outer loop
      vertex   -2.695000e+02 1.128536e+02 9.635355e+01
      vertex   -2.745000e+02 1.128536e+02 9.635355e+01
      vertex   -2.720000e+02 1.127741e+02 9.625000e+01
    endloop
  endfacet
  facet normal -4.509692e-15 -7.933533e-01 6.087614e-01
    outer loop
      vertex   -2.720000e+02 1.127741e+02 9.625000e+01
      vertex   -2.745000e+02 1.128536e+02 9.635355e+01
      vertex   -2.745000e+02 1.127741e+02 9.625000e+01
    endloop
  endfacet
  facet normal -5.251647e-15 -9.238795e-01 3.826834e-01
    outer loop
      vertex   -2.720000e+02 1.127741e+02 9.625000e+01
      vertex   -2.745000e+02 1.127741e+02 9.625000e+01
      vertex   -2.720000e+02 1.127241e+02 9.612941e+01
    endloop
  endfacet
  facet normal -1.267860e-14 -9.238795e-01 3.826834e-01
    outer loop
      vertex   -2.720000e+02 1.127241e+02 9.612941e+01
      vertex   -2.745000e+02 1.127741e+02 9.625000e+01
      vertex   -2.745000e+02 1.127241e+02 9.612941e+01
    endloop
  endfacet
  facet normal -1.201338e-14 -9.914449e-01 1.305262e-01
    outer loop
      vertex   -2.720000e+02 1.127241e+02 9.612941e+01
      vertex   -2.745000e+02 1.127241e+02 9.612941e+01
      vertex   -2.720000e+02 1.127071e+02 9.600000e+01
    endloop
  endfacet
  facet normal -1.127142e-14 -9.914449e-01 1.305262e-01
    outer loop
      vertex   -2.720000e+02 1.127071e+02 9.600000e+01
      vertex   -2.745000e+02 1.127241e+02 9.612941e+01
      vertex   -2.745000e+02 1.127071e+02 9.600000e+01
    endloop
  endfacet
  facet normal -1.127142e-14 -9.914449e-01 -1.305262e-01
    outer loop
      vertex   -2.720000e+02 1.127071e+02 9.600000e+01
      vertex   -2.745000e+02 1.127071e+02 9.600000e+01
      vertex   -2.720000e+02 1.127241e+02 9.587059e+01
    endloop
  endfacet
  facet normal -0.000000e+00 -9.914449e-01 -1.305262e-01
    outer loop
      vertex   -2.720000e+02 1.127241e+02 9.587059e+01
      vertex   -2.745000e+02 1.127071e+02 9.600000e+01
      vertex   -2.745000e+02 1.127241e+02 9.587059e+01
    endloop
  endfacet
  facet normal -0.000000e+00 -9.238795e-01 -3.826834e-01
    outer loop
      vertex   -2.720000e+02 1.127241e+02 9.587059e+01
      vertex   -2.745000e+02 1.127241e+02 9.587059e+01
      vertex   -2.720000e+02 1.127741e+02 9.575000e+01
    endloop
  endfacet
  facet normal -5.251647e-15 -9.238795e-01 -3.826834e-01
    outer loop
      vertex   -2.720000e+02 1.127741e+02 9.575000e+01
      vertex   -2.745000e+02 1.127241e+02 9.587059e+01
      vertex   -2.745000e+02 1.127741e+02 9.575000e+01
    endloop
  endfacet
  facet normal -4.509692e-15 -7.933533e-01 -6.087614e-01
    outer loop
      vertex   -2.720000e+02 1.127741e+02 9.575000e+01
      vertex   -2.745000e+02 1.127741e+02 9.575000e+01
      vertex   -2.720000e+02 1.128536e+02 9.564645e+01
    endloop
  endfacet
  facet normal -1.594020e-14 -7.933533e-01 -6.087614e-01
    outer loop
      vertex   -2.720000e+02 1.128536e+02 9.564645e+01
      vertex   -2.745000e+02 1.127741e+02 9.575000e+01
      vertex   -2.745000e+02 1.128536e+02 9.564645e+01
    endloop
  endfacet
  facet normal -1.594020e-14 -6.087614e-01 -7.933533e-01
    outer loop
      vertex   -2.720000e+02 1.128536e+02 9.564645e+01
      vertex   -2.745000e+02 1.128536e+02 9.564645e+01
      vertex   -2.720000e+02 1.129571e+02 9.556699e+01
    endloop
  endfacet
  facet normal -0.000000e+00 -6.087614e-01 -7.933533e-01
    outer loop
      vertex   -2.720000e+02 1.129571e+02 9.556699e+01
      vertex   -2.745000e+02 1.128536e+02 9.564645e+01
      vertex   -2.745000e+02 1.129571e+02 9.556699e+01
    endloop
  endfacet
  facet normal -0.000000e+00 -3.826834e-01 -9.238795e-01
    outer loop
      vertex   -2.720000e+02 1.129571e+02 9.556699e+01
      vertex   -2.745000e+02 1.129571e+02 9.556699e+01
      vertex   -2.720000e+02 1.130777e+02 9.551704e+01
    endloop
  endfacet
  facet normal -5.251647e-15 -3.826834e-01 -9.238795e-01
    outer loop
      vertex   -2.720000e+02 1.130777e+02 9.551704e+01
      vertex   -2.745000e+02 1.129571e+02 9.556699e+01
      vertex   -2.745000e+02 1.130777e+02 9.551704e+01
    endloop
  endfacet
  facet normal -5.635712e-15 -1.305262e-01 -9.914449e-01
    outer loop
      vertex   -2.720000e+02 1.130777e+02 9.551704e+01
      vertex   -2.745000e+02 1.130777e+02 9.551704e+01
      vertex   -2.745000e+02 1.132071e+02 9.550000e+01
    endloop
  endfacet
  facet normal 0.000000e+00 -1.305262e-01 -9.914449e-01
    outer loop
      vertex   -2.745000e+02 1.132071e+02 9.550000e+01
      vertex   -2.695000e+02 1.132071e+02 9.550000e+01
      vertex   -2.720000e+02 1.130777e+02 9.551704e+01
    endloop
  endfacet
  facet normal 5.635712e-15 -1.305262e-01 -9.914449e-01
    outer loop
      vertex   -2.720000e+02 1.130777e+02 9.551704e+01
      vertex   -2.695000e+02 1.132071e+02 9.550000e+01
      vertex   -2.695000e+02 1.130777e+02 9.551704e+01
    endloop
  endfacet
  facet normal 5.251647e-15 -3.826834e-01 -9.238795e-01
    outer loop
      vertex   -2.720000e+02 1.130777e+02 9.551704e+01
      vertex   -2.695000e+02 1.130777e+02 9.551704e+01
      vertex   -2.720000e+02 1.129571e+02 9.556699e+01
    endloop
  endfacet
  facet normal 0.000000e+00 -3.826834e-01 -9.238795e-01
    outer loop
      vertex   -2.720000e+02 1.129571e+02 9.556699e+01
      vertex   -2.695000e+02 1.130777e+02 9.551704e+01
      vertex   -2.695000e+02 1.129571e+02 9.556699e+01
    endloop
  endfacet
  facet normal 0.000000e+00 -6.087614e-01 -7.933533e-01
    outer loop
      vertex   -2.720000e+02 1.129571e+02 9.556699e+01
      vertex   -2.695000e+02 1.129571e+02 9.556699e+01
      vertex   -2.720000e+02 1.128536e+02 9.564645e+01
    endloop
  endfacet
  facet normal 1.594020e-14 -6.087614e-01 -7.933533e-01
    outer loop
      vertex   -2.720000e+02 1.128536e+02 9.564645e+01
      vertex   -2.695000e+02 1.129571e+02 9.556699e+01
      vertex   -2.695000e+02 1.128536e+02 9.564645e+01
    endloop
  endfacet
  facet normal 1.594020e-14 -7.933533e-01 -6.087614e-01
    outer loop
      vertex   -2.720000e+02 1.128536e+02 9.564645e+01
      vertex   -2.695000e+02 1.128536e+02 9.564645e+01
      vertex   -2.720000e+02 1.127741e+02 9.575000e+01
    endloop
  endfacet
  facet normal 4.509692e-15 -7.933533e-01 -6.087614e-01
    outer loop
      vertex   -2.720000e+02 1.127741e+02 9.575000e+01
      vertex   -2.695000e+02 1.128536e+02 9.564645e+01
      vertex   -2.695000e+02 1.127741e+02 9.575000e+01
    endloop
  endfacet
  facet normal 5.251647e-15 -9.238795e-01 -3.826834e-01
    outer loop
      vertex   -2.720000e+02 1.127741e+02 9.575000e+01
      vertex   -2.695000e+02 1.127741e+02 9.575000e+01
      vertex   -2.720000e+02 1.127241e+02 9.587059e+01
    endloop
  endfacet
  facet normal 0.000000e+00 -9.238795e-01 -3.826834e-01
    outer loop
      vertex   -2.720000e+02 1.127241e+02 9.587059e+01
      vertex   -2.695000e+02 1.127741e+02 9.575000e+01
      vertex   -2.695000e+02 1.127241e+02 9.587059e+01
    endloop
  endfacet
  facet normal 0.000000e+00 -9.914449e-01 -1.305262e-01
    outer loop
      vertex   -2.720000e+02 1.127241e+02 9.587059e+01
      vertex   -2.695000e+02 1.127241e+02 9.587059e+01
      vertex   -2.720000e+02 1.127071e+02 9.600000e+01
    endloop
  endfacet
  facet normal 1.275533e-14 -9.914449e-01 -1.305262e-01
    outer loop
      vertex   -2.720000e+02 1.127071e+02 9.600000e+01
      vertex   -2.695000e+02 1.127241e+02 9.587059e+01
      vertex   -2.695000e+02 1.127071e+02 9.600000e+01
    endloop
  endfacet
  facet normal 9.787512e-15 -9.914449e-01 1.305262e-01
    outer loop
      vertex   -2.720000e+02 1.127071e+02 9.600000e+01
      vertex   -2.695000e+02 1.127071e+02 9.600000e+01
      vertex   -2.720000e+02 1.127241e+02 9.612941e+01
    endloop
  endfacet
  facet normal 1.690713e-14 -9.914449e-01 1.305262e-01
    outer loop
      vertex   -2.720000e+02 1.127241e+02 9.612941e+01
      vertex   -2.695000e+02 1.127071e+02 9.600000e+01
      vertex   -2.695000e+02 1.127241e+02 9.612941e+01
    endloop
  endfacet
  facet normal 1.575494e-14 -9.238795e-01 3.826834e-01
    outer loop
      vertex   -2.720000e+02 1.127241e+02 9.612941e+01
      vertex   -2.695000e+02 1.127241e+02 9.612941e+01
      vertex   -2.720000e+02 1.127741e+02 9.625000e+01
    endloop
  endfacet
  facet normal 0.000000e+00 -9.238795e-01 3.826834e-01
    outer loop
      vertex   -2.720000e+02 1.127741e+02 9.625000e+01
      vertex   -2.695000e+02 1.127241e+02 9.612941e+01
      vertex   -2.695000e+02 1.127741e+02 9.625000e+01
    endloop
  endfacet
  facet normal 0.000000e+00 -7.933533e-01 6.087614e-01
    outer loop
      vertex   -2.720000e+02 1.127741e+02 9.625000e+01
      vertex   -2.695000e+02 1.127741e+02 9.625000e+01
      vertex   -2.695000e+02 1.128536e+02 9.635355e+01
    endloop
  endfacet
  facet normal -7.370812e-01 1.263270e-03 6.758030e-01
    outer loop
      vertex   -2.748911e+02 1.180000e+02 8.631196e+01
      vertex   -2.750816e+02 1.253806e+02 8.609042e+01
      vertex   -2.751771e+02 1.180000e+02 8.600000e+01
    endloop
  endfacet
  facet normal -6.545271e-01 -7.884760e-04 7.560382e-01
    outer loop
      vertex   -2.751771e+02 1.180000e+02 8.600000e+01
      vertex   -2.750816e+02 1.253806e+02 8.609042e+01
      vertex   -2.753122e+02 1.255341e+02 8.589095e+01
    endloop
  endfacet
  facet normal -6.255263e-01 8.110665e-05 7.802030e-01
    outer loop
      vertex   -2.751771e+02 1.180000e+02 8.600000e+01
      vertex   -2.753122e+02 1.255341e+02 8.589095e+01
      vertex   -2.753226e+02 1.179868e+02 8.588339e+01
    endloop
  endfacet
  facet normal -5.504156e-01 -7.722645e-05 8.348908e-01
    outer loop
      vertex   -2.753226e+02 1.179868e+02 8.588339e+01
      vertex   -2.753122e+02 1.255341e+02 8.589095e+01
      vertex   -2.754773e+02 1.179506e+02 8.578137e+01
    endloop
  endfacet
  facet normal -5.310992e-01 -6.773179e-04 8.473094e-01
    outer loop
      vertex   -2.754773e+02 1.179506e+02 8.578137e+01
      vertex   -2.753122e+02 1.255341e+02 8.589095e+01
      vertex   -2.755683e+02 1.256923e+02 8.573050e+01
    endloop
  endfacet
  facet normal -4.308938e-01 8.629075e-04 9.024022e-01
    outer loop
      vertex   -2.754773e+02 1.179506e+02 8.578137e+01
      vertex   -2.755683e+02 1.256923e+02 8.573050e+01
      vertex   -2.758085e+02 1.178288e+02 8.562335e+01
    endloop
  endfacet
  facet normal -3.954887e-01 -4.373177e-04 9.184708e-01
    outer loop
      vertex   -2.758085e+02 1.178288e+02 8.562335e+01
      vertex   -2.755683e+02 1.256923e+02 8.573050e+01
      vertex   -2.758581e+02 1.258429e+02 8.560582e+01
    endloop
  endfacet
  facet normal -2.591731e-01 5.094900e-04 9.658308e-01
    outer loop
      vertex   -2.758085e+02 1.178288e+02 8.562335e+01
      vertex   -2.758581e+02 1.258429e+02 8.560582e+01
      vertex   -2.761562e+02 1.176701e+02 8.553012e+01
    endloop
  endfacet
  facet normal -2.428295e-01 -1.260230e-04 9.700690e-01
    outer loop
      vertex   -2.761562e+02 1.176701e+02 8.553012e+01
      vertex   -2.758581e+02 1.258429e+02 8.560582e+01
      vertex   -2.761721e+02 1.259559e+02 8.552722e+01
    endloop
  endfacet
  facet normal -1.237301e-01 1.098256e-04 9.923159e-01
    outer loop
      vertex   -2.761562e+02 1.176701e+02 8.553012e+01
      vertex   -2.761721e+02 1.259559e+02 8.552722e+01
      vertex   -2.763351e+02 1.259884e+02 8.550690e+01
    endloop
  endfacet
  facet normal -8.627872e-01 7.476211e-04 5.055667e-01
    outer loop
      vertex   -2.746771e+02 1.180000e+02 8.667712e+01
      vertex   -2.747039e+02 1.251268e+02 8.662085e+01
      vertex   -2.748911e+02 1.180000e+02 8.631196e+01
    endloop
  endfacet
  facet normal -8.590580e-01 3.761235e-04 5.118782e-01
    outer loop
      vertex   -2.748911e+02 1.180000e+02 8.631196e+01
      vertex   -2.747039e+02 1.251268e+02 8.662085e+01
      vertex   -2.748735e+02 1.252386e+02 8.633616e+01
    endloop
  endfacet
  facet normal -7.632791e-01 -3.053477e-04 6.460688e-01
    outer loop
      vertex   -2.748911e+02 1.180000e+02 8.631196e+01
      vertex   -2.748735e+02 1.252386e+02 8.633616e+01
      vertex   -2.750816e+02 1.253806e+02 8.609042e+01
    endloop
  endfacet
  facet normal -9.312847e-01 -6.255253e-04 3.642916e-01
    outer loop
      vertex   -2.747039e+02 1.251268e+02 8.662085e+01
      vertex   -2.746771e+02 1.180000e+02 8.667712e+01
      vertex   -2.745829e+02 1.250574e+02 8.693002e+01
    endloop
  endfacet
  facet normal -9.498543e-01 1.471428e-03 3.126892e-01
    outer loop
      vertex   -2.745829e+02 1.250574e+02 8.693002e+01
      vertex   -2.746771e+02 1.180000e+02 8.667712e+01
      vertex   -2.745448e+02 1.180000e+02 8.707914e+01
    endloop
  endfacet
  facet normal -9.711475e-01 -2.116636e-04 2.384796e-01
    outer loop
      vertex   -2.745829e+02 1.250574e+02 8.693002e+01
      vertex   -2.745448e+02 1.180000e+02 8.707914e+01
      vertex   -2.745370e+02 1.250310e+02 8.711705e+01
    endloop
  endfacet
  facet normal -9.895720e-01 3.179833e-04 1.440391e-01
    outer loop
      vertex   -2.745370e+02 1.250310e+02 8.711705e+01
      vertex   -2.745448e+02 1.180000e+02 8.707914e+01
      vertex   -2.745093e+02 1.250041e+02 8.730763e+01
    endloop
  endfacet
  facet normal -9.943852e-01 1.589562e-03 1.058092e-01
    outer loop
      vertex   -2.745093e+02 1.250041e+02 8.730763e+01
      vertex   -2.745448e+02 1.180000e+02 8.707914e+01
      vertex   -2.745000e+02 1.180000e+02 8.750000e+01
    endloop
  endfacet
  facet normal -9.988403e-01 0.000000e+00 4.814718e-02
    outer loop
      vertex   -2.745093e+02 1.250041e+02 8.730763e+01
      vertex   -2.745000e+02 1.180000e+02 8.750000e+01
      vertex   -2.745000e+02 1.249770e+02 8.750000e+01
    endloop
  endfacet
  facet normal -4.181067e-02 0.000000e+00 9.991256e-01
    outer loop
      vertex   -2.765000e+02 1.260000e+02 8.550000e+01
      vertex   -2.765000e+02 1.175000e+02 8.550000e+01
      vertex   -2.763351e+02 1.259884e+02 8.550690e+01
    endloop
  endfacet
  facet normal -8.772310e-02 8.945829e-04 9.961445e-01
    outer loop
      vertex   -2.763351e+02 1.259884e+02 8.550690e+01
      vertex   -2.765000e+02 1.175000e+02 8.550000e+01
      vertex   -2.761562e+02 1.176701e+02 8.553012e+01
    endloop
  endfacet
  facet normal 4.181067e-02 0.000000e+00 9.991256e-01
    outer loop
      vertex   -2.675000e+02 1.260000e+02 8.550000e+01
      vertex   -2.676649e+02 1.259884e+02 8.550690e+01
      vertex   -2.675000e+02 1.175000e+02 8.550000e+01
    endloop
  endfacet
  facet normal 8.772310e-02 8.945829e-04 9.961445e-01
    outer loop
      vertex   -2.675000e+02 1.175000e+02 8.550000e+01
      vertex   -2.676649e+02 1.259884e+02 8.550690e+01
      vertex   -2.678438e+02 1.176701e+02 8.553012e+01
    endloop
  endfacet
  facet normal 1.237301e-01 1.098256e-04 9.923159e-01
    outer loop
      vertex   -2.678438e+02 1.176701e+02 8.553012e+01
      vertex   -2.676649e+02 1.259884e+02 8.550690e+01
      vertex   -2.678279e+02 1.259559e+02 8.552722e+01
    endloop
  endfacet
  facet normal 2.428295e-01 -1.260230e-04 9.700690e-01
    outer loop
      vertex   -2.678438e+02 1.176701e+02 8.553012e+01
      vertex   -2.678279e+02 1.259559e+02 8.552722e+01
      vertex   -2.681419e+02 1.258429e+02 8.560582e+01
    endloop
  endfacet
  facet normal 2.591731e-01 5.094900e-04 9.658308e-01
    outer loop
      vertex   -2.678438e+02 1.176701e+02 8.553012e+01
      vertex   -2.681419e+02 1.258429e+02 8.560582e+01
      vertex   -2.681915e+02 1.178288e+02 8.562335e+01
    endloop
  endfacet
  facet normal 3.954887e-01 -4.373177e-04 9.184708e-01
    outer loop
      vertex   -2.681915e+02 1.178288e+02 8.562335e+01
      vertex   -2.681419e+02 1.258429e+02 8.560582e+01
      vertex   -2.684317e+02 1.256923e+02 8.573050e+01
    endloop
  endfacet
  facet normal 4.308938e-01 8.629075e-04 9.024022e-01
    outer loop
      vertex   -2.681915e+02 1.178288e+02 8.562335e+01
      vertex   -2.684317e+02 1.256923e+02 8.573050e+01
      vertex   -2.685227e+02 1.179506e+02 8.578137e+01
    endloop
  endfacet
  facet normal 5.310992e-01 -6.773179e-04 8.473094e-01
    outer loop
      vertex   -2.685227e+02 1.179506e+02 8.578137e+01
      vertex   -2.684317e+02 1.256923e+02 8.573050e+01
      vertex   -2.686878e+02 1.255341e+02 8.589095e+01
    endloop
  endfacet
  facet normal 5.504156e-01 -7.722645e-05 8.348908e-01
    outer loop
      vertex   -2.685227e+02 1.179506e+02 8.578137e+01
      vertex   -2.686878e+02 1.255341e+02 8.589095e+01
      vertex   -2.686774e+02 1.179868e+02 8.588339e+01
    endloop
  endfacet
  facet normal 6.255263e-01 8.110665e-05 7.802030e-01
    outer loop
      vertex   -2.686774e+02 1.179868e+02 8.588339e+01
      vertex   -2.686878e+02 1.255341e+02 8.589095e+01
      vertex   -2.688229e+02 1.180000e+02 8.600000e+01
    endloop
  endfacet
  facet normal 6.545271e-01 -7.884760e-04 7.560382e-01
    outer loop
      vertex   -2.688229e+02 1.180000e+02 8.600000e+01
      vertex   -2.686878e+02 1.255341e+02 8.589095e+01
      vertex   -2.689184e+02 1.253806e+02 8.609042e+01
    endloop
  endfacet
  facet normal 7.370812e-01 1.263270e-03 6.758030e-01
    outer loop
      vertex   -2.688229e+02 1.180000e+02 8.600000e+01
      vertex   -2.689184e+02 1.253806e+02 8.609042e+01
      vertex   -2.691089e+02 1.180000e+02 8.631196e+01
    endloop
  endfacet
  facet normal 7.632791e-01 -3.053477e-04 6.460688e-01
    outer loop
      vertex   -2.691089e+02 1.180000e+02 8.631196e+01
      vertex   -2.689184e+02 1.253806e+02 8.609042e+01
      vertex   -2.691265e+02 1.252386e+02 8.633616e+01
    endloop
  endfacet
  facet normal 8.590580e-01 3.761235e-04 5.118782e-01
    outer loop
      vertex   -2.691089e+02 1.180000e+02 8.631196e+01
      vertex   -2.691265e+02 1.252386e+02 8.633616e+01
      vertex   -2.692961e+02 1.251268e+02 8.662085e+01
    endloop
  endfacet
  facet normal 8.627872e-01 7.476211e-04 5.055667e-01
    outer loop
      vertex   -2.691089e+02 1.180000e+02 8.631196e+01
      vertex   -2.692961e+02 1.251268e+02 8.662085e+01
      vertex   -2.693229e+02 1.180000e+02 8.667712e+01
    endloop
  endfacet
  facet normal 9.312847e-01 -6.255253e-04 3.642916e-01
    outer loop
      vertex   -2.693229e+02 1.180000e+02 8.667712e+01
      vertex   -2.692961e+02 1.251268e+02 8.662085e+01
      vertex   -2.694171e+02 1.250574e+02 8.693002e+01
    endloop
  endfacet
  facet normal 9.498543e-01 1.471428e-03 3.126892e-01
    outer loop
      vertex   -2.693229e+02 1.180000e+02 8.667712e+01
      vertex   -2.694171e+02 1.250574e+02 8.693002e+01
      vertex   -2.694552e+02 1.180000e+02 8.707914e+01
    endloop
  endfacet
  facet normal 9.711475e-01 -2.116636e-04 2.384796e-01
    outer loop
      vertex   -2.694552e+02 1.180000e+02 8.707914e+01
      vertex   -2.694171e+02 1.250574e+02 8.693002e+01
      vertex   -2.694630e+02 1.250310e+02 8.711705e+01
    endloop
  endfacet
  facet normal 9.895720e-01 3.179833e-04 1.440391e-01
    outer loop
      vertex   -2.694552e+02 1.180000e+02 8.707914e+01
      vertex   -2.694630e+02 1.250310e+02 8.711705e+01
      vertex   -2.694907e+02 1.250041e+02 8.730763e+01
    endloop
  endfacet
  facet normal 9.988403e-01 -8.137860e-15 4.814718e-02
    outer loop
      vertex   -2.695000e+02 1.249770e+02 8.750000e+01
      vertex   -2.695000e+02 1.180000e+02 8.750000e+01
      vertex   -2.694907e+02 1.250041e+02 8.730763e+01
    endloop
  endfacet
  facet normal 9.943852e-01 1.589562e-03 1.058092e-01
    outer loop
      vertex   -2.694907e+02 1.250041e+02 8.730763e+01
      vertex   -2.695000e+02 1.180000e+02 8.750000e+01
      vertex   -2.694552e+02 1.180000e+02 8.707914e+01
    endloop
  endfacet
  facet normal 0.000000e+00 -1.000000e+00 4.555338e-14
    outer loop
      vertex   -2.751771e+02 1.180000e+02 8.600000e+01
      vertex   -2.688229e+02 1.180000e+02 8.600000e+01
      vertex   -2.748911e+02 1.180000e+02 8.631196e+01
    endloop
  endfacet
  facet normal -2.457691e-15 -1.000000e+00 -2.253367e-15
    outer loop
      vertex   -2.748911e+02 1.180000e+02 8.631196e+01
      vertex   -2.688229e+02 1.180000e+02 8.600000e+01
      vertex   -2.691089e+02 1.180000e+02 8.631196e+01
    endloop
  endfacet
  facet normal -2.457691e-15 -1.000000e+00 1.440131e-15
    outer loop
      vertex   -2.748911e+02 1.180000e+02 8.631196e+01
      vertex   -2.691089e+02 1.180000e+02 8.631196e+01
      vertex   -2.746771e+02 1.180000e+02 8.667712e+01
    endloop
  endfacet
  facet normal -2.654127e-15 -1.000000e+00 -1.555236e-15
    outer loop
      vertex   -2.746771e+02 1.180000e+02 8.667712e+01
      vertex   -2.691089e+02 1.180000e+02 8.631196e+01
      vertex   -2.693229e+02 1.180000e+02 8.667712e+01
    endloop
  endfacet
  facet normal -2.654127e-15 -1.000000e+00 8.737307e-16
    outer loop
      vertex   -2.746771e+02 1.180000e+02 8.667712e+01
      vertex   -2.693229e+02 1.180000e+02 8.667712e+01
      vertex   -2.745448e+02 1.180000e+02 8.707914e+01
    endloop
  endfacet
  facet normal -2.792155e-15 -1.000000e+00 -9.191692e-16
    outer loop
      vertex   -2.745448e+02 1.180000e+02 8.707914e+01
      vertex   -2.693229e+02 1.180000e+02 8.667712e+01
      vertex   -2.694552e+02 1.180000e+02 8.707914e+01
    endloop
  endfacet
  facet normal -2.792155e-15 -1.000000e+00 -3.346901e-14
    outer loop
      vertex   -2.745448e+02 1.180000e+02 8.707914e+01
      vertex   -2.694552e+02 1.180000e+02 8.707914e+01
      vertex   -2.745000e+02 1.180000e+02 8.750000e+01
    endloop
  endfacet
  facet normal 0.000000e+00 -1.000000e+00 0.000000e+00
    outer loop
      vertex   -2.745000e+02 1.180000e+02 8.750000e+01
      vertex   -2.694552e+02 1.180000e+02 8.707914e+01
      vertex   -2.695000e+02 1.180000e+02 8.750000e+01
    endloop
  endfacet
  facet normal 0.000000e+00 -1.000000e+00 0.000000e+00
    outer loop
      vertex   -2.745000e+02 1.180000e+02 8.750000e+01
      vertex   -2.695000e+02 1.180000e+02 8.750000e+01
      vertex   -2.695000e+02 1.180000e+02 9.550000e+01
    endloop
  endfacet
  facet normal -0.000000e+00 -1.000000e+00 0.000000e+00
    outer loop
      vertex   -2.695000e+02 1.180000e+02 9.550000e+01
      vertex   -2.745000e+02 1.180000e+02 9.550000e+01
      vertex   -2.745000e+02 1.180000e+02 8.750000e+01
    endloop
  endfacet
  facet normal -2.907362e-03 -1.800497e-01 9.836532e-01
    outer loop
      vertex   -2.678438e+02 1.176701e+02 8.553012e+01
      vertex   -2.697500e+02 1.176294e+02 8.551704e+01
      vertex   -2.675000e+02 1.175000e+02 8.550000e+01
    endloop
  endfacet
  facet normal -8.239944e-16 -1.305262e-01 9.914449e-01
    outer loop
      vertex   -2.675000e+02 1.175000e+02 8.550000e+01
      vertex   -2.697500e+02 1.176294e+02 8.551704e+01
      vertex   -2.720000e+02 1.176294e+02 8.551704e+01
    endloop
  endfacet
  facet normal -2.060988e-16 -1.305262e-01 9.914449e-01
    outer loop
      vertex   -2.675000e+02 1.175000e+02 8.550000e+01
      vertex   -2.720000e+02 1.176294e+02 8.551704e+01
      vertex   -2.765000e+02 1.175000e+02 8.550000e+01
    endloop
  endfacet
  facet normal 0.000000e+00 -1.305262e-01 9.914449e-01
    outer loop
      vertex   -2.765000e+02 1.175000e+02 8.550000e+01
      vertex   -2.720000e+02 1.176294e+02 8.551704e+01
      vertex   -2.742500e+02 1.176294e+02 8.551704e+01
    endloop
  endfacet
  facet normal 2.907362e-03 -1.800497e-01 9.836532e-01
    outer loop
      vertex   -2.765000e+02 1.175000e+02 8.550000e+01
      vertex   -2.742500e+02 1.176294e+02 8.551704e+01
      vertex   -2.761562e+02 1.176701e+02 8.553012e+01
    endloop
  endfacet
  facet normal -1.828936e-03 -3.826828e-01 9.238780e-01
    outer loop
      vertex   -2.761562e+02 1.176701e+02 8.553012e+01
      vertex   -2.742500e+02 1.176294e+02 8.551704e+01
      vertex   -2.742500e+02 1.177500e+02 8.556699e+01
    endloop
  endfacet
  facet normal 4.981656e-03 -5.145304e-01 8.574577e-01
    outer loop
      vertex   -2.761562e+02 1.176701e+02 8.553012e+01
      vertex   -2.742500e+02 1.177500e+02 8.556699e+01
      vertex   -2.758085e+02 1.178288e+02 8.562335e+01
    endloop
  endfacet
  facet normal -2.103505e-03 -6.087601e-01 7.933516e-01
    outer loop
      vertex   -2.758085e+02 1.178288e+02 8.562335e+01
      vertex   -2.742500e+02 1.177500e+02 8.556699e+01
      vertex   -2.742500e+02 1.178536e+02 8.564645e+01
    endloop
  endfacet
  facet normal 3.559342e-03 -7.933483e-01 6.087576e-01
    outer loop
      vertex   -2.758085e+02 1.178288e+02 8.562335e+01
      vertex   -2.742500e+02 1.178536e+02 8.564645e+01
      vertex   -2.742500e+02 1.179330e+02 8.575000e+01
    endloop
  endfacet
  facet normal 0.000000e+00 -7.933533e-01 6.087614e-01
    outer loop
      vertex   -2.742500e+02 1.179330e+02 8.575000e+01
      vertex   -2.742500e+02 1.178536e+02 8.564645e+01
      vertex   -2.720000e+02 1.178536e+02 8.564645e+01
    endloop
  endfacet
  facet normal 0.000000e+00 -7.933533e-01 6.087614e-01
    outer loop
      vertex   -2.742500e+02 1.179330e+02 8.575000e+01
      vertex   -2.720000e+02 1.178536e+02 8.564645e+01
      vertex   -2.720000e+02 1.179330e+02 8.575000e+01
    endloop
  endfacet
  facet normal -5.014848e-15 -7.933533e-01 6.087614e-01
    outer loop
      vertex   -2.720000e+02 1.179330e+02 8.575000e+01
      vertex   -2.720000e+02 1.178536e+02 8.564645e+01
      vertex   -2.697500e+02 1.178536e+02 8.564645e+01
    endloop
  endfacet
  facet normal -5.010768e-15 -7.933533e-01 6.087614e-01
    outer loop
      vertex   -2.720000e+02 1.179330e+02 8.575000e+01
      vertex   -2.697500e+02 1.178536e+02 8.564645e+01
      vertex   -2.697500e+02 1.179330e+02 8.575000e+01
    endloop
  endfacet
  facet normal -3.559342e-03 -7.933483e-01 6.087576e-01
    outer loop
      vertex   -2.697500e+02 1.179330e+02 8.575000e+01
      vertex   -2.697500e+02 1.178536e+02 8.564645e+01
      vertex   -2.681915e+02 1.178288e+02 8.562335e+01
    endloop
  endfacet
  facet normal -4.075549e-03 -7.963257e-01 6.048544e-01
    outer loop
      vertex   -2.697500e+02 1.179330e+02 8.575000e+01
      vertex   -2.681915e+02 1.178288e+02 8.562335e+01
      vertex   -2.685227e+02 1.179506e+02 8.578137e+01
    endloop
  endfacet
  facet normal 1.828936e-03 -3.826828e-01 9.238780e-01
    outer loop
      vertex   -2.697500e+02 1.176294e+02 8.551704e+01
      vertex   -2.678438e+02 1.176701e+02 8.553012e+01
      vertex   -2.697500e+02 1.177500e+02 8.556699e+01
    endloop
  endfacet
  facet normal -4.981656e-03 -5.145304e-01 8.574577e-01
    outer loop
      vertex   -2.697500e+02 1.177500e+02 8.556699e+01
      vertex   -2.678438e+02 1.176701e+02 8.553012e+01
      vertex   -2.681915e+02 1.178288e+02 8.562335e+01
    endloop
  endfacet
  facet normal 2.103505e-03 -6.087601e-01 7.933516e-01
    outer loop
      vertex   -2.697500e+02 1.177500e+02 8.556699e+01
      vertex   -2.681915e+02 1.178288e+02 8.562335e+01
      vertex   -2.697500e+02 1.178536e+02 8.564645e+01
    endloop
  endfacet
  facet normal 3.426468e-03 -9.238741e-01 3.826812e-01
    outer loop
      vertex   -2.697500e+02 1.179330e+02 8.575000e+01
      vertex   -2.685227e+02 1.179506e+02 8.578137e+01
      vertex   -2.697500e+02 1.179830e+02 8.587059e+01
    endloop
  endfacet
  facet normal -6.061748e-04 -9.425729e-01 3.340000e-01
    outer loop
      vertex   -2.697500e+02 1.179830e+02 8.587059e+01
      vertex   -2.685227e+02 1.179506e+02 8.578137e+01
      vertex   -2.686774e+02 1.179868e+02 8.588339e+01
    endloop
  endfacet
  facet normal 1.319292e-03 -9.827913e-01 1.847149e-01
    outer loop
      vertex   -2.697500e+02 1.179830e+02 8.587059e+01
      vertex   -2.686774e+02 1.179868e+02 8.588339e+01
      vertex   -2.751771e+02 1.180000e+02 8.600000e+01
    endloop
  endfacet
  facet normal 0.000000e+00 -9.936619e-01 1.124099e-01
    outer loop
      vertex   -2.751771e+02 1.180000e+02 8.600000e+01
      vertex   -2.686774e+02 1.179868e+02 8.588339e+01
      vertex   -2.688229e+02 1.180000e+02 8.600000e+01
    endloop
  endfacet
  facet normal -2.187759e-03 -9.933511e-01 1.151035e-01
    outer loop
      vertex   -2.753226e+02 1.179868e+02 8.588339e+01
      vertex   -2.742500e+02 1.179830e+02 8.587059e+01
      vertex   -2.751771e+02 1.180000e+02 8.600000e+01
    endloop
  endfacet
  facet normal 0.000000e+00 -9.914449e-01 1.305262e-01
    outer loop
      vertex   -2.751771e+02 1.180000e+02 8.600000e+01
      vertex   -2.742500e+02 1.179830e+02 8.587059e+01
      vertex   -2.720000e+02 1.179830e+02 8.587059e+01
    endloop
  endfacet
  facet normal -6.262653e-15 -9.914449e-01 1.305262e-01
    outer loop
      vertex   -2.751771e+02 1.180000e+02 8.600000e+01
      vertex   -2.720000e+02 1.179830e+02 8.587059e+01
      vertex   -2.697500e+02 1.179830e+02 8.587059e+01
    endloop
  endfacet
  facet normal -5.835163e-15 -9.238795e-01 3.826834e-01
    outer loop
      vertex   -2.697500e+02 1.179830e+02 8.587059e+01
      vertex   -2.720000e+02 1.179830e+02 8.587059e+01
      vertex   -2.697500e+02 1.179330e+02 8.575000e+01
    endloop
  endfacet
  facet normal 6.061748e-04 -9.425729e-01 3.340000e-01
    outer loop
      vertex   -2.753226e+02 1.179868e+02 8.588339e+01
      vertex   -2.754773e+02 1.179506e+02 8.578137e+01
      vertex   -2.742500e+02 1.179830e+02 8.587059e+01
    endloop
  endfacet
  facet normal -3.426468e-03 -9.238741e-01 3.826812e-01
    outer loop
      vertex   -2.742500e+02 1.179830e+02 8.587059e+01
      vertex   -2.754773e+02 1.179506e+02 8.578137e+01
      vertex   -2.742500e+02 1.179330e+02 8.575000e+01
    endloop
  endfacet
  facet normal 0.000000e+00 -9.238795e-01 3.826834e-01
    outer loop
      vertex   -2.742500e+02 1.179830e+02 8.587059e+01
      vertex   -2.742500e+02 1.179330e+02 8.575000e+01
      vertex   -2.720000e+02 1.179330e+02 8.575000e+01
    endloop
  endfacet
  facet normal 4.075549e-03 -7.963257e-01 6.048544e-01
    outer loop
      vertex   -2.754773e+02 1.179506e+02 8.578137e+01
      vertex   -2.758085e+02 1.178288e+02 8.562335e+01
      vertex   -2.742500e+02 1.179330e+02 8.575000e+01
    endloop
  endfacet
  facet normal 0.000000e+00 -3.826834e-01 9.238795e-01
    outer loop
      vertex   -2.742500e+02 1.177500e+02 8.556699e+01
      vertex   -2.742500e+02 1.176294e+02 8.551704e+01
      vertex   -2.720000e+02 1.176294e+02 8.551704e+01
    endloop
  endfacet
  facet normal -2.417004e-15 -3.826834e-01 9.238795e-01
    outer loop
      vertex   -2.720000e+02 1.176294e+02 8.551704e+01
      vertex   -2.697500e+02 1.176294e+02 8.551704e+01
      vertex   -2.720000e+02 1.177500e+02 8.556699e+01
    endloop
  endfacet
  facet normal -4.834008e-15 -3.826834e-01 9.238795e-01
    outer loop
      vertex   -2.720000e+02 1.177500e+02 8.556699e+01
      vertex   -2.697500e+02 1.176294e+02 8.551704e+01
      vertex   -2.697500e+02 1.177500e+02 8.556699e+01
    endloop
  endfacet
  facet normal -7.689796e-15 -6.087614e-01 7.933533e-01
    outer loop
      vertex   -2.720000e+02 1.177500e+02 8.556699e+01
      vertex   -2.697500e+02 1.177500e+02 8.556699e+01
      vertex   -2.720000e+02 1.178536e+02 8.564645e+01
    endloop
  endfacet
  facet normal -3.844898e-15 -6.087614e-01 7.933533e-01
    outer loop
      vertex   -2.720000e+02 1.178536e+02 8.564645e+01
      vertex   -2.697500e+02 1.177500e+02 8.556699e+01
      vertex   -2.697500e+02 1.178536e+02 8.564645e+01
    endloop
  endfacet
  facet normal 0.000000e+00 -6.087614e-01 7.933533e-01
    outer loop
      vertex   -2.742500e+02 1.178536e+02 8.564645e+01
      vertex   -2.742500e+02 1.177500e+02 8.556699e+01
      vertex   -2.720000e+02 1.177500e+02 8.556699e+01
    endloop
  endfacet
  facet normal 0.000000e+00 -3.826834e-01 9.238795e-01
    outer loop
      vertex   -2.720000e+02 1.177500e+02 8.556699e+01
      vertex   -2.742500e+02 1.177500e+02 8.556699e+01
      vertex   -2.720000e+02 1.176294e+02 8.551704e+01
    endloop
  endfacet
  facet normal 0.000000e+00 -6.087614e-01 7.933533e-01
    outer loop
      vertex   -2.742500e+02 1.178536e+02 8.564645e+01
      vertex   -2.720000e+02 1.177500e+02 8.556699e+01
      vertex   -2.720000e+02 1.178536e+02 8.564645e+01
    endloop
  endfacet
  facet normal 0.000000e+00 -9.238795e-01 3.826834e-01
    outer loop
      vertex   -2.720000e+02 1.179830e+02 8.587059e+01
      vertex   -2.742500e+02 1.179830e+02 8.587059e+01
      vertex   -2.720000e+02 1.179330e+02 8.575000e+01
    endloop
  endfacet
  facet normal -5.835163e-15 -9.238795e-01 3.826834e-01
    outer loop
      vertex   -2.720000e+02 1.179330e+02 8.575000e+01
      vertex   -2.697500e+02 1.179330e+02 8.575000e+01
      vertex   -2.720000e+02 1.179830e+02 8.587059e+01
    endloop
  endfacet
  facet normal 0.000000e+00 -7.071068e-01 7.071068e-01
    outer loop
      vertex   -2.745000e+02 1.180000e+02 1.015000e+02
      vertex   -2.745000e+02 1.128536e+02 9.635355e+01
      vertex   -2.695000e+02 1.180000e+02 1.015000e+02
    endloop
  endfacet
  facet normal 0.000000e+00 -7.071068e-01 7.071068e-01
    outer loop
      vertex   -2.695000e+02 1.180000e+02 1.015000e+02
      vertex   -2.745000e+02 1.128536e+02 9.635355e+01
      vertex   -2.695000e+02 1.128536e+02 9.635355e+01
    endloop
  endfacet
  facet normal 1.000000e+00 -1.136868e-14 8.077936e-29
    outer loop
      vertex   -2.695000e+02 1.230000e+02 1.015000e+02
      vertex   -2.695000e+02 1.180000e+02 1.015000e+02
      vertex   -2.695000e+02 1.180000e+02 9.550000e+01
    endloop
  endfacet
  facet normal 1.000000e+00 0.000000e+00 -0.000000e+00
    outer loop
      vertex   -2.695000e+02 1.180000e+02 9.550000e+01
      vertex   -2.695000e+02 1.180000e+02 1.015000e+02
      vertex   -2.695000e+02 1.128536e+02 9.635355e+01
    endloop
  endfacet
  facet normal 1.000000e+00 0.000000e+00 0.000000e+00
    outer loop
      vertex   -2.695000e+02 1.180000e+02 9.550000e+01
      vertex   -2.695000e+02 1.128536e+02 9.635355e+01
      vertex   -2.695000e+02 1.132071e+02 9.550000e+01
    endloop
  endfacet
  facet normal 1.000000e+00 0.000000e+00 0.000000e+00
    outer loop
      vertex   -2.695000e+02 1.132071e+02 9.550000e+01
      vertex   -2.695000e+02 1.128536e+02 9.635355e+01
      vertex   -2.695000e+02 1.130777e+02 9.551704e+01
    endloop
  endfacet
  facet normal 1.000000e+00 0.000000e+00 0.000000e+00
    outer loop
      vertex   -2.695000e+02 1.130777e+02 9.551704e+01
      vertex   -2.695000e+02 1.128536e+02 9.635355e+01
      vertex   -2.695000e+02 1.129571e+02 9.556699e+01
    endloop
  endfacet
  facet normal 1.000000e+00 0.000000e+00 0.000000e+00
    outer loop
      vertex   -2.695000e+02 1.129571e+02 9.556699e+01
      vertex   -2.695000e+02 1.128536e+02 9.635355e+01
      vertex   -2.695000e+02 1.128536e+02 9.564645e+01
    endloop
  endfacet
  facet normal 1.000000e+00 0.000000e+00 0.000000e+00
    outer loop
      vertex   -2.695000e+02 1.128536e+02 9.564645e+01
      vertex   -2.695000e+02 1.128536e+02 9.635355e+01
      vertex   -2.695000e+02 1.127741e+02 9.575000e+01
    endloop
  endfacet
  facet normal 1.000000e+00 0.000000e+00 -0.000000e+00
    outer loop
      vertex   -2.695000e+02 1.127741e+02 9.575000e+01
      vertex   -2.695000e+02 1.128536e+02 9.635355e+01
      vertex   -2.695000e+02 1.127741e+02 9.625000e+01
    endloop
  endfacet
  facet normal 1.000000e+00 0.000000e+00 0.000000e+00
    outer loop
      vertex   -2.695000e+02 1.127741e+02 9.575000e+01
      vertex   -2.695000e+02 1.127741e+02 9.625000e+01
      vertex   -2.695000e+02 1.127241e+02 9.587059e+01
    endloop
  endfacet
  facet normal 1.000000e+00 0.000000e+00 0.000000e+00
    outer loop
      vertex   -2.695000e+02 1.127241e+02 9.587059e+01
      vertex   -2.695000e+02 1.127741e+02 9.625000e+01
      vertex   -2.695000e+02 1.127241e+02 9.612941e+01
    endloop
  endfacet
  facet normal 1.000000e+00 0.000000e+00 -0.000000e+00
    outer loop
      vertex   -2.695000e+02 1.127241e+02 9.587059e+01
      vertex   -2.695000e+02 1.127241e+02 9.612941e+01
      vertex   -2.695000e+02 1.127071e+02 9.600000e+01
    endloop
  endfacet
  facet normal 1.000000e+00 -8.147309e-15 0.000000e+00
    outer loop
      vertex   -2.695000e+02 1.180000e+02 8.750000e+01
      vertex   -2.695000e+02 1.249770e+02 8.750000e+01
      vertex   -2.695000e+02 1.180000e+02 9.550000e+01
    endloop
  endfacet
  facet normal 1.000000e+00 -9.721365e-15 -1.372765e-15
    outer loop
      vertex   -2.695000e+02 1.180000e+02 9.550000e+01
      vertex   -2.695000e+02 1.249770e+02 8.750000e+01
      vertex   -2.695000e+02 1.230000e+02 1.015000e+02
    endloop
  endfacet
  facet normal -0.000000e+00 -0.000000e+00 -1.000000e+00
    outer loop
      vertex   -2.691250e+02 1.160000e+02 7.662500e+01
      vertex   -2.691250e+02 1.110000e+02 7.662500e+01
      vertex   -2.748750e+02 1.160000e+02 7.662500e+01
    endloop
  endfacet
  facet normal 0.000000e+00 -0.000000e+00 -1.000000e+00
    outer loop
      vertex   -2.748750e+02 1.160000e+02 7.662500e+01
      vertex   -2.691250e+02 1.110000e+02 7.662500e+01
      vertex   -2.748750e+02 1.110000e+02 7.662500e+01
    endloop
  endfacet
  facet normal -1.000000e+00 -0.000000e+00 -8.421251e-15
    outer loop
      vertex   -2.691250e+02 1.160000e+02 7.662500e+01
      vertex   -2.691250e+02 1.160000e+02 6.987500e+01
      vertex   -2.691250e+02 1.110000e+02 7.662500e+01
    endloop
  endfacet
  facet normal -1.000000e+00 0.000000e+00 -8.421251e-15
    outer loop
      vertex   -2.691250e+02 1.110000e+02 7.662500e+01
      vertex   -2.691250e+02 1.160000e+02 6.987500e+01
      vertex   -2.691250e+02 1.110000e+02 6.987500e+01
    endloop
  endfacet
  facet normal 1.000000e+00 -1.136869e-14 0.000000e+00
    outer loop
      vertex   -2.748750e+02 1.160000e+02 6.987500e+01
      vertex   -2.748750e+02 1.160000e+02 7.662500e+01
      vertex   -2.748750e+02 1.110000e+02 6.987500e+01
    endloop
  endfacet
  facet normal 1.000000e+00 -1.136869e-14 0.000000e+00
    outer loop
      vertex   -2.748750e+02 1.110000e+02 6.987500e+01
      vertex   -2.748750e+02 1.160000e+02 7.662500e+01
      vertex   -2.748750e+02 1.110000e+02 7.662500e+01
    endloop
  endfacet
  facet normal -0.000000e+00 0.000000e+00 1.000000e+00
    outer loop
      vertex   -2.748750e+02 1.160000e+02 6.987500e+01
      vertex   -2.748750e+02 1.110000e+02 6.987500e+01
      vertex   -2.691250e+02 1.160000e+02 6.987500e+01
    endloop
  endfacet
  facet normal 0.000000e+00 0.000000e+00 1.000000e+00
    outer loop
      vertex   -2.691250e+02 1.160000e+02 6.987500e+01
      vertex   -2.748750e+02 1.110000e+02 6.987500e+01
      vertex   -2.691250e+02 1.110000e+02 6.987500e+01
    endloop
  endfacet
  facet normal 0.000000e+00 -0.000000e+00 1.000000e+00
    outer loop
      vertex   -2.691250e+02 2.560000e+02 6.987500e+01
      vertex   -2.691250e+02 2.610000e+02 6.987500e+01
      vertex   -2.748750e+02 2.560000e+02 6.987500e+01
    endloop
  endfacet
  facet normal 0.000000e+00 0.000000e+00 1.000000e+00
    outer loop
      vertex   -2.748750e+02 2.560000e+02 6.987500e+01
      vertex   -2.691250e+02 2.610000e+02 6.987500e+01
      vertex   -2.748750e+02 2.610000e+02 6.987500e+01
    endloop
  endfacet
  facet normal -1.000000e+00 0.000000e+00 0.000000e+00
    outer loop
      vertex   -2.691250e+02 2.560000e+02 7.662500e+01
      vertex   -2.691250e+02 2.610000e+02 7.662500e+01
      vertex   -2.691250e+02 2.560000e+02 6.987500e+01
    endloop
  endfacet
  facet normal -1.000000e+00 0.000000e+00 0.000000e+00
    outer loop
      vertex   -2.691250e+02 2.560000e+02 6.987500e+01
      vertex   -2.691250e+02 2.610000e+02 7.662500e+01
      vertex   -2.691250e+02 2.610000e+02 6.987500e+01
    endloop
  endfacet
  facet normal 1.000000e+00 -0.000000e+00 0.000000e+00
    outer loop
      vertex   -2.748750e+02 2.560000e+02 7.662500e+01
      vertex   -2.748750e+02 2.560000e+02 6.987500e+01
      vertex   -2.748750e+02 2.610000e+02 7.662500e+01
    endloop
  endfacet
  facet normal 1.000000e+00 0.000000e+00 0.000000e+00
    outer loop
      vertex   -2.748750e+02 2.610000e+02 7.662500e+01
      vertex   -2.748750e+02 2.560000e+02 6.987500e+01
      vertex   -2.748750e+02 2.610000e+02 6.987500e+01
    endloop
  endfacet
  facet normal 4.942906e-15 0.000000e+00 -1.000000e+00
    outer loop
      vertex   -2.748750e+02 2.560000e+02 7.662500e+01
      vertex   -2.748750e+02 2.610000e+02 7.662500e+01
      vertex   -2.691250e+02 2.560000e+02 7.662500e+01
    endloop
  endfacet
  facet normal 4.942906e-15 0.000000e+00 -1.000000e+00
    outer loop
      vertex   -2.691250e+02 2.560000e+02 7.662500e+01
      vertex   -2.748750e+02 2.610000e+02 7.662500e+01
      vertex   -2.691250e+02 2.610000e+02 7.662500e+01
    endloop
  endfacet
  facet normal -1.000000e+00 0.000000e+00 0.000000e+00
    outer loop
      vertex   -2.745000e+02 2.500000e+02 1.015000e+02
      vertex   -2.745000e+02 2.550000e+02 1.015000e+02
      vertex   -2.745000e+02 2.550000e+02 9.550000e+01
    endloop
  endfacet
  facet normal -1.000000e+00 0.000000e+00 0.000000e+00
    outer loop
      vertex   -2.745000e+02 2.550000e+02 9.550000e+01
      vertex   -2.745000e+02 2.550000e+02 1.015000e+02
      vertex   -2.745000e+02 2.601464e+02 9.635355e+01
    endloop
  endfacet
  facet normal -1.000000e+00 0.000000e+00 0.000000e+00
    outer loop
      vertex   -2.745000e+02 2.550000e+02 9.550000e+01
      vertex   -2.745000e+02 2.601464e+02 9.635355e+01
      vertex   -2.745000e+02 2.597929e+02 9.550000e+01
    endloop
  endfacet
  facet normal -1.000000e+00 0.000000e+00 0.000000e+00
    outer loop
      vertex   -2.745000e+02 2.597929e+02 9.550000e+01
      vertex   -2.745000e+02 2.601464e+02 9.635355e+01
      vertex   -2.745000e+02 2.599223e+02 9.551704e+01
    endloop
  endfacet
  facet normal -1.000000e+00 0.000000e+00 0.000000e+00
    outer loop
      vertex   -2.745000e+02 2.599223e+02 9.551704e+01
      vertex   -2.745000e+02 2.601464e+02 9.635355e+01
      vertex   -2.745000e+02 2.600429e+02 9.556699e+01
    endloop
  endfacet
  facet normal -1.000000e+00 0.000000e+00 0.000000e+00
    outer loop
      vertex   -2.745000e+02 2.600429e+02 9.556699e+01
      vertex   -2.745000e+02 2.601464e+02 9.635355e+01
      vertex   -2.745000e+02 2.601464e+02 9.564645e+01
    endloop
  endfacet
  facet normal -1.000000e+00 0.000000e+00 0.000000e+00
    outer loop
      vertex   -2.745000e+02 2.601464e+02 9.564645e+01
      vertex   -2.745000e+02 2.601464e+02 9.635355e+01
      vertex   -2.745000e+02 2.602259e+02 9.575000e+01
    endloop
  endfacet
  facet normal -1.000000e+00 0.000000e+00 0.000000e+00
    outer loop
      vertex   -2.745000e+02 2.602259e+02 9.575000e+01
      vertex   -2.745000e+02 2.601464e+02 9.635355e+01
      vertex   -2.745000e+02 2.602259e+02 9.625000e+01
    endloop
  endfacet
  facet normal -1.000000e+00 0.000000e+00 0.000000e+00
    outer loop
      vertex   -2.745000e+02 2.602259e+02 9.575000e+01
      vertex   -2.745000e+02 2.602259e+02 9.625000e+01
      vertex   -2.745000e+02 2.602759e+02 9.587059e+01
    endloop
  endfacet
  facet normal -1.000000e+00 0.000000e+00 0.000000e+00
    outer loop
      vertex   -2.745000e+02 2.602759e+02 9.587059e+01
      vertex   -2.745000e+02 2.602259e+02 9.625000e+01
      vertex   -2.745000e+02 2.602759e+02 9.612941e+01
    endloop
  endfacet
  facet normal -1.000000e+00 0.000000e+00 0.000000e+00
    outer loop
      vertex   -2.745000e+02 2.602759e+02 9.587059e+01
      vertex   -2.745000e+02 2.602759e+02 9.612941e+01
      vertex   -2.745000e+02 2.602929e+02 9.600000e+01
    endloop
  endfacet
  facet normal -1.000000e+00 0.000000e+00 0.000000e+00
    outer loop
      vertex   -2.745000e+02 2.550000e+02 8.750000e+01
      vertex   -2.745000e+02 2.480230e+02 8.750000e+01
      vertex   -2.745000e+02 2.550000e+02 9.550000e+01
    endloop
  endfacet
  facet normal -1.000000e+00 -0.000000e+00 0.000000e+00
    outer loop
      vertex   -2.745000e+02 2.550000e+02 9.550000e+01
      vertex   -2.745000e+02 2.480230e+02 8.750000e+01
      vertex   -2.745000e+02 2.500000e+02 1.015000e+02
    endloop
  endfacet
  facet normal 1.000000e+00 0.000000e+00 0.000000e+00
    outer loop
      vertex   -2.695000e+02 2.550000e+02 1.015000e+02
      vertex   -2.695000e+02 2.550000e+02 9.550000e+01
      vertex   -2.695000e+02 2.601464e+02 9.635355e+01
    endloop
  endfacet
  facet normal 1.000000e+00 0.000000e+00 0.000000e+00
    outer loop
      vertex   -2.695000e+02 2.601464e+02 9.635355e+01
      vertex   -2.695000e+02 2.550000e+02 9.550000e+01
      vertex   -2.695000e+02 2.597929e+02 9.550000e+01
    endloop
  endfacet
  facet normal 1.000000e+00 0.000000e+00 0.000000e+00
    outer loop
      vertex   -2.695000e+02 2.601464e+02 9.635355e+01
      vertex   -2.695000e+02 2.597929e+02 9.550000e+01
      vertex   -2.695000e+02 2.599223e+02 9.551704e+01
    endloop
  endfacet
  facet normal 1.000000e+00 0.000000e+00 0.000000e+00
    outer loop
      vertex   -2.695000e+02 2.550000e+02 1.015000e+02
      vertex   -2.695000e+02 2.500000e+02 1.015000e+02
      vertex   -2.695000e+02 2.550000e+02 9.550000e+01
    endloop
  endfacet
  facet normal 1.000000e+00 0.000000e+00 0.000000e+00
    outer loop
      vertex   -2.695000e+02 2.550000e+02 9.550000e+01
      vertex   -2.695000e+02 2.500000e+02 1.015000e+02
      vertex   -2.695000e+02 2.480230e+02 8.750000e+01
    endloop
  endfacet
  facet normal 1.000000e+00 0.000000e+00 0.000000e+00
    outer loop
      vertex   -2.695000e+02 2.550000e+02 9.550000e+01
      vertex   -2.695000e+02 2.480230e+02 8.750000e+01
      vertex   -2.695000e+02 2.550000e+02 8.750000e+01
    endloop
  endfacet
  facet normal 1.000000e+00 0.000000e+00 0.000000e+00
    outer loop
      vertex   -2.695000e+02 2.599223e+02 9.551704e+01
      vertex   -2.695000e+02 2.600429e+02 9.556699e+01
      vertex   -2.695000e+02 2.601464e+02 9.635355e+01
    endloop
  endfacet
  facet normal 1.000000e+00 0.000000e+00 0.000000e+00
    outer loop
      vertex   -2.695000e+02 2.601464e+02 9.635355e+01
      vertex   -2.695000e+02 2.600429e+02 9.556699e+01
      vertex   -2.695000e+02 2.601464e+02 9.564645e+01
    endloop
  endfacet
  facet normal 1.000000e+00 0.000000e+00 0.000000e+00
    outer loop
      vertex   -2.695000e+02 2.601464e+02 9.635355e+01
      vertex   -2.695000e+02 2.601464e+02 9.564645e+01
      vertex   -2.695000e+02 2.602259e+02 9.625000e+01
    endloop
  endfacet
  facet normal 1.000000e+00 0.000000e+00 0.000000e+00
    outer loop
      vertex   -2.695000e+02 2.602259e+02 9.625000e+01
      vertex   -2.695000e+02 2.601464e+02 9.564645e+01
      vertex   -2.695000e+02 2.602259e+02 9.575000e+01
    endloop
  endfacet
  facet normal 1.000000e+00 0.000000e+00 0.000000e+00
    outer loop
      vertex   -2.695000e+02 2.602259e+02 9.625000e+01
      vertex   -2.695000e+02 2.602259e+02 9.575000e+01
      vertex   -2.695000e+02 2.602759e+02 9.612941e+01
    endloop
  endfacet
  facet normal 1.000000e+00 0.000000e+00 0.000000e+00
    outer loop
      vertex   -2.695000e+02 2.602759e+02 9.612941e+01
      vertex   -2.695000e+02 2.602259e+02 9.575000e+01
      vertex   -2.695000e+02 2.602759e+02 9.587059e+01
    endloop
  endfacet
  facet normal 1.000000e+00 0.000000e+00 0.000000e+00
    outer loop
      vertex   -2.695000e+02 2.602759e+02 9.612941e+01
      vertex   -2.695000e+02 2.602759e+02 9.587059e+01
      vertex   -2.695000e+02 2.602929e+02 9.600000e+01
    endloop
  endfacet
  facet normal 2.187759e-03 9.933511e-01 1.151035e-01
    outer loop
      vertex   -2.686774e+02 2.550132e+02 8.588339e+01
      vertex   -2.697500e+02 2.550170e+02 8.587059e+01
      vertex   -2.688229e+02 2.550000e+02 8.600000e+01
    endloop
  endfacet
  facet normal 0.000000e+00 9.914449e-01 1.305262e-01
    outer loop
      vertex   -2.688229e+02 2.550000e+02 8.600000e+01
      vertex   -2.697500e+02 2.550170e+02 8.587059e+01
      vertex   -2.720000e+02 2.550170e+02 8.587059e+01
    endloop
  endfacet
  facet normal 0.000000e+00 9.914449e-01 1.305262e-01
    outer loop
      vertex   -2.688229e+02 2.550000e+02 8.600000e+01
      vertex   -2.720000e+02 2.550170e+02 8.587059e+01
      vertex   -2.742500e+02 2.550170e+02 8.587059e+01
    endloop
  endfacet
  facet normal -0.000000e+00 9.238795e-01 3.826834e-01
    outer loop
      vertex   -2.742500e+02 2.550170e+02 8.587059e+01
      vertex   -2.720000e+02 2.550170e+02 8.587059e+01
      vertex   -2.742500e+02 2.550670e+02 8.575000e+01
    endloop
  endfacet
  facet normal -3.426468e-03 9.238741e-01 3.826812e-01
    outer loop
      vertex   -2.742500e+02 2.550170e+02 8.587059e+01
      vertex   -2.742500e+02 2.550670e+02 8.575000e+01
      vertex   -2.754773e+02 2.550494e+02 8.578137e+01
    endloop
  endfacet
  facet normal 4.075549e-03 7.963257e-01 6.048544e-01
    outer loop
      vertex   -2.754773e+02 2.550494e+02 8.578137e+01
      vertex   -2.742500e+02 2.550670e+02 8.575000e+01
      vertex   -2.758085e+02 2.551712e+02 8.562335e+01
    endloop
  endfacet
  facet normal 3.559342e-03 7.933483e-01 6.087576e-01
    outer loop
      vertex   -2.758085e+02 2.551712e+02 8.562335e+01
      vertex   -2.742500e+02 2.550670e+02 8.575000e+01
      vertex   -2.742500e+02 2.551464e+02 8.564645e+01
    endloop
  endfacet
  facet normal -2.103505e-03 6.087601e-01 7.933516e-01
    outer loop
      vertex   -2.758085e+02 2.551712e+02 8.562335e+01
      vertex   -2.742500e+02 2.551464e+02 8.564645e+01
      vertex   -2.742500e+02 2.552500e+02 8.556699e+01
    endloop
  endfacet
  facet normal 0.000000e+00 6.087614e-01 7.933533e-01
    outer loop
      vertex   -2.742500e+02 2.552500e+02 8.556699e+01
      vertex   -2.742500e+02 2.551464e+02 8.564645e+01
      vertex   -2.720000e+02 2.551464e+02 8.564645e+01
    endloop
  endfacet
  facet normal -0.000000e+00 6.087614e-01 7.933533e-01
    outer loop
      vertex   -2.742500e+02 2.552500e+02 8.556699e+01
      vertex   -2.720000e+02 2.551464e+02 8.564645e+01
      vertex   -2.720000e+02 2.552500e+02 8.556699e+01
    endloop
  endfacet
  facet normal 0.000000e+00 6.087614e-01 7.933533e-01
    outer loop
      vertex   -2.720000e+02 2.552500e+02 8.556699e+01
      vertex   -2.720000e+02 2.551464e+02 8.564645e+01
      vertex   -2.697500e+02 2.551464e+02 8.564645e+01
    endloop
  endfacet
  facet normal -0.000000e+00 6.087614e-01 7.933533e-01
    outer loop
      vertex   -2.720000e+02 2.552500e+02 8.556699e+01
      vertex   -2.697500e+02 2.551464e+02 8.564645e+01
      vertex   -2.697500e+02 2.552500e+02 8.556699e+01
    endloop
  endfacet
  facet normal 2.103505e-03 6.087601e-01 7.933516e-01
    outer loop
      vertex   -2.697500e+02 2.552500e+02 8.556699e+01
      vertex   -2.697500e+02 2.551464e+02 8.564645e+01
      vertex   -2.681915e+02 2.551712e+02 8.562335e+01
    endloop
  endfacet
  facet normal -4.981656e-03 5.145304e-01 8.574577e-01
    outer loop
      vertex   -2.697500e+02 2.552500e+02 8.556699e+01
      vertex   -2.681915e+02 2.551712e+02 8.562335e+01
      vertex   -2.678438e+02 2.553299e+02 8.553012e+01
    endloop
  endfacet
  facet normal -6.061748e-04 9.425729e-01 3.340000e-01
    outer loop
      vertex   -2.686774e+02 2.550132e+02 8.588339e+01
      vertex   -2.685227e+02 2.550494e+02 8.578137e+01
      vertex   -2.697500e+02 2.550170e+02 8.587059e+01
    endloop
  endfacet
  facet normal 3.426468e-03 9.238741e-01 3.826812e-01
    outer loop
      vertex   -2.697500e+02 2.550170e+02 8.587059e+01
      vertex   -2.685227e+02 2.550494e+02 8.578137e+01
      vertex   -2.697500e+02 2.550670e+02 8.575000e+01
    endloop
  endfacet
  facet normal 0.000000e+00 9.238795e-01 3.826834e-01
    outer loop
      vertex   -2.697500e+02 2.550170e+02 8.587059e+01
      vertex   -2.697500e+02 2.550670e+02 8.575000e+01
      vertex   -2.720000e+02 2.550670e+02 8.575000e+01
    endloop
  endfacet
  facet normal -0.000000e+00 7.933533e-01 6.087614e-01
    outer loop
      vertex   -2.720000e+02 2.550670e+02 8.575000e+01
      vertex   -2.697500e+02 2.550670e+02 8.575000e+01
      vertex   -2.720000e+02 2.551464e+02 8.564645e+01
    endloop
  endfacet
  facet normal 0.000000e+00 7.933533e-01 6.087614e-01
    outer loop
      vertex   -2.720000e+02 2.550670e+02 8.575000e+01
      vertex   -2.720000e+02 2.551464e+02 8.564645e+01
      vertex   -2.742500e+02 2.551464e+02 8.564645e+01
    endloop
  endfacet
  facet normal -4.075549e-03 7.963257e-01 6.048544e-01
    outer loop
      vertex   -2.685227e+02 2.550494e+02 8.578137e+01
      vertex   -2.681915e+02 2.551712e+02 8.562335e+01
      vertex   -2.697500e+02 2.550670e+02 8.575000e+01
    endloop
  endfacet
  facet normal -3.559342e-03 7.933483e-01 6.087576e-01
    outer loop
      vertex   -2.697500e+02 2.550670e+02 8.575000e+01
      vertex   -2.681915e+02 2.551712e+02 8.562335e+01
      vertex   -2.697500e+02 2.551464e+02 8.564645e+01
    endloop
  endfacet
  facet normal 0.000000e+00 7.933533e-01 6.087614e-01
    outer loop
      vertex   -2.697500e+02 2.550670e+02 8.575000e+01
      vertex   -2.697500e+02 2.551464e+02 8.564645e+01
      vertex   -2.720000e+02 2.551464e+02 8.564645e+01
    endloop
  endfacet
  facet normal 1.828936e-03 3.826828e-01 9.238780e-01
    outer loop
      vertex   -2.697500e+02 2.552500e+02 8.556699e+01
      vertex   -2.678438e+02 2.553299e+02 8.553012e+01
      vertex   -2.697500e+02 2.553706e+02 8.551704e+01
    endloop
  endfacet
  facet normal -2.907362e-03 1.800497e-01 9.836532e-01
    outer loop
      vertex   -2.697500e+02 2.553706e+02 8.551704e+01
      vertex   -2.678438e+02 2.553299e+02 8.553012e+01
      vertex   -2.675000e+02 2.555000e+02 8.550000e+01
    endloop
  endfacet
  facet normal 0.000000e+00 1.305262e-01 9.914449e-01
    outer loop
      vertex   -2.697500e+02 2.553706e+02 8.551704e+01
      vertex   -2.675000e+02 2.555000e+02 8.550000e+01
      vertex   -2.720000e+02 2.553706e+02 8.551704e+01
    endloop
  endfacet
  facet normal 4.123664e-16 1.305262e-01 9.914449e-01
    outer loop
      vertex   -2.720000e+02 2.553706e+02 8.551704e+01
      vertex   -2.675000e+02 2.555000e+02 8.550000e+01
      vertex   -2.765000e+02 2.555000e+02 8.550000e+01
    endloop
  endfacet
  facet normal 0.000000e+00 1.305262e-01 9.914449e-01
    outer loop
      vertex   -2.720000e+02 2.553706e+02 8.551704e+01
      vertex   -2.765000e+02 2.555000e+02 8.550000e+01
      vertex   -2.742500e+02 2.553706e+02 8.551704e+01
    endloop
  endfacet
  facet normal 2.907362e-03 1.800497e-01 9.836532e-01
    outer loop
      vertex   -2.742500e+02 2.553706e+02 8.551704e+01
      vertex   -2.765000e+02 2.555000e+02 8.550000e+01
      vertex   -2.761562e+02 2.553299e+02 8.553012e+01
    endloop
  endfacet
  facet normal -1.828936e-03 3.826828e-01 9.238780e-01
    outer loop
      vertex   -2.742500e+02 2.553706e+02 8.551704e+01
      vertex   -2.761562e+02 2.553299e+02 8.553012e+01
      vertex   -2.742500e+02 2.552500e+02 8.556699e+01
    endloop
  endfacet
  facet normal 4.981656e-03 5.145304e-01 8.574577e-01
    outer loop
      vertex   -2.742500e+02 2.552500e+02 8.556699e+01
      vertex   -2.761562e+02 2.553299e+02 8.553012e+01
      vertex   -2.758085e+02 2.551712e+02 8.562335e+01
    endloop
  endfacet
  facet normal 6.061748e-04 9.425729e-01 3.340000e-01
    outer loop
      vertex   -2.754773e+02 2.550494e+02 8.578137e+01
      vertex   -2.753226e+02 2.550132e+02 8.588339e+01
      vertex   -2.742500e+02 2.550170e+02 8.587059e+01
    endloop
  endfacet
  facet normal -1.319292e-03 9.827913e-01 1.847149e-01
    outer loop
      vertex   -2.742500e+02 2.550170e+02 8.587059e+01
      vertex   -2.753226e+02 2.550132e+02 8.588339e+01
      vertex   -2.688229e+02 2.550000e+02 8.600000e+01
    endloop
  endfacet
  facet normal 8.889035e-15 9.936619e-01 1.124099e-01
    outer loop
      vertex   -2.753226e+02 2.550132e+02 8.588339e+01
      vertex   -2.751771e+02 2.550000e+02 8.600000e+01
      vertex   -2.688229e+02 2.550000e+02 8.600000e+01
    endloop
  endfacet
  facet normal -0.000000e+00 9.238795e-01 3.826834e-01
    outer loop
      vertex   -2.742500e+02 2.550670e+02 8.575000e+01
      vertex   -2.720000e+02 2.550170e+02 8.587059e+01
      vertex   -2.720000e+02 2.550670e+02 8.575000e+01
    endloop
  endfacet
  facet normal 0.000000e+00 9.238795e-01 3.826834e-01
    outer loop
      vertex   -2.720000e+02 2.550670e+02 8.575000e+01
      vertex   -2.720000e+02 2.550170e+02 8.587059e+01
      vertex   -2.697500e+02 2.550170e+02 8.587059e+01
    endloop
  endfacet
  facet normal 0.000000e+00 7.933533e-01 6.087614e-01
    outer loop
      vertex   -2.742500e+02 2.551464e+02 8.564645e+01
      vertex   -2.742500e+02 2.550670e+02 8.575000e+01
      vertex   -2.720000e+02 2.550670e+02 8.575000e+01
    endloop
  endfacet
  facet normal 0.000000e+00 3.826834e-01 9.238795e-01
    outer loop
      vertex   -2.742500e+02 2.553706e+02 8.551704e+01
      vertex   -2.742500e+02 2.552500e+02 8.556699e+01
      vertex   -2.720000e+02 2.552500e+02 8.556699e+01
    endloop
  endfacet
  facet normal 0.000000e+00 3.826834e-01 9.238795e-01
    outer loop
      vertex   -2.697500e+02 2.553706e+02 8.551704e+01
      vertex   -2.720000e+02 2.553706e+02 8.551704e+01
      vertex   -2.697500e+02 2.552500e+02 8.556699e+01
    endloop
  endfacet
  facet normal 0.000000e+00 3.826834e-01 9.238795e-01
    outer loop
      vertex   -2.697500e+02 2.552500e+02 8.556699e+01
      vertex   -2.720000e+02 2.553706e+02 8.551704e+01
      vertex   -2.720000e+02 2.552500e+02 8.556699e+01
    endloop
  endfacet
  facet normal 0.000000e+00 3.826834e-01 9.238795e-01
    outer loop
      vertex   -2.720000e+02 2.553706e+02 8.551704e+01
      vertex   -2.742500e+02 2.553706e+02 8.551704e+01
      vertex   -2.720000e+02 2.552500e+02 8.556699e+01
    endloop
  endfacet
  facet normal 7.370815e-01 -9.359053e-04 6.758032e-01
    outer loop
      vertex   -2.691089e+02 2.550000e+02 8.631196e+01
      vertex   -2.690593e+02 2.475625e+02 8.624751e+01
      vertex   -2.688229e+02 2.550000e+02 8.600000e+01
    endloop
  endfacet
  facet normal 7.206774e-01 1.667350e-04 6.932705e-01
    outer loop
      vertex   -2.688229e+02 2.550000e+02 8.600000e+01
      vertex   -2.690593e+02 2.475625e+02 8.624751e+01
      vertex   -2.688116e+02 2.473148e+02 8.599015e+01
    endloop
  endfacet
  facet normal 6.255265e-01 -8.402221e-05 7.802029e-01
    outer loop
      vertex   -2.688229e+02 2.550000e+02 8.600000e+01
      vertex   -2.688116e+02 2.473148e+02 8.599015e+01
      vertex   -2.686774e+02 2.550132e+02 8.588339e+01
    endloop
  endfacet
  facet normal 5.864489e-01 1.010189e-03 8.099856e-01
    outer loop
      vertex   -2.686774e+02 2.550132e+02 8.588339e+01
      vertex   -2.688116e+02 2.473148e+02 8.599015e+01
      vertex   -2.685222e+02 2.470254e+02 8.578094e+01
    endloop
  endfacet
  facet normal 5.504297e-01 -9.260052e-06 8.348815e-01
    outer loop
      vertex   -2.686774e+02 2.550132e+02 8.588339e+01
      vertex   -2.685222e+02 2.470254e+02 8.578094e+01
      vertex   -2.685227e+02 2.550494e+02 8.578137e+01
    endloop
  endfacet
  facet normal 4.322773e-01 -2.058724e-05 9.017407e-01
    outer loop
      vertex   -2.685227e+02 2.550494e+02 8.578137e+01
      vertex   -2.685222e+02 2.470254e+02 8.578094e+01
      vertex   -2.682001e+02 2.467033e+02 8.562654e+01
    endloop
  endfacet
  facet normal 4.306647e-01 -9.721858e-05 9.025120e-01
    outer loop
      vertex   -2.685227e+02 2.550494e+02 8.578137e+01
      vertex   -2.682001e+02 2.467033e+02 8.562654e+01
      vertex   -2.681915e+02 2.551712e+02 8.562335e+01
    endloop
  endfacet
  facet normal 2.651041e-01 9.412288e-05 9.642198e-01
    outer loop
      vertex   -2.681915e+02 2.551712e+02 8.562335e+01
      vertex   -2.682001e+02 2.467033e+02 8.562654e+01
      vertex   -2.678557e+02 2.463589e+02 8.553189e+01
    endloop
  endfacet
  facet normal 2.590221e-01 -1.547710e-04 9.658714e-01
    outer loop
      vertex   -2.681915e+02 2.551712e+02 8.562335e+01
      vertex   -2.678557e+02 2.463589e+02 8.553189e+01
      vertex   -2.678438e+02 2.553299e+02 8.553012e+01
    endloop
  endfacet
  facet normal 8.936465e-02 7.729100e-05 9.959990e-01
    outer loop
      vertex   -2.678438e+02 2.553299e+02 8.553012e+01
      vertex   -2.678557e+02 2.463589e+02 8.553189e+01
      vertex   -2.675000e+02 2.460032e+02 8.550000e+01
    endloop
  endfacet
  facet normal 8.728386e-02 0.000000e+00 9.961835e-01
    outer loop
      vertex   -2.678438e+02 2.553299e+02 8.553012e+01
      vertex   -2.675000e+02 2.460032e+02 8.550000e+01
      vertex   -2.675000e+02 2.555000e+02 8.550000e+01
    endloop
  endfacet
  facet normal 8.326623e-01 7.594616e-04 5.537806e-01
    outer loop
      vertex   -2.690593e+02 2.475625e+02 8.624751e+01
      vertex   -2.691089e+02 2.550000e+02 8.631196e+01
      vertex   -2.692572e+02 2.477604e+02 8.654482e+01
    endloop
  endfacet
  facet normal 8.627866e-01 -1.408228e-03 5.055663e-01
    outer loop
      vertex   -2.692572e+02 2.477604e+02 8.654482e+01
      vertex   -2.691089e+02 2.550000e+02 8.631196e+01
      vertex   -2.693229e+02 2.550000e+02 8.667712e+01
    endloop
  endfacet
  facet normal 9.178854e-01 1.078846e-03 3.968440e-01
    outer loop
      vertex   -2.692572e+02 2.477604e+02 8.654482e+01
      vertex   -2.693229e+02 2.550000e+02 8.667712e+01
      vertex   -2.693990e+02 2.479022e+02 8.687258e+01
    endloop
  endfacet
  facet normal 9.498542e-01 -1.581619e-03 3.126892e-01
    outer loop
      vertex   -2.693990e+02 2.479022e+02 8.687258e+01
      vertex   -2.693229e+02 2.550000e+02 8.667712e+01
      vertex   -2.694552e+02 2.550000e+02 8.707914e+01
    endloop
  endfacet
  facet normal 9.737927e-01 1.088924e-03 2.274348e-01
    outer loop
      vertex   -2.693990e+02 2.479022e+02 8.687258e+01
      vertex   -2.694552e+02 2.550000e+02 8.707914e+01
      vertex   -2.694804e+02 2.479836e+02 8.722035e+01
    endloop
  endfacet
  facet normal 9.931541e-01 -1.206978e-03 1.168050e-01
    outer loop
      vertex   -2.694804e+02 2.479836e+02 8.722035e+01
      vertex   -2.694552e+02 2.550000e+02 8.707914e+01
      vertex   -2.694913e+02 2.479967e+02 8.731323e+01
    endloop
  endfacet
  facet normal 9.943852e-01 -1.580852e-03 1.058092e-01
    outer loop
      vertex   -2.694913e+02 2.479967e+02 8.731323e+01
      vertex   -2.694552e+02 2.550000e+02 8.707914e+01
      vertex   -2.695000e+02 2.550000e+02 8.750000e+01
    endloop
  endfacet
  facet normal 9.975347e-01 -6.265199e-04 7.017234e-02
    outer loop
      vertex   -2.694913e+02 2.479967e+02 8.731323e+01
      vertex   -2.695000e+02 2.550000e+02 8.750000e+01
      vertex   -2.694978e+02 2.480098e+02 8.740651e+01
    endloop
  endfacet
  facet normal 9.997267e-01 0.000000e+00 2.337848e-02
    outer loop
      vertex   -2.694978e+02 2.480098e+02 8.740651e+01
      vertex   -2.695000e+02 2.550000e+02 8.750000e+01
      vertex   -2.695000e+02 2.480230e+02 8.750000e+01
    endloop
  endfacet
  facet normal 8.945734e-15 1.000000e+00 -8.202019e-15
    outer loop
      vertex   -2.751771e+02 2.550000e+02 8.600000e+01
      vertex   -2.748911e+02 2.550000e+02 8.631196e+01
      vertex   -2.688229e+02 2.550000e+02 8.600000e+01
    endloop
  endfacet
  facet normal 9.830763e-15 1.000000e+00 9.013470e-15
    outer loop
      vertex   -2.688229e+02 2.550000e+02 8.600000e+01
      vertex   -2.748911e+02 2.550000e+02 8.631196e+01
      vertex   -2.691089e+02 2.550000e+02 8.631196e+01
    endloop
  endfacet
  facet normal 9.830763e-15 1.000000e+00 -5.760524e-15
    outer loop
      vertex   -2.691089e+02 2.550000e+02 8.631196e+01
      vertex   -2.748911e+02 2.550000e+02 8.631196e+01
      vertex   -2.746771e+02 2.550000e+02 8.667712e+01
    endloop
  endfacet
  facet normal 1.061651e-14 1.000000e+00 6.220945e-15
    outer loop
      vertex   -2.691089e+02 2.550000e+02 8.631196e+01
      vertex   -2.746771e+02 2.550000e+02 8.667712e+01
      vertex   -2.693229e+02 2.550000e+02 8.667712e+01
    endloop
  endfacet
  facet normal 1.061651e-14 1.000000e+00 -3.494923e-15
    outer loop
      vertex   -2.693229e+02 2.550000e+02 8.667712e+01
      vertex   -2.746771e+02 2.550000e+02 8.667712e+01
      vertex   -2.745448e+02 2.550000e+02 8.707914e+01
    endloop
  endfacet
  facet normal 1.116862e-14 1.000000e+00 3.676677e-15
    outer loop
      vertex   -2.693229e+02 2.550000e+02 8.667712e+01
      vertex   -2.745448e+02 2.550000e+02 8.707914e+01
      vertex   -2.694552e+02 2.550000e+02 8.707914e+01
    endloop
  endfacet
  facet normal 1.116862e-14 1.000000e+00 -1.188415e-15
    outer loop
      vertex   -2.694552e+02 2.550000e+02 8.707914e+01
      vertex   -2.745448e+02 2.550000e+02 8.707914e+01
      vertex   -2.745000e+02 2.550000e+02 8.750000e+01
    endloop
  endfacet
  facet normal 1.136868e-14 1.000000e+00 1.209704e-15
    outer loop
      vertex   -2.694552e+02 2.550000e+02 8.707914e+01
      vertex   -2.745000e+02 2.550000e+02 8.750000e+01
      vertex   -2.695000e+02 2.550000e+02 8.750000e+01
    endloop
  endfacet
  facet normal 1.136868e-14 1.000000e+00 0.000000e+00
    outer loop
      vertex   -2.695000e+02 2.550000e+02 8.750000e+01
      vertex   -2.745000e+02 2.550000e+02 8.750000e+01
      vertex   -2.745000e+02 2.550000e+02 9.550000e+01
    endloop
  endfacet
  facet normal 1.136868e-14 1.000000e+00 -0.000000e+00
    outer loop
      vertex   -2.695000e+02 2.550000e+02 8.750000e+01
      vertex   -2.745000e+02 2.550000e+02 9.550000e+01
      vertex   -2.695000e+02 2.550000e+02 9.550000e+01
    endloop
  endfacet
  facet normal 1.483911e-15 1.305262e-01 -9.914449e-01
    outer loop
      vertex   -2.695000e+02 2.597929e+02 9.550000e+01
      vertex   -2.745000e+02 2.597929e+02 9.550000e+01
      vertex   -2.720000e+02 2.599223e+02 9.551704e+01
    endloop
  endfacet
  facet normal 0.000000e+00 1.305262e-01 -9.914449e-01
    outer loop
      vertex   -2.720000e+02 2.599223e+02 9.551704e+01
      vertex   -2.745000e+02 2.597929e+02 9.550000e+01
      vertex   -2.745000e+02 2.599223e+02 9.551704e+01
    endloop
  endfacet
  facet normal 0.000000e+00 3.826834e-01 -9.238795e-01
    outer loop
      vertex   -2.720000e+02 2.599223e+02 9.551704e+01
      vertex   -2.745000e+02 2.599223e+02 9.551704e+01
      vertex   -2.720000e+02 2.600429e+02 9.556699e+01
    endloop
  endfacet
  facet normal -5.251647e-15 3.826834e-01 -9.238795e-01
    outer loop
      vertex   -2.720000e+02 2.600429e+02 9.556699e+01
      vertex   -2.745000e+02 2.599223e+02 9.551704e+01
      vertex   -2.745000e+02 2.600429e+02 9.556699e+01
    endloop
  endfacet
  facet normal -4.509692e-15 6.087614e-01 -7.933533e-01
    outer loop
      vertex   -2.720000e+02 2.600429e+02 9.556699e+01
      vertex   -2.745000e+02 2.600429e+02 9.556699e+01
      vertex   -2.720000e+02 2.601464e+02 9.564645e+01
    endloop
  endfacet
  facet normal -1.352907e-14 6.087614e-01 -7.933533e-01
    outer loop
      vertex   -2.720000e+02 2.601464e+02 9.564645e+01
      vertex   -2.745000e+02 2.600429e+02 9.556699e+01
      vertex   -2.745000e+02 2.601464e+02 9.564645e+01
    endloop
  endfacet
  facet normal -1.038122e-14 7.933533e-01 -6.087614e-01
    outer loop
      vertex   -2.720000e+02 2.601464e+02 9.564645e+01
      vertex   -2.745000e+02 2.601464e+02 9.564645e+01
      vertex   -2.720000e+02 2.602259e+02 9.575000e+01
    endloop
  endfacet
  facet normal -2.149917e-14 7.933533e-01 -6.087614e-01
    outer loop
      vertex   -2.720000e+02 2.602259e+02 9.575000e+01
      vertex   -2.745000e+02 2.601464e+02 9.564645e+01
      vertex   -2.745000e+02 2.602259e+02 9.575000e+01
    endloop
  endfacet
  facet normal -2.318189e-14 9.238795e-01 -3.826834e-01
    outer loop
      vertex   -2.720000e+02 2.602259e+02 9.575000e+01
      vertex   -2.745000e+02 2.602259e+02 9.575000e+01
      vertex   -2.720000e+02 2.602759e+02 9.587059e+01
    endloop
  endfacet
  facet normal -2.318189e-14 9.238795e-01 -3.826834e-01
    outer loop
      vertex   -2.720000e+02 2.602759e+02 9.587059e+01
      vertex   -2.745000e+02 2.602259e+02 9.575000e+01
      vertex   -2.745000e+02 2.602759e+02 9.587059e+01
    endloop
  endfacet
  facet normal -2.328480e-14 9.914449e-01 -1.305262e-01
    outer loop
      vertex   -2.720000e+02 2.602759e+02 9.587059e+01
      vertex   -2.745000e+02 2.602759e+02 9.587059e+01
      vertex   -2.720000e+02 2.602929e+02 9.600000e+01
    endloop
  endfacet
  facet normal -2.254285e-14 9.914449e-01 -1.305262e-01
    outer loop
      vertex   -2.720000e+02 2.602929e+02 9.600000e+01
      vertex   -2.745000e+02 2.602759e+02 9.587059e+01
      vertex   -2.745000e+02 2.602929e+02 9.600000e+01
    endloop
  endfacet
  facet normal -2.254285e-14 9.914449e-01 1.305262e-01
    outer loop
      vertex   -2.720000e+02 2.602929e+02 9.600000e+01
      vertex   -2.745000e+02 2.602929e+02 9.600000e+01
      vertex   -2.720000e+02 2.602759e+02 9.612941e+01
    endloop
  endfacet
  facet normal -4.582765e-14 9.914449e-01 1.305262e-01
    outer loop
      vertex   -2.720000e+02 2.602759e+02 9.612941e+01
      vertex   -2.745000e+02 2.602929e+02 9.600000e+01
      vertex   -2.745000e+02 2.602759e+02 9.612941e+01
    endloop
  endfacet
  facet normal -4.418848e-14 9.238795e-01 3.826834e-01
    outer loop
      vertex   -2.720000e+02 2.602759e+02 9.612941e+01
      vertex   -2.745000e+02 2.602759e+02 9.612941e+01
      vertex   -2.720000e+02 2.602259e+02 9.625000e+01
    endloop
  endfacet
  facet normal -2.535720e-14 9.238795e-01 3.826834e-01
    outer loop
      vertex   -2.720000e+02 2.602259e+02 9.625000e+01
      vertex   -2.745000e+02 2.602759e+02 9.612941e+01
      vertex   -2.745000e+02 2.602259e+02 9.625000e+01
    endloop
  endfacet
  facet normal -2.495958e-14 7.933533e-01 6.087614e-01
    outer loop
      vertex   -2.720000e+02 2.602259e+02 9.625000e+01
      vertex   -2.745000e+02 2.602259e+02 9.625000e+01
      vertex   -2.745000e+02 2.601464e+02 9.635355e+01
    endloop
  endfacet
  facet normal -0.000000e+00 7.933533e-01 6.087614e-01
    outer loop
      vertex   -2.745000e+02 2.601464e+02 9.635355e+01
      vertex   -2.695000e+02 2.601464e+02 9.635355e+01
      vertex   -2.720000e+02 2.602259e+02 9.625000e+01
    endloop
  endfacet
  facet normal 2.495958e-14 7.933533e-01 6.087614e-01
    outer loop
      vertex   -2.720000e+02 2.602259e+02 9.625000e+01
      vertex   -2.695000e+02 2.601464e+02 9.635355e+01
      vertex   -2.695000e+02 2.602259e+02 9.625000e+01
    endloop
  endfacet
  facet normal 2.535720e-14 9.238795e-01 3.826834e-01
    outer loop
      vertex   -2.720000e+02 2.602259e+02 9.625000e+01
      vertex   -2.695000e+02 2.602259e+02 9.625000e+01
      vertex   -2.720000e+02 2.602759e+02 9.612941e+01
    endloop
  endfacet
  facet normal 4.418848e-14 9.238795e-01 3.826834e-01
    outer loop
      vertex   -2.720000e+02 2.602759e+02 9.612941e+01
      vertex   -2.695000e+02 2.602259e+02 9.625000e+01
      vertex   -2.695000e+02 2.602759e+02 9.612941e+01
    endloop
  endfacet
  facet normal 4.582765e-14 9.914449e-01 1.305262e-01
    outer loop
      vertex   -2.720000e+02 2.602759e+02 9.612941e+01
      vertex   -2.695000e+02 2.602759e+02 9.612941e+01
      vertex   -2.720000e+02 2.602929e+02 9.600000e+01
    endloop
  endfacet
  facet normal 4.508569e-14 9.914449e-01 1.305262e-01
    outer loop
      vertex   -2.720000e+02 2.602929e+02 9.600000e+01
      vertex   -2.695000e+02 2.602759e+02 9.612941e+01
      vertex   -2.695000e+02 2.602929e+02 9.600000e+01
    endloop
  endfacet
  facet normal 4.508569e-14 9.914449e-01 -1.305262e-01
    outer loop
      vertex   -2.720000e+02 2.602929e+02 9.600000e+01
      vertex   -2.695000e+02 2.602929e+02 9.600000e+01
      vertex   -2.720000e+02 2.602759e+02 9.587059e+01
    endloop
  endfacet
  facet normal 4.582765e-14 9.914449e-01 -1.305262e-01
    outer loop
      vertex   -2.720000e+02 2.602759e+02 9.587059e+01
      vertex   -2.695000e+02 2.602929e+02 9.600000e+01
      vertex   -2.695000e+02 2.602759e+02 9.587059e+01
    endloop
  endfacet
  facet normal 4.418848e-14 9.238795e-01 -3.826834e-01
    outer loop
      vertex   -2.720000e+02 2.602759e+02 9.587059e+01
      vertex   -2.695000e+02 2.602759e+02 9.587059e+01
      vertex   -2.720000e+02 2.602259e+02 9.575000e+01
    endloop
  endfacet
  facet normal 2.318189e-14 9.238795e-01 -3.826834e-01
    outer loop
      vertex   -2.720000e+02 2.602259e+02 9.575000e+01
      vertex   -2.695000e+02 2.602759e+02 9.587059e+01
      vertex   -2.695000e+02 2.602259e+02 9.575000e+01
    endloop
  endfacet
  facet normal 2.149917e-14 7.933533e-01 -6.087614e-01
    outer loop
      vertex   -2.720000e+02 2.602259e+02 9.575000e+01
      vertex   -2.695000e+02 2.602259e+02 9.575000e+01
      vertex   -2.720000e+02 2.601464e+02 9.564645e+01
    endloop
  endfacet
  facet normal 2.841999e-14 7.933533e-01 -6.087614e-01
    outer loop
      vertex   -2.720000e+02 2.601464e+02 9.564645e+01
      vertex   -2.695000e+02 2.602259e+02 9.575000e+01
      vertex   -2.695000e+02 2.601464e+02 9.564645e+01
    endloop
  endfacet
  facet normal 2.737071e-14 6.087614e-01 -7.933533e-01
    outer loop
      vertex   -2.720000e+02 2.601464e+02 9.564645e+01
      vertex   -2.695000e+02 2.601464e+02 9.564645e+01
      vertex   -2.720000e+02 2.600429e+02 9.556699e+01
    endloop
  endfacet
  facet normal 4.509692e-15 6.087614e-01 -7.933533e-01
    outer loop
      vertex   -2.720000e+02 2.600429e+02 9.556699e+01
      vertex   -2.695000e+02 2.601464e+02 9.564645e+01
      vertex   -2.695000e+02 2.600429e+02 9.556699e+01
    endloop
  endfacet
  facet normal 5.251647e-15 3.826834e-01 -9.238795e-01
    outer loop
      vertex   -2.720000e+02 2.600429e+02 9.556699e+01
      vertex   -2.695000e+02 2.600429e+02 9.556699e+01
      vertex   -2.720000e+02 2.599223e+02 9.551704e+01
    endloop
  endfacet
  facet normal 8.701214e-15 3.826834e-01 -9.238795e-01
    outer loop
      vertex   -2.720000e+02 2.599223e+02 9.551704e+01
      vertex   -2.695000e+02 2.600429e+02 9.556699e+01
      vertex   -2.695000e+02 2.599223e+02 9.551704e+01
    endloop
  endfacet
  facet normal 2.967822e-15 1.305262e-01 -9.914449e-01
    outer loop
      vertex   -2.720000e+02 2.599223e+02 9.551704e+01
      vertex   -2.695000e+02 2.599223e+02 9.551704e+01
      vertex   -2.695000e+02 2.597929e+02 9.550000e+01
    endloop
  endfacet
  facet normal -0.000000e+00 -0.000000e+00 -1.000000e+00
    outer loop
      vertex   -2.695000e+02 2.597929e+02 9.550000e+01
      vertex   -2.695000e+02 2.550000e+02 9.550000e+01
      vertex   -2.745000e+02 2.597929e+02 9.550000e+01
    endloop
  endfacet
  facet normal 0.000000e+00 0.000000e+00 -1.000000e+00
    outer loop
      vertex   -2.745000e+02 2.597929e+02 9.550000e+01
      vertex   -2.695000e+02 2.550000e+02 9.550000e+01
      vertex   -2.745000e+02 2.550000e+02 9.550000e+01
    endloop
  endfacet
  facet normal -1.098379e-14 -9.737369e-01 2.276763e-01
    outer loop
      vertex   -2.694804e+02 2.479836e+02 8.722035e+01
      vertex   -2.745196e+02 2.479836e+02 8.722035e+01
      vertex   -2.693990e+02 2.479022e+02 8.687258e+01
    endloop
  endfacet
  facet normal -1.188435e-14 -9.737369e-01 2.276763e-01
    outer loop
      vertex   -2.693990e+02 2.479022e+02 8.687258e+01
      vertex   -2.745196e+02 2.479836e+02 8.722035e+01
      vertex   -2.746010e+02 2.479022e+02 8.687258e+01
    endloop
  endfacet
  facet normal -1.219862e-14 -9.177158e-01 3.972376e-01
    outer loop
      vertex   -2.693990e+02 2.479022e+02 8.687258e+01
      vertex   -2.746010e+02 2.479022e+02 8.687258e+01
      vertex   -2.747428e+02 2.477604e+02 8.654482e+01
    endloop
  endfacet
  facet normal -1.156707e-14 -9.177158e-01 3.972376e-01
    outer loop
      vertex   -2.693990e+02 2.479022e+02 8.687258e+01
      vertex   -2.747428e+02 2.477604e+02 8.654482e+01
      vertex   -2.692572e+02 2.477604e+02 8.654482e+01
    endloop
  endfacet
  facet normal -1.149676e-14 -8.324294e-01 5.541311e-01
    outer loop
      vertex   -2.692572e+02 2.477604e+02 8.654482e+01
      vertex   -2.747428e+02 2.477604e+02 8.654482e+01
      vertex   -2.749407e+02 2.475625e+02 8.624751e+01
    endloop
  endfacet
  facet normal -1.072256e-14 -8.324294e-01 5.541311e-01
    outer loop
      vertex   -2.692572e+02 2.477604e+02 8.654482e+01
      vertex   -2.749407e+02 2.475625e+02 8.624751e+01
      vertex   -2.690593e+02 2.475625e+02 8.624751e+01
    endloop
  endfacet
  facet normal -1.031499e-14 -7.205973e-01 6.933538e-01
    outer loop
      vertex   -2.690593e+02 2.475625e+02 8.624751e+01
      vertex   -2.749407e+02 2.475625e+02 8.624751e+01
      vertex   -2.688116e+02 2.473148e+02 8.599015e+01
    endloop
  endfacet
  facet normal -7.847259e-15 -7.205973e-01 6.933538e-01
    outer loop
      vertex   -2.688116e+02 2.473148e+02 8.599015e+01
      vertex   -2.749407e+02 2.475625e+02 8.624751e+01
      vertex   -2.751884e+02 2.473148e+02 8.599015e+01
    endloop
  endfacet
  facet normal -8.029360e-15 -5.857858e-01 8.104659e-01
    outer loop
      vertex   -2.688116e+02 2.473148e+02 8.599015e+01
      vertex   -2.751884e+02 2.473148e+02 8.599015e+01
      vertex   -2.685222e+02 2.470254e+02 8.578094e+01
    endloop
  endfacet
  facet normal -5.705249e-15 -5.857858e-01 8.104659e-01
    outer loop
      vertex   -2.685222e+02 2.470254e+02 8.578094e+01
      vertex   -2.751884e+02 2.473148e+02 8.599015e+01
      vertex   -2.754778e+02 2.470254e+02 8.578094e+01
    endloop
  endfacet
  facet normal -5.450991e-15 -4.322940e-01 9.017327e-01
    outer loop
      vertex   -2.685222e+02 2.470254e+02 8.578094e+01
      vertex   -2.754778e+02 2.470254e+02 8.578094e+01
      vertex   -2.757999e+02 2.467033e+02 8.562654e+01
    endloop
  endfacet
  facet normal -4.987618e-15 -4.322940e-01 9.017327e-01
    outer loop
      vertex   -2.685222e+02 2.470254e+02 8.578094e+01
      vertex   -2.757999e+02 2.467033e+02 8.562654e+01
      vertex   -2.682001e+02 2.467033e+02 8.562654e+01
    endloop
  endfacet
  facet normal -4.597193e-15 -2.650166e-01 9.642439e-01
    outer loop
      vertex   -2.682001e+02 2.467033e+02 8.562654e+01
      vertex   -2.757999e+02 2.467033e+02 8.562654e+01
      vertex   -2.761443e+02 2.463589e+02 8.553189e+01
    endloop
  endfacet
  facet normal -5.123998e-15 -2.650166e-01 9.642439e-01
    outer loop
      vertex   -2.682001e+02 2.467033e+02 8.562654e+01
      vertex   -2.761443e+02 2.463589e+02 8.553189e+01
      vertex   -2.678557e+02 2.463589e+02 8.553189e+01
    endloop
  endfacet
  facet normal -4.027680e-15 -8.928798e-02 9.960059e-01
    outer loop
      vertex   -2.678557e+02 2.463589e+02 8.553189e+01
      vertex   -2.761443e+02 2.463589e+02 8.553189e+01
      vertex   -2.675000e+02 2.460032e+02 8.550000e+01
    endloop
  endfacet
  facet normal -2.819685e-16 -8.928798e-02 9.960059e-01
    outer loop
      vertex   -2.675000e+02 2.460032e+02 8.550000e+01
      vertex   -2.761443e+02 2.463589e+02 8.553189e+01
      vertex   -2.765000e+02 2.460032e+02 8.550000e+01
    endloop
  endfacet
  facet normal -9.943852e-01 -1.580852e-03 1.058092e-01
    outer loop
      vertex   -2.745448e+02 2.550000e+02 8.707914e+01
      vertex   -2.745087e+02 2.479967e+02 8.731323e+01
      vertex   -2.745000e+02 2.550000e+02 8.750000e+01
    endloop
  endfacet
  facet normal -9.975347e-01 -6.265199e-04 7.017234e-02
    outer loop
      vertex   -2.745000e+02 2.550000e+02 8.750000e+01
      vertex   -2.745087e+02 2.479967e+02 8.731323e+01
      vertex   -2.745022e+02 2.480098e+02 8.740651e+01
    endloop
  endfacet
  facet normal -9.997267e-01 0.000000e+00 2.337848e-02
    outer loop
      vertex   -2.745000e+02 2.550000e+02 8.750000e+01
      vertex   -2.745022e+02 2.480098e+02 8.740651e+01
      vertex   -2.745000e+02 2.480230e+02 8.750000e+01
    endloop
  endfacet
  facet normal -9.498542e-01 -1.581619e-03 3.126892e-01
    outer loop
      vertex   -2.746771e+02 2.550000e+02 8.667712e+01
      vertex   -2.746010e+02 2.479022e+02 8.687258e+01
      vertex   -2.745448e+02 2.550000e+02 8.707914e+01
    endloop
  endfacet
  facet normal -9.737927e-01 1.088924e-03 2.274348e-01
    outer loop
      vertex   -2.745448e+02 2.550000e+02 8.707914e+01
      vertex   -2.746010e+02 2.479022e+02 8.687258e+01
      vertex   -2.745196e+02 2.479836e+02 8.722035e+01
    endloop
  endfacet
  facet normal -9.931541e-01 -1.206978e-03 1.168050e-01
    outer loop
      vertex   -2.745448e+02 2.550000e+02 8.707914e+01
      vertex   -2.745196e+02 2.479836e+02 8.722035e+01
      vertex   -2.745087e+02 2.479967e+02 8.731323e+01
    endloop
  endfacet
  facet normal -9.178854e-01 1.078846e-03 3.968440e-01
    outer loop
      vertex   -2.746010e+02 2.479022e+02 8.687258e+01
      vertex   -2.746771e+02 2.550000e+02 8.667712e+01
      vertex   -2.747428e+02 2.477604e+02 8.654482e+01
    endloop
  endfacet
  facet normal -8.627866e-01 -1.408228e-03 5.055663e-01
    outer loop
      vertex   -2.747428e+02 2.477604e+02 8.654482e+01
      vertex   -2.746771e+02 2.550000e+02 8.667712e+01
      vertex   -2.748911e+02 2.550000e+02 8.631196e+01
    endloop
  endfacet
  facet normal -8.326623e-01 7.594616e-04 5.537806e-01
    outer loop
      vertex   -2.747428e+02 2.477604e+02 8.654482e+01
      vertex   -2.748911e+02 2.550000e+02 8.631196e+01
      vertex   -2.749407e+02 2.475625e+02 8.624751e+01
    endloop
  endfacet
  facet normal -7.370815e-01 -9.359053e-04 6.758032e-01
    outer loop
      vertex   -2.749407e+02 2.475625e+02 8.624751e+01
      vertex   -2.748911e+02 2.550000e+02 8.631196e+01
      vertex   -2.751771e+02 2.550000e+02 8.600000e+01
    endloop
  endfacet
  facet normal -7.206774e-01 1.667350e-04 6.932705e-01
    outer loop
      vertex   -2.749407e+02 2.475625e+02 8.624751e+01
      vertex   -2.751771e+02 2.550000e+02 8.600000e+01
      vertex   -2.751884e+02 2.473148e+02 8.599015e+01
    endloop
  endfacet
  facet normal -6.255265e-01 -8.402221e-05 7.802029e-01
    outer loop
      vertex   -2.751884e+02 2.473148e+02 8.599015e+01
      vertex   -2.751771e+02 2.550000e+02 8.600000e+01
      vertex   -2.753226e+02 2.550132e+02 8.588339e+01
    endloop
  endfacet
  facet normal -5.864489e-01 1.010189e-03 8.099856e-01
    outer loop
      vertex   -2.751884e+02 2.473148e+02 8.599015e+01
      vertex   -2.753226e+02 2.550132e+02 8.588339e+01
      vertex   -2.754778e+02 2.470254e+02 8.578094e+01
    endloop
  endfacet
  facet normal -5.504297e-01 -9.260052e-06 8.348815e-01
    outer loop
      vertex   -2.754778e+02 2.470254e+02 8.578094e+01
      vertex   -2.753226e+02 2.550132e+02 8.588339e+01
      vertex   -2.754773e+02 2.550494e+02 8.578137e+01
    endloop
  endfacet
  facet normal -4.306418e-01 -2.073627e-05 9.025229e-01
    outer loop
      vertex   -2.754778e+02 2.470254e+02 8.578094e+01
      vertex   -2.754773e+02 2.550494e+02 8.578137e+01
      vertex   -2.758085e+02 2.551712e+02 8.562335e+01
    endloop
  endfacet
  facet normal -2.590221e-01 -1.547710e-04 9.658714e-01
    outer loop
      vertex   -2.761562e+02 2.553299e+02 8.553012e+01
      vertex   -2.761443e+02 2.463589e+02 8.553189e+01
      vertex   -2.758085e+02 2.551712e+02 8.562335e+01
    endloop
  endfacet
  facet normal -2.651041e-01 9.412288e-05 9.642198e-01
    outer loop
      vertex   -2.758085e+02 2.551712e+02 8.562335e+01
      vertex   -2.761443e+02 2.463589e+02 8.553189e+01
      vertex   -2.757999e+02 2.467033e+02 8.562654e+01
    endloop
  endfacet
  facet normal -4.322134e-01 -9.907001e-05 9.017713e-01
    outer loop
      vertex   -2.758085e+02 2.551712e+02 8.562335e+01
      vertex   -2.757999e+02 2.467033e+02 8.562654e+01
      vertex   -2.754778e+02 2.470254e+02 8.578094e+01
    endloop
  endfacet
  facet normal -8.728386e-02 0.000000e+00 9.961835e-01
    outer loop
      vertex   -2.765000e+02 2.555000e+02 8.550000e+01
      vertex   -2.765000e+02 2.460032e+02 8.550000e+01
      vertex   -2.761562e+02 2.553299e+02 8.553012e+01
    endloop
  endfacet
  facet normal -8.936465e-02 7.729100e-05 9.959990e-01
    outer loop
      vertex   -2.761562e+02 2.553299e+02 8.553012e+01
      vertex   -2.765000e+02 2.460032e+02 8.550000e+01
      vertex   -2.761443e+02 2.463589e+02 8.553189e+01
    endloop
  endfacet
  facet normal -1.116922e-14 -9.901764e-01 1.398240e-01
    outer loop
      vertex   -2.745196e+02 2.479836e+02 8.722035e+01
      vertex   -2.694804e+02 2.479836e+02 8.722035e+01
      vertex   -2.745087e+02 2.479967e+02 8.731323e+01
    endloop
  endfacet
  facet normal -6.796950e-15 -9.901764e-01 1.398240e-01
    outer loop
      vertex   -2.745087e+02 2.479967e+02 8.731323e+01
      vertex   -2.694804e+02 2.479836e+02 8.722035e+01
      vertex   -2.694913e+02 2.479967e+02 8.731323e+01
    endloop
  endfacet
  facet normal -6.796950e-15 -9.901764e-01 1.398240e-01
    outer loop
      vertex   -2.745087e+02 2.479967e+02 8.731323e+01
      vertex   -2.694913e+02 2.479967e+02 8.731323e+01
      vertex   -2.745022e+02 2.480098e+02 8.740651e+01
    endloop
  endfacet
  facet normal -1.204128e-14 -9.901764e-01 1.398240e-01
    outer loop
      vertex   -2.745022e+02 2.480098e+02 8.740651e+01
      vertex   -2.694913e+02 2.479967e+02 8.731323e+01
      vertex   -2.694978e+02 2.480098e+02 8.740651e+01
    endloop
  endfacet
  facet normal -1.204128e-14 -9.901764e-01 1.398240e-01
    outer loop
      vertex   -2.745022e+02 2.480098e+02 8.740651e+01
      vertex   -2.694978e+02 2.480098e+02 8.740651e+01
      vertex   -2.745000e+02 2.480230e+02 8.750000e+01
    endloop
  endfacet
  facet normal -5.628501e-15 -9.901764e-01 1.398240e-01
    outer loop
      vertex   -2.745000e+02 2.480230e+02 8.750000e+01
      vertex   -2.694978e+02 2.480098e+02 8.740651e+01
      vertex   -2.695000e+02 2.480230e+02 8.750000e+01
    endloop
  endfacet
  facet normal -5.628501e-15 -9.901764e-01 1.398240e-01
    outer loop
      vertex   -2.745000e+02 2.480230e+02 8.750000e+01
      vertex   -2.695000e+02 2.480230e+02 8.750000e+01
      vertex   -2.695000e+02 2.500000e+02 1.015000e+02
    endloop
  endfacet
  facet normal -1.125700e-14 -9.901764e-01 1.398240e-01
    outer loop
      vertex   -2.695000e+02 2.500000e+02 1.015000e+02
      vertex   -2.745000e+02 2.500000e+02 1.015000e+02
      vertex   -2.745000e+02 2.480230e+02 8.750000e+01
    endloop
  endfacet
  facet normal 0.000000e+00 -0.000000e+00 1.000000e+00
    outer loop
      vertex   -2.695000e+02 2.500000e+02 1.015000e+02
      vertex   -2.695000e+02 2.550000e+02 1.015000e+02
      vertex   -2.745000e+02 2.500000e+02 1.015000e+02
    endloop
  endfacet
  facet normal 0.000000e+00 0.000000e+00 1.000000e+00
    outer loop
      vertex   -2.745000e+02 2.500000e+02 1.015000e+02
      vertex   -2.695000e+02 2.550000e+02 1.015000e+02
      vertex   -2.745000e+02 2.550000e+02 1.015000e+02
    endloop
  endfacet
  facet normal 8.038873e-15 7.071068e-01 7.071068e-01
    outer loop
      vertex   -2.695000e+02 2.550000e+02 1.015000e+02
      vertex   -2.695000e+02 2.601464e+02 9.635355e+01
      vertex   -2.745000e+02 2.550000e+02 1.015000e+02
    endloop
  endfacet
  facet normal 0.000000e+00 7.071068e-01 7.071068e-01
    outer loop
      vertex   -2.745000e+02 2.550000e+02 1.015000e+02
      vertex   -2.695000e+02 2.601464e+02 9.635355e+01
      vertex   -2.745000e+02 2.601464e+02 9.635355e+01
    endloop
  endfacet
  facet normal -1.388306e-08 1.000000e+00 4.388849e-08
    outer loop
      vertex   -2.748750e+02 2.610000e+02 7.662500e+01
      vertex   -3.000000e+02 2.610000e+02 8.050000e+01
      vertex   -2.691250e+02 2.610000e+02 7.662500e+01
    endloop
  endfacet
  facet normal -1.911366e-08 1.000000e+00 2.212408e-09
    outer loop
      vertex   -2.691250e+02 2.610000e+02 7.662500e+01
      vertex   -3.000000e+02 2.610000e+02 8.050000e+01
      vertex   -2.290000e+02 2.610000e+02 8.050000e+01
    endloop
  endfacet
  facet normal -2.632368e-08 1.000000e+00 7.687105e-08
    outer loop
      vertex   -2.691250e+02 2.610000e+02 7.662500e+01
      vertex   -2.290000e+02 2.610000e+02 8.050000e+01
      vertex   -2.691250e+02 2.610000e+02 6.987500e+01
    endloop
  endfacet
  facet normal -5.968420e-09 1.000000e+00 0.000000e+00
    outer loop
      vertex   -2.691250e+02 2.610000e+02 6.987500e+01
      vertex   -2.290000e+02 2.610000e+02 8.050000e+01
      vertex   -2.290000e+02 2.610000e+02 6.050000e+01
    endloop
  endfacet
  facet normal -1.911366e-08 1.000000e+00 -5.626163e-08
    outer loop
      vertex   -2.691250e+02 2.610000e+02 6.987500e+01
      vertex   -2.290000e+02 2.610000e+02 6.050000e+01
      vertex   -3.000000e+02 2.610000e+02 6.050000e+01
    endloop
  endfacet
  facet normal -6.972241e-09 1.000000e+00 8.869737e-08
    outer loop
      vertex   -2.748750e+02 2.610000e+02 7.662500e+01
      vertex   -2.748750e+02 2.610000e+02 6.987500e+01
      vertex   -3.000000e+02 2.610000e+02 8.050000e+01
    endloop
  endfacet
  facet normal -4.448108e-08 1.000000e+00 0.000000e+00
    outer loop
      vertex   -3.000000e+02 2.610000e+02 8.050000e+01
      vertex   -2.748750e+02 2.610000e+02 6.987500e+01
      vertex   -3.000000e+02 2.610000e+02 6.050000e+01
    endloop
  endfacet
  facet normal 9.885812e-15 1.000000e+00 -1.192093e-07
    outer loop
      vertex   -3.000000e+02 2.610000e+02 6.050000e+01
      vertex   -2.748750e+02 2.610000e+02 6.987500e+01
      vertex   -2.691250e+02 2.610000e+02 6.987500e+01
    endloop
  endfacet
  facet normal -1.911366e-08 1.000000e+00 -2.235174e-07
    outer loop
      vertex   -3.000000e+02 2.610000e+02 8.050000e+01
      vertex   -3.000000e+02 2.610000e+02 8.550000e+01
      vertex   -2.290000e+02 2.610000e+02 8.050000e+01
    endloop
  endfacet
  facet normal 1.601223e-15 1.000000e+00 4.789658e-08
    outer loop
      vertex   -2.290000e+02 2.610000e+02 8.050000e+01
      vertex   -3.000000e+02 2.610000e+02 8.550000e+01
      vertex   -2.290000e+02 2.610000e+02 8.550000e+01
    endloop
  endfacet
  facet normal 1.422173e-29 7.105432e-15 -1.000000e+00
    outer loop
      vertex   -3.000000e+02 1.110000e+02 6.050000e+01
      vertex   -2.950000e+02 1.160000e+02 6.050000e+01
      vertex   -2.290000e+02 1.110000e+02 6.050000e+01
    endloop
  endfacet
  facet normal -3.818591e-22 7.105427e-15 -1.000000e+00
    outer loop
      vertex   -2.290000e+02 1.110000e+02 6.050000e+01
      vertex   -2.950000e+02 1.160000e+02 6.050000e+01
      vertex   -2.340000e+02 1.160000e+02 6.050000e+01
    endloop
  endfacet
  facet normal -7.359194e-15 -2.537653e-16 -1.000000e+00
    outer loop
      vertex   -2.290000e+02 1.110000e+02 6.050000e+01
      vertex   -2.340000e+02 1.160000e+02 6.050000e+01
      vertex   -2.340000e+02 2.560000e+02 6.050000e+01
    endloop
  endfacet
  facet normal 7.359192e-15 -2.537653e-16 -1.000000e+00
    outer loop
      vertex   -2.950000e+02 1.160000e+02 6.050000e+01
      vertex   -3.000000e+02 1.110000e+02 6.050000e+01
      vertex   -2.950000e+02 2.560000e+02 6.050000e+01
    endloop
  endfacet
  facet normal -0.000000e+00 0.000000e+00 -1.000000e+00
    outer loop
      vertex   -2.950000e+02 2.560000e+02 6.050000e+01
      vertex   -3.000000e+02 1.110000e+02 6.050000e+01
      vertex   -3.000000e+02 2.610000e+02 6.050000e+01
    endloop
  endfacet
  facet normal 0.000000e+00 0.000000e+00 -1.000000e+00
    outer loop
      vertex   -2.950000e+02 2.560000e+02 6.050000e+01
      vertex   -3.000000e+02 2.610000e+02 6.050000e+01
      vertex   -2.290000e+02 2.610000e+02 6.050000e+01
    endloop
  endfacet
  facet normal 0.000000e+00 0.000000e+00 -1.000000e+00
    outer loop
      vertex   -2.950000e+02 2.560000e+02 6.050000e+01
      vertex   -2.290000e+02 2.610000e+02 6.050000e+01
      vertex   -2.340000e+02 2.560000e+02 6.050000e+01
    endloop
  endfacet
  facet normal 0.000000e+00 0.000000e+00 -1.000000e+00
    outer loop
      vertex   -2.340000e+02 2.560000e+02 6.050000e+01
      vertex   -2.290000e+02 2.610000e+02 6.050000e+01
      vertex   -2.290000e+02 1.110000e+02 6.050000e+01
    endloop
  endfacet
  facet normal -0.000000e+00 0.000000e+00 1.000000e+00
    outer loop
      vertex   -2.340000e+02 2.022609e+02 8.550000e+01
      vertex   -2.340000e+02 1.260000e+02 8.550000e+01
      vertex   -2.290000e+02 2.022609e+02 8.550000e+01
    endloop
  endfacet
  facet normal -7.125062e-15 4.671506e-16 1.000000e+00
    outer loop
      vertex   -2.290000e+02 2.022609e+02 8.550000e+01
      vertex   -2.340000e+02 1.260000e+02 8.550000e+01
      vertex   -2.290000e+02 1.110000e+02 8.550000e+01
    endloop
  endfacet
  facet normal -6.649114e-16 2.620534e-15 1.000000e+00
    outer loop
      vertex   -2.290000e+02 1.110000e+02 8.550000e+01
      vertex   -2.340000e+02 1.260000e+02 8.550000e+01
      vertex   -2.675000e+02 1.175000e+02 8.550000e+01
    endloop
  endfacet
  facet normal 1.181497e-29 6.558856e-15 1.000000e+00
    outer loop
      vertex   -2.290000e+02 1.110000e+02 8.550000e+01
      vertex   -2.675000e+02 1.175000e+02 8.550000e+01
      vertex   -3.000000e+02 1.110000e+02 8.550000e+01
    endloop
  endfacet
  facet normal 1.035633e-29 6.558856e-15 1.000000e+00
    outer loop
      vertex   -3.000000e+02 1.110000e+02 8.550000e+01
      vertex   -2.675000e+02 1.175000e+02 8.550000e+01
      vertex   -2.765000e+02 1.175000e+02 8.550000e+01
    endloop
  endfacet
  facet normal 1.132427e-15 2.464696e-15 1.000000e+00
    outer loop
      vertex   -3.000000e+02 1.110000e+02 8.550000e+01
      vertex   -2.765000e+02 1.175000e+02 8.550000e+01
      vertex   -2.950000e+02 1.260000e+02 8.550000e+01
    endloop
  endfacet
  facet normal 0.000000e+00 0.000000e+00 1.000000e+00
    outer loop
      vertex   -2.950000e+02 1.260000e+02 8.550000e+01
      vertex   -2.765000e+02 1.175000e+02 8.550000e+01
      vertex   -2.765000e+02 1.260000e+02 8.550000e+01
    endloop
  endfacet
  facet normal 0.000000e+00 0.000000e+00 1.000000e+00
    outer loop
      vertex   -2.340000e+02 1.260000e+02 8.550000e+01
      vertex   -2.675000e+02 1.260000e+02 8.550000e+01
      vertex   -2.675000e+02 1.175000e+02 8.550000e+01
    endloop
  endfacet
  facet normal 7.673867e-15 2.842171e-16 1.000000e+00
    outer loop
      vertex   -3.000000e+02 1.110000e+02 8.550000e+01
      vertex   -2.950000e+02 1.260000e+02 8.550000e+01
      vertex   -3.000000e+02 2.610000e+02 8.550000e+01
    endloop
  endfacet
  facet normal 0.000000e+00 0.000000e+00 1.000000e+00
    outer loop
      vertex   -3.000000e+02 2.610000e+02 8.550000e+01
      vertex   -2.950000e+02 1.260000e+02 8.550000e+01
      vertex   -2.950000e+02 2.460000e+02 8.550000e+01
    endloop
  endfacet
  facet normal 0.000000e+00 0.000000e+00 1.000000e+00
    outer loop
      vertex   -3.000000e+02 2.610000e+02 8.550000e+01
      vertex   -2.950000e+02 2.460000e+02 8.550000e+01
      vertex   -2.765000e+02 2.555000e+02 8.550000e+01
    endloop
  endfacet
  facet normal 0.000000e+00 0.000000e+00 1.000000e+00
    outer loop
      vertex   -2.765000e+02 2.555000e+02 8.550000e+01
      vertex   -2.950000e+02 2.460000e+02 8.550000e+01
      vertex   -2.765000e+02 2.460032e+02 8.550000e+01
    endloop
  endfacet
  facet normal 0.000000e+00 0.000000e+00 1.000000e+00
    outer loop
      vertex   -2.765000e+02 2.460032e+02 8.550000e+01
      vertex   -2.950000e+02 2.460000e+02 8.550000e+01
      vertex   -2.675000e+02 2.460032e+02 8.550000e+01
    endloop
  endfacet
  facet normal 0.000000e+00 0.000000e+00 1.000000e+00
    outer loop
      vertex   -2.675000e+02 2.460032e+02 8.550000e+01
      vertex   -2.950000e+02 2.460000e+02 8.550000e+01
      vertex   -2.340000e+02 2.460000e+02 8.550000e+01
    endloop
  endfacet
  facet normal -0.000000e+00 0.000000e+00 1.000000e+00
    outer loop
      vertex   -2.675000e+02 2.460032e+02 8.550000e+01
      vertex   -2.340000e+02 2.460000e+02 8.550000e+01
      vertex   -2.675000e+02 2.555000e+02 8.550000e+01
    endloop
  endfacet
  facet normal -0.000000e+00 0.000000e+00 1.000000e+00
    outer loop
      vertex   -2.675000e+02 2.555000e+02 8.550000e+01
      vertex   -2.340000e+02 2.460000e+02 8.550000e+01
      vertex   -2.290000e+02 2.610000e+02 8.550000e+01
    endloop
  endfacet
  facet normal 0.000000e+00 -0.000000e+00 1.000000e+00
    outer loop
      vertex   -2.675000e+02 2.555000e+02 8.550000e+01
      vertex   -2.290000e+02 2.610000e+02 8.550000e+01
      vertex   -3.000000e+02 2.610000e+02 8.550000e+01
    endloop
  endfacet
  facet normal 0.000000e+00 0.000000e+00 1.000000e+00
    outer loop
      vertex   -2.340000e+02 2.272609e+02 8.550000e+01
      vertex   -2.290000e+02 2.272609e+02 8.550000e+01
      vertex   -2.340000e+02 2.460000e+02 8.550000e+01
    endloop
  endfacet
  facet normal -0.000000e+00 0.000000e+00 1.000000e+00
    outer loop
      vertex   -2.340000e+02 2.460000e+02 8.550000e+01
      vertex   -2.290000e+02 2.272609e+02 8.550000e+01
      vertex   -2.290000e+02 2.610000e+02 8.550000e+01
    endloop
  endfacet
  facet normal -0.000000e+00 -0.000000e+00 1.000000e+00
    outer loop
      vertex   -2.765000e+02 2.555000e+02 8.550000e+01
      vertex   -2.675000e+02 2.555000e+02 8.550000e+01
      vertex   -3.000000e+02 2.610000e+02 8.550000e+01
    endloop
  endfacet
  facet normal -9.318593e-16 -1.000000e+00 -0.000000e+00
    outer loop
      vertex   -2.340000e+02 2.460000e+02 8.550000e+01
      vertex   -2.950000e+02 2.460000e+02 8.550000e+01
      vertex   -2.340000e+02 2.460000e+02 8.050000e+01
    endloop
  endfacet
  facet normal -9.318593e-16 -1.000000e+00 0.000000e+00
    outer loop
      vertex   -2.340000e+02 2.460000e+02 8.050000e+01
      vertex   -2.950000e+02 2.460000e+02 8.550000e+01
      vertex   -2.950000e+02 2.460000e+02 8.050000e+01
    endloop
  endfacet
  facet normal 0.000000e+00 1.000000e+00 -8.460007e-07
    outer loop
      vertex   -2.748750e+02 1.160000e+02 7.662500e+01
      vertex   -2.670000e+02 1.160000e+02 8.050000e+01
      vertex   -2.691250e+02 1.160000e+02 7.662500e+01
    endloop
  endfacet
  facet normal 9.934107e-08 1.000000e+00 -9.004780e-07
    outer loop
      vertex   -2.691250e+02 1.160000e+02 7.662500e+01
      vertex   -2.670000e+02 1.160000e+02 8.050000e+01
      vertex   -2.340000e+02 1.160000e+02 8.050000e+01
    endloop
  endfacet
  facet normal 1.213738e-15 1.000000e+00 1.022120e-29
    outer loop
      vertex   -2.691250e+02 1.160000e+02 7.662500e+01
      vertex   -2.340000e+02 1.160000e+02 8.050000e+01
      vertex   -2.691250e+02 1.160000e+02 6.987500e+01
    endloop
  endfacet
  facet normal -4.958215e-08 1.000000e+00 1.639128e-07
    outer loop
      vertex   -2.691250e+02 1.160000e+02 6.987500e+01
      vertex   -2.340000e+02 1.160000e+02 8.050000e+01
      vertex   -2.340000e+02 1.160000e+02 6.050000e+01
    endloop
  endfacet
  facet normal -5.374189e-08 1.000000e+00 1.483276e-07
    outer loop
      vertex   -2.691250e+02 1.160000e+02 6.987500e+01
      vertex   -2.340000e+02 1.160000e+02 6.050000e+01
      vertex   -2.950000e+02 1.160000e+02 6.050000e+01
    endloop
  endfacet
  facet normal 3.530647e-15 1.000000e+00 -0.000000e+00
    outer loop
      vertex   -2.748750e+02 1.160000e+02 6.987500e+01
      vertex   -2.950000e+02 1.160000e+02 8.050000e+01
      vertex   -2.748750e+02 1.160000e+02 7.662500e+01
    endloop
  endfacet
  facet normal 2.030122e-15 1.000000e+00 -7.793043e-15
    outer loop
      vertex   -2.748750e+02 1.160000e+02 7.662500e+01
      vertex   -2.950000e+02 1.160000e+02 8.050000e+01
      vertex   -2.810000e+02 1.160000e+02 8.050000e+01
    endloop
  endfacet
  facet normal -8.195644e-07 1.000000e+00 -1.295439e-06
    outer loop
      vertex   -2.748750e+02 1.160000e+02 7.662500e+01
      vertex   -2.810000e+02 1.160000e+02 8.050000e+01
      vertex   -2.770000e+02 1.160000e+02 8.050000e+01
    endloop
  endfacet
  facet normal 3.530647e-15 1.000000e+00 1.003470e-29
    outer loop
      vertex   -2.950000e+02 1.160000e+02 8.050000e+01
      vertex   -2.748750e+02 1.160000e+02 6.987500e+01
      vertex   -2.950000e+02 1.160000e+02 6.050000e+01
    endloop
  endfacet
  facet normal 0.000000e+00 1.000000e+00 7.579123e-15
    outer loop
      vertex   -2.950000e+02 1.160000e+02 6.050000e+01
      vertex   -2.748750e+02 1.160000e+02 6.987500e+01
      vertex   -2.691250e+02 1.160000e+02 6.987500e+01
    endloop
  endfacet
  facet normal 2.842167e-15 1.000000e+00 -8.460007e-07
    outer loop
      vertex   -2.770000e+02 1.160000e+02 8.050000e+01
      vertex   -2.670000e+02 1.160000e+02 8.050000e+01
      vertex   -2.748750e+02 1.160000e+02 7.662500e+01
    endloop
  endfacet
  facet normal -2.828031e-15 -1.000000e+00 0.000000e+00
    outer loop
      vertex   -2.748750e+02 1.110000e+02 6.987500e+01
      vertex   -2.748750e+02 1.110000e+02 7.662500e+01
      vertex   -3.000000e+02 1.110000e+02 8.550000e+01
    endloop
  endfacet
  facet normal 0.000000e+00 -1.000000e+00 8.006112e-15
    outer loop
      vertex   -3.000000e+02 1.110000e+02 8.550000e+01
      vertex   -2.748750e+02 1.110000e+02 7.662500e+01
      vertex   -2.691250e+02 1.110000e+02 7.662500e+01
    endloop
  endfacet
  facet normal -1.801376e-15 -1.000000e+00 1.739356e-15
    outer loop
      vertex   -3.000000e+02 1.110000e+02 8.550000e+01
      vertex   -2.691250e+02 1.110000e+02 7.662500e+01
      vertex   -2.290000e+02 1.110000e+02 8.550000e+01
    endloop
  endfacet
  facet normal -1.416658e-15 -1.000000e+00 -1.193004e-29
    outer loop
      vertex   -2.290000e+02 1.110000e+02 8.550000e+01
      vertex   -2.691250e+02 1.110000e+02 7.662500e+01
      vertex   -2.691250e+02 1.110000e+02 6.987500e+01
    endloop
  endfacet
  facet normal -1.638011e-15 -1.000000e+00 5.684342e-16
    outer loop
      vertex   -2.290000e+02 1.110000e+02 8.550000e+01
      vertex   -2.691250e+02 1.110000e+02 6.987500e+01
      vertex   -2.290000e+02 1.110000e+02 6.050000e+01
    endloop
  endfacet
  facet normal -2.001529e-15 -1.000000e+00 -9.874209e-16
    outer loop
      vertex   -2.290000e+02 1.110000e+02 6.050000e+01
      vertex   -2.691250e+02 1.110000e+02 6.987500e+01
      vertex   -3.000000e+02 1.110000e+02 6.050000e+01
    endloop
  endfacet
  facet normal 0.000000e+00 -1.000000e+00 -7.579123e-15
    outer loop
      vertex   -3.000000e+02 1.110000e+02 6.050000e+01
      vertex   -2.691250e+02 1.110000e+02 6.987500e+01
      vertex   -2.748750e+02 1.110000e+02 6.987500e+01
    endloop
  endfacet
  facet normal -2.828031e-15 -1.000000e+00 0.000000e+00
    outer loop
      vertex   -3.000000e+02 1.110000e+02 6.050000e+01
      vertex   -2.748750e+02 1.110000e+02 6.987500e+01
      vertex   -3.000000e+02 1.110000e+02 8.550000e+01
    endloop
  endfacet
  facet normal 0.000000e+00 -1.000000e+00 0.000000e+00
    outer loop
      vertex   -2.748750e+02 2.560000e+02 6.987500e+01
      vertex   -2.748750e+02 2.560000e+02 7.662500e+01
      vertex   -2.950000e+02 2.560000e+02 8.050000e+01
    endloop
  endfacet
  facet normal -4.942906e-15 -1.000000e+00 -2.567123e-14
    outer loop
      vertex   -2.950000e+02 2.560000e+02 8.050000e+01
      vertex   -2.748750e+02 2.560000e+02 7.662500e+01
      vertex   -2.691250e+02 2.560000e+02 7.662500e+01
    endloop
  endfacet
  facet normal -9.318593e-16 -1.000000e+00 1.112220e-15
    outer loop
      vertex   -2.950000e+02 2.560000e+02 8.050000e+01
      vertex   -2.691250e+02 2.560000e+02 7.662500e+01
      vertex   -2.340000e+02 2.560000e+02 8.050000e+01
    endloop
  endfacet
  facet normal -8.091590e-16 -1.000000e+00 0.000000e+00
    outer loop
      vertex   -2.340000e+02 2.560000e+02 8.050000e+01
      vertex   -2.691250e+02 2.560000e+02 7.662500e+01
      vertex   -2.691250e+02 2.560000e+02 6.987500e+01
    endloop
  endfacet
  facet normal -8.091590e-16 -1.000000e+00 -0.000000e+00
    outer loop
      vertex   -2.340000e+02 2.560000e+02 8.050000e+01
      vertex   -2.691250e+02 2.560000e+02 6.987500e+01
      vertex   -2.340000e+02 2.560000e+02 6.050000e+01
    endloop
  endfacet
  facet normal -9.318593e-16 -1.000000e+00 -4.597173e-16
    outer loop
      vertex   -2.340000e+02 2.560000e+02 6.050000e+01
      vertex   -2.691250e+02 2.560000e+02 6.987500e+01
      vertex   -2.950000e+02 2.560000e+02 6.050000e+01
    endloop
  endfacet
  facet normal -4.942906e-15 -1.000000e+00 1.061077e-14
    outer loop
      vertex   -2.950000e+02 2.560000e+02 6.050000e+01
      vertex   -2.691250e+02 2.560000e+02 6.987500e+01
      vertex   -2.748750e+02 2.560000e+02 6.987500e+01
    endloop
  endfacet
  facet normal 0.000000e+00 -1.000000e+00 0.000000e+00
    outer loop
      vertex   -2.950000e+02 2.560000e+02 6.050000e+01
      vertex   -2.748750e+02 2.560000e+02 6.987500e+01
      vertex   -2.950000e+02 2.560000e+02 8.050000e+01
    endloop
  endfacet
  facet normal 1.000000e+00 -5.684342e-15 2.842171e-15
    outer loop
      vertex   -2.950000e+02 1.160000e+02 8.050000e+01
      vertex   -2.950000e+02 1.160000e+02 6.050000e+01
      vertex   -2.950000e+02 1.260000e+02 8.050000e+01
    endloop
  endfacet
  facet normal 1.000000e+00 -1.218073e-15 6.090366e-16
    outer loop
      vertex   -2.950000e+02 1.260000e+02 8.050000e+01
      vertex   -2.950000e+02 1.160000e+02 6.050000e+01
      vertex   -2.950000e+02 2.560000e+02 6.050000e+01
    endloop
  endfacet
  facet normal 1.000000e+00 -1.421085e-15 -7.105427e-16
    outer loop
      vertex   -2.950000e+02 1.260000e+02 8.050000e+01
      vertex   -2.950000e+02 2.560000e+02 6.050000e+01
      vertex   -2.950000e+02 2.460000e+02 8.050000e+01
    endloop
  endfacet
  facet normal 1.000000e+00 -0.000000e+00 0.000000e+00
    outer loop
      vertex   -2.950000e+02 2.460000e+02 8.050000e+01
      vertex   -2.950000e+02 2.560000e+02 6.050000e+01
      vertex   -2.950000e+02 2.560000e+02 8.050000e+01
    endloop
  endfacet
  facet normal 1.000000e+00 -2.669791e-08 0.000000e+00
    outer loop
      vertex   -2.950000e+02 2.460000e+02 8.550000e+01
      vertex   -2.950000e+02 1.260000e+02 8.550000e+01
      vertex   -2.950000e+02 2.460000e+02 8.050000e+01
    endloop
  endfacet
  facet normal 1.000000e+00 -1.421085e-15 6.407499e-07
    outer loop
      vertex   -2.950000e+02 2.460000e+02 8.050000e+01
      vertex   -2.950000e+02 1.260000e+02 8.550000e+01
      vertex   -2.950000e+02 1.260000e+02 8.050000e+01
    endloop
  endfacet
  facet normal 0.000000e+00 0.000000e+00 -1.000000e+00
    outer loop
      vertex   -2.340000e+02 2.460000e+02 8.050000e+01
      vertex   -2.950000e+02 2.460000e+02 8.050000e+01
      vertex   -2.340000e+02 2.560000e+02 8.050000e+01
    endloop
  endfacet
  facet normal -0.000000e+00 0.000000e+00 -1.000000e+00
    outer loop
      vertex   -2.340000e+02 2.560000e+02 8.050000e+01
      vertex   -2.950000e+02 2.460000e+02 8.050000e+01
      vertex   -2.950000e+02 2.560000e+02 8.050000e+01
    endloop
  endfacet
  facet normal -8.654931e-30 -4.263256e-15 -1.000000e+00
    outer loop
      vertex   -2.950000e+02 1.160000e+02 8.050000e+01
      vertex   -2.950000e+02 1.260000e+02 8.050000e+01
      vertex   -2.810000e+02 1.160000e+02 8.050000e+01
    endloop
  endfacet
  facet normal 3.494009e-21 -4.263251e-15 -1.000000e+00
    outer loop
      vertex   -2.810000e+02 1.160000e+02 8.050000e+01
      vertex   -2.950000e+02 1.260000e+02 8.050000e+01
      vertex   -2.770000e+02 1.160000e+02 8.050000e+01
    endloop
  endfacet
  facet normal -4.263255e-15 -1.193712e-14 -1.000000e+00
    outer loop
      vertex   -2.770000e+02 1.160000e+02 8.050000e+01
      vertex   -2.950000e+02 1.260000e+02 8.050000e+01
      vertex   -2.670000e+02 1.160000e+02 8.050000e+01
    endloop
  endfacet
  facet normal 0.000000e+00 0.000000e+00 -1.000000e+00
    outer loop
      vertex   -2.670000e+02 1.160000e+02 8.050000e+01
      vertex   -2.950000e+02 1.260000e+02 8.050000e+01
      vertex   -2.340000e+02 1.260000e+02 8.050000e+01
    endloop
  endfacet
  facet normal 1.291895e-15 -4.263256e-15 -1.000000e+00
    outer loop
      vertex   -2.670000e+02 1.160000e+02 8.050000e+01
      vertex   -2.340000e+02 1.260000e+02 8.050000e+01
      vertex   -2.340000e+02 1.160000e+02 8.050000e+01
    endloop
  endfacet
  facet normal 1.696818e-15 1.000000e+00 0.000000e+00
    outer loop
      vertex   -2.340000e+02 1.260000e+02 8.550000e+01
      vertex   -2.340000e+02 1.260000e+02 8.050000e+01
      vertex   -2.675000e+02 1.260000e+02 8.550000e+01
    endloop
  endfacet
  facet normal 1.863719e-15 1.000000e+00 1.118231e-15
    outer loop
      vertex   -2.675000e+02 1.260000e+02 8.550000e+01
      vertex   -2.340000e+02 1.260000e+02 8.050000e+01
      vertex   -2.950000e+02 1.260000e+02 8.050000e+01
    endloop
  endfacet
  facet normal 3.157968e-15 1.000000e+00 -6.000139e-15
    outer loop
      vertex   -2.675000e+02 1.260000e+02 8.550000e+01
      vertex   -2.950000e+02 1.260000e+02 8.050000e+01
      vertex   -2.765000e+02 1.260000e+02 8.550000e+01
    endloop
  endfacet
  facet normal 1.536308e-15 1.000000e+00 9.843895e-22
    outer loop
      vertex   -2.765000e+02 1.260000e+02 8.550000e+01
      vertex   -2.950000e+02 1.260000e+02 8.050000e+01
      vertex   -2.950000e+02 1.260000e+02 8.550000e+01
    endloop
  endfacet
  facet normal -1.000000e+00 1.894781e-15 0.000000e+00
    outer loop
      vertex   -3.000000e+02 2.610000e+02 6.050000e+01
      vertex   -3.000000e+02 1.110000e+02 6.050000e+01
      vertex   -3.000000e+02 2.610000e+02 8.050000e+01
    endloop
  endfacet
  facet normal -1.000000e+00 1.894781e-15 0.000000e+00
    outer loop
      vertex   -3.000000e+02 2.610000e+02 8.050000e+01
      vertex   -3.000000e+02 1.110000e+02 6.050000e+01
      vertex   -3.000000e+02 1.110000e+02 8.550000e+01
    endloop
  endfacet
  facet normal -1.000000e+00 1.894781e-15 -4.235165e-22
    outer loop
      vertex   -3.000000e+02 2.610000e+02 8.050000e+01
      vertex   -3.000000e+02 1.110000e+02 8.550000e+01
      vertex   -3.000000e+02 2.610000e+02 8.550000e+01
    endloop
  endfacet
endsolid
