solid ASCII
  facet normal 8.479503e-02 -0.000000e+00 9.963984e-01
    outer loop
      vertex   -2.251066e+02 1.572609e+02 6.139964e+01
      vertex   -2.248914e+02 1.572609e+02 6.138133e+01
      vertex   -2.251066e+02 2.022609e+02 6.139964e+01
    endloop
  endfacet
  facet normal 8.479503e-02 0.000000e+00 9.963984e-01
    outer loop
      vertex   -2.251066e+02 2.022609e+02 6.139964e+01
      vertex   -2.248914e+02 1.572609e+02 6.138133e+01
      vertex   -2.248914e+02 2.022609e+02 6.138133e+01
    endloop
  endfacet
  facet normal -9.987484e-01 0.000000e+00 5.001718e-02
    outer loop
      vertex   -2.274817e+02 1.572609e+02 1.397278e+01
      vertex   -2.251066e+02 1.572609e+02 6.139964e+01
      vertex   -2.274817e+02 2.022609e+02 1.397278e+01
    endloop
  endfacet
  facet normal -9.987484e-01 0.000000e+00 5.001718e-02
    outer loop
      vertex   -2.274817e+02 2.022609e+02 1.397278e+01
      vertex   -2.251066e+02 1.572609e+02 6.139964e+01
      vertex   -2.251066e+02 2.022609e+02 6.139964e+01
    endloop
  endfacet
  facet normal -1.799521e-01 0.000000e+00 -9.836754e-01
    outer loop
      vertex   -2.264438e+02 1.572609e+02 1.247010e+01
      vertex   -2.264438e+02 1.647609e+02 1.247010e+01
      vertex   -2.260586e+02 1.572609e+02 1.239964e+01
    endloop
  endfacet
  facet normal -1.799521e-01 0.000000e+00 -9.836754e-01
    outer loop
      vertex   -2.260586e+02 1.572609e+02 1.239964e+01
      vertex   -2.264438e+02 1.647609e+02 1.247010e+01
      vertex   -2.264438e+02 1.722609e+02 1.247010e+01
    endloop
  endfacet
  facet normal -1.799521e-01 0.000000e+00 -9.836754e-01
    outer loop
      vertex   -2.260586e+02 1.572609e+02 1.239964e+01
      vertex   -2.264438e+02 1.722609e+02 1.247010e+01
      vertex   -2.264438e+02 1.797609e+02 1.247010e+01
    endloop
  endfacet
  facet normal -4.284143e-01 -0.000000e+00 -9.035824e-01
    outer loop
      vertex   -2.264438e+02 1.797609e+02 1.247010e+01
      vertex   -2.264438e+02 1.722609e+02 1.247010e+01
      vertex   -2.267976e+02 1.797609e+02 1.263786e+01
    endloop
  endfacet
  facet normal -4.284143e-01 0.000000e+00 -9.035824e-01
    outer loop
      vertex   -2.264438e+02 1.797609e+02 1.247010e+01
      vertex   -2.267976e+02 1.797609e+02 1.263786e+01
      vertex   -2.267976e+02 1.872609e+02 1.263786e+01
    endloop
  endfacet
  facet normal -6.476808e-01 -0.000000e+00 -7.619118e-01
    outer loop
      vertex   -2.267976e+02 1.872609e+02 1.263786e+01
      vertex   -2.267976e+02 1.797609e+02 1.263786e+01
      vertex   -2.270960e+02 1.872609e+02 1.289148e+01
    endloop
  endfacet
  facet normal -6.476808e-01 0.000000e+00 -7.619118e-01
    outer loop
      vertex   -2.267976e+02 1.872609e+02 1.263786e+01
      vertex   -2.270960e+02 1.872609e+02 1.289148e+01
      vertex   -2.270960e+02 1.947609e+02 1.289148e+01
    endloop
  endfacet
  facet normal -8.228089e-01 -0.000000e+00 -5.683182e-01
    outer loop
      vertex   -2.270960e+02 1.947609e+02 1.289148e+01
      vertex   -2.270960e+02 1.872609e+02 1.289148e+01
      vertex   -2.273185e+02 1.947609e+02 1.321367e+01
    endloop
  endfacet
  facet normal -8.228089e-01 4.063858e-16 -5.683182e-01
    outer loop
      vertex   -2.270960e+02 1.947609e+02 1.289148e+01
      vertex   -2.273185e+02 1.947609e+02 1.321367e+01
      vertex   -2.273185e+02 2.022609e+02 1.321367e+01
    endloop
  endfacet
  facet normal -9.418639e-01 2.387385e-16 -3.359946e-01
    outer loop
      vertex   -2.273185e+02 2.022609e+02 1.321367e+01
      vertex   -2.273185e+02 1.947609e+02 1.321367e+01
      vertex   -2.274501e+02 2.022609e+02 1.358248e+01
    endloop
  endfacet
  facet normal -9.418639e-01 -3.728410e-15 -3.359946e-01
    outer loop
      vertex   -2.274501e+02 2.022609e+02 1.358248e+01
      vertex   -2.273185e+02 1.947609e+02 1.321367e+01
      vertex   -2.274501e+02 1.947609e+02 1.358248e+01
    endloop
  endfacet
  facet normal -9.967325e-01 -3.815441e-15 -8.077355e-02
    outer loop
      vertex   -2.274501e+02 2.022609e+02 1.358248e+01
      vertex   -2.274501e+02 1.947609e+02 1.358248e+01
      vertex   -2.274817e+02 2.022609e+02 1.397278e+01
    endloop
  endfacet
  facet normal -9.967325e-01 0.000000e+00 -8.077355e-02
    outer loop
      vertex   -2.274817e+02 2.022609e+02 1.397278e+01
      vertex   -2.274501e+02 1.947609e+02 1.358248e+01
      vertex   -2.274501e+02 1.872609e+02 1.358248e+01
    endloop
  endfacet
  facet normal -9.967325e-01 0.000000e+00 -8.077355e-02
    outer loop
      vertex   -2.274817e+02 2.022609e+02 1.397278e+01
      vertex   -2.274501e+02 1.872609e+02 1.358248e+01
      vertex   -2.274501e+02 1.797609e+02 1.358248e+01
    endloop
  endfacet
  facet normal -9.418639e-01 0.000000e+00 -3.359946e-01
    outer loop
      vertex   -2.274501e+02 1.797609e+02 1.358248e+01
      vertex   -2.274501e+02 1.872609e+02 1.358248e+01
      vertex   -2.273185e+02 1.797609e+02 1.321367e+01
    endloop
  endfacet
  facet normal -9.418639e-01 0.000000e+00 -3.359946e-01
    outer loop
      vertex   -2.274501e+02 1.797609e+02 1.358248e+01
      vertex   -2.273185e+02 1.797609e+02 1.321367e+01
      vertex   -2.273185e+02 1.722609e+02 1.321367e+01
    endloop
  endfacet
  facet normal -8.228089e-01 0.000000e+00 -5.683182e-01
    outer loop
      vertex   -2.273185e+02 1.722609e+02 1.321367e+01
      vertex   -2.273185e+02 1.797609e+02 1.321367e+01
      vertex   -2.270960e+02 1.722609e+02 1.289148e+01
    endloop
  endfacet
  facet normal -8.228089e-01 0.000000e+00 -5.683182e-01
    outer loop
      vertex   -2.273185e+02 1.722609e+02 1.321367e+01
      vertex   -2.270960e+02 1.722609e+02 1.289148e+01
      vertex   -2.270960e+02 1.647609e+02 1.289148e+01
    endloop
  endfacet
  facet normal -6.476808e-01 0.000000e+00 -7.619118e-01
    outer loop
      vertex   -2.270960e+02 1.647609e+02 1.289148e+01
      vertex   -2.270960e+02 1.722609e+02 1.289148e+01
      vertex   -2.267976e+02 1.647609e+02 1.263786e+01
    endloop
  endfacet
  facet normal -6.476808e-01 -1.795658e-16 -7.619118e-01
    outer loop
      vertex   -2.270960e+02 1.647609e+02 1.289148e+01
      vertex   -2.267976e+02 1.647609e+02 1.263786e+01
      vertex   -2.267976e+02 1.572609e+02 1.263786e+01
    endloop
  endfacet
  facet normal -4.284143e-01 -2.140113e-16 -9.035824e-01
    outer loop
      vertex   -2.267976e+02 1.572609e+02 1.263786e+01
      vertex   -2.267976e+02 1.647609e+02 1.263786e+01
      vertex   -2.264438e+02 1.572609e+02 1.247010e+01
    endloop
  endfacet
  facet normal -4.284143e-01 0.000000e+00 -9.035824e-01
    outer loop
      vertex   -2.264438e+02 1.572609e+02 1.247010e+01
      vertex   -2.267976e+02 1.647609e+02 1.263786e+01
      vertex   -2.264438e+02 1.647609e+02 1.247010e+01
    endloop
  endfacet
  facet normal -6.476808e-01 0.000000e+00 -7.619118e-01
    outer loop
      vertex   -2.267976e+02 1.572609e+02 1.263786e+01
      vertex   -2.270960e+02 1.572609e+02 1.289148e+01
      vertex   -2.270960e+02 1.647609e+02 1.289148e+01
    endloop
  endfacet
  facet normal -8.228089e-01 -0.000000e+00 -5.683182e-01
    outer loop
      vertex   -2.270960e+02 1.647609e+02 1.289148e+01
      vertex   -2.270960e+02 1.572609e+02 1.289148e+01
      vertex   -2.273185e+02 1.647609e+02 1.321367e+01
    endloop
  endfacet
  facet normal -8.228089e-01 0.000000e+00 -5.683182e-01
    outer loop
      vertex   -2.270960e+02 1.647609e+02 1.289148e+01
      vertex   -2.273185e+02 1.647609e+02 1.321367e+01
      vertex   -2.273185e+02 1.722609e+02 1.321367e+01
    endloop
  endfacet
  facet normal -9.418639e-01 -0.000000e+00 -3.359946e-01
    outer loop
      vertex   -2.273185e+02 1.722609e+02 1.321367e+01
      vertex   -2.273185e+02 1.647609e+02 1.321367e+01
      vertex   -2.274501e+02 1.722609e+02 1.358248e+01
    endloop
  endfacet
  facet normal -9.418639e-01 0.000000e+00 -3.359946e-01
    outer loop
      vertex   -2.273185e+02 1.722609e+02 1.321367e+01
      vertex   -2.274501e+02 1.722609e+02 1.358248e+01
      vertex   -2.274501e+02 1.797609e+02 1.358248e+01
    endloop
  endfacet
  facet normal -9.967325e-01 -0.000000e+00 -8.077355e-02
    outer loop
      vertex   -2.274501e+02 1.797609e+02 1.358248e+01
      vertex   -2.274501e+02 1.722609e+02 1.358248e+01
      vertex   -2.274817e+02 1.572609e+02 1.397278e+01
    endloop
  endfacet
  facet normal -9.967325e-01 0.000000e+00 -8.077355e-02
    outer loop
      vertex   -2.274501e+02 1.797609e+02 1.358248e+01
      vertex   -2.274817e+02 1.572609e+02 1.397278e+01
      vertex   -2.274817e+02 2.022609e+02 1.397278e+01
    endloop
  endfacet
  facet normal -8.228089e-01 -4.063858e-16 -5.683182e-01
    outer loop
      vertex   -2.270960e+02 1.572609e+02 1.289148e+01
      vertex   -2.273185e+02 1.572609e+02 1.321367e+01
      vertex   -2.273185e+02 1.647609e+02 1.321367e+01
    endloop
  endfacet
  facet normal -9.418639e-01 -2.387385e-16 -3.359946e-01
    outer loop
      vertex   -2.273185e+02 1.647609e+02 1.321367e+01
      vertex   -2.273185e+02 1.572609e+02 1.321367e+01
      vertex   -2.274501e+02 1.647609e+02 1.358248e+01
    endloop
  endfacet
  facet normal -9.418639e-01 0.000000e+00 -3.359946e-01
    outer loop
      vertex   -2.273185e+02 1.647609e+02 1.321367e+01
      vertex   -2.274501e+02 1.647609e+02 1.358248e+01
      vertex   -2.274501e+02 1.722609e+02 1.358248e+01
    endloop
  endfacet
  facet normal -9.967325e-01 -0.000000e+00 -8.077355e-02
    outer loop
      vertex   -2.274501e+02 1.722609e+02 1.358248e+01
      vertex   -2.274501e+02 1.647609e+02 1.358248e+01
      vertex   -2.274817e+02 1.572609e+02 1.397278e+01
    endloop
  endfacet
  facet normal -9.418639e-01 3.728353e-15 -3.359946e-01
    outer loop
      vertex   -2.273185e+02 1.572609e+02 1.321367e+01
      vertex   -2.274501e+02 1.572609e+02 1.358248e+01
      vertex   -2.274501e+02 1.647609e+02 1.358248e+01
    endloop
  endfacet
  facet normal -9.967325e-01 3.815441e-15 -8.077355e-02
    outer loop
      vertex   -2.274501e+02 1.647609e+02 1.358248e+01
      vertex   -2.274501e+02 1.572609e+02 1.358248e+01
      vertex   -2.274817e+02 1.572609e+02 1.397278e+01
    endloop
  endfacet
  facet normal -8.228089e-01 0.000000e+00 -5.683182e-01
    outer loop
      vertex   -2.273185e+02 2.022609e+02 1.321367e+01
      vertex   -2.270960e+02 2.022609e+02 1.289148e+01
      vertex   -2.270960e+02 1.947609e+02 1.289148e+01
    endloop
  endfacet
  facet normal -6.476808e-01 0.000000e+00 -7.619118e-01
    outer loop
      vertex   -2.270960e+02 1.947609e+02 1.289148e+01
      vertex   -2.270960e+02 2.022609e+02 1.289148e+01
      vertex   -2.267976e+02 1.947609e+02 1.263786e+01
    endloop
  endfacet
  facet normal -6.476808e-01 0.000000e+00 -7.619118e-01
    outer loop
      vertex   -2.270960e+02 1.947609e+02 1.289148e+01
      vertex   -2.267976e+02 1.947609e+02 1.263786e+01
      vertex   -2.267976e+02 1.872609e+02 1.263786e+01
    endloop
  endfacet
  facet normal -4.284143e-01 0.000000e+00 -9.035824e-01
    outer loop
      vertex   -2.267976e+02 1.872609e+02 1.263786e+01
      vertex   -2.267976e+02 1.947609e+02 1.263786e+01
      vertex   -2.264438e+02 1.872609e+02 1.247010e+01
    endloop
  endfacet
  facet normal -4.284143e-01 0.000000e+00 -9.035824e-01
    outer loop
      vertex   -2.267976e+02 1.872609e+02 1.263786e+01
      vertex   -2.264438e+02 1.872609e+02 1.247010e+01
      vertex   -2.264438e+02 1.797609e+02 1.247010e+01
    endloop
  endfacet
  facet normal -1.799521e-01 0.000000e+00 -9.836754e-01
    outer loop
      vertex   -2.264438e+02 1.797609e+02 1.247010e+01
      vertex   -2.264438e+02 1.872609e+02 1.247010e+01
      vertex   -2.260586e+02 2.022609e+02 1.239964e+01
    endloop
  endfacet
  facet normal -1.799521e-01 0.000000e+00 -9.836754e-01
    outer loop
      vertex   -2.264438e+02 1.797609e+02 1.247010e+01
      vertex   -2.260586e+02 2.022609e+02 1.239964e+01
      vertex   -2.260586e+02 1.572609e+02 1.239964e+01
    endloop
  endfacet
  facet normal -6.476808e-01 1.795658e-16 -7.619118e-01
    outer loop
      vertex   -2.270960e+02 2.022609e+02 1.289148e+01
      vertex   -2.267976e+02 2.022609e+02 1.263786e+01
      vertex   -2.267976e+02 1.947609e+02 1.263786e+01
    endloop
  endfacet
  facet normal -4.284143e-01 2.140113e-16 -9.035824e-01
    outer loop
      vertex   -2.267976e+02 1.947609e+02 1.263786e+01
      vertex   -2.267976e+02 2.022609e+02 1.263786e+01
      vertex   -2.264438e+02 1.947609e+02 1.247010e+01
    endloop
  endfacet
  facet normal -4.284143e-01 0.000000e+00 -9.035824e-01
    outer loop
      vertex   -2.267976e+02 1.947609e+02 1.263786e+01
      vertex   -2.264438e+02 1.947609e+02 1.247010e+01
      vertex   -2.264438e+02 1.872609e+02 1.247010e+01
    endloop
  endfacet
  facet normal -1.799521e-01 0.000000e+00 -9.836754e-01
    outer loop
      vertex   -2.264438e+02 1.872609e+02 1.247010e+01
      vertex   -2.264438e+02 1.947609e+02 1.247010e+01
      vertex   -2.260586e+02 2.022609e+02 1.239964e+01
    endloop
  endfacet
  facet normal -4.284143e-01 0.000000e+00 -9.035824e-01
    outer loop
      vertex   -2.267976e+02 2.022609e+02 1.263786e+01
      vertex   -2.264438e+02 2.022609e+02 1.247010e+01
      vertex   -2.264438e+02 1.947609e+02 1.247010e+01
    endloop
  endfacet
  facet normal -1.799521e-01 0.000000e+00 -9.836754e-01
    outer loop
      vertex   -2.264438e+02 1.947609e+02 1.247010e+01
      vertex   -2.264438e+02 2.022609e+02 1.247010e+01
      vertex   -2.260586e+02 2.022609e+02 1.239964e+01
    endloop
  endfacet
  facet normal -4.284143e-01 -0.000000e+00 -9.035824e-01
    outer loop
      vertex   -2.264438e+02 1.722609e+02 1.247010e+01
      vertex   -2.264438e+02 1.647609e+02 1.247010e+01
      vertex   -2.267976e+02 1.722609e+02 1.263786e+01
    endloop
  endfacet
  facet normal -4.284143e-01 -0.000000e+00 -9.035824e-01
    outer loop
      vertex   -2.267976e+02 1.722609e+02 1.263786e+01
      vertex   -2.264438e+02 1.647609e+02 1.247010e+01
      vertex   -2.267976e+02 1.647609e+02 1.263786e+01
    endloop
  endfacet
  facet normal -6.476808e-01 -0.000000e+00 -7.619118e-01
    outer loop
      vertex   -2.267976e+02 1.722609e+02 1.263786e+01
      vertex   -2.267976e+02 1.647609e+02 1.263786e+01
      vertex   -2.270960e+02 1.722609e+02 1.289148e+01
    endloop
  endfacet
  facet normal -4.284143e-01 0.000000e+00 -9.035824e-01
    outer loop
      vertex   -2.264438e+02 1.722609e+02 1.247010e+01
      vertex   -2.267976e+02 1.722609e+02 1.263786e+01
      vertex   -2.267976e+02 1.797609e+02 1.263786e+01
    endloop
  endfacet
  facet normal -6.476808e-01 -0.000000e+00 -7.619118e-01
    outer loop
      vertex   -2.267976e+02 1.797609e+02 1.263786e+01
      vertex   -2.267976e+02 1.722609e+02 1.263786e+01
      vertex   -2.270960e+02 1.797609e+02 1.289148e+01
    endloop
  endfacet
  facet normal -6.476808e-01 0.000000e+00 -7.619118e-01
    outer loop
      vertex   -2.267976e+02 1.797609e+02 1.263786e+01
      vertex   -2.270960e+02 1.797609e+02 1.289148e+01
      vertex   -2.270960e+02 1.872609e+02 1.289148e+01
    endloop
  endfacet
  facet normal -8.228089e-01 -0.000000e+00 -5.683182e-01
    outer loop
      vertex   -2.270960e+02 1.872609e+02 1.289148e+01
      vertex   -2.270960e+02 1.797609e+02 1.289148e+01
      vertex   -2.273185e+02 1.872609e+02 1.321367e+01
    endloop
  endfacet
  facet normal -8.228089e-01 0.000000e+00 -5.683182e-01
    outer loop
      vertex   -2.270960e+02 1.872609e+02 1.289148e+01
      vertex   -2.273185e+02 1.872609e+02 1.321367e+01
      vertex   -2.273185e+02 1.947609e+02 1.321367e+01
    endloop
  endfacet
  facet normal -9.418639e-01 -0.000000e+00 -3.359946e-01
    outer loop
      vertex   -2.273185e+02 1.947609e+02 1.321367e+01
      vertex   -2.273185e+02 1.872609e+02 1.321367e+01
      vertex   -2.274501e+02 1.947609e+02 1.358248e+01
    endloop
  endfacet
  facet normal -6.476808e-01 -0.000000e+00 -7.619118e-01
    outer loop
      vertex   -2.270960e+02 1.797609e+02 1.289148e+01
      vertex   -2.267976e+02 1.722609e+02 1.263786e+01
      vertex   -2.270960e+02 1.722609e+02 1.289148e+01
    endloop
  endfacet
  facet normal -8.228089e-01 -0.000000e+00 -5.683182e-01
    outer loop
      vertex   -2.273185e+02 1.872609e+02 1.321367e+01
      vertex   -2.270960e+02 1.797609e+02 1.289148e+01
      vertex   -2.273185e+02 1.797609e+02 1.321367e+01
    endloop
  endfacet
  facet normal -8.228089e-01 0.000000e+00 -5.683182e-01
    outer loop
      vertex   -2.273185e+02 1.797609e+02 1.321367e+01
      vertex   -2.270960e+02 1.797609e+02 1.289148e+01
      vertex   -2.270960e+02 1.722609e+02 1.289148e+01
    endloop
  endfacet
  facet normal -9.418639e-01 -0.000000e+00 -3.359946e-01
    outer loop
      vertex   -2.274501e+02 1.947609e+02 1.358248e+01
      vertex   -2.273185e+02 1.872609e+02 1.321367e+01
      vertex   -2.274501e+02 1.872609e+02 1.358248e+01
    endloop
  endfacet
  facet normal -9.418639e-01 0.000000e+00 -3.359946e-01
    outer loop
      vertex   -2.274501e+02 1.872609e+02 1.358248e+01
      vertex   -2.273185e+02 1.872609e+02 1.321367e+01
      vertex   -2.273185e+02 1.797609e+02 1.321367e+01
    endloop
  endfacet
  facet normal -5.001718e-02 0.000000e+00 -9.987484e-01
    outer loop
      vertex   -2.253974e+02 1.572609e+02 1.236652e+01
      vertex   -2.260586e+02 1.572609e+02 1.239964e+01
      vertex   -2.253974e+02 2.022609e+02 1.236652e+01
    endloop
  endfacet
  facet normal -5.001718e-02 0.000000e+00 -9.987484e-01
    outer loop
      vertex   -2.253974e+02 2.022609e+02 1.236652e+01
      vertex   -2.260586e+02 1.572609e+02 1.239964e+01
      vertex   -2.260586e+02 2.022609e+02 1.239964e+01
    endloop
  endfacet
  facet normal 9.836754e-01 0.000000e+00 -1.799521e-01
    outer loop
      vertex   -2.238947e+02 1.572609e+02 1.340443e+01
      vertex   -2.238947e+02 1.647609e+02 1.340443e+01
      vertex   -2.238243e+02 1.572609e+02 1.378962e+01
    endloop
  endfacet
  facet normal 9.836754e-01 0.000000e+00 -1.799521e-01
    outer loop
      vertex   -2.238243e+02 1.572609e+02 1.378962e+01
      vertex   -2.238947e+02 1.647609e+02 1.340443e+01
      vertex   -2.238947e+02 1.722609e+02 1.340443e+01
    endloop
  endfacet
  facet normal 9.836754e-01 0.000000e+00 -1.799521e-01
    outer loop
      vertex   -2.238243e+02 1.572609e+02 1.378962e+01
      vertex   -2.238947e+02 1.722609e+02 1.340443e+01
      vertex   -2.238947e+02 1.797609e+02 1.340443e+01
    endloop
  endfacet
  facet normal 9.035824e-01 0.000000e+00 -4.284143e-01
    outer loop
      vertex   -2.238947e+02 1.797609e+02 1.340443e+01
      vertex   -2.238947e+02 1.722609e+02 1.340443e+01
      vertex   -2.240625e+02 1.797609e+02 1.305061e+01
    endloop
  endfacet
  facet normal 9.035824e-01 0.000000e+00 -4.284143e-01
    outer loop
      vertex   -2.238947e+02 1.797609e+02 1.340443e+01
      vertex   -2.240625e+02 1.797609e+02 1.305061e+01
      vertex   -2.240625e+02 1.872609e+02 1.305061e+01
    endloop
  endfacet
  facet normal 7.619118e-01 0.000000e+00 -6.476808e-01
    outer loop
      vertex   -2.240625e+02 1.872609e+02 1.305061e+01
      vertex   -2.240625e+02 1.797609e+02 1.305061e+01
      vertex   -2.243161e+02 1.872609e+02 1.275226e+01
    endloop
  endfacet
  facet normal 7.619118e-01 0.000000e+00 -6.476808e-01
    outer loop
      vertex   -2.240625e+02 1.872609e+02 1.305061e+01
      vertex   -2.243161e+02 1.872609e+02 1.275226e+01
      vertex   -2.243161e+02 1.947609e+02 1.275226e+01
    endloop
  endfacet
  facet normal 5.683182e-01 0.000000e+00 -8.228089e-01
    outer loop
      vertex   -2.243161e+02 1.947609e+02 1.275226e+01
      vertex   -2.243161e+02 1.872609e+02 1.275226e+01
      vertex   -2.246383e+02 1.947609e+02 1.252972e+01
    endloop
  endfacet
  facet normal 5.683182e-01 -3.874841e-16 -8.228089e-01
    outer loop
      vertex   -2.243161e+02 1.947609e+02 1.275226e+01
      vertex   -2.246383e+02 1.947609e+02 1.252972e+01
      vertex   -2.246383e+02 2.022609e+02 1.252972e+01
    endloop
  endfacet
  facet normal 3.359946e-01 -4.461564e-16 -9.418639e-01
    outer loop
      vertex   -2.246383e+02 2.022609e+02 1.252972e+01
      vertex   -2.246383e+02 1.947609e+02 1.252972e+01
      vertex   -2.250071e+02 2.022609e+02 1.239815e+01
    endloop
  endfacet
  facet normal 3.359946e-01 4.461564e-16 -9.418639e-01
    outer loop
      vertex   -2.250071e+02 2.022609e+02 1.239815e+01
      vertex   -2.246383e+02 1.947609e+02 1.252972e+01
      vertex   -2.250071e+02 1.947609e+02 1.239815e+01
    endloop
  endfacet
  facet normal 8.077355e-02 4.721473e-16 -9.967325e-01
    outer loop
      vertex   -2.250071e+02 2.022609e+02 1.239815e+01
      vertex   -2.250071e+02 1.947609e+02 1.239815e+01
      vertex   -2.253974e+02 2.022609e+02 1.236652e+01
    endloop
  endfacet
  facet normal 8.077355e-02 0.000000e+00 -9.967325e-01
    outer loop
      vertex   -2.253974e+02 2.022609e+02 1.236652e+01
      vertex   -2.250071e+02 1.947609e+02 1.239815e+01
      vertex   -2.250071e+02 1.872609e+02 1.239815e+01
    endloop
  endfacet
  facet normal 8.077355e-02 0.000000e+00 -9.967325e-01
    outer loop
      vertex   -2.253974e+02 2.022609e+02 1.236652e+01
      vertex   -2.250071e+02 1.872609e+02 1.239815e+01
      vertex   -2.250071e+02 1.797609e+02 1.239815e+01
    endloop
  endfacet
  facet normal 3.359946e-01 0.000000e+00 -9.418639e-01
    outer loop
      vertex   -2.250071e+02 1.797609e+02 1.239815e+01
      vertex   -2.250071e+02 1.872609e+02 1.239815e+01
      vertex   -2.246383e+02 1.797609e+02 1.252972e+01
    endloop
  endfacet
  facet normal 3.359946e-01 0.000000e+00 -9.418639e-01
    outer loop
      vertex   -2.250071e+02 1.797609e+02 1.239815e+01
      vertex   -2.246383e+02 1.797609e+02 1.252972e+01
      vertex   -2.246383e+02 1.722609e+02 1.252972e+01
    endloop
  endfacet
  facet normal 5.683182e-01 0.000000e+00 -8.228089e-01
    outer loop
      vertex   -2.246383e+02 1.722609e+02 1.252972e+01
      vertex   -2.246383e+02 1.797609e+02 1.252972e+01
      vertex   -2.243161e+02 1.722609e+02 1.275226e+01
    endloop
  endfacet
  facet normal 5.683182e-01 0.000000e+00 -8.228089e-01
    outer loop
      vertex   -2.246383e+02 1.722609e+02 1.252972e+01
      vertex   -2.243161e+02 1.722609e+02 1.275226e+01
      vertex   -2.243161e+02 1.647609e+02 1.275226e+01
    endloop
  endfacet
  facet normal 7.619118e-01 0.000000e+00 -6.476808e-01
    outer loop
      vertex   -2.243161e+02 1.647609e+02 1.275226e+01
      vertex   -2.243161e+02 1.722609e+02 1.275226e+01
      vertex   -2.240625e+02 1.647609e+02 1.305061e+01
    endloop
  endfacet
  facet normal 7.619118e-01 1.559387e-16 -6.476808e-01
    outer loop
      vertex   -2.243161e+02 1.647609e+02 1.275226e+01
      vertex   -2.240625e+02 1.647609e+02 1.305061e+01
      vertex   -2.240625e+02 1.572609e+02 1.305061e+01
    endloop
  endfacet
  facet normal 9.035824e-01 1.014689e-16 -4.284143e-01
    outer loop
      vertex   -2.240625e+02 1.572609e+02 1.305061e+01
      vertex   -2.240625e+02 1.647609e+02 1.305061e+01
      vertex   -2.238947e+02 1.572609e+02 1.340443e+01
    endloop
  endfacet
  facet normal 9.035824e-01 0.000000e+00 -4.284143e-01
    outer loop
      vertex   -2.238947e+02 1.572609e+02 1.340443e+01
      vertex   -2.240625e+02 1.647609e+02 1.305061e+01
      vertex   -2.238947e+02 1.647609e+02 1.340443e+01
    endloop
  endfacet
  facet normal 7.619118e-01 4.630908e-16 -6.476808e-01
    outer loop
      vertex   -2.240625e+02 1.572609e+02 1.305061e+01
      vertex   -2.243161e+02 1.572609e+02 1.275226e+01
      vertex   -2.243161e+02 1.647609e+02 1.275226e+01
    endloop
  endfacet
  facet normal 5.683182e-01 5.846409e-16 -8.228089e-01
    outer loop
      vertex   -2.243161e+02 1.647609e+02 1.275226e+01
      vertex   -2.243161e+02 1.572609e+02 1.275226e+01
      vertex   -2.246383e+02 1.647609e+02 1.252972e+01
    endloop
  endfacet
  facet normal 5.683182e-01 0.000000e+00 -8.228089e-01
    outer loop
      vertex   -2.243161e+02 1.647609e+02 1.275226e+01
      vertex   -2.246383e+02 1.647609e+02 1.252972e+01
      vertex   -2.246383e+02 1.722609e+02 1.252972e+01
    endloop
  endfacet
  facet normal 3.359946e-01 0.000000e+00 -9.418639e-01
    outer loop
      vertex   -2.246383e+02 1.722609e+02 1.252972e+01
      vertex   -2.246383e+02 1.647609e+02 1.252972e+01
      vertex   -2.250071e+02 1.722609e+02 1.239815e+01
    endloop
  endfacet
  facet normal 3.359946e-01 0.000000e+00 -9.418639e-01
    outer loop
      vertex   -2.246383e+02 1.722609e+02 1.252972e+01
      vertex   -2.250071e+02 1.722609e+02 1.239815e+01
      vertex   -2.250071e+02 1.797609e+02 1.239815e+01
    endloop
  endfacet
  facet normal 8.077355e-02 0.000000e+00 -9.967325e-01
    outer loop
      vertex   -2.250071e+02 1.797609e+02 1.239815e+01
      vertex   -2.250071e+02 1.722609e+02 1.239815e+01
      vertex   -2.253974e+02 1.572609e+02 1.236652e+01
    endloop
  endfacet
  facet normal 8.077355e-02 0.000000e+00 -9.967325e-01
    outer loop
      vertex   -2.250071e+02 1.797609e+02 1.239815e+01
      vertex   -2.253974e+02 1.572609e+02 1.236652e+01
      vertex   -2.253974e+02 2.022609e+02 1.236652e+01
    endloop
  endfacet
  facet normal 5.683182e-01 3.874841e-16 -8.228089e-01
    outer loop
      vertex   -2.243161e+02 1.572609e+02 1.275226e+01
      vertex   -2.246383e+02 1.572609e+02 1.252972e+01
      vertex   -2.246383e+02 1.647609e+02 1.252972e+01
    endloop
  endfacet
  facet normal 3.359946e-01 4.461564e-16 -9.418639e-01
    outer loop
      vertex   -2.246383e+02 1.647609e+02 1.252972e+01
      vertex   -2.246383e+02 1.572609e+02 1.252972e+01
      vertex   -2.250071e+02 1.647609e+02 1.239815e+01
    endloop
  endfacet
  facet normal 3.359946e-01 0.000000e+00 -9.418639e-01
    outer loop
      vertex   -2.246383e+02 1.647609e+02 1.252972e+01
      vertex   -2.250071e+02 1.647609e+02 1.239815e+01
      vertex   -2.250071e+02 1.722609e+02 1.239815e+01
    endloop
  endfacet
  facet normal 8.077355e-02 0.000000e+00 -9.967325e-01
    outer loop
      vertex   -2.250071e+02 1.722609e+02 1.239815e+01
      vertex   -2.250071e+02 1.647609e+02 1.239815e+01
      vertex   -2.253974e+02 1.572609e+02 1.236652e+01
    endloop
  endfacet
  facet normal 3.359946e-01 -4.465518e-16 -9.418639e-01
    outer loop
      vertex   -2.246383e+02 1.572609e+02 1.252972e+01
      vertex   -2.250071e+02 1.572609e+02 1.239815e+01
      vertex   -2.250071e+02 1.647609e+02 1.239815e+01
    endloop
  endfacet
  facet normal 8.077355e-02 -4.721473e-16 -9.967325e-01
    outer loop
      vertex   -2.250071e+02 1.647609e+02 1.239815e+01
      vertex   -2.250071e+02 1.572609e+02 1.239815e+01
      vertex   -2.253974e+02 1.572609e+02 1.236652e+01
    endloop
  endfacet
  facet normal 5.683182e-01 -5.859516e-16 -8.228089e-01
    outer loop
      vertex   -2.246383e+02 2.022609e+02 1.252972e+01
      vertex   -2.243161e+02 2.022609e+02 1.275226e+01
      vertex   -2.243161e+02 1.947609e+02 1.275226e+01
    endloop
  endfacet
  facet normal 7.619118e-01 -4.602049e-16 -6.476808e-01
    outer loop
      vertex   -2.243161e+02 1.947609e+02 1.275226e+01
      vertex   -2.243161e+02 2.022609e+02 1.275226e+01
      vertex   -2.240625e+02 1.947609e+02 1.305061e+01
    endloop
  endfacet
  facet normal 7.619118e-01 0.000000e+00 -6.476808e-01
    outer loop
      vertex   -2.243161e+02 1.947609e+02 1.275226e+01
      vertex   -2.240625e+02 1.947609e+02 1.305061e+01
      vertex   -2.240625e+02 1.872609e+02 1.305061e+01
    endloop
  endfacet
  facet normal 9.035824e-01 0.000000e+00 -4.284143e-01
    outer loop
      vertex   -2.240625e+02 1.872609e+02 1.305061e+01
      vertex   -2.240625e+02 1.947609e+02 1.305061e+01
      vertex   -2.238947e+02 1.872609e+02 1.340443e+01
    endloop
  endfacet
  facet normal 9.035824e-01 0.000000e+00 -4.284143e-01
    outer loop
      vertex   -2.240625e+02 1.872609e+02 1.305061e+01
      vertex   -2.238947e+02 1.872609e+02 1.340443e+01
      vertex   -2.238947e+02 1.797609e+02 1.340443e+01
    endloop
  endfacet
  facet normal 9.836754e-01 0.000000e+00 -1.799521e-01
    outer loop
      vertex   -2.238947e+02 1.797609e+02 1.340443e+01
      vertex   -2.238947e+02 1.872609e+02 1.340443e+01
      vertex   -2.238243e+02 2.022609e+02 1.378962e+01
    endloop
  endfacet
  facet normal 9.836754e-01 0.000000e+00 -1.799521e-01
    outer loop
      vertex   -2.238947e+02 1.797609e+02 1.340443e+01
      vertex   -2.238243e+02 2.022609e+02 1.378962e+01
      vertex   -2.238243e+02 1.572609e+02 1.378962e+01
    endloop
  endfacet
  facet normal 7.619118e-01 -1.512133e-16 -6.476808e-01
    outer loop
      vertex   -2.243161e+02 2.022609e+02 1.275226e+01
      vertex   -2.240625e+02 2.022609e+02 1.305061e+01
      vertex   -2.240625e+02 1.947609e+02 1.305061e+01
    endloop
  endfacet
  facet normal 9.035824e-01 -1.014689e-16 -4.284143e-01
    outer loop
      vertex   -2.240625e+02 1.947609e+02 1.305061e+01
      vertex   -2.240625e+02 2.022609e+02 1.305061e+01
      vertex   -2.238947e+02 1.947609e+02 1.340443e+01
    endloop
  endfacet
  facet normal 9.035824e-01 0.000000e+00 -4.284143e-01
    outer loop
      vertex   -2.240625e+02 1.947609e+02 1.305061e+01
      vertex   -2.238947e+02 1.947609e+02 1.340443e+01
      vertex   -2.238947e+02 1.872609e+02 1.340443e+01
    endloop
  endfacet
  facet normal 9.836754e-01 0.000000e+00 -1.799521e-01
    outer loop
      vertex   -2.238947e+02 1.872609e+02 1.340443e+01
      vertex   -2.238947e+02 1.947609e+02 1.340443e+01
      vertex   -2.238243e+02 2.022609e+02 1.378962e+01
    endloop
  endfacet
  facet normal 9.035824e-01 0.000000e+00 -4.284143e-01
    outer loop
      vertex   -2.240625e+02 2.022609e+02 1.305061e+01
      vertex   -2.238947e+02 2.022609e+02 1.340443e+01
      vertex   -2.238947e+02 1.947609e+02 1.340443e+01
    endloop
  endfacet
  facet normal 9.836754e-01 0.000000e+00 -1.799521e-01
    outer loop
      vertex   -2.238947e+02 1.947609e+02 1.340443e+01
      vertex   -2.238947e+02 2.022609e+02 1.340443e+01
      vertex   -2.238243e+02 2.022609e+02 1.378962e+01
    endloop
  endfacet
  facet normal 9.035824e-01 0.000000e+00 -4.284143e-01
    outer loop
      vertex   -2.238947e+02 1.722609e+02 1.340443e+01
      vertex   -2.238947e+02 1.647609e+02 1.340443e+01
      vertex   -2.240625e+02 1.722609e+02 1.305061e+01
    endloop
  endfacet
  facet normal 9.035824e-01 0.000000e+00 -4.284143e-01
    outer loop
      vertex   -2.240625e+02 1.722609e+02 1.305061e+01
      vertex   -2.238947e+02 1.647609e+02 1.340443e+01
      vertex   -2.240625e+02 1.647609e+02 1.305061e+01
    endloop
  endfacet
  facet normal 7.619118e-01 0.000000e+00 -6.476808e-01
    outer loop
      vertex   -2.240625e+02 1.722609e+02 1.305061e+01
      vertex   -2.240625e+02 1.647609e+02 1.305061e+01
      vertex   -2.243161e+02 1.722609e+02 1.275226e+01
    endloop
  endfacet
  facet normal 9.035824e-01 0.000000e+00 -4.284143e-01
    outer loop
      vertex   -2.238947e+02 1.722609e+02 1.340443e+01
      vertex   -2.240625e+02 1.722609e+02 1.305061e+01
      vertex   -2.240625e+02 1.797609e+02 1.305061e+01
    endloop
  endfacet
  facet normal 7.619118e-01 0.000000e+00 -6.476808e-01
    outer loop
      vertex   -2.240625e+02 1.797609e+02 1.305061e+01
      vertex   -2.240625e+02 1.722609e+02 1.305061e+01
      vertex   -2.243161e+02 1.797609e+02 1.275226e+01
    endloop
  endfacet
  facet normal 7.619118e-01 0.000000e+00 -6.476808e-01
    outer loop
      vertex   -2.240625e+02 1.797609e+02 1.305061e+01
      vertex   -2.243161e+02 1.797609e+02 1.275226e+01
      vertex   -2.243161e+02 1.872609e+02 1.275226e+01
    endloop
  endfacet
  facet normal 5.683182e-01 0.000000e+00 -8.228089e-01
    outer loop
      vertex   -2.243161e+02 1.872609e+02 1.275226e+01
      vertex   -2.243161e+02 1.797609e+02 1.275226e+01
      vertex   -2.246383e+02 1.872609e+02 1.252972e+01
    endloop
  endfacet
  facet normal 5.683182e-01 0.000000e+00 -8.228089e-01
    outer loop
      vertex   -2.243161e+02 1.872609e+02 1.275226e+01
      vertex   -2.246383e+02 1.872609e+02 1.252972e+01
      vertex   -2.246383e+02 1.947609e+02 1.252972e+01
    endloop
  endfacet
  facet normal 3.359946e-01 0.000000e+00 -9.418639e-01
    outer loop
      vertex   -2.246383e+02 1.947609e+02 1.252972e+01
      vertex   -2.246383e+02 1.872609e+02 1.252972e+01
      vertex   -2.250071e+02 1.947609e+02 1.239815e+01
    endloop
  endfacet
  facet normal 7.619118e-01 0.000000e+00 -6.476808e-01
    outer loop
      vertex   -2.243161e+02 1.797609e+02 1.275226e+01
      vertex   -2.240625e+02 1.722609e+02 1.305061e+01
      vertex   -2.243161e+02 1.722609e+02 1.275226e+01
    endloop
  endfacet
  facet normal 5.683182e-01 0.000000e+00 -8.228089e-01
    outer loop
      vertex   -2.246383e+02 1.872609e+02 1.252972e+01
      vertex   -2.243161e+02 1.797609e+02 1.275226e+01
      vertex   -2.246383e+02 1.797609e+02 1.252972e+01
    endloop
  endfacet
  facet normal 5.683182e-01 0.000000e+00 -8.228089e-01
    outer loop
      vertex   -2.246383e+02 1.797609e+02 1.252972e+01
      vertex   -2.243161e+02 1.797609e+02 1.275226e+01
      vertex   -2.243161e+02 1.722609e+02 1.275226e+01
    endloop
  endfacet
  facet normal 3.359946e-01 0.000000e+00 -9.418639e-01
    outer loop
      vertex   -2.250071e+02 1.947609e+02 1.239815e+01
      vertex   -2.246383e+02 1.872609e+02 1.252972e+01
      vertex   -2.250071e+02 1.872609e+02 1.239815e+01
    endloop
  endfacet
  facet normal 3.359946e-01 0.000000e+00 -9.418639e-01
    outer loop
      vertex   -2.250071e+02 1.872609e+02 1.239815e+01
      vertex   -2.246383e+02 1.872609e+02 1.252972e+01
      vertex   -2.246383e+02 1.797609e+02 1.252972e+01
    endloop
  endfacet
  facet normal 9.987484e-01 5.575162e-14 -5.001718e-02
    outer loop
      vertex   -2.184262e+02 1.572609e+02 1.215793e+02
      vertex   -2.238243e+02 1.572609e+02 1.378962e+01
      vertex   -2.184262e+02 2.022609e+02 1.215793e+02
    endloop
  endfacet
  facet normal 9.987484e-01 0.000000e+00 -5.001718e-02
    outer loop
      vertex   -2.184262e+02 2.022609e+02 1.215793e+02
      vertex   -2.238243e+02 1.572609e+02 1.378962e+01
      vertex   -2.238243e+02 2.022609e+02 1.378962e+01
    endloop
  endfacet
  facet normal -9.987484e-01 -6.472163e-16 5.001718e-02
    outer loop
      vertex   -2.233082e+02 2.022609e+02 9.731004e+01
      vertex   -2.251058e+02 2.022609e+02 6.141623e+01
      vertex   -2.233082e+02 1.572609e+02 9.731004e+01
    endloop
  endfacet
  facet normal -9.987484e-01 0.000000e+00 5.001718e-02
    outer loop
      vertex   -2.233082e+02 1.572609e+02 9.731004e+01
      vertex   -2.251058e+02 2.022609e+02 6.141623e+01
      vertex   -2.251058e+02 1.572609e+02 6.141623e+01
    endloop
  endfacet
  facet normal 2.791840e-12 1.000000e+00 -8.121970e-14
    outer loop
      vertex   -2.251058e+02 2.022609e+02 6.141623e+01
      vertex   -2.233082e+02 2.022609e+02 9.731004e+01
      vertex   -2.250350e+02 2.022609e+02 6.140096e+01
    endloop
  endfacet
  facet normal 8.567178e-15 1.000000e+00 5.261792e-14
    outer loop
      vertex   -2.250350e+02 2.022609e+02 6.140096e+01
      vertex   -2.233082e+02 2.022609e+02 9.731004e+01
      vertex   -2.249635e+02 2.022609e+02 6.138932e+01
    endloop
  endfacet
  facet normal 2.199783e-11 1.000000e+00 -9.606525e-13
    outer loop
      vertex   -2.249635e+02 2.022609e+02 6.138932e+01
      vertex   -2.233082e+02 2.022609e+02 9.731004e+01
      vertex   -2.248914e+02 2.022609e+02 6.138133e+01
    endloop
  endfacet
  facet normal 1.980678e-13 1.000000e+00 -2.638757e-17
    outer loop
      vertex   -2.248914e+02 2.022609e+02 6.138133e+01
      vertex   -2.233082e+02 2.022609e+02 9.731004e+01
      vertex   -2.184262e+02 2.022609e+02 1.215793e+02
    endloop
  endfacet
  facet normal 1.636531e-13 1.000000e+00 3.669759e-15
    outer loop
      vertex   -2.248914e+02 2.022609e+02 6.138133e+01
      vertex   -2.184262e+02 2.022609e+02 1.215793e+02
      vertex   -2.238243e+02 2.022609e+02 1.378962e+01
    endloop
  endfacet
  facet normal -6.688775e-14 1.000000e+00 5.327265e-14
    outer loop
      vertex   -2.233082e+02 2.022609e+02 9.731004e+01
      vertex   -2.216119e+02 2.022609e+02 1.175793e+02
      vertex   -2.184262e+02 2.022609e+02 1.215793e+02
    endloop
  endfacet
  facet normal -3.057109e-14 1.000000e+00 2.434830e-14
    outer loop
      vertex   -2.184262e+02 2.022609e+02 1.215793e+02
      vertex   -2.216119e+02 2.022609e+02 1.175793e+02
      vertex   -2.194227e+02 2.022609e+02 1.226627e+02
    endloop
  endfacet
  facet normal -1.292792e-13 1.000000e+00 -6.644433e-14
    outer loop
      vertex   -2.184262e+02 2.022609e+02 1.215793e+02
      vertex   -2.194227e+02 2.022609e+02 1.226627e+02
      vertex   -2.191885e+02 2.022609e+02 1.226349e+02
    endloop
  endfacet
  facet normal 1.060800e-12 1.000000e+00 -4.456747e-13
    outer loop
      vertex   -2.216119e+02 2.022609e+02 1.175793e+02
      vertex   -2.216201e+02 2.022609e+02 1.178149e+02
      vertex   -2.194227e+02 2.022609e+02 1.226627e+02
    endloop
  endfacet
  facet normal 4.811373e-14 1.000000e+00 1.336759e-14
    outer loop
      vertex   -2.194227e+02 2.022609e+02 1.226627e+02
      vertex   -2.216201e+02 2.022609e+02 1.178149e+02
      vertex   -2.216832e+02 2.022609e+02 1.180421e+02
    endloop
  endfacet
  facet normal -2.286162e-13 1.000000e+00 1.487543e-13
    outer loop
      vertex   -2.194227e+02 2.022609e+02 1.226627e+02
      vertex   -2.216832e+02 2.022609e+02 1.180421e+02
      vertex   -2.217978e+02 2.022609e+02 1.182482e+02
    endloop
  endfacet
  facet normal 1.766526e-14 1.000000e+00 1.624867e-14
    outer loop
      vertex   -2.217978e+02 2.022609e+02 1.182482e+02
      vertex   -2.219574e+02 2.022609e+02 1.184217e+02
      vertex   -2.194227e+02 2.022609e+02 1.226627e+02
    endloop
  endfacet
  facet normal -9.077774e-14 1.000000e+00 8.106256e-14
    outer loop
      vertex   -2.194227e+02 2.022609e+02 1.226627e+02
      vertex   -2.219574e+02 2.022609e+02 1.184217e+02
      vertex   -2.221532e+02 2.022609e+02 1.185531e+02
    endloop
  endfacet
  facet normal 6.163495e-15 1.000000e+00 1.665244e-14
    outer loop
      vertex   -2.194227e+02 2.022609e+02 1.226627e+02
      vertex   -2.221532e+02 2.022609e+02 1.185531e+02
      vertex   -2.223743e+02 2.022609e+02 1.186349e+02
    endloop
  endfacet
  facet normal -1.093636e-13 1.000000e+00 1.013134e-13
    outer loop
      vertex   -2.223743e+02 2.022609e+02 1.186349e+02
      vertex   -2.226085e+02 2.022609e+02 1.186627e+02
      vertex   -2.194227e+02 2.022609e+02 1.226627e+02
    endloop
  endfacet
  facet normal -5.313795e-14 1.000000e+00 5.653250e-14
    outer loop
      vertex   -2.194227e+02 2.022609e+02 1.226627e+02
      vertex   -2.226085e+02 2.022609e+02 1.186627e+02
      vertex   -2.263759e+02 2.022609e+02 1.226627e+02
    endloop
  endfacet
  facet normal -2.757016e-14 1.000000e+00 8.061400e-14
    outer loop
      vertex   -2.263759e+02 2.022609e+02 1.226627e+02
      vertex   -2.226085e+02 2.022609e+02 1.186627e+02
      vertex   -2.246702e+02 2.022609e+02 1.186627e+02
    endloop
  endfacet
  facet normal -1.674782e-13 1.000000e+00 2.095369e-14
    outer loop
      vertex   -2.263759e+02 2.022609e+02 1.226627e+02
      vertex   -2.246702e+02 2.022609e+02 1.186627e+02
      vertex   -2.251879e+02 2.022609e+02 1.185946e+02
    endloop
  endfacet
  facet normal -2.581578e-14 1.000000e+00 6.232480e-14
    outer loop
      vertex   -2.251879e+02 2.022609e+02 1.185946e+02
      vertex   -2.256702e+02 2.022609e+02 1.183948e+02
      vertex   -2.263759e+02 2.022609e+02 1.226627e+02
    endloop
  endfacet
  facet normal -4.534562e-14 1.000000e+00 5.909556e-14
    outer loop
      vertex   -2.263759e+02 2.022609e+02 1.226627e+02
      vertex   -2.256702e+02 2.022609e+02 1.183948e+02
      vertex   -2.260845e+02 2.022609e+02 1.180769e+02
    endloop
  endfacet
  facet normal -7.459214e-14 1.000000e+00 5.723656e-14
    outer loop
      vertex   -2.263759e+02 2.022609e+02 1.226627e+02
      vertex   -2.260845e+02 2.022609e+02 1.180769e+02
      vertex   -2.264023e+02 2.022609e+02 1.176627e+02
    endloop
  endfacet
  facet normal 4.672581e-12 1.000000e+00 3.221794e-14
    outer loop
      vertex   -2.263759e+02 2.022609e+02 1.226627e+02
      vertex   -2.264023e+02 2.022609e+02 1.176627e+02
      vertex   -2.268439e+02 2.022609e+02 1.226072e+02
    endloop
  endfacet
  facet normal 7.648532e-13 1.000000e+00 -3.168126e-13
    outer loop
      vertex   -2.268439e+02 2.022609e+02 1.226072e+02
      vertex   -2.264023e+02 2.022609e+02 1.176627e+02
      vertex   -2.266021e+02 2.022609e+02 1.171803e+02
    endloop
  endfacet
  facet normal 1.276834e-13 1.000000e+00 -3.452060e-13
    outer loop
      vertex   -2.268439e+02 2.022609e+02 1.226072e+02
      vertex   -2.266021e+02 2.022609e+02 1.171803e+02
      vertex   -2.272859e+02 2.022609e+02 1.224437e+02
    endloop
  endfacet
  facet normal 7.534183e-13 1.000000e+00 -2.639090e-13
    outer loop
      vertex   -2.272859e+02 2.022609e+02 1.224437e+02
      vertex   -2.266021e+02 2.022609e+02 1.171803e+02
      vertex   -2.266702e+02 2.022609e+02 1.166627e+02
    endloop
  endfacet
  facet normal 2.152850e-13 1.000000e+00 -3.212206e-13
    outer loop
      vertex   -2.272859e+02 2.022609e+02 1.224437e+02
      vertex   -2.266702e+02 2.022609e+02 1.166627e+02
      vertex   -2.276774e+02 2.022609e+02 1.221813e+02
    endloop
  endfacet
  facet normal 3.267693e-13 1.000000e+00 -3.008746e-13
    outer loop
      vertex   -2.276774e+02 2.022609e+02 1.221813e+02
      vertex   -2.266702e+02 2.022609e+02 1.166627e+02
      vertex   -2.279966e+02 2.022609e+02 1.218346e+02
    endloop
  endfacet
  facet normal 1.707814e-12 1.000000e+00 5.330103e-14
    outer loop
      vertex   -2.279966e+02 2.022609e+02 1.218346e+02
      vertex   -2.266702e+02 2.022609e+02 1.166627e+02
      vertex   -2.283524e+02 2.022609e+02 1.209689e+02
    endloop
  endfacet
  facet normal -5.179533e-12 1.000000e+00 2.883524e-12
    outer loop
      vertex   -2.279966e+02 2.022609e+02 1.218346e+02
      vertex   -2.283524e+02 2.022609e+02 1.209689e+02
      vertex   -2.282258e+02 2.022609e+02 1.214229e+02
    endloop
  endfacet
  facet normal -3.307715e-15 1.000000e+00 5.647295e-14
    outer loop
      vertex   -2.266702e+02 2.022609e+02 9.149870e+01
      vertex   -2.290000e+02 2.022609e+02 1.125000e+02
      vertex   -2.266702e+02 2.022609e+02 1.166627e+02
    endloop
  endfacet
  facet normal 5.872086e-13 1.000000e+00 -2.740246e-13
    outer loop
      vertex   -2.266702e+02 2.022609e+02 1.166627e+02
      vertex   -2.290000e+02 2.022609e+02 1.125000e+02
      vertex   -2.287147e+02 2.022609e+02 1.194383e+02
    endloop
  endfacet
  facet normal 2.680538e-13 1.000000e+00 -5.091062e-13
    outer loop
      vertex   -2.266702e+02 2.022609e+02 1.166627e+02
      vertex   -2.287147e+02 2.022609e+02 1.194383e+02
      vertex   -2.283524e+02 2.022609e+02 1.209689e+02
    endloop
  endfacet
  facet normal -5.188246e-14 1.000000e+00 5.108436e-14
    outer loop
      vertex   -2.266702e+02 2.022609e+02 9.149870e+01
      vertex   -2.290000e+02 2.022609e+02 8.746343e+01
      vertex   -2.290000e+02 2.022609e+02 1.125000e+02
    endloop
  endfacet
  facet normal -5.540023e-14 1.000000e+00 -1.974628e-11
    outer loop
      vertex   -2.382345e+02 2.022609e+02 1.125000e+02
      vertex   -2.366664e+02 2.022609e+02 1.126237e+02
      vertex   -2.290000e+02 2.022609e+02 1.125000e+02
    endloop
  endfacet
  facet normal 2.466800e-13 1.000000e+00 -1.024963e-12
    outer loop
      vertex   -2.290000e+02 2.022609e+02 1.125000e+02
      vertex   -2.366664e+02 2.022609e+02 1.126237e+02
      vertex   -2.351372e+02 2.022609e+02 1.129918e+02
    endloop
  endfacet
  facet normal 2.787934e-13 1.000000e+00 -6.241791e-13
    outer loop
      vertex   -2.290000e+02 2.022609e+02 1.125000e+02
      vertex   -2.351372e+02 2.022609e+02 1.129918e+02
      vertex   -2.336846e+02 2.022609e+02 1.135950e+02
    endloop
  endfacet
  facet normal 3.193657e-13 1.000000e+00 -4.506109e-13
    outer loop
      vertex   -2.336846e+02 2.022609e+02 1.135950e+02
      vertex   -2.323445e+02 2.022609e+02 1.144186e+02
      vertex   -2.290000e+02 2.022609e+02 1.125000e+02
    endloop
  endfacet
  facet normal 3.652380e-13 1.000000e+00 -3.706478e-13
    outer loop
      vertex   -2.290000e+02 2.022609e+02 1.125000e+02
      vertex   -2.323445e+02 2.022609e+02 1.144186e+02
      vertex   -2.311502e+02 2.022609e+02 1.154422e+02
    endloop
  endfacet
  facet normal 4.181827e-13 1.000000e+00 -3.319552e-13
    outer loop
      vertex   -2.290000e+02 2.022609e+02 1.125000e+02
      vertex   -2.311502e+02 2.022609e+02 1.154422e+02
      vertex   -2.301311e+02 2.022609e+02 1.166403e+02
    endloop
  endfacet
  facet normal 5.294944e-13 1.000000e+00 -3.015455e-13
    outer loop
      vertex   -2.301311e+02 2.022609e+02 1.166403e+02
      vertex   -2.293125e+02 2.022609e+02 1.179834e+02
      vertex   -2.290000e+02 2.022609e+02 1.125000e+02
    endloop
  endfacet
  facet normal 8.341727e-13 1.000000e+00 -2.841803e-13
    outer loop
      vertex   -2.290000e+02 2.022609e+02 1.125000e+02
      vertex   -2.293125e+02 2.022609e+02 1.179834e+02
      vertex   -2.287147e+02 2.022609e+02 1.194383e+02
    endloop
  endfacet
  facet normal 1.360137e-14 1.000000e+00 3.674799e-14
    outer loop
      vertex   -2.191885e+02 2.022609e+02 1.226349e+02
      vertex   -2.189674e+02 2.022609e+02 1.225531e+02
      vertex   -2.184262e+02 2.022609e+02 1.215793e+02
    endloop
  endfacet
  facet normal -2.002213e-13 1.000000e+00 -8.210582e-14
    outer loop
      vertex   -2.184262e+02 2.022609e+02 1.215793e+02
      vertex   -2.189674e+02 2.022609e+02 1.225531e+02
      vertex   -2.187716e+02 2.022609e+02 1.224217e+02
    endloop
  endfacet
  facet normal 0.000000e+00 1.000000e+00 0.000000e+00
    outer loop
      vertex   -2.184262e+02 2.022609e+02 1.215793e+02
      vertex   -2.187716e+02 2.022609e+02 1.224217e+02
      vertex   -2.186120e+02 2.022609e+02 1.222482e+02
    endloop
  endfacet
  facet normal -4.960651e-13 1.000000e+00 -1.378233e-13
    outer loop
      vertex   -2.186120e+02 2.022609e+02 1.222482e+02
      vertex   -2.184974e+02 2.022609e+02 1.220421e+02
      vertex   -2.184262e+02 2.022609e+02 1.215793e+02
    endloop
  endfacet
  facet normal -4.960651e-13 1.000000e+00 -1.378233e-13
    outer loop
      vertex   -2.184262e+02 2.022609e+02 1.215793e+02
      vertex   -2.184974e+02 2.022609e+02 1.220421e+02
      vertex   -2.184343e+02 2.022609e+02 1.218149e+02
    endloop
  endfacet
  facet normal 0.000000e+00 1.000000e+00 -0.000000e+00
    outer loop
      vertex   -2.238947e+02 2.022609e+02 1.340443e+01
      vertex   -2.240625e+02 2.022609e+02 1.305061e+01
      vertex   -2.238243e+02 2.022609e+02 1.378962e+01
    endloop
  endfacet
  facet normal 0.000000e+00 1.000000e+00 0.000000e+00
    outer loop
      vertex   -2.238243e+02 2.022609e+02 1.378962e+01
      vertex   -2.240625e+02 2.022609e+02 1.305061e+01
      vertex   -2.243161e+02 2.022609e+02 1.275226e+01
    endloop
  endfacet
  facet normal 0.000000e+00 1.000000e+00 0.000000e+00
    outer loop
      vertex   -2.238243e+02 2.022609e+02 1.378962e+01
      vertex   -2.243161e+02 2.022609e+02 1.275226e+01
      vertex   -2.246383e+02 2.022609e+02 1.252972e+01
    endloop
  endfacet
  facet normal 0.000000e+00 1.000000e+00 -0.000000e+00
    outer loop
      vertex   -2.246383e+02 2.022609e+02 1.252972e+01
      vertex   -2.250071e+02 2.022609e+02 1.239815e+01
      vertex   -2.238243e+02 2.022609e+02 1.378962e+01
    endloop
  endfacet
  facet normal 0.000000e+00 1.000000e+00 0.000000e+00
    outer loop
      vertex   -2.238243e+02 2.022609e+02 1.378962e+01
      vertex   -2.250071e+02 2.022609e+02 1.239815e+01
      vertex   -2.251066e+02 2.022609e+02 6.139964e+01
    endloop
  endfacet
  facet normal 0.000000e+00 1.000000e+00 0.000000e+00
    outer loop
      vertex   -2.238243e+02 2.022609e+02 1.378962e+01
      vertex   -2.251066e+02 2.022609e+02 6.139964e+01
      vertex   -2.248914e+02 2.022609e+02 6.138133e+01
    endloop
  endfacet
  facet normal 0.000000e+00 1.000000e+00 0.000000e+00
    outer loop
      vertex   -2.250071e+02 2.022609e+02 1.239815e+01
      vertex   -2.253974e+02 2.022609e+02 1.236652e+01
      vertex   -2.251066e+02 2.022609e+02 6.139964e+01
    endloop
  endfacet
  facet normal 0.000000e+00 1.000000e+00 0.000000e+00
    outer loop
      vertex   -2.251066e+02 2.022609e+02 6.139964e+01
      vertex   -2.253974e+02 2.022609e+02 1.236652e+01
      vertex   -2.260586e+02 2.022609e+02 1.239964e+01
    endloop
  endfacet
  facet normal 0.000000e+00 1.000000e+00 0.000000e+00
    outer loop
      vertex   -2.251066e+02 2.022609e+02 6.139964e+01
      vertex   -2.260586e+02 2.022609e+02 1.239964e+01
      vertex   -2.274817e+02 2.022609e+02 1.397278e+01
    endloop
  endfacet
  facet normal 0.000000e+00 1.000000e+00 0.000000e+00
    outer loop
      vertex   -2.274817e+02 2.022609e+02 1.397278e+01
      vertex   -2.260586e+02 2.022609e+02 1.239964e+01
      vertex   -2.264438e+02 2.022609e+02 1.247010e+01
    endloop
  endfacet
  facet normal 0.000000e+00 1.000000e+00 0.000000e+00
    outer loop
      vertex   -2.274817e+02 2.022609e+02 1.397278e+01
      vertex   -2.264438e+02 2.022609e+02 1.247010e+01
      vertex   -2.267976e+02 2.022609e+02 1.263786e+01
    endloop
  endfacet
  facet normal 0.000000e+00 1.000000e+00 0.000000e+00
    outer loop
      vertex   -2.267976e+02 2.022609e+02 1.263786e+01
      vertex   -2.270960e+02 2.022609e+02 1.289148e+01
      vertex   -2.274817e+02 2.022609e+02 1.397278e+01
    endloop
  endfacet
  facet normal 0.000000e+00 1.000000e+00 0.000000e+00
    outer loop
      vertex   -2.274817e+02 2.022609e+02 1.397278e+01
      vertex   -2.270960e+02 2.022609e+02 1.289148e+01
      vertex   -2.273185e+02 2.022609e+02 1.321367e+01
    endloop
  endfacet
  facet normal 0.000000e+00 1.000000e+00 0.000000e+00
    outer loop
      vertex   -2.274817e+02 2.022609e+02 1.397278e+01
      vertex   -2.273185e+02 2.022609e+02 1.321367e+01
      vertex   -2.274501e+02 2.022609e+02 1.358248e+01
    endloop
  endfacet
  facet normal -9.965166e-01 -3.402347e-14 8.339514e-02
    outer loop
      vertex   -2.233082e+02 1.572609e+02 9.731004e+01
      vertex   -2.216119e+02 1.572609e+02 1.175793e+02
      vertex   -2.233082e+02 2.022609e+02 9.731004e+01
    endloop
  endfacet
  facet normal -9.965166e-01 -5.810533e-14 8.339514e-02
    outer loop
      vertex   -2.233082e+02 2.022609e+02 9.731004e+01
      vertex   -2.216119e+02 1.572609e+02 1.175793e+02
      vertex   -2.216119e+02 2.022609e+02 1.175793e+02
    endloop
  endfacet
  facet normal -9.632883e-01 0.000000e+00 2.684692e-01
    outer loop
      vertex   -2.282258e+02 1.572609e+02 1.214229e+02
      vertex   -2.282258e+02 1.662609e+02 1.214229e+02
      vertex   -2.283524e+02 1.572609e+02 1.209689e+02
    endloop
  endfacet
  facet normal -9.632883e-01 9.125613e-15 2.684692e-01
    outer loop
      vertex   -2.283524e+02 1.572609e+02 1.209689e+02
      vertex   -2.282258e+02 1.662609e+02 1.214229e+02
      vertex   -2.282258e+02 1.752609e+02 1.214229e+02
    endloop
  endfacet
  facet normal -9.632883e-01 0.000000e+00 2.684692e-01
    outer loop
      vertex   -2.283524e+02 1.572609e+02 1.209689e+02
      vertex   -2.282258e+02 1.752609e+02 1.214229e+02
      vertex   -2.282258e+02 1.842609e+02 1.214229e+02
    endloop
  endfacet
  facet normal -8.737269e-01 0.000000e+00 4.864168e-01
    outer loop
      vertex   -2.282258e+02 1.842609e+02 1.214229e+02
      vertex   -2.282258e+02 1.752609e+02 1.214229e+02
      vertex   -2.279966e+02 1.842609e+02 1.218346e+02
    endloop
  endfacet
  facet normal -8.737269e-01 5.519867e-15 4.864168e-01
    outer loop
      vertex   -2.282258e+02 1.842609e+02 1.214229e+02
      vertex   -2.279966e+02 1.842609e+02 1.218346e+02
      vertex   -2.279966e+02 1.932609e+02 1.218346e+02
    endloop
  endfacet
  facet normal -7.356541e-01 4.646344e-15 6.773574e-01
    outer loop
      vertex   -2.279966e+02 1.932609e+02 1.218346e+02
      vertex   -2.279966e+02 1.842609e+02 1.218346e+02
      vertex   -2.276774e+02 1.932609e+02 1.221813e+02
    endloop
  endfacet
  facet normal -7.356541e-01 0.000000e+00 6.773574e-01
    outer loop
      vertex   -2.279966e+02 1.932609e+02 1.218346e+02
      vertex   -2.276774e+02 1.932609e+02 1.221813e+02
      vertex   -2.276774e+02 2.022609e+02 1.221813e+02
    endloop
  endfacet
  facet normal -5.567359e-01 0.000000e+00 8.306895e-01
    outer loop
      vertex   -2.276774e+02 2.022609e+02 1.221813e+02
      vertex   -2.276774e+02 1.932609e+02 1.221813e+02
      vertex   -2.272859e+02 2.022609e+02 1.224437e+02
    endloop
  endfacet
  facet normal -5.567359e-01 0.000000e+00 8.306895e-01
    outer loop
      vertex   -2.272859e+02 2.022609e+02 1.224437e+02
      vertex   -2.276774e+02 1.932609e+02 1.221813e+02
      vertex   -2.272859e+02 1.932609e+02 1.224437e+02
    endloop
  endfacet
  facet normal -3.469065e-01 0.000000e+00 9.378997e-01
    outer loop
      vertex   -2.272859e+02 2.022609e+02 1.224437e+02
      vertex   -2.272859e+02 1.932609e+02 1.224437e+02
      vertex   -2.268439e+02 2.022609e+02 1.226072e+02
    endloop
  endfacet
  facet normal -3.469065e-01 1.480929e-15 9.378997e-01
    outer loop
      vertex   -2.268439e+02 2.022609e+02 1.226072e+02
      vertex   -2.272859e+02 1.932609e+02 1.224437e+02
      vertex   -2.268439e+02 1.932609e+02 1.226072e+02
    endloop
  endfacet
  facet normal -1.178160e-01 1.567987e-15 9.930354e-01
    outer loop
      vertex   -2.268439e+02 2.022609e+02 1.226072e+02
      vertex   -2.268439e+02 1.932609e+02 1.226072e+02
      vertex   -2.263759e+02 2.022609e+02 1.226627e+02
    endloop
  endfacet
  facet normal -1.178160e-01 7.435624e-16 9.930354e-01
    outer loop
      vertex   -2.263759e+02 2.022609e+02 1.226627e+02
      vertex   -2.268439e+02 1.932609e+02 1.226072e+02
      vertex   -2.268439e+02 1.842609e+02 1.226072e+02
    endloop
  endfacet
  facet normal -1.178160e-01 0.000000e+00 9.930354e-01
    outer loop
      vertex   -2.263759e+02 2.022609e+02 1.226627e+02
      vertex   -2.268439e+02 1.842609e+02 1.226072e+02
      vertex   -2.268439e+02 1.752609e+02 1.226072e+02
    endloop
  endfacet
  facet normal -3.469065e-01 0.000000e+00 9.378997e-01
    outer loop
      vertex   -2.268439e+02 1.752609e+02 1.226072e+02
      vertex   -2.268439e+02 1.842609e+02 1.226072e+02
      vertex   -2.272859e+02 1.752609e+02 1.224437e+02
    endloop
  endfacet
  facet normal -3.469065e-01 1.096121e-15 9.378997e-01
    outer loop
      vertex   -2.268439e+02 1.752609e+02 1.226072e+02
      vertex   -2.272859e+02 1.752609e+02 1.224437e+02
      vertex   -2.272859e+02 1.662609e+02 1.224437e+02
    endloop
  endfacet
  facet normal -5.567359e-01 1.758154e-15 8.306895e-01
    outer loop
      vertex   -2.272859e+02 1.662609e+02 1.224437e+02
      vertex   -2.272859e+02 1.752609e+02 1.224437e+02
      vertex   -2.276774e+02 1.662609e+02 1.221813e+02
    endloop
  endfacet
  facet normal -5.567359e-01 1.312073e-15 8.306895e-01
    outer loop
      vertex   -2.272859e+02 1.662609e+02 1.224437e+02
      vertex   -2.276774e+02 1.662609e+02 1.221813e+02
      vertex   -2.276774e+02 1.572609e+02 1.221813e+02
    endloop
  endfacet
  facet normal -7.356541e-01 1.069536e-15 6.773574e-01
    outer loop
      vertex   -2.276774e+02 1.572609e+02 1.221813e+02
      vertex   -2.276774e+02 1.662609e+02 1.221813e+02
      vertex   -2.279966e+02 1.572609e+02 1.218346e+02
    endloop
  endfacet
  facet normal -7.356541e-01 -2.139073e-15 6.773574e-01
    outer loop
      vertex   -2.279966e+02 1.572609e+02 1.218346e+02
      vertex   -2.276774e+02 1.662609e+02 1.221813e+02
      vertex   -2.279966e+02 1.662609e+02 1.218346e+02
    endloop
  endfacet
  facet normal -8.737269e-01 -1.536089e-15 4.864168e-01
    outer loop
      vertex   -2.279966e+02 1.572609e+02 1.218346e+02
      vertex   -2.279966e+02 1.662609e+02 1.218346e+02
      vertex   -2.282258e+02 1.572609e+02 1.214229e+02
    endloop
  endfacet
  facet normal -8.737269e-01 0.000000e+00 4.864168e-01
    outer loop
      vertex   -2.282258e+02 1.572609e+02 1.214229e+02
      vertex   -2.279966e+02 1.662609e+02 1.218346e+02
      vertex   -2.282258e+02 1.662609e+02 1.214229e+02
    endloop
  endfacet
  facet normal -5.567359e-01 0.000000e+00 8.306895e-01
    outer loop
      vertex   -2.276774e+02 1.572609e+02 1.221813e+02
      vertex   -2.272859e+02 1.572609e+02 1.224437e+02
      vertex   -2.272859e+02 1.662609e+02 1.224437e+02
    endloop
  endfacet
  facet normal -3.469065e-01 0.000000e+00 9.378997e-01
    outer loop
      vertex   -2.272859e+02 1.662609e+02 1.224437e+02
      vertex   -2.272859e+02 1.572609e+02 1.224437e+02
      vertex   -2.268439e+02 1.662609e+02 1.226072e+02
    endloop
  endfacet
  facet normal -3.469065e-01 1.096121e-15 9.378997e-01
    outer loop
      vertex   -2.272859e+02 1.662609e+02 1.224437e+02
      vertex   -2.268439e+02 1.662609e+02 1.226072e+02
      vertex   -2.268439e+02 1.752609e+02 1.226072e+02
    endloop
  endfacet
  facet normal -1.178160e-01 3.720591e-16 9.930354e-01
    outer loop
      vertex   -2.268439e+02 1.752609e+02 1.226072e+02
      vertex   -2.268439e+02 1.662609e+02 1.226072e+02
      vertex   -2.263759e+02 1.572609e+02 1.226627e+02
    endloop
  endfacet
  facet normal -1.178160e-01 -5.410353e-14 9.930354e-01
    outer loop
      vertex   -2.268439e+02 1.752609e+02 1.226072e+02
      vertex   -2.263759e+02 1.572609e+02 1.226627e+02
      vertex   -2.263759e+02 2.022609e+02 1.226627e+02
    endloop
  endfacet
  facet normal -3.469065e-01 -1.482217e-15 9.378997e-01
    outer loop
      vertex   -2.272859e+02 1.572609e+02 1.224437e+02
      vertex   -2.268439e+02 1.572609e+02 1.226072e+02
      vertex   -2.268439e+02 1.662609e+02 1.226072e+02
    endloop
  endfacet
  facet normal -1.178160e-01 -1.567987e-15 9.930354e-01
    outer loop
      vertex   -2.268439e+02 1.662609e+02 1.226072e+02
      vertex   -2.268439e+02 1.572609e+02 1.226072e+02
      vertex   -2.263759e+02 1.572609e+02 1.226627e+02
    endloop
  endfacet
  facet normal -7.356541e-01 4.463011e-15 6.773574e-01
    outer loop
      vertex   -2.276774e+02 2.022609e+02 1.221813e+02
      vertex   -2.279966e+02 2.022609e+02 1.218346e+02
      vertex   -2.279966e+02 1.932609e+02 1.218346e+02
    endloop
  endfacet
  facet normal -8.737269e-01 4.295290e-15 4.864168e-01
    outer loop
      vertex   -2.279966e+02 1.932609e+02 1.218346e+02
      vertex   -2.279966e+02 2.022609e+02 1.218346e+02
      vertex   -2.282258e+02 1.932609e+02 1.214229e+02
    endloop
  endfacet
  facet normal -8.737269e-01 2.758298e-15 4.864168e-01
    outer loop
      vertex   -2.279966e+02 1.932609e+02 1.218346e+02
      vertex   -2.282258e+02 1.932609e+02 1.214229e+02
      vertex   -2.282258e+02 1.842609e+02 1.214229e+02
    endloop
  endfacet
  facet normal -9.632883e-01 3.042033e-15 2.684692e-01
    outer loop
      vertex   -2.282258e+02 1.842609e+02 1.214229e+02
      vertex   -2.282258e+02 1.932609e+02 1.214229e+02
      vertex   -2.283524e+02 2.022609e+02 1.209689e+02
    endloop
  endfacet
  facet normal -9.632883e-01 1.825123e-15 2.684692e-01
    outer loop
      vertex   -2.282258e+02 1.842609e+02 1.214229e+02
      vertex   -2.283524e+02 2.022609e+02 1.209689e+02
      vertex   -2.283524e+02 1.572609e+02 1.209689e+02
    endloop
  endfacet
  facet normal -8.737269e-01 0.000000e+00 4.864168e-01
    outer loop
      vertex   -2.279966e+02 2.022609e+02 1.218346e+02
      vertex   -2.282258e+02 2.022609e+02 1.214229e+02
      vertex   -2.282258e+02 1.932609e+02 1.214229e+02
    endloop
  endfacet
  facet normal -9.632883e-01 0.000000e+00 2.684692e-01
    outer loop
      vertex   -2.282258e+02 1.932609e+02 1.214229e+02
      vertex   -2.282258e+02 2.022609e+02 1.214229e+02
      vertex   -2.283524e+02 2.022609e+02 1.209689e+02
    endloop
  endfacet
  facet normal -8.737269e-01 8.277604e-15 4.864168e-01
    outer loop
      vertex   -2.282258e+02 1.752609e+02 1.214229e+02
      vertex   -2.282258e+02 1.662609e+02 1.214229e+02
      vertex   -2.279966e+02 1.752609e+02 1.218346e+02
    endloop
  endfacet
  facet normal -8.737269e-01 2.759201e-15 4.864168e-01
    outer loop
      vertex   -2.279966e+02 1.752609e+02 1.218346e+02
      vertex   -2.282258e+02 1.662609e+02 1.214229e+02
      vertex   -2.279966e+02 1.662609e+02 1.218346e+02
    endloop
  endfacet
  facet normal -7.356541e-01 2.323172e-15 6.773574e-01
    outer loop
      vertex   -2.279966e+02 1.752609e+02 1.218346e+02
      vertex   -2.279966e+02 1.662609e+02 1.218346e+02
      vertex   -2.276774e+02 1.752609e+02 1.221813e+02
    endloop
  endfacet
  facet normal -7.356541e-01 3.576807e-15 6.773574e-01
    outer loop
      vertex   -2.276774e+02 1.752609e+02 1.221813e+02
      vertex   -2.279966e+02 1.662609e+02 1.218346e+02
      vertex   -2.276774e+02 1.662609e+02 1.221813e+02
    endloop
  endfacet
  facet normal -5.567359e-01 2.204663e-15 8.306895e-01
    outer loop
      vertex   -2.276774e+02 1.752609e+02 1.221813e+02
      vertex   -2.276774e+02 1.662609e+02 1.221813e+02
      vertex   -2.272859e+02 1.752609e+02 1.224437e+02
    endloop
  endfacet
  facet normal -8.737269e-01 0.000000e+00 4.864168e-01
    outer loop
      vertex   -2.282258e+02 1.752609e+02 1.214229e+02
      vertex   -2.279966e+02 1.752609e+02 1.218346e+02
      vertex   -2.279966e+02 1.842609e+02 1.218346e+02
    endloop
  endfacet
  facet normal -7.356541e-01 0.000000e+00 6.773574e-01
    outer loop
      vertex   -2.279966e+02 1.842609e+02 1.218346e+02
      vertex   -2.279966e+02 1.752609e+02 1.218346e+02
      vertex   -2.276774e+02 1.842609e+02 1.221813e+02
    endloop
  endfacet
  facet normal -7.356541e-01 2.323121e-15 6.773574e-01
    outer loop
      vertex   -2.279966e+02 1.842609e+02 1.218346e+02
      vertex   -2.276774e+02 1.842609e+02 1.221813e+02
      vertex   -2.276774e+02 1.932609e+02 1.221813e+02
    endloop
  endfacet
  facet normal -5.567359e-01 1.758154e-15 8.306895e-01
    outer loop
      vertex   -2.276774e+02 1.932609e+02 1.221813e+02
      vertex   -2.276774e+02 1.842609e+02 1.221813e+02
      vertex   -2.272859e+02 1.932609e+02 1.224437e+02
    endloop
  endfacet
  facet normal -7.356541e-01 0.000000e+00 6.773574e-01
    outer loop
      vertex   -2.276774e+02 1.842609e+02 1.221813e+02
      vertex   -2.279966e+02 1.752609e+02 1.218346e+02
      vertex   -2.276774e+02 1.752609e+02 1.221813e+02
    endloop
  endfacet
  facet normal -5.567359e-01 0.000000e+00 8.306895e-01
    outer loop
      vertex   -2.276774e+02 1.842609e+02 1.221813e+02
      vertex   -2.276774e+02 1.752609e+02 1.221813e+02
      vertex   -2.272859e+02 1.842609e+02 1.224437e+02
    endloop
  endfacet
  facet normal -5.567359e-01 1.758154e-15 8.306895e-01
    outer loop
      vertex   -2.272859e+02 1.842609e+02 1.224437e+02
      vertex   -2.276774e+02 1.752609e+02 1.221813e+02
      vertex   -2.272859e+02 1.752609e+02 1.224437e+02
    endloop
  endfacet
  facet normal -3.469065e-01 1.095520e-15 9.378997e-01
    outer loop
      vertex   -2.272859e+02 1.842609e+02 1.224437e+02
      vertex   -2.272859e+02 1.752609e+02 1.224437e+02
      vertex   -2.268439e+02 1.842609e+02 1.226072e+02
    endloop
  endfacet
  facet normal -3.469065e-01 1.096121e-15 9.378997e-01
    outer loop
      vertex   -2.268439e+02 1.932609e+02 1.226072e+02
      vertex   -2.272859e+02 1.932609e+02 1.224437e+02
      vertex   -2.272859e+02 1.842609e+02 1.224437e+02
    endloop
  endfacet
  facet normal -5.567359e-01 1.758154e-15 8.306895e-01
    outer loop
      vertex   -2.272859e+02 1.842609e+02 1.224437e+02
      vertex   -2.272859e+02 1.932609e+02 1.224437e+02
      vertex   -2.276774e+02 1.842609e+02 1.221813e+02
    endloop
  endfacet
  facet normal -3.469065e-01 2.191039e-15 9.378997e-01
    outer loop
      vertex   -2.268439e+02 1.932609e+02 1.226072e+02
      vertex   -2.272859e+02 1.842609e+02 1.224437e+02
      vertex   -2.268439e+02 1.842609e+02 1.226072e+02
    endloop
  endfacet
  facet normal -6.131302e-15 -5.463284e-14 1.000000e+00
    outer loop
      vertex   -2.263759e+02 1.572609e+02 1.226627e+02
      vertex   -2.194227e+02 1.572609e+02 1.226627e+02
      vertex   -2.263759e+02 2.022609e+02 1.226627e+02
    endloop
  endfacet
  facet normal -4.087535e-15 -5.431704e-14 1.000000e+00
    outer loop
      vertex   -2.263759e+02 2.022609e+02 1.226627e+02
      vertex   -2.194227e+02 1.572609e+02 1.226627e+02
      vertex   -2.194227e+02 2.022609e+02 1.226627e+02
    endloop
  endfacet
  facet normal 2.342585e-11 -1.000000e+00 -1.173163e-12
    outer loop
      vertex   -2.251058e+02 1.572609e+02 6.141623e+01
      vertex   -2.250350e+02 1.572609e+02 6.140096e+01
      vertex   -2.233082e+02 1.572609e+02 9.731004e+01
    endloop
  endfacet
  facet normal -7.544232e-15 -1.000000e+00 -4.633519e-14
    outer loop
      vertex   -2.233082e+02 1.572609e+02 9.731004e+01
      vertex   -2.250350e+02 1.572609e+02 6.140096e+01
      vertex   -2.249635e+02 1.572609e+02 6.138932e+01
    endloop
  endfacet
  facet normal -2.317528e-11 -1.000000e+00 1.021239e-12
    outer loop
      vertex   -2.233082e+02 1.572609e+02 9.731004e+01
      vertex   -2.249635e+02 1.572609e+02 6.138932e+01
      vertex   -2.248914e+02 1.572609e+02 6.138133e+01
    endloop
  endfacet
  facet normal 0.000000e+00 -1.000000e+00 0.000000e+00
    outer loop
      vertex   -2.251066e+02 1.572609e+02 6.139964e+01
      vertex   -2.238243e+02 1.572609e+02 1.378962e+01
      vertex   -2.248914e+02 1.572609e+02 6.138133e+01
    endloop
  endfacet
  facet normal -1.709266e-13 -1.000000e+00 -3.832860e-15
    outer loop
      vertex   -2.248914e+02 1.572609e+02 6.138133e+01
      vertex   -2.238243e+02 1.572609e+02 1.378962e+01
      vertex   -2.184262e+02 1.572609e+02 1.215793e+02
    endloop
  endfacet
  facet normal -3.503688e-13 -1.000000e+00 1.543931e-14
    outer loop
      vertex   -2.248914e+02 1.572609e+02 6.138133e+01
      vertex   -2.184262e+02 1.572609e+02 1.215793e+02
      vertex   -2.233082e+02 1.572609e+02 9.731004e+01
    endloop
  endfacet
  facet normal 6.859016e-14 -1.000000e+00 -6.883940e-14
    outer loop
      vertex   -2.233082e+02 1.572609e+02 9.731004e+01
      vertex   -2.184262e+02 1.572609e+02 1.215793e+02
      vertex   -2.216119e+02 1.572609e+02 1.175793e+02
    endloop
  endfacet
  facet normal -8.280147e-15 -1.000000e+00 -7.616153e-15
    outer loop
      vertex   -2.216119e+02 1.572609e+02 1.175793e+02
      vertex   -2.184262e+02 1.572609e+02 1.215793e+02
      vertex   -2.194227e+02 1.572609e+02 1.226627e+02
    endloop
  endfacet
  facet normal -1.060800e-12 -1.000000e+00 4.456747e-13
    outer loop
      vertex   -2.216119e+02 1.572609e+02 1.175793e+02
      vertex   -2.194227e+02 1.572609e+02 1.226627e+02
      vertex   -2.216201e+02 1.572609e+02 1.178149e+02
    endloop
  endfacet
  facet normal -4.811373e-14 -1.000000e+00 -1.336759e-14
    outer loop
      vertex   -2.216201e+02 1.572609e+02 1.178149e+02
      vertex   -2.194227e+02 1.572609e+02 1.226627e+02
      vertex   -2.216832e+02 1.572609e+02 1.180421e+02
    endloop
  endfacet
  facet normal 9.665092e-14 -1.000000e+00 -8.419192e-14
    outer loop
      vertex   -2.216832e+02 1.572609e+02 1.180421e+02
      vertex   -2.194227e+02 1.572609e+02 1.226627e+02
      vertex   -2.217978e+02 1.572609e+02 1.182482e+02
    endloop
  endfacet
  facet normal 9.026543e-14 -1.000000e+00 -8.075637e-14
    outer loop
      vertex   -2.217978e+02 1.572609e+02 1.182482e+02
      vertex   -2.194227e+02 1.572609e+02 1.226627e+02
      vertex   -2.219574e+02 1.572609e+02 1.184217e+02
    endloop
  endfacet
  facet normal 9.077774e-14 -1.000000e+00 -8.106256e-14
    outer loop
      vertex   -2.219574e+02 1.572609e+02 1.184217e+02
      vertex   -2.194227e+02 1.572609e+02 1.226627e+02
      vertex   -2.221532e+02 1.572609e+02 1.185531e+02
    endloop
  endfacet
  facet normal -6.163495e-15 -1.000000e+00 -1.665244e-14
    outer loop
      vertex   -2.221532e+02 1.572609e+02 1.185531e+02
      vertex   -2.194227e+02 1.572609e+02 1.226627e+02
      vertex   -2.223743e+02 1.572609e+02 1.186349e+02
    endloop
  endfacet
  facet normal 1.093636e-13 -1.000000e+00 -1.013134e-13
    outer loop
      vertex   -2.223743e+02 1.572609e+02 1.186349e+02
      vertex   -2.194227e+02 1.572609e+02 1.226627e+02
      vertex   -2.226085e+02 1.572609e+02 1.186627e+02
    endloop
  endfacet
  facet normal 5.313795e-14 -1.000000e+00 -5.653250e-14
    outer loop
      vertex   -2.226085e+02 1.572609e+02 1.186627e+02
      vertex   -2.194227e+02 1.572609e+02 1.226627e+02
      vertex   -2.263759e+02 1.572609e+02 1.226627e+02
    endloop
  endfacet
  facet normal 6.892541e-14 -1.000000e+00 -4.166279e-14
    outer loop
      vertex   -2.226085e+02 1.572609e+02 1.186627e+02
      vertex   -2.263759e+02 1.572609e+02 1.226627e+02
      vertex   -2.246702e+02 1.572609e+02 1.186627e+02
    endloop
  endfacet
  facet normal -4.313069e-14 -1.000000e+00 -8.944633e-14
    outer loop
      vertex   -2.246702e+02 1.572609e+02 1.186627e+02
      vertex   -2.263759e+02 1.572609e+02 1.226627e+02
      vertex   -2.251879e+02 1.572609e+02 1.185946e+02
    endloop
  endfacet
  facet normal 8.096087e-14 -1.000000e+00 -5.320662e-14
    outer loop
      vertex   -2.251879e+02 1.572609e+02 1.185946e+02
      vertex   -2.263759e+02 1.572609e+02 1.226627e+02
      vertex   -2.256702e+02 1.572609e+02 1.183948e+02
    endloop
  endfacet
  facet normal 4.534562e-14 -1.000000e+00 -5.909556e-14
    outer loop
      vertex   -2.256702e+02 1.572609e+02 1.183948e+02
      vertex   -2.263759e+02 1.572609e+02 1.226627e+02
      vertex   -2.260845e+02 1.572609e+02 1.180769e+02
    endloop
  endfacet
  facet normal 7.459214e-14 -1.000000e+00 -5.723656e-14
    outer loop
      vertex   -2.260845e+02 1.572609e+02 1.180769e+02
      vertex   -2.263759e+02 1.572609e+02 1.226627e+02
      vertex   -2.264023e+02 1.572609e+02 1.176627e+02
    endloop
  endfacet
  facet normal -4.672581e-12 -1.000000e+00 -3.221794e-14
    outer loop
      vertex   -2.264023e+02 1.572609e+02 1.176627e+02
      vertex   -2.263759e+02 1.572609e+02 1.226627e+02
      vertex   -2.268439e+02 1.572609e+02 1.226072e+02
    endloop
  endfacet
  facet normal -8.818706e-13 -1.000000e+00 3.063608e-13
    outer loop
      vertex   -2.264023e+02 1.572609e+02 1.176627e+02
      vertex   -2.268439e+02 1.572609e+02 1.226072e+02
      vertex   -2.266021e+02 1.572609e+02 1.171803e+02
    endloop
  endfacet
  facet normal -1.257777e-13 -1.000000e+00 3.400537e-13
    outer loop
      vertex   -2.266021e+02 1.572609e+02 1.171803e+02
      vertex   -2.268439e+02 1.572609e+02 1.226072e+02
      vertex   -2.272859e+02 1.572609e+02 1.224437e+02
    endloop
  endfacet
  facet normal -5.228670e-13 -1.000000e+00 2.884629e-13
    outer loop
      vertex   -2.266021e+02 1.572609e+02 1.171803e+02
      vertex   -2.272859e+02 1.572609e+02 1.224437e+02
      vertex   -2.266702e+02 1.572609e+02 1.166627e+02
    endloop
  endfacet
  facet normal -2.152850e-13 -1.000000e+00 3.212206e-13
    outer loop
      vertex   -2.266702e+02 1.572609e+02 1.166627e+02
      vertex   -2.272859e+02 1.572609e+02 1.224437e+02
      vertex   -2.276774e+02 1.572609e+02 1.221813e+02
    endloop
  endfacet
  facet normal -3.267693e-13 -1.000000e+00 3.008746e-13
    outer loop
      vertex   -2.266702e+02 1.572609e+02 1.166627e+02
      vertex   -2.276774e+02 1.572609e+02 1.221813e+02
      vertex   -2.279966e+02 1.572609e+02 1.218346e+02
    endloop
  endfacet
  facet normal 0.000000e+00 -1.000000e+00 0.000000e+00
    outer loop
      vertex   -2.274817e+02 1.572609e+02 1.397278e+01
      vertex   -2.260586e+02 1.572609e+02 1.239964e+01
      vertex   -2.251066e+02 1.572609e+02 6.139964e+01
    endloop
  endfacet
  facet normal 0.000000e+00 -1.000000e+00 0.000000e+00
    outer loop
      vertex   -2.251066e+02 1.572609e+02 6.139964e+01
      vertex   -2.260586e+02 1.572609e+02 1.239964e+01
      vertex   -2.253974e+02 1.572609e+02 1.236652e+01
    endloop
  endfacet
  facet normal 0.000000e+00 -1.000000e+00 -0.000000e+00
    outer loop
      vertex   -2.251066e+02 1.572609e+02 6.139964e+01
      vertex   -2.253974e+02 1.572609e+02 1.236652e+01
      vertex   -2.250071e+02 1.572609e+02 1.239815e+01
    endloop
  endfacet
  facet normal 0.000000e+00 -1.000000e+00 0.000000e+00
    outer loop
      vertex   -2.274501e+02 1.572609e+02 1.358248e+01
      vertex   -2.273185e+02 1.572609e+02 1.321367e+01
      vertex   -2.274817e+02 1.572609e+02 1.397278e+01
    endloop
  endfacet
  facet normal 0.000000e+00 -1.000000e+00 0.000000e+00
    outer loop
      vertex   -2.274817e+02 1.572609e+02 1.397278e+01
      vertex   -2.273185e+02 1.572609e+02 1.321367e+01
      vertex   -2.270960e+02 1.572609e+02 1.289148e+01
    endloop
  endfacet
  facet normal 0.000000e+00 -1.000000e+00 0.000000e+00
    outer loop
      vertex   -2.274817e+02 1.572609e+02 1.397278e+01
      vertex   -2.270960e+02 1.572609e+02 1.289148e+01
      vertex   -2.267976e+02 1.572609e+02 1.263786e+01
    endloop
  endfacet
  facet normal 0.000000e+00 -1.000000e+00 0.000000e+00
    outer loop
      vertex   -2.267976e+02 1.572609e+02 1.263786e+01
      vertex   -2.264438e+02 1.572609e+02 1.247010e+01
      vertex   -2.274817e+02 1.572609e+02 1.397278e+01
    endloop
  endfacet
  facet normal 0.000000e+00 -1.000000e+00 0.000000e+00
    outer loop
      vertex   -2.274817e+02 1.572609e+02 1.397278e+01
      vertex   -2.264438e+02 1.572609e+02 1.247010e+01
      vertex   -2.260586e+02 1.572609e+02 1.239964e+01
    endloop
  endfacet
  facet normal 0.000000e+00 -1.000000e+00 0.000000e+00
    outer loop
      vertex   -2.251066e+02 1.572609e+02 6.139964e+01
      vertex   -2.250071e+02 1.572609e+02 1.239815e+01
      vertex   -2.238243e+02 1.572609e+02 1.378962e+01
    endloop
  endfacet
  facet normal 0.000000e+00 -1.000000e+00 0.000000e+00
    outer loop
      vertex   -2.238243e+02 1.572609e+02 1.378962e+01
      vertex   -2.250071e+02 1.572609e+02 1.239815e+01
      vertex   -2.246383e+02 1.572609e+02 1.252972e+01
    endloop
  endfacet
  facet normal 0.000000e+00 -1.000000e+00 0.000000e+00
    outer loop
      vertex   -2.238243e+02 1.572609e+02 1.378962e+01
      vertex   -2.246383e+02 1.572609e+02 1.252972e+01
      vertex   -2.243161e+02 1.572609e+02 1.275226e+01
    endloop
  endfacet
  facet normal 0.000000e+00 -1.000000e+00 0.000000e+00
    outer loop
      vertex   -2.243161e+02 1.572609e+02 1.275226e+01
      vertex   -2.240625e+02 1.572609e+02 1.305061e+01
      vertex   -2.238243e+02 1.572609e+02 1.378962e+01
    endloop
  endfacet
  facet normal 0.000000e+00 -1.000000e+00 0.000000e+00
    outer loop
      vertex   -2.238243e+02 1.572609e+02 1.378962e+01
      vertex   -2.240625e+02 1.572609e+02 1.305061e+01
      vertex   -2.238947e+02 1.572609e+02 1.340443e+01
    endloop
  endfacet
  facet normal 1.488195e-12 -1.000000e+00 4.134700e-13
    outer loop
      vertex   -2.184343e+02 1.572609e+02 1.218149e+02
      vertex   -2.184974e+02 1.572609e+02 1.220421e+02
      vertex   -2.184262e+02 1.572609e+02 1.215793e+02
    endloop
  endfacet
  facet normal 4.585039e-13 -1.000000e+00 2.548604e-13
    outer loop
      vertex   -2.184262e+02 1.572609e+02 1.215793e+02
      vertex   -2.184974e+02 1.572609e+02 1.220421e+02
      vertex   -2.186120e+02 1.572609e+02 1.222482e+02
    endloop
  endfacet
  facet normal 7.088110e-13 -1.000000e+00 3.244040e-13
    outer loop
      vertex   -2.184262e+02 1.572609e+02 1.215793e+02
      vertex   -2.186120e+02 1.572609e+02 1.222482e+02
      vertex   -2.187716e+02 1.572609e+02 1.224217e+02
    endloop
  endfacet
  facet normal 3.121544e-14 -1.000000e+00 4.653881e-14
    outer loop
      vertex   -2.187716e+02 1.572609e+02 1.224217e+02
      vertex   -2.189674e+02 1.572609e+02 1.225531e+02
      vertex   -2.184262e+02 1.572609e+02 1.215793e+02
    endloop
  endfacet
  facet normal 1.360137e-14 -1.000000e+00 3.674799e-14
    outer loop
      vertex   -2.184262e+02 1.572609e+02 1.215793e+02
      vertex   -2.189674e+02 1.572609e+02 1.225531e+02
      vertex   -2.191885e+02 1.572609e+02 1.226349e+02
    endloop
  endfacet
  facet normal 1.362716e-13 -1.000000e+00 1.253438e-13
    outer loop
      vertex   -2.184262e+02 1.572609e+02 1.215793e+02
      vertex   -2.191885e+02 1.572609e+02 1.226349e+02
      vertex   -2.194227e+02 1.572609e+02 1.226627e+02
    endloop
  endfacet
  facet normal 5.179533e-12 -1.000000e+00 -2.883524e-12
    outer loop
      vertex   -2.282258e+02 1.572609e+02 1.214229e+02
      vertex   -2.283524e+02 1.572609e+02 1.209689e+02
      vertex   -2.279966e+02 1.572609e+02 1.218346e+02
    endloop
  endfacet
  facet normal -1.707814e-12 -1.000000e+00 -5.330103e-14
    outer loop
      vertex   -2.279966e+02 1.572609e+02 1.218346e+02
      vertex   -2.283524e+02 1.572609e+02 1.209689e+02
      vertex   -2.266702e+02 1.572609e+02 1.166627e+02
    endloop
  endfacet
  facet normal -2.976530e-13 -1.000000e+00 4.975440e-13
    outer loop
      vertex   -2.283524e+02 1.572609e+02 1.209689e+02
      vertex   -2.287147e+02 1.572609e+02 1.194383e+02
      vertex   -2.266702e+02 1.572609e+02 1.166627e+02
    endloop
  endfacet
  facet normal -5.951081e-13 -1.000000e+00 2.784458e-13
    outer loop
      vertex   -2.266702e+02 1.572609e+02 1.166627e+02
      vertex   -2.287147e+02 1.572609e+02 1.194383e+02
      vertex   -2.290000e+02 1.572609e+02 1.125000e+02
    endloop
  endfacet
  facet normal 3.307715e-15 -1.000000e+00 -5.647295e-14
    outer loop
      vertex   -2.266702e+02 1.572609e+02 1.166627e+02
      vertex   -2.290000e+02 1.572609e+02 1.125000e+02
      vertex   -2.266702e+02 1.572609e+02 9.149870e+01
    endloop
  endfacet
  facet normal 5.188246e-14 -1.000000e+00 -5.108436e-14
    outer loop
      vertex   -2.266702e+02 1.572609e+02 9.149870e+01
      vertex   -2.290000e+02 1.572609e+02 1.125000e+02
      vertex   -2.290000e+02 1.572609e+02 8.746343e+01
    endloop
  endfacet
  facet normal -7.395969e-13 -1.000000e+00 2.843874e-13
    outer loop
      vertex   -2.287147e+02 1.572609e+02 1.194383e+02
      vertex   -2.293125e+02 1.572609e+02 1.179834e+02
      vertex   -2.290000e+02 1.572609e+02 1.125000e+02
    endloop
  endfacet
  facet normal -5.534685e-13 -1.000000e+00 2.949959e-13
    outer loop
      vertex   -2.290000e+02 1.572609e+02 1.125000e+02
      vertex   -2.293125e+02 1.572609e+02 1.179834e+02
      vertex   -2.301311e+02 1.572609e+02 1.166403e+02
    endloop
  endfacet
  facet normal -4.392923e-13 -1.000000e+00 3.261882e-13
    outer loop
      vertex   -2.290000e+02 1.572609e+02 1.125000e+02
      vertex   -2.301311e+02 1.572609e+02 1.166403e+02
      vertex   -2.311502e+02 1.572609e+02 1.154422e+02
    endloop
  endfacet
  facet normal -3.556958e-13 -1.000000e+00 3.872815e-13
    outer loop
      vertex   -2.311502e+02 1.572609e+02 1.154422e+02
      vertex   -2.323445e+02 1.572609e+02 1.144186e+02
      vertex   -2.290000e+02 1.572609e+02 1.125000e+02
    endloop
  endfacet
  facet normal -3.091263e-13 -1.000000e+00 4.684599e-13
    outer loop
      vertex   -2.290000e+02 1.572609e+02 1.125000e+02
      vertex   -2.323445e+02 1.572609e+02 1.144186e+02
      vertex   -2.336846e+02 1.572609e+02 1.135950e+02
    endloop
  endfacet
  facet normal -2.819578e-13 -1.000000e+00 5.846868e-13
    outer loop
      vertex   -2.290000e+02 1.572609e+02 1.125000e+02
      vertex   -2.336846e+02 1.572609e+02 1.135950e+02
      vertex   -2.351372e+02 1.572609e+02 1.129918e+02
    endloop
  endfacet
  facet normal -2.513222e-13 -1.000000e+00 9.670277e-13
    outer loop
      vertex   -2.351372e+02 1.572609e+02 1.129918e+02
      vertex   -2.366664e+02 1.572609e+02 1.126237e+02
      vertex   -2.290000e+02 1.572609e+02 1.125000e+02
    endloop
  endfacet
  facet normal 5.847802e-14 -1.000000e+00 2.016678e-11
    outer loop
      vertex   -2.290000e+02 1.572609e+02 1.125000e+02
      vertex   -2.366664e+02 1.572609e+02 1.126237e+02
      vertex   -2.382345e+02 1.572609e+02 1.125000e+02
    endloop
  endfacet
  facet normal 1.305262e-01 5.893203e-14 -9.914449e-01
    outer loop
      vertex   -2.251879e+02 1.572609e+02 1.185946e+02
      vertex   -2.251879e+02 1.685109e+02 1.185946e+02
      vertex   -2.246702e+02 1.572609e+02 1.186627e+02
    endloop
  endfacet
  facet normal 1.305262e-01 5.985448e-14 -9.914449e-01
    outer loop
      vertex   -2.246702e+02 1.572609e+02 1.186627e+02
      vertex   -2.251879e+02 1.685109e+02 1.185946e+02
      vertex   -2.251879e+02 1.797609e+02 1.185946e+02
    endloop
  endfacet
  facet normal 1.305262e-01 6.265584e-14 -9.914449e-01
    outer loop
      vertex   -2.246702e+02 1.572609e+02 1.186627e+02
      vertex   -2.251879e+02 1.797609e+02 1.185946e+02
      vertex   -2.246702e+02 2.022609e+02 1.186627e+02
    endloop
  endfacet
  facet normal 1.305262e-01 6.453501e-14 -9.914449e-01
    outer loop
      vertex   -2.246702e+02 2.022609e+02 1.186627e+02
      vertex   -2.251879e+02 1.797609e+02 1.185946e+02
      vertex   -2.251879e+02 1.910109e+02 1.185946e+02
    endloop
  endfacet
  facet normal 1.305262e-01 6.387463e-14 -9.914449e-01
    outer loop
      vertex   -2.246702e+02 2.022609e+02 1.186627e+02
      vertex   -2.251879e+02 1.910109e+02 1.185946e+02
      vertex   -2.251879e+02 2.022609e+02 1.185946e+02
    endloop
  endfacet
  facet normal 3.826834e-01 7.205273e-14 -9.238795e-01
    outer loop
      vertex   -2.251879e+02 2.022609e+02 1.185946e+02
      vertex   -2.251879e+02 1.910109e+02 1.185946e+02
      vertex   -2.256702e+02 2.022609e+02 1.183948e+02
    endloop
  endfacet
  facet normal 3.826834e-01 7.068547e-14 -9.238795e-01
    outer loop
      vertex   -2.256702e+02 2.022609e+02 1.183948e+02
      vertex   -2.251879e+02 1.910109e+02 1.185946e+02
      vertex   -2.256702e+02 1.910109e+02 1.183948e+02
    endloop
  endfacet
  facet normal 6.087614e-01 7.485395e-14 -7.933533e-01
    outer loop
      vertex   -2.256702e+02 2.022609e+02 1.183948e+02
      vertex   -2.256702e+02 1.910109e+02 1.183948e+02
      vertex   -2.260845e+02 2.022609e+02 1.180769e+02
    endloop
  endfacet
  facet normal 6.087614e-01 7.792986e-14 -7.933533e-01
    outer loop
      vertex   -2.260845e+02 2.022609e+02 1.180769e+02
      vertex   -2.256702e+02 1.910109e+02 1.183948e+02
      vertex   -2.260845e+02 1.910109e+02 1.180769e+02
    endloop
  endfacet
  facet normal 7.933533e-01 7.792986e-14 -6.087614e-01
    outer loop
      vertex   -2.260845e+02 2.022609e+02 1.180769e+02
      vertex   -2.260845e+02 1.910109e+02 1.180769e+02
      vertex   -2.264023e+02 2.022609e+02 1.176627e+02
    endloop
  endfacet
  facet normal 7.933533e-01 7.685825e-14 -6.087614e-01
    outer loop
      vertex   -2.264023e+02 2.022609e+02 1.176627e+02
      vertex   -2.260845e+02 1.910109e+02 1.180769e+02
      vertex   -2.264023e+02 1.910109e+02 1.176627e+02
    endloop
  endfacet
  facet normal 9.238795e-01 7.301953e-14 -3.826834e-01
    outer loop
      vertex   -2.264023e+02 2.022609e+02 1.176627e+02
      vertex   -2.264023e+02 1.910109e+02 1.176627e+02
      vertex   -2.266021e+02 2.022609e+02 1.171803e+02
    endloop
  endfacet
  facet normal 9.238795e-01 7.156933e-14 -3.826834e-01
    outer loop
      vertex   -2.266021e+02 2.022609e+02 1.171803e+02
      vertex   -2.264023e+02 1.910109e+02 1.176627e+02
      vertex   -2.266021e+02 1.910109e+02 1.171803e+02
    endloop
  endfacet
  facet normal 9.914449e-01 6.371002e-14 -1.305262e-01
    outer loop
      vertex   -2.266021e+02 2.022609e+02 1.171803e+02
      vertex   -2.266021e+02 1.910109e+02 1.171803e+02
      vertex   -2.266702e+02 2.022609e+02 1.166627e+02
    endloop
  endfacet
  facet normal 9.914449e-01 6.034947e-14 -1.305262e-01
    outer loop
      vertex   -2.266702e+02 2.022609e+02 1.166627e+02
      vertex   -2.266021e+02 1.910109e+02 1.171803e+02
      vertex   -2.266021e+02 1.797609e+02 1.171803e+02
    endloop
  endfacet
  facet normal 9.914449e-01 5.918724e-14 -1.305262e-01
    outer loop
      vertex   -2.266702e+02 2.022609e+02 1.166627e+02
      vertex   -2.266021e+02 1.797609e+02 1.171803e+02
      vertex   -2.266702e+02 1.572609e+02 1.166627e+02
    endloop
  endfacet
  facet normal 9.914449e-01 5.969027e-14 -1.305262e-01
    outer loop
      vertex   -2.266702e+02 1.572609e+02 1.166627e+02
      vertex   -2.266021e+02 1.797609e+02 1.171803e+02
      vertex   -2.266021e+02 1.685109e+02 1.171803e+02
    endloop
  endfacet
  facet normal 9.914449e-01 5.800921e-14 -1.305262e-01
    outer loop
      vertex   -2.266702e+02 1.572609e+02 1.166627e+02
      vertex   -2.266021e+02 1.685109e+02 1.171803e+02
      vertex   -2.266021e+02 1.572609e+02 1.171803e+02
    endloop
  endfacet
  facet normal 9.238795e-01 6.988454e-14 -3.826834e-01
    outer loop
      vertex   -2.266021e+02 1.572609e+02 1.171803e+02
      vertex   -2.266021e+02 1.685109e+02 1.171803e+02
      vertex   -2.264023e+02 1.572609e+02 1.176627e+02
    endloop
  endfacet
  facet normal 9.238795e-01 6.843434e-14 -3.826834e-01
    outer loop
      vertex   -2.264023e+02 1.572609e+02 1.176627e+02
      vertex   -2.266021e+02 1.685109e+02 1.171803e+02
      vertex   -2.264023e+02 1.685109e+02 1.176627e+02
    endloop
  endfacet
  facet normal 7.933533e-01 7.469023e-14 -6.087614e-01
    outer loop
      vertex   -2.264023e+02 1.572609e+02 1.176627e+02
      vertex   -2.264023e+02 1.685109e+02 1.176627e+02
      vertex   -2.260845e+02 1.572609e+02 1.180769e+02
    endloop
  endfacet
  facet normal 7.933533e-01 7.716088e-14 -6.087614e-01
    outer loop
      vertex   -2.260845e+02 1.572609e+02 1.180769e+02
      vertex   -2.264023e+02 1.685109e+02 1.176627e+02
      vertex   -2.260845e+02 1.685109e+02 1.180769e+02
    endloop
  endfacet
  facet normal 6.087614e-01 7.692771e-14 -7.933533e-01
    outer loop
      vertex   -2.260845e+02 1.572609e+02 1.180769e+02
      vertex   -2.260845e+02 1.685109e+02 1.180769e+02
      vertex   -2.256702e+02 1.572609e+02 1.183948e+02
    endloop
  endfacet
  facet normal 6.087614e-01 7.692771e-14 -7.933533e-01
    outer loop
      vertex   -2.256702e+02 1.572609e+02 1.183948e+02
      vertex   -2.260845e+02 1.685109e+02 1.180769e+02
      vertex   -2.256702e+02 1.685109e+02 1.183948e+02
    endloop
  endfacet
  facet normal 3.826834e-01 7.145204e-14 -9.238795e-01
    outer loop
      vertex   -2.256702e+02 1.572609e+02 1.183948e+02
      vertex   -2.256702e+02 1.685109e+02 1.183948e+02
      vertex   -2.251879e+02 1.572609e+02 1.185946e+02
    endloop
  endfacet
  facet normal 3.826834e-01 7.008478e-14 -9.238795e-01
    outer loop
      vertex   -2.251879e+02 1.572609e+02 1.185946e+02
      vertex   -2.256702e+02 1.685109e+02 1.183948e+02
      vertex   -2.251879e+02 1.685109e+02 1.185946e+02
    endloop
  endfacet
  facet normal 3.826834e-01 7.398584e-14 -9.238795e-01
    outer loop
      vertex   -2.256702e+02 1.910109e+02 1.183948e+02
      vertex   -2.251879e+02 1.910109e+02 1.185946e+02
      vertex   -2.251879e+02 1.797609e+02 1.185946e+02
    endloop
  endfacet
  facet normal 3.826834e-01 7.028501e-14 -9.238795e-01
    outer loop
      vertex   -2.251879e+02 1.797609e+02 1.185946e+02
      vertex   -2.251879e+02 1.685109e+02 1.185946e+02
      vertex   -2.256702e+02 1.797609e+02 1.183948e+02
    endloop
  endfacet
  facet normal 3.826834e-01 7.048524e-14 -9.238795e-01
    outer loop
      vertex   -2.256702e+02 1.797609e+02 1.183948e+02
      vertex   -2.251879e+02 1.685109e+02 1.185946e+02
      vertex   -2.256702e+02 1.685109e+02 1.183948e+02
    endloop
  endfacet
  facet normal 6.087614e-01 7.538975e-14 -7.933533e-01
    outer loop
      vertex   -2.256702e+02 1.797609e+02 1.183948e+02
      vertex   -2.256702e+02 1.685109e+02 1.183948e+02
      vertex   -2.260845e+02 1.797609e+02 1.180769e+02
    endloop
  endfacet
  facet normal 6.087614e-01 7.639190e-14 -7.933533e-01
    outer loop
      vertex   -2.260845e+02 1.797609e+02 1.180769e+02
      vertex   -2.256702e+02 1.685109e+02 1.183948e+02
      vertex   -2.260845e+02 1.685109e+02 1.180769e+02
    endloop
  endfacet
  facet normal 7.933533e-01 7.592556e-14 -6.087614e-01
    outer loop
      vertex   -2.260845e+02 1.797609e+02 1.180769e+02
      vertex   -2.260845e+02 1.685109e+02 1.180769e+02
      vertex   -2.264023e+02 1.797609e+02 1.176627e+02
    endloop
  endfacet
  facet normal 7.933533e-01 7.669454e-14 -6.087614e-01
    outer loop
      vertex   -2.264023e+02 1.797609e+02 1.176627e+02
      vertex   -2.260845e+02 1.685109e+02 1.180769e+02
      vertex   -2.264023e+02 1.685109e+02 1.176627e+02
    endloop
  endfacet
  facet normal 9.238795e-01 7.076841e-14 -3.826834e-01
    outer loop
      vertex   -2.264023e+02 1.797609e+02 1.176627e+02
      vertex   -2.264023e+02 1.685109e+02 1.176627e+02
      vertex   -2.266021e+02 1.797609e+02 1.171803e+02
    endloop
  endfacet
  facet normal 9.238795e-01 6.980161e-14 -3.826834e-01
    outer loop
      vertex   -2.266021e+02 1.797609e+02 1.171803e+02
      vertex   -2.264023e+02 1.685109e+02 1.176627e+02
      vertex   -2.266021e+02 1.685109e+02 1.171803e+02
    endloop
  endfacet
  facet normal 6.087614e-01 7.739286e-14 -7.933533e-01
    outer loop
      vertex   -2.260845e+02 1.910109e+02 1.180769e+02
      vertex   -2.256702e+02 1.910109e+02 1.183948e+02
      vertex   -2.256702e+02 1.797609e+02 1.183948e+02
    endloop
  endfacet
  facet normal 3.826834e-01 7.281930e-14 -9.238795e-01
    outer loop
      vertex   -2.256702e+02 1.797609e+02 1.183948e+02
      vertex   -2.256702e+02 1.910109e+02 1.183948e+02
      vertex   -2.251879e+02 1.797609e+02 1.185946e+02
    endloop
  endfacet
  facet normal 6.087614e-01 7.739406e-14 -7.933533e-01
    outer loop
      vertex   -2.260845e+02 1.910109e+02 1.180769e+02
      vertex   -2.256702e+02 1.797609e+02 1.183948e+02
      vertex   -2.260845e+02 1.797609e+02 1.180769e+02
    endloop
  endfacet
  facet normal 7.933533e-01 7.669823e-14 -6.087614e-01
    outer loop
      vertex   -2.264023e+02 1.910109e+02 1.176627e+02
      vertex   -2.260845e+02 1.910109e+02 1.180769e+02
      vertex   -2.260845e+02 1.797609e+02 1.180769e+02
    endloop
  endfacet
  facet normal 7.933533e-01 7.669454e-14 -6.087614e-01
    outer loop
      vertex   -2.264023e+02 1.910109e+02 1.176627e+02
      vertex   -2.260845e+02 1.797609e+02 1.180769e+02
      vertex   -2.264023e+02 1.797609e+02 1.176627e+02
    endloop
  endfacet
  facet normal 9.238795e-01 7.077019e-14 -3.826834e-01
    outer loop
      vertex   -2.266021e+02 1.910109e+02 1.171803e+02
      vertex   -2.264023e+02 1.910109e+02 1.176627e+02
      vertex   -2.264023e+02 1.797609e+02 1.176627e+02
    endloop
  endfacet
  facet normal 9.238795e-01 7.173521e-14 -3.826834e-01
    outer loop
      vertex   -2.266021e+02 1.910109e+02 1.171803e+02
      vertex   -2.264023e+02 1.797609e+02 1.176627e+02
      vertex   -2.266021e+02 1.797609e+02 1.171803e+02
    endloop
  endfacet
  facet normal 1.000000e+00 5.242226e-14 2.960440e-27
    outer loop
      vertex   -2.266702e+02 1.572609e+02 1.166627e+02
      vertex   -2.266702e+02 1.572609e+02 9.149870e+01
      vertex   -2.266702e+02 2.022609e+02 1.166627e+02
    endloop
  endfacet
  facet normal 1.000000e+00 5.368545e-14 -2.258918e-15
    outer loop
      vertex   -2.266702e+02 2.022609e+02 1.166627e+02
      vertex   -2.266702e+02 1.572609e+02 9.149870e+01
      vertex   -2.266702e+02 2.022609e+02 9.149870e+01
    endloop
  endfacet
  facet normal -1.178887e-01 5.094421e-14 -9.930268e-01
    outer loop
      vertex   -2.223743e+02 2.022609e+02 1.186349e+02
      vertex   -2.223743e+02 1.972609e+02 1.186349e+02
      vertex   -2.226085e+02 2.022609e+02 1.186627e+02
    endloop
  endfacet
  facet normal -1.178887e-01 4.974603e-14 -9.930268e-01
    outer loop
      vertex   -2.226085e+02 2.022609e+02 1.186627e+02
      vertex   -2.223743e+02 1.972609e+02 1.186349e+02
      vertex   -2.223743e+02 1.922609e+02 1.186349e+02
    endloop
  endfacet
  facet normal -1.178887e-01 4.477164e-14 -9.930268e-01
    outer loop
      vertex   -2.226085e+02 2.022609e+02 1.186627e+02
      vertex   -2.223743e+02 1.922609e+02 1.186349e+02
      vertex   -2.223743e+02 1.872609e+02 1.186349e+02
    endloop
  endfacet
  facet normal -3.471125e-01 3.022023e-14 -9.378235e-01
    outer loop
      vertex   -2.223743e+02 1.872609e+02 1.186349e+02
      vertex   -2.223743e+02 1.922609e+02 1.186349e+02
      vertex   -2.221532e+02 1.872609e+02 1.185531e+02
    endloop
  endfacet
  facet normal -3.471125e-01 3.357653e-14 -9.378235e-01
    outer loop
      vertex   -2.223743e+02 1.872609e+02 1.186349e+02
      vertex   -2.221532e+02 1.872609e+02 1.185531e+02
      vertex   -2.221532e+02 1.822609e+02 1.185531e+02
    endloop
  endfacet
  facet normal -5.570400e-01 1.554359e-14 -8.304857e-01
    outer loop
      vertex   -2.221532e+02 1.822609e+02 1.185531e+02
      vertex   -2.221532e+02 1.872609e+02 1.185531e+02
      vertex   -2.219574e+02 1.822609e+02 1.184217e+02
    endloop
  endfacet
  facet normal -5.570400e-01 1.318458e-14 -8.304857e-01
    outer loop
      vertex   -2.221532e+02 1.822609e+02 1.185531e+02
      vertex   -2.219574e+02 1.822609e+02 1.184217e+02
      vertex   -2.219574e+02 1.772609e+02 1.184217e+02
    endloop
  endfacet
  facet normal -7.360011e-01 -5.279032e-15 -6.769804e-01
    outer loop
      vertex   -2.219574e+02 1.772609e+02 1.184217e+02
      vertex   -2.219574e+02 1.822609e+02 1.184217e+02
      vertex   -2.217978e+02 1.772609e+02 1.182482e+02
    endloop
  endfacet
  facet normal -7.360011e-01 8.269790e-16 -6.769804e-01
    outer loop
      vertex   -2.219574e+02 1.772609e+02 1.184217e+02
      vertex   -2.217978e+02 1.772609e+02 1.182482e+02
      vertex   -2.217978e+02 1.722609e+02 1.182482e+02
    endloop
  endfacet
  facet normal -8.740472e-01 -1.709858e-14 -4.858411e-01
    outer loop
      vertex   -2.217978e+02 1.722609e+02 1.182482e+02
      vertex   -2.217978e+02 1.772609e+02 1.182482e+02
      vertex   -2.216832e+02 1.722609e+02 1.180421e+02
    endloop
  endfacet
  facet normal -8.740472e-01 -2.482997e-14 -4.858411e-01
    outer loop
      vertex   -2.217978e+02 1.722609e+02 1.182482e+02
      vertex   -2.216832e+02 1.722609e+02 1.180421e+02
      vertex   -2.216832e+02 1.672609e+02 1.180421e+02
    endloop
  endfacet
  facet normal -9.635041e-01 -4.107392e-14 -2.676934e-01
    outer loop
      vertex   -2.216832e+02 1.672609e+02 1.180421e+02
      vertex   -2.216832e+02 1.722609e+02 1.180421e+02
      vertex   -2.216201e+02 1.672609e+02 1.178149e+02
    endloop
  endfacet
  facet normal -9.635041e-01 -2.935923e-14 -2.676934e-01
    outer loop
      vertex   -2.216832e+02 1.672609e+02 1.180421e+02
      vertex   -2.216201e+02 1.672609e+02 1.178149e+02
      vertex   -2.216201e+02 1.622609e+02 1.178149e+02
    endloop
  endfacet
  facet normal -9.993990e-01 -4.357548e-14 -3.466440e-02
    outer loop
      vertex   -2.216201e+02 1.622609e+02 1.178149e+02
      vertex   -2.216201e+02 1.672609e+02 1.178149e+02
      vertex   -2.216119e+02 1.572609e+02 1.175793e+02
    endloop
  endfacet
  facet normal -9.993990e-01 -5.533142e-14 -3.466440e-02
    outer loop
      vertex   -2.216201e+02 1.622609e+02 1.178149e+02
      vertex   -2.216119e+02 1.572609e+02 1.175793e+02
      vertex   -2.216201e+02 1.572609e+02 1.178149e+02
    endloop
  endfacet
  facet normal -3.471125e-01 4.275122e-14 -9.378235e-01
    outer loop
      vertex   -2.223743e+02 1.972609e+02 1.186349e+02
      vertex   -2.223743e+02 2.022609e+02 1.186349e+02
      vertex   -2.221532e+02 1.972609e+02 1.185531e+02
    endloop
  endfacet
  facet normal -3.471125e-01 4.147046e-14 -9.378235e-01
    outer loop
      vertex   -2.221532e+02 1.972609e+02 1.185531e+02
      vertex   -2.223743e+02 2.022609e+02 1.186349e+02
      vertex   -2.221532e+02 2.022609e+02 1.185531e+02
    endloop
  endfacet
  facet normal -5.570400e-01 2.820921e-14 -8.304857e-01
    outer loop
      vertex   -2.221532e+02 1.972609e+02 1.185531e+02
      vertex   -2.221532e+02 2.022609e+02 1.185531e+02
      vertex   -2.219574e+02 1.972609e+02 1.184217e+02
    endloop
  endfacet
  facet normal -5.570400e-01 3.056959e-14 -8.304857e-01
    outer loop
      vertex   -2.219574e+02 1.972609e+02 1.184217e+02
      vertex   -2.221532e+02 2.022609e+02 1.185531e+02
      vertex   -2.219574e+02 2.022609e+02 1.184217e+02
    endloop
  endfacet
  facet normal -7.360011e-01 1.530388e-14 -6.769804e-01
    outer loop
      vertex   -2.219574e+02 1.972609e+02 1.184217e+02
      vertex   -2.219574e+02 2.022609e+02 1.184217e+02
      vertex   -2.217978e+02 1.972609e+02 1.182482e+02
    endloop
  endfacet
  facet normal -7.360011e-01 1.496839e-14 -6.769804e-01
    outer loop
      vertex   -2.217978e+02 1.972609e+02 1.182482e+02
      vertex   -2.219574e+02 2.022609e+02 1.184217e+02
      vertex   -2.217978e+02 2.022609e+02 1.182482e+02
    endloop
  endfacet
  facet normal -8.740472e-01 -3.019282e-15 -4.858411e-01
    outer loop
      vertex   -2.217978e+02 1.972609e+02 1.182482e+02
      vertex   -2.217978e+02 2.022609e+02 1.182482e+02
      vertex   -2.216832e+02 1.972609e+02 1.180421e+02
    endloop
  endfacet
  facet normal -8.740472e-01 -1.019436e-14 -4.858411e-01
    outer loop
      vertex   -2.216832e+02 1.972609e+02 1.180421e+02
      vertex   -2.217978e+02 2.022609e+02 1.182482e+02
      vertex   -2.216832e+02 2.022609e+02 1.180421e+02
    endloop
  endfacet
  facet normal -9.635041e-01 -3.027122e-14 -2.676934e-01
    outer loop
      vertex   -2.216832e+02 1.972609e+02 1.180421e+02
      vertex   -2.216832e+02 2.022609e+02 1.180421e+02
      vertex   -2.216201e+02 1.972609e+02 1.178149e+02
    endloop
  endfacet
  facet normal -9.635041e-01 -2.175101e-14 -2.676934e-01
    outer loop
      vertex   -2.216201e+02 1.972609e+02 1.178149e+02
      vertex   -2.216832e+02 2.022609e+02 1.180421e+02
      vertex   -2.216201e+02 2.022609e+02 1.178149e+02
    endloop
  endfacet
  facet normal -9.993990e-01 -4.259026e-14 -3.466440e-02
    outer loop
      vertex   -2.216201e+02 1.972609e+02 1.178149e+02
      vertex   -2.216201e+02 2.022609e+02 1.178149e+02
      vertex   -2.216119e+02 2.022609e+02 1.175793e+02
    endloop
  endfacet
  facet normal -9.993990e-01 -5.173748e-14 -3.466440e-02
    outer loop
      vertex   -2.216119e+02 1.572609e+02 1.175793e+02
      vertex   -2.216201e+02 1.822609e+02 1.178149e+02
      vertex   -2.216119e+02 2.022609e+02 1.175793e+02
    endloop
  endfacet
  facet normal -9.993990e-01 -5.493745e-14 -3.466440e-02
    outer loop
      vertex   -2.216119e+02 2.022609e+02 1.175793e+02
      vertex   -2.216201e+02 1.822609e+02 1.178149e+02
      vertex   -2.216201e+02 1.872609e+02 1.178149e+02
    endloop
  endfacet
  facet normal -9.993990e-01 -4.925639e-14 -3.466440e-02
    outer loop
      vertex   -2.216119e+02 2.022609e+02 1.175793e+02
      vertex   -2.216201e+02 1.872609e+02 1.178149e+02
      vertex   -2.216201e+02 1.922609e+02 1.178149e+02
    endloop
  endfacet
  facet normal -9.635041e-01 -3.483620e-14 -2.676934e-01
    outer loop
      vertex   -2.216201e+02 1.922609e+02 1.178149e+02
      vertex   -2.216201e+02 1.872609e+02 1.178149e+02
      vertex   -2.216832e+02 1.922609e+02 1.180421e+02
    endloop
  endfacet
  facet normal -9.635041e-01 -3.955226e-14 -2.676934e-01
    outer loop
      vertex   -2.216201e+02 1.922609e+02 1.178149e+02
      vertex   -2.216832e+02 1.922609e+02 1.180421e+02
      vertex   -2.216832e+02 1.972609e+02 1.180421e+02
    endloop
  endfacet
  facet normal -8.740472e-01 -2.206696e-14 -4.858411e-01
    outer loop
      vertex   -2.216832e+02 1.972609e+02 1.180421e+02
      vertex   -2.216832e+02 1.922609e+02 1.180421e+02
      vertex   -2.217978e+02 1.972609e+02 1.182482e+02
    endloop
  endfacet
  facet normal -9.635041e-01 -4.335641e-14 -2.676934e-01
    outer loop
      vertex   -2.216201e+02 1.622609e+02 1.178149e+02
      vertex   -2.216201e+02 1.572609e+02 1.178149e+02
      vertex   -2.216832e+02 1.622609e+02 1.180421e+02
    endloop
  endfacet
  facet normal -9.635041e-01 -4.183475e-14 -2.676934e-01
    outer loop
      vertex   -2.216832e+02 1.622609e+02 1.180421e+02
      vertex   -2.216201e+02 1.572609e+02 1.178149e+02
      vertex   -2.216832e+02 1.572609e+02 1.180421e+02
    endloop
  endfacet
  facet normal -8.740472e-01 -2.620949e-14 -4.858411e-01
    outer loop
      vertex   -2.216832e+02 1.622609e+02 1.180421e+02
      vertex   -2.216832e+02 1.572609e+02 1.180421e+02
      vertex   -2.217978e+02 1.622609e+02 1.182482e+02
    endloop
  endfacet
  facet normal -8.740472e-01 -2.620949e-14 -4.858411e-01
    outer loop
      vertex   -2.217978e+02 1.622609e+02 1.182482e+02
      vertex   -2.216832e+02 1.572609e+02 1.180421e+02
      vertex   -2.217978e+02 1.572609e+02 1.182482e+02
    endloop
  endfacet
  facet normal -7.360011e-01 -9.127220e-15 -6.769804e-01
    outer loop
      vertex   -2.217978e+02 1.622609e+02 1.182482e+02
      vertex   -2.217978e+02 1.572609e+02 1.182482e+02
      vertex   -2.219574e+02 1.622609e+02 1.184217e+02
    endloop
  endfacet
  facet normal -7.360011e-01 -1.749458e-14 -6.769804e-01
    outer loop
      vertex   -2.219574e+02 1.622609e+02 1.184217e+02
      vertex   -2.217978e+02 1.572609e+02 1.182482e+02
      vertex   -2.219574e+02 1.572609e+02 1.184217e+02
    endloop
  endfacet
  facet normal -5.570400e-01 2.129632e-15 -8.304857e-01
    outer loop
      vertex   -2.219574e+02 1.622609e+02 1.184217e+02
      vertex   -2.219574e+02 1.572609e+02 1.184217e+02
      vertex   -2.221532e+02 1.622609e+02 1.185531e+02
    endloop
  endfacet
  facet normal -5.570400e-01 6.850396e-15 -8.304857e-01
    outer loop
      vertex   -2.221532e+02 1.622609e+02 1.185531e+02
      vertex   -2.219574e+02 1.572609e+02 1.184217e+02
      vertex   -2.221532e+02 1.572609e+02 1.185531e+02
    endloop
  endfacet
  facet normal -3.471125e-01 2.696637e-14 -9.378235e-01
    outer loop
      vertex   -2.221532e+02 1.622609e+02 1.185531e+02
      vertex   -2.221532e+02 1.572609e+02 1.185531e+02
      vertex   -2.223743e+02 1.622609e+02 1.186349e+02
    endloop
  endfacet
  facet normal -3.471125e-01 3.160493e-14 -9.378235e-01
    outer loop
      vertex   -2.223743e+02 1.622609e+02 1.186349e+02
      vertex   -2.221532e+02 1.572609e+02 1.185531e+02
      vertex   -2.223743e+02 1.572609e+02 1.186349e+02
    endloop
  endfacet
  facet normal -1.178887e-01 4.907572e-14 -9.930268e-01
    outer loop
      vertex   -2.223743e+02 1.622609e+02 1.186349e+02
      vertex   -2.223743e+02 1.572609e+02 1.186349e+02
      vertex   -2.226085e+02 1.572609e+02 1.186627e+02
    endloop
  endfacet
  facet normal -1.178887e-01 4.862462e-14 -9.930268e-01
    outer loop
      vertex   -2.226085e+02 2.022609e+02 1.186627e+02
      vertex   -2.223743e+02 1.772609e+02 1.186349e+02
      vertex   -2.226085e+02 1.572609e+02 1.186627e+02
    endloop
  endfacet
  facet normal -1.178887e-01 5.041555e-14 -9.930268e-01
    outer loop
      vertex   -2.226085e+02 1.572609e+02 1.186627e+02
      vertex   -2.223743e+02 1.772609e+02 1.186349e+02
      vertex   -2.223743e+02 1.722609e+02 1.186349e+02
    endloop
  endfacet
  facet normal -1.178887e-01 4.692297e-14 -9.930268e-01
    outer loop
      vertex   -2.226085e+02 1.572609e+02 1.186627e+02
      vertex   -2.223743e+02 1.722609e+02 1.186349e+02
      vertex   -2.223743e+02 1.672609e+02 1.186349e+02
    endloop
  endfacet
  facet normal -3.471125e-01 3.091258e-14 -9.378235e-01
    outer loop
      vertex   -2.223743e+02 1.672609e+02 1.186349e+02
      vertex   -2.223743e+02 1.722609e+02 1.186349e+02
      vertex   -2.221532e+02 1.672609e+02 1.185531e+02
    endloop
  endfacet
  facet normal -3.471125e-01 3.752601e-14 -9.378235e-01
    outer loop
      vertex   -2.223743e+02 1.672609e+02 1.186349e+02
      vertex   -2.221532e+02 1.672609e+02 1.185531e+02
      vertex   -2.221532e+02 1.622609e+02 1.185531e+02
    endloop
  endfacet
  facet normal -5.570400e-01 2.187640e-14 -8.304857e-01
    outer loop
      vertex   -2.221532e+02 1.622609e+02 1.185531e+02
      vertex   -2.221532e+02 1.672609e+02 1.185531e+02
      vertex   -2.219574e+02 1.622609e+02 1.184217e+02
    endloop
  endfacet
  facet normal -3.471125e-01 3.357803e-14 -9.378235e-01
    outer loop
      vertex   -2.223743e+02 1.922609e+02 1.186349e+02
      vertex   -2.223743e+02 1.972609e+02 1.186349e+02
      vertex   -2.221532e+02 1.922609e+02 1.185531e+02
    endloop
  endfacet
  facet normal -3.471125e-01 3.357803e-14 -9.378235e-01
    outer loop
      vertex   -2.221532e+02 1.922609e+02 1.185531e+02
      vertex   -2.223743e+02 1.972609e+02 1.186349e+02
      vertex   -2.221532e+02 1.972609e+02 1.185531e+02
    endloop
  endfacet
  facet normal -5.570400e-01 1.554359e-14 -8.304857e-01
    outer loop
      vertex   -2.221532e+02 1.922609e+02 1.185531e+02
      vertex   -2.221532e+02 1.972609e+02 1.185531e+02
      vertex   -2.219574e+02 1.922609e+02 1.184217e+02
    endloop
  endfacet
  facet normal -5.570400e-01 1.554359e-14 -8.304857e-01
    outer loop
      vertex   -2.219574e+02 1.922609e+02 1.184217e+02
      vertex   -2.221532e+02 1.972609e+02 1.185531e+02
      vertex   -2.219574e+02 1.972609e+02 1.184217e+02
    endloop
  endfacet
  facet normal -7.360011e-01 -3.354938e-15 -6.769804e-01
    outer loop
      vertex   -2.219574e+02 1.922609e+02 1.184217e+02
      vertex   -2.219574e+02 1.972609e+02 1.184217e+02
      vertex   -2.217978e+02 1.922609e+02 1.182482e+02
    endloop
  endfacet
  facet normal -7.360011e-01 -3.354938e-15 -6.769804e-01
    outer loop
      vertex   -2.217978e+02 1.922609e+02 1.182482e+02
      vertex   -2.219574e+02 1.972609e+02 1.184217e+02
      vertex   -2.217978e+02 1.972609e+02 1.182482e+02
    endloop
  endfacet
  facet normal -8.740472e-01 -2.206696e-14 -4.858411e-01
    outer loop
      vertex   -2.217978e+02 1.922609e+02 1.182482e+02
      vertex   -2.217978e+02 1.972609e+02 1.182482e+02
      vertex   -2.216832e+02 1.922609e+02 1.180421e+02
    endloop
  endfacet
  facet normal -1.178887e-01 4.692349e-14 -9.930268e-01
    outer loop
      vertex   -2.223743e+02 1.772609e+02 1.186349e+02
      vertex   -2.226085e+02 2.022609e+02 1.186627e+02
      vertex   -2.223743e+02 1.822609e+02 1.186349e+02
    endloop
  endfacet
  facet normal -1.178887e-01 4.974584e-14 -9.930268e-01
    outer loop
      vertex   -2.223743e+02 1.822609e+02 1.186349e+02
      vertex   -2.226085e+02 2.022609e+02 1.186627e+02
      vertex   -2.223743e+02 1.872609e+02 1.186349e+02
    endloop
  endfacet
  facet normal -3.471125e-01 3.357803e-14 -9.378235e-01
    outer loop
      vertex   -2.223743e+02 1.822609e+02 1.186349e+02
      vertex   -2.223743e+02 1.872609e+02 1.186349e+02
      vertex   -2.221532e+02 1.822609e+02 1.185531e+02
    endloop
  endfacet
  facet normal -3.471125e-01 3.091258e-14 -9.378235e-01
    outer loop
      vertex   -2.223743e+02 1.772609e+02 1.186349e+02
      vertex   -2.223743e+02 1.822609e+02 1.186349e+02
      vertex   -2.221532e+02 1.772609e+02 1.185531e+02
    endloop
  endfacet
  facet normal -3.471125e-01 2.824713e-14 -9.378235e-01
    outer loop
      vertex   -2.221532e+02 1.772609e+02 1.185531e+02
      vertex   -2.223743e+02 1.822609e+02 1.186349e+02
      vertex   -2.221532e+02 1.822609e+02 1.185531e+02
    endloop
  endfacet
  facet normal -5.570400e-01 1.082283e-14 -8.304857e-01
    outer loop
      vertex   -2.221532e+02 1.772609e+02 1.185531e+02
      vertex   -2.221532e+02 1.822609e+02 1.185531e+02
      vertex   -2.219574e+02 1.772609e+02 1.184217e+02
    endloop
  endfacet
  facet normal -1.178887e-01 4.974584e-14 -9.930268e-01
    outer loop
      vertex   -2.223743e+02 1.622609e+02 1.186349e+02
      vertex   -2.226085e+02 1.572609e+02 1.186627e+02
      vertex   -2.223743e+02 1.672609e+02 1.186349e+02
    endloop
  endfacet
  facet normal -3.471125e-01 3.555114e-14 -9.378235e-01
    outer loop
      vertex   -2.223743e+02 1.722609e+02 1.186349e+02
      vertex   -2.223743e+02 1.772609e+02 1.186349e+02
      vertex   -2.221532e+02 1.722609e+02 1.185531e+02
    endloop
  endfacet
  facet normal -3.471125e-01 3.555114e-14 -9.378235e-01
    outer loop
      vertex   -2.221532e+02 1.722609e+02 1.185531e+02
      vertex   -2.223743e+02 1.772609e+02 1.186349e+02
      vertex   -2.221532e+02 1.772609e+02 1.185531e+02
    endloop
  endfacet
  facet normal -5.570400e-01 1.871000e-14 -8.304857e-01
    outer loop
      vertex   -2.221532e+02 1.722609e+02 1.185531e+02
      vertex   -2.221532e+02 1.772609e+02 1.185531e+02
      vertex   -2.219574e+02 1.722609e+02 1.184217e+02
    endloop
  endfacet
  facet normal -5.570400e-01 1.871000e-14 -8.304857e-01
    outer loop
      vertex   -2.219574e+02 1.722609e+02 1.184217e+02
      vertex   -2.221532e+02 1.772609e+02 1.185531e+02
      vertex   -2.219574e+02 1.772609e+02 1.184217e+02
    endloop
  endfacet
  facet normal -7.360011e-01 8.287439e-16 -6.769804e-01
    outer loop
      vertex   -2.219574e+02 1.722609e+02 1.184217e+02
      vertex   -2.219574e+02 1.772609e+02 1.184217e+02
      vertex   -2.217978e+02 1.722609e+02 1.182482e+02
    endloop
  endfacet
  facet normal -3.471125e-01 3.357947e-14 -9.378235e-01
    outer loop
      vertex   -2.221532e+02 1.622609e+02 1.185531e+02
      vertex   -2.223743e+02 1.622609e+02 1.186349e+02
      vertex   -2.223743e+02 1.672609e+02 1.186349e+02
    endloop
  endfacet
  facet normal -3.471125e-01 3.288492e-14 -9.378235e-01
    outer loop
      vertex   -2.223743e+02 1.922609e+02 1.186349e+02
      vertex   -2.221532e+02 1.922609e+02 1.185531e+02
      vertex   -2.221532e+02 1.872609e+02 1.185531e+02
    endloop
  endfacet
  facet normal -5.570400e-01 1.634961e-14 -8.304857e-01
    outer loop
      vertex   -2.221532e+02 1.872609e+02 1.185531e+02
      vertex   -2.221532e+02 1.922609e+02 1.185531e+02
      vertex   -2.219574e+02 1.872609e+02 1.184217e+02
    endloop
  endfacet
  facet normal -5.570400e-01 1.554485e-14 -8.304857e-01
    outer loop
      vertex   -2.221532e+02 1.872609e+02 1.185531e+02
      vertex   -2.219574e+02 1.872609e+02 1.184217e+02
      vertex   -2.219574e+02 1.822609e+02 1.184217e+02
    endloop
  endfacet
  facet normal -7.360011e-01 -3.354938e-15 -6.769804e-01
    outer loop
      vertex   -2.219574e+02 1.822609e+02 1.184217e+02
      vertex   -2.219574e+02 1.872609e+02 1.184217e+02
      vertex   -2.217978e+02 1.822609e+02 1.182482e+02
    endloop
  endfacet
  facet normal -7.360011e-01 -7.204429e-15 -6.769804e-01
    outer loop
      vertex   -2.219574e+02 1.822609e+02 1.184217e+02
      vertex   -2.217978e+02 1.822609e+02 1.182482e+02
      vertex   -2.217978e+02 1.772609e+02 1.182482e+02
    endloop
  endfacet
  facet normal -8.740472e-01 -2.482865e-14 -4.858411e-01
    outer loop
      vertex   -2.217978e+02 1.772609e+02 1.182482e+02
      vertex   -2.217978e+02 1.822609e+02 1.182482e+02
      vertex   -2.216832e+02 1.772609e+02 1.180421e+02
    endloop
  endfacet
  facet normal -8.740472e-01 -1.847901e-14 -4.858411e-01
    outer loop
      vertex   -2.217978e+02 1.772609e+02 1.182482e+02
      vertex   -2.216832e+02 1.772609e+02 1.180421e+02
      vertex   -2.216832e+02 1.722609e+02 1.180421e+02
    endloop
  endfacet
  facet normal -9.635041e-01 -3.483620e-14 -2.676934e-01
    outer loop
      vertex   -2.216832e+02 1.722609e+02 1.180421e+02
      vertex   -2.216832e+02 1.772609e+02 1.180421e+02
      vertex   -2.216201e+02 1.722609e+02 1.178149e+02
    endloop
  endfacet
  facet normal -9.635041e-01 -4.031302e-14 -2.676934e-01
    outer loop
      vertex   -2.216832e+02 1.722609e+02 1.180421e+02
      vertex   -2.216201e+02 1.722609e+02 1.178149e+02
      vertex   -2.216201e+02 1.672609e+02 1.178149e+02
    endloop
  endfacet
  facet normal -9.993990e-01 -5.493734e-14 -3.466440e-02
    outer loop
      vertex   -2.216201e+02 1.672609e+02 1.178149e+02
      vertex   -2.216201e+02 1.722609e+02 1.178149e+02
      vertex   -2.216119e+02 1.572609e+02 1.175793e+02
    endloop
  endfacet
  facet normal -5.570400e-01 1.634961e-14 -8.304857e-01
    outer loop
      vertex   -2.219574e+02 1.872609e+02 1.184217e+02
      vertex   -2.221532e+02 1.922609e+02 1.185531e+02
      vertex   -2.219574e+02 1.922609e+02 1.184217e+02
    endloop
  endfacet
  facet normal -3.471125e-01 3.091312e-14 -9.378235e-01
    outer loop
      vertex   -2.223743e+02 1.722609e+02 1.186349e+02
      vertex   -2.221532e+02 1.722609e+02 1.185531e+02
      vertex   -2.221532e+02 1.672609e+02 1.185531e+02
    endloop
  endfacet
  facet normal -5.570400e-01 1.318321e-14 -8.304857e-01
    outer loop
      vertex   -2.221532e+02 1.672609e+02 1.185531e+02
      vertex   -2.221532e+02 1.722609e+02 1.185531e+02
      vertex   -2.219574e+02 1.672609e+02 1.184217e+02
    endloop
  endfacet
  facet normal -5.570400e-01 2.187816e-14 -8.304857e-01
    outer loop
      vertex   -2.221532e+02 1.672609e+02 1.185531e+02
      vertex   -2.219574e+02 1.672609e+02 1.184217e+02
      vertex   -2.219574e+02 1.622609e+02 1.184217e+02
    endloop
  endfacet
  facet normal -7.360011e-01 5.012426e-15 -6.769804e-01
    outer loop
      vertex   -2.219574e+02 1.622609e+02 1.184217e+02
      vertex   -2.219574e+02 1.672609e+02 1.184217e+02
      vertex   -2.217978e+02 1.622609e+02 1.182482e+02
    endloop
  endfacet
  facet normal -5.570400e-01 1.318321e-14 -8.304857e-01
    outer loop
      vertex   -2.219574e+02 1.672609e+02 1.184217e+02
      vertex   -2.221532e+02 1.722609e+02 1.185531e+02
      vertex   -2.219574e+02 1.722609e+02 1.184217e+02
    endloop
  endfacet
  facet normal -7.360011e-01 -1.095350e-15 -6.769804e-01
    outer loop
      vertex   -2.219574e+02 1.872609e+02 1.184217e+02
      vertex   -2.219574e+02 1.922609e+02 1.184217e+02
      vertex   -2.217978e+02 1.872609e+02 1.182482e+02
    endloop
  endfacet
  facet normal -7.360011e-01 -3.019444e-15 -6.769804e-01
    outer loop
      vertex   -2.217978e+02 1.872609e+02 1.182482e+02
      vertex   -2.219574e+02 1.922609e+02 1.184217e+02
      vertex   -2.217978e+02 1.922609e+02 1.182482e+02
    endloop
  endfacet
  facet normal -8.740472e-01 -1.986027e-14 -4.858411e-01
    outer loop
      vertex   -2.217978e+02 1.872609e+02 1.182482e+02
      vertex   -2.217978e+02 1.922609e+02 1.182482e+02
      vertex   -2.216832e+02 1.872609e+02 1.180421e+02
    endloop
  endfacet
  facet normal -8.740472e-01 -1.627273e-14 -4.858411e-01
    outer loop
      vertex   -2.216832e+02 1.872609e+02 1.180421e+02
      vertex   -2.217978e+02 1.922609e+02 1.182482e+02
      vertex   -2.216832e+02 1.922609e+02 1.180421e+02
    endloop
  endfacet
  facet normal -9.635041e-01 -3.088098e-14 -2.676934e-01
    outer loop
      vertex   -2.216832e+02 1.872609e+02 1.180421e+02
      vertex   -2.216832e+02 1.922609e+02 1.180421e+02
      vertex   -2.216201e+02 1.872609e+02 1.178149e+02
    endloop
  endfacet
  facet normal -7.360011e-01 -5.279032e-15 -6.769804e-01
    outer loop
      vertex   -2.219574e+02 1.672609e+02 1.184217e+02
      vertex   -2.219574e+02 1.722609e+02 1.184217e+02
      vertex   -2.217978e+02 1.672609e+02 1.182482e+02
    endloop
  endfacet
  facet normal -7.360011e-01 -5.279032e-15 -6.769804e-01
    outer loop
      vertex   -2.217978e+02 1.672609e+02 1.182482e+02
      vertex   -2.219574e+02 1.722609e+02 1.184217e+02
      vertex   -2.217978e+02 1.722609e+02 1.182482e+02
    endloop
  endfacet
  facet normal -8.740472e-01 -2.344780e-14 -4.858411e-01
    outer loop
      vertex   -2.217978e+02 1.672609e+02 1.182482e+02
      vertex   -2.217978e+02 1.722609e+02 1.182482e+02
      vertex   -2.216832e+02 1.672609e+02 1.180421e+02
    endloop
  endfacet
  facet normal -7.360011e-01 -3.355004e-15 -6.769804e-01
    outer loop
      vertex   -2.219574e+02 1.872609e+02 1.184217e+02
      vertex   -2.217978e+02 1.872609e+02 1.182482e+02
      vertex   -2.217978e+02 1.822609e+02 1.182482e+02
    endloop
  endfacet
  facet normal -8.740472e-01 -2.206696e-14 -4.858411e-01
    outer loop
      vertex   -2.217978e+02 1.822609e+02 1.182482e+02
      vertex   -2.217978e+02 1.872609e+02 1.182482e+02
      vertex   -2.216832e+02 1.822609e+02 1.180421e+02
    endloop
  endfacet
  facet normal -8.740472e-01 -2.344971e-14 -4.858411e-01
    outer loop
      vertex   -2.217978e+02 1.822609e+02 1.182482e+02
      vertex   -2.216832e+02 1.822609e+02 1.180421e+02
      vertex   -2.216832e+02 1.772609e+02 1.180421e+02
    endloop
  endfacet
  facet normal -9.635041e-01 -4.031309e-14 -2.676934e-01
    outer loop
      vertex   -2.216832e+02 1.772609e+02 1.180421e+02
      vertex   -2.216832e+02 1.822609e+02 1.180421e+02
      vertex   -2.216201e+02 1.772609e+02 1.178149e+02
    endloop
  endfacet
  facet normal -9.635041e-01 -3.483612e-14 -2.676934e-01
    outer loop
      vertex   -2.216832e+02 1.772609e+02 1.180421e+02
      vertex   -2.216201e+02 1.772609e+02 1.178149e+02
      vertex   -2.216201e+02 1.722609e+02 1.178149e+02
    endloop
  endfacet
  facet normal -9.993990e-01 -4.925641e-14 -3.466440e-02
    outer loop
      vertex   -2.216201e+02 1.722609e+02 1.178149e+02
      vertex   -2.216201e+02 1.772609e+02 1.178149e+02
      vertex   -2.216119e+02 1.572609e+02 1.175793e+02
    endloop
  endfacet
  facet normal -8.740472e-01 -2.206696e-14 -4.858411e-01
    outer loop
      vertex   -2.216832e+02 1.822609e+02 1.180421e+02
      vertex   -2.217978e+02 1.872609e+02 1.182482e+02
      vertex   -2.216832e+02 1.872609e+02 1.180421e+02
    endloop
  endfacet
  facet normal -8.740472e-01 -1.709875e-14 -4.858411e-01
    outer loop
      vertex   -2.216832e+02 1.622609e+02 1.180421e+02
      vertex   -2.217978e+02 1.622609e+02 1.182482e+02
      vertex   -2.217978e+02 1.672609e+02 1.182482e+02
    endloop
  endfacet
  facet normal -7.360011e-01 8.287439e-16 -6.769804e-01
    outer loop
      vertex   -2.217978e+02 1.672609e+02 1.182482e+02
      vertex   -2.217978e+02 1.622609e+02 1.182482e+02
      vertex   -2.219574e+02 1.672609e+02 1.184217e+02
    endloop
  endfacet
  facet normal -8.740472e-01 -1.213020e-14 -4.858411e-01
    outer loop
      vertex   -2.216832e+02 1.622609e+02 1.180421e+02
      vertex   -2.217978e+02 1.672609e+02 1.182482e+02
      vertex   -2.216832e+02 1.672609e+02 1.180421e+02
    endloop
  endfacet
  facet normal -9.635041e-01 -4.107392e-14 -2.676934e-01
    outer loop
      vertex   -2.216201e+02 1.922609e+02 1.178149e+02
      vertex   -2.216832e+02 1.972609e+02 1.180421e+02
      vertex   -2.216201e+02 1.972609e+02 1.178149e+02
    endloop
  endfacet
  facet normal -9.635041e-01 -4.031309e-14 -2.676934e-01
    outer loop
      vertex   -2.216201e+02 1.872609e+02 1.178149e+02
      vertex   -2.216201e+02 1.822609e+02 1.178149e+02
      vertex   -2.216832e+02 1.872609e+02 1.180421e+02
    endloop
  endfacet
  facet normal -9.635041e-01 -3.955226e-14 -2.676934e-01
    outer loop
      vertex   -2.216832e+02 1.872609e+02 1.180421e+02
      vertex   -2.216201e+02 1.822609e+02 1.178149e+02
      vertex   -2.216832e+02 1.822609e+02 1.180421e+02
    endloop
  endfacet
  facet normal -9.635041e-01 -2.859846e-14 -2.676934e-01
    outer loop
      vertex   -2.216201e+02 1.622609e+02 1.178149e+02
      vertex   -2.216832e+02 1.622609e+02 1.180421e+02
      vertex   -2.216832e+02 1.672609e+02 1.180421e+02
    endloop
  endfacet
  facet normal -9.993990e-01 -5.503586e-14 -3.466440e-02
    outer loop
      vertex   -2.216119e+02 2.022609e+02 1.175793e+02
      vertex   -2.216201e+02 1.922609e+02 1.178149e+02
      vertex   -2.216201e+02 1.972609e+02 1.178149e+02
    endloop
  endfacet
  facet normal -9.993990e-01 -5.503586e-14 -3.466440e-02
    outer loop
      vertex   -2.216119e+02 1.572609e+02 1.175793e+02
      vertex   -2.216201e+02 1.772609e+02 1.178149e+02
      vertex   -2.216201e+02 1.822609e+02 1.178149e+02
    endloop
  endfacet
  facet normal -9.635041e-01 -4.107392e-14 -2.676934e-01
    outer loop
      vertex   -2.216201e+02 1.822609e+02 1.178149e+02
      vertex   -2.216201e+02 1.772609e+02 1.178149e+02
      vertex   -2.216832e+02 1.822609e+02 1.180421e+02
    endloop
  endfacet
  facet normal 3.042333e-09 5.621183e-14 -1.000000e+00
    outer loop
      vertex   -2.246702e+02 2.022609e+02 1.186627e+02
      vertex   -2.226085e+02 2.022609e+02 1.186627e+02
      vertex   -2.246702e+02 1.572609e+02 1.186627e+02
    endloop
  endfacet
  facet normal 3.042354e-09 5.526444e-14 -1.000000e+00
    outer loop
      vertex   -2.246702e+02 1.572609e+02 1.186627e+02
      vertex   -2.226085e+02 2.022609e+02 1.186627e+02
      vertex   -2.226085e+02 1.572609e+02 1.186627e+02
    endloop
  endfacet
  facet normal 9.993990e-01 5.405064e-14 3.466440e-02
    outer loop
      vertex   -2.184343e+02 2.022609e+02 1.218149e+02
      vertex   -2.184343e+02 1.972609e+02 1.218149e+02
      vertex   -2.184262e+02 2.022609e+02 1.215793e+02
    endloop
  endfacet
  facet normal 9.993990e-01 5.483868e-14 3.466440e-02
    outer loop
      vertex   -2.184262e+02 2.022609e+02 1.215793e+02
      vertex   -2.184343e+02 1.972609e+02 1.218149e+02
      vertex   -2.184343e+02 1.922609e+02 1.218149e+02
    endloop
  endfacet
  facet normal 9.993990e-01 4.935498e-14 3.466440e-02
    outer loop
      vertex   -2.184262e+02 2.022609e+02 1.215793e+02
      vertex   -2.184343e+02 1.922609e+02 1.218149e+02
      vertex   -2.184343e+02 1.872609e+02 1.218149e+02
    endloop
  endfacet
  facet normal 9.635041e-01 3.559704e-14 2.676934e-01
    outer loop
      vertex   -2.184343e+02 1.872609e+02 1.218149e+02
      vertex   -2.184343e+02 1.922609e+02 1.218149e+02
      vertex   -2.184974e+02 1.872609e+02 1.220421e+02
    endloop
  endfacet
  facet normal 9.635041e-01 4.107378e-14 2.676934e-01
    outer loop
      vertex   -2.184343e+02 1.872609e+02 1.218149e+02
      vertex   -2.184974e+02 1.872609e+02 1.220421e+02
      vertex   -2.184974e+02 1.822609e+02 1.220421e+02
    endloop
  endfacet
  facet normal 8.740472e-01 2.482865e-14 4.858411e-01
    outer loop
      vertex   -2.184974e+02 1.822609e+02 1.220421e+02
      vertex   -2.184974e+02 1.872609e+02 1.220421e+02
      vertex   -2.186120e+02 1.822609e+02 1.222482e+02
    endloop
  endfacet
  facet normal 8.740472e-01 2.344677e-14 4.858411e-01
    outer loop
      vertex   -2.184974e+02 1.822609e+02 1.220421e+02
      vertex   -2.186120e+02 1.822609e+02 1.222482e+02
      vertex   -2.186120e+02 1.772609e+02 1.222482e+02
    endloop
  endfacet
  facet normal 7.360011e-01 5.279032e-15 6.769804e-01
    outer loop
      vertex   -2.186120e+02 1.772609e+02 1.222482e+02
      vertex   -2.186120e+02 1.822609e+02 1.222482e+02
      vertex   -2.187716e+02 1.772609e+02 1.224217e+02
    endloop
  endfacet
  facet normal 7.360011e-01 3.355004e-15 6.769804e-01
    outer loop
      vertex   -2.186120e+02 1.772609e+02 1.222482e+02
      vertex   -2.187716e+02 1.772609e+02 1.224217e+02
      vertex   -2.187716e+02 1.722609e+02 1.224217e+02
    endloop
  endfacet
  facet normal 5.570400e-01 -1.554359e-14 8.304857e-01
    outer loop
      vertex   -2.187716e+02 1.722609e+02 1.224217e+02
      vertex   -2.187716e+02 1.772609e+02 1.224217e+02
      vertex   -2.189674e+02 1.722609e+02 1.225531e+02
    endloop
  endfacet
  facet normal 5.570400e-01 -1.318458e-14 8.304857e-01
    outer loop
      vertex   -2.187716e+02 1.722609e+02 1.224217e+02
      vertex   -2.189674e+02 1.722609e+02 1.225531e+02
      vertex   -2.189674e+02 1.672609e+02 1.225531e+02
    endloop
  endfacet
  facet normal 3.471125e-01 -3.091258e-14 9.378235e-01
    outer loop
      vertex   -2.189674e+02 1.672609e+02 1.225531e+02
      vertex   -2.189674e+02 1.722609e+02 1.225531e+02
      vertex   -2.191885e+02 1.672609e+02 1.226349e+02
    endloop
  endfacet
  facet normal 3.471125e-01 -3.555127e-14 9.378235e-01
    outer loop
      vertex   -2.189674e+02 1.672609e+02 1.225531e+02
      vertex   -2.191885e+02 1.672609e+02 1.226349e+02
      vertex   -2.191885e+02 1.622609e+02 1.226349e+02
    endloop
  endfacet
  facet normal 1.178887e-01 -5.041596e-14 9.930268e-01
    outer loop
      vertex   -2.191885e+02 1.622609e+02 1.226349e+02
      vertex   -2.191885e+02 1.672609e+02 1.226349e+02
      vertex   -2.194227e+02 1.572609e+02 1.226627e+02
    endloop
  endfacet
  facet normal 1.178887e-01 -4.558325e-14 9.930268e-01
    outer loop
      vertex   -2.191885e+02 1.622609e+02 1.226349e+02
      vertex   -2.194227e+02 1.572609e+02 1.226627e+02
      vertex   -2.191885e+02 1.572609e+02 1.226349e+02
    endloop
  endfacet
  facet normal 9.635041e-01 3.346562e-14 2.676934e-01
    outer loop
      vertex   -2.184343e+02 1.972609e+02 1.218149e+02
      vertex   -2.184343e+02 2.022609e+02 1.218149e+02
      vertex   -2.184974e+02 1.972609e+02 1.220421e+02
    endloop
  endfacet
  facet normal 9.635041e-01 3.027122e-14 2.676934e-01
    outer loop
      vertex   -2.184974e+02 1.972609e+02 1.220421e+02
      vertex   -2.184343e+02 2.022609e+02 1.218149e+02
      vertex   -2.184974e+02 2.022609e+02 1.220421e+02
    endloop
  endfacet
  facet normal 8.740472e-01 1.019436e-14 4.858411e-01
    outer loop
      vertex   -2.184974e+02 1.972609e+02 1.220421e+02
      vertex   -2.184974e+02 2.022609e+02 1.220421e+02
      vertex   -2.186120e+02 1.972609e+02 1.222482e+02
    endloop
  endfacet
  facet normal 8.740472e-01 1.433689e-14 4.858411e-01
    outer loop
      vertex   -2.186120e+02 1.972609e+02 1.222482e+02
      vertex   -2.184974e+02 2.022609e+02 1.220421e+02
      vertex   -2.186120e+02 2.022609e+02 1.222482e+02
    endloop
  endfacet
  facet normal 7.360011e-01 -4.676932e-15 6.769804e-01
    outer loop
      vertex   -2.186120e+02 1.972609e+02 1.222482e+02
      vertex   -2.186120e+02 2.022609e+02 1.222482e+02
      vertex   -2.187716e+02 1.972609e+02 1.224217e+02
    endloop
  endfacet
  facet normal 7.360011e-01 -3.088332e-15 6.769804e-01
    outer loop
      vertex   -2.187716e+02 1.972609e+02 1.224217e+02
      vertex   -2.186120e+02 2.022609e+02 1.222482e+02
      vertex   -2.187716e+02 2.022609e+02 1.224217e+02
    endloop
  endfacet
  facet normal 5.570400e-01 -1.951602e-14 8.304857e-01
    outer loop
      vertex   -2.187716e+02 1.972609e+02 1.224217e+02
      vertex   -2.187716e+02 2.022609e+02 1.224217e+02
      vertex   -2.189674e+02 1.972609e+02 1.225531e+02
    endloop
  endfacet
  facet normal 5.570400e-01 -2.348845e-14 8.304857e-01
    outer loop
      vertex   -2.189674e+02 1.972609e+02 1.225531e+02
      vertex   -2.187716e+02 2.022609e+02 1.224217e+02
      vertex   -2.189674e+02 2.022609e+02 1.225531e+02
    endloop
  endfacet
  facet normal 3.471125e-01 -3.613955e-14 9.378235e-01
    outer loop
      vertex   -2.189674e+02 1.972609e+02 1.225531e+02
      vertex   -2.189674e+02 2.022609e+02 1.225531e+02
      vertex   -2.191885e+02 1.972609e+02 1.226349e+02
    endloop
  endfacet
  facet normal 3.471125e-01 -4.077811e-14 9.378235e-01
    outer loop
      vertex   -2.191885e+02 1.972609e+02 1.226349e+02
      vertex   -2.189674e+02 2.022609e+02 1.225531e+02
      vertex   -2.191885e+02 2.022609e+02 1.226349e+02
    endloop
  endfacet
  facet normal 1.178887e-01 -5.027409e-14 9.930268e-01
    outer loop
      vertex   -2.191885e+02 1.972609e+02 1.226349e+02
      vertex   -2.191885e+02 2.022609e+02 1.226349e+02
      vertex   -2.194227e+02 2.022609e+02 1.226627e+02
    endloop
  endfacet
  facet normal 1.178887e-01 -4.760938e-14 9.930268e-01
    outer loop
      vertex   -2.194227e+02 1.572609e+02 1.226627e+02
      vertex   -2.191885e+02 1.822609e+02 1.226349e+02
      vertex   -2.194227e+02 2.022609e+02 1.226627e+02
    endloop
  endfacet
  facet normal 1.178887e-01 -4.974529e-14 9.930268e-01
    outer loop
      vertex   -2.194227e+02 2.022609e+02 1.226627e+02
      vertex   -2.191885e+02 1.822609e+02 1.226349e+02
      vertex   -2.191885e+02 1.872609e+02 1.226349e+02
    endloop
  endfacet
  facet normal 1.178887e-01 -4.759323e-14 9.930268e-01
    outer loop
      vertex   -2.194227e+02 2.022609e+02 1.226627e+02
      vertex   -2.191885e+02 1.872609e+02 1.226349e+02
      vertex   -2.191885e+02 1.922609e+02 1.226349e+02
    endloop
  endfacet
  facet normal 3.471125e-01 -3.288569e-14 9.378235e-01
    outer loop
      vertex   -2.191885e+02 1.922609e+02 1.226349e+02
      vertex   -2.191885e+02 1.872609e+02 1.226349e+02
      vertex   -2.189674e+02 1.922609e+02 1.225531e+02
    endloop
  endfacet
  facet normal 3.471125e-01 -3.357947e-14 9.378235e-01
    outer loop
      vertex   -2.191885e+02 1.922609e+02 1.226349e+02
      vertex   -2.189674e+02 1.922609e+02 1.225531e+02
      vertex   -2.189674e+02 1.972609e+02 1.225531e+02
    endloop
  endfacet
  facet normal 5.570400e-01 -1.554359e-14 8.304857e-01
    outer loop
      vertex   -2.189674e+02 1.972609e+02 1.225531e+02
      vertex   -2.189674e+02 1.922609e+02 1.225531e+02
      vertex   -2.187716e+02 1.972609e+02 1.224217e+02
    endloop
  endfacet
  facet normal 3.471125e-01 -2.696637e-14 9.378235e-01
    outer loop
      vertex   -2.191885e+02 1.622609e+02 1.226349e+02
      vertex   -2.191885e+02 1.572609e+02 1.226349e+02
      vertex   -2.189674e+02 1.622609e+02 1.225531e+02
    endloop
  endfacet
  facet normal 3.471125e-01 -3.160493e-14 9.378235e-01
    outer loop
      vertex   -2.189674e+02 1.622609e+02 1.225531e+02
      vertex   -2.191885e+02 1.572609e+02 1.226349e+02
      vertex   -2.189674e+02 1.572609e+02 1.225531e+02
    endloop
  endfacet
  facet normal 5.570400e-01 -1.237718e-14 8.304857e-01
    outer loop
      vertex   -2.189674e+02 1.622609e+02 1.225531e+02
      vertex   -2.189674e+02 1.572609e+02 1.225531e+02
      vertex   -2.187716e+02 1.622609e+02 1.224217e+02
    endloop
  endfacet
  facet normal 5.570400e-01 -1.318321e-14 8.304857e-01
    outer loop
      vertex   -2.187716e+02 1.622609e+02 1.224217e+02
      vertex   -2.189674e+02 1.572609e+02 1.225531e+02
      vertex   -2.187716e+02 1.572609e+02 1.224217e+02
    endloop
  endfacet
  facet normal 7.360011e-01 5.279032e-15 6.769804e-01
    outer loop
      vertex   -2.187716e+02 1.622609e+02 1.224217e+02
      vertex   -2.187716e+02 1.572609e+02 1.224217e+02
      vertex   -2.186120e+02 1.622609e+02 1.222482e+02
    endloop
  endfacet
  facet normal 7.360011e-01 5.279032e-15 6.769804e-01
    outer loop
      vertex   -2.186120e+02 1.622609e+02 1.222482e+02
      vertex   -2.187716e+02 1.572609e+02 1.224217e+02
      vertex   -2.186120e+02 1.572609e+02 1.222482e+02
    endloop
  endfacet
  facet normal 8.740472e-01 2.344780e-14 4.858411e-01
    outer loop
      vertex   -2.186120e+02 1.622609e+02 1.222482e+02
      vertex   -2.186120e+02 1.572609e+02 1.222482e+02
      vertex   -2.184974e+02 1.622609e+02 1.220421e+02
    endloop
  endfacet
  facet normal 8.740472e-01 2.620949e-14 4.858411e-01
    outer loop
      vertex   -2.184974e+02 1.622609e+02 1.220421e+02
      vertex   -2.186120e+02 1.572609e+02 1.222482e+02
      vertex   -2.184974e+02 1.572609e+02 1.220421e+02
    endloop
  endfacet
  facet normal 9.635041e-01 4.183475e-14 2.676934e-01
    outer loop
      vertex   -2.184974e+02 1.622609e+02 1.220421e+02
      vertex   -2.184974e+02 1.572609e+02 1.220421e+02
      vertex   -2.184343e+02 1.622609e+02 1.218149e+02
    endloop
  endfacet
  facet normal 9.635041e-01 4.259558e-14 2.676934e-01
    outer loop
      vertex   -2.184343e+02 1.622609e+02 1.218149e+02
      vertex   -2.184974e+02 1.572609e+02 1.220421e+02
      vertex   -2.184343e+02 1.572609e+02 1.218149e+02
    endloop
  endfacet
  facet normal 9.993990e-01 5.523290e-14 3.466440e-02
    outer loop
      vertex   -2.184343e+02 1.622609e+02 1.218149e+02
      vertex   -2.184343e+02 1.572609e+02 1.218149e+02
      vertex   -2.184262e+02 1.572609e+02 1.215793e+02
    endloop
  endfacet
  facet normal 9.993990e-01 5.110626e-14 3.466440e-02
    outer loop
      vertex   -2.184262e+02 2.022609e+02 1.215793e+02
      vertex   -2.184343e+02 1.772609e+02 1.218149e+02
      vertex   -2.184262e+02 1.572609e+02 1.215793e+02
    endloop
  endfacet
  facet normal 9.993990e-01 4.347691e-14 3.466440e-02
    outer loop
      vertex   -2.184262e+02 1.572609e+02 1.215793e+02
      vertex   -2.184343e+02 1.772609e+02 1.218149e+02
      vertex   -2.184343e+02 1.722609e+02 1.218149e+02
    endloop
  endfacet
  facet normal 9.993990e-01 4.945338e-14 3.466440e-02
    outer loop
      vertex   -2.184262e+02 1.572609e+02 1.215793e+02
      vertex   -2.184343e+02 1.722609e+02 1.218149e+02
      vertex   -2.184343e+02 1.672609e+02 1.218149e+02
    endloop
  endfacet
  facet normal 9.635041e-01 3.635787e-14 2.676934e-01
    outer loop
      vertex   -2.184343e+02 1.672609e+02 1.218149e+02
      vertex   -2.184343e+02 1.722609e+02 1.218149e+02
      vertex   -2.184974e+02 1.672609e+02 1.220421e+02
    endloop
  endfacet
  facet normal 9.635041e-01 3.407536e-14 2.676934e-01
    outer loop
      vertex   -2.184343e+02 1.672609e+02 1.218149e+02
      vertex   -2.184974e+02 1.672609e+02 1.220421e+02
      vertex   -2.184974e+02 1.622609e+02 1.220421e+02
    endloop
  endfacet
  facet normal 8.740472e-01 1.709858e-14 4.858411e-01
    outer loop
      vertex   -2.184974e+02 1.622609e+02 1.220421e+02
      vertex   -2.184974e+02 1.672609e+02 1.220421e+02
      vertex   -2.186120e+02 1.622609e+02 1.222482e+02
    endloop
  endfacet
  facet normal 9.635041e-01 3.955226e-14 2.676934e-01
    outer loop
      vertex   -2.184343e+02 1.922609e+02 1.218149e+02
      vertex   -2.184343e+02 1.972609e+02 1.218149e+02
      vertex   -2.184974e+02 1.922609e+02 1.220421e+02
    endloop
  endfacet
  facet normal 9.635041e-01 3.955226e-14 2.676934e-01
    outer loop
      vertex   -2.184974e+02 1.922609e+02 1.220421e+02
      vertex   -2.184343e+02 1.972609e+02 1.218149e+02
      vertex   -2.184974e+02 1.972609e+02 1.220421e+02
    endloop
  endfacet
  facet normal 8.740472e-01 2.206696e-14 4.858411e-01
    outer loop
      vertex   -2.184974e+02 1.922609e+02 1.220421e+02
      vertex   -2.184974e+02 1.972609e+02 1.220421e+02
      vertex   -2.186120e+02 1.922609e+02 1.222482e+02
    endloop
  endfacet
  facet normal 8.740472e-01 2.206696e-14 4.858411e-01
    outer loop
      vertex   -2.186120e+02 1.922609e+02 1.222482e+02
      vertex   -2.184974e+02 1.972609e+02 1.220421e+02
      vertex   -2.186120e+02 1.972609e+02 1.222482e+02
    endloop
  endfacet
  facet normal 7.360011e-01 3.354938e-15 6.769804e-01
    outer loop
      vertex   -2.186120e+02 1.922609e+02 1.222482e+02
      vertex   -2.186120e+02 1.972609e+02 1.222482e+02
      vertex   -2.187716e+02 1.922609e+02 1.224217e+02
    endloop
  endfacet
  facet normal 7.360011e-01 3.354938e-15 6.769804e-01
    outer loop
      vertex   -2.187716e+02 1.922609e+02 1.224217e+02
      vertex   -2.186120e+02 1.972609e+02 1.222482e+02
      vertex   -2.187716e+02 1.972609e+02 1.224217e+02
    endloop
  endfacet
  facet normal 5.570400e-01 -1.554359e-14 8.304857e-01
    outer loop
      vertex   -2.187716e+02 1.922609e+02 1.224217e+02
      vertex   -2.187716e+02 1.972609e+02 1.224217e+02
      vertex   -2.189674e+02 1.922609e+02 1.225531e+02
    endloop
  endfacet
  facet normal 9.993990e-01 5.513438e-14 3.466440e-02
    outer loop
      vertex   -2.184343e+02 1.772609e+02 1.218149e+02
      vertex   -2.184262e+02 2.022609e+02 1.215793e+02
      vertex   -2.184343e+02 1.822609e+02 1.218149e+02
    endloop
  endfacet
  facet normal 9.993990e-01 5.483881e-14 3.466440e-02
    outer loop
      vertex   -2.184343e+02 1.822609e+02 1.218149e+02
      vertex   -2.184262e+02 2.022609e+02 1.215793e+02
      vertex   -2.184343e+02 1.872609e+02 1.218149e+02
    endloop
  endfacet
  facet normal 9.635041e-01 3.955226e-14 2.676934e-01
    outer loop
      vertex   -2.184343e+02 1.822609e+02 1.218149e+02
      vertex   -2.184343e+02 1.872609e+02 1.218149e+02
      vertex   -2.184974e+02 1.822609e+02 1.220421e+02
    endloop
  endfacet
  facet normal 9.635041e-01 4.183475e-14 2.676934e-01
    outer loop
      vertex   -2.184343e+02 1.772609e+02 1.218149e+02
      vertex   -2.184343e+02 1.822609e+02 1.218149e+02
      vertex   -2.184974e+02 1.772609e+02 1.220421e+02
    endloop
  endfacet
  facet normal 9.635041e-01 4.031309e-14 2.676934e-01
    outer loop
      vertex   -2.184974e+02 1.772609e+02 1.220421e+02
      vertex   -2.184343e+02 1.822609e+02 1.218149e+02
      vertex   -2.184974e+02 1.822609e+02 1.220421e+02
    endloop
  endfacet
  facet normal 8.740472e-01 2.344780e-14 4.858411e-01
    outer loop
      vertex   -2.184974e+02 1.772609e+02 1.220421e+02
      vertex   -2.184974e+02 1.822609e+02 1.220421e+02
      vertex   -2.186120e+02 1.772609e+02 1.222482e+02
    endloop
  endfacet
  facet normal 9.993990e-01 4.915789e-14 3.466440e-02
    outer loop
      vertex   -2.184343e+02 1.622609e+02 1.218149e+02
      vertex   -2.184262e+02 1.572609e+02 1.215793e+02
      vertex   -2.184343e+02 1.672609e+02 1.218149e+02
    endloop
  endfacet
  facet normal 9.635041e-01 2.859849e-14 2.676934e-01
    outer loop
      vertex   -2.184343e+02 1.722609e+02 1.218149e+02
      vertex   -2.184343e+02 1.772609e+02 1.218149e+02
      vertex   -2.184974e+02 1.722609e+02 1.220421e+02
    endloop
  endfacet
  facet normal 9.635041e-01 3.407537e-14 2.676934e-01
    outer loop
      vertex   -2.184974e+02 1.722609e+02 1.220421e+02
      vertex   -2.184343e+02 1.772609e+02 1.218149e+02
      vertex   -2.184974e+02 1.772609e+02 1.220421e+02
    endloop
  endfacet
  facet normal 8.740472e-01 1.709858e-14 4.858411e-01
    outer loop
      vertex   -2.184974e+02 1.722609e+02 1.220421e+02
      vertex   -2.184974e+02 1.772609e+02 1.220421e+02
      vertex   -2.186120e+02 1.722609e+02 1.222482e+02
    endloop
  endfacet
  facet normal 8.740472e-01 1.847942e-14 4.858411e-01
    outer loop
      vertex   -2.186120e+02 1.722609e+02 1.222482e+02
      vertex   -2.184974e+02 1.772609e+02 1.220421e+02
      vertex   -2.186120e+02 1.772609e+02 1.222482e+02
    endloop
  endfacet
  facet normal 7.360011e-01 1.095350e-15 6.769804e-01
    outer loop
      vertex   -2.186120e+02 1.722609e+02 1.222482e+02
      vertex   -2.186120e+02 1.772609e+02 1.222482e+02
      vertex   -2.187716e+02 1.722609e+02 1.224217e+02
    endloop
  endfacet
  facet normal 9.635041e-01 3.407536e-14 2.676934e-01
    outer loop
      vertex   -2.184974e+02 1.622609e+02 1.220421e+02
      vertex   -2.184343e+02 1.622609e+02 1.218149e+02
      vertex   -2.184343e+02 1.672609e+02 1.218149e+02
    endloop
  endfacet
  facet normal 9.635041e-01 2.935923e-14 2.676934e-01
    outer loop
      vertex   -2.184343e+02 1.922609e+02 1.218149e+02
      vertex   -2.184974e+02 1.922609e+02 1.220421e+02
      vertex   -2.184974e+02 1.872609e+02 1.220421e+02
    endloop
  endfacet
  facet normal 8.740472e-01 1.351104e-14 4.858411e-01
    outer loop
      vertex   -2.184974e+02 1.872609e+02 1.220421e+02
      vertex   -2.184974e+02 1.922609e+02 1.220421e+02
      vertex   -2.186120e+02 1.872609e+02 1.222482e+02
    endloop
  endfacet
  facet normal 8.740472e-01 2.206651e-14 4.858411e-01
    outer loop
      vertex   -2.184974e+02 1.872609e+02 1.220421e+02
      vertex   -2.186120e+02 1.872609e+02 1.222482e+02
      vertex   -2.186120e+02 1.822609e+02 1.222482e+02
    endloop
  endfacet
  facet normal 7.360011e-01 3.354938e-15 6.769804e-01
    outer loop
      vertex   -2.186120e+02 1.822609e+02 1.222482e+02
      vertex   -2.186120e+02 1.872609e+02 1.222482e+02
      vertex   -2.187716e+02 1.822609e+02 1.224217e+02
    endloop
  endfacet
  facet normal 7.360011e-01 3.355004e-15 6.769804e-01
    outer loop
      vertex   -2.186120e+02 1.822609e+02 1.222482e+02
      vertex   -2.187716e+02 1.822609e+02 1.224217e+02
      vertex   -2.187716e+02 1.772609e+02 1.224217e+02
    endloop
  endfacet
  facet normal 5.570400e-01 -1.554359e-14 8.304857e-01
    outer loop
      vertex   -2.187716e+02 1.772609e+02 1.224217e+02
      vertex   -2.187716e+02 1.822609e+02 1.224217e+02
      vertex   -2.189674e+02 1.772609e+02 1.225531e+02
    endloop
  endfacet
  facet normal 5.570400e-01 -1.871150e-14 8.304857e-01
    outer loop
      vertex   -2.187716e+02 1.772609e+02 1.224217e+02
      vertex   -2.189674e+02 1.772609e+02 1.225531e+02
      vertex   -2.189674e+02 1.722609e+02 1.225531e+02
    endloop
  endfacet
  facet normal 3.471125e-01 -3.555114e-14 9.378235e-01
    outer loop
      vertex   -2.189674e+02 1.722609e+02 1.225531e+02
      vertex   -2.189674e+02 1.772609e+02 1.225531e+02
      vertex   -2.191885e+02 1.722609e+02 1.226349e+02
    endloop
  endfacet
  facet normal 3.471125e-01 -3.091312e-14 9.378235e-01
    outer loop
      vertex   -2.189674e+02 1.722609e+02 1.225531e+02
      vertex   -2.191885e+02 1.722609e+02 1.226349e+02
      vertex   -2.191885e+02 1.672609e+02 1.226349e+02
    endloop
  endfacet
  facet normal 1.178887e-01 -4.692349e-14 9.930268e-01
    outer loop
      vertex   -2.191885e+02 1.672609e+02 1.226349e+02
      vertex   -2.191885e+02 1.722609e+02 1.226349e+02
      vertex   -2.194227e+02 1.572609e+02 1.226627e+02
    endloop
  endfacet
  facet normal 8.740472e-01 1.489188e-14 4.858411e-01
    outer loop
      vertex   -2.186120e+02 1.872609e+02 1.222482e+02
      vertex   -2.184974e+02 1.922609e+02 1.220421e+02
      vertex   -2.186120e+02 1.922609e+02 1.222482e+02
    endloop
  endfacet
  facet normal 9.635041e-01 4.183454e-14 2.676934e-01
    outer loop
      vertex   -2.184343e+02 1.722609e+02 1.218149e+02
      vertex   -2.184974e+02 1.722609e+02 1.220421e+02
      vertex   -2.184974e+02 1.672609e+02 1.220421e+02
    endloop
  endfacet
  facet normal 8.740472e-01 2.620949e-14 4.858411e-01
    outer loop
      vertex   -2.184974e+02 1.672609e+02 1.220421e+02
      vertex   -2.184974e+02 1.722609e+02 1.220421e+02
      vertex   -2.186120e+02 1.672609e+02 1.222482e+02
    endloop
  endfacet
  facet normal 8.740472e-01 1.709875e-14 4.858411e-01
    outer loop
      vertex   -2.184974e+02 1.672609e+02 1.220421e+02
      vertex   -2.186120e+02 1.672609e+02 1.222482e+02
      vertex   -2.186120e+02 1.622609e+02 1.222482e+02
    endloop
  endfacet
  facet normal 7.360011e-01 -8.287438e-16 6.769804e-01
    outer loop
      vertex   -2.186120e+02 1.622609e+02 1.222482e+02
      vertex   -2.186120e+02 1.672609e+02 1.222482e+02
      vertex   -2.187716e+02 1.622609e+02 1.224217e+02
    endloop
  endfacet
  facet normal 8.740472e-01 2.482865e-14 4.858411e-01
    outer loop
      vertex   -2.186120e+02 1.672609e+02 1.222482e+02
      vertex   -2.184974e+02 1.722609e+02 1.220421e+02
      vertex   -2.186120e+02 1.722609e+02 1.222482e+02
    endloop
  endfacet
  facet normal 7.360011e-01 -1.164238e-15 6.769804e-01
    outer loop
      vertex   -2.186120e+02 1.872609e+02 1.222482e+02
      vertex   -2.186120e+02 1.922609e+02 1.222482e+02
      vertex   -2.187716e+02 1.872609e+02 1.224217e+02
    endloop
  endfacet
  facet normal 7.360011e-01 1.095350e-15 6.769804e-01
    outer loop
      vertex   -2.187716e+02 1.872609e+02 1.224217e+02
      vertex   -2.186120e+02 1.922609e+02 1.222482e+02
      vertex   -2.187716e+02 1.922609e+02 1.224217e+02
    endloop
  endfacet
  facet normal 5.570400e-01 -1.634961e-14 8.304857e-01
    outer loop
      vertex   -2.187716e+02 1.872609e+02 1.224217e+02
      vertex   -2.187716e+02 1.922609e+02 1.224217e+02
      vertex   -2.189674e+02 1.872609e+02 1.225531e+02
    endloop
  endfacet
  facet normal 5.570400e-01 -1.871000e-14 8.304857e-01
    outer loop
      vertex   -2.189674e+02 1.872609e+02 1.225531e+02
      vertex   -2.187716e+02 1.922609e+02 1.224217e+02
      vertex   -2.189674e+02 1.922609e+02 1.225531e+02
    endloop
  endfacet
  facet normal 3.471125e-01 -3.555114e-14 9.378235e-01
    outer loop
      vertex   -2.189674e+02 1.872609e+02 1.225531e+02
      vertex   -2.189674e+02 1.922609e+02 1.225531e+02
      vertex   -2.191885e+02 1.872609e+02 1.226349e+02
    endloop
  endfacet
  facet normal 7.360011e-01 7.203126e-15 6.769804e-01
    outer loop
      vertex   -2.186120e+02 1.672609e+02 1.222482e+02
      vertex   -2.186120e+02 1.722609e+02 1.222482e+02
      vertex   -2.187716e+02 1.672609e+02 1.224217e+02
    endloop
  endfacet
  facet normal 7.360011e-01 5.279032e-15 6.769804e-01
    outer loop
      vertex   -2.187716e+02 1.672609e+02 1.224217e+02
      vertex   -2.186120e+02 1.722609e+02 1.222482e+02
      vertex   -2.187716e+02 1.722609e+02 1.224217e+02
    endloop
  endfacet
  facet normal 5.570400e-01 -1.318321e-14 8.304857e-01
    outer loop
      vertex   -2.187716e+02 1.672609e+02 1.224217e+02
      vertex   -2.187716e+02 1.722609e+02 1.224217e+02
      vertex   -2.189674e+02 1.672609e+02 1.225531e+02
    endloop
  endfacet
  facet normal 7.360011e-01 3.355004e-15 6.769804e-01
    outer loop
      vertex   -2.186120e+02 1.872609e+02 1.222482e+02
      vertex   -2.187716e+02 1.872609e+02 1.224217e+02
      vertex   -2.187716e+02 1.822609e+02 1.224217e+02
    endloop
  endfacet
  facet normal 5.570400e-01 -1.554359e-14 8.304857e-01
    outer loop
      vertex   -2.187716e+02 1.822609e+02 1.224217e+02
      vertex   -2.187716e+02 1.872609e+02 1.224217e+02
      vertex   -2.189674e+02 1.822609e+02 1.225531e+02
    endloop
  endfacet
  facet normal 5.570400e-01 -7.657649e-15 8.304857e-01
    outer loop
      vertex   -2.187716e+02 1.822609e+02 1.224217e+02
      vertex   -2.189674e+02 1.822609e+02 1.225531e+02
      vertex   -2.189674e+02 1.772609e+02 1.225531e+02
    endloop
  endfacet
  facet normal 3.471125e-01 -2.627402e-14 9.378235e-01
    outer loop
      vertex   -2.189674e+02 1.772609e+02 1.225531e+02
      vertex   -2.189674e+02 1.822609e+02 1.225531e+02
      vertex   -2.191885e+02 1.772609e+02 1.226349e+02
    endloop
  endfacet
  facet normal 3.471125e-01 -3.821467e-14 9.378235e-01
    outer loop
      vertex   -2.189674e+02 1.772609e+02 1.225531e+02
      vertex   -2.191885e+02 1.772609e+02 1.226349e+02
      vertex   -2.191885e+02 1.722609e+02 1.226349e+02
    endloop
  endfacet
  facet normal 1.178887e-01 -5.323832e-14 9.930268e-01
    outer loop
      vertex   -2.191885e+02 1.722609e+02 1.226349e+02
      vertex   -2.191885e+02 1.772609e+02 1.226349e+02
      vertex   -2.194227e+02 1.572609e+02 1.226627e+02
    endloop
  endfacet
  facet normal 5.570400e-01 -1.554359e-14 8.304857e-01
    outer loop
      vertex   -2.189674e+02 1.822609e+02 1.225531e+02
      vertex   -2.187716e+02 1.872609e+02 1.224217e+02
      vertex   -2.189674e+02 1.872609e+02 1.225531e+02
    endloop
  endfacet
  facet normal 5.570400e-01 -2.187816e-14 8.304857e-01
    outer loop
      vertex   -2.189674e+02 1.622609e+02 1.225531e+02
      vertex   -2.187716e+02 1.622609e+02 1.224217e+02
      vertex   -2.187716e+02 1.672609e+02 1.224217e+02
    endloop
  endfacet
  facet normal 7.360011e-01 -5.012425e-15 6.769804e-01
    outer loop
      vertex   -2.187716e+02 1.672609e+02 1.224217e+02
      vertex   -2.187716e+02 1.622609e+02 1.224217e+02
      vertex   -2.186120e+02 1.672609e+02 1.222482e+02
    endloop
  endfacet
  facet normal 5.570400e-01 -1.871000e-14 8.304857e-01
    outer loop
      vertex   -2.189674e+02 1.622609e+02 1.225531e+02
      vertex   -2.187716e+02 1.672609e+02 1.224217e+02
      vertex   -2.189674e+02 1.672609e+02 1.225531e+02
    endloop
  endfacet
  facet normal 3.471125e-01 -3.357803e-14 9.378235e-01
    outer loop
      vertex   -2.191885e+02 1.922609e+02 1.226349e+02
      vertex   -2.189674e+02 1.972609e+02 1.225531e+02
      vertex   -2.191885e+02 1.972609e+02 1.226349e+02
    endloop
  endfacet
  facet normal 3.471125e-01 -3.357803e-14 9.378235e-01
    outer loop
      vertex   -2.191885e+02 1.872609e+02 1.226349e+02
      vertex   -2.191885e+02 1.822609e+02 1.226349e+02
      vertex   -2.189674e+02 1.872609e+02 1.225531e+02
    endloop
  endfacet
  facet normal 3.471125e-01 -3.357803e-14 9.378235e-01
    outer loop
      vertex   -2.189674e+02 1.872609e+02 1.225531e+02
      vertex   -2.191885e+02 1.822609e+02 1.226349e+02
      vertex   -2.189674e+02 1.822609e+02 1.225531e+02
    endloop
  endfacet
  facet normal 3.471125e-01 -3.555127e-14 9.378235e-01
    outer loop
      vertex   -2.191885e+02 1.622609e+02 1.226349e+02
      vertex   -2.189674e+02 1.622609e+02 1.225531e+02
      vertex   -2.189674e+02 1.672609e+02 1.225531e+02
    endloop
  endfacet
  facet normal 1.178887e-01 -4.974603e-14 9.930268e-01
    outer loop
      vertex   -2.194227e+02 2.022609e+02 1.226627e+02
      vertex   -2.191885e+02 1.922609e+02 1.226349e+02
      vertex   -2.191885e+02 1.972609e+02 1.226349e+02
    endloop
  endfacet
  facet normal 1.178887e-01 -4.625344e-14 9.930268e-01
    outer loop
      vertex   -2.194227e+02 1.572609e+02 1.226627e+02
      vertex   -2.191885e+02 1.772609e+02 1.226349e+02
      vertex   -2.191885e+02 1.822609e+02 1.226349e+02
    endloop
  endfacet
  facet normal 3.471125e-01 -2.893947e-14 9.378235e-01
    outer loop
      vertex   -2.191885e+02 1.822609e+02 1.226349e+02
      vertex   -2.191885e+02 1.772609e+02 1.226349e+02
      vertex   -2.189674e+02 1.822609e+02 1.225531e+02
    endloop
  endfacet
  facet normal -9.731072e-01 1.229216e-15 2.303527e-01
    outer loop
      vertex   -2.287147e+02 1.572609e+02 1.194383e+02
      vertex   -2.283524e+02 1.572609e+02 1.209689e+02
      vertex   -2.287147e+02 1.797609e+02 1.194383e+02
    endloop
  endfacet
  facet normal -9.731072e-01 1.843026e-15 2.303527e-01
    outer loop
      vertex   -2.287147e+02 1.797609e+02 1.194383e+02
      vertex   -2.283524e+02 1.572609e+02 1.209689e+02
      vertex   -2.283524e+02 2.022609e+02 1.209689e+02
    endloop
  endfacet
  facet normal -9.731072e-01 2.458433e-15 2.303527e-01
    outer loop
      vertex   -2.287147e+02 1.797609e+02 1.194383e+02
      vertex   -2.283524e+02 2.022609e+02 1.209689e+02
      vertex   -2.287147e+02 2.022609e+02 1.194383e+02
    endloop
  endfacet
  facet normal -9.249494e-01 2.336768e-15 3.800902e-01
    outer loop
      vertex   -2.287147e+02 1.797609e+02 1.194383e+02
      vertex   -2.287147e+02 2.022609e+02 1.194383e+02
      vertex   -2.293125e+02 1.797609e+02 1.179834e+02
    endloop
  endfacet
  facet normal -9.249494e-01 2.336768e-15 3.800902e-01
    outer loop
      vertex   -2.293125e+02 1.797609e+02 1.179834e+02
      vertex   -2.287147e+02 2.022609e+02 1.194383e+02
      vertex   -2.293125e+02 2.022609e+02 1.179834e+02
    endloop
  endfacet
  facet normal -8.539080e-01 2.157291e-15 5.204240e-01
    outer loop
      vertex   -2.293125e+02 1.797609e+02 1.179834e+02
      vertex   -2.293125e+02 2.022609e+02 1.179834e+02
      vertex   -2.301311e+02 1.797609e+02 1.166403e+02
    endloop
  endfacet
  facet normal -8.539080e-01 1.078646e-15 5.204240e-01
    outer loop
      vertex   -2.301311e+02 1.797609e+02 1.166403e+02
      vertex   -2.293125e+02 2.022609e+02 1.179834e+02
      vertex   -2.301311e+02 2.022609e+02 1.166403e+02
    endloop
  endfacet
  facet normal -7.617404e-01 9.622206e-16 6.478824e-01
    outer loop
      vertex   -2.301311e+02 1.797609e+02 1.166403e+02
      vertex   -2.301311e+02 2.022609e+02 1.166403e+02
      vertex   -2.311502e+02 1.797609e+02 1.154422e+02
    endloop
  endfacet
  facet normal -7.617404e-01 9.622206e-16 6.478824e-01
    outer loop
      vertex   -2.311502e+02 1.797609e+02 1.154422e+02
      vertex   -2.301311e+02 2.022609e+02 1.166403e+02
      vertex   -2.311502e+02 2.022609e+02 1.154422e+02
    endloop
  endfacet
  facet normal -6.507270e-01 8.219900e-16 7.593118e-01
    outer loop
      vertex   -2.311502e+02 1.797609e+02 1.154422e+02
      vertex   -2.311502e+02 2.022609e+02 1.154422e+02
      vertex   -2.323445e+02 1.797609e+02 1.144186e+02
    endloop
  endfacet
  facet normal -6.507270e-01 1.643980e-15 7.593118e-01
    outer loop
      vertex   -2.323445e+02 1.797609e+02 1.144186e+02
      vertex   -2.311502e+02 2.022609e+02 1.154422e+02
      vertex   -2.323445e+02 2.022609e+02 1.144186e+02
    endloop
  endfacet
  facet normal -5.236143e-01 1.322846e-15 8.519554e-01
    outer loop
      vertex   -2.323445e+02 1.797609e+02 1.144186e+02
      vertex   -2.323445e+02 2.022609e+02 1.144186e+02
      vertex   -2.336846e+02 1.797609e+02 1.135950e+02
    endloop
  endfacet
  facet normal -5.236143e-01 1.322846e-15 8.519554e-01
    outer loop
      vertex   -2.336846e+02 1.797609e+02 1.135950e+02
      vertex   -2.323445e+02 2.022609e+02 1.144186e+02
      vertex   -2.336846e+02 2.022609e+02 1.135950e+02
    endloop
  endfacet
  facet normal -3.835472e-01 9.689837e-16 9.235213e-01
    outer loop
      vertex   -2.336846e+02 1.797609e+02 1.135950e+02
      vertex   -2.336846e+02 2.022609e+02 1.135950e+02
      vertex   -2.351372e+02 1.797609e+02 1.129918e+02
    endloop
  endfacet
  facet normal -3.835472e-01 -9.879823e-17 9.235213e-01
    outer loop
      vertex   -2.351372e+02 1.797609e+02 1.129918e+02
      vertex   -2.336846e+02 2.022609e+02 1.135950e+02
      vertex   -2.351372e+02 2.022609e+02 1.129918e+02
    endloop
  endfacet
  facet normal -2.339909e-01 -3.184855e-16 9.722388e-01
    outer loop
      vertex   -2.351372e+02 1.797609e+02 1.129918e+02
      vertex   -2.351372e+02 2.022609e+02 1.129918e+02
      vertex   -2.366664e+02 1.797609e+02 1.126237e+02
    endloop
  endfacet
  facet normal -2.339909e-01 9.096340e-16 9.722388e-01
    outer loop
      vertex   -2.366664e+02 1.797609e+02 1.126237e+02
      vertex   -2.351372e+02 2.022609e+02 1.129918e+02
      vertex   -2.366664e+02 2.022609e+02 1.126237e+02
    endloop
  endfacet
  facet normal -7.864554e-02 7.289813e-16 9.969026e-01
    outer loop
      vertex   -2.366664e+02 1.797609e+02 1.126237e+02
      vertex   -2.366664e+02 2.022609e+02 1.126237e+02
      vertex   -2.382345e+02 2.022609e+02 1.125000e+02
    endloop
  endfacet
  facet normal -7.864554e-02 7.786533e-16 9.969026e-01
    outer loop
      vertex   -2.382345e+02 2.022609e+02 1.125000e+02
      vertex   -2.382345e+02 1.572609e+02 1.125000e+02
      vertex   -2.366664e+02 1.797609e+02 1.126237e+02
    endloop
  endfacet
  facet normal -7.864554e-02 -5.302932e-16 9.969026e-01
    outer loop
      vertex   -2.366664e+02 1.797609e+02 1.126237e+02
      vertex   -2.382345e+02 1.572609e+02 1.125000e+02
      vertex   -2.366664e+02 1.572609e+02 1.126237e+02
    endloop
  endfacet
  facet normal -2.339909e-01 -3.184855e-16 9.722388e-01
    outer loop
      vertex   -2.366664e+02 1.797609e+02 1.126237e+02
      vertex   -2.366664e+02 1.572609e+02 1.126237e+02
      vertex   -2.351372e+02 1.797609e+02 1.129918e+02
    endloop
  endfacet
  facet normal -2.339909e-01 9.096340e-16 9.722388e-01
    outer loop
      vertex   -2.351372e+02 1.797609e+02 1.129918e+02
      vertex   -2.366664e+02 1.572609e+02 1.126237e+02
      vertex   -2.351372e+02 1.572609e+02 1.129918e+02
    endloop
  endfacet
  facet normal -3.835472e-01 1.067782e-15 9.235213e-01
    outer loop
      vertex   -2.351372e+02 1.797609e+02 1.129918e+02
      vertex   -2.351372e+02 1.572609e+02 1.129918e+02
      vertex   -2.336846e+02 1.797609e+02 1.135950e+02
    endloop
  endfacet
  facet normal -3.835472e-01 4.844918e-16 9.235213e-01
    outer loop
      vertex   -2.336846e+02 1.797609e+02 1.135950e+02
      vertex   -2.351372e+02 1.572609e+02 1.129918e+02
      vertex   -2.336846e+02 1.572609e+02 1.135950e+02
    endloop
  endfacet
  facet normal -5.236143e-01 6.614229e-16 8.519554e-01
    outer loop
      vertex   -2.336846e+02 1.797609e+02 1.135950e+02
      vertex   -2.336846e+02 1.572609e+02 1.135950e+02
      vertex   -2.323445e+02 1.797609e+02 1.144186e+02
    endloop
  endfacet
  facet normal -5.236143e-01 6.614229e-16 8.519554e-01
    outer loop
      vertex   -2.323445e+02 1.797609e+02 1.144186e+02
      vertex   -2.336846e+02 1.572609e+02 1.135950e+02
      vertex   -2.323445e+02 1.572609e+02 1.144186e+02
    endloop
  endfacet
  facet normal -6.507270e-01 8.219900e-16 7.593118e-01
    outer loop
      vertex   -2.323445e+02 1.797609e+02 1.144186e+02
      vertex   -2.323445e+02 1.572609e+02 1.144186e+02
      vertex   -2.311502e+02 1.797609e+02 1.154422e+02
    endloop
  endfacet
  facet normal -6.507270e-01 1.643980e-15 7.593118e-01
    outer loop
      vertex   -2.311502e+02 1.797609e+02 1.154422e+02
      vertex   -2.323445e+02 1.572609e+02 1.144186e+02
      vertex   -2.311502e+02 1.572609e+02 1.154422e+02
    endloop
  endfacet
  facet normal -7.617404e-01 1.924441e-15 6.478824e-01
    outer loop
      vertex   -2.311502e+02 1.797609e+02 1.154422e+02
      vertex   -2.311502e+02 1.572609e+02 1.154422e+02
      vertex   -2.301311e+02 1.797609e+02 1.166403e+02
    endloop
  endfacet
  facet normal -7.617404e-01 1.924441e-15 6.478824e-01
    outer loop
      vertex   -2.301311e+02 1.797609e+02 1.166403e+02
      vertex   -2.311502e+02 1.572609e+02 1.154422e+02
      vertex   -2.301311e+02 1.572609e+02 1.166403e+02
    endloop
  endfacet
  facet normal -8.539080e-01 2.157291e-15 5.204240e-01
    outer loop
      vertex   -2.301311e+02 1.797609e+02 1.166403e+02
      vertex   -2.301311e+02 1.572609e+02 1.166403e+02
      vertex   -2.293125e+02 1.797609e+02 1.179834e+02
    endloop
  endfacet
  facet normal -8.539080e-01 1.078646e-15 5.204240e-01
    outer loop
      vertex   -2.293125e+02 1.797609e+02 1.179834e+02
      vertex   -2.301311e+02 1.572609e+02 1.166403e+02
      vertex   -2.293125e+02 1.572609e+02 1.179834e+02
    endloop
  endfacet
  facet normal -9.249494e-01 1.168384e-15 3.800902e-01
    outer loop
      vertex   -2.293125e+02 1.797609e+02 1.179834e+02
      vertex   -2.293125e+02 1.572609e+02 1.179834e+02
      vertex   -2.287147e+02 1.797609e+02 1.194383e+02
    endloop
  endfacet
  facet normal -9.249494e-01 1.168384e-15 3.800902e-01
    outer loop
      vertex   -2.287147e+02 1.797609e+02 1.194383e+02
      vertex   -2.293125e+02 1.572609e+02 1.179834e+02
      vertex   -2.287147e+02 1.572609e+02 1.194383e+02
    endloop
  endfacet
  facet normal 1.354228e-13 -2.298350e-14 1.000000e+00
    outer loop
      vertex   -2.290000e+02 2.022609e+02 1.125000e+02
      vertex   -2.290000e+02 2.610000e+02 1.125000e+02
      vertex   -2.382345e+02 2.022609e+02 1.125000e+02
    endloop
  endfacet
  facet normal -3.693809e-08 5.807081e-09 1.000000e+00
    outer loop
      vertex   -2.382345e+02 2.022609e+02 1.125000e+02
      vertex   -2.290000e+02 2.610000e+02 1.125000e+02
      vertex   -3.000000e+02 2.610000e+02 1.125000e+02
    endloop
  endfacet
  facet normal -4.246063e-08 7.899080e-23 1.000000e+00
    outer loop
      vertex   -2.382345e+02 2.022609e+02 1.125000e+02
      vertex   -3.000000e+02 2.610000e+02 1.125000e+02
      vertex   -3.000000e+02 1.110000e+02 1.125000e+02
    endloop
  endfacet
  facet normal -4.246063e-08 6.315936e-16 1.000000e+00
    outer loop
      vertex   -2.382345e+02 2.022609e+02 1.125000e+02
      vertex   -3.000000e+02 1.110000e+02 1.125000e+02
      vertex   -2.382345e+02 1.572609e+02 1.125000e+02
    endloop
  endfacet
  facet normal -3.693809e-08 -7.373466e-09 1.000000e+00
    outer loop
      vertex   -2.382345e+02 1.572609e+02 1.125000e+02
      vertex   -3.000000e+02 1.110000e+02 1.125000e+02
      vertex   -2.290000e+02 1.110000e+02 1.125000e+02
    endloop
  endfacet
  facet normal -1.231116e-14 -9.913907e-23 1.000000e+00
    outer loop
      vertex   -2.382345e+02 1.572609e+02 1.125000e+02
      vertex   -2.290000e+02 1.110000e+02 1.125000e+02
      vertex   -2.290000e+02 1.572609e+02 1.125000e+02
    endloop
  endfacet
  facet normal 8.660254e-01 7.312963e-14 -5.000000e-01
    outer loop
      vertex   -2.290000e+02 1.572609e+02 8.746343e+01
      vertex   -2.290000e+02 2.022609e+02 8.746343e+01
      vertex   -2.266702e+02 1.572609e+02 9.149870e+01
    endloop
  endfacet
  facet normal 8.660254e-01 7.412518e-14 -5.000000e-01
    outer loop
      vertex   -2.266702e+02 1.572609e+02 9.149870e+01
      vertex   -2.290000e+02 2.022609e+02 8.746343e+01
      vertex   -2.266702e+02 2.022609e+02 9.149870e+01
    endloop
  endfacet
  facet normal -1.101746e-01 -0.000000e+00 -9.939122e-01
    outer loop
      vertex   -2.248914e+02 2.022609e+02 6.138133e+01
      vertex   -2.248914e+02 1.572609e+02 6.138133e+01
      vertex   -2.249635e+02 2.022609e+02 6.138932e+01
    endloop
  endfacet
  facet normal -1.101746e-01 4.762006e-14 -9.939122e-01
    outer loop
      vertex   -2.249635e+02 2.022609e+02 6.138932e+01
      vertex   -2.248914e+02 1.572609e+02 6.138133e+01
      vertex   -2.249635e+02 1.572609e+02 6.138932e+01
    endloop
  endfacet
  facet normal -1.607025e-01 4.761299e-14 -9.870029e-01
    outer loop
      vertex   -2.249635e+02 2.022609e+02 6.138932e+01
      vertex   -2.249635e+02 1.572609e+02 6.138932e+01
      vertex   -2.250350e+02 2.022609e+02 6.140096e+01
    endloop
  endfacet
  facet normal -1.607025e-01 4.459037e-14 -9.870029e-01
    outer loop
      vertex   -2.250350e+02 2.022609e+02 6.140096e+01
      vertex   -2.249635e+02 1.572609e+02 6.138932e+01
      vertex   -2.250350e+02 1.572609e+02 6.140096e+01
    endloop
  endfacet
  facet normal -2.108123e-01 4.461898e-14 -9.775266e-01
    outer loop
      vertex   -2.250350e+02 2.022609e+02 6.140096e+01
      vertex   -2.250350e+02 1.572609e+02 6.140096e+01
      vertex   -2.251058e+02 2.022609e+02 6.141623e+01
    endloop
  endfacet
  facet normal -2.108123e-01 -0.000000e+00 -9.775266e-01
    outer loop
      vertex   -2.251058e+02 2.022609e+02 6.141623e+01
      vertex   -2.250350e+02 1.572609e+02 6.140096e+01
      vertex   -2.251058e+02 1.572609e+02 6.141623e+01
    endloop
  endfacet
  facet normal 1.000000e+00 -6.342055e-09 -5.321829e-08
    outer loop
      vertex   -2.290000e+02 2.610000e+02 1.125000e+02
      vertex   -2.290000e+02 2.022609e+02 1.125000e+02
      vertex   -2.290000e+02 2.610000e+02 1.055000e+02
    endloop
  endfacet
  facet normal 1.000000e+00 1.500965e-14 -5.676040e-14
    outer loop
      vertex   -2.290000e+02 2.610000e+02 1.055000e+02
      vertex   -2.290000e+02 2.022609e+02 1.125000e+02
      vertex   -2.290000e+02 2.022609e+02 8.746343e+01
    endloop
  endfacet
  facet normal 1.000000e+00 -2.419316e-15 0.000000e+00
    outer loop
      vertex   -2.290000e+02 2.610000e+02 1.055000e+02
      vertex   -2.290000e+02 2.022609e+02 8.746343e+01
      vertex   -2.290000e+02 2.610000e+02 8.550000e+01
    endloop
  endfacet
  facet normal 1.000000e+00 2.177385e-14 7.237752e-13
    outer loop
      vertex   -2.290000e+02 2.610000e+02 8.550000e+01
      vertex   -2.290000e+02 2.022609e+02 8.746343e+01
      vertex   -2.290000e+02 2.022609e+02 8.550000e+01
    endloop
  endfacet
  facet normal 1.000000e+00 -2.526374e-15 7.237752e-13
    outer loop
      vertex   -2.290000e+02 2.022609e+02 8.550000e+01
      vertex   -2.290000e+02 2.022609e+02 8.746343e+01
      vertex   -2.290000e+02 1.572609e+02 8.746343e+01
    endloop
  endfacet
  facet normal 1.000000e+00 -3.284286e-14 2.895101e-14
    outer loop
      vertex   -2.290000e+02 2.022609e+02 8.550000e+01
      vertex   -2.290000e+02 1.572609e+02 8.746343e+01
      vertex   -2.290000e+02 1.572609e+02 8.550000e+01
    endloop
  endfacet
  facet normal 1.000000e+00 0.000000e+00 2.895101e-14
    outer loop
      vertex   -2.290000e+02 1.572609e+02 8.550000e+01
      vertex   -2.290000e+02 1.572609e+02 8.746343e+01
      vertex   -2.290000e+02 1.110000e+02 8.550000e+01
    endloop
  endfacet
  facet normal 1.000000e+00 5.855977e-10 -1.379735e-08
    outer loop
      vertex   -2.290000e+02 1.110000e+02 8.550000e+01
      vertex   -2.290000e+02 1.572609e+02 8.746343e+01
      vertex   -2.290000e+02 1.110000e+02 1.125000e+02
    endloop
  endfacet
  facet normal 1.000000e+00 8.052778e-09 -2.270415e-15
    outer loop
      vertex   -2.290000e+02 1.110000e+02 1.125000e+02
      vertex   -2.290000e+02 1.572609e+02 8.746343e+01
      vertex   -2.290000e+02 1.572609e+02 1.125000e+02
    endloop
  endfacet
  facet normal 1.000000e+00 -1.894781e-15 0.000000e+00
    outer loop
      vertex   -2.290000e+02 1.572609e+02 8.549870e+01
      vertex   -2.290000e+02 2.022609e+02 8.549870e+01
      vertex   -2.290000e+02 1.572609e+02 8.550000e+01
    endloop
  endfacet
  facet normal 1.000000e+00 -3.284286e-14 -1.069954e-09
    outer loop
      vertex   -2.290000e+02 1.572609e+02 8.550000e+01
      vertex   -2.290000e+02 2.022609e+02 8.549870e+01
      vertex   -2.290000e+02 2.022609e+02 8.550000e+01
    endloop
  endfacet
  facet normal -1.596553e-08 1.000000e+00 -1.619361e-07
    outer loop
      vertex   -3.000000e+02 2.610000e+02 1.055000e+02
      vertex   -3.000000e+02 2.610000e+02 1.125000e+02
      vertex   -2.290000e+02 2.610000e+02 1.055000e+02
    endloop
  endfacet
  facet normal 4.803669e-15 1.000000e+00 -8.120486e-15
    outer loop
      vertex   -2.290000e+02 2.610000e+02 1.055000e+02
      vertex   -3.000000e+02 2.610000e+02 1.125000e+02
      vertex   -2.290000e+02 2.610000e+02 1.125000e+02
    endloop
  endfacet
  facet normal -1.596553e-08 1.000000e+00 1.192087e-08
    outer loop
      vertex   -2.691250e+02 2.610000e+02 9.487500e+01
      vertex   -3.000000e+02 2.610000e+02 8.550000e+01
      vertex   -2.748750e+02 2.610000e+02 9.487500e+01
    endloop
  endfacet
  facet normal -1.151744e-08 1.000000e+00 0.000000e+00
    outer loop
      vertex   -2.748750e+02 2.610000e+02 9.487500e+01
      vertex   -3.000000e+02 2.610000e+02 8.550000e+01
      vertex   -3.000000e+02 2.610000e+02 1.055000e+02
    endloop
  endfacet
  facet normal -1.151744e-08 1.000000e+00 0.000000e+00
    outer loop
      vertex   -2.748750e+02 2.610000e+02 9.487500e+01
      vertex   -3.000000e+02 2.610000e+02 1.055000e+02
      vertex   -2.748750e+02 2.610000e+02 1.016250e+02
    endloop
  endfacet
  facet normal -1.596553e-08 1.000000e+00 -2.884083e-08
    outer loop
      vertex   -2.748750e+02 2.610000e+02 1.016250e+02
      vertex   -3.000000e+02 2.610000e+02 1.055000e+02
      vertex   -2.691250e+02 2.610000e+02 1.016250e+02
    endloop
  endfacet
  facet normal -1.596553e-08 1.000000e+00 -2.884085e-08
    outer loop
      vertex   -2.691250e+02 2.610000e+02 1.016250e+02
      vertex   -3.000000e+02 2.610000e+02 1.055000e+02
      vertex   -2.290000e+02 2.610000e+02 1.055000e+02
    endloop
  endfacet
  facet normal -1.875078e-08 1.000000e+00 0.000000e+00
    outer loop
      vertex   -2.691250e+02 2.610000e+02 1.016250e+02
      vertex   -2.290000e+02 2.610000e+02 1.055000e+02
      vertex   -2.691250e+02 2.610000e+02 9.487500e+01
    endloop
  endfacet
  facet normal -1.875078e-08 1.000000e+00 0.000000e+00
    outer loop
      vertex   -2.691250e+02 2.610000e+02 9.487500e+01
      vertex   -2.290000e+02 2.610000e+02 1.055000e+02
      vertex   -2.290000e+02 2.610000e+02 8.550000e+01
    endloop
  endfacet
  facet normal -1.596553e-08 1.000000e+00 1.192088e-08
    outer loop
      vertex   -2.691250e+02 2.610000e+02 9.487500e+01
      vertex   -2.290000e+02 2.610000e+02 8.550000e+01
      vertex   -3.000000e+02 2.610000e+02 8.550000e+01
    endloop
  endfacet
  facet normal -1.164824e-15 1.164824e-15 -1.000000e+00
    outer loop
      vertex   -2.950000e+02 2.560000e+02 8.550000e+01
      vertex   -2.290000e+02 2.610000e+02 8.550000e+01
      vertex   -2.340000e+02 2.560000e+02 8.550000e+01
    endloop
  endfacet
  facet normal -2.346738e-14 2.346737e-14 -1.000000e+00
    outer loop
      vertex   -2.340000e+02 2.560000e+02 8.550000e+01
      vertex   -2.290000e+02 2.610000e+02 8.550000e+01
      vertex   -2.290000e+02 2.022609e+02 8.550000e+01
    endloop
  endfacet
  facet normal -1.080838e-27 2.565082e-14 -1.000000e+00
    outer loop
      vertex   -2.340000e+02 2.560000e+02 8.550000e+01
      vertex   -2.290000e+02 2.022609e+02 8.550000e+01
      vertex   -2.316702e+02 2.022609e+02 8.550000e+01
    endloop
  endfacet
  facet normal -8.729525e-15 2.030122e-16 -1.000000e+00
    outer loop
      vertex   -2.950000e+02 1.160000e+02 8.550000e+01
      vertex   -3.000000e+02 1.110000e+02 8.550000e+01
      vertex   -2.950000e+02 2.560000e+02 8.550000e+01
    endloop
  endfacet
  facet normal 1.364242e-14 -5.684342e-16 -1.000000e+00
    outer loop
      vertex   -2.950000e+02 2.560000e+02 8.550000e+01
      vertex   -3.000000e+02 1.110000e+02 8.550000e+01
      vertex   -3.000000e+02 2.610000e+02 8.550000e+01
    endloop
  endfacet
  facet normal 2.268838e-22 -1.421085e-14 -1.000000e+00
    outer loop
      vertex   -2.950000e+02 2.560000e+02 8.550000e+01
      vertex   -3.000000e+02 2.610000e+02 8.550000e+01
      vertex   -2.290000e+02 2.610000e+02 8.550000e+01
    endloop
  endfacet
  facet normal -1.200917e-15 -7.325600e-15 -1.000000e+00
    outer loop
      vertex   -3.000000e+02 1.110000e+02 8.550000e+01
      vertex   -2.950000e+02 1.160000e+02 8.550000e+01
      vertex   -2.290000e+02 1.110000e+02 8.550000e+01
    endloop
  endfacet
  facet normal -6.988945e-16 -6.988949e-16 -1.000000e+00
    outer loop
      vertex   -2.290000e+02 1.110000e+02 8.550000e+01
      vertex   -2.950000e+02 1.160000e+02 8.550000e+01
      vertex   -2.340000e+02 1.160000e+02 8.550000e+01
    endloop
  endfacet
  facet normal 0.000000e+00 0.000000e+00 -1.000000e+00
    outer loop
      vertex   -2.290000e+02 1.110000e+02 8.550000e+01
      vertex   -2.340000e+02 1.160000e+02 8.550000e+01
      vertex   -2.290000e+02 1.572609e+02 8.550000e+01
    endloop
  endfacet
  facet normal 0.000000e+00 0.000000e+00 -1.000000e+00
    outer loop
      vertex   -2.290000e+02 1.572609e+02 8.550000e+01
      vertex   -2.340000e+02 1.160000e+02 8.550000e+01
      vertex   -2.316702e+02 1.572609e+02 8.550000e+01
    endloop
  endfacet
  facet normal 5.425086e-13 -3.063229e-14 -1.000000e+00
    outer loop
      vertex   -2.316702e+02 1.572609e+02 8.550000e+01
      vertex   -2.340000e+02 1.160000e+02 8.550000e+01
      vertex   -2.316702e+02 2.022609e+02 8.550000e+01
    endloop
  endfacet
  facet normal -5.916717e-13 8.408160e-28 -1.000000e+00
    outer loop
      vertex   -2.316702e+02 2.022609e+02 8.550000e+01
      vertex   -2.340000e+02 1.160000e+02 8.550000e+01
      vertex   -2.340000e+02 2.560000e+02 8.550000e+01
    endloop
  endfacet
  facet normal 0.000000e+00 -1.000000e+00 -3.031649e-15
    outer loop
      vertex   -2.748750e+02 2.560000e+02 9.487500e+01
      vertex   -2.950000e+02 2.560000e+02 8.550000e+01
      vertex   -2.691250e+02 2.560000e+02 9.487500e+01
    endloop
  endfacet
  facet normal -7.454875e-15 -1.000000e+00 1.754380e-14
    outer loop
      vertex   -2.691250e+02 2.560000e+02 9.487500e+01
      vertex   -2.950000e+02 2.560000e+02 8.550000e+01
      vertex   -2.340000e+02 2.560000e+02 8.550000e+01
    endloop
  endfacet
  facet normal -1.213738e-14 -1.000000e+00 0.000000e+00
    outer loop
      vertex   -2.691250e+02 2.560000e+02 9.487500e+01
      vertex   -2.340000e+02 2.560000e+02 8.550000e+01
      vertex   -2.340000e+02 2.560000e+02 1.055000e+02
    endloop
  endfacet
  facet normal 7.193694e-15 -1.000000e+00 -1.847411e-14
    outer loop
      vertex   -2.950000e+02 2.560000e+02 8.550000e+01
      vertex   -2.748750e+02 2.560000e+02 9.487500e+01
      vertex   -2.950000e+02 2.560000e+02 1.055000e+02
    endloop
  endfacet
  facet normal 1.694711e-14 -1.000000e+00 0.000000e+00
    outer loop
      vertex   -2.950000e+02 2.560000e+02 1.055000e+02
      vertex   -2.748750e+02 2.560000e+02 9.487500e+01
      vertex   -2.748750e+02 2.560000e+02 1.016250e+02
    endloop
  endfacet
  facet normal 0.000000e+00 -1.000000e+00 -8.801564e-14
    outer loop
      vertex   -2.950000e+02 2.560000e+02 1.055000e+02
      vertex   -2.748750e+02 2.560000e+02 1.016250e+02
      vertex   -2.691250e+02 2.560000e+02 1.016250e+02
    endloop
  endfacet
  facet normal -1.397789e-15 -1.000000e+00 -9.734927e-14
    outer loop
      vertex   -2.950000e+02 2.560000e+02 1.055000e+02
      vertex   -2.691250e+02 2.560000e+02 1.016250e+02
      vertex   -2.340000e+02 2.560000e+02 1.055000e+02
    endloop
  endfacet
  facet normal -1.213738e-14 -1.000000e+00 0.000000e+00
    outer loop
      vertex   -2.340000e+02 2.560000e+02 1.055000e+02
      vertex   -2.691250e+02 2.560000e+02 1.016250e+02
      vertex   -2.691250e+02 2.560000e+02 9.487500e+01
    endloop
  endfacet
  facet normal -1.863719e-15 2.648503e-30 -1.000000e+00
    outer loop
      vertex   -2.340000e+02 1.160000e+02 1.055000e+02
      vertex   -2.950000e+02 1.160000e+02 1.055000e+02
      vertex   -2.340000e+02 2.560000e+02 1.055000e+02
    endloop
  endfacet
  facet normal -1.135073e-30 -8.120488e-16 -1.000000e+00
    outer loop
      vertex   -2.340000e+02 2.560000e+02 1.055000e+02
      vertex   -2.950000e+02 1.160000e+02 1.055000e+02
      vertex   -2.950000e+02 2.560000e+02 1.055000e+02
    endloop
  endfacet
  facet normal 0.000000e+00 1.000000e+00 3.031649e-15
    outer loop
      vertex   -2.691250e+02 1.160000e+02 9.487500e+01
      vertex   -2.950000e+02 1.160000e+02 8.550000e+01
      vertex   -2.748750e+02 1.160000e+02 9.487500e+01
    endloop
  endfacet
  facet normal 1.412259e-15 1.000000e+00 0.000000e+00
    outer loop
      vertex   -2.748750e+02 1.160000e+02 9.487500e+01
      vertex   -2.950000e+02 1.160000e+02 8.550000e+01
      vertex   -2.950000e+02 1.160000e+02 1.055000e+02
    endloop
  endfacet
  facet normal 3.007583e-16 1.000000e+00 -2.105313e-15
    outer loop
      vertex   -2.748750e+02 1.160000e+02 9.487500e+01
      vertex   -2.950000e+02 1.160000e+02 1.055000e+02
      vertex   -2.748750e+02 1.160000e+02 1.016250e+02
    endloop
  endfacet
  facet normal 2.471453e-15 1.000000e+00 9.168286e-15
    outer loop
      vertex   -2.748750e+02 1.160000e+02 1.016250e+02
      vertex   -2.950000e+02 1.160000e+02 1.055000e+02
      vertex   -2.691250e+02 1.160000e+02 1.016250e+02
    endloop
  endfacet
  facet normal 6.755980e-15 1.000000e+00 3.777785e-14
    outer loop
      vertex   -2.691250e+02 1.160000e+02 1.016250e+02
      vertex   -2.950000e+02 1.160000e+02 1.055000e+02
      vertex   -2.340000e+02 1.160000e+02 1.055000e+02
    endloop
  endfacet
  facet normal 1.092365e-14 1.000000e+00 0.000000e+00
    outer loop
      vertex   -2.691250e+02 1.160000e+02 1.016250e+02
      vertex   -2.340000e+02 1.160000e+02 1.055000e+02
      vertex   -2.691250e+02 1.160000e+02 9.487500e+01
    endloop
  endfacet
  facet normal 1.092365e-14 1.000000e+00 0.000000e+00
    outer loop
      vertex   -2.691250e+02 1.160000e+02 9.487500e+01
      vertex   -2.340000e+02 1.160000e+02 1.055000e+02
      vertex   -2.340000e+02 1.160000e+02 8.550000e+01
    endloop
  endfacet
  facet normal 6.755980e-15 1.000000e+00 -1.561486e-14
    outer loop
      vertex   -2.691250e+02 1.160000e+02 9.487500e+01
      vertex   -2.340000e+02 1.160000e+02 8.550000e+01
      vertex   -2.950000e+02 1.160000e+02 8.550000e+01
    endloop
  endfacet
  facet normal 0.000000e+00 -1.000000e+00 -7.579123e-15
    outer loop
      vertex   -2.748750e+02 1.110000e+02 9.487500e+01
      vertex   -3.000000e+02 1.110000e+02 8.550000e+01
      vertex   -2.691250e+02 1.110000e+02 9.487500e+01
    endloop
  endfacet
  facet normal -7.005351e-15 -1.000000e+00 1.549183e-14
    outer loop
      vertex   -2.691250e+02 1.110000e+02 9.487500e+01
      vertex   -3.000000e+02 1.110000e+02 8.550000e+01
      vertex   -2.290000e+02 1.110000e+02 8.550000e+01
    endloop
  endfacet
  facet normal -1.062494e-14 -1.000000e+00 0.000000e+00
    outer loop
      vertex   -2.691250e+02 1.110000e+02 9.487500e+01
      vertex   -2.290000e+02 1.110000e+02 8.550000e+01
      vertex   -2.691250e+02 1.110000e+02 1.016250e+02
    endloop
  endfacet
  facet normal -9.567364e-15 -1.000000e+00 2.631640e-15
    outer loop
      vertex   -2.691250e+02 1.110000e+02 1.016250e+02
      vertex   -2.290000e+02 1.110000e+02 8.550000e+01
      vertex   -2.290000e+02 1.110000e+02 1.125000e+02
    endloop
  endfacet
  facet normal -5.404127e-15 -1.000000e+00 -1.272926e-14
    outer loop
      vertex   -2.691250e+02 1.110000e+02 1.016250e+02
      vertex   -2.290000e+02 1.110000e+02 1.125000e+02
      vertex   -3.000000e+02 1.110000e+02 1.125000e+02
    endloop
  endfacet
  facet normal -2.828031e-15 -1.000000e+00 0.000000e+00
    outer loop
      vertex   -2.748750e+02 1.110000e+02 9.487500e+01
      vertex   -2.748750e+02 1.110000e+02 1.016250e+02
      vertex   -3.000000e+02 1.110000e+02 8.550000e+01
    endloop
  endfacet
  facet normal -1.814653e-15 -1.000000e+00 -1.578984e-15
    outer loop
      vertex   -3.000000e+02 1.110000e+02 8.550000e+01
      vertex   -2.748750e+02 1.110000e+02 1.016250e+02
      vertex   -3.000000e+02 1.110000e+02 1.125000e+02
    endloop
  endfacet
  facet normal 0.000000e+00 -1.000000e+00 2.613490e-15
    outer loop
      vertex   -3.000000e+02 1.110000e+02 1.125000e+02
      vertex   -2.748750e+02 1.110000e+02 1.016250e+02
      vertex   -2.691250e+02 1.110000e+02 1.016250e+02
    endloop
  endfacet
  facet normal 1.000000e+00 -2.030122e-15 0.000000e+00
    outer loop
      vertex   -2.950000e+02 1.160000e+02 8.550000e+01
      vertex   -2.950000e+02 2.560000e+02 8.550000e+01
      vertex   -2.950000e+02 1.160000e+02 1.055000e+02
    endloop
  endfacet
  facet normal 1.000000e+00 -2.030122e-15 -3.692771e-29
    outer loop
      vertex   -2.950000e+02 1.160000e+02 1.055000e+02
      vertex   -2.950000e+02 2.560000e+02 8.550000e+01
      vertex   -2.950000e+02 2.560000e+02 1.055000e+02
    endloop
  endfacet
  facet normal -1.000000e+00 1.894781e-15 0.000000e+00
    outer loop
      vertex   -3.000000e+02 2.610000e+02 8.550000e+01
      vertex   -3.000000e+02 1.110000e+02 8.550000e+01
      vertex   -3.000000e+02 2.610000e+02 1.055000e+02
    endloop
  endfacet
  facet normal -1.000000e+00 1.894781e-15 1.595642e-30
    outer loop
      vertex   -3.000000e+02 2.610000e+02 1.055000e+02
      vertex   -3.000000e+02 1.110000e+02 8.550000e+01
      vertex   -3.000000e+02 1.110000e+02 1.125000e+02
    endloop
  endfacet
  facet normal -1.000000e+00 1.894781e-15 -3.068335e-22
    outer loop
      vertex   -3.000000e+02 2.610000e+02 1.055000e+02
      vertex   -3.000000e+02 1.110000e+02 1.125000e+02
      vertex   -3.000000e+02 2.610000e+02 1.125000e+02
    endloop
  endfacet
  facet normal -1.000000e+00 -0.000000e+00 -0.000000e+00
    outer loop
      vertex   -2.691250e+02 1.160000e+02 1.016250e+02
      vertex   -2.691250e+02 1.160000e+02 9.487500e+01
      vertex   -2.691250e+02 1.110000e+02 1.016250e+02
    endloop
  endfacet
  facet normal -1.000000e+00 0.000000e+00 0.000000e+00
    outer loop
      vertex   -2.691250e+02 1.110000e+02 1.016250e+02
      vertex   -2.691250e+02 1.160000e+02 9.487500e+01
      vertex   -2.691250e+02 1.110000e+02 9.487500e+01
    endloop
  endfacet
  facet normal 1.000000e+00 0.000000e+00 -0.000000e+00
    outer loop
      vertex   -2.748750e+02 1.160000e+02 9.487500e+01
      vertex   -2.748750e+02 1.160000e+02 1.016250e+02
      vertex   -2.748750e+02 1.110000e+02 9.487500e+01
    endloop
  endfacet
  facet normal 1.000000e+00 0.000000e+00 0.000000e+00
    outer loop
      vertex   -2.748750e+02 1.110000e+02 9.487500e+01
      vertex   -2.748750e+02 1.160000e+02 1.016250e+02
      vertex   -2.748750e+02 1.110000e+02 1.016250e+02
    endloop
  endfacet
  facet normal -0.000000e+00 0.000000e+00 1.000000e+00
    outer loop
      vertex   -2.748750e+02 1.160000e+02 9.487500e+01
      vertex   -2.748750e+02 1.110000e+02 9.487500e+01
      vertex   -2.691250e+02 1.160000e+02 9.487500e+01
    endloop
  endfacet
  facet normal 0.000000e+00 0.000000e+00 1.000000e+00
    outer loop
      vertex   -2.691250e+02 1.160000e+02 9.487500e+01
      vertex   -2.748750e+02 1.110000e+02 9.487500e+01
      vertex   -2.691250e+02 1.110000e+02 9.487500e+01
    endloop
  endfacet
  facet normal 1.000000e+00 -0.000000e+00 0.000000e+00
    outer loop
      vertex   -2.748750e+02 2.560000e+02 1.016250e+02
      vertex   -2.748750e+02 2.560000e+02 9.487500e+01
      vertex   -2.748750e+02 2.610000e+02 1.016250e+02
    endloop
  endfacet
  facet normal 1.000000e+00 0.000000e+00 0.000000e+00
    outer loop
      vertex   -2.748750e+02 2.610000e+02 1.016250e+02
      vertex   -2.748750e+02 2.560000e+02 9.487500e+01
      vertex   -2.748750e+02 2.610000e+02 9.487500e+01
    endloop
  endfacet
  facet normal 0.000000e+00 0.000000e+00 1.000000e+00
    outer loop
      vertex   -2.748750e+02 2.560000e+02 9.487500e+01
      vertex   -2.691250e+02 2.560000e+02 9.487500e+01
      vertex   -2.748750e+02 2.610000e+02 9.487500e+01
    endloop
  endfacet
  facet normal -0.000000e+00 0.000000e+00 1.000000e+00
    outer loop
      vertex   -2.748750e+02 2.610000e+02 9.487500e+01
      vertex   -2.691250e+02 2.560000e+02 9.487500e+01
      vertex   -2.691250e+02 2.610000e+02 9.487500e+01
    endloop
  endfacet
  facet normal -1.000000e+00 0.000000e+00 0.000000e+00
    outer loop
      vertex   -2.691250e+02 2.560000e+02 9.487500e+01
      vertex   -2.691250e+02 2.560000e+02 1.016250e+02
      vertex   -2.691250e+02 2.610000e+02 9.487500e+01
    endloop
  endfacet
  facet normal -1.000000e+00 0.000000e+00 0.000000e+00
    outer loop
      vertex   -2.691250e+02 2.610000e+02 9.487500e+01
      vertex   -2.691250e+02 2.560000e+02 1.016250e+02
      vertex   -2.691250e+02 2.610000e+02 1.016250e+02
    endloop
  endfacet
  facet normal -2.107289e-29 -8.526518e-15 -1.000000e+00
    outer loop
      vertex   -2.691250e+02 1.160000e+02 1.016250e+02
      vertex   -2.691250e+02 1.110000e+02 1.016250e+02
      vertex   -2.748750e+02 1.160000e+02 1.016250e+02
    endloop
  endfacet
  facet normal 0.000000e+00 -8.526518e-15 -1.000000e+00
    outer loop
      vertex   -2.748750e+02 1.160000e+02 1.016250e+02
      vertex   -2.691250e+02 1.110000e+02 1.016250e+02
      vertex   -2.748750e+02 1.110000e+02 1.016250e+02
    endloop
  endfacet
  facet normal 0.000000e+00 0.000000e+00 -1.000000e+00
    outer loop
      vertex   -2.748750e+02 2.560000e+02 1.016250e+02
      vertex   -2.748750e+02 2.610000e+02 1.016250e+02
      vertex   -2.691250e+02 2.560000e+02 1.016250e+02
    endloop
  endfacet
  facet normal 0.000000e+00 0.000000e+00 -1.000000e+00
    outer loop
      vertex   -2.691250e+02 2.560000e+02 1.016250e+02
      vertex   -2.748750e+02 2.610000e+02 1.016250e+02
      vertex   -2.691250e+02 2.610000e+02 1.016250e+02
    endloop
  endfacet
  facet normal -1.000000e+00 1.421085e-15 0.000000e+00
    outer loop
      vertex   -2.340000e+02 1.160000e+02 1.055000e+02
      vertex   -2.340000e+02 2.560000e+02 1.055000e+02
      vertex   -2.340000e+02 1.160000e+02 8.550000e+01
    endloop
  endfacet
  facet normal -1.000000e+00 1.421085e-15 0.000000e+00
    outer loop
      vertex   -2.340000e+02 1.160000e+02 8.550000e+01
      vertex   -2.340000e+02 2.560000e+02 1.055000e+02
      vertex   -2.340000e+02 2.560000e+02 8.550000e+01
    endloop
  endfacet
  facet normal -1.000000e+00 -5.305386e-14 0.000000e+00
    outer loop
      vertex   -2.316702e+02 2.022609e+02 8.549870e+01
      vertex   -2.316702e+02 1.572609e+02 8.549870e+01
      vertex   -2.316702e+02 2.022609e+02 8.550000e+01
    endloop
  endfacet
  facet normal -1.000000e+00 -5.305386e-14 0.000000e+00
    outer loop
      vertex   -2.316702e+02 2.022609e+02 8.550000e+01
      vertex   -2.316702e+02 1.572609e+02 8.549870e+01
      vertex   -2.316702e+02 1.572609e+02 8.550000e+01
    endloop
  endfacet
  facet normal 4.257552e-14 -1.000000e+00 0.000000e+00
    outer loop
      vertex   -2.290000e+02 1.572609e+02 8.550000e+01
      vertex   -2.316702e+02 1.572609e+02 8.550000e+01
      vertex   -2.290000e+02 1.572609e+02 8.549870e+01
    endloop
  endfacet
  facet normal 4.257552e-14 -1.000000e+00 0.000000e+00
    outer loop
      vertex   -2.290000e+02 1.572609e+02 8.549870e+01
      vertex   -2.316702e+02 1.572609e+02 8.550000e+01
      vertex   -2.316702e+02 1.572609e+02 8.549870e+01
    endloop
  endfacet
  facet normal -2.312576e-27 5.431704e-14 -1.000000e+00
    outer loop
      vertex   -2.290000e+02 2.022609e+02 8.549870e+01
      vertex   -2.290000e+02 1.572609e+02 8.549870e+01
      vertex   -2.316702e+02 2.022609e+02 8.549870e+01
    endloop
  endfacet
  facet normal 1.596582e-14 5.526444e-14 -1.000000e+00
    outer loop
      vertex   -2.316702e+02 2.022609e+02 8.549870e+01
      vertex   -2.290000e+02 1.572609e+02 8.549870e+01
      vertex   -2.316702e+02 1.572609e+02 8.549870e+01
    endloop
  endfacet
  facet normal -4.257552e-14 1.000000e+00 4.555385e-23
    outer loop
      vertex   -2.290000e+02 2.022609e+02 8.549870e+01
      vertex   -2.316702e+02 2.022609e+02 8.549870e+01
      vertex   -2.290000e+02 2.022609e+02 8.550000e+01
    endloop
  endfacet
  facet normal -4.257552e-14 1.000000e+00 0.000000e+00
    outer loop
      vertex   -2.290000e+02 2.022609e+02 8.550000e+01
      vertex   -2.316702e+02 2.022609e+02 8.549870e+01
      vertex   -2.316702e+02 2.022609e+02 8.550000e+01
    endloop
  endfacet
endsolid
