solid ASCII
  facet normal 0.000000e+00 1.000000e+00 0.000000e+00
    outer loop
      vertex   5.922500e+00 8.699959e+01 5.500000e+01
      vertex   5.922500e+00 8.699959e+01 6.002701e+01
      vertex   4.466112e+01 8.699959e+01 5.500000e+01
    endloop
  endfacet
  facet normal 0.000000e+00 1.000000e+00 -0.000000e+00
    outer loop
      vertex   4.466112e+01 8.699959e+01 5.500000e+01
      vertex   5.922500e+00 8.699959e+01 6.002701e+01
      vertex   4.466112e+01 8.699959e+01 6.002701e+01
    endloop
  endfacet
  facet normal -1.000000e+00 0.000000e+00 0.000000e+00
    outer loop
      vertex   5.922500e+00 4.743874e+01 5.500000e+01
      vertex   5.922500e+00 8.486209e+01 5.510163e+01
      vertex   5.922500e+00 8.699959e+01 5.500000e+01
    endloop
  endfacet
  facet normal -1.000000e+00 0.000000e+00 0.000000e+00
    outer loop
      vertex   5.922500e+00 8.699959e+01 5.500000e+01
      vertex   5.922500e+00 8.486209e+01 5.510163e+01
      vertex   5.922500e+00 8.486209e+01 5.781676e+01
    endloop
  endfacet
  facet normal -1.000000e+00 0.000000e+00 0.000000e+00
    outer loop
      vertex   5.922500e+00 8.699959e+01 5.500000e+01
      vertex   5.922500e+00 8.486209e+01 5.781676e+01
      vertex   5.922500e+00 8.699959e+01 6.002701e+01
    endloop
  endfacet
  facet normal -1.000000e+00 0.000000e+00 0.000000e+00
    outer loop
      vertex   5.922500e+00 8.699959e+01 6.002701e+01
      vertex   5.922500e+00 8.486209e+01 5.781676e+01
      vertex   5.922500e+00 8.484229e+01 5.798358e+01
    endloop
  endfacet
  facet normal -1.000000e+00 0.000000e+00 0.000000e+00
    outer loop
      vertex   5.922500e+00 8.699959e+01 6.002701e+01
      vertex   5.922500e+00 8.484229e+01 5.798358e+01
      vertex   5.922500e+00 8.478397e+01 5.814113e+01
    endloop
  endfacet
  facet normal -1.000000e+00 0.000000e+00 0.000000e+00
    outer loop
      vertex   5.922500e+00 4.743874e+01 5.500000e+01
      vertex   5.922500e+00 4.743874e+01 5.510163e+01
      vertex   5.922500e+00 8.486209e+01 5.510163e+01
    endloop
  endfacet
  facet normal -1.000000e+00 0.000000e+00 0.000000e+00
    outer loop
      vertex   5.922500e+00 8.478397e+01 5.814113e+01
      vertex   5.922500e+00 8.469040e+01 5.828064e+01
      vertex   5.922500e+00 8.699959e+01 6.002701e+01
    endloop
  endfacet
  facet normal -1.000000e+00 0.000000e+00 0.000000e+00
    outer loop
      vertex   5.922500e+00 8.699959e+01 6.002701e+01
      vertex   5.922500e+00 8.469040e+01 5.828064e+01
      vertex   5.922500e+00 8.456675e+01 5.839437e+01
    endloop
  endfacet
  facet normal -1.000000e+00 0.000000e+00 0.000000e+00
    outer loop
      vertex   5.922500e+00 8.699959e+01 6.002701e+01
      vertex   5.922500e+00 8.456675e+01 5.839437e+01
      vertex   5.922500e+00 8.441992e+01 5.847599e+01
    endloop
  endfacet
  facet normal -1.000000e+00 0.000000e+00 0.000000e+00
    outer loop
      vertex   5.922500e+00 8.441992e+01 5.847599e+01
      vertex   5.922500e+00 8.425806e+01 5.852096e+01
      vertex   5.922500e+00 8.699959e+01 6.002701e+01
    endloop
  endfacet
  facet normal -1.000000e+00 0.000000e+00 0.000000e+00
    outer loop
      vertex   5.922500e+00 8.699959e+01 6.002701e+01
      vertex   5.922500e+00 8.425806e+01 5.852096e+01
      vertex   5.922500e+00 8.409017e+01 5.852678e+01
    endloop
  endfacet
  facet normal -1.000000e+00 -0.000000e+00 0.000000e+00
    outer loop
      vertex   5.922500e+00 8.699959e+01 6.002701e+01
      vertex   5.922500e+00 8.409017e+01 5.852678e+01
      vertex   5.922500e+00 8.622767e+01 6.073703e+01
    endloop
  endfacet
  facet normal -1.000000e+00 0.000000e+00 0.000000e+00
    outer loop
      vertex   5.922500e+00 8.622767e+01 6.073703e+01
      vertex   5.922500e+00 8.409017e+01 5.852678e+01
      vertex   5.922500e+00 4.710788e+01 5.746322e+01
    endloop
  endfacet
  facet normal -1.000000e+00 0.000000e+00 -0.000000e+00
    outer loop
      vertex   5.922500e+00 4.710788e+01 5.746322e+01
      vertex   5.922500e+00 8.409017e+01 5.852678e+01
      vertex   5.922500e+00 4.627862e+01 5.688434e+01
    endloop
  endfacet
  facet normal -1.000000e+00 0.000000e+00 0.000000e+00
    outer loop
      vertex   5.922500e+00 4.710788e+01 5.746322e+01
      vertex   5.922500e+00 4.627862e+01 5.688434e+01
      vertex   5.922500e+00 4.642085e+01 5.710673e+01
    endloop
  endfacet
  facet normal -1.000000e+00 0.000000e+00 0.000000e+00
    outer loop
      vertex   5.922500e+00 4.727953e+01 5.544622e+01
      vertex   5.922500e+00 4.618662e+01 5.636902e+01
      vertex   5.922500e+00 8.409017e+01 5.852678e+01
    endloop
  endfacet
  facet normal -1.000000e+00 0.000000e+00 0.000000e+00
    outer loop
      vertex   5.922500e+00 8.409017e+01 5.852678e+01
      vertex   5.922500e+00 4.618662e+01 5.636902e+01
      vertex   5.922500e+00 4.619872e+01 5.663273e+01
    endloop
  endfacet
  facet normal -1.000000e+00 0.000000e+00 0.000000e+00
    outer loop
      vertex   5.922500e+00 8.409017e+01 5.852678e+01
      vertex   5.922500e+00 4.619872e+01 5.663273e+01
      vertex   5.922500e+00 4.627862e+01 5.688434e+01
    endloop
  endfacet
  facet normal -1.000000e+00 0.000000e+00 0.000000e+00
    outer loop
      vertex   5.922500e+00 4.701583e+01 5.545870e+01
      vertex   5.922500e+00 4.676434e+01 5.553894e+01
      vertex   5.922500e+00 4.727953e+01 5.544622e+01
    endloop
  endfacet
  facet normal -1.000000e+00 0.000000e+00 0.000000e+00
    outer loop
      vertex   5.922500e+00 4.727953e+01 5.544622e+01
      vertex   5.922500e+00 4.676434e+01 5.553894e+01
      vertex   5.922500e+00 4.654214e+01 5.568149e+01
    endloop
  endfacet
  facet normal -1.000000e+00 0.000000e+00 0.000000e+00
    outer loop
      vertex   5.922500e+00 4.727953e+01 5.544622e+01
      vertex   5.922500e+00 4.654214e+01 5.568149e+01
      vertex   5.922500e+00 4.636437e+01 5.587665e+01
    endloop
  endfacet
  facet normal -1.000000e+00 0.000000e+00 0.000000e+00
    outer loop
      vertex   5.922500e+00 4.636437e+01 5.587665e+01
      vertex   5.922500e+00 4.624311e+01 5.611114e+01
      vertex   5.922500e+00 4.727953e+01 5.544622e+01
    endloop
  endfacet
  facet normal -1.000000e+00 0.000000e+00 0.000000e+00
    outer loop
      vertex   5.922500e+00 4.727953e+01 5.544622e+01
      vertex   5.922500e+00 4.624311e+01 5.611114e+01
      vertex   5.922500e+00 4.618662e+01 5.636902e+01
    endloop
  endfacet
  facet normal -1.000000e+00 0.000000e+00 0.000000e+00
    outer loop
      vertex   5.922500e+00 4.642085e+01 5.710673e+01
      vertex   5.922500e+00 4.661576e+01 5.728478e+01
      vertex   5.922500e+00 4.710788e+01 5.746322e+01
    endloop
  endfacet
  facet normal -1.000000e+00 0.000000e+00 0.000000e+00
    outer loop
      vertex   5.922500e+00 4.710788e+01 5.746322e+01
      vertex   5.922500e+00 4.661576e+01 5.728478e+01
      vertex   5.922500e+00 4.685008e+01 5.740637e+01
    endloop
  endfacet
  facet normal -1.000000e+00 -0.000000e+00 -0.000000e+00
    outer loop
      vertex   5.922500e+00 8.639556e+01 6.073121e+01
      vertex   5.922500e+00 8.655742e+01 6.068624e+01
      vertex   5.922500e+00 8.622767e+01 6.073703e+01
    endloop
  endfacet
  facet normal -1.000000e+00 0.000000e+00 0.000000e+00
    outer loop
      vertex   5.922500e+00 8.622767e+01 6.073703e+01
      vertex   5.922500e+00 8.655742e+01 6.068624e+01
      vertex   5.922500e+00 8.670425e+01 6.060462e+01
    endloop
  endfacet
  facet normal -1.000000e+00 0.000000e+00 0.000000e+00
    outer loop
      vertex   5.922500e+00 8.622767e+01 6.073703e+01
      vertex   5.922500e+00 8.670425e+01 6.060462e+01
      vertex   5.922500e+00 8.682789e+01 6.049089e+01
    endloop
  endfacet
  facet normal -1.000000e+00 -0.000000e+00 -0.000000e+00
    outer loop
      vertex   5.922500e+00 8.682789e+01 6.049089e+01
      vertex   5.922500e+00 8.692147e+01 6.035138e+01
      vertex   5.922500e+00 8.622767e+01 6.073703e+01
    endloop
  endfacet
  facet normal -1.000000e+00 0.000000e+00 0.000000e+00
    outer loop
      vertex   5.922500e+00 8.622767e+01 6.073703e+01
      vertex   5.922500e+00 8.692147e+01 6.035138e+01
      vertex   5.922500e+00 8.697978e+01 6.019383e+01
    endloop
  endfacet
  facet normal -1.000000e+00 0.000000e+00 0.000000e+00
    outer loop
      vertex   5.922500e+00 8.622767e+01 6.073703e+01
      vertex   5.922500e+00 8.697978e+01 6.019383e+01
      vertex   5.922500e+00 8.699959e+01 6.002701e+01
    endloop
  endfacet
  facet normal 1.000000e+00 -0.000000e+00 0.000000e+00
    outer loop
      vertex   4.466112e+01 4.743874e+01 5.510163e+01
      vertex   4.466112e+01 4.743874e+01 5.500000e+01
      vertex   4.466112e+01 8.486209e+01 5.510163e+01
    endloop
  endfacet
  facet normal 1.000000e+00 0.000000e+00 0.000000e+00
    outer loop
      vertex   4.466112e+01 8.486209e+01 5.510163e+01
      vertex   4.466112e+01 4.743874e+01 5.500000e+01
      vertex   4.466112e+01 8.699959e+01 5.500000e+01
    endloop
  endfacet
  facet normal 1.000000e+00 -0.000000e+00 0.000000e+00
    outer loop
      vertex   4.466112e+01 8.486209e+01 5.510163e+01
      vertex   4.466112e+01 8.699959e+01 5.500000e+01
      vertex   4.466112e+01 8.486209e+01 5.781676e+01
    endloop
  endfacet
  facet normal 1.000000e+00 -0.000000e+00 0.000000e+00
    outer loop
      vertex   4.466112e+01 8.486209e+01 5.781676e+01
      vertex   4.466112e+01 8.699959e+01 5.500000e+01
      vertex   4.466112e+01 8.699959e+01 6.002701e+01
    endloop
  endfacet
  facet normal 1.000000e+00 0.000000e+00 -0.000000e+00
    outer loop
      vertex   4.466112e+01 8.486209e+01 5.781676e+01
      vertex   4.466112e+01 8.699959e+01 6.002701e+01
      vertex   4.466112e+01 8.484229e+01 5.798358e+01
    endloop
  endfacet
  facet normal 1.000000e+00 0.000000e+00 -0.000000e+00
    outer loop
      vertex   4.466112e+01 8.484229e+01 5.798358e+01
      vertex   4.466112e+01 8.699959e+01 6.002701e+01
      vertex   4.466112e+01 8.478397e+01 5.814113e+01
    endloop
  endfacet
  facet normal 1.000000e+00 0.000000e+00 -0.000000e+00
    outer loop
      vertex   4.466112e+01 8.478397e+01 5.814113e+01
      vertex   4.466112e+01 8.699959e+01 6.002701e+01
      vertex   4.466112e+01 8.469040e+01 5.828064e+01
    endloop
  endfacet
  facet normal 1.000000e+00 0.000000e+00 -0.000000e+00
    outer loop
      vertex   4.466112e+01 8.469040e+01 5.828064e+01
      vertex   4.466112e+01 8.699959e+01 6.002701e+01
      vertex   4.466112e+01 8.456675e+01 5.839437e+01
    endloop
  endfacet
  facet normal 1.000000e+00 0.000000e+00 -0.000000e+00
    outer loop
      vertex   4.466112e+01 8.456675e+01 5.839437e+01
      vertex   4.466112e+01 8.699959e+01 6.002701e+01
      vertex   4.466112e+01 8.441992e+01 5.847599e+01
    endloop
  endfacet
  facet normal 1.000000e+00 0.000000e+00 -0.000000e+00
    outer loop
      vertex   4.466112e+01 8.441992e+01 5.847599e+01
      vertex   4.466112e+01 8.699959e+01 6.002701e+01
      vertex   4.466112e+01 8.425806e+01 5.852096e+01
    endloop
  endfacet
  facet normal 1.000000e+00 0.000000e+00 -0.000000e+00
    outer loop
      vertex   4.466112e+01 8.425806e+01 5.852096e+01
      vertex   4.466112e+01 8.699959e+01 6.002701e+01
      vertex   4.466112e+01 8.409017e+01 5.852678e+01
    endloop
  endfacet
  facet normal 1.000000e+00 0.000000e+00 0.000000e+00
    outer loop
      vertex   4.466112e+01 8.409017e+01 5.852678e+01
      vertex   4.466112e+01 8.699959e+01 6.002701e+01
      vertex   4.466112e+01 8.622767e+01 6.073703e+01
    endloop
  endfacet
  facet normal 1.000000e+00 0.000000e+00 -0.000000e+00
    outer loop
      vertex   4.466112e+01 8.409017e+01 5.852678e+01
      vertex   4.466112e+01 8.622767e+01 6.073703e+01
      vertex   4.466112e+01 4.710788e+01 5.746322e+01
    endloop
  endfacet
  facet normal 1.000000e+00 0.000000e+00 0.000000e+00
    outer loop
      vertex   4.466112e+01 8.699959e+01 6.002701e+01
      vertex   4.466112e+01 8.697978e+01 6.019383e+01
      vertex   4.466112e+01 8.622767e+01 6.073703e+01
    endloop
  endfacet
  facet normal 1.000000e+00 0.000000e+00 0.000000e+00
    outer loop
      vertex   4.466112e+01 8.622767e+01 6.073703e+01
      vertex   4.466112e+01 8.697978e+01 6.019383e+01
      vertex   4.466112e+01 8.692147e+01 6.035138e+01
    endloop
  endfacet
  facet normal 1.000000e+00 0.000000e+00 0.000000e+00
    outer loop
      vertex   4.466112e+01 8.622767e+01 6.073703e+01
      vertex   4.466112e+01 8.692147e+01 6.035138e+01
      vertex   4.466112e+01 8.682789e+01 6.049089e+01
    endloop
  endfacet
  facet normal 1.000000e+00 0.000000e+00 0.000000e+00
    outer loop
      vertex   4.466112e+01 8.682789e+01 6.049089e+01
      vertex   4.466112e+01 8.670425e+01 6.060462e+01
      vertex   4.466112e+01 8.622767e+01 6.073703e+01
    endloop
  endfacet
  facet normal 1.000000e+00 0.000000e+00 0.000000e+00
    outer loop
      vertex   4.466112e+01 8.622767e+01 6.073703e+01
      vertex   4.466112e+01 8.670425e+01 6.060462e+01
      vertex   4.466112e+01 8.655742e+01 6.068624e+01
    endloop
  endfacet
  facet normal 1.000000e+00 0.000000e+00 0.000000e+00
    outer loop
      vertex   4.466112e+01 8.622767e+01 6.073703e+01
      vertex   4.466112e+01 8.655742e+01 6.068624e+01
      vertex   4.466112e+01 8.639556e+01 6.073121e+01
    endloop
  endfacet
  facet normal 1.000000e+00 -0.000000e+00 0.000000e+00
    outer loop
      vertex   4.466112e+01 4.685008e+01 5.740637e+01
      vertex   4.466112e+01 4.661576e+01 5.728478e+01
      vertex   4.466112e+01 4.710788e+01 5.746322e+01
    endloop
  endfacet
  facet normal 1.000000e+00 0.000000e+00 0.000000e+00
    outer loop
      vertex   4.466112e+01 4.710788e+01 5.746322e+01
      vertex   4.466112e+01 4.661576e+01 5.728478e+01
      vertex   4.466112e+01 4.642085e+01 5.710673e+01
    endloop
  endfacet
  facet normal 1.000000e+00 0.000000e+00 0.000000e+00
    outer loop
      vertex   4.466112e+01 4.710788e+01 5.746322e+01
      vertex   4.466112e+01 4.642085e+01 5.710673e+01
      vertex   4.466112e+01 4.627862e+01 5.688434e+01
    endloop
  endfacet
  facet normal 1.000000e+00 -0.000000e+00 0.000000e+00
    outer loop
      vertex   4.466112e+01 4.710788e+01 5.746322e+01
      vertex   4.466112e+01 4.627862e+01 5.688434e+01
      vertex   4.466112e+01 8.409017e+01 5.852678e+01
    endloop
  endfacet
  facet normal 1.000000e+00 0.000000e+00 0.000000e+00
    outer loop
      vertex   4.466112e+01 8.409017e+01 5.852678e+01
      vertex   4.466112e+01 4.627862e+01 5.688434e+01
      vertex   4.466112e+01 4.619872e+01 5.663273e+01
    endloop
  endfacet
  facet normal 1.000000e+00 0.000000e+00 0.000000e+00
    outer loop
      vertex   4.466112e+01 8.409017e+01 5.852678e+01
      vertex   4.466112e+01 4.619872e+01 5.663273e+01
      vertex   4.466112e+01 4.618662e+01 5.636902e+01
    endloop
  endfacet
  facet normal 1.000000e+00 0.000000e+00 0.000000e+00
    outer loop
      vertex   4.466112e+01 8.409017e+01 5.852678e+01
      vertex   4.466112e+01 4.618662e+01 5.636902e+01
      vertex   4.466112e+01 4.727953e+01 5.544622e+01
    endloop
  endfacet
  facet normal 1.000000e+00 0.000000e+00 0.000000e+00
    outer loop
      vertex   4.466112e+01 4.727953e+01 5.544622e+01
      vertex   4.466112e+01 4.618662e+01 5.636902e+01
      vertex   4.466112e+01 4.624311e+01 5.611114e+01
    endloop
  endfacet
  facet normal 1.000000e+00 0.000000e+00 0.000000e+00
    outer loop
      vertex   4.466112e+01 4.727953e+01 5.544622e+01
      vertex   4.466112e+01 4.624311e+01 5.611114e+01
      vertex   4.466112e+01 4.636437e+01 5.587665e+01
    endloop
  endfacet
  facet normal 1.000000e+00 0.000000e+00 0.000000e+00
    outer loop
      vertex   4.466112e+01 4.636437e+01 5.587665e+01
      vertex   4.466112e+01 4.654214e+01 5.568149e+01
      vertex   4.466112e+01 4.727953e+01 5.544622e+01
    endloop
  endfacet
  facet normal 1.000000e+00 0.000000e+00 0.000000e+00
    outer loop
      vertex   4.466112e+01 4.727953e+01 5.544622e+01
      vertex   4.466112e+01 4.654214e+01 5.568149e+01
      vertex   4.466112e+01 4.676434e+01 5.553894e+01
    endloop
  endfacet
  facet normal 1.000000e+00 0.000000e+00 0.000000e+00
    outer loop
      vertex   4.466112e+01 4.727953e+01 5.544622e+01
      vertex   4.466112e+01 4.676434e+01 5.553894e+01
      vertex   4.466112e+01 4.701583e+01 5.545870e+01
    endloop
  endfacet
  facet normal 0.000000e+00 -1.000000e+00 3.042350e-09
    outer loop
      vertex   4.466112e+01 8.486209e+01 5.510163e+01
      vertex   4.466112e+01 8.486209e+01 5.781676e+01
      vertex   5.922500e+00 8.486209e+01 5.510163e+01
    endloop
  endfacet
  facet normal 0.000000e+00 -1.000000e+00 3.042350e-09
    outer loop
      vertex   5.922500e+00 8.486209e+01 5.510163e+01
      vertex   4.466112e+01 8.486209e+01 5.781676e+01
      vertex   5.922500e+00 8.486209e+01 5.781676e+01
    endloop
  endfacet
  facet normal -0.000000e+00 -9.930268e-01 -1.178887e-01
    outer loop
      vertex   4.466112e+01 8.486209e+01 5.781676e+01
      vertex   2.353097e+01 8.484229e+01 5.798358e+01
      vertex   5.922500e+00 8.486209e+01 5.781676e+01
    endloop
  endfacet
  facet normal 0.000000e+00 -9.930268e-01 -1.178887e-01
    outer loop
      vertex   5.922500e+00 8.486209e+01 5.781676e+01
      vertex   2.353097e+01 8.484229e+01 5.798358e+01
      vertex   2.000927e+01 8.484229e+01 5.798358e+01
    endloop
  endfacet
  facet normal 0.000000e+00 -9.930268e-01 -1.178887e-01
    outer loop
      vertex   5.922500e+00 8.486209e+01 5.781676e+01
      vertex   2.000927e+01 8.484229e+01 5.798358e+01
      vertex   1.648758e+01 8.484229e+01 5.798358e+01
    endloop
  endfacet
  facet normal 0.000000e+00 -9.378235e-01 -3.471125e-01
    outer loop
      vertex   1.648758e+01 8.484229e+01 5.798358e+01
      vertex   2.000927e+01 8.484229e+01 5.798358e+01
      vertex   1.648758e+01 8.478397e+01 5.814113e+01
    endloop
  endfacet
  facet normal 0.000000e+00 -9.378235e-01 -3.471125e-01
    outer loop
      vertex   1.648758e+01 8.484229e+01 5.798358e+01
      vertex   1.648758e+01 8.478397e+01 5.814113e+01
      vertex   1.296589e+01 8.478397e+01 5.814113e+01
    endloop
  endfacet
  facet normal 0.000000e+00 -8.304857e-01 -5.570400e-01
    outer loop
      vertex   1.296589e+01 8.478397e+01 5.814113e+01
      vertex   1.648758e+01 8.478397e+01 5.814113e+01
      vertex   1.296589e+01 8.469040e+01 5.828064e+01
    endloop
  endfacet
  facet normal 0.000000e+00 -8.304857e-01 -5.570400e-01
    outer loop
      vertex   1.296589e+01 8.478397e+01 5.814113e+01
      vertex   1.296589e+01 8.469040e+01 5.828064e+01
      vertex   9.444193e+00 8.469040e+01 5.828064e+01
    endloop
  endfacet
  facet normal 0.000000e+00 -6.769804e-01 -7.360011e-01
    outer loop
      vertex   9.444193e+00 8.469040e+01 5.828064e+01
      vertex   1.296589e+01 8.469040e+01 5.828064e+01
      vertex   9.444193e+00 8.456675e+01 5.839437e+01
    endloop
  endfacet
  facet normal 0.000000e+00 -6.769804e-01 -7.360011e-01
    outer loop
      vertex   9.444193e+00 8.469040e+01 5.828064e+01
      vertex   9.444193e+00 8.456675e+01 5.839437e+01
      vertex   5.922500e+00 8.456675e+01 5.839437e+01
    endloop
  endfacet
  facet normal 0.000000e+00 -4.858411e-01 -8.740472e-01
    outer loop
      vertex   5.922500e+00 8.456675e+01 5.839437e+01
      vertex   9.444193e+00 8.456675e+01 5.839437e+01
      vertex   5.922500e+00 8.441992e+01 5.847599e+01
    endloop
  endfacet
  facet normal 0.000000e+00 -4.858411e-01 -8.740472e-01
    outer loop
      vertex   5.922500e+00 8.441992e+01 5.847599e+01
      vertex   9.444193e+00 8.456675e+01 5.839437e+01
      vertex   9.444193e+00 8.441992e+01 5.847599e+01
    endloop
  endfacet
  facet normal 0.000000e+00 -2.676934e-01 -9.635041e-01
    outer loop
      vertex   5.922500e+00 8.441992e+01 5.847599e+01
      vertex   9.444193e+00 8.441992e+01 5.847599e+01
      vertex   5.922500e+00 8.425806e+01 5.852096e+01
    endloop
  endfacet
  facet normal -3.887964e-15 -2.676934e-01 -9.635041e-01
    outer loop
      vertex   5.922500e+00 8.425806e+01 5.852096e+01
      vertex   9.444193e+00 8.441992e+01 5.847599e+01
      vertex   9.444193e+00 8.425806e+01 5.852096e+01
    endloop
  endfacet
  facet normal -4.032808e-15 -3.466440e-02 -9.993990e-01
    outer loop
      vertex   5.922500e+00 8.425806e+01 5.852096e+01
      vertex   9.444193e+00 8.425806e+01 5.852096e+01
      vertex   5.922500e+00 8.409017e+01 5.852678e+01
    endloop
  endfacet
  facet normal 0.000000e+00 -3.466440e-02 -9.993990e-01
    outer loop
      vertex   5.922500e+00 8.409017e+01 5.852678e+01
      vertex   9.444193e+00 8.425806e+01 5.852096e+01
      vertex   1.296589e+01 8.425806e+01 5.852096e+01
    endloop
  endfacet
  facet normal 0.000000e+00 -3.466440e-02 -9.993990e-01
    outer loop
      vertex   5.922500e+00 8.409017e+01 5.852678e+01
      vertex   1.296589e+01 8.425806e+01 5.852096e+01
      vertex   1.648758e+01 8.425806e+01 5.852096e+01
    endloop
  endfacet
  facet normal -0.000000e+00 -2.676934e-01 -9.635041e-01
    outer loop
      vertex   1.648758e+01 8.425806e+01 5.852096e+01
      vertex   1.296589e+01 8.425806e+01 5.852096e+01
      vertex   1.648758e+01 8.441992e+01 5.847599e+01
    endloop
  endfacet
  facet normal 0.000000e+00 -2.676934e-01 -9.635041e-01
    outer loop
      vertex   1.648758e+01 8.425806e+01 5.852096e+01
      vertex   1.648758e+01 8.441992e+01 5.847599e+01
      vertex   2.000927e+01 8.441992e+01 5.847599e+01
    endloop
  endfacet
  facet normal -0.000000e+00 -4.858411e-01 -8.740472e-01
    outer loop
      vertex   2.000927e+01 8.441992e+01 5.847599e+01
      vertex   1.648758e+01 8.441992e+01 5.847599e+01
      vertex   2.000927e+01 8.456675e+01 5.839437e+01
    endloop
  endfacet
  facet normal 0.000000e+00 -4.858411e-01 -8.740472e-01
    outer loop
      vertex   2.000927e+01 8.441992e+01 5.847599e+01
      vertex   2.000927e+01 8.456675e+01 5.839437e+01
      vertex   2.353097e+01 8.456675e+01 5.839437e+01
    endloop
  endfacet
  facet normal -0.000000e+00 -6.769804e-01 -7.360011e-01
    outer loop
      vertex   2.353097e+01 8.456675e+01 5.839437e+01
      vertex   2.000927e+01 8.456675e+01 5.839437e+01
      vertex   2.353097e+01 8.469040e+01 5.828064e+01
    endloop
  endfacet
  facet normal 0.000000e+00 -6.769804e-01 -7.360011e-01
    outer loop
      vertex   2.353097e+01 8.456675e+01 5.839437e+01
      vertex   2.353097e+01 8.469040e+01 5.828064e+01
      vertex   2.705266e+01 8.469040e+01 5.828064e+01
    endloop
  endfacet
  facet normal -0.000000e+00 -8.304857e-01 -5.570400e-01
    outer loop
      vertex   2.705266e+01 8.469040e+01 5.828064e+01
      vertex   2.353097e+01 8.469040e+01 5.828064e+01
      vertex   2.705266e+01 8.478397e+01 5.814113e+01
    endloop
  endfacet
  facet normal 0.000000e+00 -8.304857e-01 -5.570400e-01
    outer loop
      vertex   2.705266e+01 8.469040e+01 5.828064e+01
      vertex   2.705266e+01 8.478397e+01 5.814113e+01
      vertex   3.057435e+01 8.478397e+01 5.814113e+01
    endloop
  endfacet
  facet normal -0.000000e+00 -9.378235e-01 -3.471125e-01
    outer loop
      vertex   3.057435e+01 8.478397e+01 5.814113e+01
      vertex   2.705266e+01 8.478397e+01 5.814113e+01
      vertex   3.057435e+01 8.484229e+01 5.798358e+01
    endloop
  endfacet
  facet normal 0.000000e+00 -9.378235e-01 -3.471125e-01
    outer loop
      vertex   3.057435e+01 8.478397e+01 5.814113e+01
      vertex   3.057435e+01 8.484229e+01 5.798358e+01
      vertex   3.409605e+01 8.484229e+01 5.798358e+01
    endloop
  endfacet
  facet normal -0.000000e+00 -9.930268e-01 -1.178887e-01
    outer loop
      vertex   3.409605e+01 8.484229e+01 5.798358e+01
      vertex   3.057435e+01 8.484229e+01 5.798358e+01
      vertex   4.466112e+01 8.486209e+01 5.781676e+01
    endloop
  endfacet
  facet normal 0.000000e+00 -9.930268e-01 -1.178887e-01
    outer loop
      vertex   3.409605e+01 8.484229e+01 5.798358e+01
      vertex   4.466112e+01 8.486209e+01 5.781676e+01
      vertex   3.761774e+01 8.484229e+01 5.798358e+01
    endloop
  endfacet
  facet normal 0.000000e+00 -9.930268e-01 -1.178887e-01
    outer loop
      vertex   3.761774e+01 8.484229e+01 5.798358e+01
      vertex   4.466112e+01 8.486209e+01 5.781676e+01
      vertex   4.113943e+01 8.484229e+01 5.798358e+01
    endloop
  endfacet
  facet normal 0.000000e+00 -9.378235e-01 -3.471125e-01
    outer loop
      vertex   3.761774e+01 8.484229e+01 5.798358e+01
      vertex   4.113943e+01 8.484229e+01 5.798358e+01
      vertex   3.761774e+01 8.478397e+01 5.814113e+01
    endloop
  endfacet
  facet normal 0.000000e+00 -9.378235e-01 -3.471125e-01
    outer loop
      vertex   3.761774e+01 8.478397e+01 5.814113e+01
      vertex   4.113943e+01 8.484229e+01 5.798358e+01
      vertex   4.113943e+01 8.478397e+01 5.814113e+01
    endloop
  endfacet
  facet normal 0.000000e+00 -8.304857e-01 -5.570400e-01
    outer loop
      vertex   3.761774e+01 8.478397e+01 5.814113e+01
      vertex   4.113943e+01 8.478397e+01 5.814113e+01
      vertex   3.761774e+01 8.469040e+01 5.828064e+01
    endloop
  endfacet
  facet normal 0.000000e+00 -8.304857e-01 -5.570400e-01
    outer loop
      vertex   3.761774e+01 8.469040e+01 5.828064e+01
      vertex   4.113943e+01 8.478397e+01 5.814113e+01
      vertex   4.113943e+01 8.469040e+01 5.828064e+01
    endloop
  endfacet
  facet normal 0.000000e+00 -6.769804e-01 -7.360011e-01
    outer loop
      vertex   3.761774e+01 8.469040e+01 5.828064e+01
      vertex   4.113943e+01 8.469040e+01 5.828064e+01
      vertex   3.761774e+01 8.456675e+01 5.839437e+01
    endloop
  endfacet
  facet normal 0.000000e+00 -6.769804e-01 -7.360011e-01
    outer loop
      vertex   3.761774e+01 8.456675e+01 5.839437e+01
      vertex   4.113943e+01 8.469040e+01 5.828064e+01
      vertex   4.113943e+01 8.456675e+01 5.839437e+01
    endloop
  endfacet
  facet normal 0.000000e+00 -4.858411e-01 -8.740472e-01
    outer loop
      vertex   3.761774e+01 8.456675e+01 5.839437e+01
      vertex   4.113943e+01 8.456675e+01 5.839437e+01
      vertex   3.761774e+01 8.441992e+01 5.847599e+01
    endloop
  endfacet
  facet normal 0.000000e+00 -4.858411e-01 -8.740472e-01
    outer loop
      vertex   3.761774e+01 8.441992e+01 5.847599e+01
      vertex   4.113943e+01 8.456675e+01 5.839437e+01
      vertex   4.113943e+01 8.441992e+01 5.847599e+01
    endloop
  endfacet
  facet normal 0.000000e+00 -2.676934e-01 -9.635041e-01
    outer loop
      vertex   3.761774e+01 8.441992e+01 5.847599e+01
      vertex   4.113943e+01 8.441992e+01 5.847599e+01
      vertex   3.761774e+01 8.425806e+01 5.852096e+01
    endloop
  endfacet
  facet normal 0.000000e+00 -2.676934e-01 -9.635041e-01
    outer loop
      vertex   3.761774e+01 8.425806e+01 5.852096e+01
      vertex   4.113943e+01 8.441992e+01 5.847599e+01
      vertex   4.113943e+01 8.425806e+01 5.852096e+01
    endloop
  endfacet
  facet normal 0.000000e+00 -3.466440e-02 -9.993990e-01
    outer loop
      vertex   3.761774e+01 8.425806e+01 5.852096e+01
      vertex   4.113943e+01 8.425806e+01 5.852096e+01
      vertex   4.466112e+01 8.409017e+01 5.852678e+01
    endloop
  endfacet
  facet normal 4.032858e-15 -3.466440e-02 -9.993990e-01
    outer loop
      vertex   4.466112e+01 8.409017e+01 5.852678e+01
      vertex   4.113943e+01 8.425806e+01 5.852096e+01
      vertex   4.466112e+01 8.425806e+01 5.852096e+01
    endloop
  endfacet
  facet normal 3.887964e-15 -2.676934e-01 -9.635041e-01
    outer loop
      vertex   4.466112e+01 8.425806e+01 5.852096e+01
      vertex   4.113943e+01 8.425806e+01 5.852096e+01
      vertex   4.466112e+01 8.441992e+01 5.847599e+01
    endloop
  endfacet
  facet normal -0.000000e+00 -2.676934e-01 -9.635041e-01
    outer loop
      vertex   4.466112e+01 8.441992e+01 5.847599e+01
      vertex   4.113943e+01 8.425806e+01 5.852096e+01
      vertex   4.113943e+01 8.441992e+01 5.847599e+01
    endloop
  endfacet
  facet normal -0.000000e+00 -4.858411e-01 -8.740472e-01
    outer loop
      vertex   4.466112e+01 8.441992e+01 5.847599e+01
      vertex   4.113943e+01 8.441992e+01 5.847599e+01
      vertex   4.466112e+01 8.456675e+01 5.839437e+01
    endloop
  endfacet
  facet normal 3.526985e-15 -4.858411e-01 -8.740472e-01
    outer loop
      vertex   4.466112e+01 8.456675e+01 5.839437e+01
      vertex   4.113943e+01 8.441992e+01 5.847599e+01
      vertex   4.113943e+01 8.456675e+01 5.839437e+01
    endloop
  endfacet
  facet normal 2.969936e-15 -6.769804e-01 -7.360011e-01
    outer loop
      vertex   4.466112e+01 8.456675e+01 5.839437e+01
      vertex   4.113943e+01 8.456675e+01 5.839437e+01
      vertex   4.466112e+01 8.469040e+01 5.828064e+01
    endloop
  endfacet
  facet normal -0.000000e+00 -6.769804e-01 -7.360011e-01
    outer loop
      vertex   4.466112e+01 8.469040e+01 5.828064e+01
      vertex   4.113943e+01 8.456675e+01 5.839437e+01
      vertex   4.113943e+01 8.469040e+01 5.828064e+01
    endloop
  endfacet
  facet normal -0.000000e+00 -8.304857e-01 -5.570400e-01
    outer loop
      vertex   4.466112e+01 8.469040e+01 5.828064e+01
      vertex   4.113943e+01 8.469040e+01 5.828064e+01
      vertex   4.466112e+01 8.478397e+01 5.814113e+01
    endloop
  endfacet
  facet normal -0.000000e+00 -8.304857e-01 -5.570400e-01
    outer loop
      vertex   4.466112e+01 8.478397e+01 5.814113e+01
      vertex   4.113943e+01 8.469040e+01 5.828064e+01
      vertex   4.113943e+01 8.478397e+01 5.814113e+01
    endloop
  endfacet
  facet normal -0.000000e+00 -9.378235e-01 -3.471125e-01
    outer loop
      vertex   4.466112e+01 8.478397e+01 5.814113e+01
      vertex   4.113943e+01 8.478397e+01 5.814113e+01
      vertex   4.466112e+01 8.484229e+01 5.798358e+01
    endloop
  endfacet
  facet normal -0.000000e+00 -9.378235e-01 -3.471125e-01
    outer loop
      vertex   4.466112e+01 8.484229e+01 5.798358e+01
      vertex   4.113943e+01 8.478397e+01 5.814113e+01
      vertex   4.113943e+01 8.484229e+01 5.798358e+01
    endloop
  endfacet
  facet normal -0.000000e+00 -9.930268e-01 -1.178887e-01
    outer loop
      vertex   4.466112e+01 8.484229e+01 5.798358e+01
      vertex   4.113943e+01 8.484229e+01 5.798358e+01
      vertex   4.466112e+01 8.486209e+01 5.781676e+01
    endloop
  endfacet
  facet normal 0.000000e+00 -3.466440e-02 -9.993990e-01
    outer loop
      vertex   5.922500e+00 8.409017e+01 5.852678e+01
      vertex   2.705266e+01 8.425806e+01 5.852096e+01
      vertex   4.466112e+01 8.409017e+01 5.852678e+01
    endloop
  endfacet
  facet normal 0.000000e+00 -3.466440e-02 -9.993990e-01
    outer loop
      vertex   4.466112e+01 8.409017e+01 5.852678e+01
      vertex   2.705266e+01 8.425806e+01 5.852096e+01
      vertex   3.057435e+01 8.425806e+01 5.852096e+01
    endloop
  endfacet
  facet normal 0.000000e+00 -3.466440e-02 -9.993990e-01
    outer loop
      vertex   4.466112e+01 8.409017e+01 5.852678e+01
      vertex   3.057435e+01 8.425806e+01 5.852096e+01
      vertex   3.409605e+01 8.425806e+01 5.852096e+01
    endloop
  endfacet
  facet normal -0.000000e+00 -2.676934e-01 -9.635041e-01
    outer loop
      vertex   3.409605e+01 8.425806e+01 5.852096e+01
      vertex   3.057435e+01 8.425806e+01 5.852096e+01
      vertex   3.409605e+01 8.441992e+01 5.847599e+01
    endloop
  endfacet
  facet normal 0.000000e+00 -2.676934e-01 -9.635041e-01
    outer loop
      vertex   3.409605e+01 8.425806e+01 5.852096e+01
      vertex   3.409605e+01 8.441992e+01 5.847599e+01
      vertex   3.761774e+01 8.441992e+01 5.847599e+01
    endloop
  endfacet
  facet normal -0.000000e+00 -4.858411e-01 -8.740472e-01
    outer loop
      vertex   3.761774e+01 8.441992e+01 5.847599e+01
      vertex   3.409605e+01 8.441992e+01 5.847599e+01
      vertex   3.761774e+01 8.456675e+01 5.839437e+01
    endloop
  endfacet
  facet normal 0.000000e+00 -6.769804e-01 -7.360011e-01
    outer loop
      vertex   5.922500e+00 8.456675e+01 5.839437e+01
      vertex   5.922500e+00 8.469040e+01 5.828064e+01
      vertex   9.444193e+00 8.469040e+01 5.828064e+01
    endloop
  endfacet
  facet normal -0.000000e+00 -8.304857e-01 -5.570400e-01
    outer loop
      vertex   9.444193e+00 8.469040e+01 5.828064e+01
      vertex   5.922500e+00 8.469040e+01 5.828064e+01
      vertex   9.444193e+00 8.478397e+01 5.814113e+01
    endloop
  endfacet
  facet normal 0.000000e+00 -8.304857e-01 -5.570400e-01
    outer loop
      vertex   9.444193e+00 8.469040e+01 5.828064e+01
      vertex   9.444193e+00 8.478397e+01 5.814113e+01
      vertex   1.296589e+01 8.478397e+01 5.814113e+01
    endloop
  endfacet
  facet normal -0.000000e+00 -9.378235e-01 -3.471125e-01
    outer loop
      vertex   1.296589e+01 8.478397e+01 5.814113e+01
      vertex   9.444193e+00 8.478397e+01 5.814113e+01
      vertex   1.296589e+01 8.484229e+01 5.798358e+01
    endloop
  endfacet
  facet normal 0.000000e+00 -9.378235e-01 -3.471125e-01
    outer loop
      vertex   1.296589e+01 8.478397e+01 5.814113e+01
      vertex   1.296589e+01 8.484229e+01 5.798358e+01
      vertex   1.648758e+01 8.484229e+01 5.798358e+01
    endloop
  endfacet
  facet normal -0.000000e+00 -9.930268e-01 -1.178887e-01
    outer loop
      vertex   1.648758e+01 8.484229e+01 5.798358e+01
      vertex   1.296589e+01 8.484229e+01 5.798358e+01
      vertex   5.922500e+00 8.486209e+01 5.781676e+01
    endloop
  endfacet
  facet normal 0.000000e+00 -8.304857e-01 -5.570400e-01
    outer loop
      vertex   5.922500e+00 8.469040e+01 5.828064e+01
      vertex   5.922500e+00 8.478397e+01 5.814113e+01
      vertex   9.444193e+00 8.478397e+01 5.814113e+01
    endloop
  endfacet
  facet normal -0.000000e+00 -9.378235e-01 -3.471125e-01
    outer loop
      vertex   9.444193e+00 8.478397e+01 5.814113e+01
      vertex   5.922500e+00 8.478397e+01 5.814113e+01
      vertex   9.444193e+00 8.484229e+01 5.798358e+01
    endloop
  endfacet
  facet normal 0.000000e+00 -9.378235e-01 -3.471125e-01
    outer loop
      vertex   9.444193e+00 8.478397e+01 5.814113e+01
      vertex   9.444193e+00 8.484229e+01 5.798358e+01
      vertex   1.296589e+01 8.484229e+01 5.798358e+01
    endloop
  endfacet
  facet normal -0.000000e+00 -9.930268e-01 -1.178887e-01
    outer loop
      vertex   1.296589e+01 8.484229e+01 5.798358e+01
      vertex   9.444193e+00 8.484229e+01 5.798358e+01
      vertex   5.922500e+00 8.486209e+01 5.781676e+01
    endloop
  endfacet
  facet normal 0.000000e+00 -9.378235e-01 -3.471125e-01
    outer loop
      vertex   5.922500e+00 8.478397e+01 5.814113e+01
      vertex   5.922500e+00 8.484229e+01 5.798358e+01
      vertex   9.444193e+00 8.484229e+01 5.798358e+01
    endloop
  endfacet
  facet normal -0.000000e+00 -9.930268e-01 -1.178887e-01
    outer loop
      vertex   9.444193e+00 8.484229e+01 5.798358e+01
      vertex   5.922500e+00 8.484229e+01 5.798358e+01
      vertex   5.922500e+00 8.486209e+01 5.781676e+01
    endloop
  endfacet
  facet normal 0.000000e+00 -9.378235e-01 -3.471125e-01
    outer loop
      vertex   3.409605e+01 8.484229e+01 5.798358e+01
      vertex   3.761774e+01 8.484229e+01 5.798358e+01
      vertex   3.409605e+01 8.478397e+01 5.814113e+01
    endloop
  endfacet
  facet normal 0.000000e+00 -9.378235e-01 -3.471125e-01
    outer loop
      vertex   3.409605e+01 8.478397e+01 5.814113e+01
      vertex   3.761774e+01 8.484229e+01 5.798358e+01
      vertex   3.761774e+01 8.478397e+01 5.814113e+01
    endloop
  endfacet
  facet normal 0.000000e+00 -8.304857e-01 -5.570400e-01
    outer loop
      vertex   3.409605e+01 8.478397e+01 5.814113e+01
      vertex   3.761774e+01 8.478397e+01 5.814113e+01
      vertex   3.409605e+01 8.469040e+01 5.828064e+01
    endloop
  endfacet
  facet normal 0.000000e+00 -8.304857e-01 -5.570400e-01
    outer loop
      vertex   3.409605e+01 8.469040e+01 5.828064e+01
      vertex   3.761774e+01 8.478397e+01 5.814113e+01
      vertex   3.761774e+01 8.469040e+01 5.828064e+01
    endloop
  endfacet
  facet normal 0.000000e+00 -6.769804e-01 -7.360011e-01
    outer loop
      vertex   3.409605e+01 8.469040e+01 5.828064e+01
      vertex   3.761774e+01 8.469040e+01 5.828064e+01
      vertex   3.409605e+01 8.456675e+01 5.839437e+01
    endloop
  endfacet
  facet normal 0.000000e+00 -6.769804e-01 -7.360011e-01
    outer loop
      vertex   3.409605e+01 8.456675e+01 5.839437e+01
      vertex   3.761774e+01 8.469040e+01 5.828064e+01
      vertex   3.761774e+01 8.456675e+01 5.839437e+01
    endloop
  endfacet
  facet normal 0.000000e+00 -4.858411e-01 -8.740472e-01
    outer loop
      vertex   3.409605e+01 8.456675e+01 5.839437e+01
      vertex   3.761774e+01 8.456675e+01 5.839437e+01
      vertex   3.409605e+01 8.441992e+01 5.847599e+01
    endloop
  endfacet
  facet normal 0.000000e+00 -9.930268e-01 -1.178887e-01
    outer loop
      vertex   2.353097e+01 8.484229e+01 5.798358e+01
      vertex   4.466112e+01 8.486209e+01 5.781676e+01
      vertex   2.705266e+01 8.484229e+01 5.798358e+01
    endloop
  endfacet
  facet normal 0.000000e+00 -9.930268e-01 -1.178887e-01
    outer loop
      vertex   2.705266e+01 8.484229e+01 5.798358e+01
      vertex   4.466112e+01 8.486209e+01 5.781676e+01
      vertex   3.057435e+01 8.484229e+01 5.798358e+01
    endloop
  endfacet
  facet normal 0.000000e+00 -9.378235e-01 -3.471125e-01
    outer loop
      vertex   2.705266e+01 8.484229e+01 5.798358e+01
      vertex   3.057435e+01 8.484229e+01 5.798358e+01
      vertex   2.705266e+01 8.478397e+01 5.814113e+01
    endloop
  endfacet
  facet normal 0.000000e+00 -9.378235e-01 -3.471125e-01
    outer loop
      vertex   2.353097e+01 8.484229e+01 5.798358e+01
      vertex   2.705266e+01 8.484229e+01 5.798358e+01
      vertex   2.353097e+01 8.478397e+01 5.814113e+01
    endloop
  endfacet
  facet normal 0.000000e+00 -9.378235e-01 -3.471125e-01
    outer loop
      vertex   2.353097e+01 8.478397e+01 5.814113e+01
      vertex   2.705266e+01 8.484229e+01 5.798358e+01
      vertex   2.705266e+01 8.478397e+01 5.814113e+01
    endloop
  endfacet
  facet normal 0.000000e+00 -8.304857e-01 -5.570400e-01
    outer loop
      vertex   2.353097e+01 8.478397e+01 5.814113e+01
      vertex   2.705266e+01 8.478397e+01 5.814113e+01
      vertex   2.353097e+01 8.469040e+01 5.828064e+01
    endloop
  endfacet
  facet normal 0.000000e+00 -9.378235e-01 -3.471125e-01
    outer loop
      vertex   2.000927e+01 8.484229e+01 5.798358e+01
      vertex   2.353097e+01 8.484229e+01 5.798358e+01
      vertex   2.000927e+01 8.478397e+01 5.814113e+01
    endloop
  endfacet
  facet normal 0.000000e+00 -9.378235e-01 -3.471125e-01
    outer loop
      vertex   2.000927e+01 8.478397e+01 5.814113e+01
      vertex   2.353097e+01 8.484229e+01 5.798358e+01
      vertex   2.353097e+01 8.478397e+01 5.814113e+01
    endloop
  endfacet
  facet normal 0.000000e+00 -8.304857e-01 -5.570400e-01
    outer loop
      vertex   2.000927e+01 8.478397e+01 5.814113e+01
      vertex   2.353097e+01 8.478397e+01 5.814113e+01
      vertex   2.000927e+01 8.469040e+01 5.828064e+01
    endloop
  endfacet
  facet normal 0.000000e+00 -8.304857e-01 -5.570400e-01
    outer loop
      vertex   2.000927e+01 8.469040e+01 5.828064e+01
      vertex   2.353097e+01 8.478397e+01 5.814113e+01
      vertex   2.353097e+01 8.469040e+01 5.828064e+01
    endloop
  endfacet
  facet normal 0.000000e+00 -6.769804e-01 -7.360011e-01
    outer loop
      vertex   2.000927e+01 8.469040e+01 5.828064e+01
      vertex   2.353097e+01 8.469040e+01 5.828064e+01
      vertex   2.000927e+01 8.456675e+01 5.839437e+01
    endloop
  endfacet
  facet normal 0.000000e+00 -9.378235e-01 -3.471125e-01
    outer loop
      vertex   3.409605e+01 8.484229e+01 5.798358e+01
      vertex   3.409605e+01 8.478397e+01 5.814113e+01
      vertex   3.057435e+01 8.478397e+01 5.814113e+01
    endloop
  endfacet
  facet normal 0.000000e+00 -8.304857e-01 -5.570400e-01
    outer loop
      vertex   3.057435e+01 8.478397e+01 5.814113e+01
      vertex   3.409605e+01 8.478397e+01 5.814113e+01
      vertex   3.057435e+01 8.469040e+01 5.828064e+01
    endloop
  endfacet
  facet normal 0.000000e+00 -8.304857e-01 -5.570400e-01
    outer loop
      vertex   3.057435e+01 8.478397e+01 5.814113e+01
      vertex   3.057435e+01 8.469040e+01 5.828064e+01
      vertex   2.705266e+01 8.469040e+01 5.828064e+01
    endloop
  endfacet
  facet normal 0.000000e+00 -6.769804e-01 -7.360011e-01
    outer loop
      vertex   2.705266e+01 8.469040e+01 5.828064e+01
      vertex   3.057435e+01 8.469040e+01 5.828064e+01
      vertex   2.705266e+01 8.456675e+01 5.839437e+01
    endloop
  endfacet
  facet normal -2.967374e-15 -6.769804e-01 -7.360011e-01
    outer loop
      vertex   2.705266e+01 8.469040e+01 5.828064e+01
      vertex   2.705266e+01 8.456675e+01 5.839437e+01
      vertex   2.353097e+01 8.456675e+01 5.839437e+01
    endloop
  endfacet
  facet normal -3.526985e-15 -4.858411e-01 -8.740472e-01
    outer loop
      vertex   2.353097e+01 8.456675e+01 5.839437e+01
      vertex   2.705266e+01 8.456675e+01 5.839437e+01
      vertex   2.353097e+01 8.441992e+01 5.847599e+01
    endloop
  endfacet
  facet normal 0.000000e+00 -4.858411e-01 -8.740472e-01
    outer loop
      vertex   2.353097e+01 8.456675e+01 5.839437e+01
      vertex   2.353097e+01 8.441992e+01 5.847599e+01
      vertex   2.000927e+01 8.441992e+01 5.847599e+01
    endloop
  endfacet
  facet normal 0.000000e+00 -2.676934e-01 -9.635041e-01
    outer loop
      vertex   2.000927e+01 8.441992e+01 5.847599e+01
      vertex   2.353097e+01 8.441992e+01 5.847599e+01
      vertex   2.000927e+01 8.425806e+01 5.852096e+01
    endloop
  endfacet
  facet normal 0.000000e+00 -2.676934e-01 -9.635041e-01
    outer loop
      vertex   2.000927e+01 8.441992e+01 5.847599e+01
      vertex   2.000927e+01 8.425806e+01 5.852096e+01
      vertex   1.648758e+01 8.425806e+01 5.852096e+01
    endloop
  endfacet
  facet normal 0.000000e+00 -3.466440e-02 -9.993990e-01
    outer loop
      vertex   1.648758e+01 8.425806e+01 5.852096e+01
      vertex   2.000927e+01 8.425806e+01 5.852096e+01
      vertex   5.922500e+00 8.409017e+01 5.852678e+01
    endloop
  endfacet
  facet normal 0.000000e+00 -8.304857e-01 -5.570400e-01
    outer loop
      vertex   3.057435e+01 8.469040e+01 5.828064e+01
      vertex   3.409605e+01 8.478397e+01 5.814113e+01
      vertex   3.409605e+01 8.469040e+01 5.828064e+01
    endloop
  endfacet
  facet normal 0.000000e+00 -9.378235e-01 -3.471125e-01
    outer loop
      vertex   2.000927e+01 8.484229e+01 5.798358e+01
      vertex   2.000927e+01 8.478397e+01 5.814113e+01
      vertex   1.648758e+01 8.478397e+01 5.814113e+01
    endloop
  endfacet
  facet normal 0.000000e+00 -8.304857e-01 -5.570400e-01
    outer loop
      vertex   1.648758e+01 8.478397e+01 5.814113e+01
      vertex   2.000927e+01 8.478397e+01 5.814113e+01
      vertex   1.648758e+01 8.469040e+01 5.828064e+01
    endloop
  endfacet
  facet normal 0.000000e+00 -8.304857e-01 -5.570400e-01
    outer loop
      vertex   1.648758e+01 8.478397e+01 5.814113e+01
      vertex   1.648758e+01 8.469040e+01 5.828064e+01
      vertex   1.296589e+01 8.469040e+01 5.828064e+01
    endloop
  endfacet
  facet normal 0.000000e+00 -6.769804e-01 -7.360011e-01
    outer loop
      vertex   1.296589e+01 8.469040e+01 5.828064e+01
      vertex   1.648758e+01 8.469040e+01 5.828064e+01
      vertex   1.296589e+01 8.456675e+01 5.839437e+01
    endloop
  endfacet
  facet normal 0.000000e+00 -6.769804e-01 -7.360011e-01
    outer loop
      vertex   1.296589e+01 8.469040e+01 5.828064e+01
      vertex   1.296589e+01 8.456675e+01 5.839437e+01
      vertex   9.444193e+00 8.456675e+01 5.839437e+01
    endloop
  endfacet
  facet normal 0.000000e+00 -4.858411e-01 -8.740472e-01
    outer loop
      vertex   9.444193e+00 8.456675e+01 5.839437e+01
      vertex   1.296589e+01 8.456675e+01 5.839437e+01
      vertex   9.444193e+00 8.441992e+01 5.847599e+01
    endloop
  endfacet
  facet normal 0.000000e+00 -8.304857e-01 -5.570400e-01
    outer loop
      vertex   1.648758e+01 8.469040e+01 5.828064e+01
      vertex   2.000927e+01 8.478397e+01 5.814113e+01
      vertex   2.000927e+01 8.469040e+01 5.828064e+01
    endloop
  endfacet
  facet normal 0.000000e+00 -6.769804e-01 -7.360011e-01
    outer loop
      vertex   3.057435e+01 8.469040e+01 5.828064e+01
      vertex   3.409605e+01 8.469040e+01 5.828064e+01
      vertex   3.057435e+01 8.456675e+01 5.839437e+01
    endloop
  endfacet
  facet normal 0.000000e+00 -6.769804e-01 -7.360011e-01
    outer loop
      vertex   3.057435e+01 8.456675e+01 5.839437e+01
      vertex   3.409605e+01 8.469040e+01 5.828064e+01
      vertex   3.409605e+01 8.456675e+01 5.839437e+01
    endloop
  endfacet
  facet normal 0.000000e+00 -4.858411e-01 -8.740472e-01
    outer loop
      vertex   3.057435e+01 8.456675e+01 5.839437e+01
      vertex   3.409605e+01 8.456675e+01 5.839437e+01
      vertex   3.057435e+01 8.441992e+01 5.847599e+01
    endloop
  endfacet
  facet normal 0.000000e+00 -4.858411e-01 -8.740472e-01
    outer loop
      vertex   3.057435e+01 8.441992e+01 5.847599e+01
      vertex   3.409605e+01 8.456675e+01 5.839437e+01
      vertex   3.409605e+01 8.441992e+01 5.847599e+01
    endloop
  endfacet
  facet normal 0.000000e+00 -2.676934e-01 -9.635041e-01
    outer loop
      vertex   3.057435e+01 8.441992e+01 5.847599e+01
      vertex   3.409605e+01 8.441992e+01 5.847599e+01
      vertex   3.057435e+01 8.425806e+01 5.852096e+01
    endloop
  endfacet
  facet normal 0.000000e+00 -6.769804e-01 -7.360011e-01
    outer loop
      vertex   1.648758e+01 8.469040e+01 5.828064e+01
      vertex   2.000927e+01 8.469040e+01 5.828064e+01
      vertex   1.648758e+01 8.456675e+01 5.839437e+01
    endloop
  endfacet
  facet normal 0.000000e+00 -6.769804e-01 -7.360011e-01
    outer loop
      vertex   1.648758e+01 8.456675e+01 5.839437e+01
      vertex   2.000927e+01 8.469040e+01 5.828064e+01
      vertex   2.000927e+01 8.456675e+01 5.839437e+01
    endloop
  endfacet
  facet normal 0.000000e+00 -4.858411e-01 -8.740472e-01
    outer loop
      vertex   1.648758e+01 8.456675e+01 5.839437e+01
      vertex   2.000927e+01 8.456675e+01 5.839437e+01
      vertex   1.648758e+01 8.441992e+01 5.847599e+01
    endloop
  endfacet
  facet normal 0.000000e+00 -6.769804e-01 -7.360011e-01
    outer loop
      vertex   3.057435e+01 8.469040e+01 5.828064e+01
      vertex   3.057435e+01 8.456675e+01 5.839437e+01
      vertex   2.705266e+01 8.456675e+01 5.839437e+01
    endloop
  endfacet
  facet normal 0.000000e+00 -4.858411e-01 -8.740472e-01
    outer loop
      vertex   2.705266e+01 8.456675e+01 5.839437e+01
      vertex   3.057435e+01 8.456675e+01 5.839437e+01
      vertex   2.705266e+01 8.441992e+01 5.847599e+01
    endloop
  endfacet
  facet normal 0.000000e+00 -4.858411e-01 -8.740472e-01
    outer loop
      vertex   2.705266e+01 8.456675e+01 5.839437e+01
      vertex   2.705266e+01 8.441992e+01 5.847599e+01
      vertex   2.353097e+01 8.441992e+01 5.847599e+01
    endloop
  endfacet
  facet normal 0.000000e+00 -2.676934e-01 -9.635041e-01
    outer loop
      vertex   2.353097e+01 8.441992e+01 5.847599e+01
      vertex   2.705266e+01 8.441992e+01 5.847599e+01
      vertex   2.353097e+01 8.425806e+01 5.852096e+01
    endloop
  endfacet
  facet normal 0.000000e+00 -2.676934e-01 -9.635041e-01
    outer loop
      vertex   2.353097e+01 8.441992e+01 5.847599e+01
      vertex   2.353097e+01 8.425806e+01 5.852096e+01
      vertex   2.000927e+01 8.425806e+01 5.852096e+01
    endloop
  endfacet
  facet normal 0.000000e+00 -3.466440e-02 -9.993990e-01
    outer loop
      vertex   2.000927e+01 8.425806e+01 5.852096e+01
      vertex   2.353097e+01 8.425806e+01 5.852096e+01
      vertex   5.922500e+00 8.409017e+01 5.852678e+01
    endloop
  endfacet
  facet normal 0.000000e+00 -4.858411e-01 -8.740472e-01
    outer loop
      vertex   2.705266e+01 8.441992e+01 5.847599e+01
      vertex   3.057435e+01 8.456675e+01 5.839437e+01
      vertex   3.057435e+01 8.441992e+01 5.847599e+01
    endloop
  endfacet
  facet normal 0.000000e+00 -6.769804e-01 -7.360011e-01
    outer loop
      vertex   1.648758e+01 8.469040e+01 5.828064e+01
      vertex   1.648758e+01 8.456675e+01 5.839437e+01
      vertex   1.296589e+01 8.456675e+01 5.839437e+01
    endloop
  endfacet
  facet normal 0.000000e+00 -4.858411e-01 -8.740472e-01
    outer loop
      vertex   1.296589e+01 8.456675e+01 5.839437e+01
      vertex   1.648758e+01 8.456675e+01 5.839437e+01
      vertex   1.296589e+01 8.441992e+01 5.847599e+01
    endloop
  endfacet
  facet normal 0.000000e+00 -4.858411e-01 -8.740472e-01
    outer loop
      vertex   1.296589e+01 8.456675e+01 5.839437e+01
      vertex   1.296589e+01 8.441992e+01 5.847599e+01
      vertex   9.444193e+00 8.441992e+01 5.847599e+01
    endloop
  endfacet
  facet normal 0.000000e+00 -2.676934e-01 -9.635041e-01
    outer loop
      vertex   9.444193e+00 8.441992e+01 5.847599e+01
      vertex   1.296589e+01 8.441992e+01 5.847599e+01
      vertex   9.444193e+00 8.425806e+01 5.852096e+01
    endloop
  endfacet
  facet normal 0.000000e+00 -4.858411e-01 -8.740472e-01
    outer loop
      vertex   1.296589e+01 8.441992e+01 5.847599e+01
      vertex   1.648758e+01 8.456675e+01 5.839437e+01
      vertex   1.648758e+01 8.441992e+01 5.847599e+01
    endloop
  endfacet
  facet normal 0.000000e+00 -2.676934e-01 -9.635041e-01
    outer loop
      vertex   3.409605e+01 8.425806e+01 5.852096e+01
      vertex   3.761774e+01 8.441992e+01 5.847599e+01
      vertex   3.761774e+01 8.425806e+01 5.852096e+01
    endloop
  endfacet
  facet normal -0.000000e+00 -2.676934e-01 -9.635041e-01
    outer loop
      vertex   3.057435e+01 8.425806e+01 5.852096e+01
      vertex   2.705266e+01 8.425806e+01 5.852096e+01
      vertex   3.057435e+01 8.441992e+01 5.847599e+01
    endloop
  endfacet
  facet normal -0.000000e+00 -2.676934e-01 -9.635041e-01
    outer loop
      vertex   3.057435e+01 8.441992e+01 5.847599e+01
      vertex   2.705266e+01 8.425806e+01 5.852096e+01
      vertex   2.705266e+01 8.441992e+01 5.847599e+01
    endloop
  endfacet
  facet normal 0.000000e+00 -2.676934e-01 -9.635041e-01
    outer loop
      vertex   9.444193e+00 8.425806e+01 5.852096e+01
      vertex   1.296589e+01 8.441992e+01 5.847599e+01
      vertex   1.296589e+01 8.425806e+01 5.852096e+01
    endloop
  endfacet
  facet normal 0.000000e+00 -2.676934e-01 -9.635041e-01
    outer loop
      vertex   1.296589e+01 8.425806e+01 5.852096e+01
      vertex   1.296589e+01 8.441992e+01 5.847599e+01
      vertex   1.648758e+01 8.441992e+01 5.847599e+01
    endloop
  endfacet
  facet normal 0.000000e+00 -3.466440e-02 -9.993990e-01
    outer loop
      vertex   4.466112e+01 8.409017e+01 5.852678e+01
      vertex   3.409605e+01 8.425806e+01 5.852096e+01
      vertex   3.761774e+01 8.425806e+01 5.852096e+01
    endloop
  endfacet
  facet normal 0.000000e+00 -3.466440e-02 -9.993990e-01
    outer loop
      vertex   5.922500e+00 8.409017e+01 5.852678e+01
      vertex   2.353097e+01 8.425806e+01 5.852096e+01
      vertex   2.705266e+01 8.425806e+01 5.852096e+01
    endloop
  endfacet
  facet normal -0.000000e+00 -2.676934e-01 -9.635041e-01
    outer loop
      vertex   2.705266e+01 8.425806e+01 5.852096e+01
      vertex   2.353097e+01 8.425806e+01 5.852096e+01
      vertex   2.705266e+01 8.441992e+01 5.847599e+01
    endloop
  endfacet
  facet normal 0.000000e+00 8.339514e-02 -9.965166e-01
    outer loop
      vertex   4.466112e+01 8.409017e+01 5.852678e+01
      vertex   4.466112e+01 4.727953e+01 5.544622e+01
      vertex   5.922500e+00 8.409017e+01 5.852678e+01
    endloop
  endfacet
  facet normal 0.000000e+00 8.339514e-02 -9.965166e-01
    outer loop
      vertex   5.922500e+00 8.409017e+01 5.852678e+01
      vertex   4.466112e+01 4.727953e+01 5.544622e+01
      vertex   5.922500e+00 4.727953e+01 5.544622e+01
    endloop
  endfacet
  facet normal -0.000000e+00 -4.727289e-02 -9.988820e-01
    outer loop
      vertex   4.466112e+01 4.727953e+01 5.544622e+01
      vertex   2.252477e+01 4.701583e+01 5.545870e+01
      vertex   5.922500e+00 4.727953e+01 5.544622e+01
    endloop
  endfacet
  facet normal 0.000000e+00 -4.727289e-02 -9.988820e-01
    outer loop
      vertex   5.922500e+00 4.727953e+01 5.544622e+01
      vertex   2.252477e+01 4.701583e+01 5.545870e+01
      vertex   1.699068e+01 4.701583e+01 5.545870e+01
    endloop
  endfacet
  facet normal 0.000000e+00 -4.727289e-02 -9.988820e-01
    outer loop
      vertex   5.922500e+00 4.727953e+01 5.544622e+01
      vertex   1.699068e+01 4.701583e+01 5.545870e+01
      vertex   1.145659e+01 4.701583e+01 5.545870e+01
    endloop
  endfacet
  facet normal 0.000000e+00 -3.039687e-01 -9.526820e-01
    outer loop
      vertex   1.145659e+01 4.701583e+01 5.545870e+01
      vertex   1.699068e+01 4.701583e+01 5.545870e+01
      vertex   1.145659e+01 4.676434e+01 5.553894e+01
    endloop
  endfacet
  facet normal 0.000000e+00 -3.039687e-01 -9.526820e-01
    outer loop
      vertex   1.145659e+01 4.701583e+01 5.545870e+01
      vertex   1.145659e+01 4.676434e+01 5.553894e+01
      vertex   5.922500e+00 4.676434e+01 5.553894e+01
    endloop
  endfacet
  facet normal 0.000000e+00 -5.399864e-01 -8.416737e-01
    outer loop
      vertex   5.922500e+00 4.676434e+01 5.553894e+01
      vertex   1.145659e+01 4.676434e+01 5.553894e+01
      vertex   5.922500e+00 4.654214e+01 5.568149e+01
    endloop
  endfacet
  facet normal -3.547932e-15 -5.399864e-01 -8.416737e-01
    outer loop
      vertex   5.922500e+00 4.654214e+01 5.568149e+01
      vertex   1.145659e+01 4.676434e+01 5.553894e+01
      vertex   1.145659e+01 4.654214e+01 5.568149e+01
    endloop
  endfacet
  facet normal -3.627585e-15 -7.392704e-01 -6.734087e-01
    outer loop
      vertex   5.922500e+00 4.654214e+01 5.568149e+01
      vertex   1.145659e+01 4.654214e+01 5.568149e+01
      vertex   5.922500e+00 4.636437e+01 5.587665e+01
    endloop
  endfacet
  facet normal -1.813792e-15 -7.392704e-01 -6.734087e-01
    outer loop
      vertex   5.922500e+00 4.636437e+01 5.587665e+01
      vertex   1.145659e+01 4.654214e+01 5.568149e+01
      vertex   1.145659e+01 4.636437e+01 5.587665e+01
    endloop
  endfacet
  facet normal -1.730232e-15 -8.882638e-01 -4.593336e-01
    outer loop
      vertex   5.922500e+00 4.636437e+01 5.587665e+01
      vertex   1.145659e+01 4.636437e+01 5.587665e+01
      vertex   5.922500e+00 4.624311e+01 5.611114e+01
    endloop
  endfacet
  facet normal -1.140476e-15 -8.882638e-01 -4.593336e-01
    outer loop
      vertex   5.922500e+00 4.624311e+01 5.611114e+01
      vertex   1.145659e+01 4.636437e+01 5.587665e+01
      vertex   1.145659e+01 4.624311e+01 5.611114e+01
    endloop
  endfacet
  facet normal -1.254191e-15 -9.768312e-01 -2.140113e-01
    outer loop
      vertex   5.922500e+00 4.624311e+01 5.611114e+01
      vertex   1.145659e+01 4.624311e+01 5.611114e+01
      vertex   5.922500e+00 4.618662e+01 5.636902e+01
    endloop
  endfacet
  facet normal 0.000000e+00 -9.768312e-01 -2.140113e-01
    outer loop
      vertex   5.922500e+00 4.618662e+01 5.636902e+01
      vertex   1.145659e+01 4.624311e+01 5.611114e+01
      vertex   1.145659e+01 4.618662e+01 5.636902e+01
    endloop
  endfacet
  facet normal 0.000000e+00 -9.989474e-01 4.586955e-02
    outer loop
      vertex   5.922500e+00 4.618662e+01 5.636902e+01
      vertex   1.145659e+01 4.618662e+01 5.636902e+01
      vertex   5.922500e+00 4.619872e+01 5.663273e+01
    endloop
  endfacet
  facet normal 0.000000e+00 -9.989474e-01 4.586955e-02
    outer loop
      vertex   5.922500e+00 4.619872e+01 5.663273e+01
      vertex   1.145659e+01 4.618662e+01 5.636902e+01
      vertex   1.145659e+01 4.619872e+01 5.663273e+01
    endloop
  endfacet
  facet normal 0.000000e+00 -9.531081e-01 3.026300e-01
    outer loop
      vertex   5.922500e+00 4.619872e+01 5.663273e+01
      vertex   1.145659e+01 4.619872e+01 5.663273e+01
      vertex   5.922500e+00 4.627862e+01 5.688434e+01
    endloop
  endfacet
  facet normal 0.000000e+00 -9.531081e-01 3.026300e-01
    outer loop
      vertex   5.922500e+00 4.627862e+01 5.688434e+01
      vertex   1.145659e+01 4.619872e+01 5.663273e+01
      vertex   1.145659e+01 4.627862e+01 5.688434e+01
    endloop
  endfacet
  facet normal 0.000000e+00 -8.424315e-01 5.388035e-01
    outer loop
      vertex   5.922500e+00 4.627862e+01 5.688434e+01
      vertex   1.145659e+01 4.627862e+01 5.688434e+01
      vertex   5.922500e+00 4.642085e+01 5.710673e+01
    endloop
  endfacet
  facet normal 0.000000e+00 -8.424315e-01 5.388035e-01
    outer loop
      vertex   5.922500e+00 4.642085e+01 5.710673e+01
      vertex   1.145659e+01 4.627862e+01 5.688434e+01
      vertex   1.145659e+01 4.642085e+01 5.710673e+01
    endloop
  endfacet
  facet normal 0.000000e+00 -6.744466e-01 7.383236e-01
    outer loop
      vertex   5.922500e+00 4.642085e+01 5.710673e+01
      vertex   1.145659e+01 4.642085e+01 5.710673e+01
      vertex   5.922500e+00 4.661576e+01 5.728478e+01
    endloop
  endfacet
  facet normal 1.813909e-15 -6.744466e-01 7.383236e-01
    outer loop
      vertex   5.922500e+00 4.661576e+01 5.728478e+01
      vertex   1.145659e+01 4.642085e+01 5.710673e+01
      vertex   1.145659e+01 4.661576e+01 5.728478e+01
    endloop
  endfacet
  facet normal 1.731004e-15 -4.605810e-01 8.876177e-01
    outer loop
      vertex   5.922500e+00 4.661576e+01 5.728478e+01
      vertex   1.145659e+01 4.661576e+01 5.728478e+01
      vertex   5.922500e+00 4.685008e+01 5.740637e+01
    endloop
  endfacet
  facet normal 1.139646e-15 -4.605810e-01 8.876177e-01
    outer loop
      vertex   5.922500e+00 4.685008e+01 5.740637e+01
      vertex   1.145659e+01 4.661576e+01 5.728478e+01
      vertex   1.145659e+01 4.685008e+01 5.740637e+01
    endloop
  endfacet
  facet normal 1.253803e-15 -2.153834e-01 9.765296e-01
    outer loop
      vertex   5.922500e+00 4.685008e+01 5.740637e+01
      vertex   1.145659e+01 4.685008e+01 5.740637e+01
      vertex   5.922500e+00 4.710788e+01 5.746322e+01
    endloop
  endfacet
  facet normal 0.000000e+00 -2.153834e-01 9.765296e-01
    outer loop
      vertex   5.922500e+00 4.710788e+01 5.746322e+01
      vertex   1.145659e+01 4.685008e+01 5.740637e+01
      vertex   1.699068e+01 4.685008e+01 5.740637e+01
    endloop
  endfacet
  facet normal 0.000000e+00 -2.153834e-01 9.765296e-01
    outer loop
      vertex   5.922500e+00 4.710788e+01 5.746322e+01
      vertex   1.699068e+01 4.685008e+01 5.740637e+01
      vertex   2.252477e+01 4.685008e+01 5.740637e+01
    endloop
  endfacet
  facet normal 0.000000e+00 -4.605810e-01 8.876177e-01
    outer loop
      vertex   2.252477e+01 4.685008e+01 5.740637e+01
      vertex   1.699068e+01 4.685008e+01 5.740637e+01
      vertex   2.252477e+01 4.661576e+01 5.728478e+01
    endloop
  endfacet
  facet normal 0.000000e+00 -4.605810e-01 8.876177e-01
    outer loop
      vertex   2.252477e+01 4.685008e+01 5.740637e+01
      vertex   2.252477e+01 4.661576e+01 5.728478e+01
      vertex   2.805886e+01 4.661576e+01 5.728478e+01
    endloop
  endfacet
  facet normal 0.000000e+00 -6.744466e-01 7.383236e-01
    outer loop
      vertex   2.805886e+01 4.661576e+01 5.728478e+01
      vertex   2.252477e+01 4.661576e+01 5.728478e+01
      vertex   2.805886e+01 4.642085e+01 5.710673e+01
    endloop
  endfacet
  facet normal 0.000000e+00 -6.744466e-01 7.383236e-01
    outer loop
      vertex   2.805886e+01 4.661576e+01 5.728478e+01
      vertex   2.805886e+01 4.642085e+01 5.710673e+01
      vertex   3.359295e+01 4.642085e+01 5.710673e+01
    endloop
  endfacet
  facet normal 0.000000e+00 -8.424315e-01 5.388035e-01
    outer loop
      vertex   3.359295e+01 4.642085e+01 5.710673e+01
      vertex   2.805886e+01 4.642085e+01 5.710673e+01
      vertex   3.359295e+01 4.627862e+01 5.688434e+01
    endloop
  endfacet
  facet normal 0.000000e+00 -8.424315e-01 5.388035e-01
    outer loop
      vertex   3.359295e+01 4.642085e+01 5.710673e+01
      vertex   3.359295e+01 4.627862e+01 5.688434e+01
      vertex   3.912704e+01 4.627862e+01 5.688434e+01
    endloop
  endfacet
  facet normal 0.000000e+00 -9.531081e-01 3.026300e-01
    outer loop
      vertex   3.912704e+01 4.627862e+01 5.688434e+01
      vertex   3.359295e+01 4.627862e+01 5.688434e+01
      vertex   3.912704e+01 4.619872e+01 5.663273e+01
    endloop
  endfacet
  facet normal 0.000000e+00 -9.531081e-01 3.026300e-01
    outer loop
      vertex   3.912704e+01 4.627862e+01 5.688434e+01
      vertex   3.912704e+01 4.619872e+01 5.663273e+01
      vertex   4.466112e+01 4.619872e+01 5.663273e+01
    endloop
  endfacet
  facet normal 0.000000e+00 -9.989474e-01 4.586955e-02
    outer loop
      vertex   4.466112e+01 4.619872e+01 5.663273e+01
      vertex   3.912704e+01 4.619872e+01 5.663273e+01
      vertex   4.466112e+01 4.618662e+01 5.636902e+01
    endloop
  endfacet
  facet normal 0.000000e+00 -9.989474e-01 4.586955e-02
    outer loop
      vertex   4.466112e+01 4.618662e+01 5.636902e+01
      vertex   3.912704e+01 4.619872e+01 5.663273e+01
      vertex   3.912704e+01 4.618662e+01 5.636902e+01
    endloop
  endfacet
  facet normal -0.000000e+00 -9.768312e-01 -2.140113e-01
    outer loop
      vertex   4.466112e+01 4.618662e+01 5.636902e+01
      vertex   3.912704e+01 4.618662e+01 5.636902e+01
      vertex   4.466112e+01 4.624311e+01 5.611114e+01
    endloop
  endfacet
  facet normal 1.254191e-15 -9.768312e-01 -2.140113e-01
    outer loop
      vertex   4.466112e+01 4.624311e+01 5.611114e+01
      vertex   3.912704e+01 4.618662e+01 5.636902e+01
      vertex   3.912704e+01 4.624311e+01 5.611114e+01
    endloop
  endfacet
  facet normal 1.140476e-15 -8.882638e-01 -4.593336e-01
    outer loop
      vertex   4.466112e+01 4.624311e+01 5.611114e+01
      vertex   3.912704e+01 4.624311e+01 5.611114e+01
      vertex   4.466112e+01 4.636437e+01 5.587665e+01
    endloop
  endfacet
  facet normal 1.730232e-15 -8.882638e-01 -4.593336e-01
    outer loop
      vertex   4.466112e+01 4.636437e+01 5.587665e+01
      vertex   3.912704e+01 4.624311e+01 5.611114e+01
      vertex   3.912704e+01 4.636437e+01 5.587665e+01
    endloop
  endfacet
  facet normal 1.813792e-15 -7.392704e-01 -6.734087e-01
    outer loop
      vertex   4.466112e+01 4.636437e+01 5.587665e+01
      vertex   3.912704e+01 4.636437e+01 5.587665e+01
      vertex   4.466112e+01 4.654214e+01 5.568149e+01
    endloop
  endfacet
  facet normal 3.627585e-15 -7.392704e-01 -6.734087e-01
    outer loop
      vertex   4.466112e+01 4.654214e+01 5.568149e+01
      vertex   3.912704e+01 4.636437e+01 5.587665e+01
      vertex   3.912704e+01 4.654214e+01 5.568149e+01
    endloop
  endfacet
  facet normal 3.547932e-15 -5.399864e-01 -8.416737e-01
    outer loop
      vertex   4.466112e+01 4.654214e+01 5.568149e+01
      vertex   3.912704e+01 4.654214e+01 5.568149e+01
      vertex   4.466112e+01 4.676434e+01 5.553894e+01
    endloop
  endfacet
  facet normal 2.161314e-15 -5.399864e-01 -8.416737e-01
    outer loop
      vertex   4.466112e+01 4.676434e+01 5.553894e+01
      vertex   3.912704e+01 4.654214e+01 5.568149e+01
      vertex   3.912704e+01 4.676434e+01 5.553894e+01
    endloop
  endfacet
  facet normal 2.446369e-15 -3.039687e-01 -9.526820e-01
    outer loop
      vertex   4.466112e+01 4.676434e+01 5.553894e+01
      vertex   3.912704e+01 4.676434e+01 5.553894e+01
      vertex   4.466112e+01 4.701583e+01 5.545870e+01
    endloop
  endfacet
  facet normal -0.000000e+00 -3.039687e-01 -9.526820e-01
    outer loop
      vertex   4.466112e+01 4.701583e+01 5.545870e+01
      vertex   3.912704e+01 4.676434e+01 5.553894e+01
      vertex   3.912704e+01 4.701583e+01 5.545870e+01
    endloop
  endfacet
  facet normal -0.000000e+00 -4.727289e-02 -9.988820e-01
    outer loop
      vertex   4.466112e+01 4.701583e+01 5.545870e+01
      vertex   3.912704e+01 4.701583e+01 5.545870e+01
      vertex   4.466112e+01 4.727953e+01 5.544622e+01
    endloop
  endfacet
  facet normal 0.000000e+00 -4.727289e-02 -9.988820e-01
    outer loop
      vertex   4.466112e+01 4.727953e+01 5.544622e+01
      vertex   3.912704e+01 4.701583e+01 5.545870e+01
      vertex   3.359295e+01 4.701583e+01 5.545870e+01
    endloop
  endfacet
  facet normal 0.000000e+00 -4.727289e-02 -9.988820e-01
    outer loop
      vertex   4.466112e+01 4.727953e+01 5.544622e+01
      vertex   3.359295e+01 4.701583e+01 5.545870e+01
      vertex   2.805886e+01 4.701583e+01 5.545870e+01
    endloop
  endfacet
  facet normal 0.000000e+00 -3.039687e-01 -9.526820e-01
    outer loop
      vertex   2.805886e+01 4.701583e+01 5.545870e+01
      vertex   3.359295e+01 4.701583e+01 5.545870e+01
      vertex   2.805886e+01 4.676434e+01 5.553894e+01
    endloop
  endfacet
  facet normal 0.000000e+00 -3.039687e-01 -9.526820e-01
    outer loop
      vertex   2.805886e+01 4.701583e+01 5.545870e+01
      vertex   2.805886e+01 4.676434e+01 5.553894e+01
      vertex   2.252477e+01 4.676434e+01 5.553894e+01
    endloop
  endfacet
  facet normal 0.000000e+00 -5.399864e-01 -8.416737e-01
    outer loop
      vertex   2.252477e+01 4.676434e+01 5.553894e+01
      vertex   2.805886e+01 4.676434e+01 5.553894e+01
      vertex   2.252477e+01 4.654214e+01 5.568149e+01
    endloop
  endfacet
  facet normal 0.000000e+00 -5.399864e-01 -8.416737e-01
    outer loop
      vertex   2.252477e+01 4.676434e+01 5.553894e+01
      vertex   2.252477e+01 4.654214e+01 5.568149e+01
      vertex   1.699068e+01 4.654214e+01 5.568149e+01
    endloop
  endfacet
  facet normal 0.000000e+00 -7.392704e-01 -6.734087e-01
    outer loop
      vertex   1.699068e+01 4.654214e+01 5.568149e+01
      vertex   2.252477e+01 4.654214e+01 5.568149e+01
      vertex   1.699068e+01 4.636437e+01 5.587665e+01
    endloop
  endfacet
  facet normal 0.000000e+00 -7.392704e-01 -6.734087e-01
    outer loop
      vertex   1.699068e+01 4.654214e+01 5.568149e+01
      vertex   1.699068e+01 4.636437e+01 5.587665e+01
      vertex   1.145659e+01 4.636437e+01 5.587665e+01
    endloop
  endfacet
  facet normal 0.000000e+00 -8.882638e-01 -4.593336e-01
    outer loop
      vertex   1.145659e+01 4.636437e+01 5.587665e+01
      vertex   1.699068e+01 4.636437e+01 5.587665e+01
      vertex   1.145659e+01 4.624311e+01 5.611114e+01
    endloop
  endfacet
  facet normal 0.000000e+00 -9.531081e-01 3.026300e-01
    outer loop
      vertex   4.466112e+01 4.619872e+01 5.663273e+01
      vertex   4.466112e+01 4.627862e+01 5.688434e+01
      vertex   3.912704e+01 4.627862e+01 5.688434e+01
    endloop
  endfacet
  facet normal 0.000000e+00 -8.424315e-01 5.388035e-01
    outer loop
      vertex   3.912704e+01 4.627862e+01 5.688434e+01
      vertex   4.466112e+01 4.627862e+01 5.688434e+01
      vertex   3.912704e+01 4.642085e+01 5.710673e+01
    endloop
  endfacet
  facet normal 0.000000e+00 -8.424315e-01 5.388035e-01
    outer loop
      vertex   3.912704e+01 4.627862e+01 5.688434e+01
      vertex   3.912704e+01 4.642085e+01 5.710673e+01
      vertex   3.359295e+01 4.642085e+01 5.710673e+01
    endloop
  endfacet
  facet normal 0.000000e+00 -6.744466e-01 7.383236e-01
    outer loop
      vertex   3.359295e+01 4.642085e+01 5.710673e+01
      vertex   3.912704e+01 4.642085e+01 5.710673e+01
      vertex   3.359295e+01 4.661576e+01 5.728478e+01
    endloop
  endfacet
  facet normal 0.000000e+00 -6.744466e-01 7.383236e-01
    outer loop
      vertex   3.359295e+01 4.642085e+01 5.710673e+01
      vertex   3.359295e+01 4.661576e+01 5.728478e+01
      vertex   2.805886e+01 4.661576e+01 5.728478e+01
    endloop
  endfacet
  facet normal 0.000000e+00 -4.605810e-01 8.876177e-01
    outer loop
      vertex   2.805886e+01 4.661576e+01 5.728478e+01
      vertex   3.359295e+01 4.661576e+01 5.728478e+01
      vertex   2.805886e+01 4.685008e+01 5.740637e+01
    endloop
  endfacet
  facet normal 0.000000e+00 -4.605810e-01 8.876177e-01
    outer loop
      vertex   2.805886e+01 4.661576e+01 5.728478e+01
      vertex   2.805886e+01 4.685008e+01 5.740637e+01
      vertex   2.252477e+01 4.685008e+01 5.740637e+01
    endloop
  endfacet
  facet normal 0.000000e+00 -2.153834e-01 9.765296e-01
    outer loop
      vertex   2.252477e+01 4.685008e+01 5.740637e+01
      vertex   2.805886e+01 4.685008e+01 5.740637e+01
      vertex   5.922500e+00 4.710788e+01 5.746322e+01
    endloop
  endfacet
  facet normal 0.000000e+00 -8.424315e-01 5.388035e-01
    outer loop
      vertex   4.466112e+01 4.627862e+01 5.688434e+01
      vertex   4.466112e+01 4.642085e+01 5.710673e+01
      vertex   3.912704e+01 4.642085e+01 5.710673e+01
    endloop
  endfacet
  facet normal 0.000000e+00 -6.744466e-01 7.383236e-01
    outer loop
      vertex   3.912704e+01 4.642085e+01 5.710673e+01
      vertex   4.466112e+01 4.642085e+01 5.710673e+01
      vertex   3.912704e+01 4.661576e+01 5.728478e+01
    endloop
  endfacet
  facet normal 0.000000e+00 -6.744466e-01 7.383236e-01
    outer loop
      vertex   3.912704e+01 4.642085e+01 5.710673e+01
      vertex   3.912704e+01 4.661576e+01 5.728478e+01
      vertex   3.359295e+01 4.661576e+01 5.728478e+01
    endloop
  endfacet
  facet normal 0.000000e+00 -4.605810e-01 8.876177e-01
    outer loop
      vertex   3.359295e+01 4.661576e+01 5.728478e+01
      vertex   3.912704e+01 4.661576e+01 5.728478e+01
      vertex   3.359295e+01 4.685008e+01 5.740637e+01
    endloop
  endfacet
  facet normal 0.000000e+00 -4.605810e-01 8.876177e-01
    outer loop
      vertex   3.359295e+01 4.661576e+01 5.728478e+01
      vertex   3.359295e+01 4.685008e+01 5.740637e+01
      vertex   2.805886e+01 4.685008e+01 5.740637e+01
    endloop
  endfacet
  facet normal 0.000000e+00 -2.153834e-01 9.765296e-01
    outer loop
      vertex   2.805886e+01 4.685008e+01 5.740637e+01
      vertex   3.359295e+01 4.685008e+01 5.740637e+01
      vertex   4.466112e+01 4.710788e+01 5.746322e+01
    endloop
  endfacet
  facet normal 0.000000e+00 -2.153834e-01 9.765296e-01
    outer loop
      vertex   2.805886e+01 4.685008e+01 5.740637e+01
      vertex   4.466112e+01 4.710788e+01 5.746322e+01
      vertex   5.922500e+00 4.710788e+01 5.746322e+01
    endloop
  endfacet
  facet normal -1.814353e-15 -6.744466e-01 7.383236e-01
    outer loop
      vertex   4.466112e+01 4.642085e+01 5.710673e+01
      vertex   4.466112e+01 4.661576e+01 5.728478e+01
      vertex   3.912704e+01 4.661576e+01 5.728478e+01
    endloop
  endfacet
  facet normal -1.731004e-15 -4.605810e-01 8.876177e-01
    outer loop
      vertex   3.912704e+01 4.661576e+01 5.728478e+01
      vertex   4.466112e+01 4.661576e+01 5.728478e+01
      vertex   3.912704e+01 4.685008e+01 5.740637e+01
    endloop
  endfacet
  facet normal 0.000000e+00 -4.605810e-01 8.876177e-01
    outer loop
      vertex   3.912704e+01 4.661576e+01 5.728478e+01
      vertex   3.912704e+01 4.685008e+01 5.740637e+01
      vertex   3.359295e+01 4.685008e+01 5.740637e+01
    endloop
  endfacet
  facet normal 0.000000e+00 -2.153834e-01 9.765296e-01
    outer loop
      vertex   3.359295e+01 4.685008e+01 5.740637e+01
      vertex   3.912704e+01 4.685008e+01 5.740637e+01
      vertex   4.466112e+01 4.710788e+01 5.746322e+01
    endloop
  endfacet
  facet normal -1.139908e-15 -4.605810e-01 8.876177e-01
    outer loop
      vertex   4.466112e+01 4.661576e+01 5.728478e+01
      vertex   4.466112e+01 4.685008e+01 5.740637e+01
      vertex   3.912704e+01 4.685008e+01 5.740637e+01
    endloop
  endfacet
  facet normal -1.253803e-15 -2.153834e-01 9.765296e-01
    outer loop
      vertex   3.912704e+01 4.685008e+01 5.740637e+01
      vertex   4.466112e+01 4.685008e+01 5.740637e+01
      vertex   4.466112e+01 4.710788e+01 5.746322e+01
    endloop
  endfacet
  facet normal 0.000000e+00 -3.039687e-01 -9.526820e-01
    outer loop
      vertex   5.922500e+00 4.676434e+01 5.553894e+01
      vertex   5.922500e+00 4.701583e+01 5.545870e+01
      vertex   1.145659e+01 4.701583e+01 5.545870e+01
    endloop
  endfacet
  facet normal -0.000000e+00 -4.727289e-02 -9.988820e-01
    outer loop
      vertex   1.145659e+01 4.701583e+01 5.545870e+01
      vertex   5.922500e+00 4.701583e+01 5.545870e+01
      vertex   5.922500e+00 4.727953e+01 5.544622e+01
    endloop
  endfacet
  facet normal 0.000000e+00 -4.727289e-02 -9.988820e-01
    outer loop
      vertex   2.252477e+01 4.701583e+01 5.545870e+01
      vertex   4.466112e+01 4.727953e+01 5.544622e+01
      vertex   2.805886e+01 4.701583e+01 5.545870e+01
    endloop
  endfacet
  facet normal 0.000000e+00 -3.039687e-01 -9.526820e-01
    outer loop
      vertex   3.359295e+01 4.701583e+01 5.545870e+01
      vertex   3.912704e+01 4.701583e+01 5.545870e+01
      vertex   3.359295e+01 4.676434e+01 5.553894e+01
    endloop
  endfacet
  facet normal 0.000000e+00 -3.039687e-01 -9.526820e-01
    outer loop
      vertex   3.359295e+01 4.676434e+01 5.553894e+01
      vertex   3.912704e+01 4.701583e+01 5.545870e+01
      vertex   3.912704e+01 4.676434e+01 5.553894e+01
    endloop
  endfacet
  facet normal 0.000000e+00 -5.399864e-01 -8.416737e-01
    outer loop
      vertex   3.359295e+01 4.676434e+01 5.553894e+01
      vertex   3.912704e+01 4.676434e+01 5.553894e+01
      vertex   3.359295e+01 4.654214e+01 5.568149e+01
    endloop
  endfacet
  facet normal 0.000000e+00 -5.399864e-01 -8.416737e-01
    outer loop
      vertex   3.359295e+01 4.654214e+01 5.568149e+01
      vertex   3.912704e+01 4.676434e+01 5.553894e+01
      vertex   3.912704e+01 4.654214e+01 5.568149e+01
    endloop
  endfacet
  facet normal 0.000000e+00 -7.392704e-01 -6.734087e-01
    outer loop
      vertex   3.359295e+01 4.654214e+01 5.568149e+01
      vertex   3.912704e+01 4.654214e+01 5.568149e+01
      vertex   3.359295e+01 4.636437e+01 5.587665e+01
    endloop
  endfacet
  facet normal 0.000000e+00 -7.392704e-01 -6.734087e-01
    outer loop
      vertex   3.359295e+01 4.636437e+01 5.587665e+01
      vertex   3.912704e+01 4.654214e+01 5.568149e+01
      vertex   3.912704e+01 4.636437e+01 5.587665e+01
    endloop
  endfacet
  facet normal 0.000000e+00 -8.882638e-01 -4.593336e-01
    outer loop
      vertex   3.359295e+01 4.636437e+01 5.587665e+01
      vertex   3.912704e+01 4.636437e+01 5.587665e+01
      vertex   3.359295e+01 4.624311e+01 5.611114e+01
    endloop
  endfacet
  facet normal 0.000000e+00 -8.882638e-01 -4.593336e-01
    outer loop
      vertex   3.359295e+01 4.624311e+01 5.611114e+01
      vertex   3.912704e+01 4.636437e+01 5.587665e+01
      vertex   3.912704e+01 4.624311e+01 5.611114e+01
    endloop
  endfacet
  facet normal 0.000000e+00 -9.768312e-01 -2.140113e-01
    outer loop
      vertex   3.359295e+01 4.624311e+01 5.611114e+01
      vertex   3.912704e+01 4.624311e+01 5.611114e+01
      vertex   3.359295e+01 4.618662e+01 5.636902e+01
    endloop
  endfacet
  facet normal 0.000000e+00 -9.768312e-01 -2.140113e-01
    outer loop
      vertex   3.359295e+01 4.618662e+01 5.636902e+01
      vertex   3.912704e+01 4.624311e+01 5.611114e+01
      vertex   3.912704e+01 4.618662e+01 5.636902e+01
    endloop
  endfacet
  facet normal 0.000000e+00 -9.989474e-01 4.586955e-02
    outer loop
      vertex   3.359295e+01 4.618662e+01 5.636902e+01
      vertex   3.912704e+01 4.618662e+01 5.636902e+01
      vertex   3.359295e+01 4.619872e+01 5.663273e+01
    endloop
  endfacet
  facet normal 0.000000e+00 -9.989474e-01 4.586955e-02
    outer loop
      vertex   3.359295e+01 4.619872e+01 5.663273e+01
      vertex   3.912704e+01 4.618662e+01 5.636902e+01
      vertex   3.912704e+01 4.619872e+01 5.663273e+01
    endloop
  endfacet
  facet normal 0.000000e+00 -9.531081e-01 3.026300e-01
    outer loop
      vertex   3.359295e+01 4.619872e+01 5.663273e+01
      vertex   3.912704e+01 4.619872e+01 5.663273e+01
      vertex   3.359295e+01 4.627862e+01 5.688434e+01
    endloop
  endfacet
  facet normal -0.000000e+00 -3.039687e-01 -9.526820e-01
    outer loop
      vertex   2.805886e+01 4.701583e+01 5.545870e+01
      vertex   2.252477e+01 4.676434e+01 5.553894e+01
      vertex   2.252477e+01 4.701583e+01 5.545870e+01
    endloop
  endfacet
  facet normal -2.446052e-15 -3.039687e-01 -9.526820e-01
    outer loop
      vertex   2.252477e+01 4.701583e+01 5.545870e+01
      vertex   2.252477e+01 4.676434e+01 5.553894e+01
      vertex   1.699068e+01 4.676434e+01 5.553894e+01
    endloop
  endfacet
  facet normal -0.000000e+00 -3.039687e-01 -9.526820e-01
    outer loop
      vertex   2.252477e+01 4.701583e+01 5.545870e+01
      vertex   1.699068e+01 4.676434e+01 5.553894e+01
      vertex   1.699068e+01 4.701583e+01 5.545870e+01
    endloop
  endfacet
  facet normal 0.000000e+00 -3.039687e-01 -9.526820e-01
    outer loop
      vertex   1.699068e+01 4.701583e+01 5.545870e+01
      vertex   1.699068e+01 4.676434e+01 5.553894e+01
      vertex   1.145659e+01 4.676434e+01 5.553894e+01
    endloop
  endfacet
  facet normal 0.000000e+00 -3.039687e-01 -9.526820e-01
    outer loop
      vertex   3.359295e+01 4.701583e+01 5.545870e+01
      vertex   3.359295e+01 4.676434e+01 5.553894e+01
      vertex   2.805886e+01 4.676434e+01 5.553894e+01
    endloop
  endfacet
  facet normal 0.000000e+00 -5.399864e-01 -8.416737e-01
    outer loop
      vertex   2.805886e+01 4.676434e+01 5.553894e+01
      vertex   3.359295e+01 4.676434e+01 5.553894e+01
      vertex   2.805886e+01 4.654214e+01 5.568149e+01
    endloop
  endfacet
  facet normal 0.000000e+00 -5.399864e-01 -8.416737e-01
    outer loop
      vertex   2.805886e+01 4.676434e+01 5.553894e+01
      vertex   2.805886e+01 4.654214e+01 5.568149e+01
      vertex   2.252477e+01 4.654214e+01 5.568149e+01
    endloop
  endfacet
  facet normal 0.000000e+00 -7.392704e-01 -6.734087e-01
    outer loop
      vertex   2.252477e+01 4.654214e+01 5.568149e+01
      vertex   2.805886e+01 4.654214e+01 5.568149e+01
      vertex   2.252477e+01 4.636437e+01 5.587665e+01
    endloop
  endfacet
  facet normal 0.000000e+00 -7.392704e-01 -6.734087e-01
    outer loop
      vertex   2.252477e+01 4.654214e+01 5.568149e+01
      vertex   2.252477e+01 4.636437e+01 5.587665e+01
      vertex   1.699068e+01 4.636437e+01 5.587665e+01
    endloop
  endfacet
  facet normal 0.000000e+00 -8.882638e-01 -4.593336e-01
    outer loop
      vertex   1.699068e+01 4.636437e+01 5.587665e+01
      vertex   2.252477e+01 4.636437e+01 5.587665e+01
      vertex   1.699068e+01 4.624311e+01 5.611114e+01
    endloop
  endfacet
  facet normal 0.000000e+00 -8.882638e-01 -4.593336e-01
    outer loop
      vertex   1.699068e+01 4.636437e+01 5.587665e+01
      vertex   1.699068e+01 4.624311e+01 5.611114e+01
      vertex   1.145659e+01 4.624311e+01 5.611114e+01
    endloop
  endfacet
  facet normal 0.000000e+00 -9.768312e-01 -2.140113e-01
    outer loop
      vertex   1.145659e+01 4.624311e+01 5.611114e+01
      vertex   1.699068e+01 4.624311e+01 5.611114e+01
      vertex   1.145659e+01 4.618662e+01 5.636902e+01
    endloop
  endfacet
  facet normal 0.000000e+00 -5.399864e-01 -8.416737e-01
    outer loop
      vertex   2.805886e+01 4.654214e+01 5.568149e+01
      vertex   3.359295e+01 4.676434e+01 5.553894e+01
      vertex   3.359295e+01 4.654214e+01 5.568149e+01
    endloop
  endfacet
  facet normal 0.000000e+00 -5.399864e-01 -8.416737e-01
    outer loop
      vertex   1.145659e+01 4.654214e+01 5.568149e+01
      vertex   1.145659e+01 4.676434e+01 5.553894e+01
      vertex   1.699068e+01 4.676434e+01 5.553894e+01
    endloop
  endfacet
  facet normal 0.000000e+00 -5.399864e-01 -8.416737e-01
    outer loop
      vertex   1.145659e+01 4.654214e+01 5.568149e+01
      vertex   1.699068e+01 4.676434e+01 5.553894e+01
      vertex   1.699068e+01 4.654214e+01 5.568149e+01
    endloop
  endfacet
  facet normal -2.161075e-15 -5.399864e-01 -8.416737e-01
    outer loop
      vertex   1.699068e+01 4.654214e+01 5.568149e+01
      vertex   1.699068e+01 4.676434e+01 5.553894e+01
      vertex   2.252477e+01 4.676434e+01 5.553894e+01
    endloop
  endfacet
  facet normal 0.000000e+00 -7.392704e-01 -6.734087e-01
    outer loop
      vertex   2.805886e+01 4.654214e+01 5.568149e+01
      vertex   3.359295e+01 4.654214e+01 5.568149e+01
      vertex   2.805886e+01 4.636437e+01 5.587665e+01
    endloop
  endfacet
  facet normal 0.000000e+00 -7.392704e-01 -6.734087e-01
    outer loop
      vertex   2.805886e+01 4.636437e+01 5.587665e+01
      vertex   3.359295e+01 4.654214e+01 5.568149e+01
      vertex   3.359295e+01 4.636437e+01 5.587665e+01
    endloop
  endfacet
  facet normal 0.000000e+00 -8.882638e-01 -4.593336e-01
    outer loop
      vertex   2.805886e+01 4.636437e+01 5.587665e+01
      vertex   3.359295e+01 4.636437e+01 5.587665e+01
      vertex   2.805886e+01 4.624311e+01 5.611114e+01
    endloop
  endfacet
  facet normal 0.000000e+00 -8.882638e-01 -4.593336e-01
    outer loop
      vertex   2.805886e+01 4.624311e+01 5.611114e+01
      vertex   3.359295e+01 4.636437e+01 5.587665e+01
      vertex   3.359295e+01 4.624311e+01 5.611114e+01
    endloop
  endfacet
  facet normal 0.000000e+00 -9.768312e-01 -2.140113e-01
    outer loop
      vertex   2.805886e+01 4.624311e+01 5.611114e+01
      vertex   3.359295e+01 4.624311e+01 5.611114e+01
      vertex   2.805886e+01 4.618662e+01 5.636902e+01
    endloop
  endfacet
  facet normal 0.000000e+00 -9.768312e-01 -2.140113e-01
    outer loop
      vertex   2.805886e+01 4.618662e+01 5.636902e+01
      vertex   3.359295e+01 4.624311e+01 5.611114e+01
      vertex   3.359295e+01 4.618662e+01 5.636902e+01
    endloop
  endfacet
  facet normal 0.000000e+00 -9.989474e-01 4.586955e-02
    outer loop
      vertex   2.805886e+01 4.618662e+01 5.636902e+01
      vertex   3.359295e+01 4.618662e+01 5.636902e+01
      vertex   2.805886e+01 4.619872e+01 5.663273e+01
    endloop
  endfacet
  facet normal 0.000000e+00 -9.989474e-01 4.586955e-02
    outer loop
      vertex   2.805886e+01 4.619872e+01 5.663273e+01
      vertex   3.359295e+01 4.618662e+01 5.636902e+01
      vertex   3.359295e+01 4.619872e+01 5.663273e+01
    endloop
  endfacet
  facet normal 0.000000e+00 -9.531081e-01 3.026300e-01
    outer loop
      vertex   2.805886e+01 4.619872e+01 5.663273e+01
      vertex   3.359295e+01 4.619872e+01 5.663273e+01
      vertex   2.805886e+01 4.627862e+01 5.688434e+01
    endloop
  endfacet
  facet normal 0.000000e+00 -9.531081e-01 3.026300e-01
    outer loop
      vertex   2.805886e+01 4.627862e+01 5.688434e+01
      vertex   3.359295e+01 4.619872e+01 5.663273e+01
      vertex   3.359295e+01 4.627862e+01 5.688434e+01
    endloop
  endfacet
  facet normal 0.000000e+00 -8.424315e-01 5.388035e-01
    outer loop
      vertex   2.805886e+01 4.627862e+01 5.688434e+01
      vertex   3.359295e+01 4.627862e+01 5.688434e+01
      vertex   2.805886e+01 4.642085e+01 5.710673e+01
    endloop
  endfacet
  facet normal 0.000000e+00 -7.392704e-01 -6.734087e-01
    outer loop
      vertex   1.145659e+01 4.636437e+01 5.587665e+01
      vertex   1.145659e+01 4.654214e+01 5.568149e+01
      vertex   1.699068e+01 4.654214e+01 5.568149e+01
    endloop
  endfacet
  facet normal 0.000000e+00 -7.392704e-01 -6.734087e-01
    outer loop
      vertex   2.805886e+01 4.654214e+01 5.568149e+01
      vertex   2.805886e+01 4.636437e+01 5.587665e+01
      vertex   2.252477e+01 4.636437e+01 5.587665e+01
    endloop
  endfacet
  facet normal 0.000000e+00 -8.882638e-01 -4.593336e-01
    outer loop
      vertex   2.252477e+01 4.636437e+01 5.587665e+01
      vertex   2.805886e+01 4.636437e+01 5.587665e+01
      vertex   2.252477e+01 4.624311e+01 5.611114e+01
    endloop
  endfacet
  facet normal -1.177904e-15 -8.882638e-01 -4.593336e-01
    outer loop
      vertex   2.252477e+01 4.636437e+01 5.587665e+01
      vertex   2.252477e+01 4.624311e+01 5.611114e+01
      vertex   1.699068e+01 4.624311e+01 5.611114e+01
    endloop
  endfacet
  facet normal -5.495545e-16 -9.768312e-01 -2.140113e-01
    outer loop
      vertex   1.699068e+01 4.624311e+01 5.611114e+01
      vertex   2.252477e+01 4.624311e+01 5.611114e+01
      vertex   1.699068e+01 4.618662e+01 5.636902e+01
    endloop
  endfacet
  facet normal 0.000000e+00 -9.768312e-01 -2.140113e-01
    outer loop
      vertex   1.699068e+01 4.624311e+01 5.611114e+01
      vertex   1.699068e+01 4.618662e+01 5.636902e+01
      vertex   1.145659e+01 4.618662e+01 5.636902e+01
    endloop
  endfacet
  facet normal 0.000000e+00 -9.989474e-01 4.586955e-02
    outer loop
      vertex   1.145659e+01 4.618662e+01 5.636902e+01
      vertex   1.699068e+01 4.618662e+01 5.636902e+01
      vertex   1.145659e+01 4.619872e+01 5.663273e+01
    endloop
  endfacet
  facet normal 0.000000e+00 -8.882638e-01 -4.593336e-01
    outer loop
      vertex   2.252477e+01 4.624311e+01 5.611114e+01
      vertex   2.805886e+01 4.636437e+01 5.587665e+01
      vertex   2.805886e+01 4.624311e+01 5.611114e+01
    endloop
  endfacet
  facet normal 0.000000e+00 -9.768312e-01 -2.140113e-01
    outer loop
      vertex   2.252477e+01 4.624311e+01 5.611114e+01
      vertex   2.805886e+01 4.624311e+01 5.611114e+01
      vertex   2.252477e+01 4.618662e+01 5.636902e+01
    endloop
  endfacet
  facet normal 0.000000e+00 -9.768312e-01 -2.140113e-01
    outer loop
      vertex   2.252477e+01 4.618662e+01 5.636902e+01
      vertex   2.805886e+01 4.624311e+01 5.611114e+01
      vertex   2.805886e+01 4.618662e+01 5.636902e+01
    endloop
  endfacet
  facet normal 0.000000e+00 -9.989474e-01 4.586955e-02
    outer loop
      vertex   2.252477e+01 4.618662e+01 5.636902e+01
      vertex   2.805886e+01 4.618662e+01 5.636902e+01
      vertex   2.252477e+01 4.619872e+01 5.663273e+01
    endloop
  endfacet
  facet normal 0.000000e+00 -9.989474e-01 4.586955e-02
    outer loop
      vertex   2.252477e+01 4.619872e+01 5.663273e+01
      vertex   2.805886e+01 4.618662e+01 5.636902e+01
      vertex   2.805886e+01 4.619872e+01 5.663273e+01
    endloop
  endfacet
  facet normal 0.000000e+00 -9.531081e-01 3.026300e-01
    outer loop
      vertex   2.252477e+01 4.619872e+01 5.663273e+01
      vertex   2.805886e+01 4.619872e+01 5.663273e+01
      vertex   2.252477e+01 4.627862e+01 5.688434e+01
    endloop
  endfacet
  facet normal 0.000000e+00 -9.531081e-01 3.026300e-01
    outer loop
      vertex   2.252477e+01 4.627862e+01 5.688434e+01
      vertex   2.805886e+01 4.619872e+01 5.663273e+01
      vertex   2.805886e+01 4.627862e+01 5.688434e+01
    endloop
  endfacet
  facet normal 0.000000e+00 -8.424315e-01 5.388035e-01
    outer loop
      vertex   2.252477e+01 4.627862e+01 5.688434e+01
      vertex   2.805886e+01 4.627862e+01 5.688434e+01
      vertex   2.252477e+01 4.642085e+01 5.710673e+01
    endloop
  endfacet
  facet normal 0.000000e+00 -8.424315e-01 5.388035e-01
    outer loop
      vertex   2.252477e+01 4.642085e+01 5.710673e+01
      vertex   2.805886e+01 4.627862e+01 5.688434e+01
      vertex   2.805886e+01 4.642085e+01 5.710673e+01
    endloop
  endfacet
  facet normal 0.000000e+00 -6.744466e-01 7.383236e-01
    outer loop
      vertex   2.252477e+01 4.642085e+01 5.710673e+01
      vertex   2.805886e+01 4.642085e+01 5.710673e+01
      vertex   2.252477e+01 4.661576e+01 5.728478e+01
    endloop
  endfacet
  facet normal 0.000000e+00 -9.768312e-01 -2.140113e-01
    outer loop
      vertex   2.252477e+01 4.624311e+01 5.611114e+01
      vertex   2.252477e+01 4.618662e+01 5.636902e+01
      vertex   1.699068e+01 4.618662e+01 5.636902e+01
    endloop
  endfacet
  facet normal 0.000000e+00 -9.989474e-01 4.586955e-02
    outer loop
      vertex   1.699068e+01 4.618662e+01 5.636902e+01
      vertex   2.252477e+01 4.618662e+01 5.636902e+01
      vertex   1.699068e+01 4.619872e+01 5.663273e+01
    endloop
  endfacet
  facet normal 0.000000e+00 -9.989474e-01 4.586955e-02
    outer loop
      vertex   1.699068e+01 4.618662e+01 5.636902e+01
      vertex   1.699068e+01 4.619872e+01 5.663273e+01
      vertex   1.145659e+01 4.619872e+01 5.663273e+01
    endloop
  endfacet
  facet normal 0.000000e+00 -9.531081e-01 3.026300e-01
    outer loop
      vertex   1.145659e+01 4.619872e+01 5.663273e+01
      vertex   1.699068e+01 4.619872e+01 5.663273e+01
      vertex   1.145659e+01 4.627862e+01 5.688434e+01
    endloop
  endfacet
  facet normal 0.000000e+00 -9.989474e-01 4.586955e-02
    outer loop
      vertex   1.699068e+01 4.619872e+01 5.663273e+01
      vertex   2.252477e+01 4.618662e+01 5.636902e+01
      vertex   2.252477e+01 4.619872e+01 5.663273e+01
    endloop
  endfacet
  facet normal 0.000000e+00 -9.531081e-01 3.026300e-01
    outer loop
      vertex   1.699068e+01 4.619872e+01 5.663273e+01
      vertex   2.252477e+01 4.619872e+01 5.663273e+01
      vertex   1.699068e+01 4.627862e+01 5.688434e+01
    endloop
  endfacet
  facet normal 0.000000e+00 -9.531081e-01 3.026300e-01
    outer loop
      vertex   1.699068e+01 4.627862e+01 5.688434e+01
      vertex   2.252477e+01 4.619872e+01 5.663273e+01
      vertex   2.252477e+01 4.627862e+01 5.688434e+01
    endloop
  endfacet
  facet normal 0.000000e+00 -8.424315e-01 5.388035e-01
    outer loop
      vertex   1.699068e+01 4.627862e+01 5.688434e+01
      vertex   2.252477e+01 4.627862e+01 5.688434e+01
      vertex   1.699068e+01 4.642085e+01 5.710673e+01
    endloop
  endfacet
  facet normal 0.000000e+00 -8.424315e-01 5.388035e-01
    outer loop
      vertex   1.699068e+01 4.642085e+01 5.710673e+01
      vertex   2.252477e+01 4.627862e+01 5.688434e+01
      vertex   2.252477e+01 4.642085e+01 5.710673e+01
    endloop
  endfacet
  facet normal 0.000000e+00 -6.744466e-01 7.383236e-01
    outer loop
      vertex   1.699068e+01 4.642085e+01 5.710673e+01
      vertex   2.252477e+01 4.642085e+01 5.710673e+01
      vertex   1.699068e+01 4.661576e+01 5.728478e+01
    endloop
  endfacet
  facet normal 0.000000e+00 -6.744466e-01 7.383236e-01
    outer loop
      vertex   1.699068e+01 4.661576e+01 5.728478e+01
      vertex   2.252477e+01 4.642085e+01 5.710673e+01
      vertex   2.252477e+01 4.661576e+01 5.728478e+01
    endloop
  endfacet
  facet normal 0.000000e+00 -4.605810e-01 8.876177e-01
    outer loop
      vertex   1.699068e+01 4.661576e+01 5.728478e+01
      vertex   2.252477e+01 4.661576e+01 5.728478e+01
      vertex   1.699068e+01 4.685008e+01 5.740637e+01
    endloop
  endfacet
  facet normal 0.000000e+00 -8.424315e-01 5.388035e-01
    outer loop
      vertex   1.145659e+01 4.642085e+01 5.710673e+01
      vertex   1.145659e+01 4.627862e+01 5.688434e+01
      vertex   1.699068e+01 4.627862e+01 5.688434e+01
    endloop
  endfacet
  facet normal 0.000000e+00 -9.531081e-01 3.026300e-01
    outer loop
      vertex   1.699068e+01 4.627862e+01 5.688434e+01
      vertex   1.145659e+01 4.627862e+01 5.688434e+01
      vertex   1.699068e+01 4.619872e+01 5.663273e+01
    endloop
  endfacet
  facet normal 0.000000e+00 -8.424315e-01 5.388035e-01
    outer loop
      vertex   1.145659e+01 4.642085e+01 5.710673e+01
      vertex   1.699068e+01 4.627862e+01 5.688434e+01
      vertex   1.699068e+01 4.642085e+01 5.710673e+01
    endloop
  endfacet
  facet normal 0.000000e+00 -6.744466e-01 7.383236e-01
    outer loop
      vertex   1.145659e+01 4.661576e+01 5.728478e+01
      vertex   1.145659e+01 4.642085e+01 5.710673e+01
      vertex   1.699068e+01 4.642085e+01 5.710673e+01
    endloop
  endfacet
  facet normal 0.000000e+00 -6.744466e-01 7.383236e-01
    outer loop
      vertex   1.145659e+01 4.661576e+01 5.728478e+01
      vertex   1.699068e+01 4.642085e+01 5.710673e+01
      vertex   1.699068e+01 4.661576e+01 5.728478e+01
    endloop
  endfacet
  facet normal 0.000000e+00 -4.605810e-01 8.876177e-01
    outer loop
      vertex   1.145659e+01 4.685008e+01 5.740637e+01
      vertex   1.145659e+01 4.661576e+01 5.728478e+01
      vertex   1.699068e+01 4.661576e+01 5.728478e+01
    endloop
  endfacet
  facet normal 0.000000e+00 -4.605810e-01 8.876177e-01
    outer loop
      vertex   1.145659e+01 4.685008e+01 5.740637e+01
      vertex   1.699068e+01 4.661576e+01 5.728478e+01
      vertex   1.699068e+01 4.685008e+01 5.740637e+01
    endloop
  endfacet
  facet normal 0.000000e+00 -8.339514e-02 9.965166e-01
    outer loop
      vertex   4.466112e+01 4.710788e+01 5.746322e+01
      vertex   4.466112e+01 8.622767e+01 6.073703e+01
      vertex   5.922500e+00 4.710788e+01 5.746322e+01
    endloop
  endfacet
  facet normal 0.000000e+00 -8.339514e-02 9.965166e-01
    outer loop
      vertex   5.922500e+00 4.710788e+01 5.746322e+01
      vertex   4.466112e+01 8.622767e+01 6.073703e+01
      vertex   5.922500e+00 8.622767e+01 6.073703e+01
    endloop
  endfacet
  facet normal 0.000000e+00 3.466440e-02 9.993990e-01
    outer loop
      vertex   4.466112e+01 8.622767e+01 6.073703e+01
      vertex   2.353097e+01 8.639556e+01 6.073121e+01
      vertex   5.922500e+00 8.622767e+01 6.073703e+01
    endloop
  endfacet
  facet normal 0.000000e+00 3.466440e-02 9.993990e-01
    outer loop
      vertex   5.922500e+00 8.622767e+01 6.073703e+01
      vertex   2.353097e+01 8.639556e+01 6.073121e+01
      vertex   2.000927e+01 8.639556e+01 6.073121e+01
    endloop
  endfacet
  facet normal 0.000000e+00 3.466440e-02 9.993990e-01
    outer loop
      vertex   5.922500e+00 8.622767e+01 6.073703e+01
      vertex   2.000927e+01 8.639556e+01 6.073121e+01
      vertex   1.648758e+01 8.639556e+01 6.073121e+01
    endloop
  endfacet
  facet normal -0.000000e+00 2.676934e-01 9.635041e-01
    outer loop
      vertex   1.648758e+01 8.639556e+01 6.073121e+01
      vertex   2.000927e+01 8.639556e+01 6.073121e+01
      vertex   1.648758e+01 8.655742e+01 6.068624e+01
    endloop
  endfacet
  facet normal 0.000000e+00 2.676934e-01 9.635041e-01
    outer loop
      vertex   1.648758e+01 8.639556e+01 6.073121e+01
      vertex   1.648758e+01 8.655742e+01 6.068624e+01
      vertex   1.296589e+01 8.655742e+01 6.068624e+01
    endloop
  endfacet
  facet normal -0.000000e+00 4.858411e-01 8.740472e-01
    outer loop
      vertex   1.296589e+01 8.655742e+01 6.068624e+01
      vertex   1.648758e+01 8.655742e+01 6.068624e+01
      vertex   1.296589e+01 8.670425e+01 6.060462e+01
    endloop
  endfacet
  facet normal 0.000000e+00 4.858411e-01 8.740472e-01
    outer loop
      vertex   1.296589e+01 8.655742e+01 6.068624e+01
      vertex   1.296589e+01 8.670425e+01 6.060462e+01
      vertex   9.444193e+00 8.670425e+01 6.060462e+01
    endloop
  endfacet
  facet normal -0.000000e+00 6.769804e-01 7.360011e-01
    outer loop
      vertex   9.444193e+00 8.670425e+01 6.060462e+01
      vertex   1.296589e+01 8.670425e+01 6.060462e+01
      vertex   9.444193e+00 8.682789e+01 6.049089e+01
    endloop
  endfacet
  facet normal 1.483687e-15 6.769804e-01 7.360011e-01
    outer loop
      vertex   9.444193e+00 8.670425e+01 6.060462e+01
      vertex   9.444193e+00 8.682789e+01 6.049089e+01
      vertex   5.922500e+00 8.682789e+01 6.049089e+01
    endloop
  endfacet
  facet normal 1.123893e-15 8.304857e-01 5.570400e-01
    outer loop
      vertex   5.922500e+00 8.682789e+01 6.049089e+01
      vertex   9.444193e+00 8.682789e+01 6.049089e+01
      vertex   5.922500e+00 8.692147e+01 6.035138e+01
    endloop
  endfacet
  facet normal -0.000000e+00 8.304857e-01 5.570400e-01
    outer loop
      vertex   5.922500e+00 8.692147e+01 6.035138e+01
      vertex   9.444193e+00 8.682789e+01 6.049089e+01
      vertex   9.444193e+00 8.692147e+01 6.035138e+01
    endloop
  endfacet
  facet normal -0.000000e+00 9.378235e-01 3.471125e-01
    outer loop
      vertex   5.922500e+00 8.692147e+01 6.035138e+01
      vertex   9.444193e+00 8.692147e+01 6.035138e+01
      vertex   5.922500e+00 8.697978e+01 6.019383e+01
    endloop
  endfacet
  facet normal -0.000000e+00 9.378235e-01 3.471125e-01
    outer loop
      vertex   5.922500e+00 8.697978e+01 6.019383e+01
      vertex   9.444193e+00 8.692147e+01 6.035138e+01
      vertex   9.444193e+00 8.697978e+01 6.019383e+01
    endloop
  endfacet
  facet normal -0.000000e+00 9.930268e-01 1.178887e-01
    outer loop
      vertex   5.922500e+00 8.697978e+01 6.019383e+01
      vertex   9.444193e+00 8.697978e+01 6.019383e+01
      vertex   5.922500e+00 8.699959e+01 6.002701e+01
    endloop
  endfacet
  facet normal 0.000000e+00 9.930268e-01 1.178887e-01
    outer loop
      vertex   5.922500e+00 8.699959e+01 6.002701e+01
      vertex   9.444193e+00 8.697978e+01 6.019383e+01
      vertex   1.296589e+01 8.697978e+01 6.019383e+01
    endloop
  endfacet
  facet normal 0.000000e+00 9.930268e-01 1.178887e-01
    outer loop
      vertex   5.922500e+00 8.699959e+01 6.002701e+01
      vertex   1.296589e+01 8.697978e+01 6.019383e+01
      vertex   1.648758e+01 8.697978e+01 6.019383e+01
    endloop
  endfacet
  facet normal 0.000000e+00 9.378235e-01 3.471125e-01
    outer loop
      vertex   1.648758e+01 8.697978e+01 6.019383e+01
      vertex   1.296589e+01 8.697978e+01 6.019383e+01
      vertex   1.648758e+01 8.692147e+01 6.035138e+01
    endloop
  endfacet
  facet normal 0.000000e+00 9.378235e-01 3.471125e-01
    outer loop
      vertex   1.648758e+01 8.697978e+01 6.019383e+01
      vertex   1.648758e+01 8.692147e+01 6.035138e+01
      vertex   2.000927e+01 8.692147e+01 6.035138e+01
    endloop
  endfacet
  facet normal 0.000000e+00 8.304857e-01 5.570400e-01
    outer loop
      vertex   2.000927e+01 8.692147e+01 6.035138e+01
      vertex   1.648758e+01 8.692147e+01 6.035138e+01
      vertex   2.000927e+01 8.682789e+01 6.049089e+01
    endloop
  endfacet
  facet normal 0.000000e+00 8.304857e-01 5.570400e-01
    outer loop
      vertex   2.000927e+01 8.692147e+01 6.035138e+01
      vertex   2.000927e+01 8.682789e+01 6.049089e+01
      vertex   2.353097e+01 8.682789e+01 6.049089e+01
    endloop
  endfacet
  facet normal 0.000000e+00 6.769804e-01 7.360011e-01
    outer loop
      vertex   2.353097e+01 8.682789e+01 6.049089e+01
      vertex   2.000927e+01 8.682789e+01 6.049089e+01
      vertex   2.353097e+01 8.670425e+01 6.060462e+01
    endloop
  endfacet
  facet normal 0.000000e+00 6.769804e-01 7.360011e-01
    outer loop
      vertex   2.353097e+01 8.682789e+01 6.049089e+01
      vertex   2.353097e+01 8.670425e+01 6.060462e+01
      vertex   2.705266e+01 8.670425e+01 6.060462e+01
    endloop
  endfacet
  facet normal 0.000000e+00 4.858411e-01 8.740472e-01
    outer loop
      vertex   2.705266e+01 8.670425e+01 6.060462e+01
      vertex   2.353097e+01 8.670425e+01 6.060462e+01
      vertex   2.705266e+01 8.655742e+01 6.068624e+01
    endloop
  endfacet
  facet normal 0.000000e+00 4.858411e-01 8.740472e-01
    outer loop
      vertex   2.705266e+01 8.670425e+01 6.060462e+01
      vertex   2.705266e+01 8.655742e+01 6.068624e+01
      vertex   3.057435e+01 8.655742e+01 6.068624e+01
    endloop
  endfacet
  facet normal 0.000000e+00 2.676934e-01 9.635041e-01
    outer loop
      vertex   3.057435e+01 8.655742e+01 6.068624e+01
      vertex   2.705266e+01 8.655742e+01 6.068624e+01
      vertex   3.057435e+01 8.639556e+01 6.073121e+01
    endloop
  endfacet
  facet normal 0.000000e+00 2.676934e-01 9.635041e-01
    outer loop
      vertex   3.057435e+01 8.655742e+01 6.068624e+01
      vertex   3.057435e+01 8.639556e+01 6.073121e+01
      vertex   3.409605e+01 8.639556e+01 6.073121e+01
    endloop
  endfacet
  facet normal 0.000000e+00 3.466440e-02 9.993990e-01
    outer loop
      vertex   3.409605e+01 8.639556e+01 6.073121e+01
      vertex   3.057435e+01 8.639556e+01 6.073121e+01
      vertex   4.466112e+01 8.622767e+01 6.073703e+01
    endloop
  endfacet
  facet normal -0.000000e+00 3.466440e-02 9.993990e-01
    outer loop
      vertex   3.409605e+01 8.639556e+01 6.073121e+01
      vertex   4.466112e+01 8.622767e+01 6.073703e+01
      vertex   3.761774e+01 8.639556e+01 6.073121e+01
    endloop
  endfacet
  facet normal -0.000000e+00 3.466440e-02 9.993990e-01
    outer loop
      vertex   3.761774e+01 8.639556e+01 6.073121e+01
      vertex   4.466112e+01 8.622767e+01 6.073703e+01
      vertex   4.113943e+01 8.639556e+01 6.073121e+01
    endloop
  endfacet
  facet normal -0.000000e+00 2.676934e-01 9.635041e-01
    outer loop
      vertex   3.761774e+01 8.639556e+01 6.073121e+01
      vertex   4.113943e+01 8.639556e+01 6.073121e+01
      vertex   3.761774e+01 8.655742e+01 6.068624e+01
    endloop
  endfacet
  facet normal -0.000000e+00 2.676934e-01 9.635041e-01
    outer loop
      vertex   3.761774e+01 8.655742e+01 6.068624e+01
      vertex   4.113943e+01 8.639556e+01 6.073121e+01
      vertex   4.113943e+01 8.655742e+01 6.068624e+01
    endloop
  endfacet
  facet normal -0.000000e+00 4.858411e-01 8.740472e-01
    outer loop
      vertex   3.761774e+01 8.655742e+01 6.068624e+01
      vertex   4.113943e+01 8.655742e+01 6.068624e+01
      vertex   3.761774e+01 8.670425e+01 6.060462e+01
    endloop
  endfacet
  facet normal -0.000000e+00 4.858411e-01 8.740472e-01
    outer loop
      vertex   3.761774e+01 8.670425e+01 6.060462e+01
      vertex   4.113943e+01 8.655742e+01 6.068624e+01
      vertex   4.113943e+01 8.670425e+01 6.060462e+01
    endloop
  endfacet
  facet normal -0.000000e+00 6.769804e-01 7.360011e-01
    outer loop
      vertex   3.761774e+01 8.670425e+01 6.060462e+01
      vertex   4.113943e+01 8.670425e+01 6.060462e+01
      vertex   3.761774e+01 8.682789e+01 6.049089e+01
    endloop
  endfacet
  facet normal -0.000000e+00 6.769804e-01 7.360011e-01
    outer loop
      vertex   3.761774e+01 8.682789e+01 6.049089e+01
      vertex   4.113943e+01 8.670425e+01 6.060462e+01
      vertex   4.113943e+01 8.682789e+01 6.049089e+01
    endloop
  endfacet
  facet normal -0.000000e+00 8.304857e-01 5.570400e-01
    outer loop
      vertex   3.761774e+01 8.682789e+01 6.049089e+01
      vertex   4.113943e+01 8.682789e+01 6.049089e+01
      vertex   3.761774e+01 8.692147e+01 6.035138e+01
    endloop
  endfacet
  facet normal -0.000000e+00 8.304857e-01 5.570400e-01
    outer loop
      vertex   3.761774e+01 8.692147e+01 6.035138e+01
      vertex   4.113943e+01 8.682789e+01 6.049089e+01
      vertex   4.113943e+01 8.692147e+01 6.035138e+01
    endloop
  endfacet
  facet normal -0.000000e+00 9.378235e-01 3.471125e-01
    outer loop
      vertex   3.761774e+01 8.692147e+01 6.035138e+01
      vertex   4.113943e+01 8.692147e+01 6.035138e+01
      vertex   3.761774e+01 8.697978e+01 6.019383e+01
    endloop
  endfacet
  facet normal -0.000000e+00 9.378235e-01 3.471125e-01
    outer loop
      vertex   3.761774e+01 8.697978e+01 6.019383e+01
      vertex   4.113943e+01 8.692147e+01 6.035138e+01
      vertex   4.113943e+01 8.697978e+01 6.019383e+01
    endloop
  endfacet
  facet normal -0.000000e+00 9.930268e-01 1.178887e-01
    outer loop
      vertex   3.761774e+01 8.697978e+01 6.019383e+01
      vertex   4.113943e+01 8.697978e+01 6.019383e+01
      vertex   4.466112e+01 8.699959e+01 6.002701e+01
    endloop
  endfacet
  facet normal 0.000000e+00 9.930268e-01 1.178887e-01
    outer loop
      vertex   4.466112e+01 8.699959e+01 6.002701e+01
      vertex   4.113943e+01 8.697978e+01 6.019383e+01
      vertex   4.466112e+01 8.697978e+01 6.019383e+01
    endloop
  endfacet
  facet normal 0.000000e+00 9.378235e-01 3.471125e-01
    outer loop
      vertex   4.466112e+01 8.697978e+01 6.019383e+01
      vertex   4.113943e+01 8.697978e+01 6.019383e+01
      vertex   4.466112e+01 8.692147e+01 6.035138e+01
    endloop
  endfacet
  facet normal 0.000000e+00 9.378235e-01 3.471125e-01
    outer loop
      vertex   4.466112e+01 8.692147e+01 6.035138e+01
      vertex   4.113943e+01 8.697978e+01 6.019383e+01
      vertex   4.113943e+01 8.692147e+01 6.035138e+01
    endloop
  endfacet
  facet normal 0.000000e+00 8.304857e-01 5.570400e-01
    outer loop
      vertex   4.466112e+01 8.692147e+01 6.035138e+01
      vertex   4.113943e+01 8.692147e+01 6.035138e+01
      vertex   4.466112e+01 8.682789e+01 6.049089e+01
    endloop
  endfacet
  facet normal -1.123893e-15 8.304857e-01 5.570400e-01
    outer loop
      vertex   4.466112e+01 8.682789e+01 6.049089e+01
      vertex   4.113943e+01 8.692147e+01 6.035138e+01
      vertex   4.113943e+01 8.682789e+01 6.049089e+01
    endloop
  endfacet
  facet normal -1.484968e-15 6.769804e-01 7.360011e-01
    outer loop
      vertex   4.466112e+01 8.682789e+01 6.049089e+01
      vertex   4.113943e+01 8.682789e+01 6.049089e+01
      vertex   4.466112e+01 8.670425e+01 6.060462e+01
    endloop
  endfacet
  facet normal -1.484968e-15 6.769804e-01 7.360011e-01
    outer loop
      vertex   4.466112e+01 8.670425e+01 6.060462e+01
      vertex   4.113943e+01 8.682789e+01 6.049089e+01
      vertex   4.113943e+01 8.670425e+01 6.060462e+01
    endloop
  endfacet
  facet normal -1.763492e-15 4.858411e-01 8.740472e-01
    outer loop
      vertex   4.466112e+01 8.670425e+01 6.060462e+01
      vertex   4.113943e+01 8.670425e+01 6.060462e+01
      vertex   4.466112e+01 8.655742e+01 6.068624e+01
    endloop
  endfacet
  facet normal -1.763492e-15 4.858411e-01 8.740472e-01
    outer loop
      vertex   4.466112e+01 8.655742e+01 6.068624e+01
      vertex   4.113943e+01 8.670425e+01 6.060462e+01
      vertex   4.113943e+01 8.655742e+01 6.068624e+01
    endloop
  endfacet
  facet normal -1.943982e-15 2.676934e-01 9.635041e-01
    outer loop
      vertex   4.466112e+01 8.655742e+01 6.068624e+01
      vertex   4.113943e+01 8.655742e+01 6.068624e+01
      vertex   4.466112e+01 8.639556e+01 6.073121e+01
    endloop
  endfacet
  facet normal 0.000000e+00 2.676934e-01 9.635041e-01
    outer loop
      vertex   4.466112e+01 8.639556e+01 6.073121e+01
      vertex   4.113943e+01 8.655742e+01 6.068624e+01
      vertex   4.113943e+01 8.639556e+01 6.073121e+01
    endloop
  endfacet
  facet normal 0.000000e+00 3.466440e-02 9.993990e-01
    outer loop
      vertex   4.466112e+01 8.639556e+01 6.073121e+01
      vertex   4.113943e+01 8.639556e+01 6.073121e+01
      vertex   4.466112e+01 8.622767e+01 6.073703e+01
    endloop
  endfacet
  facet normal -0.000000e+00 9.930268e-01 1.178887e-01
    outer loop
      vertex   5.922500e+00 8.699959e+01 6.002701e+01
      vertex   2.705266e+01 8.697978e+01 6.019383e+01
      vertex   4.466112e+01 8.699959e+01 6.002701e+01
    endloop
  endfacet
  facet normal 0.000000e+00 9.930268e-01 1.178887e-01
    outer loop
      vertex   4.466112e+01 8.699959e+01 6.002701e+01
      vertex   2.705266e+01 8.697978e+01 6.019383e+01
      vertex   3.057435e+01 8.697978e+01 6.019383e+01
    endloop
  endfacet
  facet normal 0.000000e+00 9.930268e-01 1.178887e-01
    outer loop
      vertex   4.466112e+01 8.699959e+01 6.002701e+01
      vertex   3.057435e+01 8.697978e+01 6.019383e+01
      vertex   3.409605e+01 8.697978e+01 6.019383e+01
    endloop
  endfacet
  facet normal 0.000000e+00 9.378235e-01 3.471125e-01
    outer loop
      vertex   3.409605e+01 8.697978e+01 6.019383e+01
      vertex   3.057435e+01 8.697978e+01 6.019383e+01
      vertex   3.409605e+01 8.692147e+01 6.035138e+01
    endloop
  endfacet
  facet normal 0.000000e+00 9.378235e-01 3.471125e-01
    outer loop
      vertex   3.409605e+01 8.697978e+01 6.019383e+01
      vertex   3.409605e+01 8.692147e+01 6.035138e+01
      vertex   3.761774e+01 8.692147e+01 6.035138e+01
    endloop
  endfacet
  facet normal 0.000000e+00 8.304857e-01 5.570400e-01
    outer loop
      vertex   3.761774e+01 8.692147e+01 6.035138e+01
      vertex   3.409605e+01 8.692147e+01 6.035138e+01
      vertex   3.761774e+01 8.682789e+01 6.049089e+01
    endloop
  endfacet
  facet normal 1.483687e-15 6.769804e-01 7.360011e-01
    outer loop
      vertex   5.922500e+00 8.682789e+01 6.049089e+01
      vertex   5.922500e+00 8.670425e+01 6.060462e+01
      vertex   9.444193e+00 8.670425e+01 6.060462e+01
    endloop
  endfacet
  facet normal 1.763492e-15 4.858411e-01 8.740472e-01
    outer loop
      vertex   9.444193e+00 8.670425e+01 6.060462e+01
      vertex   5.922500e+00 8.670425e+01 6.060462e+01
      vertex   9.444193e+00 8.655742e+01 6.068624e+01
    endloop
  endfacet
  facet normal 0.000000e+00 4.858411e-01 8.740472e-01
    outer loop
      vertex   9.444193e+00 8.670425e+01 6.060462e+01
      vertex   9.444193e+00 8.655742e+01 6.068624e+01
      vertex   1.296589e+01 8.655742e+01 6.068624e+01
    endloop
  endfacet
  facet normal 0.000000e+00 2.676934e-01 9.635041e-01
    outer loop
      vertex   1.296589e+01 8.655742e+01 6.068624e+01
      vertex   9.444193e+00 8.655742e+01 6.068624e+01
      vertex   1.296589e+01 8.639556e+01 6.073121e+01
    endloop
  endfacet
  facet normal 0.000000e+00 2.676934e-01 9.635041e-01
    outer loop
      vertex   1.296589e+01 8.655742e+01 6.068624e+01
      vertex   1.296589e+01 8.639556e+01 6.073121e+01
      vertex   1.648758e+01 8.639556e+01 6.073121e+01
    endloop
  endfacet
  facet normal 0.000000e+00 3.466440e-02 9.993990e-01
    outer loop
      vertex   1.648758e+01 8.639556e+01 6.073121e+01
      vertex   1.296589e+01 8.639556e+01 6.073121e+01
      vertex   5.922500e+00 8.622767e+01 6.073703e+01
    endloop
  endfacet
  facet normal 1.765177e-15 4.858411e-01 8.740472e-01
    outer loop
      vertex   5.922500e+00 8.670425e+01 6.060462e+01
      vertex   5.922500e+00 8.655742e+01 6.068624e+01
      vertex   9.444193e+00 8.655742e+01 6.068624e+01
    endloop
  endfacet
  facet normal 1.943982e-15 2.676934e-01 9.635041e-01
    outer loop
      vertex   9.444193e+00 8.655742e+01 6.068624e+01
      vertex   5.922500e+00 8.655742e+01 6.068624e+01
      vertex   9.444193e+00 8.639556e+01 6.073121e+01
    endloop
  endfacet
  facet normal 0.000000e+00 2.676934e-01 9.635041e-01
    outer loop
      vertex   9.444193e+00 8.655742e+01 6.068624e+01
      vertex   9.444193e+00 8.639556e+01 6.073121e+01
      vertex   1.296589e+01 8.639556e+01 6.073121e+01
    endloop
  endfacet
  facet normal 0.000000e+00 3.466440e-02 9.993990e-01
    outer loop
      vertex   1.296589e+01 8.639556e+01 6.073121e+01
      vertex   9.444193e+00 8.639556e+01 6.073121e+01
      vertex   5.922500e+00 8.622767e+01 6.073703e+01
    endloop
  endfacet
  facet normal 0.000000e+00 2.676934e-01 9.635041e-01
    outer loop
      vertex   5.922500e+00 8.655742e+01 6.068624e+01
      vertex   5.922500e+00 8.639556e+01 6.073121e+01
      vertex   9.444193e+00 8.639556e+01 6.073121e+01
    endloop
  endfacet
  facet normal 0.000000e+00 3.466440e-02 9.993990e-01
    outer loop
      vertex   9.444193e+00 8.639556e+01 6.073121e+01
      vertex   5.922500e+00 8.639556e+01 6.073121e+01
      vertex   5.922500e+00 8.622767e+01 6.073703e+01
    endloop
  endfacet
  facet normal -0.000000e+00 2.676934e-01 9.635041e-01
    outer loop
      vertex   3.409605e+01 8.639556e+01 6.073121e+01
      vertex   3.761774e+01 8.639556e+01 6.073121e+01
      vertex   3.409605e+01 8.655742e+01 6.068624e+01
    endloop
  endfacet
  facet normal -0.000000e+00 2.676934e-01 9.635041e-01
    outer loop
      vertex   3.409605e+01 8.655742e+01 6.068624e+01
      vertex   3.761774e+01 8.639556e+01 6.073121e+01
      vertex   3.761774e+01 8.655742e+01 6.068624e+01
    endloop
  endfacet
  facet normal -0.000000e+00 4.858411e-01 8.740472e-01
    outer loop
      vertex   3.409605e+01 8.655742e+01 6.068624e+01
      vertex   3.761774e+01 8.655742e+01 6.068624e+01
      vertex   3.409605e+01 8.670425e+01 6.060462e+01
    endloop
  endfacet
  facet normal -0.000000e+00 4.858411e-01 8.740472e-01
    outer loop
      vertex   3.409605e+01 8.670425e+01 6.060462e+01
      vertex   3.761774e+01 8.655742e+01 6.068624e+01
      vertex   3.761774e+01 8.670425e+01 6.060462e+01
    endloop
  endfacet
  facet normal -0.000000e+00 6.769804e-01 7.360011e-01
    outer loop
      vertex   3.409605e+01 8.670425e+01 6.060462e+01
      vertex   3.761774e+01 8.670425e+01 6.060462e+01
      vertex   3.409605e+01 8.682789e+01 6.049089e+01
    endloop
  endfacet
  facet normal -0.000000e+00 6.769804e-01 7.360011e-01
    outer loop
      vertex   3.409605e+01 8.682789e+01 6.049089e+01
      vertex   3.761774e+01 8.670425e+01 6.060462e+01
      vertex   3.761774e+01 8.682789e+01 6.049089e+01
    endloop
  endfacet
  facet normal -0.000000e+00 8.304857e-01 5.570400e-01
    outer loop
      vertex   3.409605e+01 8.682789e+01 6.049089e+01
      vertex   3.761774e+01 8.682789e+01 6.049089e+01
      vertex   3.409605e+01 8.692147e+01 6.035138e+01
    endloop
  endfacet
  facet normal -0.000000e+00 3.466440e-02 9.993990e-01
    outer loop
      vertex   2.353097e+01 8.639556e+01 6.073121e+01
      vertex   4.466112e+01 8.622767e+01 6.073703e+01
      vertex   2.705266e+01 8.639556e+01 6.073121e+01
    endloop
  endfacet
  facet normal -0.000000e+00 3.466440e-02 9.993990e-01
    outer loop
      vertex   2.705266e+01 8.639556e+01 6.073121e+01
      vertex   4.466112e+01 8.622767e+01 6.073703e+01
      vertex   3.057435e+01 8.639556e+01 6.073121e+01
    endloop
  endfacet
  facet normal -0.000000e+00 2.676934e-01 9.635041e-01
    outer loop
      vertex   2.705266e+01 8.639556e+01 6.073121e+01
      vertex   3.057435e+01 8.639556e+01 6.073121e+01
      vertex   2.705266e+01 8.655742e+01 6.068624e+01
    endloop
  endfacet
  facet normal -0.000000e+00 2.676934e-01 9.635041e-01
    outer loop
      vertex   2.353097e+01 8.639556e+01 6.073121e+01
      vertex   2.705266e+01 8.639556e+01 6.073121e+01
      vertex   2.353097e+01 8.655742e+01 6.068624e+01
    endloop
  endfacet
  facet normal -0.000000e+00 2.676934e-01 9.635041e-01
    outer loop
      vertex   2.353097e+01 8.655742e+01 6.068624e+01
      vertex   2.705266e+01 8.639556e+01 6.073121e+01
      vertex   2.705266e+01 8.655742e+01 6.068624e+01
    endloop
  endfacet
  facet normal -0.000000e+00 4.858411e-01 8.740472e-01
    outer loop
      vertex   2.353097e+01 8.655742e+01 6.068624e+01
      vertex   2.705266e+01 8.655742e+01 6.068624e+01
      vertex   2.353097e+01 8.670425e+01 6.060462e+01
    endloop
  endfacet
  facet normal -0.000000e+00 2.676934e-01 9.635041e-01
    outer loop
      vertex   2.000927e+01 8.639556e+01 6.073121e+01
      vertex   2.353097e+01 8.639556e+01 6.073121e+01
      vertex   2.000927e+01 8.655742e+01 6.068624e+01
    endloop
  endfacet
  facet normal -0.000000e+00 2.676934e-01 9.635041e-01
    outer loop
      vertex   2.000927e+01 8.655742e+01 6.068624e+01
      vertex   2.353097e+01 8.639556e+01 6.073121e+01
      vertex   2.353097e+01 8.655742e+01 6.068624e+01
    endloop
  endfacet
  facet normal -0.000000e+00 4.858411e-01 8.740472e-01
    outer loop
      vertex   2.000927e+01 8.655742e+01 6.068624e+01
      vertex   2.353097e+01 8.655742e+01 6.068624e+01
      vertex   2.000927e+01 8.670425e+01 6.060462e+01
    endloop
  endfacet
  facet normal -0.000000e+00 4.858411e-01 8.740472e-01
    outer loop
      vertex   2.000927e+01 8.670425e+01 6.060462e+01
      vertex   2.353097e+01 8.655742e+01 6.068624e+01
      vertex   2.353097e+01 8.670425e+01 6.060462e+01
    endloop
  endfacet
  facet normal -0.000000e+00 6.769804e-01 7.360011e-01
    outer loop
      vertex   2.000927e+01 8.670425e+01 6.060462e+01
      vertex   2.353097e+01 8.670425e+01 6.060462e+01
      vertex   2.000927e+01 8.682789e+01 6.049089e+01
    endloop
  endfacet
  facet normal 0.000000e+00 2.676934e-01 9.635041e-01
    outer loop
      vertex   3.409605e+01 8.639556e+01 6.073121e+01
      vertex   3.409605e+01 8.655742e+01 6.068624e+01
      vertex   3.057435e+01 8.655742e+01 6.068624e+01
    endloop
  endfacet
  facet normal -0.000000e+00 4.858411e-01 8.740472e-01
    outer loop
      vertex   3.057435e+01 8.655742e+01 6.068624e+01
      vertex   3.409605e+01 8.655742e+01 6.068624e+01
      vertex   3.057435e+01 8.670425e+01 6.060462e+01
    endloop
  endfacet
  facet normal 0.000000e+00 4.858411e-01 8.740472e-01
    outer loop
      vertex   3.057435e+01 8.655742e+01 6.068624e+01
      vertex   3.057435e+01 8.670425e+01 6.060462e+01
      vertex   2.705266e+01 8.670425e+01 6.060462e+01
    endloop
  endfacet
  facet normal -0.000000e+00 6.769804e-01 7.360011e-01
    outer loop
      vertex   2.705266e+01 8.670425e+01 6.060462e+01
      vertex   3.057435e+01 8.670425e+01 6.060462e+01
      vertex   2.705266e+01 8.682789e+01 6.049089e+01
    endloop
  endfacet
  facet normal 0.000000e+00 6.769804e-01 7.360011e-01
    outer loop
      vertex   2.705266e+01 8.670425e+01 6.060462e+01
      vertex   2.705266e+01 8.682789e+01 6.049089e+01
      vertex   2.353097e+01 8.682789e+01 6.049089e+01
    endloop
  endfacet
  facet normal -0.000000e+00 8.304857e-01 5.570400e-01
    outer loop
      vertex   2.353097e+01 8.682789e+01 6.049089e+01
      vertex   2.705266e+01 8.682789e+01 6.049089e+01
      vertex   2.353097e+01 8.692147e+01 6.035138e+01
    endloop
  endfacet
  facet normal 0.000000e+00 8.304857e-01 5.570400e-01
    outer loop
      vertex   2.353097e+01 8.682789e+01 6.049089e+01
      vertex   2.353097e+01 8.692147e+01 6.035138e+01
      vertex   2.000927e+01 8.692147e+01 6.035138e+01
    endloop
  endfacet
  facet normal -0.000000e+00 9.378235e-01 3.471125e-01
    outer loop
      vertex   2.000927e+01 8.692147e+01 6.035138e+01
      vertex   2.353097e+01 8.692147e+01 6.035138e+01
      vertex   2.000927e+01 8.697978e+01 6.019383e+01
    endloop
  endfacet
  facet normal 0.000000e+00 9.378235e-01 3.471125e-01
    outer loop
      vertex   2.000927e+01 8.692147e+01 6.035138e+01
      vertex   2.000927e+01 8.697978e+01 6.019383e+01
      vertex   1.648758e+01 8.697978e+01 6.019383e+01
    endloop
  endfacet
  facet normal -0.000000e+00 9.930268e-01 1.178887e-01
    outer loop
      vertex   1.648758e+01 8.697978e+01 6.019383e+01
      vertex   2.000927e+01 8.697978e+01 6.019383e+01
      vertex   5.922500e+00 8.699959e+01 6.002701e+01
    endloop
  endfacet
  facet normal -0.000000e+00 4.858411e-01 8.740472e-01
    outer loop
      vertex   3.057435e+01 8.670425e+01 6.060462e+01
      vertex   3.409605e+01 8.655742e+01 6.068624e+01
      vertex   3.409605e+01 8.670425e+01 6.060462e+01
    endloop
  endfacet
  facet normal 0.000000e+00 2.676934e-01 9.635041e-01
    outer loop
      vertex   2.000927e+01 8.639556e+01 6.073121e+01
      vertex   2.000927e+01 8.655742e+01 6.068624e+01
      vertex   1.648758e+01 8.655742e+01 6.068624e+01
    endloop
  endfacet
  facet normal -0.000000e+00 4.858411e-01 8.740472e-01
    outer loop
      vertex   1.648758e+01 8.655742e+01 6.068624e+01
      vertex   2.000927e+01 8.655742e+01 6.068624e+01
      vertex   1.648758e+01 8.670425e+01 6.060462e+01
    endloop
  endfacet
  facet normal 0.000000e+00 4.858411e-01 8.740472e-01
    outer loop
      vertex   1.648758e+01 8.655742e+01 6.068624e+01
      vertex   1.648758e+01 8.670425e+01 6.060462e+01
      vertex   1.296589e+01 8.670425e+01 6.060462e+01
    endloop
  endfacet
  facet normal -0.000000e+00 6.769804e-01 7.360011e-01
    outer loop
      vertex   1.296589e+01 8.670425e+01 6.060462e+01
      vertex   1.648758e+01 8.670425e+01 6.060462e+01
      vertex   1.296589e+01 8.682789e+01 6.049089e+01
    endloop
  endfacet
  facet normal 0.000000e+00 6.769804e-01 7.360011e-01
    outer loop
      vertex   1.296589e+01 8.670425e+01 6.060462e+01
      vertex   1.296589e+01 8.682789e+01 6.049089e+01
      vertex   9.444193e+00 8.682789e+01 6.049089e+01
    endloop
  endfacet
  facet normal -0.000000e+00 8.304857e-01 5.570400e-01
    outer loop
      vertex   9.444193e+00 8.682789e+01 6.049089e+01
      vertex   1.296589e+01 8.682789e+01 6.049089e+01
      vertex   9.444193e+00 8.692147e+01 6.035138e+01
    endloop
  endfacet
  facet normal -0.000000e+00 4.858411e-01 8.740472e-01
    outer loop
      vertex   1.648758e+01 8.670425e+01 6.060462e+01
      vertex   2.000927e+01 8.655742e+01 6.068624e+01
      vertex   2.000927e+01 8.670425e+01 6.060462e+01
    endloop
  endfacet
  facet normal -0.000000e+00 6.769804e-01 7.360011e-01
    outer loop
      vertex   3.057435e+01 8.670425e+01 6.060462e+01
      vertex   3.409605e+01 8.670425e+01 6.060462e+01
      vertex   3.057435e+01 8.682789e+01 6.049089e+01
    endloop
  endfacet
  facet normal -0.000000e+00 6.769804e-01 7.360011e-01
    outer loop
      vertex   3.057435e+01 8.682789e+01 6.049089e+01
      vertex   3.409605e+01 8.670425e+01 6.060462e+01
      vertex   3.409605e+01 8.682789e+01 6.049089e+01
    endloop
  endfacet
  facet normal -0.000000e+00 8.304857e-01 5.570400e-01
    outer loop
      vertex   3.057435e+01 8.682789e+01 6.049089e+01
      vertex   3.409605e+01 8.682789e+01 6.049089e+01
      vertex   3.057435e+01 8.692147e+01 6.035138e+01
    endloop
  endfacet
  facet normal -0.000000e+00 8.304857e-01 5.570400e-01
    outer loop
      vertex   3.057435e+01 8.692147e+01 6.035138e+01
      vertex   3.409605e+01 8.682789e+01 6.049089e+01
      vertex   3.409605e+01 8.692147e+01 6.035138e+01
    endloop
  endfacet
  facet normal -0.000000e+00 9.378235e-01 3.471125e-01
    outer loop
      vertex   3.057435e+01 8.692147e+01 6.035138e+01
      vertex   3.409605e+01 8.692147e+01 6.035138e+01
      vertex   3.057435e+01 8.697978e+01 6.019383e+01
    endloop
  endfacet
  facet normal -0.000000e+00 6.769804e-01 7.360011e-01
    outer loop
      vertex   1.648758e+01 8.670425e+01 6.060462e+01
      vertex   2.000927e+01 8.670425e+01 6.060462e+01
      vertex   1.648758e+01 8.682789e+01 6.049089e+01
    endloop
  endfacet
  facet normal -0.000000e+00 6.769804e-01 7.360011e-01
    outer loop
      vertex   1.648758e+01 8.682789e+01 6.049089e+01
      vertex   2.000927e+01 8.670425e+01 6.060462e+01
      vertex   2.000927e+01 8.682789e+01 6.049089e+01
    endloop
  endfacet
  facet normal -0.000000e+00 8.304857e-01 5.570400e-01
    outer loop
      vertex   1.648758e+01 8.682789e+01 6.049089e+01
      vertex   2.000927e+01 8.682789e+01 6.049089e+01
      vertex   1.648758e+01 8.692147e+01 6.035138e+01
    endloop
  endfacet
  facet normal 0.000000e+00 6.769804e-01 7.360011e-01
    outer loop
      vertex   3.057435e+01 8.670425e+01 6.060462e+01
      vertex   3.057435e+01 8.682789e+01 6.049089e+01
      vertex   2.705266e+01 8.682789e+01 6.049089e+01
    endloop
  endfacet
  facet normal -0.000000e+00 8.304857e-01 5.570400e-01
    outer loop
      vertex   2.705266e+01 8.682789e+01 6.049089e+01
      vertex   3.057435e+01 8.682789e+01 6.049089e+01
      vertex   2.705266e+01 8.692147e+01 6.035138e+01
    endloop
  endfacet
  facet normal 0.000000e+00 8.304857e-01 5.570400e-01
    outer loop
      vertex   2.705266e+01 8.682789e+01 6.049089e+01
      vertex   2.705266e+01 8.692147e+01 6.035138e+01
      vertex   2.353097e+01 8.692147e+01 6.035138e+01
    endloop
  endfacet
  facet normal -0.000000e+00 9.378235e-01 3.471125e-01
    outer loop
      vertex   2.353097e+01 8.692147e+01 6.035138e+01
      vertex   2.705266e+01 8.692147e+01 6.035138e+01
      vertex   2.353097e+01 8.697978e+01 6.019383e+01
    endloop
  endfacet
  facet normal 0.000000e+00 9.378235e-01 3.471125e-01
    outer loop
      vertex   2.353097e+01 8.692147e+01 6.035138e+01
      vertex   2.353097e+01 8.697978e+01 6.019383e+01
      vertex   2.000927e+01 8.697978e+01 6.019383e+01
    endloop
  endfacet
  facet normal -0.000000e+00 9.930268e-01 1.178887e-01
    outer loop
      vertex   2.000927e+01 8.697978e+01 6.019383e+01
      vertex   2.353097e+01 8.697978e+01 6.019383e+01
      vertex   5.922500e+00 8.699959e+01 6.002701e+01
    endloop
  endfacet
  facet normal -0.000000e+00 8.304857e-01 5.570400e-01
    outer loop
      vertex   2.705266e+01 8.692147e+01 6.035138e+01
      vertex   3.057435e+01 8.682789e+01 6.049089e+01
      vertex   3.057435e+01 8.692147e+01 6.035138e+01
    endloop
  endfacet
  facet normal 0.000000e+00 6.769804e-01 7.360011e-01
    outer loop
      vertex   1.648758e+01 8.670425e+01 6.060462e+01
      vertex   1.648758e+01 8.682789e+01 6.049089e+01
      vertex   1.296589e+01 8.682789e+01 6.049089e+01
    endloop
  endfacet
  facet normal -0.000000e+00 8.304857e-01 5.570400e-01
    outer loop
      vertex   1.296589e+01 8.682789e+01 6.049089e+01
      vertex   1.648758e+01 8.682789e+01 6.049089e+01
      vertex   1.296589e+01 8.692147e+01 6.035138e+01
    endloop
  endfacet
  facet normal 0.000000e+00 8.304857e-01 5.570400e-01
    outer loop
      vertex   1.296589e+01 8.682789e+01 6.049089e+01
      vertex   1.296589e+01 8.692147e+01 6.035138e+01
      vertex   9.444193e+00 8.692147e+01 6.035138e+01
    endloop
  endfacet
  facet normal -0.000000e+00 9.378235e-01 3.471125e-01
    outer loop
      vertex   9.444193e+00 8.692147e+01 6.035138e+01
      vertex   1.296589e+01 8.692147e+01 6.035138e+01
      vertex   9.444193e+00 8.697978e+01 6.019383e+01
    endloop
  endfacet
  facet normal -0.000000e+00 8.304857e-01 5.570400e-01
    outer loop
      vertex   1.296589e+01 8.692147e+01 6.035138e+01
      vertex   1.648758e+01 8.682789e+01 6.049089e+01
      vertex   1.648758e+01 8.692147e+01 6.035138e+01
    endloop
  endfacet
  facet normal -0.000000e+00 9.378235e-01 3.471125e-01
    outer loop
      vertex   3.409605e+01 8.697978e+01 6.019383e+01
      vertex   3.761774e+01 8.692147e+01 6.035138e+01
      vertex   3.761774e+01 8.697978e+01 6.019383e+01
    endloop
  endfacet
  facet normal 0.000000e+00 9.378235e-01 3.471125e-01
    outer loop
      vertex   3.057435e+01 8.697978e+01 6.019383e+01
      vertex   2.705266e+01 8.697978e+01 6.019383e+01
      vertex   3.057435e+01 8.692147e+01 6.035138e+01
    endloop
  endfacet
  facet normal 0.000000e+00 9.378235e-01 3.471125e-01
    outer loop
      vertex   3.057435e+01 8.692147e+01 6.035138e+01
      vertex   2.705266e+01 8.697978e+01 6.019383e+01
      vertex   2.705266e+01 8.692147e+01 6.035138e+01
    endloop
  endfacet
  facet normal -0.000000e+00 9.378235e-01 3.471125e-01
    outer loop
      vertex   9.444193e+00 8.697978e+01 6.019383e+01
      vertex   1.296589e+01 8.692147e+01 6.035138e+01
      vertex   1.296589e+01 8.697978e+01 6.019383e+01
    endloop
  endfacet
  facet normal 0.000000e+00 9.378235e-01 3.471125e-01
    outer loop
      vertex   1.296589e+01 8.697978e+01 6.019383e+01
      vertex   1.296589e+01 8.692147e+01 6.035138e+01
      vertex   1.648758e+01 8.692147e+01 6.035138e+01
    endloop
  endfacet
  facet normal 0.000000e+00 9.930268e-01 1.178887e-01
    outer loop
      vertex   4.466112e+01 8.699959e+01 6.002701e+01
      vertex   3.409605e+01 8.697978e+01 6.019383e+01
      vertex   3.761774e+01 8.697978e+01 6.019383e+01
    endloop
  endfacet
  facet normal 0.000000e+00 9.930268e-01 1.178887e-01
    outer loop
      vertex   5.922500e+00 8.699959e+01 6.002701e+01
      vertex   2.353097e+01 8.697978e+01 6.019383e+01
      vertex   2.705266e+01 8.697978e+01 6.019383e+01
    endloop
  endfacet
  facet normal 0.000000e+00 9.378235e-01 3.471125e-01
    outer loop
      vertex   2.705266e+01 8.697978e+01 6.019383e+01
      vertex   2.353097e+01 8.697978e+01 6.019383e+01
      vertex   2.705266e+01 8.692147e+01 6.035138e+01
    endloop
  endfacet
  facet normal 0.000000e+00 -1.000000e+00 0.000000e+00
    outer loop
      vertex   4.466112e+01 4.743874e+01 5.500000e+01
      vertex   4.466112e+01 4.743874e+01 5.510163e+01
      vertex   5.922500e+00 4.743874e+01 5.500000e+01
    endloop
  endfacet
  facet normal 0.000000e+00 -1.000000e+00 0.000000e+00
    outer loop
      vertex   5.922500e+00 4.743874e+01 5.500000e+01
      vertex   4.466112e+01 4.743874e+01 5.510163e+01
      vertex   5.922500e+00 4.743874e+01 5.510163e+01
    endloop
  endfacet
  facet normal 0.000000e+00 -0.000000e+00 1.000000e+00
    outer loop
      vertex   4.466112e+01 4.743874e+01 5.510163e+01
      vertex   4.466112e+01 8.486209e+01 5.510163e+01
      vertex   5.922500e+00 4.743874e+01 5.510163e+01
    endloop
  endfacet
  facet normal 0.000000e+00 0.000000e+00 1.000000e+00
    outer loop
      vertex   5.922500e+00 4.743874e+01 5.510163e+01
      vertex   4.466112e+01 8.486209e+01 5.510163e+01
      vertex   5.922500e+00 8.486209e+01 5.510163e+01
    endloop
  endfacet
  facet normal -0.000000e+00 -1.000000e+00 -0.000000e+00
    outer loop
      vertex   1.500000e+00 -3.000000e+00 0.000000e+00
      vertex   1.500000e-02 -3.000000e+00 0.000000e+00
      vertex   1.500000e+00 -3.000000e+00 -3.000000e+00
    endloop
  endfacet
  facet normal 0.000000e+00 -1.000000e+00 0.000000e+00
    outer loop
      vertex   1.500000e+00 -3.000000e+00 -3.000000e+00
      vertex   1.500000e-02 -3.000000e+00 0.000000e+00
      vertex   1.500000e-02 -3.000000e+00 -3.000000e+00
    endloop
  endfacet
  facet normal 1.000000e+00 0.000000e+00 -0.000000e+00
    outer loop
      vertex   1.500000e-02 -3.000000e+00 -3.000000e+00
      vertex   1.500000e-02 -3.000000e+00 0.000000e+00
      vertex   1.500000e-02 -3.100000e+00 -3.000000e+00
    endloop
  endfacet
  facet normal 1.000000e+00 0.000000e+00 -0.000000e+00
    outer loop
      vertex   1.500000e-02 -3.100000e+00 -3.000000e+00
      vertex   1.500000e-02 -3.000000e+00 0.000000e+00
      vertex   1.500000e-02 -3.100000e+00 0.000000e+00
    endloop
  endfacet
  facet normal 2.185989e-09 -1.000000e+00 0.000000e+00
    outer loop
      vertex   1.500000e+00 -3.000000e+00 -3.000000e+00
      vertex   5.262500e+01 -3.000000e+00 -3.000000e+00
      vertex   1.500000e+00 -3.000000e+00 0.000000e+00
    endloop
  endfacet
  facet normal 2.185989e-09 -1.000000e+00 0.000000e+00
    outer loop
      vertex   1.500000e+00 -3.000000e+00 0.000000e+00
      vertex   5.262500e+01 -3.000000e+00 -3.000000e+00
      vertex   5.262500e+01 -3.000000e+00 5.500000e+01
    endloop
  endfacet
  facet normal 2.185989e-09 -1.000000e+00 0.000000e+00
    outer loop
      vertex   1.500000e+00 -3.000000e+00 0.000000e+00
      vertex   5.262500e+01 -3.000000e+00 5.500000e+01
      vertex   1.500000e+00 -3.000000e+00 5.500000e+01
    endloop
  endfacet
  facet normal 0.000000e+00 -1.000000e+00 0.000000e+00
    outer loop
      vertex   5.262500e+01 8.400000e+01 0.000000e+00
      vertex   5.262500e+01 8.400000e+01 5.200000e+01
      vertex   -1.485000e+00 8.400000e+01 0.000000e+00
    endloop
  endfacet
  facet normal 0.000000e+00 -1.000000e+00 0.000000e+00
    outer loop
      vertex   -1.485000e+00 8.400000e+01 0.000000e+00
      vertex   5.262500e+01 8.400000e+01 5.200000e+01
      vertex   -1.500000e+00 8.400000e+01 5.200000e+01
    endloop
  endfacet
  facet normal 0.000000e+00 -1.000000e+00 0.000000e+00
    outer loop
      vertex   -1.485000e+00 8.400000e+01 0.000000e+00
      vertex   -1.500000e+00 8.400000e+01 5.200000e+01
      vertex   -1.500000e+00 8.400000e+01 0.000000e+00
    endloop
  endfacet
  facet normal -0.000000e+00 -0.000000e+00 -1.000000e+00
    outer loop
      vertex   1.500000e+00 -3.000000e+00 0.000000e+00
      vertex   1.500000e+00 -3.100000e+00 0.000000e+00
      vertex   1.500000e-02 -3.000000e+00 0.000000e+00
    endloop
  endfacet
  facet normal 0.000000e+00 0.000000e+00 -1.000000e+00
    outer loop
      vertex   1.500000e-02 -3.000000e+00 0.000000e+00
      vertex   1.500000e+00 -3.100000e+00 0.000000e+00
      vertex   1.500000e-02 -3.100000e+00 0.000000e+00
    endloop
  endfacet
  facet normal 0.000000e+00 0.000000e+00 1.000000e+00
    outer loop
      vertex   5.922500e+00 8.699959e+01 5.500000e+01
      vertex   -1.500000e+00 8.700000e+01 5.500000e+01
      vertex   5.922500e+00 4.743874e+01 5.500000e+01
    endloop
  endfacet
  facet normal 0.000000e+00 0.000000e+00 1.000000e+00
    outer loop
      vertex   5.922500e+00 4.743874e+01 5.500000e+01
      vertex   -1.500000e+00 8.700000e+01 5.500000e+01
      vertex   -1.500000e+00 -3.100000e+00 5.500000e+01
    endloop
  endfacet
  facet normal 0.000000e+00 0.000000e+00 1.000000e+00
    outer loop
      vertex   5.922500e+00 4.743874e+01 5.500000e+01
      vertex   -1.500000e+00 -3.100000e+00 5.500000e+01
      vertex   1.500000e+00 -3.000000e+00 5.500000e+01
    endloop
  endfacet
  facet normal 0.000000e+00 0.000000e+00 1.000000e+00
    outer loop
      vertex   1.500000e+00 -3.000000e+00 5.500000e+01
      vertex   -1.500000e+00 -3.100000e+00 5.500000e+01
      vertex   1.500000e+00 -3.100000e+00 5.500000e+01
    endloop
  endfacet
  facet normal 0.000000e+00 -0.000000e+00 1.000000e+00
    outer loop
      vertex   5.922500e+00 8.699959e+01 5.500000e+01
      vertex   4.466112e+01 8.699959e+01 5.500000e+01
      vertex   -1.500000e+00 8.700000e+01 5.500000e+01
    endloop
  endfacet
  facet normal -0.000000e+00 0.000000e+00 1.000000e+00
    outer loop
      vertex   -1.500000e+00 8.700000e+01 5.500000e+01
      vertex   4.466112e+01 8.699959e+01 5.500000e+01
      vertex   5.262500e+01 8.700000e+01 5.500000e+01
    endloop
  endfacet
  facet normal 0.000000e+00 0.000000e+00 1.000000e+00
    outer loop
      vertex   5.262500e+01 8.700000e+01 5.500000e+01
      vertex   4.466112e+01 8.699959e+01 5.500000e+01
      vertex   4.466112e+01 4.743874e+01 5.500000e+01
    endloop
  endfacet
  facet normal 0.000000e+00 0.000000e+00 1.000000e+00
    outer loop
      vertex   5.262500e+01 8.700000e+01 5.500000e+01
      vertex   4.466112e+01 4.743874e+01 5.500000e+01
      vertex   4.802047e+01 4.347049e+01 5.500000e+01
    endloop
  endfacet
  facet normal 0.000000e+00 0.000000e+00 1.000000e+00
    outer loop
      vertex   4.802047e+01 4.347049e+01 5.500000e+01
      vertex   4.466112e+01 4.743874e+01 5.500000e+01
      vertex   4.745165e+01 4.382791e+01 5.500000e+01
    endloop
  endfacet
  facet normal 0.000000e+00 0.000000e+00 1.000000e+00
    outer loop
      vertex   4.745165e+01 4.382791e+01 5.500000e+01
      vertex   4.466112e+01 4.743874e+01 5.500000e+01
      vertex   4.681756e+01 4.404978e+01 5.500000e+01
    endloop
  endfacet
  facet normal 0.000000e+00 0.000000e+00 1.000000e+00
    outer loop
      vertex   4.681756e+01 4.404978e+01 5.500000e+01
      vertex   4.466112e+01 4.743874e+01 5.500000e+01
      vertex   4.615000e+01 4.412500e+01 5.500000e+01
    endloop
  endfacet
  facet normal 0.000000e+00 0.000000e+00 1.000000e+00
    outer loop
      vertex   4.615000e+01 4.412500e+01 5.500000e+01
      vertex   4.466112e+01 4.743874e+01 5.500000e+01
      vertex   4.548244e+01 4.404978e+01 5.500000e+01
    endloop
  endfacet
  facet normal 0.000000e+00 0.000000e+00 1.000000e+00
    outer loop
      vertex   4.548244e+01 4.404978e+01 5.500000e+01
      vertex   4.466112e+01 4.743874e+01 5.500000e+01
      vertex   4.484835e+01 4.382791e+01 5.500000e+01
    endloop
  endfacet
  facet normal 0.000000e+00 0.000000e+00 1.000000e+00
    outer loop
      vertex   4.484835e+01 4.382791e+01 5.500000e+01
      vertex   4.466112e+01 4.743874e+01 5.500000e+01
      vertex   4.427953e+01 4.347049e+01 5.500000e+01
    endloop
  endfacet
  facet normal 0.000000e+00 -0.000000e+00 1.000000e+00
    outer loop
      vertex   4.427953e+01 4.347049e+01 5.500000e+01
      vertex   4.466112e+01 4.743874e+01 5.500000e+01
      vertex   4.380451e+01 4.299547e+01 5.500000e+01
    endloop
  endfacet
  facet normal 0.000000e+00 -0.000000e+00 1.000000e+00
    outer loop
      vertex   4.380451e+01 4.299547e+01 5.500000e+01
      vertex   4.466112e+01 4.743874e+01 5.500000e+01
      vertex   4.344709e+01 4.242665e+01 5.500000e+01
    endloop
  endfacet
  facet normal 0.000000e+00 -0.000000e+00 1.000000e+00
    outer loop
      vertex   4.344709e+01 4.242665e+01 5.500000e+01
      vertex   4.466112e+01 4.743874e+01 5.500000e+01
      vertex   2.485291e+01 4.242665e+01 5.500000e+01
    endloop
  endfacet
  facet normal 0.000000e+00 0.000000e+00 1.000000e+00
    outer loop
      vertex   4.344709e+01 4.242665e+01 5.500000e+01
      vertex   2.485291e+01 4.242665e+01 5.500000e+01
      vertex   4.322522e+01 4.179256e+01 5.500000e+01
    endloop
  endfacet
  facet normal 0.000000e+00 0.000000e+00 1.000000e+00
    outer loop
      vertex   4.322522e+01 4.179256e+01 5.500000e+01
      vertex   2.485291e+01 4.242665e+01 5.500000e+01
      vertex   2.507478e+01 4.179256e+01 5.500000e+01
    endloop
  endfacet
  facet normal 0.000000e+00 0.000000e+00 1.000000e+00
    outer loop
      vertex   4.322522e+01 4.179256e+01 5.500000e+01
      vertex   2.507478e+01 4.179256e+01 5.500000e+01
      vertex   4.315000e+01 4.112500e+01 5.500000e+01
    endloop
  endfacet
  facet normal 0.000000e+00 0.000000e+00 1.000000e+00
    outer loop
      vertex   4.315000e+01 4.112500e+01 5.500000e+01
      vertex   2.507478e+01 4.179256e+01 5.500000e+01
      vertex   2.515000e+01 4.112500e+01 5.500000e+01
    endloop
  endfacet
  facet normal 0.000000e+00 0.000000e+00 1.000000e+00
    outer loop
      vertex   4.315000e+01 4.112500e+01 5.500000e+01
      vertex   2.515000e+01 4.112500e+01 5.500000e+01
      vertex   2.507478e+01 4.045744e+01 5.500000e+01
    endloop
  endfacet
  facet normal -0.000000e+00 0.000000e+00 1.000000e+00
    outer loop
      vertex   5.922500e+00 4.743874e+01 5.500000e+01
      vertex   2.215000e+01 4.412500e+01 5.500000e+01
      vertex   4.466112e+01 4.743874e+01 5.500000e+01
    endloop
  endfacet
  facet normal 0.000000e+00 0.000000e+00 1.000000e+00
    outer loop
      vertex   4.466112e+01 4.743874e+01 5.500000e+01
      vertex   2.215000e+01 4.412500e+01 5.500000e+01
      vertex   2.281756e+01 4.404978e+01 5.500000e+01
    endloop
  endfacet
  facet normal 0.000000e+00 0.000000e+00 1.000000e+00
    outer loop
      vertex   4.466112e+01 4.743874e+01 5.500000e+01
      vertex   2.281756e+01 4.404978e+01 5.500000e+01
      vertex   2.345165e+01 4.382791e+01 5.500000e+01
    endloop
  endfacet
  facet normal 0.000000e+00 0.000000e+00 1.000000e+00
    outer loop
      vertex   2.507478e+01 6.832437e+00 5.500000e+01
      vertex   4.322522e+01 6.832437e+00 5.500000e+01
      vertex   2.515000e+01 7.500000e+00 5.500000e+01
    endloop
  endfacet
  facet normal -0.000000e+00 0.000000e+00 1.000000e+00
    outer loop
      vertex   2.515000e+01 7.500000e+00 5.500000e+01
      vertex   4.322522e+01 6.832437e+00 5.500000e+01
      vertex   4.315000e+01 7.500000e+00 5.500000e+01
    endloop
  endfacet
  facet normal 0.000000e+00 -0.000000e+00 1.000000e+00
    outer loop
      vertex   2.515000e+01 7.500000e+00 5.500000e+01
      vertex   4.315000e+01 7.500000e+00 5.500000e+01
      vertex   2.507478e+01 8.167563e+00 5.500000e+01
    endloop
  endfacet
  facet normal -0.000000e+00 0.000000e+00 1.000000e+00
    outer loop
      vertex   2.507478e+01 8.167563e+00 5.500000e+01
      vertex   4.315000e+01 7.500000e+00 5.500000e+01
      vertex   4.322522e+01 8.167563e+00 5.500000e+01
    endloop
  endfacet
  facet normal 0.000000e+00 -0.000000e+00 1.000000e+00
    outer loop
      vertex   2.507478e+01 8.167563e+00 5.500000e+01
      vertex   4.322522e+01 8.167563e+00 5.500000e+01
      vertex   2.485291e+01 8.801651e+00 5.500000e+01
    endloop
  endfacet
  facet normal -0.000000e+00 0.000000e+00 1.000000e+00
    outer loop
      vertex   2.485291e+01 8.801651e+00 5.500000e+01
      vertex   4.322522e+01 8.167563e+00 5.500000e+01
      vertex   4.344709e+01 8.801651e+00 5.500000e+01
    endloop
  endfacet
  facet normal 0.000000e+00 0.000000e+00 1.000000e+00
    outer loop
      vertex   2.485291e+01 8.801651e+00 5.500000e+01
      vertex   4.344709e+01 8.801651e+00 5.500000e+01
      vertex   4.344709e+01 3.982335e+01 5.500000e+01
    endloop
  endfacet
  facet normal 0.000000e+00 0.000000e+00 1.000000e+00
    outer loop
      vertex   4.344709e+01 3.982335e+01 5.500000e+01
      vertex   4.344709e+01 8.801651e+00 5.500000e+01
      vertex   4.380451e+01 3.925453e+01 5.500000e+01
    endloop
  endfacet
  facet normal 0.000000e+00 0.000000e+00 1.000000e+00
    outer loop
      vertex   4.380451e+01 3.925453e+01 5.500000e+01
      vertex   4.344709e+01 8.801651e+00 5.500000e+01
      vertex   4.380451e+01 9.370470e+00 5.500000e+01
    endloop
  endfacet
  facet normal 0.000000e+00 0.000000e+00 1.000000e+00
    outer loop
      vertex   4.380451e+01 3.925453e+01 5.500000e+01
      vertex   4.380451e+01 9.370470e+00 5.500000e+01
      vertex   4.427953e+01 3.877951e+01 5.500000e+01
    endloop
  endfacet
  facet normal 0.000000e+00 0.000000e+00 1.000000e+00
    outer loop
      vertex   4.427953e+01 3.877951e+01 5.500000e+01
      vertex   4.380451e+01 9.370470e+00 5.500000e+01
      vertex   4.427953e+01 9.845495e+00 5.500000e+01
    endloop
  endfacet
  facet normal 0.000000e+00 0.000000e+00 1.000000e+00
    outer loop
      vertex   4.427953e+01 3.877951e+01 5.500000e+01
      vertex   4.427953e+01 9.845495e+00 5.500000e+01
      vertex   4.484835e+01 3.842209e+01 5.500000e+01
    endloop
  endfacet
  facet normal 0.000000e+00 0.000000e+00 1.000000e+00
    outer loop
      vertex   4.484835e+01 3.842209e+01 5.500000e+01
      vertex   4.427953e+01 9.845495e+00 5.500000e+01
      vertex   4.484835e+01 1.020291e+01 5.500000e+01
    endloop
  endfacet
  facet normal 0.000000e+00 0.000000e+00 1.000000e+00
    outer loop
      vertex   4.484835e+01 3.842209e+01 5.500000e+01
      vertex   4.484835e+01 1.020291e+01 5.500000e+01
      vertex   4.548244e+01 3.820022e+01 5.500000e+01
    endloop
  endfacet
  facet normal 0.000000e+00 0.000000e+00 1.000000e+00
    outer loop
      vertex   4.548244e+01 3.820022e+01 5.500000e+01
      vertex   4.484835e+01 1.020291e+01 5.500000e+01
      vertex   4.548244e+01 1.042478e+01 5.500000e+01
    endloop
  endfacet
  facet normal 0.000000e+00 0.000000e+00 1.000000e+00
    outer loop
      vertex   4.548244e+01 3.820022e+01 5.500000e+01
      vertex   4.548244e+01 1.042478e+01 5.500000e+01
      vertex   4.615000e+01 3.812500e+01 5.500000e+01
    endloop
  endfacet
  facet normal 0.000000e+00 0.000000e+00 1.000000e+00
    outer loop
      vertex   4.615000e+01 3.812500e+01 5.500000e+01
      vertex   4.548244e+01 1.042478e+01 5.500000e+01
      vertex   4.615000e+01 1.050000e+01 5.500000e+01
    endloop
  endfacet
  facet normal 0.000000e+00 0.000000e+00 1.000000e+00
    outer loop
      vertex   4.615000e+01 3.812500e+01 5.500000e+01
      vertex   4.615000e+01 1.050000e+01 5.500000e+01
      vertex   4.681756e+01 1.042478e+01 5.500000e+01
    endloop
  endfacet
  facet normal 0.000000e+00 0.000000e+00 1.000000e+00
    outer loop
      vertex   4.322522e+01 6.832437e+00 5.500000e+01
      vertex   2.507478e+01 6.832437e+00 5.500000e+01
      vertex   4.344709e+01 6.198349e+00 5.500000e+01
    endloop
  endfacet
  facet normal 0.000000e+00 0.000000e+00 1.000000e+00
    outer loop
      vertex   4.344709e+01 6.198349e+00 5.500000e+01
      vertex   2.507478e+01 6.832437e+00 5.500000e+01
      vertex   2.485291e+01 6.198349e+00 5.500000e+01
    endloop
  endfacet
  facet normal 0.000000e+00 0.000000e+00 1.000000e+00
    outer loop
      vertex   4.344709e+01 6.198349e+00 5.500000e+01
      vertex   2.485291e+01 6.198349e+00 5.500000e+01
      vertex   4.380451e+01 5.629531e+00 5.500000e+01
    endloop
  endfacet
  facet normal 0.000000e+00 0.000000e+00 1.000000e+00
    outer loop
      vertex   4.380451e+01 5.629531e+00 5.500000e+01
      vertex   2.485291e+01 6.198349e+00 5.500000e+01
      vertex   2.449549e+01 5.629531e+00 5.500000e+01
    endloop
  endfacet
  facet normal 0.000000e+00 0.000000e+00 1.000000e+00
    outer loop
      vertex   4.380451e+01 5.629531e+00 5.500000e+01
      vertex   2.449549e+01 5.629531e+00 5.500000e+01
      vertex   4.427953e+01 5.154506e+00 5.500000e+01
    endloop
  endfacet
  facet normal 0.000000e+00 0.000000e+00 1.000000e+00
    outer loop
      vertex   4.427953e+01 5.154506e+00 5.500000e+01
      vertex   2.449549e+01 5.629531e+00 5.500000e+01
      vertex   2.402047e+01 5.154506e+00 5.500000e+01
    endloop
  endfacet
  facet normal 0.000000e+00 0.000000e+00 1.000000e+00
    outer loop
      vertex   4.427953e+01 5.154506e+00 5.500000e+01
      vertex   2.402047e+01 5.154506e+00 5.500000e+01
      vertex   5.262500e+01 -3.000000e+00 5.500000e+01
    endloop
  endfacet
  facet normal 0.000000e+00 0.000000e+00 1.000000e+00
    outer loop
      vertex   5.262500e+01 -3.000000e+00 5.500000e+01
      vertex   2.402047e+01 5.154506e+00 5.500000e+01
      vertex   2.345165e+01 4.797093e+00 5.500000e+01
    endloop
  endfacet
  facet normal 0.000000e+00 0.000000e+00 1.000000e+00
    outer loop
      vertex   5.262500e+01 -3.000000e+00 5.500000e+01
      vertex   2.345165e+01 4.797093e+00 5.500000e+01
      vertex   2.281756e+01 4.575216e+00 5.500000e+01
    endloop
  endfacet
  facet normal 0.000000e+00 0.000000e+00 1.000000e+00
    outer loop
      vertex   2.281756e+01 4.575216e+00 5.500000e+01
      vertex   2.215000e+01 4.500000e+00 5.500000e+01
      vertex   5.262500e+01 -3.000000e+00 5.500000e+01
    endloop
  endfacet
  facet normal 0.000000e+00 0.000000e+00 1.000000e+00
    outer loop
      vertex   5.262500e+01 -3.000000e+00 5.500000e+01
      vertex   2.215000e+01 4.500000e+00 5.500000e+01
      vertex   1.500000e+00 -3.000000e+00 5.500000e+01
    endloop
  endfacet
  facet normal 0.000000e+00 0.000000e+00 1.000000e+00
    outer loop
      vertex   1.500000e+00 -3.000000e+00 5.500000e+01
      vertex   2.215000e+01 4.500000e+00 5.500000e+01
      vertex   2.148244e+01 4.575216e+00 5.500000e+01
    endloop
  endfacet
  facet normal 0.000000e+00 0.000000e+00 1.000000e+00
    outer loop
      vertex   1.500000e+00 -3.000000e+00 5.500000e+01
      vertex   2.148244e+01 4.575216e+00 5.500000e+01
      vertex   2.084835e+01 4.797093e+00 5.500000e+01
    endloop
  endfacet
  facet normal 0.000000e+00 0.000000e+00 1.000000e+00
    outer loop
      vertex   2.084835e+01 4.797093e+00 5.500000e+01
      vertex   2.027953e+01 5.154506e+00 5.500000e+01
      vertex   1.500000e+00 -3.000000e+00 5.500000e+01
    endloop
  endfacet
  facet normal 0.000000e+00 0.000000e+00 1.000000e+00
    outer loop
      vertex   1.500000e+00 -3.000000e+00 5.500000e+01
      vertex   2.027953e+01 5.154506e+00 5.500000e+01
      vertex   1.980451e+01 5.629531e+00 5.500000e+01
    endloop
  endfacet
  facet normal 0.000000e+00 0.000000e+00 1.000000e+00
    outer loop
      vertex   1.500000e+00 -3.000000e+00 5.500000e+01
      vertex   1.980451e+01 5.629531e+00 5.500000e+01
      vertex   1.944709e+01 6.198349e+00 5.500000e+01
    endloop
  endfacet
  facet normal 0.000000e+00 0.000000e+00 1.000000e+00
    outer loop
      vertex   1.944709e+01 6.198349e+00 5.500000e+01
      vertex   1.922522e+01 6.832437e+00 5.500000e+01
      vertex   1.500000e+00 -3.000000e+00 5.500000e+01
    endloop
  endfacet
  facet normal 0.000000e+00 0.000000e+00 1.000000e+00
    outer loop
      vertex   1.500000e+00 -3.000000e+00 5.500000e+01
      vertex   1.922522e+01 6.832437e+00 5.500000e+01
      vertex   1.915000e+01 7.500000e+00 5.500000e+01
    endloop
  endfacet
  facet normal 0.000000e+00 0.000000e+00 1.000000e+00
    outer loop
      vertex   1.500000e+00 -3.000000e+00 5.500000e+01
      vertex   1.915000e+01 7.500000e+00 5.500000e+01
      vertex   1.922522e+01 8.167563e+00 5.500000e+01
    endloop
  endfacet
  facet normal 0.000000e+00 -0.000000e+00 1.000000e+00
    outer loop
      vertex   1.922522e+01 8.167563e+00 5.500000e+01
      vertex   1.944709e+01 8.801651e+00 5.500000e+01
      vertex   1.500000e+00 -3.000000e+00 5.500000e+01
    endloop
  endfacet
  facet normal 0.000000e+00 0.000000e+00 1.000000e+00
    outer loop
      vertex   1.500000e+00 -3.000000e+00 5.500000e+01
      vertex   1.944709e+01 8.801651e+00 5.500000e+01
      vertex   5.922500e+00 4.743874e+01 5.500000e+01
    endloop
  endfacet
  facet normal 0.000000e+00 0.000000e+00 1.000000e+00
    outer loop
      vertex   5.922500e+00 4.743874e+01 5.500000e+01
      vertex   1.944709e+01 8.801651e+00 5.500000e+01
      vertex   1.944709e+01 3.982335e+01 5.500000e+01
    endloop
  endfacet
  facet normal 0.000000e+00 0.000000e+00 1.000000e+00
    outer loop
      vertex   1.944709e+01 3.982335e+01 5.500000e+01
      vertex   1.944709e+01 8.801651e+00 5.500000e+01
      vertex   1.980451e+01 9.370469e+00 5.500000e+01
    endloop
  endfacet
  facet normal 0.000000e+00 0.000000e+00 1.000000e+00
    outer loop
      vertex   1.944709e+01 3.982335e+01 5.500000e+01
      vertex   1.980451e+01 9.370469e+00 5.500000e+01
      vertex   1.980451e+01 3.925453e+01 5.500000e+01
    endloop
  endfacet
  facet normal 0.000000e+00 0.000000e+00 1.000000e+00
    outer loop
      vertex   1.980451e+01 3.925453e+01 5.500000e+01
      vertex   1.980451e+01 9.370469e+00 5.500000e+01
      vertex   2.027953e+01 9.845494e+00 5.500000e+01
    endloop
  endfacet
  facet normal 0.000000e+00 0.000000e+00 1.000000e+00
    outer loop
      vertex   1.980451e+01 3.925453e+01 5.500000e+01
      vertex   2.027953e+01 9.845494e+00 5.500000e+01
      vertex   2.027953e+01 3.877951e+01 5.500000e+01
    endloop
  endfacet
  facet normal 0.000000e+00 0.000000e+00 1.000000e+00
    outer loop
      vertex   2.027953e+01 3.877951e+01 5.500000e+01
      vertex   2.027953e+01 9.845494e+00 5.500000e+01
      vertex   2.084835e+01 1.020291e+01 5.500000e+01
    endloop
  endfacet
  facet normal 0.000000e+00 0.000000e+00 1.000000e+00
    outer loop
      vertex   2.027953e+01 3.877951e+01 5.500000e+01
      vertex   2.084835e+01 1.020291e+01 5.500000e+01
      vertex   2.084835e+01 3.842209e+01 5.500000e+01
    endloop
  endfacet
  facet normal 0.000000e+00 0.000000e+00 1.000000e+00
    outer loop
      vertex   2.084835e+01 3.842209e+01 5.500000e+01
      vertex   2.084835e+01 1.020291e+01 5.500000e+01
      vertex   2.148244e+01 3.820022e+01 5.500000e+01
    endloop
  endfacet
  facet normal 0.000000e+00 0.000000e+00 1.000000e+00
    outer loop
      vertex   2.148244e+01 3.820022e+01 5.500000e+01
      vertex   2.084835e+01 1.020291e+01 5.500000e+01
      vertex   2.148244e+01 1.042478e+01 5.500000e+01
    endloop
  endfacet
  facet normal 0.000000e+00 0.000000e+00 1.000000e+00
    outer loop
      vertex   2.148244e+01 3.820022e+01 5.500000e+01
      vertex   2.148244e+01 1.042478e+01 5.500000e+01
      vertex   2.215000e+01 3.812500e+01 5.500000e+01
    endloop
  endfacet
  facet normal 0.000000e+00 0.000000e+00 1.000000e+00
    outer loop
      vertex   2.215000e+01 3.812500e+01 5.500000e+01
      vertex   2.148244e+01 1.042478e+01 5.500000e+01
      vertex   2.215000e+01 1.050000e+01 5.500000e+01
    endloop
  endfacet
  facet normal 0.000000e+00 0.000000e+00 1.000000e+00
    outer loop
      vertex   2.215000e+01 3.812500e+01 5.500000e+01
      vertex   2.215000e+01 1.050000e+01 5.500000e+01
      vertex   2.281756e+01 1.042478e+01 5.500000e+01
    endloop
  endfacet
  facet normal -0.000000e+00 0.000000e+00 1.000000e+00
    outer loop
      vertex   2.215000e+01 3.812500e+01 5.500000e+01
      vertex   2.281756e+01 1.042478e+01 5.500000e+01
      vertex   2.281756e+01 3.820022e+01 5.500000e+01
    endloop
  endfacet
  facet normal 0.000000e+00 0.000000e+00 1.000000e+00
    outer loop
      vertex   2.281756e+01 3.820022e+01 5.500000e+01
      vertex   2.281756e+01 1.042478e+01 5.500000e+01
      vertex   2.345165e+01 1.020291e+01 5.500000e+01
    endloop
  endfacet
  facet normal -0.000000e+00 0.000000e+00 1.000000e+00
    outer loop
      vertex   2.281756e+01 3.820022e+01 5.500000e+01
      vertex   2.345165e+01 1.020291e+01 5.500000e+01
      vertex   2.345165e+01 3.842209e+01 5.500000e+01
    endloop
  endfacet
  facet normal 0.000000e+00 0.000000e+00 1.000000e+00
    outer loop
      vertex   2.345165e+01 3.842209e+01 5.500000e+01
      vertex   2.345165e+01 1.020291e+01 5.500000e+01
      vertex   2.402047e+01 9.845494e+00 5.500000e+01
    endloop
  endfacet
  facet normal -0.000000e+00 0.000000e+00 1.000000e+00
    outer loop
      vertex   2.345165e+01 3.842209e+01 5.500000e+01
      vertex   2.402047e+01 9.845494e+00 5.500000e+01
      vertex   2.402047e+01 3.877951e+01 5.500000e+01
    endloop
  endfacet
  facet normal 0.000000e+00 0.000000e+00 1.000000e+00
    outer loop
      vertex   2.402047e+01 3.877951e+01 5.500000e+01
      vertex   2.402047e+01 9.845494e+00 5.500000e+01
      vertex   2.449549e+01 9.370469e+00 5.500000e+01
    endloop
  endfacet
  facet normal -0.000000e+00 0.000000e+00 1.000000e+00
    outer loop
      vertex   2.402047e+01 3.877951e+01 5.500000e+01
      vertex   2.449549e+01 9.370469e+00 5.500000e+01
      vertex   2.449549e+01 3.925453e+01 5.500000e+01
    endloop
  endfacet
  facet normal 0.000000e+00 0.000000e+00 1.000000e+00
    outer loop
      vertex   2.449549e+01 3.925453e+01 5.500000e+01
      vertex   2.449549e+01 9.370469e+00 5.500000e+01
      vertex   2.485291e+01 8.801651e+00 5.500000e+01
    endloop
  endfacet
  facet normal -0.000000e+00 0.000000e+00 1.000000e+00
    outer loop
      vertex   2.449549e+01 3.925453e+01 5.500000e+01
      vertex   2.485291e+01 8.801651e+00 5.500000e+01
      vertex   2.485291e+01 3.982335e+01 5.500000e+01
    endloop
  endfacet
  facet normal 0.000000e+00 0.000000e+00 1.000000e+00
    outer loop
      vertex   2.485291e+01 3.982335e+01 5.500000e+01
      vertex   2.485291e+01 8.801651e+00 5.500000e+01
      vertex   4.344709e+01 3.982335e+01 5.500000e+01
    endloop
  endfacet
  facet normal -0.000000e+00 0.000000e+00 1.000000e+00
    outer loop
      vertex   2.485291e+01 3.982335e+01 5.500000e+01
      vertex   4.344709e+01 3.982335e+01 5.500000e+01
      vertex   2.507478e+01 4.045744e+01 5.500000e+01
    endloop
  endfacet
  facet normal 0.000000e+00 0.000000e+00 1.000000e+00
    outer loop
      vertex   2.507478e+01 4.045744e+01 5.500000e+01
      vertex   4.344709e+01 3.982335e+01 5.500000e+01
      vertex   4.322522e+01 4.045744e+01 5.500000e+01
    endloop
  endfacet
  facet normal -0.000000e+00 0.000000e+00 1.000000e+00
    outer loop
      vertex   2.507478e+01 4.045744e+01 5.500000e+01
      vertex   4.322522e+01 4.045744e+01 5.500000e+01
      vertex   4.315000e+01 4.112500e+01 5.500000e+01
    endloop
  endfacet
  facet normal 0.000000e+00 0.000000e+00 1.000000e+00
    outer loop
      vertex   4.907478e+01 8.167563e+00 5.500000e+01
      vertex   4.915000e+01 7.500000e+00 5.500000e+01
      vertex   5.262500e+01 -3.000000e+00 5.500000e+01
    endloop
  endfacet
  facet normal 0.000000e+00 0.000000e+00 1.000000e+00
    outer loop
      vertex   5.262500e+01 -3.000000e+00 5.500000e+01
      vertex   4.915000e+01 7.500000e+00 5.500000e+01
      vertex   4.907478e+01 6.832437e+00 5.500000e+01
    endloop
  endfacet
  facet normal 0.000000e+00 0.000000e+00 1.000000e+00
    outer loop
      vertex   5.262500e+01 -3.000000e+00 5.500000e+01
      vertex   4.907478e+01 6.832437e+00 5.500000e+01
      vertex   4.885291e+01 6.198349e+00 5.500000e+01
    endloop
  endfacet
  facet normal 0.000000e+00 0.000000e+00 1.000000e+00
    outer loop
      vertex   4.885291e+01 6.198349e+00 5.500000e+01
      vertex   4.849549e+01 5.629531e+00 5.500000e+01
      vertex   5.262500e+01 -3.000000e+00 5.500000e+01
    endloop
  endfacet
  facet normal 0.000000e+00 0.000000e+00 1.000000e+00
    outer loop
      vertex   5.262500e+01 -3.000000e+00 5.500000e+01
      vertex   4.849549e+01 5.629531e+00 5.500000e+01
      vertex   4.802047e+01 5.154506e+00 5.500000e+01
    endloop
  endfacet
  facet normal 0.000000e+00 0.000000e+00 1.000000e+00
    outer loop
      vertex   5.262500e+01 -3.000000e+00 5.500000e+01
      vertex   4.802047e+01 5.154506e+00 5.500000e+01
      vertex   4.745165e+01 4.797094e+00 5.500000e+01
    endloop
  endfacet
  facet normal 0.000000e+00 0.000000e+00 1.000000e+00
    outer loop
      vertex   4.745165e+01 4.797094e+00 5.500000e+01
      vertex   4.681756e+01 4.575216e+00 5.500000e+01
      vertex   5.262500e+01 -3.000000e+00 5.500000e+01
    endloop
  endfacet
  facet normal 0.000000e+00 0.000000e+00 1.000000e+00
    outer loop
      vertex   5.262500e+01 -3.000000e+00 5.500000e+01
      vertex   4.681756e+01 4.575216e+00 5.500000e+01
      vertex   4.615000e+01 4.500000e+00 5.500000e+01
    endloop
  endfacet
  facet normal 0.000000e+00 0.000000e+00 1.000000e+00
    outer loop
      vertex   5.262500e+01 -3.000000e+00 5.500000e+01
      vertex   4.615000e+01 4.500000e+00 5.500000e+01
      vertex   4.548244e+01 4.575216e+00 5.500000e+01
    endloop
  endfacet
  facet normal 0.000000e+00 0.000000e+00 1.000000e+00
    outer loop
      vertex   4.548244e+01 4.575216e+00 5.500000e+01
      vertex   4.484835e+01 4.797094e+00 5.500000e+01
      vertex   5.262500e+01 -3.000000e+00 5.500000e+01
    endloop
  endfacet
  facet normal 0.000000e+00 0.000000e+00 1.000000e+00
    outer loop
      vertex   5.262500e+01 -3.000000e+00 5.500000e+01
      vertex   4.484835e+01 4.797094e+00 5.500000e+01
      vertex   4.427953e+01 5.154506e+00 5.500000e+01
    endloop
  endfacet
  facet normal 0.000000e+00 0.000000e+00 1.000000e+00
    outer loop
      vertex   4.745165e+01 1.020291e+01 5.500000e+01
      vertex   4.745165e+01 3.842209e+01 5.500000e+01
      vertex   4.681756e+01 1.042478e+01 5.500000e+01
    endloop
  endfacet
  facet normal 0.000000e+00 -0.000000e+00 1.000000e+00
    outer loop
      vertex   4.681756e+01 1.042478e+01 5.500000e+01
      vertex   4.745165e+01 3.842209e+01 5.500000e+01
      vertex   4.681756e+01 3.820022e+01 5.500000e+01
    endloop
  endfacet
  facet normal 0.000000e+00 0.000000e+00 1.000000e+00
    outer loop
      vertex   4.681756e+01 1.042478e+01 5.500000e+01
      vertex   4.681756e+01 3.820022e+01 5.500000e+01
      vertex   4.615000e+01 3.812500e+01 5.500000e+01
    endloop
  endfacet
  facet normal -0.000000e+00 0.000000e+00 1.000000e+00
    outer loop
      vertex   4.745165e+01 3.842209e+01 5.500000e+01
      vertex   4.745165e+01 1.020291e+01 5.500000e+01
      vertex   4.802047e+01 3.877951e+01 5.500000e+01
    endloop
  endfacet
  facet normal 0.000000e+00 0.000000e+00 1.000000e+00
    outer loop
      vertex   4.802047e+01 3.877951e+01 5.500000e+01
      vertex   4.745165e+01 1.020291e+01 5.500000e+01
      vertex   4.802047e+01 9.845495e+00 5.500000e+01
    endloop
  endfacet
  facet normal -0.000000e+00 0.000000e+00 1.000000e+00
    outer loop
      vertex   4.802047e+01 3.877951e+01 5.500000e+01
      vertex   4.802047e+01 9.845495e+00 5.500000e+01
      vertex   4.849549e+01 3.925453e+01 5.500000e+01
    endloop
  endfacet
  facet normal 0.000000e+00 0.000000e+00 1.000000e+00
    outer loop
      vertex   4.849549e+01 3.925453e+01 5.500000e+01
      vertex   4.802047e+01 9.845495e+00 5.500000e+01
      vertex   4.849549e+01 9.370470e+00 5.500000e+01
    endloop
  endfacet
  facet normal -0.000000e+00 0.000000e+00 1.000000e+00
    outer loop
      vertex   4.849549e+01 3.925453e+01 5.500000e+01
      vertex   4.849549e+01 9.370470e+00 5.500000e+01
      vertex   4.885291e+01 3.982335e+01 5.500000e+01
    endloop
  endfacet
  facet normal 0.000000e+00 0.000000e+00 1.000000e+00
    outer loop
      vertex   4.885291e+01 3.982335e+01 5.500000e+01
      vertex   4.849549e+01 9.370470e+00 5.500000e+01
      vertex   4.885291e+01 8.801651e+00 5.500000e+01
    endloop
  endfacet
  facet normal -0.000000e+00 0.000000e+00 1.000000e+00
    outer loop
      vertex   4.885291e+01 3.982335e+01 5.500000e+01
      vertex   4.885291e+01 8.801651e+00 5.500000e+01
      vertex   4.907478e+01 4.045744e+01 5.500000e+01
    endloop
  endfacet
  facet normal 0.000000e+00 0.000000e+00 1.000000e+00
    outer loop
      vertex   4.907478e+01 4.045744e+01 5.500000e+01
      vertex   4.885291e+01 8.801651e+00 5.500000e+01
      vertex   4.907478e+01 8.167563e+00 5.500000e+01
    endloop
  endfacet
  facet normal 0.000000e+00 0.000000e+00 1.000000e+00
    outer loop
      vertex   4.907478e+01 4.045744e+01 5.500000e+01
      vertex   4.907478e+01 8.167563e+00 5.500000e+01
      vertex   5.262500e+01 -3.000000e+00 5.500000e+01
    endloop
  endfacet
  facet normal -0.000000e+00 0.000000e+00 1.000000e+00
    outer loop
      vertex   4.907478e+01 4.045744e+01 5.500000e+01
      vertex   5.262500e+01 -3.000000e+00 5.500000e+01
      vertex   4.915000e+01 4.112500e+01 5.500000e+01
    endloop
  endfacet
  facet normal -0.000000e+00 0.000000e+00 1.000000e+00
    outer loop
      vertex   4.915000e+01 4.112500e+01 5.500000e+01
      vertex   5.262500e+01 -3.000000e+00 5.500000e+01
      vertex   5.262500e+01 8.700000e+01 5.500000e+01
    endloop
  endfacet
  facet normal 0.000000e+00 -0.000000e+00 1.000000e+00
    outer loop
      vertex   4.915000e+01 4.112500e+01 5.500000e+01
      vertex   5.262500e+01 8.700000e+01 5.500000e+01
      vertex   4.907478e+01 4.179256e+01 5.500000e+01
    endloop
  endfacet
  facet normal 0.000000e+00 -0.000000e+00 1.000000e+00
    outer loop
      vertex   4.907478e+01 4.179256e+01 5.500000e+01
      vertex   5.262500e+01 8.700000e+01 5.500000e+01
      vertex   4.885291e+01 4.242665e+01 5.500000e+01
    endloop
  endfacet
  facet normal 0.000000e+00 -0.000000e+00 1.000000e+00
    outer loop
      vertex   4.885291e+01 4.242665e+01 5.500000e+01
      vertex   5.262500e+01 8.700000e+01 5.500000e+01
      vertex   4.849549e+01 4.299547e+01 5.500000e+01
    endloop
  endfacet
  facet normal 0.000000e+00 -0.000000e+00 1.000000e+00
    outer loop
      vertex   4.849549e+01 4.299547e+01 5.500000e+01
      vertex   5.262500e+01 8.700000e+01 5.500000e+01
      vertex   4.802047e+01 4.347049e+01 5.500000e+01
    endloop
  endfacet
  facet normal 0.000000e+00 0.000000e+00 1.000000e+00
    outer loop
      vertex   1.944709e+01 3.982335e+01 5.500000e+01
      vertex   1.922522e+01 4.045744e+01 5.500000e+01
      vertex   5.922500e+00 4.743874e+01 5.500000e+01
    endloop
  endfacet
  facet normal 0.000000e+00 0.000000e+00 1.000000e+00
    outer loop
      vertex   5.922500e+00 4.743874e+01 5.500000e+01
      vertex   1.922522e+01 4.045744e+01 5.500000e+01
      vertex   1.915000e+01 4.112500e+01 5.500000e+01
    endloop
  endfacet
  facet normal 0.000000e+00 0.000000e+00 1.000000e+00
    outer loop
      vertex   5.922500e+00 4.743874e+01 5.500000e+01
      vertex   1.915000e+01 4.112500e+01 5.500000e+01
      vertex   1.922522e+01 4.179256e+01 5.500000e+01
    endloop
  endfacet
  facet normal 0.000000e+00 -0.000000e+00 1.000000e+00
    outer loop
      vertex   1.922522e+01 4.179256e+01 5.500000e+01
      vertex   1.944709e+01 4.242665e+01 5.500000e+01
      vertex   5.922500e+00 4.743874e+01 5.500000e+01
    endloop
  endfacet
  facet normal 0.000000e+00 0.000000e+00 1.000000e+00
    outer loop
      vertex   5.922500e+00 4.743874e+01 5.500000e+01
      vertex   1.944709e+01 4.242665e+01 5.500000e+01
      vertex   1.980451e+01 4.299547e+01 5.500000e+01
    endloop
  endfacet
  facet normal 0.000000e+00 0.000000e+00 1.000000e+00
    outer loop
      vertex   5.922500e+00 4.743874e+01 5.500000e+01
      vertex   1.980451e+01 4.299547e+01 5.500000e+01
      vertex   2.027953e+01 4.347049e+01 5.500000e+01
    endloop
  endfacet
  facet normal 0.000000e+00 -0.000000e+00 1.000000e+00
    outer loop
      vertex   2.027953e+01 4.347049e+01 5.500000e+01
      vertex   2.084835e+01 4.382791e+01 5.500000e+01
      vertex   5.922500e+00 4.743874e+01 5.500000e+01
    endloop
  endfacet
  facet normal 0.000000e+00 0.000000e+00 1.000000e+00
    outer loop
      vertex   5.922500e+00 4.743874e+01 5.500000e+01
      vertex   2.084835e+01 4.382791e+01 5.500000e+01
      vertex   2.148244e+01 4.404978e+01 5.500000e+01
    endloop
  endfacet
  facet normal 0.000000e+00 0.000000e+00 1.000000e+00
    outer loop
      vertex   5.922500e+00 4.743874e+01 5.500000e+01
      vertex   2.148244e+01 4.404978e+01 5.500000e+01
      vertex   2.215000e+01 4.412500e+01 5.500000e+01
    endloop
  endfacet
  facet normal -0.000000e+00 0.000000e+00 1.000000e+00
    outer loop
      vertex   2.345165e+01 4.382791e+01 5.500000e+01
      vertex   2.402047e+01 4.347049e+01 5.500000e+01
      vertex   4.466112e+01 4.743874e+01 5.500000e+01
    endloop
  endfacet
  facet normal 0.000000e+00 0.000000e+00 1.000000e+00
    outer loop
      vertex   4.466112e+01 4.743874e+01 5.500000e+01
      vertex   2.402047e+01 4.347049e+01 5.500000e+01
      vertex   2.449549e+01 4.299547e+01 5.500000e+01
    endloop
  endfacet
  facet normal 0.000000e+00 0.000000e+00 1.000000e+00
    outer loop
      vertex   4.466112e+01 4.743874e+01 5.500000e+01
      vertex   2.449549e+01 4.299547e+01 5.500000e+01
      vertex   2.485291e+01 4.242665e+01 5.500000e+01
    endloop
  endfacet
  facet normal -0.000000e+00 1.000000e+00 0.000000e+00
    outer loop
      vertex   -1.500000e+00 8.700000e+01 5.500000e+01
      vertex   5.262500e+01 8.700000e+01 5.500000e+01
      vertex   -1.485000e+00 8.700000e+01 0.000000e+00
    endloop
  endfacet
  facet normal -0.000000e+00 1.000000e+00 0.000000e+00
    outer loop
      vertex   -1.485000e+00 8.700000e+01 0.000000e+00
      vertex   5.262500e+01 8.700000e+01 5.500000e+01
      vertex   5.262500e+01 8.700000e+01 -3.000000e+00
    endloop
  endfacet
  facet normal 0.000000e+00 1.000000e+00 0.000000e+00
    outer loop
      vertex   -1.485000e+00 8.700000e+01 0.000000e+00
      vertex   5.262500e+01 8.700000e+01 -3.000000e+00
      vertex   -1.485000e+00 8.700000e+01 -3.000000e+00
    endloop
  endfacet
  facet normal 0.000000e+00 1.000000e+00 0.000000e+00
    outer loop
      vertex   -1.485000e+00 8.700000e+01 0.000000e+00
      vertex   -1.500000e+00 8.700000e+01 0.000000e+00
      vertex   -1.500000e+00 8.700000e+01 5.500000e+01
    endloop
  endfacet
  facet normal 0.000000e+00 1.000000e+00 -0.000000e+00
    outer loop
      vertex   -1.485000e+00 6.690000e+01 -3.000000e+00
      vertex   -1.500000e+00 6.690000e+01 -3.000000e+00
      vertex   -1.485000e+00 6.690000e+01 0.000000e+00
    endloop
  endfacet
  facet normal 0.000000e+00 1.000000e+00 0.000000e+00
    outer loop
      vertex   -1.485000e+00 6.690000e+01 0.000000e+00
      vertex   -1.500000e+00 6.690000e+01 -3.000000e+00
      vertex   -1.500000e+00 6.690000e+01 5.200000e+01
    endloop
  endfacet
  facet normal 0.000000e+00 1.000000e+00 -0.000000e+00
    outer loop
      vertex   -1.485000e+00 6.690000e+01 0.000000e+00
      vertex   -1.500000e+00 6.690000e+01 5.200000e+01
      vertex   1.500000e+00 6.690000e+01 5.200000e+01
    endloop
  endfacet
  facet normal 0.000000e+00 1.000000e+00 0.000000e+00
    outer loop
      vertex   1.500000e+00 6.690000e+01 5.200000e+01
      vertex   1.500000e+00 6.690000e+01 0.000000e+00
      vertex   -1.485000e+00 6.690000e+01 0.000000e+00
    endloop
  endfacet
  facet normal -0.000000e+00 -0.000000e+00 -1.000000e+00
    outer loop
      vertex   -1.485000e+00 8.700000e+01 0.000000e+00
      vertex   -1.485000e+00 8.400000e+01 0.000000e+00
      vertex   -1.500000e+00 8.700000e+01 0.000000e+00
    endloop
  endfacet
  facet normal 0.000000e+00 0.000000e+00 -1.000000e+00
    outer loop
      vertex   -1.500000e+00 8.700000e+01 0.000000e+00
      vertex   -1.485000e+00 8.400000e+01 0.000000e+00
      vertex   -1.500000e+00 8.400000e+01 0.000000e+00
    endloop
  endfacet
  facet normal -1.000000e+00 0.000000e+00 0.000000e+00
    outer loop
      vertex   -1.485000e+00 6.690000e+01 0.000000e+00
      vertex   -1.485000e+00 8.400000e+01 0.000000e+00
      vertex   -1.485000e+00 6.690000e+01 -3.000000e+00
    endloop
  endfacet
  facet normal -1.000000e+00 0.000000e+00 0.000000e+00
    outer loop
      vertex   -1.485000e+00 6.690000e+01 -3.000000e+00
      vertex   -1.485000e+00 8.400000e+01 0.000000e+00
      vertex   -1.485000e+00 8.700000e+01 -3.000000e+00
    endloop
  endfacet
  facet normal -1.000000e+00 0.000000e+00 0.000000e+00
    outer loop
      vertex   -1.485000e+00 8.700000e+01 -3.000000e+00
      vertex   -1.485000e+00 8.400000e+01 0.000000e+00
      vertex   -1.485000e+00 8.700000e+01 0.000000e+00
    endloop
  endfacet
  facet normal 1.000000e+00 0.000000e+00 0.000000e+00
    outer loop
      vertex   1.500000e+00 1.959176e+01 0.000000e+00
      vertex   1.500000e+00 1.761852e+01 4.474385e-01
      vertex   1.500000e+00 0.000000e+00 0.000000e+00
    endloop
  endfacet
  facet normal 1.000000e+00 0.000000e+00 0.000000e+00
    outer loop
      vertex   1.500000e+00 0.000000e+00 0.000000e+00
      vertex   1.500000e+00 1.761852e+01 4.474385e-01
      vertex   1.500000e+00 1.568526e+01 1.044403e+00
    endloop
  endfacet
  facet normal 1.000000e+00 0.000000e+00 0.000000e+00
    outer loop
      vertex   1.500000e+00 0.000000e+00 0.000000e+00
      vertex   1.500000e+00 1.568526e+01 1.044403e+00
      vertex   1.500000e+00 1.380329e+01 1.787401e+00
    endloop
  endfacet
  facet normal 1.000000e+00 0.000000e+00 0.000000e+00
    outer loop
      vertex   1.500000e+00 1.380329e+01 1.787401e+00
      vertex   1.500000e+00 1.198361e+01 2.672083e+00
      vertex   1.500000e+00 0.000000e+00 0.000000e+00
    endloop
  endfacet
  facet normal 1.000000e+00 0.000000e+00 0.000000e+00
    outer loop
      vertex   1.500000e+00 0.000000e+00 0.000000e+00
      vertex   1.500000e+00 1.198361e+01 2.672083e+00
      vertex   1.500000e+00 1.023689e+01 3.693274e+00
    endloop
  endfacet
  facet normal 1.000000e+00 0.000000e+00 0.000000e+00
    outer loop
      vertex   1.500000e+00 0.000000e+00 0.000000e+00
      vertex   1.500000e+00 1.023689e+01 3.693274e+00
      vertex   1.500000e+00 8.573339e+00 4.844998e+00
    endloop
  endfacet
  facet normal 1.000000e+00 0.000000e+00 0.000000e+00
    outer loop
      vertex   1.500000e+00 8.573339e+00 4.844998e+00
      vertex   1.500000e+00 7.002693e+00 6.120514e+00
      vertex   1.500000e+00 0.000000e+00 0.000000e+00
    endloop
  endfacet
  facet normal 1.000000e+00 0.000000e+00 0.000000e+00
    outer loop
      vertex   1.500000e+00 0.000000e+00 0.000000e+00
      vertex   1.500000e+00 7.002693e+00 6.120514e+00
      vertex   1.500000e+00 5.534143e+00 7.512359e+00
    endloop
  endfacet
  facet normal 1.000000e+00 0.000000e+00 0.000000e+00
    outer loop
      vertex   1.500000e+00 0.000000e+00 0.000000e+00
      vertex   1.500000e+00 5.534143e+00 7.512359e+00
      vertex   1.500000e+00 4.176284e+00 9.012389e+00
    endloop
  endfacet
  facet normal 1.000000e+00 0.000000e+00 0.000000e+00
    outer loop
      vertex   1.500000e+00 4.176284e+00 9.012389e+00
      vertex   1.500000e+00 2.937061e+00 1.061182e+01
      vertex   1.500000e+00 0.000000e+00 0.000000e+00
    endloop
  endfacet
  facet normal 1.000000e+00 0.000000e+00 0.000000e+00
    outer loop
      vertex   1.500000e+00 0.000000e+00 0.000000e+00
      vertex   1.500000e+00 2.937061e+00 1.061182e+01
      vertex   1.500000e+00 1.823725e+00 1.230131e+01
    endloop
  endfacet
  facet normal 1.000000e+00 0.000000e+00 0.000000e+00
    outer loop
      vertex   1.500000e+00 0.000000e+00 0.000000e+00
      vertex   1.500000e+00 1.823725e+00 1.230131e+01
      vertex   1.500000e+00 8.427910e-01 1.407095e+01
    endloop
  endfacet
  facet normal 1.000000e+00 0.000000e+00 0.000000e+00
    outer loop
      vertex   1.500000e+00 8.427910e-01 1.407095e+01
      vertex   1.500000e+00 0.000000e+00 1.591040e+01
      vertex   1.500000e+00 0.000000e+00 0.000000e+00
    endloop
  endfacet
  facet normal 1.000000e+00 0.000000e+00 0.000000e+00
    outer loop
      vertex   1.500000e+00 -3.100000e+00 0.000000e+00
      vertex   1.500000e+00 -3.000000e+00 0.000000e+00
      vertex   1.500000e+00 -3.100000e+00 5.500000e+01
    endloop
  endfacet
  facet normal 1.000000e+00 -0.000000e+00 0.000000e+00
    outer loop
      vertex   1.500000e+00 -3.100000e+00 5.500000e+01
      vertex   1.500000e+00 -3.000000e+00 0.000000e+00
      vertex   1.500000e+00 -3.000000e+00 5.500000e+01
    endloop
  endfacet
  facet normal -1.000000e+00 1.306406e-16 5.007566e-18
    outer loop
      vertex   -1.500000e+00 5.082239e+01 2.802473e+01
      vertex   -1.500000e+00 6.690000e+01 5.200000e+01
      vertex   -1.500000e+00 5.090000e+01 2.600000e+01
    endloop
  endfacet
  facet normal -1.000000e+00 1.387779e-16 0.000000e+00
    outer loop
      vertex   -1.500000e+00 5.090000e+01 2.600000e+01
      vertex   -1.500000e+00 6.690000e+01 5.200000e+01
      vertex   -1.500000e+00 6.690000e+01 -3.000000e+00
    endloop
  endfacet
  facet normal -1.000000e+00 1.297627e-16 -4.973914e-18
    outer loop
      vertex   -1.500000e+00 5.090000e+01 2.600000e+01
      vertex   -1.500000e+00 6.690000e+01 -3.000000e+00
      vertex   -1.500000e+00 5.082239e+01 2.397527e+01
    endloop
  endfacet
  facet normal -1.000000e+00 1.156978e-16 -1.335675e-17
    outer loop
      vertex   -1.500000e+00 5.082239e+01 2.397527e+01
      vertex   -1.500000e+00 6.690000e+01 -3.000000e+00
      vertex   -1.500000e+00 5.059002e+01 2.196243e+01
    endloop
  endfacet
  facet normal -1.000000e+00 1.049799e-16 -2.035965e-17
    outer loop
      vertex   -1.500000e+00 5.059002e+01 2.196243e+01
      vertex   -1.500000e+00 6.690000e+01 -3.000000e+00
      vertex   -1.500000e+00 5.020424e+01 1.997327e+01
    endloop
  endfacet
  facet normal -1.000000e+00 9.650370e-17 -2.651968e-17
    outer loop
      vertex   -1.500000e+00 5.020424e+01 1.997327e+01
      vertex   -1.500000e+00 6.690000e+01 -3.000000e+00
      vertex   -1.500000e+00 4.966733e+01 1.801949e+01
    endloop
  endfacet
  facet normal -1.000000e+00 8.959929e-17 -3.218020e-17
    outer loop
      vertex   -1.500000e+00 4.966733e+01 1.801949e+01
      vertex   -1.500000e+00 6.690000e+01 -3.000000e+00
      vertex   -1.500000e+00 4.898244e+01 1.611254e+01
    endloop
  endfacet
  facet normal -1.000000e+00 8.383607e-17 -3.758309e-17
    outer loop
      vertex   -1.500000e+00 4.898244e+01 1.611254e+01
      vertex   -1.500000e+00 6.690000e+01 -3.000000e+00
      vertex   -1.500000e+00 4.815358e+01 1.426361e+01
    endloop
  endfacet
  facet normal -1.000000e+00 7.892373e-17 -4.291736e-17
    outer loop
      vertex   -1.500000e+00 4.815358e+01 1.426361e+01
      vertex   -1.500000e+00 6.690000e+01 -3.000000e+00
      vertex   -1.500000e+00 4.718562e+01 1.248356e+01
    endloop
  endfacet
  facet normal -1.000000e+00 7.465834e-17 -4.834825e-17
    outer loop
      vertex   -1.500000e+00 4.718562e+01 1.248356e+01
      vertex   -1.500000e+00 6.690000e+01 -3.000000e+00
      vertex   -1.500000e+00 4.608423e+01 1.078282e+01
    endloop
  endfacet
  facet normal -1.000000e+00 7.089104e-17 -5.403789e-17
    outer loop
      vertex   -1.500000e+00 4.608423e+01 1.078282e+01
      vertex   -1.500000e+00 6.690000e+01 -3.000000e+00
      vertex   -1.500000e+00 4.485589e+01 9.171387e+00
    endloop
  endfacet
  facet normal -1.000000e+00 6.750880e-17 -6.016361e-17
    outer loop
      vertex   -1.500000e+00 4.485589e+01 9.171387e+00
      vertex   -1.500000e+00 6.690000e+01 -3.000000e+00
      vertex   -1.500000e+00 4.350780e+01 7.658710e+00
    endloop
  endfacet
  facet normal -1.000000e+00 6.442182e-17 -6.693847e-17
    outer loop
      vertex   -1.500000e+00 4.350780e+01 7.658710e+00
      vertex   -1.500000e+00 6.690000e+01 -3.000000e+00
      vertex   -1.500000e+00 4.204786e+01 6.253667e+00
    endloop
  endfacet
  facet normal -1.000000e+00 6.155447e-17 -7.463917e-17
    outer loop
      vertex   -1.500000e+00 4.204786e+01 6.253667e+00
      vertex   -1.500000e+00 6.690000e+01 -3.000000e+00
      vertex   -1.500000e+00 4.048466e+01 4.964504e+00
    endloop
  endfacet
  facet normal -1.000000e+00 5.883776e-17 -8.364952e-17
    outer loop
      vertex   -1.500000e+00 4.048466e+01 4.964504e+00
      vertex   -1.500000e+00 6.690000e+01 -3.000000e+00
      vertex   -1.500000e+00 3.882736e+01 3.798784e+00
    endloop
  endfacet
  facet normal -1.000000e+00 5.620148e-17 -9.453487e-17
    outer loop
      vertex   -1.500000e+00 3.882736e+01 3.798784e+00
      vertex   -1.500000e+00 6.690000e+01 -3.000000e+00
      vertex   -1.500000e+00 3.708569e+01 2.763351e+00
    endloop
  endfacet
  facet normal -1.000000e+00 5.356364e-17 -1.081806e-16
    outer loop
      vertex   -1.500000e+00 3.708569e+01 2.763351e+00
      vertex   -1.500000e+00 6.690000e+01 -3.000000e+00
      vertex   -1.500000e+00 3.526987e+01 1.864279e+00
    endloop
  endfacet
  facet normal -1.000000e+00 5.081203e-17 -1.260731e-16
    outer loop
      vertex   -1.500000e+00 3.526987e+01 1.864279e+00
      vertex   -1.500000e+00 6.690000e+01 -3.000000e+00
      vertex   -1.500000e+00 3.339055e+01 1.106846e+00
    endloop
  endfacet
  facet normal -1.000000e+00 4.776536e-17 -1.509321e-16
    outer loop
      vertex   -1.500000e+00 3.339055e+01 1.106846e+00
      vertex   -1.500000e+00 6.690000e+01 -3.000000e+00
      vertex   -1.500000e+00 3.145876e+01 4.954950e-01
    endloop
  endfacet
  facet normal -1.000000e+00 4.407512e-17 -1.883479e-16
    outer loop
      vertex   -1.500000e+00 3.145876e+01 4.954950e-01
      vertex   -1.500000e+00 6.690000e+01 -3.000000e+00
      vertex   -1.500000e+00 2.948584e+01 3.381494e-02
    endloop
  endfacet
  facet normal -1.000000e+00 3.891720e-17 -2.519573e-16
    outer loop
      vertex   -1.500000e+00 2.948584e+01 3.381494e-02
      vertex   -1.500000e+00 6.690000e+01 -3.000000e+00
      vertex   -1.500000e+00 2.748338e+01 -2.754853e-01
    endloop
  endfacet
  facet normal -1.000000e+00 2.964395e-17 -3.861170e-16
    outer loop
      vertex   -1.500000e+00 2.748338e+01 -2.754853e-01
      vertex   -1.500000e+00 6.690000e+01 -3.000000e+00
      vertex   -1.500000e+00 2.546311e+01 -4.305905e-01
    endloop
  endfacet
  facet normal -1.000000e+00 0.000000e+00 -8.641853e-16
    outer loop
      vertex   -1.500000e+00 2.546311e+01 -4.305905e-01
      vertex   -1.500000e+00 6.690000e+01 -3.000000e+00
      vertex   -1.500000e+00 -3.100000e+00 -3.000000e+00
    endloop
  endfacet
  facet normal -1.000000e+00 -0.000000e+00 -8.641853e-16
    outer loop
      vertex   -1.500000e+00 2.546311e+01 -4.305905e-01
      vertex   -1.500000e+00 -3.100000e+00 -3.000000e+00
      vertex   -1.500000e+00 2.343689e+01 -4.305905e-01
    endloop
  endfacet
  facet normal -1.000000e+00 -3.700506e-17 -4.819966e-16
    outer loop
      vertex   -1.500000e+00 2.343689e+01 -4.305905e-01
      vertex   -1.500000e+00 -3.100000e+00 -3.000000e+00
      vertex   -1.500000e+00 2.141662e+01 -2.754853e-01
    endloop
  endfacet
  facet normal -1.000000e+00 -5.267256e-17 -3.410122e-16
    outer loop
      vertex   -1.500000e+00 2.141662e+01 -2.754853e-01
      vertex   -1.500000e+00 -3.100000e+00 -3.000000e+00
      vertex   -1.500000e+00 1.941416e+01 3.381494e-02
    endloop
  endfacet
  facet normal -1.000000e+00 -6.258537e-17 -2.674485e-16
    outer loop
      vertex   -1.500000e+00 1.941416e+01 3.381494e-02
      vertex   -1.500000e+00 -3.100000e+00 -3.000000e+00
      vertex   -1.500000e+00 1.744124e+01 4.954950e-01
    endloop
  endfacet
  facet normal -1.000000e+00 -7.029724e-17 -2.221298e-16
    outer loop
      vertex   -1.500000e+00 1.744124e+01 4.954950e-01
      vertex   -1.500000e+00 -3.100000e+00 -3.000000e+00
      vertex   -1.500000e+00 1.550945e+01 1.106846e+00
    endloop
  endfacet
  facet normal -1.000000e+00 -7.710090e-17 -1.913002e-16
    outer loop
      vertex   -1.500000e+00 1.550945e+01 1.106846e+00
      vertex   -1.500000e+00 -3.100000e+00 -3.000000e+00
      vertex   -1.500000e+00 1.363013e+01 1.864279e+00
    endloop
  endfacet
  facet normal -1.000000e+00 -8.361892e-17 -1.688822e-16
    outer loop
      vertex   -1.500000e+00 1.363013e+01 1.864279e+00
      vertex   -1.500000e+00 -3.100000e+00 -3.000000e+00
      vertex   -1.500000e+00 1.181431e+01 2.763351e+00
    endloop
  endfacet
  facet normal -1.000000e+00 -9.023021e-17 -1.517736e-16
    outer loop
      vertex   -1.500000e+00 1.181431e+01 2.763351e+00
      vertex   -1.500000e+00 -3.100000e+00 -3.000000e+00
      vertex   -1.500000e+00 1.007264e+01 3.798784e+00
    endloop
  endfacet
  facet normal -1.000000e+00 -9.722400e-17 -1.382232e-16
    outer loop
      vertex   -1.500000e+00 1.007264e+01 3.798784e+00
      vertex   -1.500000e+00 -3.100000e+00 -3.000000e+00
      vertex   -1.500000e+00 8.415338e+00 4.964504e+00
    endloop
  endfacet
  facet normal -1.000000e+00 -1.048723e-16 -1.271651e-16
    outer loop
      vertex   -1.500000e+00 8.415338e+00 4.964504e+00
      vertex   -1.500000e+00 -3.100000e+00 -3.000000e+00
      vertex   -1.500000e+00 6.852135e+00 6.253667e+00
    endloop
  endfacet
  facet normal -1.000000e+00 -1.134774e-16 -1.179104e-16
    outer loop
      vertex   -1.500000e+00 6.852135e+00 6.253667e+00
      vertex   -1.500000e+00 -3.100000e+00 -3.000000e+00
      vertex   -1.500000e+00 5.392204e+00 7.658710e+00
    endloop
  endfacet
  facet normal -1.000000e+00 -1.234184e-16 -1.099900e-16
    outer loop
      vertex   -1.500000e+00 5.392204e+00 7.658710e+00
      vertex   -1.500000e+00 -3.100000e+00 -3.000000e+00
      vertex   -1.500000e+00 4.044111e+00 9.171387e+00
    endloop
  endfacet
  facet normal -1.000000e+00 -1.352120e-16 -1.030676e-16
    outer loop
      vertex   -1.500000e+00 4.044111e+00 9.171387e+00
      vertex   -1.500000e+00 -3.100000e+00 -3.000000e+00
      vertex   -1.500000e+00 2.815768e+00 1.078282e+01
    endloop
  endfacet
  facet normal -1.000000e+00 -1.496113e-16 -9.688729e-17
    outer loop
      vertex   -1.500000e+00 2.815768e+00 1.078282e+01
      vertex   -1.500000e+00 -3.100000e+00 -3.000000e+00
      vertex   -1.500000e+00 1.714384e+00 1.248356e+01
    endloop
  endfacet
  facet normal -1.000000e+00 -1.677825e-16 -9.123723e-17
    outer loop
      vertex   -1.500000e+00 1.714384e+00 1.248356e+01
      vertex   -1.500000e+00 -3.100000e+00 -3.000000e+00
      vertex   -1.500000e+00 7.464210e-01 1.426361e+01
    endloop
  endfacet
  facet normal -1.000000e+00 -1.916562e-16 -8.591805e-17
    outer loop
      vertex   -1.500000e+00 7.464210e-01 1.426361e+01
      vertex   -1.500000e+00 -3.100000e+00 -3.000000e+00
      vertex   -1.500000e+00 -8.243983e-02 1.611254e+01
    endloop
  endfacet
  facet normal -1.000000e+00 -2.246970e-16 -8.070145e-17
    outer loop
      vertex   -1.500000e+00 -8.243983e-02 1.611254e+01
      vertex   -1.500000e+00 -3.100000e+00 -3.000000e+00
      vertex   -1.500000e+00 -7.673346e-01 1.801949e+01
    endloop
  endfacet
  facet normal -1.000000e+00 -2.738275e-16 -7.524912e-17
    outer loop
      vertex   -1.500000e+00 -7.673346e-01 1.801949e+01
      vertex   -1.500000e+00 -3.100000e+00 -3.000000e+00
      vertex   -1.500000e+00 -1.304244e+00 1.997327e+01
    endloop
  endfacet
  facet normal -1.000000e+00 -3.552054e-16 -6.888803e-17
    outer loop
      vertex   -1.500000e+00 -1.304244e+00 1.997327e+01
      vertex   -1.500000e+00 -3.100000e+00 -3.000000e+00
      vertex   -1.500000e+00 -1.690017e+00 2.196243e+01
    endloop
  endfacet
  facet normal -1.000000e+00 -5.173726e-16 -5.972815e-17
    outer loop
      vertex   -1.500000e+00 -1.690017e+00 2.196243e+01
      vertex   -1.500000e+00 -3.100000e+00 -3.000000e+00
      vertex   -1.500000e+00 -1.922390e+00 2.397527e+01
    endloop
  endfacet
  facet normal -1.000000e+00 -1.004002e-15 -3.848427e-17
    outer loop
      vertex   -1.500000e+00 -1.922390e+00 2.397527e+01
      vertex   -1.500000e+00 -3.100000e+00 -3.000000e+00
      vertex   -1.500000e+00 -2.000000e+00 2.600000e+01
    endloop
  endfacet
  facet normal -1.000000e+00 -2.018587e-15 0.000000e+00
    outer loop
      vertex   -1.500000e+00 -2.000000e+00 2.600000e+01
      vertex   -1.500000e+00 -3.100000e+00 -3.000000e+00
      vertex   -1.500000e+00 -3.100000e+00 5.500000e+01
    endloop
  endfacet
  facet normal -1.000000e+00 -1.004002e-15 3.848427e-17
    outer loop
      vertex   -1.500000e+00 -2.000000e+00 2.600000e+01
      vertex   -1.500000e+00 -3.100000e+00 5.500000e+01
      vertex   -1.500000e+00 -1.922390e+00 2.802473e+01
    endloop
  endfacet
  facet normal -1.000000e+00 -5.173726e-16 5.972815e-17
    outer loop
      vertex   -1.500000e+00 -1.922390e+00 2.802473e+01
      vertex   -1.500000e+00 -3.100000e+00 5.500000e+01
      vertex   -1.500000e+00 -1.690017e+00 3.003757e+01
    endloop
  endfacet
  facet normal -1.000000e+00 -3.552054e-16 6.888803e-17
    outer loop
      vertex   -1.500000e+00 -1.690017e+00 3.003757e+01
      vertex   -1.500000e+00 -3.100000e+00 5.500000e+01
      vertex   -1.500000e+00 -1.304244e+00 3.202673e+01
    endloop
  endfacet
  facet normal -1.000000e+00 -2.738275e-16 7.524912e-17
    outer loop
      vertex   -1.500000e+00 -1.304244e+00 3.202673e+01
      vertex   -1.500000e+00 -3.100000e+00 5.500000e+01
      vertex   -1.500000e+00 -7.673346e-01 3.398051e+01
    endloop
  endfacet
  facet normal -1.000000e+00 -2.246970e-16 8.070145e-17
    outer loop
      vertex   -1.500000e+00 -7.673346e-01 3.398051e+01
      vertex   -1.500000e+00 -3.100000e+00 5.500000e+01
      vertex   -1.500000e+00 -8.243983e-02 3.588746e+01
    endloop
  endfacet
  facet normal -1.000000e+00 -1.916562e-16 8.591805e-17
    outer loop
      vertex   -1.500000e+00 -8.243983e-02 3.588746e+01
      vertex   -1.500000e+00 -3.100000e+00 5.500000e+01
      vertex   -1.500000e+00 7.464210e-01 3.773639e+01
    endloop
  endfacet
  facet normal -1.000000e+00 -1.677825e-16 9.123723e-17
    outer loop
      vertex   -1.500000e+00 7.464210e-01 3.773639e+01
      vertex   -1.500000e+00 -3.100000e+00 5.500000e+01
      vertex   -1.500000e+00 1.714384e+00 3.951644e+01
    endloop
  endfacet
  facet normal -1.000000e+00 -1.496113e-16 9.688729e-17
    outer loop
      vertex   -1.500000e+00 1.714384e+00 3.951644e+01
      vertex   -1.500000e+00 -3.100000e+00 5.500000e+01
      vertex   -1.500000e+00 2.815768e+00 4.121718e+01
    endloop
  endfacet
  facet normal -1.000000e+00 -1.352120e-16 1.030676e-16
    outer loop
      vertex   -1.500000e+00 2.815768e+00 4.121718e+01
      vertex   -1.500000e+00 -3.100000e+00 5.500000e+01
      vertex   -1.500000e+00 4.044111e+00 4.282861e+01
    endloop
  endfacet
  facet normal -1.000000e+00 -1.234184e-16 1.099900e-16
    outer loop
      vertex   -1.500000e+00 4.044111e+00 4.282861e+01
      vertex   -1.500000e+00 -3.100000e+00 5.500000e+01
      vertex   -1.500000e+00 5.392204e+00 4.434129e+01
    endloop
  endfacet
  facet normal -1.000000e+00 -1.134774e-16 1.179104e-16
    outer loop
      vertex   -1.500000e+00 5.392204e+00 4.434129e+01
      vertex   -1.500000e+00 -3.100000e+00 5.500000e+01
      vertex   -1.500000e+00 6.852135e+00 4.574633e+01
    endloop
  endfacet
  facet normal -1.000000e+00 -1.048723e-16 1.271651e-16
    outer loop
      vertex   -1.500000e+00 6.852135e+00 4.574633e+01
      vertex   -1.500000e+00 -3.100000e+00 5.500000e+01
      vertex   -1.500000e+00 8.415338e+00 4.703550e+01
    endloop
  endfacet
  facet normal -1.000000e+00 -9.722400e-17 1.382232e-16
    outer loop
      vertex   -1.500000e+00 8.415338e+00 4.703550e+01
      vertex   -1.500000e+00 -3.100000e+00 5.500000e+01
      vertex   -1.500000e+00 1.007264e+01 4.820122e+01
    endloop
  endfacet
  facet normal -1.000000e+00 -9.023021e-17 1.517736e-16
    outer loop
      vertex   -1.500000e+00 1.007264e+01 4.820122e+01
      vertex   -1.500000e+00 -3.100000e+00 5.500000e+01
      vertex   -1.500000e+00 1.181431e+01 4.923665e+01
    endloop
  endfacet
  facet normal -1.000000e+00 -8.361892e-17 1.688822e-16
    outer loop
      vertex   -1.500000e+00 1.181431e+01 4.923665e+01
      vertex   -1.500000e+00 -3.100000e+00 5.500000e+01
      vertex   -1.500000e+00 1.363013e+01 5.013572e+01
    endloop
  endfacet
  facet normal -1.000000e+00 -7.710090e-17 1.913002e-16
    outer loop
      vertex   -1.500000e+00 1.363013e+01 5.013572e+01
      vertex   -1.500000e+00 -3.100000e+00 5.500000e+01
      vertex   -1.500000e+00 1.550945e+01 5.089315e+01
    endloop
  endfacet
  facet normal -1.000000e+00 -7.029724e-17 2.221298e-16
    outer loop
      vertex   -1.500000e+00 1.550945e+01 5.089315e+01
      vertex   -1.500000e+00 -3.100000e+00 5.500000e+01
      vertex   -1.500000e+00 1.744124e+01 5.150450e+01
    endloop
  endfacet
  facet normal -1.000000e+00 -6.258537e-17 2.674485e-16
    outer loop
      vertex   -1.500000e+00 1.744124e+01 5.150450e+01
      vertex   -1.500000e+00 -3.100000e+00 5.500000e+01
      vertex   -1.500000e+00 1.941416e+01 5.196619e+01
    endloop
  endfacet
  facet normal -1.000000e+00 -5.267256e-17 3.410122e-16
    outer loop
      vertex   -1.500000e+00 1.941416e+01 5.196619e+01
      vertex   -1.500000e+00 -3.100000e+00 5.500000e+01
      vertex   -1.500000e+00 2.141662e+01 5.227549e+01
    endloop
  endfacet
  facet normal -1.000000e+00 -3.700506e-17 4.819966e-16
    outer loop
      vertex   -1.500000e+00 2.141662e+01 5.227549e+01
      vertex   -1.500000e+00 -3.100000e+00 5.500000e+01
      vertex   -1.500000e+00 2.343689e+01 5.243059e+01
    endloop
  endfacet
  facet normal -1.000000e+00 0.000000e+00 8.641853e-16
    outer loop
      vertex   -1.500000e+00 2.343689e+01 5.243059e+01
      vertex   -1.500000e+00 -3.100000e+00 5.500000e+01
      vertex   -1.500000e+00 2.546311e+01 5.243059e+01
    endloop
  endfacet
  facet normal -1.000000e+00 0.000000e+00 8.641853e-16
    outer loop
      vertex   -1.500000e+00 2.546311e+01 5.243059e+01
      vertex   -1.500000e+00 -3.100000e+00 5.500000e+01
      vertex   -1.500000e+00 8.700000e+01 5.500000e+01
    endloop
  endfacet
  facet normal -1.000000e+00 2.337217e-17 3.044261e-16
    outer loop
      vertex   -1.500000e+00 2.546311e+01 5.243059e+01
      vertex   -1.500000e+00 8.700000e+01 5.500000e+01
      vertex   -1.500000e+00 2.748338e+01 5.227549e+01
    endloop
  endfacet
  facet normal -1.000000e+00 5.381285e-17 -3.605461e-16
    outer loop
      vertex   -1.500000e+00 2.748338e+01 5.227549e+01
      vertex   -1.500000e+00 8.700000e+01 5.500000e+01
      vertex   -1.500000e+00 6.690000e+01 5.200000e+01
    endloop
  endfacet
  facet normal -1.000000e+00 5.900251e-17 3.819934e-16
    outer loop
      vertex   -1.500000e+00 2.748338e+01 5.227549e+01
      vertex   -1.500000e+00 6.690000e+01 5.200000e+01
      vertex   -1.500000e+00 2.948584e+01 5.196619e+01
    endloop
  endfacet
  facet normal -1.000000e+00 5.911942e-17 2.526374e-16
    outer loop
      vertex   -1.500000e+00 2.948584e+01 5.196619e+01
      vertex   -1.500000e+00 6.690000e+01 5.200000e+01
      vertex   -1.500000e+00 3.145876e+01 5.150450e+01
    endloop
  endfacet
  facet normal -1.000000e+00 6.000081e-17 1.895945e-16
    outer loop
      vertex   -1.500000e+00 3.145876e+01 5.150450e+01
      vertex   -1.500000e+00 6.690000e+01 5.200000e+01
      vertex   -1.500000e+00 3.339055e+01 5.089315e+01
    endloop
  endfacet
  facet normal -1.000000e+00 6.124402e-17 1.519566e-16
    outer loop
      vertex   -1.500000e+00 3.339055e+01 5.089315e+01
      vertex   -1.500000e+00 6.690000e+01 5.200000e+01
      vertex   -1.500000e+00 3.526987e+01 5.013572e+01
    endloop
  endfacet
  facet normal -1.000000e+00 6.273270e-17 1.266990e-16
    outer loop
      vertex   -1.500000e+00 3.526987e+01 5.013572e+01
      vertex   -1.500000e+00 6.690000e+01 5.200000e+01
      vertex   -1.500000e+00 3.708569e+01 4.923665e+01
    endloop
  endfacet
  facet normal -1.000000e+00 6.443086e-17 1.083773e-16
    outer loop
      vertex   -1.500000e+00 3.708569e+01 4.923665e+01
      vertex   -1.500000e+00 6.690000e+01 5.200000e+01
      vertex   -1.500000e+00 3.882736e+01 4.820122e+01
    endloop
  endfacet
  facet normal -1.000000e+00 6.633472e-17 9.430793e-17
    outer loop
      vertex   -1.500000e+00 3.882736e+01 4.820122e+01
      vertex   -1.500000e+00 6.690000e+01 5.200000e+01
      vertex   -1.500000e+00 4.048466e+01 4.703550e+01
    endloop
  endfacet
  facet normal -1.000000e+00 6.845801e-17 8.301021e-17
    outer loop
      vertex   -1.500000e+00 4.048466e+01 4.703550e+01
      vertex   -1.500000e+00 6.690000e+01 5.200000e+01
      vertex   -1.500000e+00 4.204786e+01 4.574633e+01
    endloop
  endfacet
  facet normal -1.000000e+00 7.082739e-17 7.359428e-17
    outer loop
      vertex   -1.500000e+00 4.204786e+01 4.574633e+01
      vertex   -1.500000e+00 6.690000e+01 5.200000e+01
      vertex   -1.500000e+00 4.350780e+01 4.434129e+01
    endloop
  endfacet
  facet normal -1.000000e+00 7.348183e-17 6.548676e-17
    outer loop
      vertex   -1.500000e+00 4.350780e+01 4.434129e+01
      vertex   -1.500000e+00 6.690000e+01 5.200000e+01
      vertex   -1.500000e+00 4.485589e+01 4.282861e+01
    endloop
  endfacet
  facet normal -1.000000e+00 7.647440e-17 5.829390e-17
    outer loop
      vertex   -1.500000e+00 4.485589e+01 4.282861e+01
      vertex   -1.500000e+00 6.690000e+01 5.200000e+01
      vertex   -1.500000e+00 4.608423e+01 4.121718e+01
    endloop
  endfacet
  facet normal -1.000000e+00 7.987603e-17 5.172719e-17
    outer loop
      vertex   -1.500000e+00 4.608423e+01 4.121718e+01
      vertex   -1.500000e+00 6.690000e+01 5.200000e+01
      vertex   -1.500000e+00 4.718562e+01 3.951644e+01
    endloop
  endfacet
  facet normal -1.000000e+00 8.378180e-17 4.555910e-17
    outer loop
      vertex   -1.500000e+00 4.718562e+01 3.951644e+01
      vertex   -1.500000e+00 6.690000e+01 5.200000e+01
      vertex   -1.500000e+00 4.815358e+01 3.773639e+01
    endloop
  endfacet
  facet normal -1.000000e+00 8.832080e-17 3.959356e-17
    outer loop
      vertex   -1.500000e+00 4.815358e+01 3.773639e+01
      vertex   -1.500000e+00 6.690000e+01 5.200000e+01
      vertex   -1.500000e+00 4.898244e+01 3.588746e+01
    endloop
  endfacet
  facet normal -1.000000e+00 9.367197e-17 3.364293e-17
    outer loop
      vertex   -1.500000e+00 4.898244e+01 3.588746e+01
      vertex   -1.500000e+00 6.690000e+01 5.200000e+01
      vertex   -1.500000e+00 4.966733e+01 3.398051e+01
    endloop
  endfacet
  facet normal -1.000000e+00 1.000899e-16 2.750520e-17
    outer loop
      vertex   -1.500000e+00 4.966733e+01 3.398051e+01
      vertex   -1.500000e+00 6.690000e+01 5.200000e+01
      vertex   -1.500000e+00 5.020424e+01 3.202673e+01
    endloop
  endfacet
  facet normal -1.000000e+00 1.079493e-16 2.093553e-17
    outer loop
      vertex   -1.500000e+00 5.020424e+01 3.202673e+01
      vertex   -1.500000e+00 6.690000e+01 5.200000e+01
      vertex   -1.500000e+00 5.059002e+01 3.003757e+01
    endloop
  endfacet
  facet normal -1.000000e+00 1.178241e-16 1.360221e-17
    outer loop
      vertex   -1.500000e+00 5.059002e+01 3.003757e+01
      vertex   -1.500000e+00 6.690000e+01 5.200000e+01
      vertex   -1.500000e+00 5.082239e+01 2.802473e+01
    endloop
  endfacet
  facet normal -1.000000e+00 0.000000e+00 0.000000e+00
    outer loop
      vertex   -1.500000e+00 6.690000e+01 5.200000e+01
      vertex   -1.500000e+00 8.700000e+01 5.500000e+01
      vertex   -1.500000e+00 8.400000e+01 5.200000e+01
    endloop
  endfacet
  facet normal -1.000000e+00 0.000000e+00 0.000000e+00
    outer loop
      vertex   -1.500000e+00 8.400000e+01 5.200000e+01
      vertex   -1.500000e+00 8.700000e+01 5.500000e+01
      vertex   -1.500000e+00 8.700000e+01 0.000000e+00
    endloop
  endfacet
  facet normal -1.000000e+00 0.000000e+00 0.000000e+00
    outer loop
      vertex   -1.500000e+00 8.400000e+01 5.200000e+01
      vertex   -1.500000e+00 8.700000e+01 0.000000e+00
      vertex   -1.500000e+00 8.400000e+01 0.000000e+00
    endloop
  endfacet
  facet normal 1.000000e+00 0.000000e+00 0.000000e+00
    outer loop
      vertex   1.500000e+00 0.000000e+00 3.608960e+01
      vertex   1.500000e+00 8.427910e-01 3.792905e+01
      vertex   1.500000e+00 0.000000e+00 5.200000e+01
    endloop
  endfacet
  facet normal 1.000000e+00 0.000000e+00 0.000000e+00
    outer loop
      vertex   1.500000e+00 0.000000e+00 5.200000e+01
      vertex   1.500000e+00 8.427910e-01 3.792905e+01
      vertex   1.500000e+00 1.823725e+00 3.969869e+01
    endloop
  endfacet
  facet normal 1.000000e+00 0.000000e+00 0.000000e+00
    outer loop
      vertex   1.500000e+00 0.000000e+00 5.200000e+01
      vertex   1.500000e+00 1.823725e+00 3.969869e+01
      vertex   1.500000e+00 2.937061e+00 4.138818e+01
    endloop
  endfacet
  facet normal 1.000000e+00 0.000000e+00 -0.000000e+00
    outer loop
      vertex   1.500000e+00 2.937061e+00 4.138818e+01
      vertex   1.500000e+00 4.176284e+00 4.298761e+01
      vertex   1.500000e+00 0.000000e+00 5.200000e+01
    endloop
  endfacet
  facet normal 1.000000e+00 0.000000e+00 0.000000e+00
    outer loop
      vertex   1.500000e+00 0.000000e+00 5.200000e+01
      vertex   1.500000e+00 4.176284e+00 4.298761e+01
      vertex   1.500000e+00 5.534143e+00 4.448764e+01
    endloop
  endfacet
  facet normal 1.000000e+00 0.000000e+00 0.000000e+00
    outer loop
      vertex   1.500000e+00 0.000000e+00 5.200000e+01
      vertex   1.500000e+00 5.534143e+00 4.448764e+01
      vertex   1.500000e+00 7.002693e+00 4.587949e+01
    endloop
  endfacet
  facet normal 1.000000e+00 0.000000e+00 -0.000000e+00
    outer loop
      vertex   1.500000e+00 7.002693e+00 4.587949e+01
      vertex   1.500000e+00 8.573339e+00 4.715500e+01
      vertex   1.500000e+00 0.000000e+00 5.200000e+01
    endloop
  endfacet
  facet normal 1.000000e+00 0.000000e+00 0.000000e+00
    outer loop
      vertex   1.500000e+00 0.000000e+00 5.200000e+01
      vertex   1.500000e+00 8.573339e+00 4.715500e+01
      vertex   1.500000e+00 1.023689e+01 4.830673e+01
    endloop
  endfacet
  facet normal 1.000000e+00 0.000000e+00 0.000000e+00
    outer loop
      vertex   1.500000e+00 0.000000e+00 5.200000e+01
      vertex   1.500000e+00 1.023689e+01 4.830673e+01
      vertex   1.500000e+00 1.198361e+01 4.932792e+01
    endloop
  endfacet
  facet normal 1.000000e+00 0.000000e+00 -0.000000e+00
    outer loop
      vertex   1.500000e+00 1.198361e+01 4.932792e+01
      vertex   1.500000e+00 1.380329e+01 5.021260e+01
      vertex   1.500000e+00 0.000000e+00 5.200000e+01
    endloop
  endfacet
  facet normal 1.000000e+00 0.000000e+00 0.000000e+00
    outer loop
      vertex   1.500000e+00 0.000000e+00 5.200000e+01
      vertex   1.500000e+00 1.380329e+01 5.021260e+01
      vertex   1.500000e+00 1.568526e+01 5.095560e+01
    endloop
  endfacet
  facet normal 1.000000e+00 0.000000e+00 0.000000e+00
    outer loop
      vertex   1.500000e+00 0.000000e+00 5.200000e+01
      vertex   1.500000e+00 1.568526e+01 5.095560e+01
      vertex   1.500000e+00 1.761852e+01 5.155256e+01
    endloop
  endfacet
  facet normal 1.000000e+00 0.000000e+00 -0.000000e+00
    outer loop
      vertex   1.500000e+00 1.761852e+01 5.155256e+01
      vertex   1.500000e+00 1.959176e+01 5.200000e+01
      vertex   1.500000e+00 0.000000e+00 5.200000e+01
    endloop
  endfacet
  facet normal 1.000000e+00 -0.000000e+00 0.000000e+00
    outer loop
      vertex   1.500000e+00 2.930824e+01 5.200000e+01
      vertex   1.500000e+00 3.124078e+01 5.156341e+01
      vertex   1.500000e+00 6.690000e+01 5.200000e+01
    endloop
  endfacet
  facet normal 1.000000e+00 0.000000e+00 0.000000e+00
    outer loop
      vertex   1.500000e+00 6.690000e+01 5.200000e+01
      vertex   1.500000e+00 3.124078e+01 5.156341e+01
      vertex   1.500000e+00 3.313522e+01 5.098338e+01
    endloop
  endfacet
  facet normal 1.000000e+00 0.000000e+00 0.000000e+00
    outer loop
      vertex   1.500000e+00 6.690000e+01 5.200000e+01
      vertex   1.500000e+00 3.313522e+01 5.098338e+01
      vertex   1.500000e+00 3.498093e+01 5.026318e+01
    endloop
  endfacet
  facet normal 1.000000e+00 -0.000000e+00 0.000000e+00
    outer loop
      vertex   1.500000e+00 3.498093e+01 5.026318e+01
      vertex   1.500000e+00 3.676755e+01 4.940685e+01
      vertex   1.500000e+00 6.690000e+01 5.200000e+01
    endloop
  endfacet
  facet normal 1.000000e+00 0.000000e+00 0.000000e+00
    outer loop
      vertex   1.500000e+00 6.690000e+01 5.200000e+01
      vertex   1.500000e+00 3.676755e+01 4.940685e+01
      vertex   1.500000e+00 3.848506e+01 4.841918e+01
    endloop
  endfacet
  facet normal 1.000000e+00 0.000000e+00 0.000000e+00
    outer loop
      vertex   1.500000e+00 6.690000e+01 5.200000e+01
      vertex   1.500000e+00 3.848506e+01 4.841918e+01
      vertex   1.500000e+00 4.012382e+01 4.730572e+01
    endloop
  endfacet
  facet normal 1.000000e+00 -0.000000e+00 0.000000e+00
    outer loop
      vertex   1.500000e+00 4.012382e+01 4.730572e+01
      vertex   1.500000e+00 4.167464e+01 4.607272e+01
      vertex   1.500000e+00 6.690000e+01 5.200000e+01
    endloop
  endfacet
  facet normal 1.000000e+00 0.000000e+00 0.000000e+00
    outer loop
      vertex   1.500000e+00 6.690000e+01 5.200000e+01
      vertex   1.500000e+00 4.167464e+01 4.607272e+01
      vertex   1.500000e+00 4.312882e+01 4.472710e+01
    endloop
  endfacet
  facet normal 1.000000e+00 0.000000e+00 0.000000e+00
    outer loop
      vertex   1.500000e+00 6.690000e+01 5.200000e+01
      vertex   1.500000e+00 4.312882e+01 4.472710e+01
      vertex   1.500000e+00 4.447819e+01 4.327641e+01
    endloop
  endfacet
  facet normal 1.000000e+00 -0.000000e+00 0.000000e+00
    outer loop
      vertex   1.500000e+00 4.447819e+01 4.327641e+01
      vertex   1.500000e+00 4.571519e+01 4.172877e+01
      vertex   1.500000e+00 6.690000e+01 5.200000e+01
    endloop
  endfacet
  facet normal 1.000000e+00 0.000000e+00 0.000000e+00
    outer loop
      vertex   1.500000e+00 6.690000e+01 5.200000e+01
      vertex   1.500000e+00 4.571519e+01 4.172877e+01
      vertex   1.500000e+00 4.683287e+01 4.009289e+01
    endloop
  endfacet
  facet normal 1.000000e+00 0.000000e+00 0.000000e+00
    outer loop
      vertex   1.500000e+00 6.690000e+01 5.200000e+01
      vertex   1.500000e+00 4.683287e+01 4.009289e+01
      vertex   1.500000e+00 4.782497e+01 3.837794e+01
    endloop
  endfacet
  facet normal 1.000000e+00 -0.000000e+00 0.000000e+00
    outer loop
      vertex   1.500000e+00 4.782497e+01 3.837794e+01
      vertex   1.500000e+00 4.868591e+01 3.659353e+01
      vertex   1.500000e+00 6.690000e+01 5.200000e+01
    endloop
  endfacet
  facet normal 1.000000e+00 0.000000e+00 0.000000e+00
    outer loop
      vertex   1.500000e+00 6.690000e+01 5.200000e+01
      vertex   1.500000e+00 4.868591e+01 3.659353e+01
      vertex   1.500000e+00 4.941088e+01 3.474969e+01
    endloop
  endfacet
  facet normal 1.000000e+00 0.000000e+00 0.000000e+00
    outer loop
      vertex   1.500000e+00 6.690000e+01 5.200000e+01
      vertex   1.500000e+00 4.941088e+01 3.474969e+01
      vertex   1.500000e+00 4.999579e+01 3.285676e+01
    endloop
  endfacet
  facet normal 1.000000e+00 -0.000000e+00 0.000000e+00
    outer loop
      vertex   1.500000e+00 4.999579e+01 3.285676e+01
      vertex   1.500000e+00 5.043737e+01 3.092535e+01
      vertex   1.500000e+00 6.690000e+01 5.200000e+01
    endloop
  endfacet
  facet normal 1.000000e+00 0.000000e+00 0.000000e+00
    outer loop
      vertex   1.500000e+00 6.690000e+01 5.200000e+01
      vertex   1.500000e+00 5.043737e+01 3.092535e+01
      vertex   1.500000e+00 5.073314e+01 2.896631e+01
    endloop
  endfacet
  facet normal 1.000000e+00 0.000000e+00 0.000000e+00
    outer loop
      vertex   1.500000e+00 6.690000e+01 5.200000e+01
      vertex   1.500000e+00 5.073314e+01 2.896631e+01
      vertex   1.500000e+00 5.088144e+01 2.699062e+01
    endloop
  endfacet
  facet normal 1.000000e+00 0.000000e+00 0.000000e+00
    outer loop
      vertex   1.500000e+00 6.690000e+01 5.200000e+01
      vertex   1.500000e+00 5.088144e+01 2.699062e+01
      vertex   1.500000e+00 6.690000e+01 0.000000e+00
    endloop
  endfacet
  facet normal 1.000000e+00 0.000000e+00 0.000000e+00
    outer loop
      vertex   1.500000e+00 6.690000e+01 0.000000e+00
      vertex   1.500000e+00 5.088144e+01 2.699062e+01
      vertex   1.500000e+00 5.088144e+01 2.500938e+01
    endloop
  endfacet
  facet normal 1.000000e+00 0.000000e+00 0.000000e+00
    outer loop
      vertex   1.500000e+00 6.690000e+01 0.000000e+00
      vertex   1.500000e+00 5.088144e+01 2.500938e+01
      vertex   1.500000e+00 5.073314e+01 2.303369e+01
    endloop
  endfacet
  facet normal 1.000000e+00 0.000000e+00 0.000000e+00
    outer loop
      vertex   1.500000e+00 5.073314e+01 2.303369e+01
      vertex   1.500000e+00 5.043737e+01 2.107465e+01
      vertex   1.500000e+00 6.690000e+01 0.000000e+00
    endloop
  endfacet
  facet normal 1.000000e+00 0.000000e+00 0.000000e+00
    outer loop
      vertex   1.500000e+00 6.690000e+01 0.000000e+00
      vertex   1.500000e+00 5.043737e+01 2.107465e+01
      vertex   1.500000e+00 4.999579e+01 1.914324e+01
    endloop
  endfacet
  facet normal 1.000000e+00 0.000000e+00 0.000000e+00
    outer loop
      vertex   1.500000e+00 6.690000e+01 0.000000e+00
      vertex   1.500000e+00 4.999579e+01 1.914324e+01
      vertex   1.500000e+00 4.941088e+01 1.725031e+01
    endloop
  endfacet
  facet normal 1.000000e+00 0.000000e+00 0.000000e+00
    outer loop
      vertex   1.500000e+00 4.941088e+01 1.725031e+01
      vertex   1.500000e+00 4.868591e+01 1.540647e+01
      vertex   1.500000e+00 6.690000e+01 0.000000e+00
    endloop
  endfacet
  facet normal 1.000000e+00 0.000000e+00 0.000000e+00
    outer loop
      vertex   1.500000e+00 6.690000e+01 0.000000e+00
      vertex   1.500000e+00 4.868591e+01 1.540647e+01
      vertex   1.500000e+00 4.782497e+01 1.362206e+01
    endloop
  endfacet
  facet normal 1.000000e+00 0.000000e+00 0.000000e+00
    outer loop
      vertex   1.500000e+00 6.690000e+01 0.000000e+00
      vertex   1.500000e+00 4.782497e+01 1.362206e+01
      vertex   1.500000e+00 4.683287e+01 1.190711e+01
    endloop
  endfacet
  facet normal 1.000000e+00 0.000000e+00 0.000000e+00
    outer loop
      vertex   1.500000e+00 4.683287e+01 1.190711e+01
      vertex   1.500000e+00 4.571519e+01 1.027123e+01
      vertex   1.500000e+00 6.690000e+01 0.000000e+00
    endloop
  endfacet
  facet normal 1.000000e+00 0.000000e+00 0.000000e+00
    outer loop
      vertex   1.500000e+00 6.690000e+01 0.000000e+00
      vertex   1.500000e+00 4.571519e+01 1.027123e+01
      vertex   1.500000e+00 4.447819e+01 8.723595e+00
    endloop
  endfacet
  facet normal 1.000000e+00 0.000000e+00 0.000000e+00
    outer loop
      vertex   1.500000e+00 6.690000e+01 0.000000e+00
      vertex   1.500000e+00 4.447819e+01 8.723595e+00
      vertex   1.500000e+00 4.312882e+01 7.272898e+00
    endloop
  endfacet
  facet normal 1.000000e+00 0.000000e+00 0.000000e+00
    outer loop
      vertex   1.500000e+00 4.312882e+01 7.272898e+00
      vertex   1.500000e+00 4.167464e+01 5.927275e+00
      vertex   1.500000e+00 6.690000e+01 0.000000e+00
    endloop
  endfacet
  facet normal 1.000000e+00 0.000000e+00 0.000000e+00
    outer loop
      vertex   1.500000e+00 6.690000e+01 0.000000e+00
      vertex   1.500000e+00 4.167464e+01 5.927275e+00
      vertex   1.500000e+00 4.012382e+01 4.694277e+00
    endloop
  endfacet
  facet normal 1.000000e+00 0.000000e+00 0.000000e+00
    outer loop
      vertex   1.500000e+00 6.690000e+01 0.000000e+00
      vertex   1.500000e+00 4.012382e+01 4.694277e+00
      vertex   1.500000e+00 3.848506e+01 3.580820e+00
    endloop
  endfacet
  facet normal 1.000000e+00 0.000000e+00 0.000000e+00
    outer loop
      vertex   1.500000e+00 3.848506e+01 3.580820e+00
      vertex   1.500000e+00 3.676755e+01 2.593153e+00
      vertex   1.500000e+00 6.690000e+01 0.000000e+00
    endloop
  endfacet
  facet normal 1.000000e+00 0.000000e+00 0.000000e+00
    outer loop
      vertex   1.500000e+00 6.690000e+01 0.000000e+00
      vertex   1.500000e+00 3.676755e+01 2.593153e+00
      vertex   1.500000e+00 3.498093e+01 1.736817e+00
    endloop
  endfacet
  facet normal 1.000000e+00 0.000000e+00 0.000000e+00
    outer loop
      vertex   1.500000e+00 6.690000e+01 0.000000e+00
      vertex   1.500000e+00 3.498093e+01 1.736817e+00
      vertex   1.500000e+00 3.313522e+01 1.016616e+00
    endloop
  endfacet
  facet normal 1.000000e+00 0.000000e+00 0.000000e+00
    outer loop
      vertex   1.500000e+00 3.313522e+01 1.016616e+00
      vertex   1.500000e+00 3.124078e+01 4.365927e-01
      vertex   1.500000e+00 6.690000e+01 0.000000e+00
    endloop
  endfacet
  facet normal 1.000000e+00 0.000000e+00 0.000000e+00
    outer loop
      vertex   1.500000e+00 6.690000e+01 0.000000e+00
      vertex   1.500000e+00 3.124078e+01 4.365927e-01
      vertex   1.500000e+00 2.930824e+01 0.000000e+00
    endloop
  endfacet
  facet normal -0.000000e+00 1.000000e+00 0.000000e+00
    outer loop
      vertex   1.500000e+00 0.000000e+00 1.591040e+01
      vertex   5.262500e+01 0.000000e+00 1.591040e+01
      vertex   1.500000e+00 0.000000e+00 0.000000e+00
    endloop
  endfacet
  facet normal 0.000000e+00 1.000000e+00 0.000000e+00
    outer loop
      vertex   1.500000e+00 0.000000e+00 0.000000e+00
      vertex   5.262500e+01 0.000000e+00 1.591040e+01
      vertex   5.262500e+01 0.000000e+00 0.000000e+00
    endloop
  endfacet
  facet normal 0.000000e+00 0.000000e+00 1.000000e+00
    outer loop
      vertex   1.500000e+00 2.930824e+01 0.000000e+00
      vertex   5.262500e+01 2.930824e+01 0.000000e+00
      vertex   1.500000e+00 6.690000e+01 0.000000e+00
    endloop
  endfacet
  facet normal -0.000000e+00 0.000000e+00 1.000000e+00
    outer loop
      vertex   1.500000e+00 6.690000e+01 0.000000e+00
      vertex   5.262500e+01 2.930824e+01 0.000000e+00
      vertex   5.262500e+01 8.400000e+01 0.000000e+00
    endloop
  endfacet
  facet normal 0.000000e+00 -0.000000e+00 1.000000e+00
    outer loop
      vertex   1.500000e+00 6.690000e+01 0.000000e+00
      vertex   5.262500e+01 8.400000e+01 0.000000e+00
      vertex   -1.485000e+00 8.400000e+01 0.000000e+00
    endloop
  endfacet
  facet normal 0.000000e+00 0.000000e+00 1.000000e+00
    outer loop
      vertex   -1.485000e+00 8.400000e+01 0.000000e+00
      vertex   -1.485000e+00 6.690000e+01 0.000000e+00
      vertex   1.500000e+00 6.690000e+01 0.000000e+00
    endloop
  endfacet
  facet normal -0.000000e+00 0.000000e+00 1.000000e+00
    outer loop
      vertex   1.500000e+00 1.959176e+01 0.000000e+00
      vertex   1.500000e+00 0.000000e+00 0.000000e+00
      vertex   5.262500e+01 1.959176e+01 0.000000e+00
    endloop
  endfacet
  facet normal 0.000000e+00 0.000000e+00 1.000000e+00
    outer loop
      vertex   5.262500e+01 1.959176e+01 0.000000e+00
      vertex   1.500000e+00 0.000000e+00 0.000000e+00
      vertex   5.262500e+01 0.000000e+00 0.000000e+00
    endloop
  endfacet
  facet normal -2.099195e-03 2.211390e-01 -9.752400e-01
    outer loop
      vertex   1.500000e+00 1.761852e+01 5.155256e+01
      vertex   -1.500000e+00 1.941416e+01 5.196619e+01
      vertex   1.500000e+00 1.959176e+01 5.200000e+01
    endloop
  endfacet
  facet normal 2.102480e-03 1.526489e-01 -9.882782e-01
    outer loop
      vertex   1.500000e+00 1.959176e+01 5.200000e+01
      vertex   -1.500000e+00 1.941416e+01 5.196619e+01
      vertex   -1.500000e+00 2.141662e+01 5.227549e+01
    endloop
  endfacet
  facet normal 0.000000e+00 1.492708e-01 -9.887964e-01
    outer loop
      vertex   1.500000e+00 1.959176e+01 5.200000e+01
      vertex   -1.500000e+00 2.141662e+01 5.227549e+01
      vertex   2.556250e+01 2.141662e+01 5.227549e+01
    endloop
  endfacet
  facet normal 0.000000e+00 7.654925e-02 -9.970658e-01
    outer loop
      vertex   2.556250e+01 2.141662e+01 5.227549e+01
      vertex   -1.500000e+00 2.141662e+01 5.227549e+01
      vertex   2.556250e+01 2.343689e+01 5.243059e+01
    endloop
  endfacet
  facet normal 1.453184e-04 7.654925e-02 -9.970658e-01
    outer loop
      vertex   2.556250e+01 2.141662e+01 5.227549e+01
      vertex   2.556250e+01 2.343689e+01 5.243059e+01
      vertex   5.262500e+01 2.152441e+01 5.228770e+01
    endloop
  endfacet
  facet normal -4.843948e-05 7.382285e-02 -9.972714e-01
    outer loop
      vertex   5.262500e+01 2.152441e+01 5.228770e+01
      vertex   2.556250e+01 2.343689e+01 5.243059e+01
      vertex   5.262500e+01 2.347303e+01 5.243195e+01
    endloop
  endfacet
  facet normal 5.026482e-05 0.000000e+00 -1.000000e+00
    outer loop
      vertex   5.262500e+01 2.347303e+01 5.243195e+01
      vertex   2.556250e+01 2.343689e+01 5.243059e+01
      vertex   5.262500e+01 2.542697e+01 5.243195e+01
    endloop
  endfacet
  facet normal 5.026482e-05 0.000000e+00 -1.000000e+00
    outer loop
      vertex   5.262500e+01 2.542697e+01 5.243195e+01
      vertex   2.556250e+01 2.343689e+01 5.243059e+01
      vertex   2.556250e+01 2.546311e+01 5.243059e+01
    endloop
  endfacet
  facet normal -4.843948e-05 -7.382285e-02 -9.972714e-01
    outer loop
      vertex   5.262500e+01 2.542697e+01 5.243195e+01
      vertex   2.556250e+01 2.546311e+01 5.243059e+01
      vertex   5.262500e+01 2.737559e+01 5.228770e+01
    endloop
  endfacet
  facet normal 1.453184e-04 -7.654925e-02 -9.970658e-01
    outer loop
      vertex   5.262500e+01 2.737559e+01 5.228770e+01
      vertex   2.556250e+01 2.546311e+01 5.243059e+01
      vertex   2.556250e+01 2.748338e+01 5.227549e+01
    endloop
  endfacet
  facet normal -1.398421e-04 -1.472428e-01 -9.891004e-01
    outer loop
      vertex   5.262500e+01 2.737559e+01 5.228770e+01
      vertex   2.556250e+01 2.748338e+01 5.227549e+01
      vertex   5.262500e+01 2.930824e+01 5.200000e+01
    endloop
  endfacet
  facet normal -0.000000e+00 -1.492708e-01 -9.887964e-01
    outer loop
      vertex   5.262500e+01 2.930824e+01 5.200000e+01
      vertex   2.556250e+01 2.748338e+01 5.227549e+01
      vertex   1.500000e+00 2.930824e+01 5.200000e+01
    endloop
  endfacet
  facet normal 0.000000e+00 -1.492708e-01 -9.887964e-01
    outer loop
      vertex   1.500000e+00 2.930824e+01 5.200000e+01
      vertex   2.556250e+01 2.748338e+01 5.227549e+01
      vertex   -1.500000e+00 2.748338e+01 5.227549e+01
    endloop
  endfacet
  facet normal 2.102480e-03 -1.526489e-01 -9.882782e-01
    outer loop
      vertex   1.500000e+00 2.930824e+01 5.200000e+01
      vertex   -1.500000e+00 2.748338e+01 5.227549e+01
      vertex   -1.500000e+00 2.948584e+01 5.196619e+01
    endloop
  endfacet
  facet normal 2.132694e-03 2.278530e-01 -9.736932e-01
    outer loop
      vertex   -1.500000e+00 1.941416e+01 5.196619e+01
      vertex   1.500000e+00 1.761852e+01 5.155256e+01
      vertex   -1.500000e+00 1.744124e+01 5.150450e+01
    endloop
  endfacet
  facet normal -2.129357e-03 2.950398e-01 -9.554826e-01
    outer loop
      vertex   -1.500000e+00 1.744124e+01 5.150450e+01
      vertex   1.500000e+00 1.761852e+01 5.155256e+01
      vertex   1.500000e+00 1.568526e+01 5.095560e+01
    endloop
  endfacet
  facet normal 2.162803e-03 3.017199e-01 -9.533942e-01
    outer loop
      vertex   -1.500000e+00 1.744124e+01 5.150450e+01
      vertex   1.500000e+00 1.568526e+01 5.095560e+01
      vertex   -1.500000e+00 1.550945e+01 5.089315e+01
    endloop
  endfacet
  facet normal -2.159414e-03 3.672141e-01 -9.301339e-01
    outer loop
      vertex   -1.500000e+00 1.550945e+01 5.089315e+01
      vertex   1.500000e+00 1.568526e+01 5.095560e+01
      vertex   1.500000e+00 1.380329e+01 5.021260e+01
    endloop
  endfacet
  facet normal 2.192808e-03 3.738162e-01 -9.275002e-01
    outer loop
      vertex   -1.500000e+00 1.550945e+01 5.089315e+01
      vertex   1.500000e+00 1.380329e+01 5.021260e+01
      vertex   -1.500000e+00 1.363013e+01 5.013572e+01
    endloop
  endfacet
  facet normal -2.189366e-03 4.372395e-01 -8.993424e-01
    outer loop
      vertex   -1.500000e+00 1.363013e+01 5.013572e+01
      vertex   1.500000e+00 1.380329e+01 5.021260e+01
      vertex   1.500000e+00 1.198361e+01 4.932792e+01
    endloop
  endfacet
  facet normal 2.222708e-03 4.437187e-01 -8.961633e-01
    outer loop
      vertex   -1.500000e+00 1.363013e+01 5.013572e+01
      vertex   1.500000e+00 1.198361e+01 4.932792e+01
      vertex   -1.500000e+00 1.181431e+01 4.923665e+01
    endloop
  endfacet
  facet normal -2.219213e-03 5.047064e-01 -8.632882e-01
    outer loop
      vertex   -1.500000e+00 1.181431e+01 4.923665e+01
      vertex   1.500000e+00 1.198361e+01 4.932792e+01
      vertex   1.500000e+00 1.023689e+01 4.830673e+01
    endloop
  endfacet
  facet normal 2.252503e-03 5.110174e-01 -8.595674e-01
    outer loop
      vertex   -1.500000e+00 1.181431e+01 4.923665e+01
      vertex   1.500000e+00 1.023689e+01 4.830673e+01
      vertex   -1.500000e+00 1.007264e+01 4.820122e+01
    endloop
  endfacet
  facet normal -2.248956e-03 5.692198e-01 -8.221823e-01
    outer loop
      vertex   -1.500000e+00 1.007264e+01 4.820122e+01
      vertex   1.500000e+00 1.023689e+01 4.830673e+01
      vertex   1.500000e+00 8.573339e+00 4.715500e+01
    endloop
  endfacet
  facet normal 2.282193e-03 5.753172e-01 -8.179272e-01
    outer loop
      vertex   -1.500000e+00 1.007264e+01 4.820122e+01
      vertex   1.500000e+00 8.573339e+00 4.715500e+01
      vertex   -1.500000e+00 8.415338e+00 4.703550e+01
    endloop
  endfacet
  facet normal -2.278593e-03 6.304023e-01 -7.762652e-01
    outer loop
      vertex   -1.500000e+00 8.415338e+00 4.703550e+01
      vertex   1.500000e+00 8.573339e+00 4.715500e+01
      vertex   1.500000e+00 7.002693e+00 4.587949e+01
    endloop
  endfacet
  facet normal 2.311778e-03 6.362407e-01 -7.714871e-01
    outer loop
      vertex   -1.500000e+00 8.415338e+00 4.703550e+01
      vertex   1.500000e+00 7.002693e+00 4.587949e+01
      vertex   -1.500000e+00 6.852135e+00 4.574633e+01
    endloop
  endfacet
  facet normal -2.308126e-03 6.878959e-01 -7.258057e-01
    outer loop
      vertex   -1.500000e+00 6.852135e+00 4.574633e+01
      vertex   1.500000e+00 7.002693e+00 4.587949e+01
      vertex   1.500000e+00 5.534143e+00 4.448764e+01
    endloop
  endfacet
  facet normal 2.341258e-03 6.934306e-01 -7.205196e-01
    outer loop
      vertex   -1.500000e+00 6.852135e+00 4.574633e+01
      vertex   1.500000e+00 5.534143e+00 4.448764e+01
      vertex   -1.500000e+00 5.392204e+00 4.434129e+01
    endloop
  endfacet
  facet normal -2.337554e-03 7.413641e-01 -6.710989e-01
    outer loop
      vertex   -1.500000e+00 5.392204e+00 4.434129e+01
      vertex   1.500000e+00 5.534143e+00 4.448764e+01
      vertex   1.500000e+00 4.176284e+00 4.298761e+01
    endloop
  endfacet
  facet normal 2.370634e-03 7.465511e-01 -6.653238e-01
    outer loop
      vertex   -1.500000e+00 5.392204e+00 4.434129e+01
      vertex   1.500000e+00 4.176284e+00 4.298761e+01
      vertex   -1.500000e+00 4.044111e+00 4.282861e+01
    endloop
  endfacet
  facet normal -2.366877e-03 7.904941e-01 -6.124651e-01
    outer loop
      vertex   -1.500000e+00 4.044111e+00 4.282861e+01
      vertex   1.500000e+00 4.176284e+00 4.298761e+01
      vertex   1.500000e+00 2.937061e+00 4.138818e+01
    endloop
  endfacet
  facet normal 2.399905e-03 7.952906e-01 -6.062237e-01
    outer loop
      vertex   -1.500000e+00 4.044111e+00 4.282861e+01
      vertex   1.500000e+00 2.937061e+00 4.138818e+01
      vertex   -1.500000e+00 2.815768e+00 4.121718e+01
    endloop
  endfacet
  facet normal -2.396095e-03 8.349983e-01 -5.502473e-01
    outer loop
      vertex   -1.500000e+00 2.815768e+00 4.121718e+01
      vertex   1.500000e+00 2.937061e+00 4.138818e+01
      vertex   1.500000e+00 1.823725e+00 3.969869e+01
    endloop
  endfacet
  facet normal 2.429070e-03 8.393629e-01 -5.435659e-01
    outer loop
      vertex   -1.500000e+00 2.815768e+00 4.121718e+01
      vertex   1.500000e+00 1.823725e+00 3.969869e+01
      vertex   -1.500000e+00 1.714384e+00 3.951644e+01
    endloop
  endfacet
  facet normal -2.425209e-03 8.746163e-01 -4.848097e-01
    outer loop
      vertex   -1.500000e+00 1.714384e+00 3.951644e+01
      vertex   1.500000e+00 1.823725e+00 3.969869e+01
      vertex   1.500000e+00 8.427910e-01 3.792905e+01
    endloop
  endfacet
  facet normal 2.458131e-03 8.785096e-01 -4.777184e-01
    outer loop
      vertex   -1.500000e+00 1.714384e+00 3.951644e+01
      vertex   1.500000e+00 8.427910e-01 3.792905e+01
      vertex   -1.500000e+00 7.464210e-01 3.773639e+01
    endloop
  endfacet
  facet normal -2.454217e-03 9.091163e-01 -4.165350e-01
    outer loop
      vertex   -1.500000e+00 7.464210e-01 3.773639e+01
      vertex   1.500000e+00 8.427910e-01 3.792905e+01
      vertex   1.500000e+00 0.000000e+00 3.608960e+01
    endloop
  endfacet
  facet normal 2.487087e-03 9.125008e-01 -4.090674e-01
    outer loop
      vertex   -1.500000e+00 7.464210e-01 3.773639e+01
      vertex   1.500000e+00 0.000000e+00 3.608960e+01
      vertex   -1.500000e+00 -8.243983e-02 3.588746e+01
    endloop
  endfacet
  facet normal 0.000000e+00 9.259519e-01 -3.776414e-01
    outer loop
      vertex   -1.500000e+00 -8.243983e-02 3.588746e+01
      vertex   1.500000e+00 0.000000e+00 3.608960e+01
      vertex   2.556250e+01 -8.243983e-02 3.588746e+01
    endloop
  endfacet
  facet normal 0.000000e+00 9.411400e-01 -3.380169e-01
    outer loop
      vertex   -1.500000e+00 -8.243983e-02 3.588746e+01
      vertex   2.556250e+01 -8.243983e-02 3.588746e+01
      vertex   -1.500000e+00 -7.673346e-01 3.398051e+01
    endloop
  endfacet
  facet normal 0.000000e+00 9.411400e-01 -3.380169e-01
    outer loop
      vertex   -1.500000e+00 -7.673346e-01 3.398051e+01
      vertex   2.556250e+01 -8.243983e-02 3.588746e+01
      vertex   2.556250e+01 -7.673346e-01 3.398051e+01
    endloop
  endfacet
  facet normal 0.000000e+00 9.642535e-01 -2.649815e-01
    outer loop
      vertex   -1.500000e+00 -7.673346e-01 3.398051e+01
      vertex   2.556250e+01 -7.673346e-01 3.398051e+01
      vertex   -1.500000e+00 -1.304244e+00 3.202673e+01
    endloop
  endfacet
  facet normal 0.000000e+00 9.642535e-01 -2.649815e-01
    outer loop
      vertex   -1.500000e+00 -1.304244e+00 3.202673e+01
      vertex   2.556250e+01 -7.673346e-01 3.398051e+01
      vertex   2.556250e+01 -1.304244e+00 3.202673e+01
    endloop
  endfacet
  facet normal 0.000000e+00 9.817083e-01 -1.903911e-01
    outer loop
      vertex   -1.500000e+00 -1.304244e+00 3.202673e+01
      vertex   2.556250e+01 -1.304244e+00 3.202673e+01
      vertex   -1.500000e+00 -1.690017e+00 3.003757e+01
    endloop
  endfacet
  facet normal 0.000000e+00 9.817083e-01 -1.903911e-01
    outer loop
      vertex   -1.500000e+00 -1.690017e+00 3.003757e+01
      vertex   2.556250e+01 -1.304244e+00 3.202673e+01
      vertex   2.556250e+01 -1.690017e+00 3.003757e+01
    endloop
  endfacet
  facet normal 0.000000e+00 9.934021e-01 -1.146834e-01
    outer loop
      vertex   -1.500000e+00 -1.690017e+00 3.003757e+01
      vertex   2.556250e+01 -1.690017e+00 3.003757e+01
      vertex   -1.500000e+00 -1.922390e+00 2.802473e+01
    endloop
  endfacet
  facet normal 0.000000e+00 9.934021e-01 -1.146834e-01
    outer loop
      vertex   -1.500000e+00 -1.922390e+00 2.802473e+01
      vertex   2.556250e+01 -1.690017e+00 3.003757e+01
      vertex   2.556250e+01 -1.922390e+00 2.802473e+01
    endloop
  endfacet
  facet normal 0.000000e+00 9.992662e-01 -3.830273e-02
    outer loop
      vertex   -1.500000e+00 -1.922390e+00 2.802473e+01
      vertex   2.556250e+01 -1.922390e+00 2.802473e+01
      vertex   -1.500000e+00 -2.000000e+00 2.600000e+01
    endloop
  endfacet
  facet normal 0.000000e+00 9.992662e-01 -3.830273e-02
    outer loop
      vertex   -1.500000e+00 -2.000000e+00 2.600000e+01
      vertex   2.556250e+01 -1.922390e+00 2.802473e+01
      vertex   2.556250e+01 -2.000000e+00 2.600000e+01
    endloop
  endfacet
  facet normal -0.000000e+00 9.992662e-01 3.830273e-02
    outer loop
      vertex   -1.500000e+00 -2.000000e+00 2.600000e+01
      vertex   2.556250e+01 -2.000000e+00 2.600000e+01
      vertex   -1.500000e+00 -1.922390e+00 2.397527e+01
    endloop
  endfacet
  facet normal -0.000000e+00 9.992662e-01 3.830273e-02
    outer loop
      vertex   -1.500000e+00 -1.922390e+00 2.397527e+01
      vertex   2.556250e+01 -2.000000e+00 2.600000e+01
      vertex   2.556250e+01 -1.922390e+00 2.397527e+01
    endloop
  endfacet
  facet normal -0.000000e+00 9.934021e-01 1.146834e-01
    outer loop
      vertex   -1.500000e+00 -1.922390e+00 2.397527e+01
      vertex   2.556250e+01 -1.922390e+00 2.397527e+01
      vertex   -1.500000e+00 -1.690017e+00 2.196243e+01
    endloop
  endfacet
  facet normal -0.000000e+00 9.934021e-01 1.146834e-01
    outer loop
      vertex   -1.500000e+00 -1.690017e+00 2.196243e+01
      vertex   2.556250e+01 -1.922390e+00 2.397527e+01
      vertex   2.556250e+01 -1.690017e+00 2.196243e+01
    endloop
  endfacet
  facet normal -0.000000e+00 9.817083e-01 1.903911e-01
    outer loop
      vertex   -1.500000e+00 -1.690017e+00 2.196243e+01
      vertex   2.556250e+01 -1.690017e+00 2.196243e+01
      vertex   -1.500000e+00 -1.304244e+00 1.997327e+01
    endloop
  endfacet
  facet normal -0.000000e+00 9.817083e-01 1.903911e-01
    outer loop
      vertex   -1.500000e+00 -1.304244e+00 1.997327e+01
      vertex   2.556250e+01 -1.690017e+00 2.196243e+01
      vertex   2.556250e+01 -1.304244e+00 1.997327e+01
    endloop
  endfacet
  facet normal -0.000000e+00 9.642535e-01 2.649815e-01
    outer loop
      vertex   -1.500000e+00 -1.304244e+00 1.997327e+01
      vertex   2.556250e+01 -1.304244e+00 1.997327e+01
      vertex   -1.500000e+00 -7.673346e-01 1.801949e+01
    endloop
  endfacet
  facet normal -0.000000e+00 9.642535e-01 2.649815e-01
    outer loop
      vertex   -1.500000e+00 -7.673346e-01 1.801949e+01
      vertex   2.556250e+01 -1.304244e+00 1.997327e+01
      vertex   2.556250e+01 -7.673346e-01 1.801949e+01
    endloop
  endfacet
  facet normal -0.000000e+00 9.411400e-01 3.380169e-01
    outer loop
      vertex   -1.500000e+00 -7.673346e-01 1.801949e+01
      vertex   2.556250e+01 -7.673346e-01 1.801949e+01
      vertex   -1.500000e+00 -8.243983e-02 1.611254e+01
    endloop
  endfacet
  facet normal -0.000000e+00 9.411400e-01 3.380169e-01
    outer loop
      vertex   -1.500000e+00 -8.243983e-02 1.611254e+01
      vertex   2.556250e+01 -7.673346e-01 1.801949e+01
      vertex   2.556250e+01 -8.243983e-02 1.611254e+01
    endloop
  endfacet
  facet normal -0.000000e+00 9.259519e-01 3.776414e-01
    outer loop
      vertex   -1.500000e+00 -8.243983e-02 1.611254e+01
      vertex   2.556250e+01 -8.243983e-02 1.611254e+01
      vertex   1.500000e+00 0.000000e+00 1.591040e+01
    endloop
  endfacet
  facet normal -2.624258e-17 9.259519e-01 3.776414e-01
    outer loop
      vertex   1.500000e+00 0.000000e+00 1.591040e+01
      vertex   2.556250e+01 -8.243983e-02 1.611254e+01
      vertex   5.262500e+01 0.000000e+00 1.591040e+01
    endloop
  endfacet
  facet normal -2.536747e-04 9.373698e-01 3.483356e-01
    outer loop
      vertex   5.262500e+01 0.000000e+00 1.591040e+01
      vertex   2.556250e+01 -8.243983e-02 1.611254e+01
      vertex   5.262500e+01 -6.554835e-01 1.767430e+01
    endloop
  endfacet
  facet normal 4.216503e-04 9.411400e-01 3.380168e-01
    outer loop
      vertex   5.262500e+01 -6.554835e-01 1.767430e+01
      vertex   2.556250e+01 -8.243983e-02 1.611254e+01
      vertex   2.556250e+01 -7.673346e-01 1.801949e+01
    endloop
  endfacet
  facet normal -3.850280e-04 9.597639e-01 2.808081e-01
    outer loop
      vertex   5.262500e+01 -6.554835e-01 1.767430e+01
      vertex   2.556250e+01 -7.673346e-01 1.801949e+01
      vertex   5.262500e+01 -1.183896e+00 1.948035e+01
    endloop
  endfacet
  facet normal 5.384112e-04 9.642534e-01 2.649815e-01
    outer loop
      vertex   5.262500e+01 -1.183896e+00 1.948035e+01
      vertex   2.556250e+01 -7.673346e-01 1.801949e+01
      vertex   2.556250e+01 -1.304244e+00 1.997327e+01
    endloop
  endfacet
  facet normal -4.871957e-04 9.773001e-01 2.118592e-01
    outer loop
      vertex   5.262500e+01 -1.183896e+00 1.948035e+01
      vertex   2.556250e+01 -1.304244e+00 1.997327e+01
      vertex   5.262500e+01 -1.582564e+00 2.131939e+01
    endloop
  endfacet
  facet normal 6.259850e-04 9.817081e-01 1.903911e-01
    outer loop
      vertex   5.262500e+01 -1.582564e+00 2.131939e+01
      vertex   2.556250e+01 -1.304244e+00 1.997327e+01
      vertex   2.556250e+01 -1.690017e+00 2.196243e+01
    endloop
  endfacet
  facet normal -5.601749e-04 9.898897e-01 1.418380e-01
    outer loop
      vertex   5.262500e+01 -1.582564e+00 2.131939e+01
      vertex   2.556250e+01 -1.690017e+00 2.196243e+01
      vertex   5.262500e+01 -1.849469e+00 2.318212e+01
    endloop
  endfacet
  facet normal 6.843689e-04 9.934019e-01 1.146834e-01
    outer loop
      vertex   5.262500e+01 -1.849469e+00 2.318212e+01
      vertex   2.556250e+01 -1.690017e+00 2.196243e+01
      vertex   2.556250e+01 -1.922390e+00 2.397527e+01
    endloop
  endfacet
  facet normal -6.039632e-04 9.974691e-01 7.109894e-02
    outer loop
      vertex   5.262500e+01 -1.849469e+00 2.318212e+01
      vertex   2.556250e+01 -1.922390e+00 2.397527e+01
      vertex   5.262500e+01 -1.983260e+00 2.505912e+01
    endloop
  endfacet
  facet normal 7.135613e-04 9.992659e-01 3.830272e-02
    outer loop
      vertex   5.262500e+01 -1.983260e+00 2.505912e+01
      vertex   2.556250e+01 -1.922390e+00 2.397527e+01
      vertex   2.556250e+01 -2.000000e+00 2.600000e+01
    endloop
  endfacet
  facet normal -6.185595e-04 9.999998e-01 0.000000e+00
    outer loop
      vertex   5.262500e+01 -1.983260e+00 2.505912e+01
      vertex   2.556250e+01 -2.000000e+00 2.600000e+01
      vertex   5.262500e+01 -1.983260e+00 2.694088e+01
    endloop
  endfacet
  facet normal 7.135613e-04 9.992659e-01 -3.830272e-02
    outer loop
      vertex   5.262500e+01 -1.983260e+00 2.694088e+01
      vertex   2.556250e+01 -2.000000e+00 2.600000e+01
      vertex   2.556250e+01 -1.922390e+00 2.802473e+01
    endloop
  endfacet
  facet normal -6.039632e-04 9.974691e-01 -7.109894e-02
    outer loop
      vertex   5.262500e+01 -1.983260e+00 2.694088e+01
      vertex   2.556250e+01 -1.922390e+00 2.802473e+01
      vertex   5.262500e+01 -1.849469e+00 2.881788e+01
    endloop
  endfacet
  facet normal 6.843689e-04 9.934019e-01 -1.146834e-01
    outer loop
      vertex   5.262500e+01 -1.849469e+00 2.881788e+01
      vertex   2.556250e+01 -1.922390e+00 2.802473e+01
      vertex   2.556250e+01 -1.690017e+00 3.003757e+01
    endloop
  endfacet
  facet normal -5.601749e-04 9.898897e-01 -1.418380e-01
    outer loop
      vertex   5.262500e+01 -1.849469e+00 2.881788e+01
      vertex   2.556250e+01 -1.690017e+00 3.003757e+01
      vertex   5.262500e+01 -1.582564e+00 3.068061e+01
    endloop
  endfacet
  facet normal 6.259850e-04 9.817081e-01 -1.903911e-01
    outer loop
      vertex   5.262500e+01 -1.582564e+00 3.068061e+01
      vertex   2.556250e+01 -1.690017e+00 3.003757e+01
      vertex   2.556250e+01 -1.304244e+00 3.202673e+01
    endloop
  endfacet
  facet normal -4.871957e-04 9.773001e-01 -2.118592e-01
    outer loop
      vertex   5.262500e+01 -1.582564e+00 3.068061e+01
      vertex   2.556250e+01 -1.304244e+00 3.202673e+01
      vertex   5.262500e+01 -1.183896e+00 3.251965e+01
    endloop
  endfacet
  facet normal 5.384112e-04 9.642534e-01 -2.649815e-01
    outer loop
      vertex   5.262500e+01 -1.183896e+00 3.251965e+01
      vertex   2.556250e+01 -1.304244e+00 3.202673e+01
      vertex   2.556250e+01 -7.673346e-01 3.398051e+01
    endloop
  endfacet
  facet normal -3.850280e-04 9.597639e-01 -2.808081e-01
    outer loop
      vertex   5.262500e+01 -1.183896e+00 3.251965e+01
      vertex   2.556250e+01 -7.673346e-01 3.398051e+01
      vertex   5.262500e+01 -6.554835e-01 3.432570e+01
    endloop
  endfacet
  facet normal 4.216503e-04 9.411400e-01 -3.380168e-01
    outer loop
      vertex   5.262500e+01 -6.554835e-01 3.432570e+01
      vertex   2.556250e+01 -7.673346e-01 3.398051e+01
      vertex   2.556250e+01 -8.243983e-02 3.588746e+01
    endloop
  endfacet
  facet normal -2.536747e-04 9.373698e-01 -3.483356e-01
    outer loop
      vertex   5.262500e+01 -6.554835e-01 3.432570e+01
      vertex   2.556250e+01 -8.243983e-02 3.588746e+01
      vertex   5.262500e+01 0.000000e+00 3.608960e+01
    endloop
  endfacet
  facet normal 1.049703e-16 9.259519e-01 -3.776414e-01
    outer loop
      vertex   5.262500e+01 0.000000e+00 3.608960e+01
      vertex   2.556250e+01 -8.243983e-02 3.588746e+01
      vertex   1.500000e+00 0.000000e+00 3.608960e+01
    endloop
  endfacet
  facet normal 2.487087e-03 9.125008e-01 4.090674e-01
    outer loop
      vertex   -1.500000e+00 -8.243983e-02 1.611254e+01
      vertex   1.500000e+00 0.000000e+00 1.591040e+01
      vertex   -1.500000e+00 7.464210e-01 1.426361e+01
    endloop
  endfacet
  facet normal -2.454217e-03 9.091163e-01 4.165350e-01
    outer loop
      vertex   -1.500000e+00 7.464210e-01 1.426361e+01
      vertex   1.500000e+00 0.000000e+00 1.591040e+01
      vertex   1.500000e+00 8.427910e-01 1.407095e+01
    endloop
  endfacet
  facet normal 2.458131e-03 8.785096e-01 4.777184e-01
    outer loop
      vertex   -1.500000e+00 7.464210e-01 1.426361e+01
      vertex   1.500000e+00 8.427910e-01 1.407095e+01
      vertex   -1.500000e+00 1.714384e+00 1.248356e+01
    endloop
  endfacet
  facet normal -2.425209e-03 8.746163e-01 4.848097e-01
    outer loop
      vertex   -1.500000e+00 1.714384e+00 1.248356e+01
      vertex   1.500000e+00 8.427910e-01 1.407095e+01
      vertex   1.500000e+00 1.823725e+00 1.230131e+01
    endloop
  endfacet
  facet normal 2.429070e-03 8.393629e-01 5.435659e-01
    outer loop
      vertex   -1.500000e+00 1.714384e+00 1.248356e+01
      vertex   1.500000e+00 1.823725e+00 1.230131e+01
      vertex   -1.500000e+00 2.815768e+00 1.078282e+01
    endloop
  endfacet
  facet normal -2.396095e-03 8.349983e-01 5.502473e-01
    outer loop
      vertex   -1.500000e+00 2.815768e+00 1.078282e+01
      vertex   1.500000e+00 1.823725e+00 1.230131e+01
      vertex   1.500000e+00 2.937061e+00 1.061182e+01
    endloop
  endfacet
  facet normal 2.399905e-03 7.952906e-01 6.062237e-01
    outer loop
      vertex   -1.500000e+00 2.815768e+00 1.078282e+01
      vertex   1.500000e+00 2.937061e+00 1.061182e+01
      vertex   -1.500000e+00 4.044111e+00 9.171387e+00
    endloop
  endfacet
  facet normal -2.366877e-03 7.904941e-01 6.124651e-01
    outer loop
      vertex   -1.500000e+00 4.044111e+00 9.171387e+00
      vertex   1.500000e+00 2.937061e+00 1.061182e+01
      vertex   1.500000e+00 4.176284e+00 9.012389e+00
    endloop
  endfacet
  facet normal 2.370634e-03 7.465511e-01 6.653238e-01
    outer loop
      vertex   -1.500000e+00 4.044111e+00 9.171387e+00
      vertex   1.500000e+00 4.176284e+00 9.012389e+00
      vertex   -1.500000e+00 5.392204e+00 7.658710e+00
    endloop
  endfacet
  facet normal -2.337554e-03 7.413641e-01 6.710989e-01
    outer loop
      vertex   -1.500000e+00 5.392204e+00 7.658710e+00
      vertex   1.500000e+00 4.176284e+00 9.012389e+00
      vertex   1.500000e+00 5.534143e+00 7.512359e+00
    endloop
  endfacet
  facet normal 2.341258e-03 6.934306e-01 7.205196e-01
    outer loop
      vertex   -1.500000e+00 5.392204e+00 7.658710e+00
      vertex   1.500000e+00 5.534143e+00 7.512359e+00
      vertex   -1.500000e+00 6.852135e+00 6.253667e+00
    endloop
  endfacet
  facet normal -2.308126e-03 6.878959e-01 7.258057e-01
    outer loop
      vertex   -1.500000e+00 6.852135e+00 6.253667e+00
      vertex   1.500000e+00 5.534143e+00 7.512359e+00
      vertex   1.500000e+00 7.002693e+00 6.120514e+00
    endloop
  endfacet
  facet normal 2.311778e-03 6.362407e-01 7.714871e-01
    outer loop
      vertex   -1.500000e+00 6.852135e+00 6.253667e+00
      vertex   1.500000e+00 7.002693e+00 6.120514e+00
      vertex   -1.500000e+00 8.415338e+00 4.964504e+00
    endloop
  endfacet
  facet normal -2.278593e-03 6.304023e-01 7.762652e-01
    outer loop
      vertex   -1.500000e+00 8.415338e+00 4.964504e+00
      vertex   1.500000e+00 7.002693e+00 6.120514e+00
      vertex   1.500000e+00 8.573339e+00 4.844998e+00
    endloop
  endfacet
  facet normal 2.282193e-03 5.753172e-01 8.179272e-01
    outer loop
      vertex   -1.500000e+00 8.415338e+00 4.964504e+00
      vertex   1.500000e+00 8.573339e+00 4.844998e+00
      vertex   -1.500000e+00 1.007264e+01 3.798784e+00
    endloop
  endfacet
  facet normal -2.248956e-03 5.692198e-01 8.221823e-01
    outer loop
      vertex   -1.500000e+00 1.007264e+01 3.798784e+00
      vertex   1.500000e+00 8.573339e+00 4.844998e+00
      vertex   1.500000e+00 1.023689e+01 3.693274e+00
    endloop
  endfacet
  facet normal 2.252503e-03 5.110174e-01 8.595674e-01
    outer loop
      vertex   -1.500000e+00 1.007264e+01 3.798784e+00
      vertex   1.500000e+00 1.023689e+01 3.693274e+00
      vertex   -1.500000e+00 1.181431e+01 2.763351e+00
    endloop
  endfacet
  facet normal -2.219213e-03 5.047064e-01 8.632882e-01
    outer loop
      vertex   -1.500000e+00 1.181431e+01 2.763351e+00
      vertex   1.500000e+00 1.023689e+01 3.693274e+00
      vertex   1.500000e+00 1.198361e+01 2.672083e+00
    endloop
  endfacet
  facet normal 2.222708e-03 4.437187e-01 8.961633e-01
    outer loop
      vertex   -1.500000e+00 1.181431e+01 2.763351e+00
      vertex   1.500000e+00 1.198361e+01 2.672083e+00
      vertex   -1.500000e+00 1.363013e+01 1.864279e+00
    endloop
  endfacet
  facet normal -2.189366e-03 4.372395e-01 8.993424e-01
    outer loop
      vertex   -1.500000e+00 1.363013e+01 1.864279e+00
      vertex   1.500000e+00 1.198361e+01 2.672083e+00
      vertex   1.500000e+00 1.380329e+01 1.787401e+00
    endloop
  endfacet
  facet normal 2.192808e-03 3.738162e-01 9.275002e-01
    outer loop
      vertex   -1.500000e+00 1.363013e+01 1.864279e+00
      vertex   1.500000e+00 1.380329e+01 1.787401e+00
      vertex   -1.500000e+00 1.550945e+01 1.106846e+00
    endloop
  endfacet
  facet normal -2.159414e-03 3.672141e-01 9.301339e-01
    outer loop
      vertex   -1.500000e+00 1.550945e+01 1.106846e+00
      vertex   1.500000e+00 1.380329e+01 1.787401e+00
      vertex   1.500000e+00 1.568526e+01 1.044403e+00
    endloop
  endfacet
  facet normal 2.162803e-03 3.017199e-01 9.533942e-01
    outer loop
      vertex   -1.500000e+00 1.550945e+01 1.106846e+00
      vertex   1.500000e+00 1.568526e+01 1.044403e+00
      vertex   -1.500000e+00 1.744124e+01 4.954950e-01
    endloop
  endfacet
  facet normal -2.129357e-03 2.950398e-01 9.554826e-01
    outer loop
      vertex   -1.500000e+00 1.744124e+01 4.954950e-01
      vertex   1.500000e+00 1.568526e+01 1.044403e+00
      vertex   1.500000e+00 1.761852e+01 4.474385e-01
    endloop
  endfacet
  facet normal 2.132694e-03 2.278530e-01 9.736932e-01
    outer loop
      vertex   -1.500000e+00 1.744124e+01 4.954950e-01
      vertex   1.500000e+00 1.761852e+01 4.474385e-01
      vertex   -1.500000e+00 1.941416e+01 3.381494e-02
    endloop
  endfacet
  facet normal -2.099195e-03 2.211390e-01 9.752400e-01
    outer loop
      vertex   -1.500000e+00 1.941416e+01 3.381494e-02
      vertex   1.500000e+00 1.761852e+01 4.474385e-01
      vertex   1.500000e+00 1.959176e+01 0.000000e+00
    endloop
  endfacet
  facet normal 2.102480e-03 1.526489e-01 9.882782e-01
    outer loop
      vertex   -1.500000e+00 1.941416e+01 3.381494e-02
      vertex   1.500000e+00 1.959176e+01 0.000000e+00
      vertex   -1.500000e+00 2.141662e+01 -2.754853e-01
    endloop
  endfacet
  facet normal -0.000000e+00 1.492708e-01 9.887964e-01
    outer loop
      vertex   -1.500000e+00 2.141662e+01 -2.754853e-01
      vertex   1.500000e+00 1.959176e+01 0.000000e+00
      vertex   2.556250e+01 2.141662e+01 -2.754853e-01
    endloop
  endfacet
  facet normal -0.000000e+00 7.654925e-02 9.970658e-01
    outer loop
      vertex   -1.500000e+00 2.141662e+01 -2.754853e-01
      vertex   2.556250e+01 2.141662e+01 -2.754853e-01
      vertex   -1.500000e+00 2.343689e+01 -4.305905e-01
    endloop
  endfacet
  facet normal -0.000000e+00 7.654925e-02 9.970658e-01
    outer loop
      vertex   -1.500000e+00 2.343689e+01 -4.305905e-01
      vertex   2.556250e+01 2.141662e+01 -2.754853e-01
      vertex   2.556250e+01 2.343689e+01 -4.305905e-01
    endloop
  endfacet
  facet normal 0.000000e+00 0.000000e+00 1.000000e+00
    outer loop
      vertex   -1.500000e+00 2.343689e+01 -4.305905e-01
      vertex   2.556250e+01 2.343689e+01 -4.305905e-01
      vertex   -1.500000e+00 2.546311e+01 -4.305905e-01
    endloop
  endfacet
  facet normal -0.000000e+00 0.000000e+00 1.000000e+00
    outer loop
      vertex   -1.500000e+00 2.546311e+01 -4.305905e-01
      vertex   2.556250e+01 2.343689e+01 -4.305905e-01
      vertex   2.556250e+01 2.546311e+01 -4.305905e-01
    endloop
  endfacet
  facet normal 0.000000e+00 -7.654925e-02 9.970658e-01
    outer loop
      vertex   -1.500000e+00 2.546311e+01 -4.305905e-01
      vertex   2.556250e+01 2.546311e+01 -4.305905e-01
      vertex   -1.500000e+00 2.748338e+01 -2.754853e-01
    endloop
  endfacet
  facet normal 0.000000e+00 -7.654925e-02 9.970658e-01
    outer loop
      vertex   -1.500000e+00 2.748338e+01 -2.754853e-01
      vertex   2.556250e+01 2.546311e+01 -4.305905e-01
      vertex   2.556250e+01 2.748338e+01 -2.754853e-01
    endloop
  endfacet
  facet normal 0.000000e+00 -1.492708e-01 9.887964e-01
    outer loop
      vertex   -1.500000e+00 2.748338e+01 -2.754853e-01
      vertex   2.556250e+01 2.748338e+01 -2.754853e-01
      vertex   1.500000e+00 2.930824e+01 0.000000e+00
    endloop
  endfacet
  facet normal 0.000000e+00 -1.492708e-01 9.887964e-01
    outer loop
      vertex   1.500000e+00 2.930824e+01 0.000000e+00
      vertex   2.556250e+01 2.748338e+01 -2.754853e-01
      vertex   5.262500e+01 2.930824e+01 0.000000e+00
    endloop
  endfacet
  facet normal -1.398421e-04 -1.472428e-01 9.891004e-01
    outer loop
      vertex   5.262500e+01 2.930824e+01 0.000000e+00
      vertex   2.556250e+01 2.748338e+01 -2.754853e-01
      vertex   5.262500e+01 2.737559e+01 -2.877048e-01
    endloop
  endfacet
  facet normal 1.453184e-04 -7.654925e-02 9.970658e-01
    outer loop
      vertex   5.262500e+01 2.737559e+01 -2.877048e-01
      vertex   2.556250e+01 2.748338e+01 -2.754853e-01
      vertex   2.556250e+01 2.546311e+01 -4.305905e-01
    endloop
  endfacet
  facet normal -4.843948e-05 -7.382285e-02 9.972714e-01
    outer loop
      vertex   5.262500e+01 2.737559e+01 -2.877048e-01
      vertex   2.556250e+01 2.546311e+01 -4.305905e-01
      vertex   5.262500e+01 2.542697e+01 -4.319508e-01
    endloop
  endfacet
  facet normal 5.026482e-05 0.000000e+00 1.000000e+00
    outer loop
      vertex   5.262500e+01 2.542697e+01 -4.319508e-01
      vertex   2.556250e+01 2.546311e+01 -4.305905e-01
      vertex   5.262500e+01 2.347303e+01 -4.319508e-01
    endloop
  endfacet
  facet normal 5.026482e-05 0.000000e+00 1.000000e+00
    outer loop
      vertex   5.262500e+01 2.347303e+01 -4.319508e-01
      vertex   2.556250e+01 2.546311e+01 -4.305905e-01
      vertex   2.556250e+01 2.343689e+01 -4.305905e-01
    endloop
  endfacet
  facet normal -4.843948e-05 7.382285e-02 9.972714e-01
    outer loop
      vertex   5.262500e+01 2.347303e+01 -4.319508e-01
      vertex   2.556250e+01 2.343689e+01 -4.305905e-01
      vertex   5.262500e+01 2.152441e+01 -2.877048e-01
    endloop
  endfacet
  facet normal 1.453184e-04 7.654925e-02 9.970658e-01
    outer loop
      vertex   5.262500e+01 2.152441e+01 -2.877048e-01
      vertex   2.556250e+01 2.343689e+01 -4.305905e-01
      vertex   2.556250e+01 2.141662e+01 -2.754853e-01
    endloop
  endfacet
  facet normal -1.398421e-04 1.472428e-01 9.891004e-01
    outer loop
      vertex   5.262500e+01 2.152441e+01 -2.877048e-01
      vertex   2.556250e+01 2.141662e+01 -2.754853e-01
      vertex   5.262500e+01 1.959176e+01 0.000000e+00
    endloop
  endfacet
  facet normal 0.000000e+00 1.492708e-01 9.887964e-01
    outer loop
      vertex   5.262500e+01 1.959176e+01 0.000000e+00
      vertex   2.556250e+01 2.141662e+01 -2.754853e-01
      vertex   1.500000e+00 1.959176e+01 0.000000e+00
    endloop
  endfacet
  facet normal 2.102480e-03 -1.526489e-01 9.882782e-01
    outer loop
      vertex   -1.500000e+00 2.748338e+01 -2.754853e-01
      vertex   1.500000e+00 2.930824e+01 0.000000e+00
      vertex   -1.500000e+00 2.948584e+01 3.381494e-02
    endloop
  endfacet
  facet normal -2.051242e-03 -2.203625e-01 9.754159e-01
    outer loop
      vertex   -1.500000e+00 2.948584e+01 3.381494e-02
      vertex   1.500000e+00 2.930824e+01 0.000000e+00
      vertex   1.500000e+00 3.124078e+01 4.365927e-01
    endloop
  endfacet
  facet normal 2.561827e-03 -2.278528e-01 9.736922e-01
    outer loop
      vertex   -1.500000e+00 2.948584e+01 3.381494e-02
      vertex   1.500000e+00 3.124078e+01 4.365927e-01
      vertex   -1.500000e+00 3.145876e+01 4.954950e-01
    endloop
  endfacet
  facet normal -2.497834e-03 -2.927565e-01 9.561838e-01
    outer loop
      vertex   -1.500000e+00 3.145876e+01 4.954950e-01
      vertex   1.500000e+00 3.124078e+01 4.365927e-01
      vertex   1.500000e+00 3.313522e+01 1.016616e+00
    endloop
  endfacet
  facet normal 2.995662e-03 -3.017192e-01 9.533921e-01
    outer loop
      vertex   -1.500000e+00 3.145876e+01 4.954950e-01
      vertex   1.500000e+00 3.313522e+01 1.016616e+00
      vertex   -1.500000e+00 3.339055e+01 1.106846e+00
    endloop
  endfacet
  facet normal -2.918912e-03 -3.635077e-01 9.315866e-01
    outer loop
      vertex   -1.500000e+00 3.339055e+01 1.106846e+00
      vertex   1.500000e+00 3.313522e+01 1.016616e+00
      vertex   1.500000e+00 3.498093e+01 1.736817e+00
    endloop
  endfacet
  facet normal 3.403981e-03 -3.738149e-01 9.274971e-01
    outer loop
      vertex   -1.500000e+00 3.339055e+01 1.106846e+00
      vertex   1.500000e+00 3.498093e+01 1.736817e+00
      vertex   -1.500000e+00 3.526987e+01 1.864279e+00
    endloop
  endfacet
  facet normal -3.314475e-03 -4.322191e-01 9.017625e-01
    outer loop
      vertex   -1.500000e+00 3.526987e+01 1.864279e+00
      vertex   1.500000e+00 3.498093e+01 1.736817e+00
      vertex   1.500000e+00 3.676755e+01 2.593153e+00
    endloop
  endfacet
  facet normal 3.786785e-03 -4.437167e-01 8.961591e-01
    outer loop
      vertex   -1.500000e+00 3.526987e+01 1.864279e+00
      vertex   1.500000e+00 3.676755e+01 2.593153e+00
      vertex   -1.500000e+00 3.708569e+01 2.763351e+00
    endloop
  endfacet
  facet normal -3.684522e-03 -4.985053e-01 8.668788e-01
    outer loop
      vertex   -1.500000e+00 3.708569e+01 2.763351e+00
      vertex   1.500000e+00 3.676755e+01 2.593153e+00
      vertex   1.500000e+00 3.848506e+01 3.580820e+00
    endloop
  endfacet
  facet normal 4.144072e-03 -5.110143e-01 8.595622e-01
    outer loop
      vertex   -1.500000e+00 3.708569e+01 2.763351e+00
      vertex   1.500000e+00 3.848506e+01 3.580820e+00
      vertex   -1.500000e+00 3.882736e+01 3.798784e+00
    endloop
  endfacet
  facet normal -4.029051e-03 -5.619943e-01 8.271313e-01
    outer loop
      vertex   -1.500000e+00 3.882736e+01 3.798784e+00
      vertex   1.500000e+00 3.848506e+01 3.580820e+00
      vertex   1.500000e+00 4.012382e+01 4.694277e+00
    endloop
  endfacet
  facet normal 4.475842e-03 -5.753129e-01 8.179212e-01
    outer loop
      vertex   -1.500000e+00 3.882736e+01 3.798784e+00
      vertex   1.500000e+00 4.012382e+01 4.694277e+00
      vertex   -1.500000e+00 4.048466e+01 4.964504e+00
    endloop
  endfacet
  facet normal -4.348063e-03 -6.223298e-01 7.827431e-01
    outer loop
      vertex   -1.500000e+00 4.048466e+01 4.964504e+00
      vertex   1.500000e+00 4.012382e+01 4.694277e+00
      vertex   1.500000e+00 4.167464e+01 5.927275e+00
    endloop
  endfacet
  facet normal 4.782093e-03 -6.362352e-01 7.714804e-01
    outer loop
      vertex   -1.500000e+00 4.048466e+01 4.964504e+00
      vertex   1.500000e+00 4.167464e+01 5.927275e+00
      vertex   -1.500000e+00 4.204786e+01 6.253667e+00
    endloop
  endfacet
  facet normal -4.641556e-03 -6.791735e-01 7.339631e-01
    outer loop
      vertex   -1.500000e+00 4.204786e+01 6.253667e+00
      vertex   1.500000e+00 4.167464e+01 5.927275e+00
      vertex   1.500000e+00 4.312882e+01 7.272898e+00
    endloop
  endfacet
  facet normal 5.062825e-03 -6.934236e-01 7.205124e-01
    outer loop
      vertex   -1.500000e+00 4.204786e+01 6.253667e+00
      vertex   1.500000e+00 4.312882e+01 7.272898e+00
      vertex   -1.500000e+00 4.350780e+01 7.658710e+00
    endloop
  endfacet
  facet normal -4.909529e-03 -7.322063e-01 6.810652e-01
    outer loop
      vertex   -1.500000e+00 4.350780e+01 7.658710e+00
      vertex   1.500000e+00 4.312882e+01 7.272898e+00
      vertex   1.500000e+00 4.447819e+01 8.723595e+00
    endloop
  endfacet
  facet normal 5.318038e-03 -7.465427e-01 6.653163e-01
    outer loop
      vertex   -1.500000e+00 4.350780e+01 7.658710e+00
      vertex   1.500000e+00 4.447819e+01 8.723595e+00
      vertex   -1.500000e+00 4.485589e+01 9.171387e+00
    endloop
  endfacet
  facet normal -5.151983e-03 -7.811308e-01 6.243462e-01
    outer loop
      vertex   -1.500000e+00 4.485589e+01 9.171387e+00
      vertex   1.500000e+00 4.447819e+01 8.723595e+00
      vertex   1.500000e+00 4.571519e+01 1.027123e+01
    endloop
  endfacet
  facet normal 5.547730e-03 -7.952806e-01 6.062161e-01
    outer loop
      vertex   -1.500000e+00 4.485589e+01 9.171387e+00
      vertex   1.500000e+00 4.571519e+01 1.027123e+01
      vertex   -1.500000e+00 4.608423e+01 1.078282e+01
    endloop
  endfacet
  facet normal -5.368916e-03 -8.256724e-01 5.641243e-01
    outer loop
      vertex   -1.500000e+00 4.608423e+01 1.078282e+01
      vertex   1.500000e+00 4.571519e+01 1.027123e+01
      vertex   1.500000e+00 4.683287e+01 1.190711e+01
    endloop
  endfacet
  facet normal 5.751902e-03 -8.393515e-01 5.435586e-01
    outer loop
      vertex   -1.500000e+00 4.608423e+01 1.078282e+01
      vertex   1.500000e+00 4.683287e+01 1.190711e+01
      vertex   -1.500000e+00 4.718562e+01 1.248356e+01
    endloop
  endfacet
  facet normal -5.560329e-03 -8.655814e-01 5.007374e-01
    outer loop
      vertex   -1.500000e+00 4.718562e+01 1.248356e+01
      vertex   1.500000e+00 4.683287e+01 1.190711e+01
      vertex   1.500000e+00 4.782497e+01 1.362206e+01
    endloop
  endfacet
  facet normal 5.930554e-03 -8.784968e-01 4.777114e-01
    outer loop
      vertex   -1.500000e+00 4.718562e+01 1.248356e+01
      vertex   1.500000e+00 4.782497e+01 1.362206e+01
      vertex   -1.500000e+00 4.815358e+01 1.426361e+01
    endloop
  endfacet
  facet normal -5.726221e-03 -9.006338e-01 4.345411e-01
    outer loop
      vertex   -1.500000e+00 4.815358e+01 1.426361e+01
      vertex   1.500000e+00 4.782497e+01 1.362206e+01
      vertex   1.500000e+00 4.868591e+01 1.540647e+01
    endloop
  endfacet
  facet normal 6.083684e-03 -9.124867e-01 4.090611e-01
    outer loop
      vertex   -1.500000e+00 4.815358e+01 1.426361e+01
      vertex   1.500000e+00 4.868591e+01 1.540647e+01
      vertex   -1.500000e+00 4.898244e+01 1.611254e+01
    endloop
  endfacet
  facet normal -5.866591e-03 -9.306330e-01 3.659069e-01
    outer loop
      vertex   -1.500000e+00 4.898244e+01 1.611254e+01
      vertex   1.500000e+00 4.868591e+01 1.540647e+01
      vertex   1.500000e+00 4.941088e+01 1.725031e+01
    endloop
  endfacet
  facet normal 6.211293e-03 -9.411219e-01 3.380104e-01
    outer loop
      vertex   -1.500000e+00 4.898244e+01 1.611254e+01
      vertex   1.500000e+00 4.941088e+01 1.725031e+01
      vertex   -1.500000e+00 4.966733e+01 1.801949e+01
    endloop
  endfacet
  facet normal -5.981440e-03 -9.554106e-01 2.952198e-01
    outer loop
      vertex   -1.500000e+00 4.966733e+01 1.801949e+01
      vertex   1.500000e+00 4.941088e+01 1.725031e+01
      vertex   1.500000e+00 4.999579e+01 1.914324e+01
    endloop
  endfacet
  facet normal 6.313380e-03 -9.642343e-01 2.649762e-01
    outer loop
      vertex   -1.500000e+00 4.966733e+01 1.801949e+01
      vertex   1.500000e+00 4.999579e+01 1.914324e+01
      vertex   -1.500000e+00 5.020424e+01 1.997327e+01
    endloop
  endfacet
  facet normal -6.070767e-03 -9.748278e-01 2.228764e-01
    outer loop
      vertex   -1.500000e+00 5.020424e+01 1.997327e+01
      vertex   1.500000e+00 4.999579e+01 1.914324e+01
      vertex   1.500000e+00 5.043737e+01 2.107465e+01
    endloop
  endfacet
  facet normal 6.389946e-03 -9.816883e-01 1.903872e-01
    outer loop
      vertex   -1.500000e+00 5.020424e+01 1.997327e+01
      vertex   1.500000e+00 5.043737e+01 2.107465e+01
      vertex   -1.500000e+00 5.059002e+01 2.196243e+01
    endloop
  endfacet
  facet normal -6.134572e-03 -9.887755e-01 1.492826e-01
    outer loop
      vertex   -1.500000e+00 5.059002e+01 2.196243e+01
      vertex   1.500000e+00 5.043737e+01 2.107465e+01
      vertex   1.500000e+00 5.073314e+01 2.303369e+01
    endloop
  endfacet
  facet normal 6.440990e-03 -9.933815e-01 1.146810e-01
    outer loop
      vertex   -1.500000e+00 5.059002e+01 2.196243e+01
      vertex   1.500000e+00 5.073314e+01 2.303369e+01
      vertex   -1.500000e+00 5.082239e+01 2.397527e+01
    endloop
  endfacet
  facet normal -6.172855e-03 -9.971756e-01 7.485126e-02
    outer loop
      vertex   -1.500000e+00 5.082239e+01 2.397527e+01
      vertex   1.500000e+00 5.073314e+01 2.303369e+01
      vertex   1.500000e+00 5.088144e+01 2.500938e+01
    endloop
  endfacet
  facet normal 6.466511e-03 -9.992453e-01 3.830193e-02
    outer loop
      vertex   -1.500000e+00 5.082239e+01 2.397527e+01
      vertex   1.500000e+00 5.088144e+01 2.500938e+01
      vertex   -1.500000e+00 5.090000e+01 2.600000e+01
    endloop
  endfacet
  facet normal -6.185616e-03 -9.999809e-01 0.000000e+00
    outer loop
      vertex   -1.500000e+00 5.090000e+01 2.600000e+01
      vertex   1.500000e+00 5.088144e+01 2.500938e+01
      vertex   1.500000e+00 5.088144e+01 2.699062e+01
    endloop
  endfacet
  facet normal 6.466511e-03 -9.992453e-01 -3.830193e-02
    outer loop
      vertex   -1.500000e+00 5.090000e+01 2.600000e+01
      vertex   1.500000e+00 5.088144e+01 2.699062e+01
      vertex   -1.500000e+00 5.082239e+01 2.802473e+01
    endloop
  endfacet
  facet normal -6.172855e-03 -9.971756e-01 -7.485126e-02
    outer loop
      vertex   -1.500000e+00 5.082239e+01 2.802473e+01
      vertex   1.500000e+00 5.088144e+01 2.699062e+01
      vertex   1.500000e+00 5.073314e+01 2.896631e+01
    endloop
  endfacet
  facet normal 6.440990e-03 -9.933815e-01 -1.146810e-01
    outer loop
      vertex   -1.500000e+00 5.082239e+01 2.802473e+01
      vertex   1.500000e+00 5.073314e+01 2.896631e+01
      vertex   -1.500000e+00 5.059002e+01 3.003757e+01
    endloop
  endfacet
  facet normal -6.134572e-03 -9.887755e-01 -1.492826e-01
    outer loop
      vertex   -1.500000e+00 5.059002e+01 3.003757e+01
      vertex   1.500000e+00 5.073314e+01 2.896631e+01
      vertex   1.500000e+00 5.043737e+01 3.092535e+01
    endloop
  endfacet
  facet normal 6.389946e-03 -9.816883e-01 -1.903872e-01
    outer loop
      vertex   -1.500000e+00 5.059002e+01 3.003757e+01
      vertex   1.500000e+00 5.043737e+01 3.092535e+01
      vertex   -1.500000e+00 5.020424e+01 3.202673e+01
    endloop
  endfacet
  facet normal -6.070767e-03 -9.748278e-01 -2.228764e-01
    outer loop
      vertex   -1.500000e+00 5.020424e+01 3.202673e+01
      vertex   1.500000e+00 5.043737e+01 3.092535e+01
      vertex   1.500000e+00 4.999579e+01 3.285676e+01
    endloop
  endfacet
  facet normal 6.313380e-03 -9.642343e-01 -2.649762e-01
    outer loop
      vertex   -1.500000e+00 5.020424e+01 3.202673e+01
      vertex   1.500000e+00 4.999579e+01 3.285676e+01
      vertex   -1.500000e+00 4.966733e+01 3.398051e+01
    endloop
  endfacet
  facet normal -5.981440e-03 -9.554106e-01 -2.952198e-01
    outer loop
      vertex   -1.500000e+00 4.966733e+01 3.398051e+01
      vertex   1.500000e+00 4.999579e+01 3.285676e+01
      vertex   1.500000e+00 4.941088e+01 3.474969e+01
    endloop
  endfacet
  facet normal 6.211293e-03 -9.411219e-01 -3.380104e-01
    outer loop
      vertex   -1.500000e+00 4.966733e+01 3.398051e+01
      vertex   1.500000e+00 4.941088e+01 3.474969e+01
      vertex   -1.500000e+00 4.898244e+01 3.588746e+01
    endloop
  endfacet
  facet normal -5.866591e-03 -9.306330e-01 -3.659069e-01
    outer loop
      vertex   -1.500000e+00 4.898244e+01 3.588746e+01
      vertex   1.500000e+00 4.941088e+01 3.474969e+01
      vertex   1.500000e+00 4.868591e+01 3.659353e+01
    endloop
  endfacet
  facet normal 6.083684e-03 -9.124867e-01 -4.090611e-01
    outer loop
      vertex   -1.500000e+00 4.898244e+01 3.588746e+01
      vertex   1.500000e+00 4.868591e+01 3.659353e+01
      vertex   -1.500000e+00 4.815358e+01 3.773639e+01
    endloop
  endfacet
  facet normal -5.726221e-03 -9.006338e-01 -4.345411e-01
    outer loop
      vertex   -1.500000e+00 4.815358e+01 3.773639e+01
      vertex   1.500000e+00 4.868591e+01 3.659353e+01
      vertex   1.500000e+00 4.782497e+01 3.837794e+01
    endloop
  endfacet
  facet normal 5.930554e-03 -8.784968e-01 -4.777114e-01
    outer loop
      vertex   -1.500000e+00 4.815358e+01 3.773639e+01
      vertex   1.500000e+00 4.782497e+01 3.837794e+01
      vertex   -1.500000e+00 4.718562e+01 3.951644e+01
    endloop
  endfacet
  facet normal -5.560329e-03 -8.655814e-01 -5.007374e-01
    outer loop
      vertex   -1.500000e+00 4.718562e+01 3.951644e+01
      vertex   1.500000e+00 4.782497e+01 3.837794e+01
      vertex   1.500000e+00 4.683287e+01 4.009289e+01
    endloop
  endfacet
  facet normal 5.751902e-03 -8.393515e-01 -5.435586e-01
    outer loop
      vertex   -1.500000e+00 4.718562e+01 3.951644e+01
      vertex   1.500000e+00 4.683287e+01 4.009289e+01
      vertex   -1.500000e+00 4.608423e+01 4.121718e+01
    endloop
  endfacet
  facet normal -5.368916e-03 -8.256724e-01 -5.641243e-01
    outer loop
      vertex   -1.500000e+00 4.608423e+01 4.121718e+01
      vertex   1.500000e+00 4.683287e+01 4.009289e+01
      vertex   1.500000e+00 4.571519e+01 4.172877e+01
    endloop
  endfacet
  facet normal 5.547730e-03 -7.952806e-01 -6.062161e-01
    outer loop
      vertex   -1.500000e+00 4.608423e+01 4.121718e+01
      vertex   1.500000e+00 4.571519e+01 4.172877e+01
      vertex   -1.500000e+00 4.485589e+01 4.282861e+01
    endloop
  endfacet
  facet normal -5.151983e-03 -7.811308e-01 -6.243462e-01
    outer loop
      vertex   -1.500000e+00 4.485589e+01 4.282861e+01
      vertex   1.500000e+00 4.571519e+01 4.172877e+01
      vertex   1.500000e+00 4.447819e+01 4.327641e+01
    endloop
  endfacet
  facet normal 5.318038e-03 -7.465427e-01 -6.653163e-01
    outer loop
      vertex   -1.500000e+00 4.485589e+01 4.282861e+01
      vertex   1.500000e+00 4.447819e+01 4.327641e+01
      vertex   -1.500000e+00 4.350780e+01 4.434129e+01
    endloop
  endfacet
  facet normal -4.909529e-03 -7.322063e-01 -6.810652e-01
    outer loop
      vertex   -1.500000e+00 4.350780e+01 4.434129e+01
      vertex   1.500000e+00 4.447819e+01 4.327641e+01
      vertex   1.500000e+00 4.312882e+01 4.472710e+01
    endloop
  endfacet
  facet normal 5.062825e-03 -6.934236e-01 -7.205124e-01
    outer loop
      vertex   -1.500000e+00 4.350780e+01 4.434129e+01
      vertex   1.500000e+00 4.312882e+01 4.472710e+01
      vertex   -1.500000e+00 4.204786e+01 4.574633e+01
    endloop
  endfacet
  facet normal -4.641556e-03 -6.791735e-01 -7.339631e-01
    outer loop
      vertex   -1.500000e+00 4.204786e+01 4.574633e+01
      vertex   1.500000e+00 4.312882e+01 4.472710e+01
      vertex   1.500000e+00 4.167464e+01 4.607272e+01
    endloop
  endfacet
  facet normal 4.782093e-03 -6.362352e-01 -7.714804e-01
    outer loop
      vertex   -1.500000e+00 4.204786e+01 4.574633e+01
      vertex   1.500000e+00 4.167464e+01 4.607272e+01
      vertex   -1.500000e+00 4.048466e+01 4.703550e+01
    endloop
  endfacet
  facet normal -4.348063e-03 -6.223298e-01 -7.827431e-01
    outer loop
      vertex   -1.500000e+00 4.048466e+01 4.703550e+01
      vertex   1.500000e+00 4.167464e+01 4.607272e+01
      vertex   1.500000e+00 4.012382e+01 4.730572e+01
    endloop
  endfacet
  facet normal 4.475842e-03 -5.753129e-01 -8.179212e-01
    outer loop
      vertex   -1.500000e+00 4.048466e+01 4.703550e+01
      vertex   1.500000e+00 4.012382e+01 4.730572e+01
      vertex   -1.500000e+00 3.882736e+01 4.820122e+01
    endloop
  endfacet
  facet normal -4.029051e-03 -5.619943e-01 -8.271313e-01
    outer loop
      vertex   -1.500000e+00 3.882736e+01 4.820122e+01
      vertex   1.500000e+00 4.012382e+01 4.730572e+01
      vertex   1.500000e+00 3.848506e+01 4.841918e+01
    endloop
  endfacet
  facet normal 4.144072e-03 -5.110143e-01 -8.595622e-01
    outer loop
      vertex   -1.500000e+00 3.882736e+01 4.820122e+01
      vertex   1.500000e+00 3.848506e+01 4.841918e+01
      vertex   -1.500000e+00 3.708569e+01 4.923665e+01
    endloop
  endfacet
  facet normal -3.684522e-03 -4.985053e-01 -8.668788e-01
    outer loop
      vertex   -1.500000e+00 3.708569e+01 4.923665e+01
      vertex   1.500000e+00 3.848506e+01 4.841918e+01
      vertex   1.500000e+00 3.676755e+01 4.940685e+01
    endloop
  endfacet
  facet normal 3.786785e-03 -4.437167e-01 -8.961591e-01
    outer loop
      vertex   -1.500000e+00 3.708569e+01 4.923665e+01
      vertex   1.500000e+00 3.676755e+01 4.940685e+01
      vertex   -1.500000e+00 3.526987e+01 5.013572e+01
    endloop
  endfacet
  facet normal -3.314475e-03 -4.322191e-01 -9.017625e-01
    outer loop
      vertex   -1.500000e+00 3.526987e+01 5.013572e+01
      vertex   1.500000e+00 3.676755e+01 4.940685e+01
      vertex   1.500000e+00 3.498093e+01 5.026318e+01
    endloop
  endfacet
  facet normal 3.403981e-03 -3.738149e-01 -9.274971e-01
    outer loop
      vertex   -1.500000e+00 3.526987e+01 5.013572e+01
      vertex   1.500000e+00 3.498093e+01 5.026318e+01
      vertex   -1.500000e+00 3.339055e+01 5.089315e+01
    endloop
  endfacet
  facet normal -2.918912e-03 -3.635077e-01 -9.315866e-01
    outer loop
      vertex   -1.500000e+00 3.339055e+01 5.089315e+01
      vertex   1.500000e+00 3.498093e+01 5.026318e+01
      vertex   1.500000e+00 3.313522e+01 5.098338e+01
    endloop
  endfacet
  facet normal 2.995662e-03 -3.017192e-01 -9.533921e-01
    outer loop
      vertex   -1.500000e+00 3.339055e+01 5.089315e+01
      vertex   1.500000e+00 3.313522e+01 5.098338e+01
      vertex   -1.500000e+00 3.145876e+01 5.150450e+01
    endloop
  endfacet
  facet normal -2.497834e-03 -2.927565e-01 -9.561838e-01
    outer loop
      vertex   -1.500000e+00 3.145876e+01 5.150450e+01
      vertex   1.500000e+00 3.313522e+01 5.098338e+01
      vertex   1.500000e+00 3.124078e+01 5.156341e+01
    endloop
  endfacet
  facet normal 2.561827e-03 -2.278528e-01 -9.736922e-01
    outer loop
      vertex   -1.500000e+00 3.145876e+01 5.150450e+01
      vertex   1.500000e+00 3.124078e+01 5.156341e+01
      vertex   -1.500000e+00 2.948584e+01 5.196619e+01
    endloop
  endfacet
  facet normal -2.051242e-03 -2.203625e-01 -9.754159e-01
    outer loop
      vertex   -1.500000e+00 2.948584e+01 5.196619e+01
      vertex   1.500000e+00 3.124078e+01 5.156341e+01
      vertex   1.500000e+00 2.930824e+01 5.200000e+01
    endloop
  endfacet
  facet normal -1.398421e-04 1.472428e-01 -9.891004e-01
    outer loop
      vertex   5.262500e+01 2.152441e+01 5.228770e+01
      vertex   5.262500e+01 1.959176e+01 5.200000e+01
      vertex   2.556250e+01 2.141662e+01 5.227549e+01
    endloop
  endfacet
  facet normal 0.000000e+00 1.492708e-01 -9.887964e-01
    outer loop
      vertex   2.556250e+01 2.141662e+01 5.227549e+01
      vertex   5.262500e+01 1.959176e+01 5.200000e+01
      vertex   1.500000e+00 1.959176e+01 5.200000e+01
    endloop
  endfacet
  facet normal 0.000000e+00 7.654925e-02 -9.970658e-01
    outer loop
      vertex   -1.500000e+00 2.141662e+01 5.227549e+01
      vertex   -1.500000e+00 2.343689e+01 5.243059e+01
      vertex   2.556250e+01 2.343689e+01 5.243059e+01
    endloop
  endfacet
  facet normal 0.000000e+00 0.000000e+00 -1.000000e+00
    outer loop
      vertex   2.556250e+01 2.343689e+01 5.243059e+01
      vertex   -1.500000e+00 2.343689e+01 5.243059e+01
      vertex   2.556250e+01 2.546311e+01 5.243059e+01
    endloop
  endfacet
  facet normal 0.000000e+00 0.000000e+00 -1.000000e+00
    outer loop
      vertex   -1.500000e+00 2.343689e+01 5.243059e+01
      vertex   -1.500000e+00 2.546311e+01 5.243059e+01
      vertex   2.556250e+01 2.546311e+01 5.243059e+01
    endloop
  endfacet
  facet normal -0.000000e+00 -7.654925e-02 -9.970658e-01
    outer loop
      vertex   2.556250e+01 2.546311e+01 5.243059e+01
      vertex   -1.500000e+00 2.546311e+01 5.243059e+01
      vertex   2.556250e+01 2.748338e+01 5.227549e+01
    endloop
  endfacet
  facet normal 0.000000e+00 -7.654925e-02 -9.970658e-01
    outer loop
      vertex   -1.500000e+00 2.546311e+01 5.243059e+01
      vertex   -1.500000e+00 2.748338e+01 5.227549e+01
      vertex   2.556250e+01 2.748338e+01 5.227549e+01
    endloop
  endfacet
  facet normal 1.000000e+00 -0.000000e+00 5.533716e-15
    outer loop
      vertex   5.262500e+01 -3.000000e+00 5.500000e+01
      vertex   5.262500e+01 2.542697e+01 5.243195e+01
      vertex   5.262500e+01 8.700000e+01 5.500000e+01
    endloop
  endfacet
  facet normal 1.000000e+00 1.476226e-16 1.994231e-15
    outer loop
      vertex   5.262500e+01 8.700000e+01 5.500000e+01
      vertex   5.262500e+01 2.542697e+01 5.243195e+01
      vertex   5.262500e+01 2.737559e+01 5.228770e+01
    endloop
  endfacet
  facet normal 1.000000e+00 1.903567e-15 -3.660671e-14
    outer loop
      vertex   5.262500e+01 8.700000e+01 5.500000e+01
      vertex   5.262500e+01 2.737559e+01 5.228770e+01
      vertex   5.262500e+01 2.930824e+01 5.200000e+01
    endloop
  endfacet
  facet normal 1.000000e+00 -1.397689e-14 0.000000e+00
    outer loop
      vertex   5.262500e+01 -3.000000e+00 -3.000000e+00
      vertex   5.262500e+01 -1.983260e+00 2.694088e+01
      vertex   5.262500e+01 -3.000000e+00 5.500000e+01
    endloop
  endfacet
  facet normal 1.000000e+00 -4.710611e-15 3.357692e-16
    outer loop
      vertex   5.262500e+01 -3.000000e+00 5.500000e+01
      vertex   5.262500e+01 -1.983260e+00 2.694088e+01
      vertex   5.262500e+01 -1.849469e+00 2.881788e+01
    endloop
  endfacet
  facet normal 1.000000e+00 -2.898943e-15 4.153800e-16
    outer loop
      vertex   5.262500e+01 -3.000000e+00 5.500000e+01
      vertex   5.262500e+01 -1.849469e+00 2.881788e+01
      vertex   5.262500e+01 -1.582564e+00 3.068061e+01
    endloop
  endfacet
  facet normal 1.000000e+00 0.000000e+00 -5.533716e-15
    outer loop
      vertex   5.262500e+01 8.700000e+01 -3.000000e+00
      vertex   5.262500e+01 2.542697e+01 -4.319508e-01
      vertex   5.262500e+01 -3.000000e+00 -3.000000e+00
    endloop
  endfacet
  facet normal 1.000000e+00 0.000000e+00 -5.533716e-15
    outer loop
      vertex   5.262500e+01 -3.000000e+00 -3.000000e+00
      vertex   5.262500e+01 2.542697e+01 -4.319508e-01
      vertex   5.262500e+01 2.347303e+01 -4.319508e-01
    endloop
  endfacet
  facet normal 1.000000e+00 -2.323373e-16 -3.138640e-15
    outer loop
      vertex   5.262500e+01 -3.000000e+00 -3.000000e+00
      vertex   5.262500e+01 2.347303e+01 -4.319508e-01
      vertex   5.262500e+01 2.152441e+01 -2.877048e-01
    endloop
  endfacet
  facet normal 1.000000e+00 0.000000e+00 0.000000e+00
    outer loop
      vertex   5.262500e+01 8.700000e+01 5.500000e+01
      vertex   5.262500e+01 8.400000e+01 0.000000e+00
      vertex   5.262500e+01 8.700000e+01 -3.000000e+00
    endloop
  endfacet
  facet normal 1.000000e+00 0.000000e+00 0.000000e+00
    outer loop
      vertex   5.262500e+01 8.700000e+01 -3.000000e+00
      vertex   5.262500e+01 8.400000e+01 0.000000e+00
      vertex   5.262500e+01 2.930824e+01 0.000000e+00
    endloop
  endfacet
  facet normal 1.000000e+00 1.903567e-15 3.660671e-14
    outer loop
      vertex   5.262500e+01 8.700000e+01 -3.000000e+00
      vertex   5.262500e+01 2.930824e+01 0.000000e+00
      vertex   5.262500e+01 2.737559e+01 -2.877048e-01
    endloop
  endfacet
  facet normal 1.000000e+00 0.000000e+00 -0.000000e+00
    outer loop
      vertex   5.262500e+01 0.000000e+00 5.200000e+01
      vertex   5.262500e+01 1.959176e+01 5.200000e+01
      vertex   5.262500e+01 -3.000000e+00 5.500000e+01
    endloop
  endfacet
  facet normal 1.000000e+00 -3.466708e-15 -2.610634e-14
    outer loop
      vertex   5.262500e+01 -3.000000e+00 5.500000e+01
      vertex   5.262500e+01 1.959176e+01 5.200000e+01
      vertex   5.262500e+01 2.152441e+01 5.228770e+01
    endloop
  endfacet
  facet normal 1.000000e+00 -2.323373e-16 3.138640e-15
    outer loop
      vertex   5.262500e+01 -3.000000e+00 5.500000e+01
      vertex   5.262500e+01 2.152441e+01 5.228770e+01
      vertex   5.262500e+01 2.347303e+01 5.243195e+01
    endloop
  endfacet
  facet normal 1.000000e+00 -0.000000e+00 5.533716e-15
    outer loop
      vertex   5.262500e+01 2.347303e+01 5.243195e+01
      vertex   5.262500e+01 2.542697e+01 5.243195e+01
      vertex   5.262500e+01 -3.000000e+00 5.500000e+01
    endloop
  endfacet
  facet normal 1.000000e+00 0.000000e+00 0.000000e+00
    outer loop
      vertex   5.262500e+01 2.930824e+01 5.200000e+01
      vertex   5.262500e+01 8.400000e+01 5.200000e+01
      vertex   5.262500e+01 8.700000e+01 5.500000e+01
    endloop
  endfacet
  facet normal 1.000000e+00 0.000000e+00 0.000000e+00
    outer loop
      vertex   5.262500e+01 8.700000e+01 5.500000e+01
      vertex   5.262500e+01 8.400000e+01 5.200000e+01
      vertex   5.262500e+01 8.400000e+01 0.000000e+00
    endloop
  endfacet
  facet normal 1.000000e+00 1.476226e-16 -1.994231e-15
    outer loop
      vertex   5.262500e+01 2.737559e+01 -2.877048e-01
      vertex   5.262500e+01 2.542697e+01 -4.319508e-01
      vertex   5.262500e+01 8.700000e+01 -3.000000e+00
    endloop
  endfacet
  facet normal 1.000000e+00 -3.466708e-15 2.610634e-14
    outer loop
      vertex   5.262500e+01 2.152441e+01 -2.877048e-01
      vertex   5.262500e+01 1.959176e+01 0.000000e+00
      vertex   5.262500e+01 -3.000000e+00 -3.000000e+00
    endloop
  endfacet
  facet normal 1.000000e+00 0.000000e+00 0.000000e+00
    outer loop
      vertex   5.262500e+01 -3.000000e+00 -3.000000e+00
      vertex   5.262500e+01 1.959176e+01 0.000000e+00
      vertex   5.262500e+01 0.000000e+00 0.000000e+00
    endloop
  endfacet
  facet normal 1.000000e+00 0.000000e+00 0.000000e+00
    outer loop
      vertex   5.262500e+01 -3.000000e+00 -3.000000e+00
      vertex   5.262500e+01 0.000000e+00 0.000000e+00
      vertex   5.262500e+01 0.000000e+00 1.591040e+01
    endloop
  endfacet
  facet normal 1.000000e+00 1.519367e-14 -2.410367e-15
    outer loop
      vertex   5.262500e+01 0.000000e+00 1.591040e+01
      vertex   5.262500e+01 -6.554835e-01 1.767430e+01
      vertex   5.262500e+01 -3.000000e+00 -3.000000e+00
    endloop
  endfacet
  facet normal 1.000000e+00 -1.693096e-15 -4.953667e-16
    outer loop
      vertex   5.262500e+01 -3.000000e+00 -3.000000e+00
      vertex   5.262500e+01 -6.554835e-01 1.767430e+01
      vertex   5.262500e+01 -1.183896e+00 1.948035e+01
    endloop
  endfacet
  facet normal 1.000000e+00 -2.124385e-15 -4.605245e-16
    outer loop
      vertex   5.262500e+01 -3.000000e+00 -3.000000e+00
      vertex   5.262500e+01 -1.183896e+00 1.948035e+01
      vertex   5.262500e+01 -1.582564e+00 2.131939e+01
    endloop
  endfacet
  facet normal 1.000000e+00 -2.898943e-15 -4.153800e-16
    outer loop
      vertex   5.262500e+01 -1.582564e+00 2.131939e+01
      vertex   5.262500e+01 -1.849469e+00 2.318212e+01
      vertex   5.262500e+01 -3.000000e+00 -3.000000e+00
    endloop
  endfacet
  facet normal 1.000000e+00 -4.710611e-15 -3.357692e-16
    outer loop
      vertex   5.262500e+01 -3.000000e+00 -3.000000e+00
      vertex   5.262500e+01 -1.849469e+00 2.318212e+01
      vertex   5.262500e+01 -1.983260e+00 2.505912e+01
    endloop
  endfacet
  facet normal 1.000000e+00 -1.397689e-14 0.000000e+00
    outer loop
      vertex   5.262500e+01 -3.000000e+00 -3.000000e+00
      vertex   5.262500e+01 -1.983260e+00 2.505912e+01
      vertex   5.262500e+01 -1.983260e+00 2.694088e+01
    endloop
  endfacet
  facet normal 1.000000e+00 -2.124385e-15 4.605245e-16
    outer loop
      vertex   5.262500e+01 -1.582564e+00 3.068061e+01
      vertex   5.262500e+01 -1.183896e+00 3.251965e+01
      vertex   5.262500e+01 -3.000000e+00 5.500000e+01
    endloop
  endfacet
  facet normal 1.000000e+00 -1.693096e-15 4.953667e-16
    outer loop
      vertex   5.262500e+01 -3.000000e+00 5.500000e+01
      vertex   5.262500e+01 -1.183896e+00 3.251965e+01
      vertex   5.262500e+01 -6.554835e-01 3.432570e+01
    endloop
  endfacet
  facet normal 1.000000e+00 1.519367e-14 2.410367e-15
    outer loop
      vertex   5.262500e+01 -3.000000e+00 5.500000e+01
      vertex   5.262500e+01 -6.554835e-01 3.432570e+01
      vertex   5.262500e+01 0.000000e+00 3.608960e+01
    endloop
  endfacet
  facet normal 1.000000e+00 0.000000e+00 -0.000000e+00
    outer loop
      vertex   5.262500e+01 0.000000e+00 3.608960e+01
      vertex   5.262500e+01 0.000000e+00 5.200000e+01
      vertex   5.262500e+01 -3.000000e+00 5.500000e+01
    endloop
  endfacet
  facet normal 0.000000e+00 0.000000e+00 -1.000000e+00
    outer loop
      vertex   4.907478e+01 4.045744e+01 5.200000e+01
      vertex   4.915000e+01 4.112500e+01 5.200000e+01
      vertex   5.262500e+01 2.930824e+01 5.200000e+01
    endloop
  endfacet
  facet normal 0.000000e+00 0.000000e+00 -1.000000e+00
    outer loop
      vertex   5.262500e+01 2.930824e+01 5.200000e+01
      vertex   4.915000e+01 4.112500e+01 5.200000e+01
      vertex   4.907478e+01 4.179256e+01 5.200000e+01
    endloop
  endfacet
  facet normal 0.000000e+00 0.000000e+00 -1.000000e+00
    outer loop
      vertex   5.262500e+01 2.930824e+01 5.200000e+01
      vertex   4.907478e+01 4.179256e+01 5.200000e+01
      vertex   5.262500e+01 8.400000e+01 5.200000e+01
    endloop
  endfacet
  facet normal 0.000000e+00 0.000000e+00 -1.000000e+00
    outer loop
      vertex   5.262500e+01 8.400000e+01 5.200000e+01
      vertex   4.907478e+01 4.179256e+01 5.200000e+01
      vertex   4.885291e+01 4.242665e+01 5.200000e+01
    endloop
  endfacet
  facet normal 0.000000e+00 0.000000e+00 -1.000000e+00
    outer loop
      vertex   5.262500e+01 8.400000e+01 5.200000e+01
      vertex   4.885291e+01 4.242665e+01 5.200000e+01
      vertex   4.849549e+01 4.299547e+01 5.200000e+01
    endloop
  endfacet
  facet normal 0.000000e+00 0.000000e+00 -1.000000e+00
    outer loop
      vertex   4.849549e+01 4.299547e+01 5.200000e+01
      vertex   4.802047e+01 4.347049e+01 5.200000e+01
      vertex   5.262500e+01 8.400000e+01 5.200000e+01
    endloop
  endfacet
  facet normal 0.000000e+00 0.000000e+00 -1.000000e+00
    outer loop
      vertex   5.262500e+01 8.400000e+01 5.200000e+01
      vertex   4.802047e+01 4.347049e+01 5.200000e+01
      vertex   4.745165e+01 4.382791e+01 5.200000e+01
    endloop
  endfacet
  facet normal 0.000000e+00 0.000000e+00 -1.000000e+00
    outer loop
      vertex   5.262500e+01 8.400000e+01 5.200000e+01
      vertex   4.745165e+01 4.382791e+01 5.200000e+01
      vertex   4.681756e+01 4.404978e+01 5.200000e+01
    endloop
  endfacet
  facet normal 0.000000e+00 0.000000e+00 -1.000000e+00
    outer loop
      vertex   4.681756e+01 4.404978e+01 5.200000e+01
      vertex   4.615000e+01 4.412500e+01 5.200000e+01
      vertex   5.262500e+01 8.400000e+01 5.200000e+01
    endloop
  endfacet
  facet normal 0.000000e+00 0.000000e+00 -1.000000e+00
    outer loop
      vertex   5.262500e+01 8.400000e+01 5.200000e+01
      vertex   4.615000e+01 4.412500e+01 5.200000e+01
      vertex   4.548244e+01 4.404978e+01 5.200000e+01
    endloop
  endfacet
  facet normal 0.000000e+00 0.000000e+00 -1.000000e+00
    outer loop
      vertex   5.262500e+01 8.400000e+01 5.200000e+01
      vertex   4.548244e+01 4.404978e+01 5.200000e+01
      vertex   4.484835e+01 4.382791e+01 5.200000e+01
    endloop
  endfacet
  facet normal 0.000000e+00 0.000000e+00 -1.000000e+00
    outer loop
      vertex   4.427953e+01 4.347049e+01 5.200000e+01
      vertex   2.402047e+01 4.347049e+01 5.200000e+01
      vertex   4.484835e+01 4.382791e+01 5.200000e+01
    endloop
  endfacet
  facet normal -0.000000e+00 0.000000e+00 -1.000000e+00
    outer loop
      vertex   4.484835e+01 4.382791e+01 5.200000e+01
      vertex   2.402047e+01 4.347049e+01 5.200000e+01
      vertex   2.345165e+01 4.382791e+01 5.200000e+01
    endloop
  endfacet
  facet normal 0.000000e+00 0.000000e+00 -1.000000e+00
    outer loop
      vertex   4.484835e+01 4.382791e+01 5.200000e+01
      vertex   2.345165e+01 4.382791e+01 5.200000e+01
      vertex   5.262500e+01 8.400000e+01 5.200000e+01
    endloop
  endfacet
  facet normal 0.000000e+00 0.000000e+00 -1.000000e+00
    outer loop
      vertex   5.262500e+01 8.400000e+01 5.200000e+01
      vertex   2.345165e+01 4.382791e+01 5.200000e+01
      vertex   2.281756e+01 4.404978e+01 5.200000e+01
    endloop
  endfacet
  facet normal 0.000000e+00 0.000000e+00 -1.000000e+00
    outer loop
      vertex   5.262500e+01 8.400000e+01 5.200000e+01
      vertex   2.281756e+01 4.404978e+01 5.200000e+01
      vertex   1.500000e+00 6.690000e+01 5.200000e+01
    endloop
  endfacet
  facet normal 0.000000e+00 0.000000e+00 -1.000000e+00
    outer loop
      vertex   1.500000e+00 6.690000e+01 5.200000e+01
      vertex   2.281756e+01 4.404978e+01 5.200000e+01
      vertex   2.215000e+01 4.412500e+01 5.200000e+01
    endloop
  endfacet
  facet normal 0.000000e+00 0.000000e+00 -1.000000e+00
    outer loop
      vertex   1.500000e+00 6.690000e+01 5.200000e+01
      vertex   2.215000e+01 4.412500e+01 5.200000e+01
      vertex   2.148244e+01 4.404978e+01 5.200000e+01
    endloop
  endfacet
  facet normal 0.000000e+00 0.000000e+00 -1.000000e+00
    outer loop
      vertex   2.402047e+01 4.347049e+01 5.200000e+01
      vertex   4.427953e+01 4.347049e+01 5.200000e+01
      vertex   2.449549e+01 4.299547e+01 5.200000e+01
    endloop
  endfacet
  facet normal 0.000000e+00 0.000000e+00 -1.000000e+00
    outer loop
      vertex   2.449549e+01 4.299547e+01 5.200000e+01
      vertex   4.427953e+01 4.347049e+01 5.200000e+01
      vertex   4.380451e+01 4.299547e+01 5.200000e+01
    endloop
  endfacet
  facet normal 0.000000e+00 0.000000e+00 -1.000000e+00
    outer loop
      vertex   2.449549e+01 4.299547e+01 5.200000e+01
      vertex   4.380451e+01 4.299547e+01 5.200000e+01
      vertex   2.485291e+01 4.242665e+01 5.200000e+01
    endloop
  endfacet
  facet normal 0.000000e+00 0.000000e+00 -1.000000e+00
    outer loop
      vertex   2.485291e+01 4.242665e+01 5.200000e+01
      vertex   4.380451e+01 4.299547e+01 5.200000e+01
      vertex   4.344709e+01 4.242665e+01 5.200000e+01
    endloop
  endfacet
  facet normal 0.000000e+00 0.000000e+00 -1.000000e+00
    outer loop
      vertex   2.485291e+01 4.242665e+01 5.200000e+01
      vertex   4.344709e+01 4.242665e+01 5.200000e+01
      vertex   2.507478e+01 4.179256e+01 5.200000e+01
    endloop
  endfacet
  facet normal 0.000000e+00 0.000000e+00 -1.000000e+00
    outer loop
      vertex   2.507478e+01 4.179256e+01 5.200000e+01
      vertex   4.344709e+01 4.242665e+01 5.200000e+01
      vertex   4.322522e+01 4.179256e+01 5.200000e+01
    endloop
  endfacet
  facet normal 0.000000e+00 0.000000e+00 -1.000000e+00
    outer loop
      vertex   2.507478e+01 4.179256e+01 5.200000e+01
      vertex   4.322522e+01 4.179256e+01 5.200000e+01
      vertex   2.515000e+01 4.112500e+01 5.200000e+01
    endloop
  endfacet
  facet normal 0.000000e+00 0.000000e+00 -1.000000e+00
    outer loop
      vertex   2.515000e+01 4.112500e+01 5.200000e+01
      vertex   4.322522e+01 4.179256e+01 5.200000e+01
      vertex   4.315000e+01 4.112500e+01 5.200000e+01
    endloop
  endfacet
  facet normal 0.000000e+00 -0.000000e+00 -1.000000e+00
    outer loop
      vertex   2.515000e+01 4.112500e+01 5.200000e+01
      vertex   4.315000e+01 4.112500e+01 5.200000e+01
      vertex   2.507478e+01 4.045744e+01 5.200000e+01
    endloop
  endfacet
  facet normal 0.000000e+00 0.000000e+00 -1.000000e+00
    outer loop
      vertex   2.507478e+01 4.045744e+01 5.200000e+01
      vertex   4.315000e+01 4.112500e+01 5.200000e+01
      vertex   4.322522e+01 4.045744e+01 5.200000e+01
    endloop
  endfacet
  facet normal 0.000000e+00 -0.000000e+00 -1.000000e+00
    outer loop
      vertex   2.507478e+01 4.045744e+01 5.200000e+01
      vertex   4.322522e+01 4.045744e+01 5.200000e+01
      vertex   2.485291e+01 3.982335e+01 5.200000e+01
    endloop
  endfacet
  facet normal 0.000000e+00 0.000000e+00 -1.000000e+00
    outer loop
      vertex   2.485291e+01 3.982335e+01 5.200000e+01
      vertex   4.322522e+01 4.045744e+01 5.200000e+01
      vertex   4.344709e+01 3.982335e+01 5.200000e+01
    endloop
  endfacet
  facet normal 0.000000e+00 -0.000000e+00 -1.000000e+00
    outer loop
      vertex   2.485291e+01 3.982335e+01 5.200000e+01
      vertex   4.344709e+01 3.982335e+01 5.200000e+01
      vertex   2.449549e+01 3.925453e+01 5.200000e+01
    endloop
  endfacet
  facet normal 0.000000e+00 0.000000e+00 -1.000000e+00
    outer loop
      vertex   2.449549e+01 3.925453e+01 5.200000e+01
      vertex   4.344709e+01 3.982335e+01 5.200000e+01
      vertex   4.380451e+01 3.925453e+01 5.200000e+01
    endloop
  endfacet
  facet normal 0.000000e+00 -0.000000e+00 -1.000000e+00
    outer loop
      vertex   2.449549e+01 3.925453e+01 5.200000e+01
      vertex   4.380451e+01 3.925453e+01 5.200000e+01
      vertex   2.402047e+01 3.877951e+01 5.200000e+01
    endloop
  endfacet
  facet normal 0.000000e+00 0.000000e+00 -1.000000e+00
    outer loop
      vertex   2.402047e+01 3.877951e+01 5.200000e+01
      vertex   4.380451e+01 3.925453e+01 5.200000e+01
      vertex   4.427953e+01 3.877951e+01 5.200000e+01
    endloop
  endfacet
  facet normal 0.000000e+00 -0.000000e+00 -1.000000e+00
    outer loop
      vertex   2.402047e+01 3.877951e+01 5.200000e+01
      vertex   4.427953e+01 3.877951e+01 5.200000e+01
      vertex   2.345165e+01 3.842209e+01 5.200000e+01
    endloop
  endfacet
  facet normal 0.000000e+00 0.000000e+00 -1.000000e+00
    outer loop
      vertex   2.345165e+01 3.842209e+01 5.200000e+01
      vertex   4.427953e+01 3.877951e+01 5.200000e+01
      vertex   4.484835e+01 3.842209e+01 5.200000e+01
    endloop
  endfacet
  facet normal 0.000000e+00 0.000000e+00 -1.000000e+00
    outer loop
      vertex   2.345165e+01 3.842209e+01 5.200000e+01
      vertex   4.484835e+01 3.842209e+01 5.200000e+01
      vertex   5.262500e+01 2.930824e+01 5.200000e+01
    endloop
  endfacet
  facet normal 0.000000e+00 0.000000e+00 -1.000000e+00
    outer loop
      vertex   5.262500e+01 2.930824e+01 5.200000e+01
      vertex   4.484835e+01 3.842209e+01 5.200000e+01
      vertex   4.548244e+01 3.820022e+01 5.200000e+01
    endloop
  endfacet
  facet normal 0.000000e+00 0.000000e+00 -1.000000e+00
    outer loop
      vertex   5.262500e+01 2.930824e+01 5.200000e+01
      vertex   4.548244e+01 3.820022e+01 5.200000e+01
      vertex   4.615000e+01 3.812500e+01 5.200000e+01
    endloop
  endfacet
  facet normal 0.000000e+00 0.000000e+00 -1.000000e+00
    outer loop
      vertex   4.615000e+01 3.812500e+01 5.200000e+01
      vertex   4.681756e+01 3.820022e+01 5.200000e+01
      vertex   5.262500e+01 2.930824e+01 5.200000e+01
    endloop
  endfacet
  facet normal 0.000000e+00 0.000000e+00 -1.000000e+00
    outer loop
      vertex   5.262500e+01 2.930824e+01 5.200000e+01
      vertex   4.681756e+01 3.820022e+01 5.200000e+01
      vertex   4.745165e+01 3.842209e+01 5.200000e+01
    endloop
  endfacet
  facet normal 0.000000e+00 0.000000e+00 -1.000000e+00
    outer loop
      vertex   5.262500e+01 2.930824e+01 5.200000e+01
      vertex   4.745165e+01 3.842209e+01 5.200000e+01
      vertex   4.802047e+01 3.877951e+01 5.200000e+01
    endloop
  endfacet
  facet normal 0.000000e+00 0.000000e+00 -1.000000e+00
    outer loop
      vertex   4.802047e+01 3.877951e+01 5.200000e+01
      vertex   4.849549e+01 3.925453e+01 5.200000e+01
      vertex   5.262500e+01 2.930824e+01 5.200000e+01
    endloop
  endfacet
  facet normal 0.000000e+00 0.000000e+00 -1.000000e+00
    outer loop
      vertex   5.262500e+01 2.930824e+01 5.200000e+01
      vertex   4.849549e+01 3.925453e+01 5.200000e+01
      vertex   4.885291e+01 3.982335e+01 5.200000e+01
    endloop
  endfacet
  facet normal 0.000000e+00 0.000000e+00 -1.000000e+00
    outer loop
      vertex   5.262500e+01 2.930824e+01 5.200000e+01
      vertex   4.885291e+01 3.982335e+01 5.200000e+01
      vertex   4.907478e+01 4.045744e+01 5.200000e+01
    endloop
  endfacet
  facet normal -0.000000e+00 0.000000e+00 -1.000000e+00
    outer loop
      vertex   2.148244e+01 4.404978e+01 5.200000e+01
      vertex   2.084835e+01 4.382791e+01 5.200000e+01
      vertex   1.500000e+00 6.690000e+01 5.200000e+01
    endloop
  endfacet
  facet normal 0.000000e+00 0.000000e+00 -1.000000e+00
    outer loop
      vertex   1.500000e+00 6.690000e+01 5.200000e+01
      vertex   2.084835e+01 4.382791e+01 5.200000e+01
      vertex   2.027953e+01 4.347049e+01 5.200000e+01
    endloop
  endfacet
  facet normal 0.000000e+00 0.000000e+00 -1.000000e+00
    outer loop
      vertex   1.500000e+00 6.690000e+01 5.200000e+01
      vertex   2.027953e+01 4.347049e+01 5.200000e+01
      vertex   1.980451e+01 4.299547e+01 5.200000e+01
    endloop
  endfacet
  facet normal -0.000000e+00 0.000000e+00 -1.000000e+00
    outer loop
      vertex   1.980451e+01 4.299547e+01 5.200000e+01
      vertex   1.944709e+01 4.242665e+01 5.200000e+01
      vertex   1.500000e+00 6.690000e+01 5.200000e+01
    endloop
  endfacet
  facet normal 0.000000e+00 0.000000e+00 -1.000000e+00
    outer loop
      vertex   1.500000e+00 6.690000e+01 5.200000e+01
      vertex   1.944709e+01 4.242665e+01 5.200000e+01
      vertex   1.922522e+01 4.179256e+01 5.200000e+01
    endloop
  endfacet
  facet normal 0.000000e+00 0.000000e+00 -1.000000e+00
    outer loop
      vertex   1.500000e+00 6.690000e+01 5.200000e+01
      vertex   1.922522e+01 4.179256e+01 5.200000e+01
      vertex   1.500000e+00 2.930824e+01 5.200000e+01
    endloop
  endfacet
  facet normal 0.000000e+00 0.000000e+00 -1.000000e+00
    outer loop
      vertex   1.500000e+00 2.930824e+01 5.200000e+01
      vertex   1.922522e+01 4.179256e+01 5.200000e+01
      vertex   1.915000e+01 4.112500e+01 5.200000e+01
    endloop
  endfacet
  facet normal 0.000000e+00 0.000000e+00 -1.000000e+00
    outer loop
      vertex   1.500000e+00 2.930824e+01 5.200000e+01
      vertex   1.915000e+01 4.112500e+01 5.200000e+01
      vertex   1.922522e+01 4.045744e+01 5.200000e+01
    endloop
  endfacet
  facet normal 0.000000e+00 -0.000000e+00 -1.000000e+00
    outer loop
      vertex   1.922522e+01 4.045744e+01 5.200000e+01
      vertex   1.944709e+01 3.982335e+01 5.200000e+01
      vertex   1.500000e+00 2.930824e+01 5.200000e+01
    endloop
  endfacet
  facet normal 0.000000e+00 0.000000e+00 -1.000000e+00
    outer loop
      vertex   1.500000e+00 2.930824e+01 5.200000e+01
      vertex   1.944709e+01 3.982335e+01 5.200000e+01
      vertex   1.980451e+01 3.925453e+01 5.200000e+01
    endloop
  endfacet
  facet normal 0.000000e+00 0.000000e+00 -1.000000e+00
    outer loop
      vertex   1.500000e+00 2.930824e+01 5.200000e+01
      vertex   1.980451e+01 3.925453e+01 5.200000e+01
      vertex   2.027953e+01 3.877951e+01 5.200000e+01
    endloop
  endfacet
  facet normal 0.000000e+00 -0.000000e+00 -1.000000e+00
    outer loop
      vertex   2.027953e+01 3.877951e+01 5.200000e+01
      vertex   2.084835e+01 3.842209e+01 5.200000e+01
      vertex   1.500000e+00 2.930824e+01 5.200000e+01
    endloop
  endfacet
  facet normal 0.000000e+00 0.000000e+00 -1.000000e+00
    outer loop
      vertex   1.500000e+00 2.930824e+01 5.200000e+01
      vertex   2.084835e+01 3.842209e+01 5.200000e+01
      vertex   2.148244e+01 3.820022e+01 5.200000e+01
    endloop
  endfacet
  facet normal 0.000000e+00 0.000000e+00 -1.000000e+00
    outer loop
      vertex   1.500000e+00 2.930824e+01 5.200000e+01
      vertex   2.148244e+01 3.820022e+01 5.200000e+01
      vertex   2.215000e+01 3.812500e+01 5.200000e+01
    endloop
  endfacet
  facet normal 0.000000e+00 -0.000000e+00 -1.000000e+00
    outer loop
      vertex   2.215000e+01 3.812500e+01 5.200000e+01
      vertex   2.281756e+01 3.820022e+01 5.200000e+01
      vertex   1.500000e+00 2.930824e+01 5.200000e+01
    endloop
  endfacet
  facet normal 0.000000e+00 0.000000e+00 -1.000000e+00
    outer loop
      vertex   1.500000e+00 2.930824e+01 5.200000e+01
      vertex   2.281756e+01 3.820022e+01 5.200000e+01
      vertex   5.262500e+01 2.930824e+01 5.200000e+01
    endloop
  endfacet
  facet normal 0.000000e+00 0.000000e+00 -1.000000e+00
    outer loop
      vertex   5.262500e+01 2.930824e+01 5.200000e+01
      vertex   2.281756e+01 3.820022e+01 5.200000e+01
      vertex   2.345165e+01 3.842209e+01 5.200000e+01
    endloop
  endfacet
  facet normal 0.000000e+00 0.000000e+00 -1.000000e+00
    outer loop
      vertex   -1.500000e+00 6.690000e+01 5.200000e+01
      vertex   -1.500000e+00 8.400000e+01 5.200000e+01
      vertex   1.500000e+00 6.690000e+01 5.200000e+01
    endloop
  endfacet
  facet normal 0.000000e+00 0.000000e+00 -1.000000e+00
    outer loop
      vertex   1.500000e+00 6.690000e+01 5.200000e+01
      vertex   -1.500000e+00 8.400000e+01 5.200000e+01
      vertex   5.262500e+01 8.400000e+01 5.200000e+01
    endloop
  endfacet
  facet normal 0.000000e+00 -1.000000e+00 8.074349e-17
    outer loop
      vertex   1.500000e+00 -3.100000e+00 5.500000e+01
      vertex   -1.500000e+00 -3.100000e+00 5.500000e+01
      vertex   1.500000e-02 -3.100000e+00 0.000000e+00
    endloop
  endfacet
  facet normal -2.931282e-15 -1.000000e+00 0.000000e+00
    outer loop
      vertex   1.500000e-02 -3.100000e+00 0.000000e+00
      vertex   -1.500000e+00 -3.100000e+00 5.500000e+01
      vertex   -1.500000e+00 -3.100000e+00 -3.000000e+00
    endloop
  endfacet
  facet normal 0.000000e+00 -1.000000e+00 -1.480297e-15
    outer loop
      vertex   1.500000e-02 -3.100000e+00 0.000000e+00
      vertex   -1.500000e+00 -3.100000e+00 -3.000000e+00
      vertex   1.500000e-02 -3.100000e+00 -3.000000e+00
    endloop
  endfacet
  facet normal 2.990500e-15 -1.000000e+00 0.000000e+00
    outer loop
      vertex   1.500000e-02 -3.100000e+00 0.000000e+00
      vertex   1.500000e+00 -3.100000e+00 0.000000e+00
      vertex   1.500000e+00 -3.100000e+00 5.500000e+01
    endloop
  endfacet
  facet normal -4.103578e-17 2.209399e-17 -1.000000e+00
    outer loop
      vertex   -1.485000e+00 8.700000e+01 -3.000000e+00
      vertex   5.262500e+01 8.700000e+01 -3.000000e+00
      vertex   -1.485000e+00 6.690000e+01 -3.000000e+00
    endloop
  endfacet
  facet normal -3.282862e-17 0.000000e+00 -1.000000e+00
    outer loop
      vertex   -1.485000e+00 6.690000e+01 -3.000000e+00
      vertex   5.262500e+01 8.700000e+01 -3.000000e+00
      vertex   5.262500e+01 -3.000000e+00 -3.000000e+00
    endloop
  endfacet
  facet normal -5.555218e-26 2.541283e-17 -1.000000e+00
    outer loop
      vertex   -1.485000e+00 6.690000e+01 -3.000000e+00
      vertex   5.262500e+01 -3.000000e+00 -3.000000e+00
      vertex   1.500000e+00 -3.000000e+00 -3.000000e+00
    endloop
  endfacet
  facet normal 0.000000e+00 2.541283e-17 -1.000000e+00
    outer loop
      vertex   1.500000e+00 -3.000000e+00 -3.000000e+00
      vertex   1.500000e-02 -3.000000e+00 -3.000000e+00
      vertex   -1.485000e+00 6.690000e+01 -3.000000e+00
    endloop
  endfacet
  facet normal 1.184238e-13 2.566696e-15 -1.000000e+00
    outer loop
      vertex   -1.485000e+00 6.690000e+01 -3.000000e+00
      vertex   1.500000e-02 -3.000000e+00 -3.000000e+00
      vertex   -1.500000e+00 6.690000e+01 -3.000000e+00
    endloop
  endfacet
  facet normal 0.000000e+00 0.000000e+00 -1.000000e+00
    outer loop
      vertex   -1.500000e+00 6.690000e+01 -3.000000e+00
      vertex   1.500000e-02 -3.000000e+00 -3.000000e+00
      vertex   -1.500000e+00 -3.100000e+00 -3.000000e+00
    endloop
  endfacet
  facet normal 0.000000e+00 0.000000e+00 -1.000000e+00
    outer loop
      vertex   -1.500000e+00 -3.100000e+00 -3.000000e+00
      vertex   1.500000e-02 -3.000000e+00 -3.000000e+00
      vertex   1.500000e-02 -3.100000e+00 -3.000000e+00
    endloop
  endfacet
  facet normal -0.000000e+00 1.000000e+00 0.000000e+00
    outer loop
      vertex   1.500000e+00 0.000000e+00 5.200000e+01
      vertex   5.262500e+01 0.000000e+00 5.200000e+01
      vertex   1.500000e+00 0.000000e+00 3.608960e+01
    endloop
  endfacet
  facet normal 0.000000e+00 1.000000e+00 0.000000e+00
    outer loop
      vertex   1.500000e+00 0.000000e+00 3.608960e+01
      vertex   5.262500e+01 0.000000e+00 5.200000e+01
      vertex   5.262500e+01 0.000000e+00 3.608960e+01
    endloop
  endfacet
  facet normal 0.000000e+00 0.000000e+00 -1.000000e+00
    outer loop
      vertex   2.507478e+01 8.167563e+00 5.200000e+01
      vertex   4.315000e+01 7.500000e+00 5.200000e+01
      vertex   2.515000e+01 7.500000e+00 5.200000e+01
    endloop
  endfacet
  facet normal 0.000000e+00 0.000000e+00 -1.000000e+00
    outer loop
      vertex   2.515000e+01 7.500000e+00 5.200000e+01
      vertex   4.315000e+01 7.500000e+00 5.200000e+01
      vertex   4.322522e+01 6.832437e+00 5.200000e+01
    endloop
  endfacet
  facet normal 0.000000e+00 -0.000000e+00 -1.000000e+00
    outer loop
      vertex   2.515000e+01 7.500000e+00 5.200000e+01
      vertex   4.322522e+01 6.832437e+00 5.200000e+01
      vertex   2.507478e+01 6.832437e+00 5.200000e+01
    endloop
  endfacet
  facet normal 0.000000e+00 0.000000e+00 -1.000000e+00
    outer loop
      vertex   2.507478e+01 6.832437e+00 5.200000e+01
      vertex   4.322522e+01 6.832437e+00 5.200000e+01
      vertex   4.344709e+01 6.198349e+00 5.200000e+01
    endloop
  endfacet
  facet normal 0.000000e+00 -0.000000e+00 -1.000000e+00
    outer loop
      vertex   2.507478e+01 6.832437e+00 5.200000e+01
      vertex   4.344709e+01 6.198349e+00 5.200000e+01
      vertex   2.485291e+01 6.198349e+00 5.200000e+01
    endloop
  endfacet
  facet normal 0.000000e+00 0.000000e+00 -1.000000e+00
    outer loop
      vertex   2.485291e+01 6.198349e+00 5.200000e+01
      vertex   4.344709e+01 6.198349e+00 5.200000e+01
      vertex   4.380451e+01 5.629531e+00 5.200000e+01
    endloop
  endfacet
  facet normal 0.000000e+00 -0.000000e+00 -1.000000e+00
    outer loop
      vertex   2.485291e+01 6.198349e+00 5.200000e+01
      vertex   4.380451e+01 5.629531e+00 5.200000e+01
      vertex   2.449549e+01 5.629531e+00 5.200000e+01
    endloop
  endfacet
  facet normal 0.000000e+00 0.000000e+00 -1.000000e+00
    outer loop
      vertex   2.449549e+01 5.629531e+00 5.200000e+01
      vertex   4.380451e+01 5.629531e+00 5.200000e+01
      vertex   4.427953e+01 5.154506e+00 5.200000e+01
    endloop
  endfacet
  facet normal 0.000000e+00 -0.000000e+00 -1.000000e+00
    outer loop
      vertex   2.449549e+01 5.629531e+00 5.200000e+01
      vertex   4.427953e+01 5.154506e+00 5.200000e+01
      vertex   2.402047e+01 5.154506e+00 5.200000e+01
    endloop
  endfacet
  facet normal 0.000000e+00 0.000000e+00 -1.000000e+00
    outer loop
      vertex   2.402047e+01 5.154506e+00 5.200000e+01
      vertex   4.427953e+01 5.154506e+00 5.200000e+01
      vertex   4.484835e+01 4.797094e+00 5.200000e+01
    endloop
  endfacet
  facet normal 0.000000e+00 -0.000000e+00 -1.000000e+00
    outer loop
      vertex   2.402047e+01 5.154506e+00 5.200000e+01
      vertex   4.484835e+01 4.797094e+00 5.200000e+01
      vertex   2.345165e+01 4.797093e+00 5.200000e+01
    endloop
  endfacet
  facet normal 0.000000e+00 0.000000e+00 -1.000000e+00
    outer loop
      vertex   2.345165e+01 4.797093e+00 5.200000e+01
      vertex   4.484835e+01 4.797094e+00 5.200000e+01
      vertex   4.548244e+01 4.575216e+00 5.200000e+01
    endloop
  endfacet
  facet normal 0.000000e+00 -0.000000e+00 -1.000000e+00
    outer loop
      vertex   2.345165e+01 4.797093e+00 5.200000e+01
      vertex   4.548244e+01 4.575216e+00 5.200000e+01
      vertex   2.281756e+01 4.575216e+00 5.200000e+01
    endloop
  endfacet
  facet normal 0.000000e+00 0.000000e+00 -1.000000e+00
    outer loop
      vertex   2.281756e+01 4.575216e+00 5.200000e+01
      vertex   4.548244e+01 4.575216e+00 5.200000e+01
      vertex   5.262500e+01 0.000000e+00 5.200000e+01
    endloop
  endfacet
  facet normal 0.000000e+00 -0.000000e+00 -1.000000e+00
    outer loop
      vertex   2.281756e+01 4.575216e+00 5.200000e+01
      vertex   5.262500e+01 0.000000e+00 5.200000e+01
      vertex   2.215000e+01 4.500000e+00 5.200000e+01
    endloop
  endfacet
  facet normal 0.000000e+00 -0.000000e+00 -1.000000e+00
    outer loop
      vertex   2.215000e+01 4.500000e+00 5.200000e+01
      vertex   5.262500e+01 0.000000e+00 5.200000e+01
      vertex   1.500000e+00 0.000000e+00 5.200000e+01
    endloop
  endfacet
  facet normal -0.000000e+00 0.000000e+00 -1.000000e+00
    outer loop
      vertex   2.215000e+01 4.500000e+00 5.200000e+01
      vertex   1.500000e+00 0.000000e+00 5.200000e+01
      vertex   2.148244e+01 4.575216e+00 5.200000e+01
    endloop
  endfacet
  facet normal -0.000000e+00 0.000000e+00 -1.000000e+00
    outer loop
      vertex   2.148244e+01 4.575216e+00 5.200000e+01
      vertex   1.500000e+00 0.000000e+00 5.200000e+01
      vertex   2.084835e+01 4.797093e+00 5.200000e+01
    endloop
  endfacet
  facet normal -0.000000e+00 0.000000e+00 -1.000000e+00
    outer loop
      vertex   2.084835e+01 4.797093e+00 5.200000e+01
      vertex   1.500000e+00 0.000000e+00 5.200000e+01
      vertex   2.027953e+01 5.154506e+00 5.200000e+01
    endloop
  endfacet
  facet normal -0.000000e+00 0.000000e+00 -1.000000e+00
    outer loop
      vertex   2.027953e+01 5.154506e+00 5.200000e+01
      vertex   1.500000e+00 0.000000e+00 5.200000e+01
      vertex   1.980451e+01 5.629531e+00 5.200000e+01
    endloop
  endfacet
  facet normal -0.000000e+00 0.000000e+00 -1.000000e+00
    outer loop
      vertex   1.980451e+01 5.629531e+00 5.200000e+01
      vertex   1.500000e+00 0.000000e+00 5.200000e+01
      vertex   1.944709e+01 6.198349e+00 5.200000e+01
    endloop
  endfacet
  facet normal -0.000000e+00 0.000000e+00 -1.000000e+00
    outer loop
      vertex   1.944709e+01 6.198349e+00 5.200000e+01
      vertex   1.500000e+00 0.000000e+00 5.200000e+01
      vertex   1.922522e+01 6.832437e+00 5.200000e+01
    endloop
  endfacet
  facet normal -0.000000e+00 0.000000e+00 -1.000000e+00
    outer loop
      vertex   1.922522e+01 6.832437e+00 5.200000e+01
      vertex   1.500000e+00 0.000000e+00 5.200000e+01
      vertex   1.915000e+01 7.500000e+00 5.200000e+01
    endloop
  endfacet
  facet normal -0.000000e+00 0.000000e+00 -1.000000e+00
    outer loop
      vertex   1.915000e+01 7.500000e+00 5.200000e+01
      vertex   1.500000e+00 0.000000e+00 5.200000e+01
      vertex   1.922522e+01 8.167563e+00 5.200000e+01
    endloop
  endfacet
  facet normal -0.000000e+00 0.000000e+00 -1.000000e+00
    outer loop
      vertex   1.922522e+01 8.167563e+00 5.200000e+01
      vertex   1.500000e+00 0.000000e+00 5.200000e+01
      vertex   1.500000e+00 1.959176e+01 5.200000e+01
    endloop
  endfacet
  facet normal 0.000000e+00 0.000000e+00 -1.000000e+00
    outer loop
      vertex   1.922522e+01 8.167563e+00 5.200000e+01
      vertex   1.500000e+00 1.959176e+01 5.200000e+01
      vertex   1.944709e+01 8.801651e+00 5.200000e+01
    endloop
  endfacet
  facet normal 0.000000e+00 0.000000e+00 -1.000000e+00
    outer loop
      vertex   1.944709e+01 8.801651e+00 5.200000e+01
      vertex   1.500000e+00 1.959176e+01 5.200000e+01
      vertex   1.980451e+01 9.370469e+00 5.200000e+01
    endloop
  endfacet
  facet normal 0.000000e+00 0.000000e+00 -1.000000e+00
    outer loop
      vertex   1.980451e+01 9.370469e+00 5.200000e+01
      vertex   1.500000e+00 1.959176e+01 5.200000e+01
      vertex   2.027953e+01 9.845494e+00 5.200000e+01
    endloop
  endfacet
  facet normal 0.000000e+00 0.000000e+00 -1.000000e+00
    outer loop
      vertex   2.027953e+01 9.845494e+00 5.200000e+01
      vertex   1.500000e+00 1.959176e+01 5.200000e+01
      vertex   2.084835e+01 1.020291e+01 5.200000e+01
    endloop
  endfacet
  facet normal 0.000000e+00 0.000000e+00 -1.000000e+00
    outer loop
      vertex   2.084835e+01 1.020291e+01 5.200000e+01
      vertex   1.500000e+00 1.959176e+01 5.200000e+01
      vertex   2.148244e+01 1.042478e+01 5.200000e+01
    endloop
  endfacet
  facet normal 0.000000e+00 0.000000e+00 -1.000000e+00
    outer loop
      vertex   2.148244e+01 1.042478e+01 5.200000e+01
      vertex   1.500000e+00 1.959176e+01 5.200000e+01
      vertex   2.215000e+01 1.050000e+01 5.200000e+01
    endloop
  endfacet
  facet normal 0.000000e+00 0.000000e+00 -1.000000e+00
    outer loop
      vertex   2.215000e+01 1.050000e+01 5.200000e+01
      vertex   1.500000e+00 1.959176e+01 5.200000e+01
      vertex   5.262500e+01 1.959176e+01 5.200000e+01
    endloop
  endfacet
  facet normal 0.000000e+00 0.000000e+00 -1.000000e+00
    outer loop
      vertex   2.215000e+01 1.050000e+01 5.200000e+01
      vertex   5.262500e+01 1.959176e+01 5.200000e+01
      vertex   2.281756e+01 1.042478e+01 5.200000e+01
    endloop
  endfacet
  facet normal 0.000000e+00 0.000000e+00 -1.000000e+00
    outer loop
      vertex   2.281756e+01 1.042478e+01 5.200000e+01
      vertex   5.262500e+01 1.959176e+01 5.200000e+01
      vertex   4.548244e+01 1.042478e+01 5.200000e+01
    endloop
  endfacet
  facet normal 0.000000e+00 0.000000e+00 -1.000000e+00
    outer loop
      vertex   2.281756e+01 1.042478e+01 5.200000e+01
      vertex   4.548244e+01 1.042478e+01 5.200000e+01
      vertex   4.484835e+01 1.020291e+01 5.200000e+01
    endloop
  endfacet
  facet normal 0.000000e+00 0.000000e+00 -1.000000e+00
    outer loop
      vertex   4.315000e+01 7.500000e+00 5.200000e+01
      vertex   2.507478e+01 8.167563e+00 5.200000e+01
      vertex   4.322522e+01 8.167563e+00 5.200000e+01
    endloop
  endfacet
  facet normal -0.000000e+00 0.000000e+00 -1.000000e+00
    outer loop
      vertex   4.322522e+01 8.167563e+00 5.200000e+01
      vertex   2.507478e+01 8.167563e+00 5.200000e+01
      vertex   2.485291e+01 8.801651e+00 5.200000e+01
    endloop
  endfacet
  facet normal 0.000000e+00 0.000000e+00 -1.000000e+00
    outer loop
      vertex   4.322522e+01 8.167563e+00 5.200000e+01
      vertex   2.485291e+01 8.801651e+00 5.200000e+01
      vertex   4.344709e+01 8.801651e+00 5.200000e+01
    endloop
  endfacet
  facet normal -0.000000e+00 0.000000e+00 -1.000000e+00
    outer loop
      vertex   4.344709e+01 8.801651e+00 5.200000e+01
      vertex   2.485291e+01 8.801651e+00 5.200000e+01
      vertex   2.449549e+01 9.370469e+00 5.200000e+01
    endloop
  endfacet
  facet normal 0.000000e+00 0.000000e+00 -1.000000e+00
    outer loop
      vertex   4.344709e+01 8.801651e+00 5.200000e+01
      vertex   2.449549e+01 9.370469e+00 5.200000e+01
      vertex   4.380451e+01 9.370470e+00 5.200000e+01
    endloop
  endfacet
  facet normal -0.000000e+00 0.000000e+00 -1.000000e+00
    outer loop
      vertex   4.380451e+01 9.370470e+00 5.200000e+01
      vertex   2.449549e+01 9.370469e+00 5.200000e+01
      vertex   2.402047e+01 9.845494e+00 5.200000e+01
    endloop
  endfacet
  facet normal 0.000000e+00 0.000000e+00 -1.000000e+00
    outer loop
      vertex   4.380451e+01 9.370470e+00 5.200000e+01
      vertex   2.402047e+01 9.845494e+00 5.200000e+01
      vertex   4.427953e+01 9.845495e+00 5.200000e+01
    endloop
  endfacet
  facet normal -0.000000e+00 0.000000e+00 -1.000000e+00
    outer loop
      vertex   4.427953e+01 9.845495e+00 5.200000e+01
      vertex   2.402047e+01 9.845494e+00 5.200000e+01
      vertex   2.345165e+01 1.020291e+01 5.200000e+01
    endloop
  endfacet
  facet normal 0.000000e+00 0.000000e+00 -1.000000e+00
    outer loop
      vertex   4.427953e+01 9.845495e+00 5.200000e+01
      vertex   2.345165e+01 1.020291e+01 5.200000e+01
      vertex   4.484835e+01 1.020291e+01 5.200000e+01
    endloop
  endfacet
  facet normal -0.000000e+00 0.000000e+00 -1.000000e+00
    outer loop
      vertex   4.484835e+01 1.020291e+01 5.200000e+01
      vertex   2.345165e+01 1.020291e+01 5.200000e+01
      vertex   2.281756e+01 1.042478e+01 5.200000e+01
    endloop
  endfacet
  facet normal 0.000000e+00 0.000000e+00 -1.000000e+00
    outer loop
      vertex   4.907478e+01 6.832437e+00 5.200000e+01
      vertex   4.915000e+01 7.500000e+00 5.200000e+01
      vertex   5.262500e+01 0.000000e+00 5.200000e+01
    endloop
  endfacet
  facet normal 0.000000e+00 0.000000e+00 -1.000000e+00
    outer loop
      vertex   5.262500e+01 0.000000e+00 5.200000e+01
      vertex   4.915000e+01 7.500000e+00 5.200000e+01
      vertex   4.907478e+01 8.167563e+00 5.200000e+01
    endloop
  endfacet
  facet normal 0.000000e+00 0.000000e+00 -1.000000e+00
    outer loop
      vertex   5.262500e+01 0.000000e+00 5.200000e+01
      vertex   4.907478e+01 8.167563e+00 5.200000e+01
      vertex   5.262500e+01 1.959176e+01 5.200000e+01
    endloop
  endfacet
  facet normal 0.000000e+00 0.000000e+00 -1.000000e+00
    outer loop
      vertex   5.262500e+01 1.959176e+01 5.200000e+01
      vertex   4.907478e+01 8.167563e+00 5.200000e+01
      vertex   4.885291e+01 8.801651e+00 5.200000e+01
    endloop
  endfacet
  facet normal 0.000000e+00 0.000000e+00 -1.000000e+00
    outer loop
      vertex   5.262500e+01 1.959176e+01 5.200000e+01
      vertex   4.885291e+01 8.801651e+00 5.200000e+01
      vertex   4.849549e+01 9.370470e+00 5.200000e+01
    endloop
  endfacet
  facet normal 0.000000e+00 0.000000e+00 -1.000000e+00
    outer loop
      vertex   4.849549e+01 9.370470e+00 5.200000e+01
      vertex   4.802047e+01 9.845495e+00 5.200000e+01
      vertex   5.262500e+01 1.959176e+01 5.200000e+01
    endloop
  endfacet
  facet normal 0.000000e+00 0.000000e+00 -1.000000e+00
    outer loop
      vertex   5.262500e+01 1.959176e+01 5.200000e+01
      vertex   4.802047e+01 9.845495e+00 5.200000e+01
      vertex   4.745165e+01 1.020291e+01 5.200000e+01
    endloop
  endfacet
  facet normal 0.000000e+00 0.000000e+00 -1.000000e+00
    outer loop
      vertex   5.262500e+01 1.959176e+01 5.200000e+01
      vertex   4.745165e+01 1.020291e+01 5.200000e+01
      vertex   4.681756e+01 1.042478e+01 5.200000e+01
    endloop
  endfacet
  facet normal 0.000000e+00 0.000000e+00 -1.000000e+00
    outer loop
      vertex   4.681756e+01 1.042478e+01 5.200000e+01
      vertex   4.615000e+01 1.050000e+01 5.200000e+01
      vertex   5.262500e+01 1.959176e+01 5.200000e+01
    endloop
  endfacet
  facet normal 0.000000e+00 0.000000e+00 -1.000000e+00
    outer loop
      vertex   5.262500e+01 1.959176e+01 5.200000e+01
      vertex   4.615000e+01 1.050000e+01 5.200000e+01
      vertex   4.548244e+01 1.042478e+01 5.200000e+01
    endloop
  endfacet
  facet normal 0.000000e+00 0.000000e+00 -1.000000e+00
    outer loop
      vertex   4.548244e+01 4.575216e+00 5.200000e+01
      vertex   4.615000e+01 4.500000e+00 5.200000e+01
      vertex   5.262500e+01 0.000000e+00 5.200000e+01
    endloop
  endfacet
  facet normal 0.000000e+00 0.000000e+00 -1.000000e+00
    outer loop
      vertex   5.262500e+01 0.000000e+00 5.200000e+01
      vertex   4.615000e+01 4.500000e+00 5.200000e+01
      vertex   4.681756e+01 4.575216e+00 5.200000e+01
    endloop
  endfacet
  facet normal 0.000000e+00 0.000000e+00 -1.000000e+00
    outer loop
      vertex   5.262500e+01 0.000000e+00 5.200000e+01
      vertex   4.681756e+01 4.575216e+00 5.200000e+01
      vertex   4.745165e+01 4.797094e+00 5.200000e+01
    endloop
  endfacet
  facet normal 0.000000e+00 0.000000e+00 -1.000000e+00
    outer loop
      vertex   4.745165e+01 4.797094e+00 5.200000e+01
      vertex   4.802047e+01 5.154506e+00 5.200000e+01
      vertex   5.262500e+01 0.000000e+00 5.200000e+01
    endloop
  endfacet
  facet normal 0.000000e+00 0.000000e+00 -1.000000e+00
    outer loop
      vertex   5.262500e+01 0.000000e+00 5.200000e+01
      vertex   4.802047e+01 5.154506e+00 5.200000e+01
      vertex   4.849549e+01 5.629531e+00 5.200000e+01
    endloop
  endfacet
  facet normal 0.000000e+00 0.000000e+00 -1.000000e+00
    outer loop
      vertex   5.262500e+01 0.000000e+00 5.200000e+01
      vertex   4.849549e+01 5.629531e+00 5.200000e+01
      vertex   4.885291e+01 6.198349e+00 5.200000e+01
    endloop
  endfacet
  facet normal 0.000000e+00 0.000000e+00 -1.000000e+00
    outer loop
      vertex   4.885291e+01 6.198349e+00 5.200000e+01
      vertex   4.907478e+01 6.832437e+00 5.200000e+01
      vertex   5.262500e+01 0.000000e+00 5.200000e+01
    endloop
  endfacet
  facet normal -9.937122e-01 1.119645e-01 0.000000e+00
    outer loop
      vertex   2.507478e+01 4.045744e+01 5.200000e+01
      vertex   2.507478e+01 4.045744e+01 5.500000e+01
      vertex   2.515000e+01 4.112500e+01 5.200000e+01
    endloop
  endfacet
  facet normal -9.937122e-01 1.119645e-01 0.000000e+00
    outer loop
      vertex   2.515000e+01 4.112500e+01 5.200000e+01
      vertex   2.507478e+01 4.045744e+01 5.500000e+01
      vertex   2.515000e+01 4.112500e+01 5.500000e+01
    endloop
  endfacet
  facet normal -9.937122e-01 -1.119645e-01 0.000000e+00
    outer loop
      vertex   2.515000e+01 4.112500e+01 5.200000e+01
      vertex   2.515000e+01 4.112500e+01 5.500000e+01
      vertex   2.507478e+01 4.179256e+01 5.200000e+01
    endloop
  endfacet
  facet normal -9.937122e-01 -1.119645e-01 0.000000e+00
    outer loop
      vertex   2.507478e+01 4.179256e+01 5.200000e+01
      vertex   2.515000e+01 4.112500e+01 5.500000e+01
      vertex   2.507478e+01 4.179256e+01 5.500000e+01
    endloop
  endfacet
  facet normal -9.438833e-01 -3.302791e-01 0.000000e+00
    outer loop
      vertex   2.507478e+01 4.179256e+01 5.200000e+01
      vertex   2.507478e+01 4.179256e+01 5.500000e+01
      vertex   2.485291e+01 4.242665e+01 5.200000e+01
    endloop
  endfacet
  facet normal -9.438833e-01 -3.302791e-01 0.000000e+00
    outer loop
      vertex   2.485291e+01 4.242665e+01 5.200000e+01
      vertex   2.507478e+01 4.179256e+01 5.500000e+01
      vertex   2.485291e+01 4.242665e+01 5.500000e+01
    endloop
  endfacet
  facet normal -8.467242e-01 -5.320321e-01 0.000000e+00
    outer loop
      vertex   2.485291e+01 4.242665e+01 5.200000e+01
      vertex   2.485291e+01 4.242665e+01 5.500000e+01
      vertex   2.449549e+01 4.299547e+01 5.200000e+01
    endloop
  endfacet
  facet normal -8.467242e-01 -5.320321e-01 0.000000e+00
    outer loop
      vertex   2.449549e+01 4.299547e+01 5.200000e+01
      vertex   2.485291e+01 4.242665e+01 5.500000e+01
      vertex   2.449549e+01 4.299547e+01 5.500000e+01
    endloop
  endfacet
  facet normal -7.071068e-01 -7.071068e-01 0.000000e+00
    outer loop
      vertex   2.449549e+01 4.299547e+01 5.200000e+01
      vertex   2.449549e+01 4.299547e+01 5.500000e+01
      vertex   2.402047e+01 4.347049e+01 5.200000e+01
    endloop
  endfacet
  facet normal -7.071068e-01 -7.071068e-01 0.000000e+00
    outer loop
      vertex   2.402047e+01 4.347049e+01 5.200000e+01
      vertex   2.449549e+01 4.299547e+01 5.500000e+01
      vertex   2.402047e+01 4.347049e+01 5.500000e+01
    endloop
  endfacet
  facet normal -5.320321e-01 -8.467242e-01 0.000000e+00
    outer loop
      vertex   2.402047e+01 4.347049e+01 5.200000e+01
      vertex   2.402047e+01 4.347049e+01 5.500000e+01
      vertex   2.345165e+01 4.382791e+01 5.200000e+01
    endloop
  endfacet
  facet normal -5.320321e-01 -8.467242e-01 0.000000e+00
    outer loop
      vertex   2.345165e+01 4.382791e+01 5.200000e+01
      vertex   2.402047e+01 4.347049e+01 5.500000e+01
      vertex   2.345165e+01 4.382791e+01 5.500000e+01
    endloop
  endfacet
  facet normal -3.302791e-01 -9.438833e-01 0.000000e+00
    outer loop
      vertex   2.345165e+01 4.382791e+01 5.200000e+01
      vertex   2.345165e+01 4.382791e+01 5.500000e+01
      vertex   2.281756e+01 4.404978e+01 5.200000e+01
    endloop
  endfacet
  facet normal -3.302791e-01 -9.438833e-01 0.000000e+00
    outer loop
      vertex   2.281756e+01 4.404978e+01 5.200000e+01
      vertex   2.345165e+01 4.382791e+01 5.500000e+01
      vertex   2.281756e+01 4.404978e+01 5.500000e+01
    endloop
  endfacet
  facet normal -1.119645e-01 -9.937122e-01 0.000000e+00
    outer loop
      vertex   2.281756e+01 4.404978e+01 5.200000e+01
      vertex   2.281756e+01 4.404978e+01 5.500000e+01
      vertex   2.215000e+01 4.412500e+01 5.200000e+01
    endloop
  endfacet
  facet normal -1.119645e-01 -9.937122e-01 0.000000e+00
    outer loop
      vertex   2.215000e+01 4.412500e+01 5.200000e+01
      vertex   2.281756e+01 4.404978e+01 5.500000e+01
      vertex   2.215000e+01 4.412500e+01 5.500000e+01
    endloop
  endfacet
  facet normal 1.119645e-01 -9.937122e-01 0.000000e+00
    outer loop
      vertex   2.215000e+01 4.412500e+01 5.200000e+01
      vertex   2.215000e+01 4.412500e+01 5.500000e+01
      vertex   2.148244e+01 4.404978e+01 5.200000e+01
    endloop
  endfacet
  facet normal 1.119645e-01 -9.937122e-01 0.000000e+00
    outer loop
      vertex   2.148244e+01 4.404978e+01 5.200000e+01
      vertex   2.215000e+01 4.412500e+01 5.500000e+01
      vertex   2.148244e+01 4.404978e+01 5.500000e+01
    endloop
  endfacet
  facet normal 3.302791e-01 -9.438833e-01 0.000000e+00
    outer loop
      vertex   2.148244e+01 4.404978e+01 5.200000e+01
      vertex   2.148244e+01 4.404978e+01 5.500000e+01
      vertex   2.084835e+01 4.382791e+01 5.200000e+01
    endloop
  endfacet
  facet normal 3.302791e-01 -9.438833e-01 0.000000e+00
    outer loop
      vertex   2.084835e+01 4.382791e+01 5.200000e+01
      vertex   2.148244e+01 4.404978e+01 5.500000e+01
      vertex   2.084835e+01 4.382791e+01 5.500000e+01
    endloop
  endfacet
  facet normal 5.320321e-01 -8.467242e-01 0.000000e+00
    outer loop
      vertex   2.084835e+01 4.382791e+01 5.200000e+01
      vertex   2.084835e+01 4.382791e+01 5.500000e+01
      vertex   2.027953e+01 4.347049e+01 5.200000e+01
    endloop
  endfacet
  facet normal 5.320321e-01 -8.467242e-01 0.000000e+00
    outer loop
      vertex   2.027953e+01 4.347049e+01 5.200000e+01
      vertex   2.084835e+01 4.382791e+01 5.500000e+01
      vertex   2.027953e+01 4.347049e+01 5.500000e+01
    endloop
  endfacet
  facet normal 7.071068e-01 -7.071068e-01 0.000000e+00
    outer loop
      vertex   2.027953e+01 4.347049e+01 5.200000e+01
      vertex   2.027953e+01 4.347049e+01 5.500000e+01
      vertex   1.980451e+01 4.299547e+01 5.200000e+01
    endloop
  endfacet
  facet normal 7.071068e-01 -7.071068e-01 0.000000e+00
    outer loop
      vertex   1.980451e+01 4.299547e+01 5.200000e+01
      vertex   2.027953e+01 4.347049e+01 5.500000e+01
      vertex   1.980451e+01 4.299547e+01 5.500000e+01
    endloop
  endfacet
  facet normal 8.467242e-01 -5.320321e-01 0.000000e+00
    outer loop
      vertex   1.980451e+01 4.299547e+01 5.200000e+01
      vertex   1.980451e+01 4.299547e+01 5.500000e+01
      vertex   1.944709e+01 4.242665e+01 5.200000e+01
    endloop
  endfacet
  facet normal 8.467242e-01 -5.320321e-01 0.000000e+00
    outer loop
      vertex   1.944709e+01 4.242665e+01 5.200000e+01
      vertex   1.980451e+01 4.299547e+01 5.500000e+01
      vertex   1.944709e+01 4.242665e+01 5.500000e+01
    endloop
  endfacet
  facet normal 9.438833e-01 -3.302791e-01 0.000000e+00
    outer loop
      vertex   1.944709e+01 4.242665e+01 5.200000e+01
      vertex   1.944709e+01 4.242665e+01 5.500000e+01
      vertex   1.922522e+01 4.179256e+01 5.200000e+01
    endloop
  endfacet
  facet normal 9.438833e-01 -3.302791e-01 0.000000e+00
    outer loop
      vertex   1.922522e+01 4.179256e+01 5.200000e+01
      vertex   1.944709e+01 4.242665e+01 5.500000e+01
      vertex   1.922522e+01 4.179256e+01 5.500000e+01
    endloop
  endfacet
  facet normal 9.937122e-01 -1.119645e-01 0.000000e+00
    outer loop
      vertex   1.922522e+01 4.179256e+01 5.200000e+01
      vertex   1.922522e+01 4.179256e+01 5.500000e+01
      vertex   1.915000e+01 4.112500e+01 5.200000e+01
    endloop
  endfacet
  facet normal 9.937122e-01 -1.119645e-01 0.000000e+00
    outer loop
      vertex   1.915000e+01 4.112500e+01 5.200000e+01
      vertex   1.922522e+01 4.179256e+01 5.500000e+01
      vertex   1.915000e+01 4.112500e+01 5.500000e+01
    endloop
  endfacet
  facet normal 9.937122e-01 1.119645e-01 -0.000000e+00
    outer loop
      vertex   1.915000e+01 4.112500e+01 5.200000e+01
      vertex   1.915000e+01 4.112500e+01 5.500000e+01
      vertex   1.922522e+01 4.045744e+01 5.200000e+01
    endloop
  endfacet
  facet normal 9.937122e-01 1.119645e-01 -0.000000e+00
    outer loop
      vertex   1.922522e+01 4.045744e+01 5.200000e+01
      vertex   1.915000e+01 4.112500e+01 5.500000e+01
      vertex   1.922522e+01 4.045744e+01 5.500000e+01
    endloop
  endfacet
  facet normal 9.438833e-01 3.302791e-01 -0.000000e+00
    outer loop
      vertex   1.922522e+01 4.045744e+01 5.200000e+01
      vertex   1.922522e+01 4.045744e+01 5.500000e+01
      vertex   1.944709e+01 3.982335e+01 5.200000e+01
    endloop
  endfacet
  facet normal 9.438833e-01 3.302791e-01 -0.000000e+00
    outer loop
      vertex   1.944709e+01 3.982335e+01 5.200000e+01
      vertex   1.922522e+01 4.045744e+01 5.500000e+01
      vertex   1.944709e+01 3.982335e+01 5.500000e+01
    endloop
  endfacet
  facet normal 8.467242e-01 5.320321e-01 -0.000000e+00
    outer loop
      vertex   1.944709e+01 3.982335e+01 5.200000e+01
      vertex   1.944709e+01 3.982335e+01 5.500000e+01
      vertex   1.980451e+01 3.925453e+01 5.200000e+01
    endloop
  endfacet
  facet normal 8.467242e-01 5.320321e-01 -0.000000e+00
    outer loop
      vertex   1.980451e+01 3.925453e+01 5.200000e+01
      vertex   1.944709e+01 3.982335e+01 5.500000e+01
      vertex   1.980451e+01 3.925453e+01 5.500000e+01
    endloop
  endfacet
  facet normal 7.071068e-01 7.071068e-01 -0.000000e+00
    outer loop
      vertex   1.980451e+01 3.925453e+01 5.200000e+01
      vertex   1.980451e+01 3.925453e+01 5.500000e+01
      vertex   2.027953e+01 3.877951e+01 5.200000e+01
    endloop
  endfacet
  facet normal 7.071068e-01 7.071068e-01 -0.000000e+00
    outer loop
      vertex   2.027953e+01 3.877951e+01 5.200000e+01
      vertex   1.980451e+01 3.925453e+01 5.500000e+01
      vertex   2.027953e+01 3.877951e+01 5.500000e+01
    endloop
  endfacet
  facet normal 5.320321e-01 8.467242e-01 -0.000000e+00
    outer loop
      vertex   2.027953e+01 3.877951e+01 5.200000e+01
      vertex   2.027953e+01 3.877951e+01 5.500000e+01
      vertex   2.084835e+01 3.842209e+01 5.200000e+01
    endloop
  endfacet
  facet normal 5.320321e-01 8.467242e-01 -0.000000e+00
    outer loop
      vertex   2.084835e+01 3.842209e+01 5.200000e+01
      vertex   2.027953e+01 3.877951e+01 5.500000e+01
      vertex   2.084835e+01 3.842209e+01 5.500000e+01
    endloop
  endfacet
  facet normal 3.302791e-01 9.438833e-01 -0.000000e+00
    outer loop
      vertex   2.084835e+01 3.842209e+01 5.200000e+01
      vertex   2.084835e+01 3.842209e+01 5.500000e+01
      vertex   2.148244e+01 3.820022e+01 5.200000e+01
    endloop
  endfacet
  facet normal 3.302791e-01 9.438833e-01 -0.000000e+00
    outer loop
      vertex   2.148244e+01 3.820022e+01 5.200000e+01
      vertex   2.084835e+01 3.842209e+01 5.500000e+01
      vertex   2.148244e+01 3.820022e+01 5.500000e+01
    endloop
  endfacet
  facet normal 1.119645e-01 9.937122e-01 -0.000000e+00
    outer loop
      vertex   2.148244e+01 3.820022e+01 5.200000e+01
      vertex   2.148244e+01 3.820022e+01 5.500000e+01
      vertex   2.215000e+01 3.812500e+01 5.200000e+01
    endloop
  endfacet
  facet normal 1.119645e-01 9.937122e-01 -0.000000e+00
    outer loop
      vertex   2.215000e+01 3.812500e+01 5.200000e+01
      vertex   2.148244e+01 3.820022e+01 5.500000e+01
      vertex   2.215000e+01 3.812500e+01 5.500000e+01
    endloop
  endfacet
  facet normal -1.119645e-01 9.937122e-01 0.000000e+00
    outer loop
      vertex   2.215000e+01 3.812500e+01 5.200000e+01
      vertex   2.215000e+01 3.812500e+01 5.500000e+01
      vertex   2.281756e+01 3.820022e+01 5.200000e+01
    endloop
  endfacet
  facet normal -1.119645e-01 9.937122e-01 0.000000e+00
    outer loop
      vertex   2.281756e+01 3.820022e+01 5.200000e+01
      vertex   2.215000e+01 3.812500e+01 5.500000e+01
      vertex   2.281756e+01 3.820022e+01 5.500000e+01
    endloop
  endfacet
  facet normal -3.302791e-01 9.438833e-01 0.000000e+00
    outer loop
      vertex   2.281756e+01 3.820022e+01 5.200000e+01
      vertex   2.281756e+01 3.820022e+01 5.500000e+01
      vertex   2.345165e+01 3.842209e+01 5.200000e+01
    endloop
  endfacet
  facet normal -3.302791e-01 9.438833e-01 0.000000e+00
    outer loop
      vertex   2.345165e+01 3.842209e+01 5.200000e+01
      vertex   2.281756e+01 3.820022e+01 5.500000e+01
      vertex   2.345165e+01 3.842209e+01 5.500000e+01
    endloop
  endfacet
  facet normal -5.320321e-01 8.467242e-01 0.000000e+00
    outer loop
      vertex   2.345165e+01 3.842209e+01 5.200000e+01
      vertex   2.345165e+01 3.842209e+01 5.500000e+01
      vertex   2.402047e+01 3.877951e+01 5.200000e+01
    endloop
  endfacet
  facet normal -5.320321e-01 8.467242e-01 0.000000e+00
    outer loop
      vertex   2.402047e+01 3.877951e+01 5.200000e+01
      vertex   2.345165e+01 3.842209e+01 5.500000e+01
      vertex   2.402047e+01 3.877951e+01 5.500000e+01
    endloop
  endfacet
  facet normal -7.071068e-01 7.071068e-01 0.000000e+00
    outer loop
      vertex   2.402047e+01 3.877951e+01 5.200000e+01
      vertex   2.402047e+01 3.877951e+01 5.500000e+01
      vertex   2.449549e+01 3.925453e+01 5.200000e+01
    endloop
  endfacet
  facet normal -7.071068e-01 7.071068e-01 0.000000e+00
    outer loop
      vertex   2.449549e+01 3.925453e+01 5.200000e+01
      vertex   2.402047e+01 3.877951e+01 5.500000e+01
      vertex   2.449549e+01 3.925453e+01 5.500000e+01
    endloop
  endfacet
  facet normal -8.467242e-01 5.320321e-01 0.000000e+00
    outer loop
      vertex   2.449549e+01 3.925453e+01 5.200000e+01
      vertex   2.449549e+01 3.925453e+01 5.500000e+01
      vertex   2.485291e+01 3.982335e+01 5.200000e+01
    endloop
  endfacet
  facet normal -8.467242e-01 5.320321e-01 0.000000e+00
    outer loop
      vertex   2.485291e+01 3.982335e+01 5.200000e+01
      vertex   2.449549e+01 3.925453e+01 5.500000e+01
      vertex   2.485291e+01 3.982335e+01 5.500000e+01
    endloop
  endfacet
  facet normal -9.438833e-01 3.302791e-01 0.000000e+00
    outer loop
      vertex   2.485291e+01 3.982335e+01 5.200000e+01
      vertex   2.485291e+01 3.982335e+01 5.500000e+01
      vertex   2.507478e+01 4.045744e+01 5.200000e+01
    endloop
  endfacet
  facet normal -9.438833e-01 3.302791e-01 0.000000e+00
    outer loop
      vertex   2.507478e+01 4.045744e+01 5.200000e+01
      vertex   2.485291e+01 3.982335e+01 5.500000e+01
      vertex   2.507478e+01 4.045744e+01 5.500000e+01
    endloop
  endfacet
  facet normal -9.937122e-01 1.119645e-01 0.000000e+00
    outer loop
      vertex   4.907478e+01 4.045744e+01 5.200000e+01
      vertex   4.907478e+01 4.045744e+01 5.500000e+01
      vertex   4.915000e+01 4.112500e+01 5.200000e+01
    endloop
  endfacet
  facet normal -9.937122e-01 1.119645e-01 0.000000e+00
    outer loop
      vertex   4.915000e+01 4.112500e+01 5.200000e+01
      vertex   4.907478e+01 4.045744e+01 5.500000e+01
      vertex   4.915000e+01 4.112500e+01 5.500000e+01
    endloop
  endfacet
  facet normal -9.937122e-01 -1.119645e-01 0.000000e+00
    outer loop
      vertex   4.915000e+01 4.112500e+01 5.200000e+01
      vertex   4.915000e+01 4.112500e+01 5.500000e+01
      vertex   4.907478e+01 4.179256e+01 5.200000e+01
    endloop
  endfacet
  facet normal -9.937122e-01 -1.119645e-01 0.000000e+00
    outer loop
      vertex   4.907478e+01 4.179256e+01 5.200000e+01
      vertex   4.915000e+01 4.112500e+01 5.500000e+01
      vertex   4.907478e+01 4.179256e+01 5.500000e+01
    endloop
  endfacet
  facet normal -9.438833e-01 -3.302791e-01 0.000000e+00
    outer loop
      vertex   4.907478e+01 4.179256e+01 5.200000e+01
      vertex   4.907478e+01 4.179256e+01 5.500000e+01
      vertex   4.885291e+01 4.242665e+01 5.200000e+01
    endloop
  endfacet
  facet normal -9.438833e-01 -3.302791e-01 0.000000e+00
    outer loop
      vertex   4.885291e+01 4.242665e+01 5.200000e+01
      vertex   4.907478e+01 4.179256e+01 5.500000e+01
      vertex   4.885291e+01 4.242665e+01 5.500000e+01
    endloop
  endfacet
  facet normal -8.467242e-01 -5.320321e-01 0.000000e+00
    outer loop
      vertex   4.885291e+01 4.242665e+01 5.200000e+01
      vertex   4.885291e+01 4.242665e+01 5.500000e+01
      vertex   4.849549e+01 4.299547e+01 5.200000e+01
    endloop
  endfacet
  facet normal -8.467242e-01 -5.320321e-01 0.000000e+00
    outer loop
      vertex   4.849549e+01 4.299547e+01 5.200000e+01
      vertex   4.885291e+01 4.242665e+01 5.500000e+01
      vertex   4.849549e+01 4.299547e+01 5.500000e+01
    endloop
  endfacet
  facet normal -7.071068e-01 -7.071068e-01 0.000000e+00
    outer loop
      vertex   4.849549e+01 4.299547e+01 5.200000e+01
      vertex   4.849549e+01 4.299547e+01 5.500000e+01
      vertex   4.802047e+01 4.347049e+01 5.200000e+01
    endloop
  endfacet
  facet normal -7.071068e-01 -7.071068e-01 0.000000e+00
    outer loop
      vertex   4.802047e+01 4.347049e+01 5.200000e+01
      vertex   4.849549e+01 4.299547e+01 5.500000e+01
      vertex   4.802047e+01 4.347049e+01 5.500000e+01
    endloop
  endfacet
  facet normal -5.320321e-01 -8.467242e-01 0.000000e+00
    outer loop
      vertex   4.802047e+01 4.347049e+01 5.200000e+01
      vertex   4.802047e+01 4.347049e+01 5.500000e+01
      vertex   4.745165e+01 4.382791e+01 5.200000e+01
    endloop
  endfacet
  facet normal -5.320321e-01 -8.467242e-01 0.000000e+00
    outer loop
      vertex   4.745165e+01 4.382791e+01 5.200000e+01
      vertex   4.802047e+01 4.347049e+01 5.500000e+01
      vertex   4.745165e+01 4.382791e+01 5.500000e+01
    endloop
  endfacet
  facet normal -3.302791e-01 -9.438833e-01 0.000000e+00
    outer loop
      vertex   4.745165e+01 4.382791e+01 5.200000e+01
      vertex   4.745165e+01 4.382791e+01 5.500000e+01
      vertex   4.681756e+01 4.404978e+01 5.200000e+01
    endloop
  endfacet
  facet normal -3.302791e-01 -9.438833e-01 0.000000e+00
    outer loop
      vertex   4.681756e+01 4.404978e+01 5.200000e+01
      vertex   4.745165e+01 4.382791e+01 5.500000e+01
      vertex   4.681756e+01 4.404978e+01 5.500000e+01
    endloop
  endfacet
  facet normal -1.119645e-01 -9.937122e-01 0.000000e+00
    outer loop
      vertex   4.681756e+01 4.404978e+01 5.200000e+01
      vertex   4.681756e+01 4.404978e+01 5.500000e+01
      vertex   4.615000e+01 4.412500e+01 5.200000e+01
    endloop
  endfacet
  facet normal -1.119645e-01 -9.937122e-01 0.000000e+00
    outer loop
      vertex   4.615000e+01 4.412500e+01 5.200000e+01
      vertex   4.681756e+01 4.404978e+01 5.500000e+01
      vertex   4.615000e+01 4.412500e+01 5.500000e+01
    endloop
  endfacet
  facet normal 1.119645e-01 -9.937122e-01 0.000000e+00
    outer loop
      vertex   4.615000e+01 4.412500e+01 5.200000e+01
      vertex   4.615000e+01 4.412500e+01 5.500000e+01
      vertex   4.548244e+01 4.404978e+01 5.200000e+01
    endloop
  endfacet
  facet normal 1.119645e-01 -9.937122e-01 0.000000e+00
    outer loop
      vertex   4.548244e+01 4.404978e+01 5.200000e+01
      vertex   4.615000e+01 4.412500e+01 5.500000e+01
      vertex   4.548244e+01 4.404978e+01 5.500000e+01
    endloop
  endfacet
  facet normal 3.302791e-01 -9.438833e-01 0.000000e+00
    outer loop
      vertex   4.548244e+01 4.404978e+01 5.200000e+01
      vertex   4.548244e+01 4.404978e+01 5.500000e+01
      vertex   4.484835e+01 4.382791e+01 5.200000e+01
    endloop
  endfacet
  facet normal 3.302791e-01 -9.438833e-01 0.000000e+00
    outer loop
      vertex   4.484835e+01 4.382791e+01 5.200000e+01
      vertex   4.548244e+01 4.404978e+01 5.500000e+01
      vertex   4.484835e+01 4.382791e+01 5.500000e+01
    endloop
  endfacet
  facet normal 5.320321e-01 -8.467242e-01 0.000000e+00
    outer loop
      vertex   4.484835e+01 4.382791e+01 5.200000e+01
      vertex   4.484835e+01 4.382791e+01 5.500000e+01
      vertex   4.427953e+01 4.347049e+01 5.200000e+01
    endloop
  endfacet
  facet normal 5.320321e-01 -8.467242e-01 0.000000e+00
    outer loop
      vertex   4.427953e+01 4.347049e+01 5.200000e+01
      vertex   4.484835e+01 4.382791e+01 5.500000e+01
      vertex   4.427953e+01 4.347049e+01 5.500000e+01
    endloop
  endfacet
  facet normal 7.071068e-01 -7.071068e-01 0.000000e+00
    outer loop
      vertex   4.427953e+01 4.347049e+01 5.200000e+01
      vertex   4.427953e+01 4.347049e+01 5.500000e+01
      vertex   4.380451e+01 4.299547e+01 5.200000e+01
    endloop
  endfacet
  facet normal 7.071068e-01 -7.071068e-01 0.000000e+00
    outer loop
      vertex   4.380451e+01 4.299547e+01 5.200000e+01
      vertex   4.427953e+01 4.347049e+01 5.500000e+01
      vertex   4.380451e+01 4.299547e+01 5.500000e+01
    endloop
  endfacet
  facet normal 8.467242e-01 -5.320321e-01 0.000000e+00
    outer loop
      vertex   4.380451e+01 4.299547e+01 5.200000e+01
      vertex   4.380451e+01 4.299547e+01 5.500000e+01
      vertex   4.344709e+01 4.242665e+01 5.200000e+01
    endloop
  endfacet
  facet normal 8.467242e-01 -5.320321e-01 0.000000e+00
    outer loop
      vertex   4.344709e+01 4.242665e+01 5.200000e+01
      vertex   4.380451e+01 4.299547e+01 5.500000e+01
      vertex   4.344709e+01 4.242665e+01 5.500000e+01
    endloop
  endfacet
  facet normal 9.438833e-01 -3.302791e-01 0.000000e+00
    outer loop
      vertex   4.344709e+01 4.242665e+01 5.200000e+01
      vertex   4.344709e+01 4.242665e+01 5.500000e+01
      vertex   4.322522e+01 4.179256e+01 5.200000e+01
    endloop
  endfacet
  facet normal 9.438833e-01 -3.302791e-01 0.000000e+00
    outer loop
      vertex   4.322522e+01 4.179256e+01 5.200000e+01
      vertex   4.344709e+01 4.242665e+01 5.500000e+01
      vertex   4.322522e+01 4.179256e+01 5.500000e+01
    endloop
  endfacet
  facet normal 9.937122e-01 -1.119645e-01 0.000000e+00
    outer loop
      vertex   4.322522e+01 4.179256e+01 5.200000e+01
      vertex   4.322522e+01 4.179256e+01 5.500000e+01
      vertex   4.315000e+01 4.112500e+01 5.200000e+01
    endloop
  endfacet
  facet normal 9.937122e-01 -1.119645e-01 0.000000e+00
    outer loop
      vertex   4.315000e+01 4.112500e+01 5.200000e+01
      vertex   4.322522e+01 4.179256e+01 5.500000e+01
      vertex   4.315000e+01 4.112500e+01 5.500000e+01
    endloop
  endfacet
  facet normal 9.937122e-01 1.119645e-01 -0.000000e+00
    outer loop
      vertex   4.315000e+01 4.112500e+01 5.200000e+01
      vertex   4.315000e+01 4.112500e+01 5.500000e+01
      vertex   4.322522e+01 4.045744e+01 5.200000e+01
    endloop
  endfacet
  facet normal 9.937122e-01 1.119645e-01 -0.000000e+00
    outer loop
      vertex   4.322522e+01 4.045744e+01 5.200000e+01
      vertex   4.315000e+01 4.112500e+01 5.500000e+01
      vertex   4.322522e+01 4.045744e+01 5.500000e+01
    endloop
  endfacet
  facet normal 9.438833e-01 3.302791e-01 -0.000000e+00
    outer loop
      vertex   4.322522e+01 4.045744e+01 5.200000e+01
      vertex   4.322522e+01 4.045744e+01 5.500000e+01
      vertex   4.344709e+01 3.982335e+01 5.200000e+01
    endloop
  endfacet
  facet normal 9.438833e-01 3.302791e-01 -0.000000e+00
    outer loop
      vertex   4.344709e+01 3.982335e+01 5.200000e+01
      vertex   4.322522e+01 4.045744e+01 5.500000e+01
      vertex   4.344709e+01 3.982335e+01 5.500000e+01
    endloop
  endfacet
  facet normal 8.467242e-01 5.320321e-01 -0.000000e+00
    outer loop
      vertex   4.344709e+01 3.982335e+01 5.200000e+01
      vertex   4.344709e+01 3.982335e+01 5.500000e+01
      vertex   4.380451e+01 3.925453e+01 5.200000e+01
    endloop
  endfacet
  facet normal 8.467242e-01 5.320321e-01 -0.000000e+00
    outer loop
      vertex   4.380451e+01 3.925453e+01 5.200000e+01
      vertex   4.344709e+01 3.982335e+01 5.500000e+01
      vertex   4.380451e+01 3.925453e+01 5.500000e+01
    endloop
  endfacet
  facet normal 7.071068e-01 7.071068e-01 -0.000000e+00
    outer loop
      vertex   4.380451e+01 3.925453e+01 5.200000e+01
      vertex   4.380451e+01 3.925453e+01 5.500000e+01
      vertex   4.427953e+01 3.877951e+01 5.200000e+01
    endloop
  endfacet
  facet normal 7.071068e-01 7.071068e-01 -0.000000e+00
    outer loop
      vertex   4.427953e+01 3.877951e+01 5.200000e+01
      vertex   4.380451e+01 3.925453e+01 5.500000e+01
      vertex   4.427953e+01 3.877951e+01 5.500000e+01
    endloop
  endfacet
  facet normal 5.320321e-01 8.467242e-01 -0.000000e+00
    outer loop
      vertex   4.427953e+01 3.877951e+01 5.200000e+01
      vertex   4.427953e+01 3.877951e+01 5.500000e+01
      vertex   4.484835e+01 3.842209e+01 5.200000e+01
    endloop
  endfacet
  facet normal 5.320321e-01 8.467242e-01 -0.000000e+00
    outer loop
      vertex   4.484835e+01 3.842209e+01 5.200000e+01
      vertex   4.427953e+01 3.877951e+01 5.500000e+01
      vertex   4.484835e+01 3.842209e+01 5.500000e+01
    endloop
  endfacet
  facet normal 3.302791e-01 9.438833e-01 -0.000000e+00
    outer loop
      vertex   4.484835e+01 3.842209e+01 5.200000e+01
      vertex   4.484835e+01 3.842209e+01 5.500000e+01
      vertex   4.548244e+01 3.820022e+01 5.200000e+01
    endloop
  endfacet
  facet normal 3.302791e-01 9.438833e-01 -0.000000e+00
    outer loop
      vertex   4.548244e+01 3.820022e+01 5.200000e+01
      vertex   4.484835e+01 3.842209e+01 5.500000e+01
      vertex   4.548244e+01 3.820022e+01 5.500000e+01
    endloop
  endfacet
  facet normal 1.119645e-01 9.937122e-01 -0.000000e+00
    outer loop
      vertex   4.548244e+01 3.820022e+01 5.200000e+01
      vertex   4.548244e+01 3.820022e+01 5.500000e+01
      vertex   4.615000e+01 3.812500e+01 5.200000e+01
    endloop
  endfacet
  facet normal 1.119645e-01 9.937122e-01 -0.000000e+00
    outer loop
      vertex   4.615000e+01 3.812500e+01 5.200000e+01
      vertex   4.548244e+01 3.820022e+01 5.500000e+01
      vertex   4.615000e+01 3.812500e+01 5.500000e+01
    endloop
  endfacet
  facet normal -1.119645e-01 9.937122e-01 0.000000e+00
    outer loop
      vertex   4.615000e+01 3.812500e+01 5.200000e+01
      vertex   4.615000e+01 3.812500e+01 5.500000e+01
      vertex   4.681756e+01 3.820022e+01 5.200000e+01
    endloop
  endfacet
  facet normal -1.119645e-01 9.937122e-01 0.000000e+00
    outer loop
      vertex   4.681756e+01 3.820022e+01 5.200000e+01
      vertex   4.615000e+01 3.812500e+01 5.500000e+01
      vertex   4.681756e+01 3.820022e+01 5.500000e+01
    endloop
  endfacet
  facet normal -3.302791e-01 9.438833e-01 0.000000e+00
    outer loop
      vertex   4.681756e+01 3.820022e+01 5.200000e+01
      vertex   4.681756e+01 3.820022e+01 5.500000e+01
      vertex   4.745165e+01 3.842209e+01 5.200000e+01
    endloop
  endfacet
  facet normal -3.302791e-01 9.438833e-01 0.000000e+00
    outer loop
      vertex   4.745165e+01 3.842209e+01 5.200000e+01
      vertex   4.681756e+01 3.820022e+01 5.500000e+01
      vertex   4.745165e+01 3.842209e+01 5.500000e+01
    endloop
  endfacet
  facet normal -5.320321e-01 8.467242e-01 0.000000e+00
    outer loop
      vertex   4.745165e+01 3.842209e+01 5.200000e+01
      vertex   4.745165e+01 3.842209e+01 5.500000e+01
      vertex   4.802047e+01 3.877951e+01 5.200000e+01
    endloop
  endfacet
  facet normal -5.320321e-01 8.467242e-01 0.000000e+00
    outer loop
      vertex   4.802047e+01 3.877951e+01 5.200000e+01
      vertex   4.745165e+01 3.842209e+01 5.500000e+01
      vertex   4.802047e+01 3.877951e+01 5.500000e+01
    endloop
  endfacet
  facet normal -7.071068e-01 7.071068e-01 0.000000e+00
    outer loop
      vertex   4.802047e+01 3.877951e+01 5.200000e+01
      vertex   4.802047e+01 3.877951e+01 5.500000e+01
      vertex   4.849549e+01 3.925453e+01 5.200000e+01
    endloop
  endfacet
  facet normal -7.071068e-01 7.071068e-01 0.000000e+00
    outer loop
      vertex   4.849549e+01 3.925453e+01 5.200000e+01
      vertex   4.802047e+01 3.877951e+01 5.500000e+01
      vertex   4.849549e+01 3.925453e+01 5.500000e+01
    endloop
  endfacet
  facet normal -8.467242e-01 5.320321e-01 0.000000e+00
    outer loop
      vertex   4.849549e+01 3.925453e+01 5.200000e+01
      vertex   4.849549e+01 3.925453e+01 5.500000e+01
      vertex   4.885291e+01 3.982335e+01 5.200000e+01
    endloop
  endfacet
  facet normal -8.467242e-01 5.320321e-01 0.000000e+00
    outer loop
      vertex   4.885291e+01 3.982335e+01 5.200000e+01
      vertex   4.849549e+01 3.925453e+01 5.500000e+01
      vertex   4.885291e+01 3.982335e+01 5.500000e+01
    endloop
  endfacet
  facet normal -9.438833e-01 3.302791e-01 0.000000e+00
    outer loop
      vertex   4.885291e+01 3.982335e+01 5.200000e+01
      vertex   4.885291e+01 3.982335e+01 5.500000e+01
      vertex   4.907478e+01 4.045744e+01 5.200000e+01
    endloop
  endfacet
  facet normal -9.438833e-01 3.302791e-01 0.000000e+00
    outer loop
      vertex   4.907478e+01 4.045744e+01 5.200000e+01
      vertex   4.885291e+01 3.982335e+01 5.500000e+01
      vertex   4.907478e+01 4.045744e+01 5.500000e+01
    endloop
  endfacet
  facet normal -9.937122e-01 1.119645e-01 0.000000e+00
    outer loop
      vertex   4.907478e+01 6.832437e+00 5.200000e+01
      vertex   4.907478e+01 6.832437e+00 5.500000e+01
      vertex   4.915000e+01 7.500000e+00 5.200000e+01
    endloop
  endfacet
  facet normal -9.937122e-01 1.119645e-01 0.000000e+00
    outer loop
      vertex   4.915000e+01 7.500000e+00 5.200000e+01
      vertex   4.907478e+01 6.832437e+00 5.500000e+01
      vertex   4.915000e+01 7.500000e+00 5.500000e+01
    endloop
  endfacet
  facet normal -9.937122e-01 -1.119645e-01 0.000000e+00
    outer loop
      vertex   4.915000e+01 7.500000e+00 5.200000e+01
      vertex   4.915000e+01 7.500000e+00 5.500000e+01
      vertex   4.907478e+01 8.167563e+00 5.200000e+01
    endloop
  endfacet
  facet normal -9.937122e-01 -1.119645e-01 0.000000e+00
    outer loop
      vertex   4.907478e+01 8.167563e+00 5.200000e+01
      vertex   4.915000e+01 7.500000e+00 5.500000e+01
      vertex   4.907478e+01 8.167563e+00 5.500000e+01
    endloop
  endfacet
  facet normal -9.438833e-01 -3.302791e-01 0.000000e+00
    outer loop
      vertex   4.907478e+01 8.167563e+00 5.200000e+01
      vertex   4.907478e+01 8.167563e+00 5.500000e+01
      vertex   4.885291e+01 8.801651e+00 5.200000e+01
    endloop
  endfacet
  facet normal -9.438833e-01 -3.302791e-01 0.000000e+00
    outer loop
      vertex   4.885291e+01 8.801651e+00 5.200000e+01
      vertex   4.907478e+01 8.167563e+00 5.500000e+01
      vertex   4.885291e+01 8.801651e+00 5.500000e+01
    endloop
  endfacet
  facet normal -8.467242e-01 -5.320321e-01 0.000000e+00
    outer loop
      vertex   4.885291e+01 8.801651e+00 5.200000e+01
      vertex   4.885291e+01 8.801651e+00 5.500000e+01
      vertex   4.849549e+01 9.370470e+00 5.200000e+01
    endloop
  endfacet
  facet normal -8.467242e-01 -5.320321e-01 0.000000e+00
    outer loop
      vertex   4.849549e+01 9.370470e+00 5.200000e+01
      vertex   4.885291e+01 8.801651e+00 5.500000e+01
      vertex   4.849549e+01 9.370470e+00 5.500000e+01
    endloop
  endfacet
  facet normal -7.071068e-01 -7.071068e-01 0.000000e+00
    outer loop
      vertex   4.849549e+01 9.370470e+00 5.200000e+01
      vertex   4.849549e+01 9.370470e+00 5.500000e+01
      vertex   4.802047e+01 9.845495e+00 5.200000e+01
    endloop
  endfacet
  facet normal -7.071068e-01 -7.071068e-01 0.000000e+00
    outer loop
      vertex   4.802047e+01 9.845495e+00 5.200000e+01
      vertex   4.849549e+01 9.370470e+00 5.500000e+01
      vertex   4.802047e+01 9.845495e+00 5.500000e+01
    endloop
  endfacet
  facet normal -5.320321e-01 -8.467242e-01 0.000000e+00
    outer loop
      vertex   4.802047e+01 9.845495e+00 5.200000e+01
      vertex   4.802047e+01 9.845495e+00 5.500000e+01
      vertex   4.745165e+01 1.020291e+01 5.200000e+01
    endloop
  endfacet
  facet normal -5.320321e-01 -8.467242e-01 0.000000e+00
    outer loop
      vertex   4.745165e+01 1.020291e+01 5.200000e+01
      vertex   4.802047e+01 9.845495e+00 5.500000e+01
      vertex   4.745165e+01 1.020291e+01 5.500000e+01
    endloop
  endfacet
  facet normal -3.302791e-01 -9.438833e-01 0.000000e+00
    outer loop
      vertex   4.745165e+01 1.020291e+01 5.200000e+01
      vertex   4.745165e+01 1.020291e+01 5.500000e+01
      vertex   4.681756e+01 1.042478e+01 5.200000e+01
    endloop
  endfacet
  facet normal -3.302791e-01 -9.438833e-01 0.000000e+00
    outer loop
      vertex   4.681756e+01 1.042478e+01 5.200000e+01
      vertex   4.745165e+01 1.020291e+01 5.500000e+01
      vertex   4.681756e+01 1.042478e+01 5.500000e+01
    endloop
  endfacet
  facet normal -1.119645e-01 -9.937122e-01 0.000000e+00
    outer loop
      vertex   4.681756e+01 1.042478e+01 5.200000e+01
      vertex   4.681756e+01 1.042478e+01 5.500000e+01
      vertex   4.615000e+01 1.050000e+01 5.200000e+01
    endloop
  endfacet
  facet normal -1.119645e-01 -9.937122e-01 0.000000e+00
    outer loop
      vertex   4.615000e+01 1.050000e+01 5.200000e+01
      vertex   4.681756e+01 1.042478e+01 5.500000e+01
      vertex   4.615000e+01 1.050000e+01 5.500000e+01
    endloop
  endfacet
  facet normal 1.119645e-01 -9.937122e-01 0.000000e+00
    outer loop
      vertex   4.615000e+01 1.050000e+01 5.200000e+01
      vertex   4.615000e+01 1.050000e+01 5.500000e+01
      vertex   4.548244e+01 1.042478e+01 5.200000e+01
    endloop
  endfacet
  facet normal 1.119645e-01 -9.937122e-01 0.000000e+00
    outer loop
      vertex   4.548244e+01 1.042478e+01 5.200000e+01
      vertex   4.615000e+01 1.050000e+01 5.500000e+01
      vertex   4.548244e+01 1.042478e+01 5.500000e+01
    endloop
  endfacet
  facet normal 3.302791e-01 -9.438833e-01 0.000000e+00
    outer loop
      vertex   4.548244e+01 1.042478e+01 5.200000e+01
      vertex   4.548244e+01 1.042478e+01 5.500000e+01
      vertex   4.484835e+01 1.020291e+01 5.200000e+01
    endloop
  endfacet
  facet normal 3.302791e-01 -9.438833e-01 0.000000e+00
    outer loop
      vertex   4.484835e+01 1.020291e+01 5.200000e+01
      vertex   4.548244e+01 1.042478e+01 5.500000e+01
      vertex   4.484835e+01 1.020291e+01 5.500000e+01
    endloop
  endfacet
  facet normal 5.320321e-01 -8.467242e-01 0.000000e+00
    outer loop
      vertex   4.484835e+01 1.020291e+01 5.200000e+01
      vertex   4.484835e+01 1.020291e+01 5.500000e+01
      vertex   4.427953e+01 9.845495e+00 5.200000e+01
    endloop
  endfacet
  facet normal 5.320321e-01 -8.467242e-01 0.000000e+00
    outer loop
      vertex   4.427953e+01 9.845495e+00 5.200000e+01
      vertex   4.484835e+01 1.020291e+01 5.500000e+01
      vertex   4.427953e+01 9.845495e+00 5.500000e+01
    endloop
  endfacet
  facet normal 7.071068e-01 -7.071068e-01 0.000000e+00
    outer loop
      vertex   4.427953e+01 9.845495e+00 5.200000e+01
      vertex   4.427953e+01 9.845495e+00 5.500000e+01
      vertex   4.380451e+01 9.370470e+00 5.200000e+01
    endloop
  endfacet
  facet normal 7.071068e-01 -7.071068e-01 0.000000e+00
    outer loop
      vertex   4.380451e+01 9.370470e+00 5.200000e+01
      vertex   4.427953e+01 9.845495e+00 5.500000e+01
      vertex   4.380451e+01 9.370470e+00 5.500000e+01
    endloop
  endfacet
  facet normal 8.467242e-01 -5.320321e-01 0.000000e+00
    outer loop
      vertex   4.380451e+01 9.370470e+00 5.200000e+01
      vertex   4.380451e+01 9.370470e+00 5.500000e+01
      vertex   4.344709e+01 8.801651e+00 5.200000e+01
    endloop
  endfacet
  facet normal 8.467242e-01 -5.320321e-01 0.000000e+00
    outer loop
      vertex   4.344709e+01 8.801651e+00 5.200000e+01
      vertex   4.380451e+01 9.370470e+00 5.500000e+01
      vertex   4.344709e+01 8.801651e+00 5.500000e+01
    endloop
  endfacet
  facet normal 9.438833e-01 -3.302791e-01 0.000000e+00
    outer loop
      vertex   4.344709e+01 8.801651e+00 5.200000e+01
      vertex   4.344709e+01 8.801651e+00 5.500000e+01
      vertex   4.322522e+01 8.167563e+00 5.200000e+01
    endloop
  endfacet
  facet normal 9.438833e-01 -3.302791e-01 0.000000e+00
    outer loop
      vertex   4.322522e+01 8.167563e+00 5.200000e+01
      vertex   4.344709e+01 8.801651e+00 5.500000e+01
      vertex   4.322522e+01 8.167563e+00 5.500000e+01
    endloop
  endfacet
  facet normal 9.937122e-01 -1.119645e-01 0.000000e+00
    outer loop
      vertex   4.322522e+01 8.167563e+00 5.200000e+01
      vertex   4.322522e+01 8.167563e+00 5.500000e+01
      vertex   4.315000e+01 7.500000e+00 5.200000e+01
    endloop
  endfacet
  facet normal 9.937122e-01 -1.119645e-01 0.000000e+00
    outer loop
      vertex   4.315000e+01 7.500000e+00 5.200000e+01
      vertex   4.322522e+01 8.167563e+00 5.500000e+01
      vertex   4.315000e+01 7.500000e+00 5.500000e+01
    endloop
  endfacet
  facet normal 9.937122e-01 1.119645e-01 -0.000000e+00
    outer loop
      vertex   4.315000e+01 7.500000e+00 5.200000e+01
      vertex   4.315000e+01 7.500000e+00 5.500000e+01
      vertex   4.322522e+01 6.832437e+00 5.200000e+01
    endloop
  endfacet
  facet normal 9.937122e-01 1.119645e-01 -0.000000e+00
    outer loop
      vertex   4.322522e+01 6.832437e+00 5.200000e+01
      vertex   4.315000e+01 7.500000e+00 5.500000e+01
      vertex   4.322522e+01 6.832437e+00 5.500000e+01
    endloop
  endfacet
  facet normal 9.438833e-01 3.302791e-01 -0.000000e+00
    outer loop
      vertex   4.322522e+01 6.832437e+00 5.200000e+01
      vertex   4.322522e+01 6.832437e+00 5.500000e+01
      vertex   4.344709e+01 6.198349e+00 5.200000e+01
    endloop
  endfacet
  facet normal 9.438833e-01 3.302791e-01 -0.000000e+00
    outer loop
      vertex   4.344709e+01 6.198349e+00 5.200000e+01
      vertex   4.322522e+01 6.832437e+00 5.500000e+01
      vertex   4.344709e+01 6.198349e+00 5.500000e+01
    endloop
  endfacet
  facet normal 8.467242e-01 5.320321e-01 -0.000000e+00
    outer loop
      vertex   4.344709e+01 6.198349e+00 5.200000e+01
      vertex   4.344709e+01 6.198349e+00 5.500000e+01
      vertex   4.380451e+01 5.629531e+00 5.200000e+01
    endloop
  endfacet
  facet normal 8.467242e-01 5.320321e-01 -0.000000e+00
    outer loop
      vertex   4.380451e+01 5.629531e+00 5.200000e+01
      vertex   4.344709e+01 6.198349e+00 5.500000e+01
      vertex   4.380451e+01 5.629531e+00 5.500000e+01
    endloop
  endfacet
  facet normal 7.071068e-01 7.071068e-01 -0.000000e+00
    outer loop
      vertex   4.380451e+01 5.629531e+00 5.200000e+01
      vertex   4.380451e+01 5.629531e+00 5.500000e+01
      vertex   4.427953e+01 5.154506e+00 5.200000e+01
    endloop
  endfacet
  facet normal 7.071068e-01 7.071068e-01 -0.000000e+00
    outer loop
      vertex   4.427953e+01 5.154506e+00 5.200000e+01
      vertex   4.380451e+01 5.629531e+00 5.500000e+01
      vertex   4.427953e+01 5.154506e+00 5.500000e+01
    endloop
  endfacet
  facet normal 5.320321e-01 8.467242e-01 -0.000000e+00
    outer loop
      vertex   4.427953e+01 5.154506e+00 5.200000e+01
      vertex   4.427953e+01 5.154506e+00 5.500000e+01
      vertex   4.484835e+01 4.797094e+00 5.200000e+01
    endloop
  endfacet
  facet normal 5.320321e-01 8.467242e-01 -0.000000e+00
    outer loop
      vertex   4.484835e+01 4.797094e+00 5.200000e+01
      vertex   4.427953e+01 5.154506e+00 5.500000e+01
      vertex   4.484835e+01 4.797094e+00 5.500000e+01
    endloop
  endfacet
  facet normal 3.302791e-01 9.438833e-01 -0.000000e+00
    outer loop
      vertex   4.484835e+01 4.797094e+00 5.200000e+01
      vertex   4.484835e+01 4.797094e+00 5.500000e+01
      vertex   4.548244e+01 4.575216e+00 5.200000e+01
    endloop
  endfacet
  facet normal 3.302791e-01 9.438833e-01 -0.000000e+00
    outer loop
      vertex   4.548244e+01 4.575216e+00 5.200000e+01
      vertex   4.484835e+01 4.797094e+00 5.500000e+01
      vertex   4.548244e+01 4.575216e+00 5.500000e+01
    endloop
  endfacet
  facet normal 1.119645e-01 9.937122e-01 -0.000000e+00
    outer loop
      vertex   4.548244e+01 4.575216e+00 5.200000e+01
      vertex   4.548244e+01 4.575216e+00 5.500000e+01
      vertex   4.615000e+01 4.500000e+00 5.200000e+01
    endloop
  endfacet
  facet normal 1.119645e-01 9.937122e-01 -0.000000e+00
    outer loop
      vertex   4.615000e+01 4.500000e+00 5.200000e+01
      vertex   4.548244e+01 4.575216e+00 5.500000e+01
      vertex   4.615000e+01 4.500000e+00 5.500000e+01
    endloop
  endfacet
  facet normal -1.119645e-01 9.937122e-01 0.000000e+00
    outer loop
      vertex   4.615000e+01 4.500000e+00 5.200000e+01
      vertex   4.615000e+01 4.500000e+00 5.500000e+01
      vertex   4.681756e+01 4.575216e+00 5.200000e+01
    endloop
  endfacet
  facet normal -1.119645e-01 9.937122e-01 0.000000e+00
    outer loop
      vertex   4.681756e+01 4.575216e+00 5.200000e+01
      vertex   4.615000e+01 4.500000e+00 5.500000e+01
      vertex   4.681756e+01 4.575216e+00 5.500000e+01
    endloop
  endfacet
  facet normal -3.302791e-01 9.438833e-01 0.000000e+00
    outer loop
      vertex   4.681756e+01 4.575216e+00 5.200000e+01
      vertex   4.681756e+01 4.575216e+00 5.500000e+01
      vertex   4.745165e+01 4.797094e+00 5.200000e+01
    endloop
  endfacet
  facet normal -3.302791e-01 9.438833e-01 0.000000e+00
    outer loop
      vertex   4.745165e+01 4.797094e+00 5.200000e+01
      vertex   4.681756e+01 4.575216e+00 5.500000e+01
      vertex   4.745165e+01 4.797094e+00 5.500000e+01
    endloop
  endfacet
  facet normal -5.320321e-01 8.467242e-01 0.000000e+00
    outer loop
      vertex   4.745165e+01 4.797094e+00 5.200000e+01
      vertex   4.745165e+01 4.797094e+00 5.500000e+01
      vertex   4.802047e+01 5.154506e+00 5.200000e+01
    endloop
  endfacet
  facet normal -5.320321e-01 8.467242e-01 0.000000e+00
    outer loop
      vertex   4.802047e+01 5.154506e+00 5.200000e+01
      vertex   4.745165e+01 4.797094e+00 5.500000e+01
      vertex   4.802047e+01 5.154506e+00 5.500000e+01
    endloop
  endfacet
  facet normal -7.071068e-01 7.071068e-01 0.000000e+00
    outer loop
      vertex   4.802047e+01 5.154506e+00 5.200000e+01
      vertex   4.802047e+01 5.154506e+00 5.500000e+01
      vertex   4.849549e+01 5.629531e+00 5.200000e+01
    endloop
  endfacet
  facet normal -7.071068e-01 7.071068e-01 0.000000e+00
    outer loop
      vertex   4.849549e+01 5.629531e+00 5.200000e+01
      vertex   4.802047e+01 5.154506e+00 5.500000e+01
      vertex   4.849549e+01 5.629531e+00 5.500000e+01
    endloop
  endfacet
  facet normal -8.467242e-01 5.320321e-01 0.000000e+00
    outer loop
      vertex   4.849549e+01 5.629531e+00 5.200000e+01
      vertex   4.849549e+01 5.629531e+00 5.500000e+01
      vertex   4.885291e+01 6.198349e+00 5.200000e+01
    endloop
  endfacet
  facet normal -8.467242e-01 5.320321e-01 0.000000e+00
    outer loop
      vertex   4.885291e+01 6.198349e+00 5.200000e+01
      vertex   4.849549e+01 5.629531e+00 5.500000e+01
      vertex   4.885291e+01 6.198349e+00 5.500000e+01
    endloop
  endfacet
  facet normal -9.438833e-01 3.302791e-01 0.000000e+00
    outer loop
      vertex   4.885291e+01 6.198349e+00 5.200000e+01
      vertex   4.885291e+01 6.198349e+00 5.500000e+01
      vertex   4.907478e+01 6.832437e+00 5.200000e+01
    endloop
  endfacet
  facet normal -9.438833e-01 3.302791e-01 0.000000e+00
    outer loop
      vertex   4.907478e+01 6.832437e+00 5.200000e+01
      vertex   4.885291e+01 6.198349e+00 5.500000e+01
      vertex   4.907478e+01 6.832437e+00 5.500000e+01
    endloop
  endfacet
  facet normal -9.937122e-01 1.119645e-01 0.000000e+00
    outer loop
      vertex   2.507478e+01 6.832437e+00 5.200000e+01
      vertex   2.507478e+01 6.832437e+00 5.500000e+01
      vertex   2.515000e+01 7.500000e+00 5.200000e+01
    endloop
  endfacet
  facet normal -9.937122e-01 1.119645e-01 0.000000e+00
    outer loop
      vertex   2.515000e+01 7.500000e+00 5.200000e+01
      vertex   2.507478e+01 6.832437e+00 5.500000e+01
      vertex   2.515000e+01 7.500000e+00 5.500000e+01
    endloop
  endfacet
  facet normal -9.937122e-01 -1.119645e-01 0.000000e+00
    outer loop
      vertex   2.515000e+01 7.500000e+00 5.200000e+01
      vertex   2.515000e+01 7.500000e+00 5.500000e+01
      vertex   2.507478e+01 8.167563e+00 5.200000e+01
    endloop
  endfacet
  facet normal -9.937122e-01 -1.119645e-01 0.000000e+00
    outer loop
      vertex   2.507478e+01 8.167563e+00 5.200000e+01
      vertex   2.515000e+01 7.500000e+00 5.500000e+01
      vertex   2.507478e+01 8.167563e+00 5.500000e+01
    endloop
  endfacet
  facet normal -9.438833e-01 -3.302791e-01 0.000000e+00
    outer loop
      vertex   2.507478e+01 8.167563e+00 5.200000e+01
      vertex   2.507478e+01 8.167563e+00 5.500000e+01
      vertex   2.485291e+01 8.801651e+00 5.200000e+01
    endloop
  endfacet
  facet normal -9.438833e-01 -3.302791e-01 0.000000e+00
    outer loop
      vertex   2.485291e+01 8.801651e+00 5.200000e+01
      vertex   2.507478e+01 8.167563e+00 5.500000e+01
      vertex   2.485291e+01 8.801651e+00 5.500000e+01
    endloop
  endfacet
  facet normal -8.467242e-01 -5.320321e-01 0.000000e+00
    outer loop
      vertex   2.485291e+01 8.801651e+00 5.200000e+01
      vertex   2.485291e+01 8.801651e+00 5.500000e+01
      vertex   2.449549e+01 9.370469e+00 5.200000e+01
    endloop
  endfacet
  facet normal -8.467242e-01 -5.320321e-01 0.000000e+00
    outer loop
      vertex   2.449549e+01 9.370469e+00 5.200000e+01
      vertex   2.485291e+01 8.801651e+00 5.500000e+01
      vertex   2.449549e+01 9.370469e+00 5.500000e+01
    endloop
  endfacet
  facet normal -7.071068e-01 -7.071068e-01 0.000000e+00
    outer loop
      vertex   2.449549e+01 9.370469e+00 5.200000e+01
      vertex   2.449549e+01 9.370469e+00 5.500000e+01
      vertex   2.402047e+01 9.845494e+00 5.200000e+01
    endloop
  endfacet
  facet normal -7.071068e-01 -7.071068e-01 0.000000e+00
    outer loop
      vertex   2.402047e+01 9.845494e+00 5.200000e+01
      vertex   2.449549e+01 9.370469e+00 5.500000e+01
      vertex   2.402047e+01 9.845494e+00 5.500000e+01
    endloop
  endfacet
  facet normal -5.320321e-01 -8.467242e-01 0.000000e+00
    outer loop
      vertex   2.402047e+01 9.845494e+00 5.200000e+01
      vertex   2.402047e+01 9.845494e+00 5.500000e+01
      vertex   2.345165e+01 1.020291e+01 5.200000e+01
    endloop
  endfacet
  facet normal -5.320321e-01 -8.467242e-01 0.000000e+00
    outer loop
      vertex   2.345165e+01 1.020291e+01 5.200000e+01
      vertex   2.402047e+01 9.845494e+00 5.500000e+01
      vertex   2.345165e+01 1.020291e+01 5.500000e+01
    endloop
  endfacet
  facet normal -3.302791e-01 -9.438833e-01 0.000000e+00
    outer loop
      vertex   2.345165e+01 1.020291e+01 5.200000e+01
      vertex   2.345165e+01 1.020291e+01 5.500000e+01
      vertex   2.281756e+01 1.042478e+01 5.200000e+01
    endloop
  endfacet
  facet normal -3.302791e-01 -9.438833e-01 0.000000e+00
    outer loop
      vertex   2.281756e+01 1.042478e+01 5.200000e+01
      vertex   2.345165e+01 1.020291e+01 5.500000e+01
      vertex   2.281756e+01 1.042478e+01 5.500000e+01
    endloop
  endfacet
  facet normal -1.119645e-01 -9.937122e-01 0.000000e+00
    outer loop
      vertex   2.281756e+01 1.042478e+01 5.200000e+01
      vertex   2.281756e+01 1.042478e+01 5.500000e+01
      vertex   2.215000e+01 1.050000e+01 5.200000e+01
    endloop
  endfacet
  facet normal -1.119645e-01 -9.937122e-01 0.000000e+00
    outer loop
      vertex   2.215000e+01 1.050000e+01 5.200000e+01
      vertex   2.281756e+01 1.042478e+01 5.500000e+01
      vertex   2.215000e+01 1.050000e+01 5.500000e+01
    endloop
  endfacet
  facet normal 1.119645e-01 -9.937122e-01 0.000000e+00
    outer loop
      vertex   2.215000e+01 1.050000e+01 5.200000e+01
      vertex   2.215000e+01 1.050000e+01 5.500000e+01
      vertex   2.148244e+01 1.042478e+01 5.200000e+01
    endloop
  endfacet
  facet normal 1.119645e-01 -9.937122e-01 0.000000e+00
    outer loop
      vertex   2.148244e+01 1.042478e+01 5.200000e+01
      vertex   2.215000e+01 1.050000e+01 5.500000e+01
      vertex   2.148244e+01 1.042478e+01 5.500000e+01
    endloop
  endfacet
  facet normal 3.302791e-01 -9.438833e-01 0.000000e+00
    outer loop
      vertex   2.148244e+01 1.042478e+01 5.200000e+01
      vertex   2.148244e+01 1.042478e+01 5.500000e+01
      vertex   2.084835e+01 1.020291e+01 5.200000e+01
    endloop
  endfacet
  facet normal 3.302791e-01 -9.438833e-01 0.000000e+00
    outer loop
      vertex   2.084835e+01 1.020291e+01 5.200000e+01
      vertex   2.148244e+01 1.042478e+01 5.500000e+01
      vertex   2.084835e+01 1.020291e+01 5.500000e+01
    endloop
  endfacet
  facet normal 5.320321e-01 -8.467242e-01 0.000000e+00
    outer loop
      vertex   2.084835e+01 1.020291e+01 5.200000e+01
      vertex   2.084835e+01 1.020291e+01 5.500000e+01
      vertex   2.027953e+01 9.845494e+00 5.200000e+01
    endloop
  endfacet
  facet normal 5.320321e-01 -8.467242e-01 0.000000e+00
    outer loop
      vertex   2.027953e+01 9.845494e+00 5.200000e+01
      vertex   2.084835e+01 1.020291e+01 5.500000e+01
      vertex   2.027953e+01 9.845494e+00 5.500000e+01
    endloop
  endfacet
  facet normal 7.071068e-01 -7.071068e-01 0.000000e+00
    outer loop
      vertex   2.027953e+01 9.845494e+00 5.200000e+01
      vertex   2.027953e+01 9.845494e+00 5.500000e+01
      vertex   1.980451e+01 9.370469e+00 5.200000e+01
    endloop
  endfacet
  facet normal 7.071068e-01 -7.071068e-01 0.000000e+00
    outer loop
      vertex   1.980451e+01 9.370469e+00 5.200000e+01
      vertex   2.027953e+01 9.845494e+00 5.500000e+01
      vertex   1.980451e+01 9.370469e+00 5.500000e+01
    endloop
  endfacet
  facet normal 8.467242e-01 -5.320321e-01 0.000000e+00
    outer loop
      vertex   1.980451e+01 9.370469e+00 5.200000e+01
      vertex   1.980451e+01 9.370469e+00 5.500000e+01
      vertex   1.944709e+01 8.801651e+00 5.200000e+01
    endloop
  endfacet
  facet normal 8.467242e-01 -5.320321e-01 0.000000e+00
    outer loop
      vertex   1.944709e+01 8.801651e+00 5.200000e+01
      vertex   1.980451e+01 9.370469e+00 5.500000e+01
      vertex   1.944709e+01 8.801651e+00 5.500000e+01
    endloop
  endfacet
  facet normal 9.438833e-01 -3.302791e-01 0.000000e+00
    outer loop
      vertex   1.944709e+01 8.801651e+00 5.200000e+01
      vertex   1.944709e+01 8.801651e+00 5.500000e+01
      vertex   1.922522e+01 8.167563e+00 5.200000e+01
    endloop
  endfacet
  facet normal 9.438833e-01 -3.302791e-01 0.000000e+00
    outer loop
      vertex   1.922522e+01 8.167563e+00 5.200000e+01
      vertex   1.944709e+01 8.801651e+00 5.500000e+01
      vertex   1.922522e+01 8.167563e+00 5.500000e+01
    endloop
  endfacet
  facet normal 9.937122e-01 -1.119645e-01 0.000000e+00
    outer loop
      vertex   1.922522e+01 8.167563e+00 5.200000e+01
      vertex   1.922522e+01 8.167563e+00 5.500000e+01
      vertex   1.915000e+01 7.500000e+00 5.200000e+01
    endloop
  endfacet
  facet normal 9.937122e-01 -1.119645e-01 0.000000e+00
    outer loop
      vertex   1.915000e+01 7.500000e+00 5.200000e+01
      vertex   1.922522e+01 8.167563e+00 5.500000e+01
      vertex   1.915000e+01 7.500000e+00 5.500000e+01
    endloop
  endfacet
  facet normal 9.937122e-01 1.119645e-01 -0.000000e+00
    outer loop
      vertex   1.915000e+01 7.500000e+00 5.200000e+01
      vertex   1.915000e+01 7.500000e+00 5.500000e+01
      vertex   1.922522e+01 6.832437e+00 5.200000e+01
    endloop
  endfacet
  facet normal 9.937122e-01 1.119645e-01 -0.000000e+00
    outer loop
      vertex   1.922522e+01 6.832437e+00 5.200000e+01
      vertex   1.915000e+01 7.500000e+00 5.500000e+01
      vertex   1.922522e+01 6.832437e+00 5.500000e+01
    endloop
  endfacet
  facet normal 9.438833e-01 3.302791e-01 -0.000000e+00
    outer loop
      vertex   1.922522e+01 6.832437e+00 5.200000e+01
      vertex   1.922522e+01 6.832437e+00 5.500000e+01
      vertex   1.944709e+01 6.198349e+00 5.200000e+01
    endloop
  endfacet
  facet normal 9.438833e-01 3.302791e-01 -0.000000e+00
    outer loop
      vertex   1.944709e+01 6.198349e+00 5.200000e+01
      vertex   1.922522e+01 6.832437e+00 5.500000e+01
      vertex   1.944709e+01 6.198349e+00 5.500000e+01
    endloop
  endfacet
  facet normal 8.467242e-01 5.320321e-01 -0.000000e+00
    outer loop
      vertex   1.944709e+01 6.198349e+00 5.200000e+01
      vertex   1.944709e+01 6.198349e+00 5.500000e+01
      vertex   1.980451e+01 5.629531e+00 5.200000e+01
    endloop
  endfacet
  facet normal 8.467242e-01 5.320321e-01 -0.000000e+00
    outer loop
      vertex   1.980451e+01 5.629531e+00 5.200000e+01
      vertex   1.944709e+01 6.198349e+00 5.500000e+01
      vertex   1.980451e+01 5.629531e+00 5.500000e+01
    endloop
  endfacet
  facet normal 7.071068e-01 7.071068e-01 -0.000000e+00
    outer loop
      vertex   1.980451e+01 5.629531e+00 5.200000e+01
      vertex   1.980451e+01 5.629531e+00 5.500000e+01
      vertex   2.027953e+01 5.154506e+00 5.200000e+01
    endloop
  endfacet
  facet normal 7.071068e-01 7.071068e-01 -0.000000e+00
    outer loop
      vertex   2.027953e+01 5.154506e+00 5.200000e+01
      vertex   1.980451e+01 5.629531e+00 5.500000e+01
      vertex   2.027953e+01 5.154506e+00 5.500000e+01
    endloop
  endfacet
  facet normal 5.320321e-01 8.467242e-01 -0.000000e+00
    outer loop
      vertex   2.027953e+01 5.154506e+00 5.200000e+01
      vertex   2.027953e+01 5.154506e+00 5.500000e+01
      vertex   2.084835e+01 4.797093e+00 5.200000e+01
    endloop
  endfacet
  facet normal 5.320321e-01 8.467242e-01 -0.000000e+00
    outer loop
      vertex   2.084835e+01 4.797093e+00 5.200000e+01
      vertex   2.027953e+01 5.154506e+00 5.500000e+01
      vertex   2.084835e+01 4.797093e+00 5.500000e+01
    endloop
  endfacet
  facet normal 3.302791e-01 9.438833e-01 -0.000000e+00
    outer loop
      vertex   2.084835e+01 4.797093e+00 5.200000e+01
      vertex   2.084835e+01 4.797093e+00 5.500000e+01
      vertex   2.148244e+01 4.575216e+00 5.200000e+01
    endloop
  endfacet
  facet normal 3.302791e-01 9.438833e-01 -0.000000e+00
    outer loop
      vertex   2.148244e+01 4.575216e+00 5.200000e+01
      vertex   2.084835e+01 4.797093e+00 5.500000e+01
      vertex   2.148244e+01 4.575216e+00 5.500000e+01
    endloop
  endfacet
  facet normal 1.119645e-01 9.937122e-01 -0.000000e+00
    outer loop
      vertex   2.148244e+01 4.575216e+00 5.200000e+01
      vertex   2.148244e+01 4.575216e+00 5.500000e+01
      vertex   2.215000e+01 4.500000e+00 5.200000e+01
    endloop
  endfacet
  facet normal 1.119645e-01 9.937122e-01 -0.000000e+00
    outer loop
      vertex   2.215000e+01 4.500000e+00 5.200000e+01
      vertex   2.148244e+01 4.575216e+00 5.500000e+01
      vertex   2.215000e+01 4.500000e+00 5.500000e+01
    endloop
  endfacet
  facet normal -1.119645e-01 9.937122e-01 0.000000e+00
    outer loop
      vertex   2.215000e+01 4.500000e+00 5.200000e+01
      vertex   2.215000e+01 4.500000e+00 5.500000e+01
      vertex   2.281756e+01 4.575216e+00 5.200000e+01
    endloop
  endfacet
  facet normal -1.119645e-01 9.937122e-01 0.000000e+00
    outer loop
      vertex   2.281756e+01 4.575216e+00 5.200000e+01
      vertex   2.215000e+01 4.500000e+00 5.500000e+01
      vertex   2.281756e+01 4.575216e+00 5.500000e+01
    endloop
  endfacet
  facet normal -3.302791e-01 9.438833e-01 0.000000e+00
    outer loop
      vertex   2.281756e+01 4.575216e+00 5.200000e+01
      vertex   2.281756e+01 4.575216e+00 5.500000e+01
      vertex   2.345165e+01 4.797093e+00 5.200000e+01
    endloop
  endfacet
  facet normal -3.302791e-01 9.438833e-01 0.000000e+00
    outer loop
      vertex   2.345165e+01 4.797093e+00 5.200000e+01
      vertex   2.281756e+01 4.575216e+00 5.500000e+01
      vertex   2.345165e+01 4.797093e+00 5.500000e+01
    endloop
  endfacet
  facet normal -5.320321e-01 8.467242e-01 0.000000e+00
    outer loop
      vertex   2.345165e+01 4.797093e+00 5.200000e+01
      vertex   2.345165e+01 4.797093e+00 5.500000e+01
      vertex   2.402047e+01 5.154506e+00 5.200000e+01
    endloop
  endfacet
  facet normal -5.320321e-01 8.467242e-01 0.000000e+00
    outer loop
      vertex   2.402047e+01 5.154506e+00 5.200000e+01
      vertex   2.345165e+01 4.797093e+00 5.500000e+01
      vertex   2.402047e+01 5.154506e+00 5.500000e+01
    endloop
  endfacet
  facet normal -7.071068e-01 7.071068e-01 0.000000e+00
    outer loop
      vertex   2.402047e+01 5.154506e+00 5.200000e+01
      vertex   2.402047e+01 5.154506e+00 5.500000e+01
      vertex   2.449549e+01 5.629531e+00 5.200000e+01
    endloop
  endfacet
  facet normal -7.071068e-01 7.071068e-01 0.000000e+00
    outer loop
      vertex   2.449549e+01 5.629531e+00 5.200000e+01
      vertex   2.402047e+01 5.154506e+00 5.500000e+01
      vertex   2.449549e+01 5.629531e+00 5.500000e+01
    endloop
  endfacet
  facet normal -8.467242e-01 5.320321e-01 0.000000e+00
    outer loop
      vertex   2.449549e+01 5.629531e+00 5.200000e+01
      vertex   2.449549e+01 5.629531e+00 5.500000e+01
      vertex   2.485291e+01 6.198349e+00 5.200000e+01
    endloop
  endfacet
  facet normal -8.467242e-01 5.320321e-01 0.000000e+00
    outer loop
      vertex   2.485291e+01 6.198349e+00 5.200000e+01
      vertex   2.449549e+01 5.629531e+00 5.500000e+01
      vertex   2.485291e+01 6.198349e+00 5.500000e+01
    endloop
  endfacet
  facet normal -9.438833e-01 3.302791e-01 0.000000e+00
    outer loop
      vertex   2.485291e+01 6.198349e+00 5.200000e+01
      vertex   2.485291e+01 6.198349e+00 5.500000e+01
      vertex   2.507478e+01 6.832437e+00 5.200000e+01
    endloop
  endfacet
  facet normal -9.438833e-01 3.302791e-01 0.000000e+00
    outer loop
      vertex   2.507478e+01 6.832437e+00 5.200000e+01
      vertex   2.485291e+01 6.198349e+00 5.500000e+01
      vertex   2.507478e+01 6.832437e+00 5.500000e+01
    endloop
  endfacet
endsolid
